source_name,subfield_name,field_eb,v,n_works,n_hcw,propensity,propensity_fitted,residual_sd,flagged,cartel_candidate
Academy of Management Annals,Organizational Behavior and Human Resource Management,B,7.583603750616214,267,59,0.2209737827715356,0.06472039307297145,11.468846877612696,True,False
Journal of Innovation & Knowledge,Strategy and Management,B,0.6765963772228254,627,53,0.08452950558213716,0.0021413495868256925,6.047210543476477,True,True
Journal of the Academy of Marketing Science,Marketing,B,2.544079965407298,636,71,0.11163522012578617,0.03018465710051865,5.978392131103442,True,False
Business Strategy and the Environment,Marketing,B,1.1905188717470765,2044,163,0.07974559686888454,0.008094304030277786,5.259135227301372,True,True
International Review of Financial Analysis,Accounting,A,0.8215194543021412,2671,193,0.07225758143017597,0.0029289468520875364,5.088654369316173,True,True
Journal of Retailing and Consumer Services,Marketing,B,1.1382746630539171,2841,212,0.07462161210841253,0.007236744722078953,4.945983747379781,True,True
Journal of Management,Organizational Behavior and Human Resource Management,B,3.554691398224648,836,89,0.10645933014354067,0.04099793876310647,4.804802478755918,True,False
International Journal of Management Reviews,Strategy and Management,B,2.0732491187148985,292,26,0.08904109589041095,0.02368563736435637,4.797027110243708,True,False
The Quarterly Journal of Economics,Economics and Econometrics,E,15.138935069303123,438,66,0.1506849315068493,0.08646347787850855,4.713792253352394,True,False
Journal of International Business Studies,Strategy and Management,B,3.0532456846017477,800,80,0.1,0.03613826200082114,4.68738947592593,True,False
Entrepreneurship Theory and Practice,Management of Technology and Innovation,B,3.357906446724471,515,50,0.0970873786407767,0.039184230793215064,4.250034752376038,True,False
Energy Economics,Economics and Econometrics,E,1.1341678309965508,4508,288,0.06388642413487133,0.00716678177928777,4.163166599995502,True,True
Journal of Marketing,Management of Technology and Innovation,B,8.430711357183892,546,67,0.1227106227106227,0.06804082483622734,4.012710008154391,True,False
Journal of Business Venturing,Management of Technology and Innovation,B,2.7040968575950375,461,40,0.08676789587852494,0.03220422293226874,4.004920541614985,True,False
Journal of Financial Economics,Accounting,A,8.157744108078392,1340,161,0.12014925373134329,0.0670082702955668,3.9004965148367194,True,False
Technovation,Strategy and Management,B,1.016368103071114,911,53,0.05817782656421515,0.005230280538114439,3.886298397047062,True,True
Finance research letters,Accounting,A,0.7090913443839726,5562,284,0.05106076950737145,0.0022852500372671754,3.5800757043274767,True,True
Corporate Social Responsibility and Environmental Management,Strategy and Management,B,0.7906772232417589,1548,78,0.050387596899224806,0.00271471913856524,3.499142874960469,True,True
Technological Forecasting and Social Change,Strategy and Management,B,1.0914544824623742,5162,278,0.053855094924447885,0.006446584745034842,3.479738551543419,True,True
Journal of Retailing,Marketing,B,2.5395756424533245,477,36,0.07547169811320754,0.030126964050198785,3.3282593912232743,True,False
California Management Review,Strategy and Management,B,2.071997905611588,280,19,0.06785714285714285,0.023667204676016757,3.243498496309187,True,False
Supply Chain Management An International Journal,Management Information Systems,B,1.0643379542418958,498,25,0.050200803212851405,0.006014511037977389,3.2432308829953214,True,True
Journal of Product Innovation Management,Strategy and Management,B,1.4696145440262607,455,26,0.05714285714285714,0.013292606142119696,3.218565787548877,True,True
Journal of Service Research,Organizational Behavior and Human Resource Management,B,2.6788850013425,374,28,0.0748663101604278,0.03189961449001801,3.1537136853898446,True,False
Business Horizons,Strategy and Management,B,1.0524768956936907,832,39,0.046875,0.005809585349294072,3.014161507172393,True,True
Academy of Management Journal,Organizational Behavior and Human Resource Management,B,4.641216641881615,753,67,0.08897742363877822,0.04938182297830811,2.906278589399491,True,False
Journal of Accounting Research,Accounting,A,4.587066392122037,374,33,0.08823529411764706,0.049014827063442484,2.8787441474446256,True,False
Journal of service management,Organizational Behavior and Human Resource Management,B,1.8718326154141425,420,25,0.05952380952380952,0.020461231326526313,2.8671552588630345,True,False
Strategic Management Journal,Strategy and Management,B,5.001966925167896,1132,102,0.09010600706713781,0.05171991406746791,2.8175019031094997,True,False
Review of Managerial Science,Accounting,B,0.7666621975829915,667,27,0.04047976011994003,0.002568812426214169,2.7826266996403053,True,True
Journal of Business Research,Marketing,B,1.5585029155350159,6834,359,0.05253146034533216,0.014939807010278767,2.7591908041658813,True,False
The British Accounting Review,Accounting,A,0.8608573920216707,490,20,0.04081632653061224,0.003246909451412007,2.7575586846067264,True,True
Journal of International Financial Markets Institutions and Money,Economics and Econometrics,A,0.7834257890244277,1028,41,0.03988326848249027,0.0026703018429208238,2.731395568917078,True,True
Research in International Business and Finance,Accounting,A,0.6399562015539207,2111,82,0.038844149692089054,0.001989541342493042,2.705092418867296,True,True
Journal of Operations Management,Management Information Systems,B,2.1348394897007927,441,27,0.061224489795918366,0.02460930981112004,2.6875186096890165,True,False
Economic Analysis and Policy,Economics and Econometrics,E,0.492868087878495,1557,59,0.03789338471419396,0.001305629268955928,2.6855056751503623,True,True
Journal of Research in Interactive Marketing,Sociology and Political Science,B,0.9944230950841199,367,15,0.04087193460490463,0.004924865372880288,2.6384799300441566,True,True
The Journal of Economic Perspectives,"General Economics, Econometrics and Finance",E,2.329179554427715,466,29,0.06223175965665236,0.027309206642120127,2.563281435824508,True,False
International Journal of Operations & Production Management,Management Information Systems,B,1.376393714558708,863,39,0.04519119351100811,0.011497522656284306,2.473082680145274,True,True
International Journal of Physical Distribution & Logistics Management,Management Information Systems,B,0.868218135353582,460,17,0.03695652173913044,0.0033227351947003785,2.4686872299956466,True,True
Financial Innovation,Economics and Econometrics,A,0.5952960974553523,656,23,0.0350609756097561,0.0018141635111485104,2.440283681930233,True,True
Journal of Corporate Finance,Accounting,A,2.6305290388855767,1539,99,0.06432748538011696,0.031306962470571416,2.4236742754756375,True,False
Journal of World Business,Strategy and Management,B,2.536773069550118,577,36,0.06239168110918544,0.03009102130895053,2.3708370231801656,True,False
Journal of Knowledge Management,Communication,B,0.9013874978555502,1106,38,0.034358047016274866,0.003698269881954491,2.2503978309437125,True,True
Journal of Management Studies,Organizational Behavior and Human Resource Management,B,2.697832287713154,830,52,0.06265060240963856,0.03212881552556556,2.240269480744439,True,False
Journal of Hospitality Marketing & Management,Organizational Behavior and Human Resource Management,B,1.1995205425069841,441,17,0.03854875283446712,0.008247405931959736,2.224089400432856,True,True
Academy of Management Review,Organizational Behavior and Human Resource Management,B,4.717045932200089,527,42,0.07969639468690702,0.04988840822032035,2.1878772241340734,True,False
International Journal of Consumer Studies,Marketing,B,1.069012412777276,903,32,0.035437430786267994,0.006095349876010236,2.1536802093027565,True,True
International Journal of Production Economics,Management Information Systems,B,1.1346520262865871,2964,106,0.03576248313090418,0.007175184632182032,2.0982799141762523,True,True
Industrial Marketing Management,Organizational Behavior and Human Resource Management,B,1.5970461392951645,1852,80,0.04319654427645788,0.015633530626961177,2.023098402162416,True,False
The Journal of Finance,Finance,A,9.580094500286593,899,89,0.09899888765294772,0.07205421105188192,1.9777130640210172,False,False
Strategic Entrepreneurship Journal,Management of Technology and Innovation,B,2.8475309243658327,297,18,0.06060606060606061,0.03389009170784374,1.9609261410060026,False,False
International Journal of Hospitality Management,Organizational Behavior and Human Resource Management,B,1.2072997992762347,2157,75,0.03477051460361613,0.008385266185004606,1.9366515793648023,False,False
International Review of Economics & Finance,Accounting,A,0.5129731541570298,2738,74,0.02702702702702703,0.0014125814807055702,1.8800753979957265,False,False
Small Business Economics,Management of Technology and Innovation,A,1.3619998986046735,1322,48,0.036308623298033284,0.011224031522930755,1.8411846463687784,False,False
The International Journal of Logistics Management,Management Information Systems,B,0.7402734950225623,624,17,0.027243589743589744,0.002432172785924219,1.8211338803786852,False,False
Journal of Family Business Strategy,Organizational Behavior and Human Resource Management,B,1.457969459920371,295,11,0.03728813559322034,0.013070739610557344,1.7775333183842414,False,False
International Journal of Contemporary Hospitality Management,Organizational Behavior and Human Resource Management,B,1.341078241506242,1858,65,0.03498385360602799,0.010822530027893748,1.7734176584114212,False,False
The Journal of Strategic Information Systems,Management Information Systems,B,1.1821558903885612,256,8,0.03125,0.007956063426881788,1.709752295609687,False,False
Journal of Accounting Literature,Accounting,A,0.15033692919074584,214,5,0.02336448598130841,0.0002762877952847705,1.6946512980378154,False,False
British Journal of Management,Accounting,B,1.173937164591671,749,23,0.030707610146862484,0.00781319152551448,1.6804280664038478,False,False
Journal of Behavioral and Experimental Finance,Finance,A,1.0339675091345002,671,19,0.028315946348733235,0.005509256015441456,1.673988895359348,False,False
Journal of Business Logistics,Management Information Systems,B,1.6617520186451658,279,11,0.03942652329749104,0.016819331537218197,1.6593458940736134,False,False
Global Journal of Flexible Systems Management,Management Information Systems,B,0.509948358334693,335,8,0.023880597014925373,0.0013956592711072617,1.6503725681342702,False,False
Psychology and Marketing,Marketing,B,1.2820791665608635,1260,40,0.031746031746031744,0.009707908345998688,1.6175768297411537,False,False
Long Range Planning,Strategy and Management,B,1.3720348533903357,520,17,0.032692307692307694,0.011414637361368314,1.561760313863507,False,False
European Management Journal,Strategy and Management,B,0.8784182229705413,814,20,0.02457002457002457,0.0034360306750146133,1.5512146031638894,False,False
Pacific-Basin Finance Journal,Accounting,A,0.6879131066417287,1632,38,0.023284313725490197,0.0021901567092053424,1.5482906149991422,False,False
Journal of Accounting and Economics,Accounting,A,5.410914816402544,524,39,0.07442748091603053,0.05417136362716008,1.4867793138388041,False,False
Journal of Multinational Financial Management,Accounting,A,0.7969540526583498,262,6,0.022900763358778626,0.0027538690277944043,1.4787624549281995,False,False
European Research on Management and Business Economics,Management of Technology and Innovation,A,0.5381061086219021,231,5,0.021645021645021644,0.0015437477526650926,1.4754139590899995,False,False
Global Finance Journal,Accounting,A,0.5847175080732518,556,12,0.02158273381294964,0.001769451413796953,1.4542756635049758,False,False
Journal of Intellectual Capital,Strategy and Management,B,0.9018775170707717,496,11,0.02217741935483871,0.003702515856300408,1.3560399535150307,False,False
Journal of Business Ethics,Information Systems and Management,B,1.3694746566091636,3325,99,0.029774436090225564,0.01136616467404818,1.3511492234565783,False,False
Organization & Environment,Marketing,B,1.2618815185820653,253,7,0.02766798418972332,0.00934344602530409,1.3450032841919553,False,False
Sustainability Accounting Management and Policy Journal,Strategy and Management,B,0.5675749543335458,450,9,0.02,0.0016899532543216192,1.3439396281464844,False,False
International Small Business Journal Researching Entrepreneurship,Management of Technology and Innovation,B,1.1802816357805994,459,12,0.026143790849673203,0.00792533423903453,1.3372170012882978,False,False
International Business Review,Strategy and Management,B,1.5632607922823063,885,29,0.0327683615819209,0.015024295285557657,1.3023972134734967,False,False
Review of Financial Studies,Finance,A,7.133916289101791,1168,94,0.08047945205479452,0.06280588131293435,1.2972229083162907,False,False
International Journal of Bank Marketing,Organizational Behavior and Human Resource Management,B,0.6514015328257811,723,14,0.019363762102351315,0.002034706700174845,1.2719358173581776,False,False
Journal of International Business Policy,Strategy and Management,B,2.3731407915873777,201,9,0.04477611940298507,0.027917753096261655,1.237387695406218,False,False
Production Planning & Control,Management Information Systems,B,1.0729357491555573,1087,25,0.022999080036798528,0.006163145323161084,1.2357412382841022,False,False
Journal of Manufacturing Technology Management,Management Information Systems,B,0.6827296551830995,685,13,0.01897810218978102,0.0021673186478110905,1.2338951667383664,False,False
Journal of Sustainable Finance & Investment,Strategy and Management,B,0.6739114761254108,387,7,0.01808785529715762,0.002129278372433155,1.171344029638994,False,False
Journal of Financial Stability,Finance,A,1.3621385208224261,738,20,0.02710027100271003,0.011226710422655495,1.1651039126022067,False,False
Journal of Consumer Research,Marketing,B,3.1235944610780044,721,38,0.052704576976421634,0.03686868973360425,1.1623387262790488,False,False
Academy of Management Perspectives,Strategy and Management,B,2.4083269630632156,340,15,0.04411764705882353,0.02838919731331268,1.1544529184389782,False,False
Research Policy,Strategy and Management,A,2.3604489261291315,1576,68,0.04314720812182741,0.02774697648819935,1.1303620281555435,False,False
International Marketing Review,Strategy and Management,B,0.720625894055627,513,9,0.017543859649122806,0.0023403191277228098,1.1159250917621455,False,False
The Leadership Quarterly,Organizational Behavior and Human Resource Management,B,3.0386475286601393,528,27,0.05113636363636364,0.0359843523935304,1.112142892817623,False,False
Business Process Management Journal,Management Information Systems,B,0.3695067523838436,896,14,0.015625,0.0009587998830319681,1.0764848285366666,False,False
Borsa Istanbul Review,Economics and Econometrics,A,0.3830239417277668,575,9,0.01565217391304348,0.0009949307700477025,1.0758273953560316,False,False
Corporate Governance An International Review,Accounting,B,0.996941506906479,459,9,0.0196078431372549,0.004960527393913559,1.075098733873876,False,False
Global Strategy Journal,Strategy and Management,B,2.2292679526761696,272,11,0.04044117647058824,0.025940382623091045,1.0643441691831779,False,False
Management Review Quarterly,Strategy and Management,B,0.6174628600373306,370,6,0.016216216216216217,0.0019023990296938664,1.0506202640663376,False,False
Journal of International Marketing,Strategy and Management,B,1.1444263998686544,234,5,0.021367521367521368,0.007329959003589339,1.0303434286927011,False,False
Service Industries Journal,Organizational Behavior and Human Resource Management,B,0.9199508123622905,559,10,0.017889087656529516,0.003913023429730099,1.0258295252222356,False,False
Organizational Research Methods,Organizational Behavior and Human Resource Management,B,3.600421895524462,308,17,0.05519480519480519,0.04140252938104517,1.0123396344039015,False,False
Human Resource Management Review,Organizational Behavior and Human Resource Management,B,1.7817899093556708,398,13,0.032663316582914576,0.01892976449056566,1.0080293703498107,False,False
The Journal of Technology Transfer,Strategy and Management,B,0.8539472212827518,771,13,0.016861219195849545,0.0031904768525205717,1.0034191958421044,False,False
Eurasian Economic Review,Accounting,B,0.7160931374766277,255,4,0.01568627450980392,0.002317977524099339,0.9812200006622072,False,False
Journal of strategy and management,Strategy and Management,B,0.39692958392105887,352,5,0.014204545454545454,0.0010295623778139766,0.9670309477040449,False,False
Journal of Interactive Marketing,Sociology and Political Science,B,3.715112389435375,325,18,0.055384615384615386,0.042393533155741334,0.9535328042793885,False,False
Journal of commodity markets,Economics and Econometrics,A,0.5056985449824088,279,4,0.014336917562724014,0.0013731511041378882,0.9515278532995688,False,False
Electronic Commerce Research and Applications,Sociology and Political Science,B,0.44787268292543436,783,11,0.0140485312899106,0.0011517787998989487,0.946609093164352,False,False
Meditari Accountancy Research,Strategy and Management,B,0.6526271638007172,537,8,0.0148975791433892,0.002039722102026124,0.9437542050518628,False,False
Emerging Markets Review,Accounting,A,0.8328211994809258,630,10,0.015873015873015872,0.0030160962965428495,0.9436853960404367,False,False
Innovation,Strategy and Management,B,0.528363911923787,291,4,0.013745704467353952,0.0014944908642947519,0.8992271665240096,False,False
Journal of International Accounting Auditing and Taxation,Accounting,A,0.7041169203947869,285,4,0.014035087719298246,0.002262713796218882,0.8640807995926542,False,False
Corporate Governance,Accounting,B,0.6132886642618353,739,10,0.013531799729364006,0.0018861844888311944,0.8547768355420894,False,False
Journal of International Money and Finance,"General Economics, Econometrics and Finance",A,0.9951576176528416,1276,21,0.016457680250783698,0.004933342733117163,0.8458751686028816,False,False
China Finance Review International,Finance,A,1.088670438979056,282,5,0.01773049645390071,0.006402041753288857,0.8314975602892988,False,False
Journal of Banking & Finance,Finance,E,1.559410263218051,2018,53,0.02626362735381566,0.014955937648167576,0.8299734298489077,False,False
Operations Management Research,Strategy and Management,B,0.4356269736940906,405,5,0.012345679012345678,0.0011243902262440568,0.8236316863624147,False,False
European Accounting Review,Accounting,A,1.2512539731774837,445,9,0.020224719101123594,0.009155762421656298,0.8124506578490263,False,False
Business Strategy & Development,Marketing,B,0.20300032806627688,436,5,0.011467889908256881,0.0004008367721699055,0.8123109396157393,False,False
R and D Management,Strategy and Management,B,0.9145137544484407,613,9,0.01468189233278956,0.0038454545518019864,0.7953839967803633,False,False
Australasian Marketing Journal (AMJ),Marketing,B,1.1794600362303571,428,8,0.018691588785046728,0.00791081055166935,0.7912986401039418,False,False
Industrial Management & Data Systems,Information Systems and Management,X,0.570432008888949,1125,14,0.012444444444444444,0.0017044641460553622,0.788304111343918,False,False
Journal of Economics and Business,Accounting,A,0.5800729713468826,322,4,0.012422360248447204,0.0017480396686276368,0.7834847518423184,False,False
Journal of Open Innovation Technology Market and Complexity,Strategy and Management,B,0.34477059289509093,1347,15,0.011135857461024499,0.0008848741384780124,0.7524122087722456,False,False
Journal of Product & Brand Management,Marketing,B,0.819762930579806,762,10,0.013123359580052493,0.002913979924423762,0.7493585400720183,False,False
Journal of Advertising,Marketing,B,2.0683660272221944,445,15,0.033707865168539325,0.023613629073356117,0.7409071146902048,False,False
International Entrepreneurship and Management Journal,Management of Technology and Innovation,B,0.8311478946139066,688,9,0.01308139534883721,0.00300525799904013,0.7395786843763994,False,False
Journal of Contemporary Accounting & Economics,Accounting,A,0.6346085276442085,252,3,0.011904761904761904,0.0019691523720672005,0.7292640792372629,False,False
Management Decision,Strategy and Management,B,0.5305852314803003,1665,19,0.011411411411411412,0.0015059449734938543,0.727051605388962,False,False
Australian Journal of Management,Accounting,B,0.4862940468376616,361,4,0.0110803324099723,0.001276082068948768,0.7196224422900581,False,False
The International Journal of Management Education,Management of Technology and Innovation,B,0.5749344751328399,868,10,0.01152073732718894,0.0017235465669107899,0.7191042759274269,False,False
Journal of Organizational Behavior,Organizational Behavior and Human Resource Management,B,1.6788249351283835,748,20,0.026737967914438502,0.017122296905519696,0.7057809026705728,False,False
International Journal of Entrepreneurial Behaviour & Research,Management of Technology and Innovation,B,0.7949724451917944,910,11,0.012087912087912088,0.0027394049748093487,0.686171332482995,False,False
Journal of Small Business Management,Management of Technology and Innovation,B,1.1898374827880012,750,13,0.017333333333333333,0.008082201297775945,0.679024096469634,False,False
Journal of the International Council for Small Business,Management of Technology and Innovation,B,0.26006773674995226,204,2,0.00980392156862745,0.0005801547953153388,0.6770155128282663,False,False
Accounting and Finance,Accounting,A,0.5779593553498563,1187,13,0.010951979780960405,0.001738005429906016,0.67629675855579,False,False
Journal of Enterprise Information Management,Information Systems and Management,B,0.6858824215420185,624,7,0.011217948717948718,0.0021812517599814935,0.6632847702712394,False,False
Journal of Global Operations and Strategic Sourcing,Management Information Systems,B,0.34106140547605296,202,2,0.009900990099009901,0.000873820343556282,0.6625854828701063,False,False
Journal of Applied Accounting Research,Accounting,A,0.4964281239209326,391,4,0.010230179028132993,0.0013260632888285287,0.6535534377310375,False,False
Economic Modelling,"General Economics, Econometrics and Finance",E,0.8048536300341965,3052,35,0.011467889908256881,0.0028117802462944235,0.6353500327921751,False,False
Emerging Markets Finance and Trade,Accounting,A,0.4335159878979296,2261,22,0.009730207872622734,0.0011190907910846241,0.632047621135628,False,False
Supply Chain Forum an International Journal,Management Information Systems,B,0.4536730966868427,308,3,0.00974025974025974,0.0011693153868747226,0.6290989819494152,False,False
Review of Accounting Studies,Accounting,A,4.113189781513796,536,29,0.054104477611940295,0.04559795912410791,0.6243701860595707,False,False
International Journal of Retail & Distribution Management,Marketing,B,0.6837142899892286,762,8,0.010498687664041995,0.0021713661006584842,0.6112173060394445,False,False
Economic Policy,Finance,E,1.0294353316376463,293,4,0.013651877133105802,0.00543276305549,0.6032749817949887,False,False
European Journal of Innovation Management,Strategy and Management,B,0.5438025017115953,820,8,0.00975609756097561,0.0015728779632995106,0.6006403618678681,False,False
Journal of financial reporting & accounting,Accounting,B,0.32400469466177173,567,5,0.008818342151675485,0.000821603119625701,0.5869528696672526,False,False
Industry and Innovation,Strategy and Management,B,0.8062404612333195,486,5,0.0102880658436214,0.0028197933810626915,0.5481639372983433,False,False
The North American Journal of Economics and Finance,Economics and Econometrics,A,0.5641775564301837,1532,14,0.009138381201044387,0.001673827998372576,0.5478909472389075,False,False
Journal of Consumer Behaviour,Marketing,B,0.5916526228353043,864,8,0.009259259259259259,0.0017983355718728593,0.5476245443459613,False,False
Journal of Marketing Management,Marketing,B,1.0812809223764226,804,11,0.013681592039800995,0.006292574229612943,0.5423467228741892,False,False
International Journal of Research in Marketing,Marketing,B,2.0097806132565816,600,18,0.03,0.022700681924865553,0.5357628495369332,False,False
Journal of Service Theory and Practice,Organizational Behavior and Human Resource Management,B,0.8401250748096002,386,4,0.010362694300518135,0.0030695070652066152,0.5353128518549888,False,False
Asia Pacific Management Review,Accounting,B,0.5022465279873808,347,3,0.008645533141210375,0.0013572850227019262,0.5349503254839812,False,False
Journal of Global Responsibility,Strategy and Management,B,0.26293097517961267,254,2,0.007874015748031496,0.00059030793133041,0.5346170717458879,False,False
Electronic Markets,Marketing,B,0.7886974894805169,807,8,0.009913258983890954,0.002704208367771397,0.5291373058129211,False,False
Economics Letters,"General Economics, Econometrics and Finance",E,0.5865754331200508,4243,38,0.00895592740985152,0.0017766435878833044,0.5269524520646744,False,False
Journal of Services Marketing,Organizational Behavior and Human Resource Management,B,0.9234647306655058,719,8,0.011126564673157162,0.003963516938742432,0.5257607390247099,False,False
Journal of Business and Psychology,Organizational Behavior and Human Resource Management,B,0.8804966648768305,567,6,0.010582010582010581,0.0034560749643624193,0.5230367457384141,False,False
Oeconomia Copernicana,Economics and Econometrics,E,0.3373002205779796,376,3,0.007978723404255319,0.0008609344119060376,0.5224387913624969,False,False
Review of Accounting and Finance,Accounting,B,0.3561966674175435,249,2,0.008032128514056224,0.0009193530991036426,0.5220707996563155,False,False
European Financial Management,Accounting,A,0.7256507531469555,424,4,0.009433962264150943,0.002362492309015771,0.5190390190673047,False,False
Human Resource Management Journal,Organizational Behavior and Human Resource Management,B,1.6647312668911123,464,11,0.023706896551724137,0.01687186744545869,0.5016844906533553,False,False
Journal of Accounting and Public Policy,Accounting,A,1.1504145836074384,492,7,0.014227642276422764,0.007433023256570748,0.4987184296016186,False,False
Journal of Strategic Marketing,Organizational Behavior and Human Resource Management,B,0.8240811835970655,517,5,0.009671179883945842,0.002948970675400117,0.49340361985630204,False,False
Journal of the American Taxation Association,Accounting,A,0.7738181467795762,215,2,0.009302325581395349,0.0026107373600420644,0.49115606916937654,False,False
The Quarterly Review of Economics and Finance,Finance,E,0.5599557573618412,1085,9,0.008294930875576038,0.0016540379847699354,0.48743508119863727,False,False
Journal of Financial Services Research,Finance,A,0.7634999356122164,218,2,0.009174311926605505,0.002551855483529291,0.4860818638611503,False,False
Journal of Accounting Business and Management (JABM),Accounting,B,0.08050732970082328,148,1,0.006756756756756757,0.00015785188503804527,0.484353201422867,False,False
Journal of Empirical Finance,Finance,A,0.8198191342854729,737,7,0.009497964721845319,0.002914455868665956,0.4832231486317351,False,False
China Journal of Accounting Research,Accounting,B,0.6999528429870796,228,2,0.008771929824561403,0.0022443168314106726,0.47912044685356847,False,False
Asia Pacific Journal of Management,Accounting,B,0.6405126247661156,590,5,0.00847457627118644,0.0019916365087792724,0.4758414751530853,False,False
Asia Pacific Journal of Marketing and Logistics,Marketing,B,0.43365626905969695,1065,8,0.007511737089201878,0.001119409691178603,0.46919061571034204,False,False
China Economic Review,"General Economics, Econometrics and Finance",E,0.752852847339212,1246,11,0.00882825040128411,0.002495988866733537,0.46478183973390425,False,False
Journal of Business Venturing Insights,Management of Technology and Innovation,B,1.4973078542433196,497,10,0.02012072434607646,0.013817201317714049,0.4626724613223433,False,False
Future Business Journal,Accounting,B,0.18166500778204284,465,3,0.0064516129032258064,0.00034651531902941897,0.44810822665100225,False,False
Electronic Commerce Research,Sociology and Political Science,B,0.29631729998855283,738,5,0.006775067750677507,0.0007229626686911138,0.44421862851376864,False,False
Business Ethics the Environment & Responsibility,Strategy and Management,B,0.3151529425495177,443,3,0.006772009029345372,0.0007949405191066682,0.4387110171060709,False,False
Journal of Asset Management,Finance,A,0.46863684952584184,421,3,0.007125890736342043,0.00121105987528596,0.43414283417016747,False,False
Information Systems and e-Business Management,Management Information Systems,B,0.26128047143502564,314,2,0.006369426751592357,0.0005844835199500507,0.4246092084618453,False,False
European Journal of Finance,Finance,A,0.7027162526710895,747,6,0.008032128514056224,0.0022562444889673815,0.4239442715091508,False,False
Journal of Business Economics,Accounting,B,0.3831817914613876,454,3,0.006607929515418502,0.0009953493272863764,0.41195792865798886,False,False
Journal of Organizational Effectiveness People and Performance,Organizational Behavior and Human Resource Management,B,0.3730486656235454,313,2,0.006389776357827476,0.000968770379016071,0.3978965679627894,False,False
Creativity and Innovation Management,Strategy and Management,B,0.8423250270720818,478,4,0.008368200836820083,0.003085547041682576,0.3877416522019196,False,False
IEEE Transactions on Engineering Management,Strategy and Management,B,0.5419794217199443,2495,17,0.006813627254509018,0.0015635126629754777,0.3853533062954833,False,False
International Journal of Logistics Research and Applications,Management Information Systems,B,0.6082962697456773,573,4,0.006980802792321117,0.0018670247863341338,0.37534633347738017,False,False
Journal of Accounting in Emerging Economies,Accounting,B,0.4669079601095208,318,2,0.006289308176100629,0.0012060883779221672,0.3731033907361936,False,False
Personnel Psychology,Organizational Behavior and Human Resource Management,B,1.3778788935784587,482,8,0.016597510373443983,0.011526474862285113,0.37220907591582286,False,False
The International journal of accounting/International journal of accounting,Accounting,A,0.66576635891519,140,1,0.007142857142857143,0.0020941742934268604,0.37056841227859355,False,False
Service Business,Organizational Behavior and Human Resource Management,B,0.5386820039436172,305,2,0.006557377049180328,0.001546688321624082,0.3677796806749893,False,False
The Journal of Risk Finance,Economics and Econometrics,A,0.4689501232404496,322,2,0.006211180124223602,0.001212618700698727,0.3668895483505491,False,False
Journal of Financial and Quantitative Analysis,Finance,A,2.220419315555548,974,30,0.030800821355236138,0.025819247067915475,0.36564270906987106,False,False
Journal of Financial Intermediation,Finance,A,1.893964903026249,272,7,0.025735294117647058,0.020849640862390283,0.35860219858107095,False,False
European Business Review,Strategy and Management,B,0.6755643216703388,430,3,0.0069767441860465115,0.002136692679027692,0.3552550745993033,False,False
Journal of African Business,Information Systems,B,0.3042557652742443,358,2,0.00558659217877095,0.0007554627875958073,0.35460019997141295,False,False
Accounting Forum,Accounting,A,0.7512498091681568,275,2,0.007272727272727273,0.0024869706303243173,0.35126988432777495,False,False
Young Consumers Insight and Ideas for Responsible Marketers,Marketing,B,0.414199731185418,345,2,0.005797101449275362,0.0010733656058759136,0.3467176179841735,False,False
Annals of Operations Research,Management Information Systems,B,0.5208267194197824,4437,27,0.006085192697768763,0.0014541338487877383,0.33991521670435,False,False
EuroMed Journal of Business,Accounting,B,0.3974704351751835,354,2,0.005649717514124294,0.0010308960495857393,0.339017004584767,False,False
Entrepreneurship and Regional Development,Management of Technology and Innovation,B,0.8764999583692398,498,4,0.008032128514056224,0.003415542422201903,0.3388529304032128,False,False
Journal of Information Technology,Management Information Systems,B,0.795058965828612,272,2,0.007352941176470588,0.0027400396166457185,0.3385824893347472,False,False
Journal of Marketing Analytics,Sociology and Political Science,B,0.2758855382319348,383,2,0.005221932114882507,0.0006391801851663679,0.33636953579946227,False,False
Review of Quantitative Finance and Accounting,Accounting,A,0.48551725542182644,880,5,0.005681818181818182,0.001273033693686002,0.3236004947369579,False,False
Journal of Personal Selling and Sales Management,Organizational Behavior and Human Resource Management,B,0.881721497952457,254,2,0.007874015748031496,0.0034703287452814446,0.32322634426623037,False,False
Omega,Management Information Systems,B,0.995095826662408,1393,13,0.00933237616654702,0.004932629079817738,0.32293715826111374,False,False
Applied Psychology,Organizational Behavior and Human Resource Management,X,0.8690745391912679,518,4,0.007722007722007722,0.0033327122607334212,0.32217001911490656,False,False
Journal of Purchasing and Supply Management,Management Information Systems,B,1.146304144400843,342,4,0.011695906432748537,0.007362709498732224,0.31805244175916003,False,False
Journal of International Management,Strategy and Management,B,1.0926447175488916,466,5,0.01072961373390558,0.006467221120906731,0.31285547344001385,False,False
Managerial and Decision Economics,Accounting,A,0.3009288011344631,1635,8,0.004892966360856269,0.0007422668597621745,0.3046573076261975,False,False
International Journal of Accounting and Information Management,Accounting,B,0.677403342781879,318,2,0.006289308176100629,0.0021446808949549395,0.3042116125860465,False,False
Journal of Environmental Management,Economics and Econometrics,E,0.3878677755829443,18227,91,0.0049925934053876115,0.0010071160883392545,0.29253015996392373,False,False
Business & Society,Strategy and Management,B,1.5911892732239679,513,10,0.01949317738791423,0.01553024609154572,0.2908753039676762,False,False
Journal of Small Business & Entrepreneurship,Management of Technology and Innovation,B,0.7123990514238054,323,2,0.006191950464396285,0.0023008795793600842,0.28560081964626455,False,False
International Review of Finance,Accounting,A,0.4446698608589074,399,2,0.005012531328320802,0.0011439485597140857,0.283950213765693,False,False
Journal of Science and Technology Policy Management,Information Systems and Management,X,0.1669154502405766,479,2,0.0041753653444676405,0.00031294406570693285,0.2834979664018556,False,False
Cogent Business & Management,Accounting,B,0.1672174645043787,2879,12,0.004168113928447377,0.0003135460678613863,0.2829215331437647,False,False
International Journal of Accounting Information Systems,Accounting,B,1.0445248180115099,210,2,0.009523809523809525,0.005684380183345676,0.2818103804860883,False,False
International Journal of Emerging Markets,Accounting,B,0.3647350740641848,1270,6,0.004724409448818898,0.0009452623203240642,0.2773857247403782,False,False
Regional Studies,Economics and Econometrics,E,0.9530161648788527,1733,14,0.008078476630121177,0.004352931665325885,0.27345137804258995,False,False
Research in Globalization,Economics and Econometrics,E,0.11640570393422485,258,1,0.003875968992248062,0.00021955450390781305,0.2683772682868348,False,False
Journal of Islamic marketing,Sociology and Political Science,B,0.27919707962408313,941,4,0.004250797024442083,0.0006524450379409711,0.26411553710641805,False,False
European Journal of Marketing,Marketing,B,1.1286789989503516,1148,12,0.010452961672473868,0.007072277674923786,0.2481389183575181,False,False
Competitiveness Review An International Business Journal incorporating Journal of Global Competitiveness,Strategy and Management,B,0.455094662211722,440,2,0.004545454545454545,0.0011726298106754724,0.2475620561117421,False,False
Journal of Consumer Affairs,Accounting,B,0.7098513621780034,530,3,0.005660377358490566,0.002288816481156139,0.24746929020416247,False,False
Review of Financial Economics,Finance,A,0.23122913769223427,261,1,0.0038314176245210726,0.0004862572215337789,0.2455315210564485,False,False
Journal of Marketing Education,Management of Technology and Innovation,B,1.0301512790720666,228,2,0.008771929824561403,0.005444815289132646,0.24420697192377494,False,False
Accounting Horizons,Accounting,A,1.3209315241267825,509,7,0.0137524557956778,0.010434934073387695,0.24350286876655708,False,False
Telecommunications Policy,Media Technology,X,0.8797290288824471,892,6,0.006726457399103139,0.0034486730442825917,0.24058618463121145,False,False
International Journal of Integrated Supply Management,Management Information Systems,B,0.2727332830930257,259,1,0.003861003861003861,0.0006264441191148714,0.2374135400696281,False,False
American Economic Review Insights,Safety Research,E,6.182938458470256,179,11,0.061452513966480445,0.05833257290279739,0.22900064053385352,False,False
International journal of information systems and project management,Management Information Systems,B,0.735045069999739,181,1,0.0055248618784530384,0.002406370234662994,0.22889425452298778,False,False
Journal of Emerging Technologies in Accounting,Accounting,B,0.7967692513892252,342,2,0.005847953216374269,0.0027524959782822505,0.22720355154126617,False,False
European Journal of Management and Business Economics,Sociology and Political Science,E,0.32824674663770464,256,1,0.00390625,0.0008334313112839518,0.22554190402868962,False,False
Journal of Management & Organization,Organizational Behavior and Human Resource Management,B,0.34401192813894305,759,3,0.003952569169960474,0.0008826892251409904,0.225326203084043,False,False
Australian Accounting Review,Accounting,A,0.8729822050577722,311,2,0.006430868167202572,0.003372726774288318,0.22446460478767513,False,False
Oxford Bulletin of Economics and Statistics,"General Economics, Econometrics and Finance",E,0.9978165427417376,498,4,0.008032128514056224,0.004974639589312844,0.22441671425833237,False,False
Benchmarking An International Journal,Management Information Systems,B,0.4305433822198632,1445,6,0.004152249134948097,0.0011121043560745646,0.22314367081531963,False,False
International Journal of Innovation Management,Strategy and Management,B,0.2408320970598975,853,3,0.0035169988276670576,0.0005157150197753056,0.22029131333005042,False,False
Journal of Management & Governance,Accounting,B,0.5991083971163961,414,2,0.004830917874396135,0.001831589902888327,0.2201477568411423,False,False
Forum for Social Economics,Economics and Econometrics,E,0.13473556149088003,311,1,0.003215434083601286,0.0002477984513425524,0.217821569954943,False,False
International Journal of Accounting Auditing and Performance Evaluation,Accounting,B,0.048101813863119194,336,1,0.002976190476190476,9.562906929756882e-05,0.2114304064759687,False,False
International Journal of Disclosure and Governance,Accounting,B,0.2757447636625381,285,1,0.0035087719298245615,0.0006386048564139036,0.2106674725048546,False,False
Uncertain Supply Chain Management,Management Information Systems,B,0.06422732762338307,1003,3,0.0029910269192422734,0.00012492633796245495,0.2103689959363297,False,False
Strategic Change,Strategy and Management,B,0.4659300965626418,496,2,0.004032258064516129,0.0012039751089117261,0.2075932189820957,False,False
Journal of Economic and Financial Sciences,Strategy and Management,B,0.1591434111356965,335,1,0.0029850746268656717,0.0002958030510899349,0.19738991886440696,False,False
IMA Journal of Management Mathematics,"Safety, Risk, Reliability and Quality",X,0.4786798733106614,255,1,0.00392156862745098,0.0012425483838374202,0.19663748105114504,False,False
Journal of applied corporate finance,Accounting,A,0.5118342116373138,491,2,0.004073319755600814,0.0014062835910665804,0.19575786129892625,False,False
Journal of Hospitality and Tourism Insights,Sociology and Political Science,B,0.35563676776319847,563,2,0.003552397868561279,0.0009173766565225824,0.19340799491411567,False,False
The TQM Journal,Management Information Systems,B,0.5446948297155794,951,4,0.004206098843322818,0.0015770530835880854,0.19296940252497874,False,False
Journal of Economic Studies,"General Economics, Econometrics and Finance",E,0.3440240783884307,863,3,0.0034762456546929316,0.0008827322676064511,0.19036136092097106,False,False
Career Development International,Organizational Behavior and Human Resource Management,B,0.6803079884455748,421,2,0.004750593824228029,0.0021572006912241202,0.19035253438823416,False,False
Quarterly Journal of Finance,Finance,A,0.6891960575726926,210,1,0.004761904761904762,0.0021958737201810416,0.1883441834926208,False,False
Journal of Central Banking Theory and Practice,"General Economics, Econometrics and Finance",E,0.3557275718898489,288,1,0.003472222222222222,0.000917697382908981,0.18749963942325257,False,False
Review of International Business and Strategy,Strategy and Management,B,0.4940175117547184,259,1,0.003861003861003861,0.0013111615942382378,0.1871559431511554,False,False
Journal of Advertising Research,Marketing,B,0.7536160130763419,398,2,0.005025125628140704,0.0025003203751811248,0.18531825068145508,False,False
Knowledge and Process Management,Strategy and Management,B,0.39169184480686275,284,1,0.0035211267605633804,0.0010165024563637559,0.1838369886645518,False,False
Economics,"General Economics, Econometrics and Finance",E,0.16242427820958866,360,1,0.002777777777777778,0.00030294641449422595,0.1816502157691966,False,False
Managerial Auditing Journal,Accounting,A,0.693986761084835,429,2,0.004662004662004662,0.0022175016395112345,0.179424145043659,False,False
International Journal of Manpower,Economics and Econometrics,B,0.4982574581380872,794,3,0.003778337531486146,0.0013343863097880866,0.17938364340179874,False,False
Asia-Pacific Journal of Business Administration,Organizational Behavior and Human Resource Management,B,0.32464369075263394,311,1,0.003215434083601286,0.0008239423673520332,0.17553316670859984,False,False
Asian Business & Management,Strategy and Management,B,0.4365790965898441,288,1,0.003472222222222222,0.001127027212930085,0.17213503343255898,False,False
International Journal of Finance & Economics,"General Economics, Econometrics and Finance",A,0.5352810540376757,1552,6,0.003865979381443299,0.0015297711103769947,0.17147541558465118,False,False
Journal of Applied Economics,"General Economics, Econometrics and Finance",E,0.3224114238381594,318,1,0.0031446540880503146,0.0008160710083058301,0.17091573395565637,False,False
Multinational Business Review,Strategy and Management,B,0.6326769890945144,237,1,0.004219409282700422,0.0019622013365222036,0.1656768685504332,False,False
Journal of the Knowledge Economy,Economics and Econometrics,E,0.19899857860418643,1916,5,0.0026096033402922755,0.0003905408818283352,0.1628770268413293,False,False
Research in Economics,Economics and Econometrics,E,0.22988201257037777,372,1,0.002688172043010753,0.0004824738363134624,0.1618961037558125,False,False
Quality Management Journal,Management Information Systems,B,0.38751100913135855,312,1,0.003205128205128205,0.0010062523164532972,0.16139535224635707,False,False
Economics of Innovation and New Technology,Economics and Econometrics,E,0.6709479670771502,466,2,0.004291845493562232,0.0021163626429823597,0.15967832599539572,False,False
Innovative Marketing,Sociology and Political Science,B,0.057597273201894214,439,1,0.002277904328018223,0.00011296012681883767,0.1589047993776704,False,False
Ecological Economics,Economics and Econometrics,E,0.8794329079310691,3043,17,0.00558659217877095,0.0034449572053677916,0.1571939247211523,False,False
Culture and Organization,Organizational Behavior and Human Resource Management,B,0.47439785448726296,298,1,0.003355704697986577,0.0012291072021870769,0.15609018848608827,False,False
Revista de Economía Mundial,"General Economics, Econometrics and Finance",E,0.18277281879871055,406,1,0.0024630541871921183,0.00034905596469798504,0.15516541407583573,False,False
Japanese Economic Review,Economics and Econometrics,E,0.4097536222100859,316,1,0.0031645569620253164,0.0010621493150381224,0.1543146771032239,False,False
Transnational Corporation Review,Strategy and Management,A,0.32365046138687403,343,1,0.0029154518950437317,0.0008203025512499755,0.15378192470612445,False,False
International Journal of Innovation Science,Strategy and Management,B,0.19985808382229736,407,1,0.002457002457002457,0.00039276957148211814,0.1515126867291439,False,False
Management Theory and Studies for Rural Business and Infrastructure Development,Economics and Econometrics,B,0.024615800601819844,486,1,0.00205761316872428,4.146192833757066e-05,0.1479835407264548,False,False
Review of International Economics,"General Economics, Econometrics and Finance",E,0.5456023246836673,558,2,0.0035842293906810036,0.001581536452121176,0.1469957144579625,False,False
Economic Systems,"General Economics, Econometrics and Finance",E,0.5901716679546014,529,2,0.003780718336483932,0.001791001076396306,0.14604331227444572,False,False
Empirical Economics,"General Economics, Econometrics and Finance",E,0.5370008929989821,1729,6,0.003470213996529786,0.0015382674309970237,0.14180299946496844,False,False
Asia Pacific Journal of Human Resources,Public Administration,B,0.4235248292916516,331,1,0.0030211480362537764,0.0010964205537896336,0.14127312578689663,False,False
International Journal of Financial Studies,Accounting,B,0.25496747604857517,806,2,0.0024813895781637717,0.0005613651987388659,0.14092792259667655,False,False
European Journal of Economics and Economic Policies Intervention,"General Economics, Econometrics and Finance",E,0.401194811042455,340,1,0.0029411764705882353,0.0010401537173991163,0.1395332217063837,False,False
Amfiteatru Economic,Marketing,B,0.09946829859108565,480,1,0.0020833333333333333,0.00019416594352984076,0.1386630495609313,False,False
Applied Economics,"General Economics, Econometrics and Finance",E,0.3099149384539553,4881,13,0.0026633886498668305,0.0007772921394159985,0.13843765000228347,False,False
Structural Change and Economic Dynamics,Economics and Econometrics,E,0.6632055735710883,1020,4,0.00392156862745098,0.00208348079747619,0.13491385953451726,False,False
Social Responsibility Journal,Strategy and Management,B,0.3270859149229715,750,2,0.0026666666666666666,0.000829479376469761,0.13484776079042166,False,False
Journal of Global Marketing,Marketing,B,0.6540701605646344,261,1,0.0038314176245210726,0.0020456815624947536,0.13107129066908904,False,False
Environment and Development Economics,Economics and Econometrics,E,0.43518962989265836,345,1,0.002898550724637681,0.0011233148825131971,0.13030058473773148,False,False
Organizational Dynamics,Organizational Behavior and Human Resource Management,B,0.2635380497011882,423,1,0.002364066193853428,0.0005923505511846506,0.1300422055203971,False,False
Review of World Economics,"General Economics, Econometrics and Finance",E,0.4592160438673118,344,1,0.0029069767441860465,0.001184318289584812,0.12644145561488598,False,False
Entrepreneurial Business and Economics Review,Management of Technology and Innovation,B,0.23336230714076572,453,1,0.002207505518763797,0.0004926358758778985,0.12586976440809636,False,False
Journal of International Consumer Marketing,Marketing,B,0.49086302165577456,333,1,0.003003003003003003,0.0012963123977361803,0.12526943099939158,False,False
Marketing Intelligence & Planning,Marketing,B,0.5068237129759555,648,2,0.0030864197530864196,0.0013802085563388365,0.12523424288021165,False,False
Asia-Pacific Journal of Financial Studies,Accounting,B,0.5166529300285495,319,1,0.003134796238244514,0.001432725524581763,0.12493033544760558,False,False
Applied Economics Letters,"General Economics, Econometrics and Finance",E,0.2224756254856364,3884,8,0.0020597322348094747,0.00046118822559552627,0.11733157600080113,False,False
International Journal of Managerial Finance,Accounting,A,0.35148561822996777,408,1,0.0024509803921568627,0.0009059599956881247,0.11340299486668509,False,False
Qualitative Market Research An International Journal,Marketing,B,0.509629039574477,341,1,0.002932551319648094,0.0013939807761882803,0.11292958192706717,False,False
Scandinavian Journal of Management,Organizational Behavior and Human Resource Management,B,0.5808575204945102,306,1,0.0032679738562091504,0.0017514889461061472,0.11130851791269282,False,False
Journal of Enterprising Communities People and Places in the Global Economy,Management of Technology and Innovation,B,0.3560585797884342,413,1,0.002421307506053269,0.0009188659422362519,0.11027774994974511,False,False
The Singapore Economic Review,Economics and Econometrics,E,0.18518383709211259,1077,2,0.0018570102135561746,0.00035503949172117027,0.11024319060606831,False,False
Logistics,Strategy and Management,B,0.23277362867131968,507,1,0.0019723865877712033,0.0004906207921646623,0.10876016866628997,False,False
BRQ Business Research Quarterly,Accounting,B,0.7234185581145962,261,1,0.0038314176245210726,0.0023529640119355987,0.10851705765300232,False,False
Accounting Research Journal,Accounting,A,0.5300271592463165,338,1,0.0029585798816568047,0.0015030556615998223,0.10683406253581951,False,False
Information Systems Management,Management Information Systems,B,0.49033277952613974,369,1,0.0027100271002710027,0.0012935602973227133,0.10396728609584084,False,False
Journal of Asia Business Studies,Accounting,B,0.362722783638298,426,1,0.002347417840375587,0.000938855907430359,0.10338707632357644,False,False
Journal of Family Business Management,Organizational Behavior and Human Resource Management,B,0.3959302044598961,421,1,0.0023752969121140144,0.0010270923200578256,0.09895690618818498,False,False
Journal of risk and financial management,Economics and Econometrics,E,0.3901086933282591,3000,7,0.0023333333333333335,0.001012606050866157,0.09694009838073146,False,False
Journal of Economic Structures,Environmental Engineering,E,0.585139766562299,326,1,0.003067484662576687,0.0017710895277460565,0.09515414240252605,False,False
Central European Management Journal,Accounting,B,0.06996599625897812,708,1,0.0014124293785310734,0.00013569327751946004,0.09371118843482605,False,False
Economic Research-Ekonomska Istraživanja,Economics and Econometrics,E,0.3507103528221025,1850,4,0.002162162162162162,0.000903185507965761,0.09240766230622363,False,False
Journal of Foodservice Business Research,Organizational Behavior and Human Resource Management,B,0.3634384994027592,455,1,0.002197802197802198,0.0009410082627602171,0.09224745284256224,False,False
International Journal of Islamic and Middle Eastern Finance and Management,Accounting,B,0.33222223458106603,478,1,0.0020920502092050207,0.0008461333746042809,0.09144908424605586,False,False
Abacus,Accounting,A,0.7052536693983172,286,1,0.0034965034965034965,0.002267645410362037,0.09019698869548495,False,False
Journal of Hospitality & Tourism Research,Sociology and Political Science,B,0.6326616724069278,627,2,0.003189792663476874,0.0019621467324029834,0.09010801769211221,False,False
International Journal of Quality & Reliability Management,Management Information Systems,B,0.31822392203922856,1001,2,0.001998001998001998,0.0008043975877438506,0.08760940316304507,False,False
Journal of Business Strategy,Strategy and Management,B,0.39868580834945105,450,1,0.0022222222222222222,0.0010338942448408733,0.08722211812020059,False,False
Journal of Economic Surveys,"General Economics, Econometrics and Finance",E,1.513139131577617,523,8,0.015296367112810707,0.014108219422511689,0.08720888522365189,False,False
Econometrics,"General Economics, Econometrics and Finance",E,0.4801588914057914,418,1,0.0023923444976076554,0.0012480650317244605,0.0839890002049114,False,False
European Business Organization Law Review,Strategy and Management,B,0.666622918199124,316,1,0.0031645569620253164,0.0020978529435034575,0.07829503779573851,False,False
Economic Change and Restructuring,Economics and Econometrics,E,0.2689720530180328,597,1,0.0016750418760469012,0.0006118781781924781,0.07803518170102723,False,False
Journal of Forecasting,"General Economics, Econometrics and Finance",A,0.4916957372679162,850,2,0.002352941176470588,0.0013002326467056384,0.07726778252889283,False,False
Marketing Education Review,Management of Technology and Innovation,B,0.7227647287244909,294,1,0.003401360544217687,0.0023499544648394053,0.077172183936893,False,False
Journal of Industrial and Business Economics,Economics and Econometrics,E,0.6596460280630431,321,1,0.003115264797507788,0.002068868128390126,0.0768044980944481,False,False
Journal of Hospitality and Tourism Management,Sociology and Political Science,B,0.7184183831703005,1188,4,0.003367003367003367,0.002329691155097357,0.07613770776799401,False,False
The Journal of Portfolio Management,Finance,A,0.6059251686429153,1041,3,0.002881844380403458,0.0018586676083748271,0.07510018022498129,False,False
Journal of Evolutionary Economics,Economics and Econometrics,E,0.43444198635693165,468,1,0.002136752136752137,0.0011218953019182913,0.07448950492441708,False,False
Review of Keynesian Economics,"General Economics, Econometrics and Finance",E,0.5490602340578241,397,1,0.0025188916876574307,0.001599153064200028,0.0675079206934873,False,False
Journal of Global Fashion Marketing,Marketing,B,0.809676070101598,267,1,0.003745318352059925,0.002843176823437376,0.06621631104238725,False,False
Leadership & Organization Development Journal,Organizational Behavior and Human Resource Management,B,0.6163227594075608,716,2,0.002793296089385475,0.0018972755891394784,0.0657670335110669,False,False
Journal of Choice Modelling,Economics and Econometrics,E,0.718986733798256,310,1,0.0032258064516129032,0.0023325715404452553,0.06556257398116383,False,False
The Learning Organization,Organizational Behavior and Human Resource Management,B,0.48407131532331577,468,1,0.002136752136752137,0.0012644610882495445,0.06402531482541267,False,False
Computational Economics,Economics and Econometrics,A,0.29772443816964855,1300,2,0.0015384615384615385,0.0007291502530658268,0.05940266144903108,False,False
Asia Pacific Business Review,Strategy and Management,B,0.3405333138884027,598,1,0.0016722408026755853,0.0008722303410503935,0.05871999002753081,False,False
Journal of Organization Design,Strategy and Management,B,1.2716828720717834,195,2,0.010256410256410256,0.009520075847279612,0.054046229687101516,False,False
Mathematical Social Sciences,Economics and Econometrics,E,0.3610449817025904,602,1,0.0016611295681063123,0.0009339148791802685,0.05337685109125148,False,False
Cogent Economics & Finance,Economics and Econometrics,E,0.1892253006870675,1838,2,0.001088139281828074,0.00036642941933875847,0.052972802183176806,False,False
The Journal of Marketing Theory and Practice,Marketing,B,0.6661400989956555,358,1,0.002793296089385475,0.0020957768837242237,0.05119723149274145,False,False
European J of International Management,Strategy and Management,B,0.11343471082558278,1105,1,0.0009049773755656109,0.00021561027319897232,0.05059887503726383,False,False
Journal of Business and Industrial Marketing,Organizational Behavior and Human Resource Management,B,0.6804028772854654,1413,4,0.0028308563340410475,0.002157589203977274,0.04941715272434904,False,False
Journal of Financial Markets,Finance,A,0.9908029319820335,361,2,0.00554016620498615,0.004879254897722907,0.04851024734444287,False,False
Scandinavian Journal of Economics,Economics and Econometrics,E,0.9406813264364499,414,2,0.004830917874396135,0.0042009715483019155,0.046237447834103974,False,False
Knowledge Management Research & Practice,Strategy and Management,B,0.49887075276222403,518,1,0.0019305019305019305,0.0013383510409974203,0.04346329953718624,False,False
Technology Analysis and Strategic Management,Strategy and Management,B,0.3223396920155434,1454,2,0.001375515818431912,0.0008159166098054557,0.0410740378109637,False,False
European Journal of Political Economy,Economics and Econometrics,E,0.9396908396346672,849,4,0.004711425206124852,0.004191002605196567,0.03819851289760722,False,False
Journal of Environmental Economics and Management,Economics and Econometrics,E,1.7086214241444801,882,16,0.018140589569160998,0.017644278854928867,0.0364287238582653,False,False
International Journal of Entrepreneurship and Small Business,Management of Technology and Innovation,B,0.10123712442661875,1523,1,0.0006565988181221273,0.00019710201250466166,0.03372661876036924,False,False
Management International Review,Strategy and Management,B,0.7812302882483585,322,1,0.003105590062111801,0.0026560185928110667,0.03299810872519497,False,False
Journal of Pensions Economics and Finance,Accounting,A,0.7864471262717829,320,1,0.003125,0.002690804929162475,0.031869496028575015,False,False
International Economics,"General Economics, Econometrics and Finance",E,0.5567376346239026,487,1,0.002053388090349076,0.0016381114294389762,0.03048090313440408,False,False
European Journal of Work and Organizational Psychology,Organizational Behavior and Human Resource Management,B,0.9689930205848479,615,3,0.004878048780487805,0.004567119071830722,0.022821938296302982,False,False
Management Research Review,Organizational Behavior and Human Resource Management,B,0.3771000304089586,776,1,0.001288659793814433,0.00097929174208933,0.022707314195905565,False,False
Journal of Policy Modeling,"General Economics, Econometrics and Finance",E,0.7480582826794931,739,2,0.0027063599458728013,0.0024702524094871825,0.01733006360169807,False,False
Journal of Consumer Marketing,Marketing,B,0.4818675752522659,697,1,0.0014347202295552368,0.0012549236362172055,0.013196895133528291,False,False
International journal of organizational analysis,Organizational Behavior and Human Resource Management,B,0.3297740250643329,983,1,0.001017293997965412,0.00083787230080259,0.01316937811878209,False,False
Decision Sciences,Management Information Systems,B,1.3151711228867686,477,5,0.010482180293501049,0.010328710525157834,0.01126453177666457,False,False
Journal of Organizational Change Management,Organizational Behavior and Human Resource Management,B,0.47189076136989005,742,1,0.0013477088948787063,0.0012216320936499255,0.009253914624838286,False,False
Global Business Review,Accounting,B,0.26077576756944887,1432,1,0.0006983240223463687,0.0005825369060672832,0.008498661754263188,False,False
Human Resource Development Review,Applied Psychology,B,1.217330871617339,231,2,0.008658008658008658,0.008558300144712429,0.007318507928659464,False,False
International Journal of Market Research,Marketing,B,0.5659269313090214,562,1,0.0017793594306049821,0.0016817716805781226,0.007162845966720689,False,False
Scientific Bulletin of Mukachevo State University Series “Economics”,"General Economics, Econometrics and Finance",E,0.00014362200463324432,281,0,0.0,-7.656465809587549e-05,0.005619771459885548,False,False
Total Quality Management & Business Excellence,Management Information Systems,B,0.43505336862736105,837,1,0.0011947431302270011,0.0011230890093404519,0.00525934280327062,False,False
REICE Revista Electrónica de Investigación en Ciencias Económicas,Economics and Econometrics,E,0.0004938672987815715,311,0,0.0,-5.702259409895404e-05,0.0041854029633967985,False,False
Academic Review,"General Economics, Econometrics and Finance",E,0.0008339342204510961,247,0,0.0,-4.823075311354003e-05,0.0035400903834357936,False,False
Actual Problems of Economics,"General Economics, Econometrics and Finance",X,0.00285030793021171,603,0,0.0,-3.118142369491038e-05,0.0022886861812904252,False,False
Revista de Economia Mackenzie,"General Economics, Econometrics and Finance",E,0.003144224441411256,104,0,0.0,-3.028172405416601e-05,0.002222649102444032,False,False
APUNTES DEL CENES,Economics and Econometrics,E,0.004420616326994666,212,0,0.0,-2.6834326491284896e-05,0.0019696134732572817,False,False
International Journal of Finance,Economics and Econometrics,X,0.005206169331437044,153,0,0.0,-2.4197824018109384e-05,0.0017760967552159642,False,False
Ege Akademik Bakis (Ege Academic Review),Economics and Econometrics,E,0.0066386653532380865,462,0,0.0,-1.8736526474289967e-05,0.0013752428255573567,False,False
Mehmet Akif Ersoy Üniversitesi İktisadi ve İdari Bilimler Fakültesi Dergisi,Economics and Econometrics,E,0.00710766741104734,549,0,0.0,-1.707144511118736e-05,0.0012530274724758617,False,False
Lecturas de Economía,"General Economics, Econometrics and Finance",E,0.008007084320521581,222,0,0.0,-1.3953193657248795e-05,0.0010241508476544344,False,False
International Review of Management and Business Research,Accounting,B,0.008882560496921146,345,0,0.0,-1.0839833184541804e-05,0.0007956332160998692,False,False
Strategic Direction,Strategy and Management,B,0.2814493010563797,1495,1,0.0006688963210702341,0.0006616528582337919,0.0005316631293253628,False,False
Review of Economics and Finance,Accounting,B,0.010087130318375263,384,0,0.0,-6.22793028614119e-06,0.00045712402754265695,False,False
Asian Journal of Management Cases,Economics and Econometrics,X,0.010869565932914646,243,0,0.0,-3.04656105253963e-06,0.0002236146190638235,False,False
Marketing,Strategy and Management,B,0.010979766799934437,223,0,0.0,-2.593397464464757e-06,0.00019035285231324895,False,False
Ekonomska misao i praksa,Economics and Econometrics,E,0.012407743155308362,157,0,0.0,3.180055501377975e-06,-0.00023341298181097327,False,False
INTERNATIONAL JOURNAL OF MANAGEMENT,"Management, Monitoring, Policy and Law",B,0.0128536239850173,508,0,0.0,4.960985590252681e-06,-0.00036413151872361513,False,False
International Journal of Learning and Change,Strategy and Management,B,0.014145198646984321,500,0,0.0,1.0001331838358336e-05,-0.0007340880325707168,False,False
International Journal of Academic Research in Accounting Finance and Management Sciences,Accounting,B,0.014840041413299303,1157,0,0.0,1.2540903110828727e-05,-0.0009204900947271616,False,False
Ekonomski vjesnik,Economics and Econometrics,E,0.015207780597117063,135,0,0.0,1.3866015428098636e-05,-0.0010177520503988136,False,False
"Contabilidade, Gestão e Governança/UNB Contábil",Information Systems and Management,X,0.01546674473217937,199,0,0.0,1.4780436990045792e-05,-0.0010848697039472649,False,False
Journal on Innovation and Sustainability RISUS,Information Systems and Management,X,0.015666311596471395,430,0,0.0,1.5475020935470276e-05,-0.0011358514901926016,False,False
International Journal of Indian Culture and Business Management,Marketing,B,0.016985718886467056,1376,0,0.0,1.986653919019577e-05,-0.0014581846601855882,False,False
International Journal of Business and Systems Research,Information Systems and Management,B,0.017699245618433238,518,0,0.0,2.2113971308899556e-05,-0.0016231439925045033,False,False
Financial and credit activity problems of theory and practice,"General Economics, Econometrics and Finance",E,0.018051236043516918,1977,0,0.0,2.3194354128828392e-05,-0.00170244304102352,False,False
International Journal of Technology Transfer and Commercialisation,Strategy and Management,B,0.01864886332039209,321,0,0.0,2.4990541583380525e-05,-0.0018342814537420417,False,False
Journal of Korea Trade,"General Economics, Econometrics and Finance",E,0.019180851397432443,446,0,0.0,2.6553334591991644e-05,-0.0019489889410595426,False,False
International Journal of Management Concepts and Philosophy,Organizational Behavior and Human Resource Management,B,0.019277253497328922,460,0,0.0,2.6833237495146578e-05,-0.0019695335419995675,False,False
Revista Finanzas y Política Económica,Accounting,X,0.02015057160576547,258,0,0.0,2.9328657671161225e-05,-0.00215269495660458,False,False
Economics ecology socium,"General Economics, Econometrics and Finance",E,0.0205654123767899,203,0,0.0,3.049186754208836e-05,-0.0022380734301335518,False,False
International Journal of Business,Accounting,B,0.02058074977042263,295,0,0.0,3.0534636498957317e-05,-0.002241212629983178,False,False
Ekonomista,Economics and Econometrics,E,0.02077547405123957,351,0,0.0,3.107626938101197e-05,-0.0022809679568925557,False,False
International Journal of Academic Research in Economics and Management Sciences,Accounting,B,0.02082680135490975,692,0,0.0,3.1218630527448854e-05,-0.0022914171266222865,False,False
Economics and Mathematical Methods,Development,X,0.021118065930272982,311,0,0.0,3.202347460780063e-05,-0.0023504918995645874,False,False
Ekonomický časopis,Political Science and International Relations,E,0.02142500613179476,211,0,0.0,3.286657125572245e-05,-0.0024123743737732906,False,False
Statistika Statistics and Economy Journal,Demography,X,0.021997938391505146,100,0,0.0,3.442860587528594e-05,-0.0025270261960720825,False,False
"Scientific Papers of the University of Pardubice. Series D, Faculty of Economics and Administration","Management, Monitoring, Policy and Law",X,0.022556821661479064,162,0,0.0,3.594085176994272e-05,-0.0026380235743726473,False,False
International Journal of Value Chain Management,Management Information Systems,B,0.022811104943601574,297,0,0.0,3.662605784822082e-05,-0.002688317034287605,False,False
Personnel Review,Organizational Behavior and Human Resource Management,B,0.6261820561606519,1053,2,0.001899335232668566,0.001936939572101045,-0.0027601219513821384,False,False
International Journal of Business and Emerging Markets,Strategy and Management,B,0.024863158240863607,507,0,0.0,4.2122953772200454e-05,-0.0030917838504374187,False,False
De Computis - Revista Española de Historia de la Contabilidad,Accounting,B,0.026107262517444094,313,0,0.0,4.544141012729259e-05,-0.003335355320342895,False,False
International Journal of Economic Policy in Emerging Economies,"General Economics, Econometrics and Finance",X,0.026374772636973548,775,0,0.0,4.6152365838697594e-05,-0.0033875387782928193,False,False
Bankers Markets & Investors,Finance,X,0.027051794930941526,149,0,0.0,4.792443132999936e-05,-0.0035176066623627176,False,False
ReMark - Revista Brasileira de Marketing,Information Systems and Management,B,0.02712998687827695,431,0,0.0,4.813051151561919e-05,-0.0035327327476140096,False,False
International Journal of Computational Economics and Econometrics,"General Economics, Econometrics and Finance",E,0.028852369183422544,371,0,0.0,5.257359153042786e-05,-0.003858850500663242,False,False
The Economics and Finance Letters,Accounting,B,0.029025948225207886,151,0,0.0,5.301852158186521e-05,-0.0038915079338301475,False,False
Vierteljahrshefte zur Wirtschaftsforschung,Economics and Econometrics,E,0.029079755276108503,313,0,0.0,5.3156178831671e-05,-0.0039016118421207873,False,False
Financial Internet Quarterly,Accounting,B,0.029552861057066546,119,0,0.0,5.436133813467934e-05,-0.003990069363176793,False,False
International Journal of Business and Globalisation,Management of Technology and Innovation,B,0.029923629207102863,1410,0,0.0,5.529954613700159e-05,-0.004058932918321055,False,False
Ekonomia i Prawo,Economics and Econometrics,E,0.030101470660825254,397,0,0.0,5.574770166790735e-05,-0.004091827098544785,False,False
International Journal of Banking Accounting and Finance,Accounting,B,0.03094316591916956,231,0,0.0,5.78532819508892e-05,-0.0042463746440452406,False,False
Cuadernos de Administración,Economics and Econometrics,X,0.03197166086215239,247,0,0.0,6.0393548690562674e-05,-0.004432827752818184,False,False
Problemy Zarządzania - Management Issues,Strategy and Management,B,0.03210303533430209,552,0,0.0,6.071552751478404e-05,-0.004456460685453773,False,False
International Journal of Services Technology and Management,Organizational Behavior and Human Resource Management,B,0.03241608809507361,397,0,0.0,6.14804805273071e-05,-0.00451260749280381,False,False
International Journal of Trade and Global Markets,"General Economics, Econometrics and Finance",A,0.032703759167852516,657,0,0.0,6.218052920356051e-05,-0.004563990384978594,False,False
Economics and Business Review/The Poznań University of Economics Review,Finance,E,0.03290951006609453,317,0,0.0,6.267949445455431e-05,-0.004600613949254141,False,False
Revista de Economía Institucional,"General Economics, Econometrics and Finance",E,0.033177756833705135,294,0,0.0,6.332779022424993e-05,-0.004648198228407296,False,False
International Journal of Pluralism and Economics Education,Economics and Econometrics,E,0.03329834646979094,379,0,0.0,6.36183864363396e-05,-0.004669527707825952,False,False
Contaduría y Administración,Economics and Econometrics,X,0.03349180628497232,779,0,0.0,6.408345889774312e-05,-0.004703663574299768,False,False
Gospodarka Narodowa,Economics and Econometrics,E,0.03368689718073407,314,0,0.0,6.454894453436594e-05,-0.004737829767432949,False,False
Eskişehir Osmangazi Üniversitesi İktisadi ve İdari Bilimler Dergisi,Economics and Econometrics,E,0.034151349870657204,442,0,0.0,6.56520857691205e-05,-0.004818799261472007,False,False
International Journal of Logistics Economics and Globalisation,Management Information Systems,X,0.03476862561293716,168,0,0.0,6.711473200619583e-05,-0.004926156073132187,False,False
International Journal of Business Administration,Accounting,B,0.03577733372202431,445,0,0.0,6.94746574125333e-05,-0.005099372303385405,False,False
Our Economy Journal of Contemporary Issues in Economics and Business,Economics and Econometrics,E,0.03631733451422783,239,0,0.0,7.072268395993728e-05,-0.00519097623849993,False,False
Asian Case Research Journal,Economics and Econometrics,A,0.0364251854427018,200,0,0.0,7.097063918200727e-05,-0.005209175910711274,False,False
Politická ekonomie,Economics and Econometrics,E,0.03663554687637317,696,0,0.0,7.145299611490442e-05,-0.00524458044058691,False,False
Economic Annals-ХХI,"Management, Monitoring, Policy and Law",X,0.036941996553240125,806,0,0.0,7.21597290303057e-05,-0.005296453949416016,False,False
Sosyoekonomi,Economics and Econometrics,E,0.037506533073510144,715,0,0.0,7.344168379686253e-05,-0.005390548182827716,False,False
Revista Universidad y Empresa,Economics and Econometrics,X,0.03934494679301216,214,0,0.0,7.754076381761997e-05,-0.005691416670787184,False,False
International Journal of Services Economics and Management,Organizational Behavior and Human Resource Management,B,0.03952989875426141,434,0,0.0,7.794714850821976e-05,-0.005721244911946536,False,False
International Journal of Management and Decision Making,Strategy and Management,B,0.03971170191157391,400,0,0.0,7.834558010575142e-05,-0.005750489403807535,False,False
African Journal of Business and Economic Research,Economics and Econometrics,E,0.03987437185039776,382,0,0.0,7.870121273810222e-05,-0.005776592493237992,False,False
International Journal of Business Performance Management,Management Information Systems,B,0.04040249437058085,552,0,0.0,7.985015057386984e-05,-0.0058609234132630545,False,False
Serbian Journal of Management,Management Information Systems,B,0.0407402374246914,252,0,0.0,8.058034043352572e-05,-0.005914518638993097,False,False
EMC Review - Časopis za ekonomiju - APEIRON,Economics and Econometrics,X,0.04158297679452318,316,0,0.0,8.239719773989541e-05,-0.006047874198737586,False,False
Journal of Economic Policy Researches / İktisat Politikası Araştırmaları Dergisi,Economics and Econometrics,E,0.041614133329720374,107,0,0.0,8.246356027591457e-05,-0.006052745144356636,False,False
Baltic Journal of Economic Studies,"General Economics, Econometrics and Finance",E,0.04180835459912838,1407,0,0.0,8.287649876179876e-05,-0.006083054427717562,False,False
Agricultural and Resource Economics International Scientific E-Journal,Economics and Econometrics,E,0.04251825488120598,450,0,0.0,8.437488893483808e-05,-0.00619303480952342,False,False
International Journal of Productivity and Quality Management,Management Information Systems,B,0.04262002637638562,1552,0,0.0,8.458828480685464e-05,-0.006208697859043139,False,False
International Journal of Green Economics,Economics and Econometrics,E,0.04287383212063695,372,0,0.0,8.511890791153409e-05,-0.00624764507899806,False,False
International Journal of Human Resource Studies,Organizational Behavior and Human Resource Management,B,0.04300063609284229,499,0,0.0,8.538803870233646e-05,-0.006267399017365207,False,False
Accounting and Finance Research,Accounting,B,0.04372519017069168,478,0,0.0,8.688793662189582e-05,-0.006377490066299642,False,False
Business Management and Strategy,Accounting,B,0.0447726762817236,256,0,0.0,8.902555900558564e-05,-0.006534389470837306,False,False
International Journal of Logistics Systems and Management,Management Information Systems,B,0.04493312835148451,1486,0,0.0,8.934986645494623e-05,-0.006558193322293975,False,False
J for Global Business Advancement,Strategy and Management,X,0.04519427378314058,529,0,0.0,8.987593507063177e-05,-0.006596806247185105,False,False
Journal of Tax Reform,Economics and Econometrics,E,0.04520879983741935,188,0,0.0,8.990513327864055e-05,-0.006598949367263328,False,False
Journal of Accounting and Finance,Accounting,B,0.04521882179826302,591,0,0.0,8.992527406354422e-05,-0.006600427681292231,False,False
International Journal of Services and Operations Management,Management Information Systems,B,0.04584489864778691,1550,0,0.0,9.12025173654024e-05,-0.006694176097776041,False,False
EUROPEAN RESEARCH STUDIES JOURNAL,"Management, Monitoring, Policy and Law",B,0.04642642064701457,3446,0,0.0,9.235578197820592e-05,-0.006778824599028583,False,False
Upravlenets,Development,X,0.04659407400280751,608,0,0.0,9.26863630895234e-05,-0.006803088931172963,False,False
Journal of Management and Sustainability,Marketing,B,0.04666684007332694,383,0,0.0,9.282958414789331e-05,-0.006813601217602479,False,False
World Review of Political Economy,Sociology and Political Science,X,0.04818816880378819,375,0,0.0,9.579537071466566e-05,-0.007031287067948581,False,False
Investigaciones de Historia Económica,Economics and Econometrics,E,0.04885257880990244,377,0,0.0,9.706815491677564e-05,-0.007124708190846486,False,False
Asia-Pacific Management Accounting Journal,Accounting,B,0.04926031089029726,320,0,0.0,9.784350366619586e-05,-0.007181618035176926,False,False
Revue internationale P M E Économie et gestion de la petite et moyenne entreprise,Urban Studies,X,0.04991098791452075,384,0,0.0,9.90721556233165e-05,-0.007271799894202704,False,False
International Journal of Marketing Studies,Sociology and Political Science,X,0.04998501646802375,482,0,0.0,9.921127863682613e-05,-0.0072820113881240335,False,False
Revista de estudios empresariales,Economics and Econometrics,X,0.050136511261211034,156,0,0.0,9.94955685013348e-05,-0.00730287798776195,False,False
International Journal of Economics and Business Research,Accounting,B,0.05147443395357759,1030,0,0.0,0.00010200870818959065,-0.00748733999733666,False,False
American Journal of Economics and Sociology,Economics and Econometrics,E,0.051614121503923104,466,0,0.0,0.00010226610259799062,-0.007506232496646838,False,False
Finance Contrôle Stratégie,Accounting,B,0.05199939477967483,267,0,0.0,0.00010297364597849306,-0.007558165492826348,False,False
The Journal of developing areas,Economics and Econometrics,E,0.0523208077690222,921,0,0.0,0.00010356127916703689,-0.0076012971975056125,False,False
Management,Economics and Econometrics,X,0.052785469871603534,237,0,0.0,0.00010440664004007178,-0.007663345863636093,False,False
Dirección y Organización,Economics and Econometrics,X,0.05286546413108924,191,0,0.0,0.00010455167936314486,-0.00767399160892691,False,False
Cuadernos de Economía,"General Economics, Econometrics and Finance",E,0.0528733541402162,315,0,0.0,0.00010456597705559129,-0.007675041045650732,False,False
International Journal of Advanced Operations Management,Management Information Systems,B,0.05312304204153008,286,0,0.0,0.00010501771469969781,-0.007708198149500485,False,False
World Review of Entrepreneurship Management and Sustainable Development,Management of Technology and Innovation,B,0.05393207303469741,675,0,0.0,0.0001064903145652802,-0.0078162855478151,False,False
International Review,Economics and Econometrics,E,0.05568784537743533,300,0,0.0,0.00010960379237914734,-0.008044811792096727,False,False
Journal of Governance and Regulation,Accounting,B,0.05592702966964248,775,0,0.0,0.00011002399609027836,-0.008075654335926743,False,False
Indonesian Journal of Sustainability Accounting and Management,Strategy and Management,B,0.05789332707831862,217,0,0.0,0.00011347366717330582,-0.008328856839281676,False,False
International Journal of Services Operations and Informatics,Management Information Systems,B,0.058400140502198196,197,0,0.0,0.00011437935763933892,-0.00839533363887934,False,False
ECONOMIC COMPUTATION AND ECONOMIC CYBERNETICS STUDIES AND RESEARCH,Economics and Econometrics,E,0.0596013318791607,655,0,0.0,0.00011645406980608243,-0.008547615494661187,False,False
Nova Economia,"General Economics, Econometrics and Finance",E,0.05969834565015752,371,0,0.0,0.00011662140091571155,-0.008559897435410758,False,False
International Journal of Business Innovation and Research,Information Systems and Management,B,0.060626227920744624,1697,0,0.0,0.00011822128996677777,-0.008677327736175721,False,False
International Journal of Organizational Leadership,Organizational Behavior and Human Resource Management,B,0.06109654303562359,363,0,0.0,0.0001192139511884627,-0.008750188104675958,False,False
Ekonomi Politika ve Finans Arastirmalari Dergisi,Economics and Econometrics,E,0.061595454543528994,332,0,0.0,0.00012007702965893057,-0.008813537225231077,False,False
International Journal of Business Environment,Strategy and Management,B,0.062006388252082156,353,0,0.0,0.0001207884976544256,-0.00886575828433511,False,False
Global Business and Economics Review,Accounting,B,0.06285625823850484,817,0,0.0,0.0001222689184376703,-0.008974419730401808,False,False
Journal of Service Science and Management,Organizational Behavior and Human Resource Management,B,0.06355945485818706,501,0,0.0,0.00012355540386392794,-0.009068846509830355,False,False
International Journal of Business Excellence,Management Information Systems,B,0.06381532073003279,1695,0,0.0,0.00012400183121817507,-0.00910161384356766,False,False
International Journal of Knowledge Management Studies,Communication,X,0.06397351260392697,396,0,0.0,0.00012440069944517107,-0.009130890383606803,False,False
Comparative Economic Research Central and Eastern Europe,Economics and Econometrics,E,0.06418756948687211,359,0,0.0,0.00012485666004767788,-0.009164357448497126,False,False
International Journal of Innovation,Information Systems and Management,X,0.06465044336200057,260,0,0.0,0.00012570474674907946,-0.00922660618777938,False,False
Investigación Económica,"General Economics, Econometrics and Finance",E,0.06533029647149102,291,0,0.0,0.00012690292651407447,-0.009314551417531462,False,False
Marketing and Management of Innovations,"Management, Monitoring, Policy and Law",X,0.06544163561560194,780,0,0.0,0.0001270997927607886,-0.009329001208625853,False,False
Journal of health economics and outcomes research,Economics and Econometrics,E,0.06598434156137586,390,0,0.0,0.0001280623496376153,-0.009399651947484159,False,False
Journal of East European Management Studies,Economics and Econometrics,B,0.06609461378782713,335,0,0.0,0.00012825857459732953,-0.009414054668736285,False,False
International Journal of Globalisation and Small Business,Strategy and Management,B,0.06621551905480404,256,0,0.0,0.00012847398657550948,-0.009429865698488122,False,False
Journal of Public Administration and Governance,Accounting,B,0.0676854539571136,527,0,0.0,0.00013121539698443703,-0.009631082557010921,False,False
International Journal of Technology Management,Strategy and Management,B,0.06922727284244906,800,0,0.0,0.00013430265647304464,-0.009857684401710762,False,False
International Journal of Economics and Financial Issues,Accounting,A,0.06982485657084281,1356,0,0.0,0.00013542931559901083,-0.009940380086098145,False,False
Zagreb international review of economics and business/Zagreb international review of economics & business,Economics and Econometrics,E,0.07141573398382473,215,0,0.0,0.00013854530424347615,-0.010169090622904381,False,False
Revista Contabilidade & Finanças,Accounting,B,0.07188435977174128,426,0,0.0,0.00013944573055856243,-0.01023518103894092,False,False
Journal of Applied Business and Economics,Accounting,B,0.07211334799392483,953,0,0.0,0.00014000134880059675,-0.010275962877674743,False,False
International Journal of Procurement Management,Strategy and Management,B,0.07227794815355124,941,0,0.0,0.00014039668132858024,-0.010304979900844153,False,False
Studies in Business and Economics,Accounting,X,0.07302383361417597,540,0,0.0,0.00014186131608871587,-0.010412482668163504,False,False
International Journal of Management and Enterprise Development,Management of Technology and Innovation,B,0.07359018838934904,344,0,0.0,0.00014297487872424875,-0.01049421708288689,False,False
Journal of global entrepreneurship research,Management of Technology and Innovation,B,0.07426825620452909,324,0,0.0,0.00014438512072846273,-0.010597727474808048,False,False
International Business Research,Accounting,B,0.07511293806452253,1581,0,0.0,0.00014621914884092554,-0.010732343355024477,False,False
International Journal of Business and Social Science,Accounting,B,0.07527953323488532,498,0,0.0,0.00014665947711603672,-0.010764663022283382,False,False
International Journal of Asian Business and Information Management,Information Systems and Management,B,0.0752963837545079,322,0,0.0,0.00014670397335746498,-0.01076792900314021,False,False
The Indian Economic Journal,Finance,E,0.07644493923334786,476,0,0.0,0.00014917738723437202,-0.010949475176787602,False,False
Foresight-Russia,Development,X,0.07820243484080484,434,0,0.0,0.00015285546471961457,-0.011219442487983983,False,False
Estudos Econômicos (São Paulo),"General Economics, Econometrics and Finance",E,0.07889880128937668,262,0,0.0,0.0001543531070098528,-0.011329367975919413,False,False
Gestão & Produção,Information Systems and Management,X,0.08000658272423841,577,0,0.0,0.00015675932571578756,-0.011505982089351774,False,False
Asian-Pacific Economic Literature,"General Economics, Econometrics and Finance",E,0.08009434671172724,345,0,0.0,0.00015698368018837285,-0.011522449489498114,False,False
Journal of Business Finance &amp Accounting,Accounting,A,1.24111372169905,567,5,0.008818342151675485,0.008975642510669596,-0.011545693405930302,False,False
VISIÓN GERENCIAL,Economics and Econometrics,X,0.08043393248172911,129,0,0.0,0.0001576983453197414,-0.011574905215266667,False,False
J for International Business and Entrepreneurship Development,Management of Technology and Innovation,B,0.08092784751269877,345,0,0.0,0.00015873237327059547,-0.01165080186146676,False,False
Asian Academy of Management Journal,Accounting,B,0.0831937477869048,200,0,0.0,0.00016346859278714107,-0.011998435768921897,False,False
The International Food and Agribusiness Management Review,Plant Science,B,0.08322569463320514,474,0,0.0,0.00016353984375302153,-0.012003665520539712,False,False
MONTENEGRIN JOURNAL OF ECONOMICS,Development,E,0.08356436570050992,543,0,0.0,0.00016424361964382064,-0.012055321986638152,False,False
Problems and Perspectives in Management,"Management, Monitoring, Policy and Law",X,0.08476345780110772,1641,0,0.0,0.0001667061477933219,-0.012236069158478231,False,False
Retos,Economics and Econometrics,E,0.08511971441705599,184,0,0.0,0.0001674250075985338,-0.012288832769228375,False,False
OEconomia,Economics and Econometrics,E,0.08544778858737938,438,0,0.0,0.00016808325040562917,-0.012337147151255097,False,False
International Journal of Business and Management,Accounting,B,0.0857155911494426,1936,0,0.0,0.000168617846200707,-0.012376385962822586,False,False
Acta Commercii,Management of Technology and Innovation,B,0.08572716843862487,297,0,0.0,0.00016864090130780884,-0.012378078185267219,False,False
International Journal of Business and Society,Accounting,B,0.08620891205130855,584,0,0.0,0.00016979820778289444,-0.012463023355281334,False,False
Banks and Bank Systems,Accounting,B,0.08868057456403543,638,0,0.0,0.00017485994505132962,-0.012834549949221985,False,False
Journal of Occupational and Organizational Psychology,Organizational Behavior and Human Resource Management,B,0.7544753969201229,430,1,0.002325581395348837,0.0025052288686187255,-0.013185949865517079,False,False
Russian Management Journal,Development,X,0.09134335169423582,269,0,0.0,0.0001797944929906832,-0.01319674097007512,False,False
International Journal for Quality Research,"Management, Monitoring, Policy and Law",X,0.09194742407040478,454,0,0.0,0.00018102946451036456,-0.013287386678848299,False,False
Décisions Marketing,Strategy and Management,B,0.0926602562081417,362,0,0.0,0.00018229477569512383,-0.013380259289538728,False,False
ETIKONOMI,Accounting,X,0.09338913979429295,274,0,0.0,0.0001835588600853883,-0.013473041854706061,False,False
Business and Economic Research,Accounting,B,0.09421649691519109,577,0,0.0,0.00018519587755069658,-0.013593197344976176,False,False
Strategic Management,Strategy and Management,B,0.09495443009895889,167,0,0.0,0.0001864327765536509,-0.013683984529147486,False,False
International Journal of Managerial and Financial Accounting,Accounting,B,0.09577445752235797,378,0,0.0,0.0001878332533061826,-0.013786778161089986,False,False
Estudios Gerenciales,Economics and Econometrics,E,0.0979970162944874,442,0,0.0,0.00019169663805269357,-0.014070346845087924,False,False
The Business History Review,Economics and Econometrics,B,0.0994604988545316,1111,0,0.0,0.00019414843661493675,-0.014250306475655712,False,False
Value in Health,Economics and Econometrics,E,0.13245928585259384,41403,2,4.8305678332487985e-05,0.00024390470305585418,-0.014356778232397486,False,False
International Journal of Automotive Technology and Management,Strategy and Management,B,0.10100809236181257,352,0,0.0,0.00019677358143399475,-0.014442989552927929,False,False
Investment Management and Financial Innovations,Accounting,B,0.10112861474285656,1122,0,0.0,0.00019694669617585254,-0.01445569600665962,False,False
Vision The Journal of Business Perspective,Accounting,B,0.10260391891085142,885,0,0.0,0.00019928209376973718,-0.014627111919327362,False,False
Journal of Transport and Supply Chain Management,Management Information Systems,B,0.10338625298991702,249,0,0.0,0.00020056720010010765,-0.014721437474458697,False,False
El Trimestre Económico,"General Economics, Econometrics and Finance",E,0.10423077468945172,538,0,0.0,0.00020170125456592787,-0.014804675969600825,False,False
African Journal of Economic and Management Studies,Economics and Econometrics,E,0.10474353994149539,397,0,0.0,0.00020238421583795607,-0.01485480466291968,False,False
International Journal of Financial Research,Accounting,B,0.10539596414874002,863,0,0.0,0.00020347672471757552,-0.014934993752429735,False,False
International Journal of Productivity and Performance Management,Management Information Systems,B,0.41379839869508656,1151,1,0.0008688097306689834,0.0010723850222551803,-0.014942228464749284,False,False
The Quarterly Journal of Austrian Economics,Economics and Econometrics,E,0.10571376484505982,210,0,0.0,0.0002040353032871353,-0.01497599287632558,False,False
International Journal of Information Systems and Supply Chain Management,Management Information Systems,B,0.10662228056878023,227,0,0.0,0.00020569950799341906,-0.01509814388364895,False,False
South African Journal of Business Management,Strategy and Management,B,0.10983931345672776,362,0,0.0,0.00021031947774406768,-0.01543724517131771,False,False
Business Systems Research Journal,Management Information Systems,B,0.1133480254244381,237,0,0.0,0.0002155085413885116,-0.015818117397457077,False,False
Eastern European Economics,Finance,E,0.11544157782678645,318,0,0.0,0.00021818642468387326,-0.016014671427611996,False,False
Accounting Auditing & Accountability Journal,Management Information Systems,A,1.3429361331711942,940,10,0.010638297872340425,0.010858340349002685,-0.016150903838173296,False,False
Intangible Capital,Strategy and Management,B,0.11708457964097824,267,0,0.0,0.00022048173007009977,-0.016183144611219568,False,False
Scientific Annals of Economics and Business,Economics and Econometrics,E,0.11797913229183697,323,0,0.0,0.00022180151059482745,-0.01628001521850276,False,False
Brazilian Journal of Political Economy,"General Economics, Econometrics and Finance",E,0.1204554438274518,490,0,0.0,0.00022490152683231923,-0.016507553396167222,False,False
Asian Economic and Financial Review,Accounting,B,0.12113090072102912,840,0,0.0,0.00022585699409438312,-0.016577683764195217,False,False
Terra Economicus,"General Economics, Econometrics and Finance",E,0.12271093647997172,519,0,0.0,0.00022863311084610392,-0.01678144803453382,False,False
Central European Business Review,Marketing,B,0.12353295883557423,281,0,0.0,0.00022988172777960498,-0.016873095303413837,False,False
SA Journal of Human Resource Management,Organizational Behavior and Human Resource Management,B,0.12436887905512893,519,0,0.0,0.0002313603021475898,-0.01698162122439574,False,False
Journal of Customer Behaviour,Organizational Behavior and Human Resource Management,B,0.12576891642476343,260,0,0.0,0.0002332722198633158,-0.017121954125759082,False,False
REVISTA PROCESOS DE MERCADO,"General Economics, Econometrics and Finance",E,0.12674287616100968,512,0,0.0,0.0002345751973104908,-0.017217591403487657,False,False
IIM Kozhikode Society & Management Review,Marketing,B,0.12768723091415976,216,0,0.0,0.000236007087531951,-0.017322690753505975,False,False
Journal of technology management & innovation,Strategy and Management,B,0.1276944619058926,420,0,0.0,0.00023601672461231397,-0.017323398105834414,False,False
International Journal of Entrepreneurship and Innovation Management,Management of Technology and Innovation,B,0.13065583916868012,421,0,0.0,0.00024139495367686813,-0.017718154889883014,False,False
Accounting,Accounting,B,0.1309473472377182,533,0,0.0,0.00024179282718718635,-0.01774735841868518,False,False
Journal of Information Systems,Information Systems and Management,E,0.7203490968727262,477,1,0.0020964360587002098,0.0023391771498674965,-0.017816960072820857,False,False
IIMB Management Review,Accounting,B,0.13190925070880513,408,0,0.0,0.0002431174431771587,-0.017844583944415775,False,False
South African Journal of Economic and Management Sciences,Economics and Econometrics,A,0.132395109421941,523,0,0.0,0.00024381373131841094,-0.017895690816977866,False,False
Journal of Quantitative Economics,"General Economics, Econometrics and Finance",E,0.13290039581580837,417,0,0.0,0.0002446261248232092,-0.01795531971033418,False,False
Journal of Entrepreneurship and Sustainability Issues,"Management, Monitoring, Policy and Law",X,0.1341430470289269,1234,0,0.0,0.0002468547756294309,-0.018118900512578116,False,False
Journal of Intelligence Studies in Business,Strategy and Management,B,0.13459263177570077,189,0,0.0,0.0002475049262124868,-0.018166620933228465,False,False
Nankai Business Review International,Accounting,B,0.13463632208938087,284,0,0.0,0.0002475684720272316,-0.01817128513424469,False,False
Quality Innovation Prosperity,Management Information Systems,B,0.1357960722574009,255,0,0.0,0.00024996321788369445,-0.01834705715168095,False,False
Panoeconomicus,Finance,E,0.13640734187802595,334,0,0.0,0.0002511669204225764,-0.0184354077476665,False,False
American Business Review,Accounting,B,0.13815265356899606,134,0,0.0,0.00025387096333777935,-0.018633881868482586,False,False
Studia Universitatis „Vasile Goldis” Arad – Economics Series,Economics and Econometrics,E,0.1431390952017271,214,0,0.0,0.00026240513390050375,-0.019260281689952925,False,False
Organizacija,Organizational Behavior and Human Resource Management,B,0.14418263253403663,241,0,0.0,0.0002643225087074497,-0.019401015136505845,False,False
BAR - Brazilian Administration Review,Strategy and Management,B,0.14607141980106278,262,0,0.0,0.0002678521312676382,-0.019660086000547018,False,False
South Asian Journal of Human Resources Management,Organizational Behavior and Human Resource Management,B,0.14619541897746705,200,0,0.0,0.00026808045493626793,-0.019676844735823745,False,False
Prague Economic Papers,"General Economics, Econometrics and Finance",E,0.14620876878361166,374,0,0.0,0.00026811352861903456,-0.019679272311981043,False,False
International Insolvency Review,Accounting,B,0.14687250346143763,269,0,0.0,0.00026945430533598363,-0.01977768401935854,False,False
Revue de l'OFCE/La Revue de l'OFCE,Urban Studies,E,0.14818956892775903,409,0,0.0,0.00027205012210969743,-0.019968214446618355,False,False
Journal of Current Issues & Research in Advertising,Marketing,B,0.9959817217443364,214,1,0.004672897196261682,0.004945073219916122,-0.019977455497587525,False,False
Technology Innovation Management Review,Management of Technology and Innovation,B,0.63413370224766,590,1,0.001694915254237288,0.00196743177960475,-0.020002447992251128,False,False
Contemporary Economics,"General Economics, Econometrics and Finance",E,0.1489369582717017,199,0,0.0,0.00027359408978095567,-0.020081540172478162,False,False
St Petersburg University Journal of Economic Studies,Development,X,0.1496935745021716,246,0,0.0,0.00027504949119779373,-0.020188365221377114,False,False
China Journal of Accounting Studies,Accounting,B,0.152860370324762,267,0,0.0,0.00028205016800161533,-0.02070220809197068,False,False
Organizations and Markets in Emerging Economies,Sociology and Political Science,X,0.15325589852537774,205,0,0.0,0.00028289396761051877,-0.02076414216283194,False,False
Macroeconomics and Finance in Emerging Market Economies,"General Economics, Econometrics and Finance",E,0.15336502559062604,254,0,0.0,0.00028312453974559934,-0.020781065933359957,False,False
Bulletin of Monetary Economics and Banking,Economics and Econometrics,E,0.15574869817191894,331,0,0.0,0.0002882542078040565,-0.02115757858123864,False,False
Journal of International Commerce Economics and Policy,"General Economics, Econometrics and Finance",E,0.15682826444284725,193,0,0.0,0.00029097457379441427,-0.02135725079990005,False,False
Health Services and Outcomes Research Methodology,Economics and Econometrics,X,0.1595386013801815,197,0,0.0,0.0002965805050455182,-0.021768720703044978,False,False
Polish Journal of Management Studies,"Management, Monitoring, Policy and Law",X,0.15993386148002392,1042,0,0.0,0.0002973586599634571,-0.021825836517416233,False,False
The Developing Economies,"General Economics, Econometrics and Finance",E,0.1608395648101067,288,0,0.0,0.0002991453123832708,-0.021956975067855933,False,False
Engineering Economics,Strategy and Management,X,0.16426649150889291,549,0,0.0,0.0003067616022199657,-0.02251600333649755,False,False
Agricultural Economics (Zemědělská ekonomika),General Agricultural and Biological Sciences,X,0.1643644747164163,549,0,0.0,0.0003069887903708787,-0.022532678725877938,False,False
RAUSP Management Journal,Accounting,B,0.16454853963985808,211,0,0.0,0.000307507005722551,-0.02257071522882628,False,False
International Journal of Ethics and Systems,Accounting,X,0.16603918811992116,340,0,0.0,0.00031089111527769244,-0.02281910557978031,False,False
Economics & Sociology,"Management, Monitoring, Policy and Law",X,0.1675423562209118,765,0,0.0,0.0003142074290352732,-0.023062519785111712,False,False
Review of Pacific Basin Financial Markets and Policies,Accounting,B,0.16875988704917938,321,0,0.0,0.0003166732775162407,-0.023243510666053027,False,False
South East European Journal of Economics and Business,Economics and Econometrics,E,0.16969306253685096,193,0,0.0,0.00031856643536415396,-0.023382466611359266,False,False
Corporate Ownership and Control,Accounting,B,0.1700872398126508,1229,0,0.0,0.00031972916333184646,-0.023467809713659374,False,False
Journal of Brand Management,Marketing,B,0.7789297215482947,431,1,0.002320185614849188,0.0026408564049910767,-0.023536924205966165,False,False
Evidence-based HRM a Global Forum for Empirical Scholarship,Organizational Behavior and Human Resource Management,B,0.1726246787594075,317,0,0.0,0.00032574717443196864,-0.023909525877054128,False,False
Acta Oeconomica,Finance,E,0.17287030824777952,431,0,0.0,0.00032624900060045624,-0.02394635942989203,False,False
World,"Management, Monitoring, Policy and Law",X,0.17388291572857936,238,0,0.0,0.00032832145935115424,-0.024098475887127147,False,False
Accounting Education,Accounting,B,0.8623350848430325,341,1,0.002932551319648094,0.0032613300995866577,-0.024132042773587013,False,False
Investment Analysts Journal,Finance,A,0.17667637299575606,211,0,0.0,0.0003346635007701801,-0.02456397556087249,False,False
National Accounting Review,Economics and Econometrics,E,0.17815705166245932,131,0,0.0,0.0003384575940028714,-0.02484245831512868,False,False
Stochastics,Finance,X,0.18077482940937548,500,0,0.0,0.0003446599923823028,-0.02529770832554369,False,False
International Advances in Economic Research,"General Economics, Econometrics and Finance",E,0.18150069919111883,413,0,0.0,0.0003461728900207164,-0.025408753541202315,False,False
International Journal of Economic Policy Studies,Economics and Econometrics,E,0.18351265876480818,157,0,0.0,0.00035060431391158576,-0.025734015746087732,False,False
Real Estate Management and Valuation,Economics and Econometrics,E,0.1849992057814822,370,0,0.0,0.00035460581813901603,-0.02602772226569061,False,False
Economic Papers A journal of applied economics and policy,Economics and Econometrics,E,0.18695846972242275,274,0,0.0,0.00036014100726785767,-0.026433999765844544,False,False
Academia Revista Latinoamericana de Administración,Accounting,B,0.1883250948270478,302,0,0.0,0.0003644466563626109,-0.02675003022298675,False,False
International Journal of Social Economics,Economics and Econometrics,E,0.18860480542329935,1091,0,0.0,0.00036506155368882506,-0.026795163088861908,False,False
DECISION,Accounting,B,0.18876451186951396,302,0,0.0,0.0003654131017750068,-0.026820966376574988,False,False
Industrial and Commercial Training,Organizational Behavior and Human Resource Management,B,0.19000910263337106,371,0,0.0,0.0003681658628380412,-0.027023016362072907,False,False
Journal of Financial Economic Policy,Finance,E,0.19137107860984567,357,0,0.0,0.00037127809258778727,-0.02725145099966155,False,False
International Journal of Economic Theory,Economics and Econometrics,E,0.19232927167289066,290,0,0.0,0.0003734448848879564,-0.02741049144770668,False,False
The International Trade Journal,"General Economics, Econometrics and Finance",E,0.19329372344991305,361,0,0.0,0.0003756492013036004,-0.027572286129342708,False,False
Journal of Human Resources in Hospitality & Tourism,Organizational Behavior and Human Resource Management,B,0.19389562833095456,262,0,0.0,0.00037704727053041793,-0.027674903051238642,False,False
Asia-Pacific Journal of Regional Science,Economics and Econometrics,E,0.19399102583845687,366,0,0.0,0.00037726830114212436,-0.027691126483228287,False,False
FIIB Business Review,Sociology and Political Science,X,0.19500321950730778,620,0,0.0,0.0003797625285902533,-0.027874200352766186,False,False
Journal of the Asia Pacific Economy,"General Economics, Econometrics and Finance",E,0.19590062720335882,549,0,0.0,0.00038218721989117236,-0.028052170336709363,False,False
Enterprise & Society,Economics and Econometrics,B,0.19686690148158917,842,0,0.0,0.00038493505090686145,-0.028253858461525658,False,False
Mathematical Methods of Operations Research,Numerical Analysis,X,0.19691384003903498,361,0,0.0,0.0003850480394857263,-0.028262151713354753,False,False
Bulletin of Economic Research,Economics and Econometrics,E,0.19735673587341687,412,0,0.0,0.00038636263576419445,-0.028358641802003173,False,False
Economics and Business Letters,"General Economics, Econometrics and Finance",E,0.1981910616796788,257,0,0.0,0.00038851026055206853,-0.028516275373282555,False,False
International Journal of Sport Finance,Economics and Econometrics,X,0.19846190214788528,282,0,0.0,0.0003892180374415808,-0.02856822550879634,False,False
Health Marketing Quarterly,Organizational Behavior and Human Resource Management,B,0.19856816000941865,228,0,0.0,0.00038947923220759455,-0.028587396950660256,False,False
Journal of Quality Assurance in Hospitality & Tourism,Organizational Behavior and Human Resource Management,B,0.198807499311725,521,0,0.0,0.00039006885869299635,-0.0286306749613908,False,False
International Game Theory Review,Management Science and Operations Research,X,0.1988995356483663,280,0,0.0,0.00039029607375309986,-0.02864735232587961,False,False
Economies,Economics and Econometrics,E,0.20239237967291804,1586,0,0.0,0.00039923315187232605,-0.02930332517024735,False,False
Human Systems Management,Management Science and Operations Research,B,0.20248108289630004,487,0,0.0,0.00039946046922098566,-0.029320010042616716,False,False
Revue d économie politique,Urban Studies,E,0.2026521557395057,372,0,0.0,0.00039989923561810803,-0.029352215069549867,False,False
Management & Marketing,Marketing,B,0.20409318809363902,300,0,0.0,0.00040489537033366153,-0.029718926499894823,False,False
OPEC Energy Review,Economics and Econometrics,E,0.20492814960907574,218,0,0.0,0.00040706846561936247,-0.02987842958094955,False,False
Journal of Economics Finance and Administrative Science,Accounting,E,0.20769578358311702,205,0,0.0,0.00041724451102592063,-0.030625341419550912,False,False
Australasian Accounting Business and Finance Journal,Accounting,B,0.20864918657864284,394,0,0.0,0.00041997307820497334,-0.03082561559748846,False,False
Journal of International Food & Agribusiness Marketing,Plant Science,B,0.2103337681445312,300,0,0.0,0.00042591453458805346,-0.03126171271908701,False,False
Review of Political Economy,"General Economics, Econometrics and Finance",E,0.6273248591519857,660,1,0.0015151515151515152,0.0019411601768374758,-0.03126862155655297,False,False
Journal of Entrepreneurship Management and Innovation,Management of Technology and Innovation,B,0.21130442159672144,271,0,0.0,0.00042856213375992946,-0.03145604392402355,False,False
International Journal of Financial Engineering,Finance,E,0.21134995375237234,437,0,0.0,0.0004286861021036446,-0.03146514307991695,False,False
Asian Journal of Accounting Research,Accounting,B,0.21566002754860517,198,0,0.0,0.0004416939290401751,-0.03241990492945732,False,False
Asia-Pacific Journal of Accounting & Economics,Accounting,A,0.21659208839580363,492,0,0.0,0.00044429353901451885,-0.032610713773955226,False,False
International Journal of Innovation and Technology Management,Strategy and Management,B,0.21749594311658288,601,0,0.0,0.0004468245477118047,-0.03279648735141858,False,False
International Journal of Pharmaceutical and Healthcare Marketing,Pharmacology,X,0.21766109144643864,320,0,0.0,0.0004472880231925749,-0.03283050600106667,False,False
International Journal of Strategic Property Management,Economics and Econometrics,B,0.2188891180155002,331,0,0.0,0.00045076556566539636,-0.03308575423733293,False,False
International Journal of Entrepreneurial Venturing,Management of Technology and Innovation,B,0.21987111132561854,419,0,0.0,0.0004535378631160365,-0.033289238174685744,False,False
Revista de Contabilidad,Accounting,B,0.22171340771822176,206,0,0.0,0.00045874769943864965,-0.033671635095205314,False,False
Journal of Corporate Accounting & Finance,Accounting,B,0.22202757746562934,669,0,0.0,0.0004599212660345217,-0.03375777374227533,False,False
Asian Journal of Business Research,Sociology and Political Science,X,0.2256085057885377,188,0,0.0,0.00047028649731111974,-0.03451857163979087,False,False
Chinese Management Studies,Organizational Behavior and Human Resource Management,B,0.22592121188395428,595,0,0.0,0.0004712472885391146,-0.03458909278174167,False,False
Journal of Financial Management of Property and Construction,Management Science and Operations Research,X,0.22655845109205583,211,0,0.0,0.0004730092652546967,-0.03471842015948314,False,False
Land Economics,Economics and Econometrics,E,0.7530979612705971,495,1,0.00202020202020202,0.002497377300069625,-0.03502420158142548,False,False
Journal of Accounting Auditing & Finance,Accounting,A,0.8566631609278663,366,1,0.00273224043715847,0.00321053618009354,-0.03510644248114337,False,False
Journal of Modelling in Management,Strategy and Management,B,0.23123283337795908,590,0,0.0,0.0004862671666486695,-0.03569153723105064,False,False
Equilibrium Quarterly Journal of Economics and Economic Policy,Political Science and International Relations,X,0.23160835531390087,379,0,0.0,0.0004874394349867067,-0.03577758058725788,False,False
Property Management,Economics and Econometrics,X,0.23211445112109308,391,0,0.0,0.0004887998363219079,-0.03587743272253393,False,False
GLOBAL BUSINESS & FINANCE REVIEW,Accounting,B,0.23364160749613064,435,0,0.0,0.000493916522342174,-0.036252992501431915,False,False
Management Science Letters,Organizational Behavior and Human Resource Management,B,0.23588351187882786,1374,0,0.0,0.0005003231959990946,-0.03672323611859635,False,False
Health Services Management Research,Economics and Econometrics,X,0.23606131057345953,249,0,0.0,0.0005008169781278433,-0.0367594792467387,False,False
The Accounting Review,Accounting,A,3.3607997171380486,1111,43,0.0387038703870387,0.03921162443163209,-0.0372686531803517,False,False
Economic Affairs,"General Economics, Econometrics and Finance",E,0.23842323190123124,554,0,0.0,0.0005090595208331973,-0.037364473867029846,False,False
Review of Business Management,Information Systems and Management,X,0.2387698635418777,375,0,0.0,0.0005100039422116558,-0.0374337934779412,False,False
International Journal of Advertising,Marketing,B,1.279465392631341,656,6,0.009146341463414634,0.009659563748133326,-0.037670016688740766,False,False
Journal of Banking Regulation,Finance,E,0.24062158521578456,252,0,0.0,0.0005150506981874474,-0.03780422045956822,False,False
Journal of Responsible Innovation,Global and Planetary Change,X,1.1881863514889839,398,3,0.007537688442211055,0.008052873489197181,-0.03781408153076299,False,False
International Economic Journal,"General Economics, Econometrics and Finance",E,0.24266246433462138,306,0,0.0,0.0005214353051091262,-0.03827284439982156,False,False
International Journal of Innovation Studies,Strategy and Management,B,0.24266642596815366,136,0,0.0,0.0005214461480921805,-0.038273640264235034,False,False
Financial Services Review,Accounting,B,0.2428248198140957,182,0,0.0,0.0005221377301937852,-0.038324401718062714,False,False
Asia-Pacific Financial Markets,Finance,A,0.24294527723565176,297,0,0.0,0.0005227096881229705,-0.038366382873946225,False,False
South African Journal of Economics,Law,E,0.24304265313216789,265,0,0.0,0.000523007100804275,-0.03838821267557755,False,False
Studies in Nonlinear Dynamics and Econometrics,"General Economics, Econometrics and Finance",E,0.24363203389337604,361,0,0.0,0.0005247315190395908,-0.038514783297385835,False,False
Contemporary Accounting Research,Accounting,A,2.319519001537428,788,21,0.0266497461928934,0.027178231725243876,-0.03879032422435137,False,False
Foreign Trade Review,"General Economics, Econometrics and Finance",E,0.24558002592733175,287,0,0.0,0.0005312471000806603,-0.0389930206106554,False,False
Administrative Sciences,Management of Technology and Innovation,B,0.24648327778073678,1321,0,0.0,0.0005355317180031127,-0.039307507400199476,False,False
Annals of Financial Economics,Economics and Econometrics,E,0.24824233299770376,206,0,0.0,0.0005417054899098175,-0.03976065625535007,False,False
The Journal of Entrepreneurship,Management of Technology and Innovation,B,0.2524345506960844,230,0,0.0,0.0005541711579412379,-0.04067562416840025,False,False
Journal of General Management,Strategy and Management,B,0.2524465343693249,334,0,0.0,0.0005542048669060166,-0.040678098373639546,False,False
Journal of Advances in Management Research,Management Information Systems,B,0.2533006147279187,338,0,0.0,0.0005566138439181419,-0.04085491494406438,False,False
Management Research The Journal of the Iberoamerican Academy of Management,Strategy and Management,B,0.25337155818792606,218,0,0.0,0.0005568145957048816,-0.0408696499300187,False,False
Corporate Reputation Review,Strategy and Management,B,0.2536710284555156,250,0,0.0,0.0005576632851559375,-0.04093194291053953,False,False
Health Economics Review,General Health Professions,X,0.2538961453114908,510,0,0.0,0.0005583026921756472,-0.040978874764086314,False,False
Annals of Economics and Statistics,Economics and Econometrics,E,0.2543742046837493,324,0,0.0,0.0005596650320203243,-0.041078869184073066,False,False
Evolutionary and Institutional Economics Review,Economics and Econometrics,E,0.25634175972867074,296,0,0.0,0.0005657003104803316,-0.04152185275489421,False,False
New Zealand Economic Papers,Economics and Econometrics,E,0.2579395533557243,211,0,0.0,0.0005721824932773094,-0.04199763866952078,False,False
Journal of Financial Services Marketing,Organizational Behavior and Human Resource Management,B,0.258912707906274,324,0,0.0,0.0005751039973780506,-0.042212074229916345,False,False
Scottish Journal of Political Economy,Economics and Econometrics,E,0.25934454576563104,272,0,0.0,0.0005768187881495933,-0.04233793820524454,False,False
Journal of Islamic accounting and business research,Accounting,B,0.2594981448890997,700,0,0.0,0.0005775408907074144,-0.042390939830883254,False,False
ISRA International Journal of Islamic Finance,Accounting,B,0.2601799418826976,194,0,0.0,0.00058049815840474,-0.04260800040449492,False,False
Innovation & Management Review,Strategy and Management,B,0.26055260737844854,164,0,0.0,0.0005816434962235376,-0.042692067086774706,False,False
Economic Record,Economics and Econometrics,E,0.26065878897726275,630,0,0.0,0.0005819952626788111,-0.042717886402566796,False,False
Journal of Economic Integration,"General Economics, Econometrics and Finance",E,0.2610032063927365,302,0,0.0,0.0005835855025707595,-0.04283460846443446,False,False
Cost Effectiveness and Resource Allocation,Economics and Econometrics,E,0.26298740507876817,527,0,0.0,0.0005904881586527707,-0.043341256709353376,False,False
Science Technology and Society,Strategy and Management,B,0.2653187891720199,327,0,0.0,0.0005986213300415332,-0.0439382235813492,False,False
Journal of Entrepreneurship and Public Policy,Management of Technology and Innovation,X,0.26563165718024984,256,0,0.0,0.0005996699335616495,-0.04401519006016121,False,False
PharmacoEconomics - Open,Economics and Econometrics,E,0.2664897528736253,500,0,0.0,0.0006025865785344312,-0.04422926896528912,False,False
Qualitative Research in Financial Markets,Accounting,B,0.2688311532298496,334,0,0.0,0.0006113716890157664,-0.04487408753279486,False,False
Communications of the Association for Information Systems,Management Information Systems,B,0.2699932189528366,764,0,0.0,0.0006156023749828446,-0.04518461576925289,False,False
Journal of Indian Business Research,Marketing,B,0.271894581330679,221,0,0.0,0.0006231757732764216,-0.0457404958403334,False,False
Journal of Economic Interaction and Coordination,Economics and Econometrics,E,0.2720317816649701,280,0,0.0,0.0006237576036570637,-0.045783201624554785,False,False
Journal of Business Economics and Management,Accounting,B,0.27669388753544505,637,0,0.0,0.0006424238954969552,-0.04715328929623691,False,False
International Review of Economics,Safety Research,E,0.2775024111360503,250,0,0.0,0.0006456462307504024,-0.04738980557074088,False,False
Scandinavian Economic History Review,Economics and Econometrics,E,0.27833560039409605,256,0,0.0,0.0006489637249592505,-0.04763330642004754,False,False
management revue,Public Administration,B,0.2784536376039975,238,0,0.0,0.0006494381009124008,-0.047668125153769725,False,False
Australian Economic Papers,Economics and Econometrics,E,0.2802123721764991,315,0,0.0,0.0006565742852629849,-0.04819191414654072,False,False
Logforum,Management Information Systems,B,0.2813020587619291,384,0,0.0,0.0006610617323516625,-0.04852128839967351,False,False
The Economists Voice,Finance,E,0.2816593737344459,161,0,0.0,0.0006625089991009604,-0.04862751637188441,False,False
International Hospitality Review,Sociology and Political Science,X,0.28489602764081595,144,0,0.0,0.0006757828429043736,-0.04960180360080391,False,False
Economica,"General Economics, Econometrics and Finance",E,0.8553130437993911,397,1,0.0025188916876574307,0.003199585944467425,-0.04996229660607444,False,False
Journal of Small Business Strategy,Management of Technology and Innovation,B,0.287132264249623,153,0,0.0,0.000685062764091568,-0.050282940793011814,False,False
World Journal of Entrepreneurship Management and Sustainable Development,Management of Technology and Innovation,B,0.2875151758718854,274,0,0.0,0.0006865888138815719,-0.05039495136380923,False,False
Risk Management and Insurance Review,Economics and Econometrics,A,0.2883475071022638,206,0,0.0,0.0006900774801269887,-0.050651016074168276,False,False
Journal of Innovation Economics & Management,Strategy and Management,B,0.2884291621188484,403,0,0.0,0.000690426559681976,-0.050676638174091855,False,False
The B E Journal of Economic Analysis & Policy,Economics and Econometrics,E,0.28885736472060564,512,0,0.0,0.0006922603234633978,-0.05081123465266688,False,False
Canadian Journal of Administrative Sciences / Revue Canadienne des Sciences de l Administration,Accounting,B,0.290231065828996,389,0,0.0,0.0006979207206539742,-0.05122670230281148,False,False
International Finance,Finance,A,0.29031765285006256,244,0,0.0,0.0006982846284318782,-0.05125341277987956,False,False
Services Marketing Quarterly,Organizational Behavior and Human Resource Management,B,0.29032577924745656,202,0,0.0,0.0006983196657979431,-0.05125598448848165,False,False
Quantitative Finance,Finance,E,0.8535719524476303,1210,3,0.0024793388429752068,0.0031865558079443505,-0.05190903759674166,False,False
Journal of Economics and Finance,Accounting,A,0.29268687690252765,382,0,0.0,0.000707632011469035,-0.051939501606281066,False,False
Green Finance,Economics and Econometrics,E,0.2932007780698831,151,0,0.0,0.0007098543022734841,-0.05210261559057877,False,False
Journal of Business-to-Business Marketing,Organizational Behavior and Human Resource Management,B,0.29416081555558016,260,0,0.0,0.0007140270036784085,-0.05240888781655351,False,False
Indian Journal of Labour Economics,General Health Professions,X,0.29448339978130506,522,0,0.0,0.0007152567270982998,-0.052499148319904855,False,False
CIRIEC-España revista de economía pública social y cooperativa,Strategy and Management,X,0.29738411721762475,313,0,0.0,0.0007276509893778761,-0.053408875120198,False,False
International Journal of Global Business and Competitiveness,Strategy and Management,B,0.29860723607396766,125,0,0.0,0.0007330316888121427,-0.05380381322698153,False,False
Managerial Finance,Accounting,A,0.2990567099180053,955,0,0.0,0.0007347612115034307,-0.05393075851089508,False,False
Engineering Management Journal,Management Science and Operations Research,X,0.29912876940283933,325,0,0.0,0.0007349753556528255,-0.053946476483246804,False,False
Pacific Economic Review,"General Economics, Econometrics and Finance",E,0.301654143350461,309,0,0.0,0.0007453691174201072,-0.05470936849103814,False,False
South Asian Journal of Business Studies,Organizational Behavior and Human Resource Management,B,0.30430824560595393,195,0,0.0,0.0007556873156607338,-0.05546671420944393,False,False
Society and Business Review,Strategy and Management,B,0.30631700534411616,273,0,0.0,0.0007637058513894533,-0.056055266935453665,False,False
Journal of Financial Regulation and Compliance,Finance,A,0.30772234396872844,302,0,0.0,0.0007689258016752678,-0.05643840621103833,False,False
Journal of the History of Economic Thought,Economics and Econometrics,E,0.311426291274105,652,0,0.0,0.0007824794388492707,-0.057433230001314076,False,False
Philosophy of Management,Organizational Behavior and Human Resource Management,B,0.31369241283644095,264,0,0.0,0.0007892766724046179,-0.05793214033527891,False,False
European Review of Agricultural Economics,General Agricultural and Biological Sciences,E,0.8548558739263155,416,1,0.002403846153846154,0.003196531624628156,-0.058182342821780426,False,False
M n gement,Organizational Behavior and Human Resource Management,B,0.3165371301278437,300,0,0.0,0.0007990008975403815,-0.05864588900531196,False,False
ASIA MARKETING JOURNAL,Sociology and Political Science,X,0.31930778578479935,354,0,0.0,0.0008075714693284612,-0.059274960641330206,False,False
Review of Development Economics,Economics and Econometrics,E,0.31978108420223783,918,0,0.0,0.0008085974050832871,-0.05935026332820993,False,False
Current Issues in Auditing,Accounting,B,0.3203050499137471,213,0,0.0,0.0008100938563860176,-0.05946010139882029,False,False
Journal of Industrial Integration and Management,Industrial and Manufacturing Engineering,X,0.3207150693183584,233,0,0.0,0.0008111901553570664,-0.05954056867735614,False,False
Journal of Research in Marketing and Entrepreneurship,Management of Technology and Innovation,B,0.32162670370618757,176,0,0.0,0.000813736846342883,-0.05972749331954964,False,False
Journal of Developmental Entrepreneurship,Management of Technology and Innovation,B,0.32169896764335315,323,0,0.0,0.0008140066074091664,-0.05974729351952428,False,False
International Journal of Health Economics and Management,General Health Professions,E,0.32360396262783653,219,0,0.0,0.0008201316163654223,-0.06019686322152448,False,False
Journal of Leadership Studies,Organizational Behavior and Human Resource Management,B,0.3245413325361459,461,0,0.0,0.000823568205650235,-0.06044910553360997,False,False
China Economic Journal,"General Economics, Econometrics and Finance",E,0.3287636936556008,220,0,0.0,0.0008347286041126907,-0.06126826792942087,False,False
Journal of Nonprofit & Public Sector Marketing,Sociology and Political Science,B,0.330026690090666,260,0,0.0,0.0008387650668989846,-0.06156454037325389,False,False
Journal of Economics and Development,Economics and Econometrics,E,0.3318589618043781,216,0,0.0,0.0008452239696960937,-0.0620386175585254,False,False
Asian Review of Accounting,Accounting,B,0.33227447916245245,298,0,0.0,0.0008462427258760185,-0.06211339327158813,False,False
REVESCO Revista de Estudios Cooperativos,Strategy and Management,X,0.33227793609499673,327,0,0.0,0.0008462499645312203,-0.06211392458184175,False,False
Pacific Accounting Review,Accounting,B,0.33321111313761953,308,0,0.0,0.0008491316427426018,-0.0623254369606813,False,False
Asian Journal of Technology Innovation,Strategy and Management,B,0.33338315168666777,297,0,0.0,0.0008496402712444427,-0.06236276979817339,False,False
Journal of Organizational Ethnography,Organizational Behavior and Human Resource Management,B,0.3392639532569649,245,0,0.0,0.000867777972602853,-0.063694059442467,False,False
Environmental Economics and Policy Studies,Economics and Econometrics,E,0.34042776245860656,335,0,0.0,0.0008718590375270353,-0.06399360563985407,False,False
Journal of Global Scholars of Marketing Science,Marketing,B,0.3413323798585181,318,0,0.0,0.0008747753694508407,-0.0642076615674915,False,False
Journal of Hospitality Leisure Sport & Tourism Education,"Tourism, Leisure and Hospitality Management",B,0.34346041544209066,367,0,0.0,0.0008807451870892495,-0.06464584037765532,False,False
The Journal of Alternative Investments,Finance,A,0.34868703276332524,418,0,0.0,0.000896651677585452,-0.0658133613140848,False,False
Business and Society Review,Information Systems and Management,X,0.3489434028811955,279,0,0.0,0.0008974053592181462,-0.06586868081311464,False,False
The Journal of Fixed Income,Finance,A,0.34903026444705426,306,0,0.0,0.0008977151052488784,-0.06589141587060215,False,False
Journal of Institutional and Theoretical Economics JITE,Economics and Econometrics,E,0.34981863100629623,363,0,0.0,0.0009000019313516005,-0.06605926668304497,False,False
Journal of Entrepreneurship in Emerging Economies,Management of Technology and Innovation,B,0.3503853575428852,445,0,0.0,0.00090202415682994,-0.06620769606693114,False,False
The International Journal of Entrepreneurship and Innovation,Management of Technology and Innovation,B,0.3518846003638817,364,0,0.0,0.0009073896669149357,-0.0666015192902469,False,False
International Studies of Management and Organization,Strategy and Management,B,0.3525236075589822,231,0,0.0,0.0009088243323418948,-0.06670682233765048,False,False
Comparative Economic Studies,Finance,E,0.3535161722522026,286,0,0.0,0.0009112810268372745,-0.06688714132495013,False,False
Studies in Economics and Finance,Economics and Econometrics,A,0.3537030669118479,418,0,0.0,0.0009117355786456061,-0.06692050498571779,False,False
Journal of Education for Business,Management of Technology and Innovation,B,0.35460116414971843,576,0,0.0,0.0009143167858567605,-0.06710996308529071,False,False
International Journal of Quality and Service Sciences,Organizational Behavior and Human Resource Management,B,0.3557712446165894,311,0,0.0,0.0009178516163676708,-0.06736941620785114,False,False
World Economy,"General Economics, Econometrics and Finance",E,0.7254501032825182,1413,2,0.0014154281670205238,0.0023616712689511813,-0.0694533236429347,False,False
The B E Journal of Macroeconomics,"General Economics, Econometrics and Finance",E,0.3656759582201516,237,0,0.0,0.000947962212254992,-0.06957950466923787,False,False
The Annals of Regional Science,Economics and Econometrics,E,0.3668259422537963,656,0,0.0,0.0009516216702761988,-0.06984810532987787,False,False
Journal of Economic Geography,Economics and Econometrics,E,1.292781190253654,447,4,0.008948545861297539,0.009907695365591709,-0.07040064102743138,False,False
Qualitative Research in Organizations and Management An International Journal,Organizational Behavior and Human Resource Management,B,0.37116400302811015,273,0,0.0,0.0009634755246481104,-0.07071816671519081,False,False
Baltic Journal of Management,Organizational Behavior and Human Resource Management,B,0.3730325940087359,363,0,0.0,0.0009687322804178351,-0.07110400747750825,False,False
Empirica,"General Economics, Econometrics and Finance",E,0.37810122964657733,352,0,0.0,0.0009819494257064822,-0.07207413309057228,False,False
Contemporary Economic Policy,Economics and Econometrics,E,0.8688365212406214,426,1,0.002347417840375587,0.0033299320860348184,-0.07211559032592571,False,False
Risks,Demography,B,0.37924577306865226,1425,0,0.0,0.0009848457577522752,-0.07228672104660963,False,False
International Review on Public and Nonprofit Marketing,Marketing,B,0.37982327864183746,298,0,0.0,0.0009863996729348357,-0.07240077691012697,False,False
The Journal of Investing,Finance,A,0.3805939268130672,584,0,0.0,0.0009885148698243142,-0.07255603030519399,False,False
International Journal of Game Theory,Management Science and Operations Research,E,0.38309112394277883,423,0,0.0,0.0009951090146767397,-0.07304003412582895,False,False
International Journal of Engineering Business Management,Management Information Systems,B,0.3832542411841831,287,0,0.0,0.0009955411557160507,-0.07307175285794063,False,False
Quantitative Finance and Economics,Economics and Econometrics,E,0.38869066687645426,274,0,0.0,0.0010091209569639463,-0.07406849706580058,False,False
Agricultural and Resource Economics Review,Economics and Econometrics,E,0.3891764383433813,288,0,0.0,0.0010103038426125886,-0.07415531972228294,False,False
Journal of Chinese Economic and Business Studies,"General Economics, Econometrics and Finance",E,0.3922002134102942,248,0,0.0,0.0010177708255014615,-0.07470338900612662,False,False
Post-Communist Economies,Political Science and International Relations,E,0.39330433691967887,410,0,0.0,0.0010205326259821934,-0.07490610247609444,False,False
Africa Journal of Management,Anthropology,B,0.39761463395422836,239,0,0.0,0.0010312586391168813,-0.07569338141120306,False,False
Kyklos,Economics and Econometrics,E,0.39785027704167214,304,0,0.0,0.0010318431150493418,-0.07573628137635563,False,False
Journal of Social Entrepreneurship,Management of Technology and Innovation,B,0.3982723042529626,309,0,0.0,0.0010328715902640875,-0.07581177045712434,False,False
Measuring Business Excellence,Management Information Systems,B,0.4013472436040976,298,0,0.0,0.0010405445264599696,-0.07637495651345264,False,False
Journal of International Trade & Economic Development,"General Economics, Econometrics and Finance",E,0.4031697596085535,585,0,0.0,0.0010452732355625551,-0.07672203916382553,False,False
Open Economies Review,"General Economics, Econometrics and Finance",E,0.8731632192344689,430,1,0.002325581395348837,0.00337490093584547,-0.07701903401173628,False,False
International Journal of Wine Business Research,"Tourism, Leisure and Hospitality Management",B,0.40555704056915204,298,0,0.0,0.0010514699463660146,-0.07717687171169428,False,False
Bulletin of Indonesian Economic Studies,Sociology and Political Science,E,0.40995859422414194,296,0,0.0,0.0010627108810482735,-0.0780019453877328,False,False
Social enterprise journal,Management of Technology and Innovation,B,0.40998704925159907,298,0,0.0,0.0010627889469362586,-0.07800767534800689,False,False
History of Economics Review,Economics and Econometrics,E,0.41009687730456024,285,0,0.0,0.0010630905039609,-0.07802980934040957,False,False
German Economic Review,Economics and Econometrics,E,0.41129389262476124,238,0,0.0,0.001066164706921361,-0.0782554528486384,False,False
Journal of Asian Economics,"General Economics, Econometrics and Finance",E,0.41259588302127337,616,0,0.0,0.0010694808145715507,-0.0784988519258877,False,False
Growth and Change,Economics and Econometrics,X,0.4133240222475132,619,0,0.0,0.0010711065011270462,-0.07861817573839468,False,False
Italian Economic Journal,Economics and Econometrics,E,0.4140705032077461,285,0,0.0,0.0010730062403187276,-0.07875761474793441,False,False
Public Finance Review,Economics and Econometrics,E,0.41691587391530366,282,0,0.0,0.0010804593014626211,-0.07930466218923281,False,False
Accounting Perspectives,Accounting,B,0.4179265772732368,216,0,0.0,0.0010826302568100964,-0.07946400820090245,False,False
Operations and Supply Chain Management An International Journal,Management Information Systems,B,0.42187546861187813,304,0,0.0,0.0010920845348635275,-0.08015794301756371,False,False
Journal of Regional Science,Economics and Econometrics,E,0.8412511514619699,504,1,0.001984126984126984,0.003077121577690159,-0.08022474044126142,False,False
Indian Economic Review,"General Economics, Econometrics and Finance",E,0.4266079599756363,253,0,0.0,0.0011043640615574703,-0.08105924833742957,False,False
History of Political Economy,Economics and Econometrics,E,0.43051422671406014,629,0,0.0,0.0011120537442190009,-0.08162366356805376,False,False
Journal of Agribusiness in Developing and Emerging Economies,General Agricultural and Biological Sciences,X,0.43126437530543116,433,0,0.0,0.0011140174332557478,-0.08176779643404243,False,False
The Journal of Financial Research,Finance,A,0.43221790742799465,339,0,0.0,0.0011167556935011687,-0.08196878207362676,False,False
Journal of European real estate research,Economics and Econometrics,A,0.4332959320648457,213,0,0.0,0.0011187219910656022,-0.08211310640301132,False,False
Review of Radical Political Economics,Sociology and Political Science,X,0.4337152961196064,602,0,0.0,0.001119595488823692,-0.08217722028914715,False,False
Erasmus Journal for Philosophy and Economics,Economics and Econometrics,E,0.4343782779672774,284,0,0.0,0.0011216927469922546,-0.08233115699954088,False,False
Review of Behavioral Finance,Finance,A,0.4354069733696028,302,0,0.0,0.0011236851209765052,-0.08247739531278574,False,False
Journal of Accounting & Organizational Change,Management Information Systems,B,0.4359993396565134,355,0,0.0,0.0011254846069475798,-0.08260947583340984,False,False
Thunderbird International Business Review,Strategy and Management,B,0.43690885166168497,603,0,0.0,0.0011279307517964288,-0.08278902048691164,False,False
Australian Economic Review,Economics and Econometrics,E,0.4370131716491146,443,0,0.0,0.001128102973260838,-0.08280166137494714,False,False
European Journal of the History of Economic Thought,Economics and Econometrics,E,0.4389467660703517,683,0,0.0,0.001131221640518918,-0.08303056851938827,False,False
The Review of Austrian Economics,Economics and Econometrics,E,0.43964065040460054,363,0,0.0,0.001132897446911342,-0.08315357107919392,False,False
International Review of Applied Economics,"General Economics, Econometrics and Finance",E,0.44234801970868914,479,0,0.0,0.00113837476001809,-0.08355560053559945,False,False
Asian Development Review,"General Economics, Econometrics and Finance",E,0.44269712476158546,189,0,0.0,0.00113956924338321,-0.08364327445319474,False,False
Annals of Public and Cooperative Economics,Accounting,E,0.44319715484857375,379,0,0.0,0.0011409537120009709,-0.08374489310360989,False,False
Economia Politica,Economics and Econometrics,E,0.4433636441883487,345,0,0.0,0.0011412153409895082,-0.08376409641698483,False,False
Eurasian economic review :,Economics and Econometrics,E,0.44342086087823696,267,0,0.0,0.0011413051825655148,-0.08377069070131012,False,False
Entrepreneurship Research Journal,Management of Technology and Innovation,B,0.4446780182518809,292,0,0.0,0.0011439613995999534,-0.08396565444897953,False,False
Journal of Mathematical Economics,Economics and Econometrics,E,0.7316978937420201,803,1,0.0012453300124533001,0.0023901491791115067,-0.08402861371704243,False,False
Latin American Journal of Central Banking,"General Economics, Econometrics and Finance",E,0.4456441725368801,145,0,0.0,0.0011458418683194642,-0.08410367902459877,False,False
Business History,Economics and Econometrics,B,0.4458385593492187,1011,0,0.0,0.0011465326726002613,-0.08415438338713545,False,False
The International Review of Retail Distribution and Consumer Research,Marketing,B,0.44700037144319754,303,0,0.0,0.0011503674939409227,-0.08443585554491642,False,False
Financial markets and portfolio management,Finance,A,0.45177635766810736,212,0,0.0,0.0011623464158504464,-0.08531509676588604,False,False
Business and Human Rights Journal,Organizational Behavior and Human Resource Management,B,0.45299974918454927,341,0,0.0,0.0011666137399880963,-0.0856283142084405,False,False
The Journal of Derivatives,Finance,E,0.4545360507930224,313,0,0.0,0.001171624105089316,-0.08599607013525704,False,False
Macroeconomic Dynamics,"General Economics, Econometrics and Finance",E,0.45571276233405683,790,0,0.0,0.0011744271882249532,-0.08620181371195551,False,False
The B E Journal of Theoretical Economics,Economics and Econometrics,E,0.4600554737535563,280,0,0.0,0.001187881629254498,-0.08718935660167712,False,False
International Journal of Lean Six Sigma,Management Information Systems,B,0.4618086639512979,455,0,0.0,0.001192615285398325,-0.0875368023600671,False,False
Japan and the World Economy,"General Economics, Econometrics and Finance",E,0.4625435005685969,265,0,0.0,0.0011947286840102028,-0.08769192376330671,False,False
Journal of Revenue and Pricing Management,Marketing,A,0.4639117365214107,538,0,0.0,0.0011975384604062075,-0.08789815861880824,False,False
International Journal of Political Economy,"General Economics, Econometrics and Finance",E,0.46546502095844267,228,0,0.0,0.0012026161511688239,-0.0882708561837101,False,False
Journal of International Accounting Research,Accounting,A,0.4657116635056386,291,0,0.0,0.001203507152660166,-0.08833625482684763,False,False
Asian Economic Papers,"General Economics, Econometrics and Finance",E,0.8191096435680769,587,1,0.0017035775127768314,0.002908461973583865,-0.0884373479056614,False,False
Chinese Economy,"General Economics, Econometrics and Finance",E,0.4675779440806289,354,0,0.0,0.0012084286195758668,-0.08869748571328344,False,False
Journal of Marketing Communications,Marketing,B,0.4714518042427285,440,0,0.0,0.0012205806082478464,-0.08958942986634329,False,False
Academy of Management Learning and Education,Organizational Behavior and Human Resource Management,B,1.3870984072518397,477,5,0.010482180293501049,0.011705421880988267,-0.08978474315522451,False,False
Critical Perspectives on Accounting,Management Information Systems,A,1.5710053709366976,503,7,0.013916500994035786,0.015166699601554076,-0.09176336221500635,False,False
Innovation and Development,Business and International Management,X,0.481133948089984,253,0,0.0,0.0012521187886344253,-0.09190430164192517,False,False
Manchester School,"General Economics, Econometrics and Finance",E,0.4815032176296414,357,0,0.0,0.001253293708486323,-0.09199053961667167,False,False
International Transactions in Operational Research,Industrial and Manufacturing Engineering,B,0.48199156417638633,1364,0,0.0,0.0012556472959336113,-0.09216329064689313,False,False
Agribusiness,Economics and Econometrics,E,0.48280707085487723,561,0,0.0,0.0012591354376358349,-0.0924193168562918,False,False
Journal of Behavioral Finance,Finance,A,0.4834379500642273,363,0,0.0,0.0012614704548613936,-0.09259070485029426,False,False
International Journal of Fashion Design Technology and Education,Museology,X,0.4842283171587861,394,0,0.0,0.001265401139005707,-0.09287921324465523,False,False
Venture Capital,Accounting,B,0.4847468399189442,259,0,0.0,0.001268364794893492,-0.09309674270523534,False,False
Journal of Public Policy & Marketing,Marketing,B,1.1384242586694884,335,2,0.005970149253731343,0.007238905949221514,-0.09312550782798387,False,False
International Economics and Economic Policy,"General Economics, Econometrics and Finance",E,0.48535896117785454,315,0,0.0,0.0012720709994810293,-0.09336877451839197,False,False
Family and Consumer Sciences Research Journal,Conservation,X,0.4872294003769205,363,0,0.0,0.0012800964825613885,-0.09395783717325709,False,False
Journal of Food Products Marketing,Plant Science,B,0.48730242704144133,335,0,0.0,0.0012805481685931699,-0.09399099048881236,False,False
Economics and Politics,Economics and Econometrics,E,0.491724208067507,251,0,0.0,0.0013003350012966517,-0.09544332477037232,False,False
Accounting Historians Journal,Management Information Systems,A,0.4922473162210964,215,0,0.0,0.0013027160267843484,-0.09561808972608155,False,False
Australian Journal of Agricultural and Resource Economics,Economics and Econometrics,E,0.49388817663160334,482,0,0.0,0.0013106783812944502,-0.09620251880527013,False,False
Journal of Small Business and Enterprise Development,Management of Technology and Innovation,B,0.4949545059303821,580,0,0.0,0.0013170382483706062,-0.0966693268649168,False,False
Journal of Creating Value,Marketing,B,0.4964260384347879,257,0,0.0,0.0013260498388739303,-0.09733076884582843,False,False
Journal of Consumer Policy,Law,X,0.4965877297532441,287,0,0.0,0.0013270921482154622,-0.09740727333805223,False,False
World Trade Review,Political Science and International Relations,X,0.49866785185311346,523,0,0.0,0.0013370415919884368,-0.0981375528370749,False,False
Social and Environmental Accountability Journal,Strategy and Management,B,0.4989585441762937,279,0,0.0,0.0013389168910114659,-0.09827519796199889,False,False
Spanish Journal of Marketing - ESIC,Sociology and Political Science,X,0.5003148688862404,196,0,0.0,0.0013468685779708034,-0.0988588440533335,False,False
Atlantic Economic Journal,"General Economics, Econometrics and Finance",E,0.5056134507020026,366,0,0.0,0.0013727777117646907,-0.10076054928217314,False,False
Metroeconomica,Economics and Econometrics,E,0.5067352014818812,368,0,0.0,0.0013796528705993564,-0.10126517925587265,False,False
Journal of Humanitarian Logistics and Supply Chain Management,Organizational Behavior and Human Resource Management,B,0.5097732244814579,241,0,0.0,0.0013946425255357392,-0.10236540535365699,False,False
Econometric Reviews,"General Economics, Econometrics and Finance",E,0.8176443209922069,670,1,0.0014925373134328358,0.0028984047908432904,-0.10318930590716201,False,False
European journal of training and development,Organizational Behavior and Human Resource Management,B,0.5153518087469368,504,0,0.0,0.0014249799275669807,-0.10459214116548227,False,False
Science and Public Policy,Economics and Econometrics,X,0.5162333036735307,830,0,0.0,0.0014302412610149075,-0.10497831792492884,False,False
Journal of Economics,Economics and Econometrics,E,0.5185855067439067,452,0,0.0,0.0014430898842031352,-0.10592139437413871,False,False
European Journal of Law and Economics,Economics and Econometrics,E,0.5189062893781159,333,0,0.0,0.0014446517345147135,-0.10603603266841059,False,False
Journal of Management History,Organizational Behavior and Human Resource Management,B,0.5251309904491933,313,0,0.0,0.0014776156696756611,-0.10845555345815981,False,False
Business Economics,"General Economics, Econometrics and Finance",E,0.5274666018943773,432,0,0.0,0.001489793938153481,-0.10934942652341631,False,False
Journal of Management Development,Organizational Behavior and Human Resource Management,B,0.5281716481504122,571,0,0.0,0.0014934730407258313,-0.10961946907500969,False,False
Health Policy,Economics and Econometrics,E,0.5324725641624336,1600,0,0.0,0.0015156149226439885,-0.11124466167909604,False,False
Oxford Economic Papers,Economics and Econometrics,E,0.5369071277913241,616,0,0.0,0.001537794632211653,-0.1128726307958761,False,False
International Journal of Theoretical and Applied Finance,Finance,E,0.5392870208575256,444,0,0.0,0.0015497888940974908,-0.11375299795619202,False,False
Journal of Management Analytics,Management Information Systems,B,0.5402532433992195,237,0,0.0,0.0015547641053678205,-0.11411817362600156,False,False
Journal of Management Science and Engineering,Economics and Econometrics,E,0.5479422385750691,207,0,0.0,0.0015933087822794548,-0.11694731543405701,False,False
Climate Change Economics,Economics and Econometrics,E,0.5511469688406962,253,0,0.0,0.0016097692900665236,-0.11815550070096119,False,False
Journal of Competitiveness,Strategy and Management,B,0.5536403312223679,358,0,0.0,0.0016228877067388158,-0.11911837972957931,False,False
Defence and Peace Economics,Economics and Econometrics,E,0.5564068816219191,523,0,0.0,0.001636348749520902,-0.12010640718151853,False,False
International Review of Law and Economics,Economics and Econometrics,E,0.5579731363252949,395,0,0.0,0.0016447174500310998,-0.12072066166202111,False,False
The Geneva Papers on Risk and Insurance Issues and Practice,Economics and Econometrics,A,0.5620839921699914,338,0,0.0,0.0016644514989046116,-0.12216912166178336,False,False
Intereconomics,Finance,E,0.5622275969648021,707,0,0.0,0.0016650530987263104,-0.12221327850375634,False,False
Journal of Engineering and Technology Management,Strategy and Management,B,0.5641205257095342,280,0,0.0,0.00167359243713167,-0.12284005763985137,False,False
Economic Theory Bulletin,Economics and Econometrics,E,0.5648112468801026,214,0,0.0,0.0016764383844683544,-0.12304894740722953,False,False
Spatial Economic Analysis,Economics and Econometrics,E,0.5651321818966448,306,0,0.0,0.0016777554535277533,-0.12314561899559397,False,False
China & World Economy,"General Economics, Econometrics and Finance",E,0.5717252423699208,434,0,0.0,0.0017107673324720755,-0.1255686588124268,False,False
Accounting History,Management Information Systems,A,0.5726369149689092,403,0,0.0,0.0017146893306879858,-0.12585652966808836,False,False
Corporate Communications An International Journal,Communication,X,0.5742404130063034,485,0,0.0,0.0017208878753958742,-0.12631149682275908,False,False
INFORMS Journal on Applied Analytics,Management Information Systems,B,0.5768607262042201,258,0,0.0,0.0017324948242191977,-0.12716343558087362,False,False
International Environmental Agreements Politics Law and Economics,Economics and Econometrics,E,0.6061367129713239,371,0,0.0,0.001859336871588515,-0.13647351852837314,False,False
International Regional Science Review,Economics and Econometrics,E,0.6082427769328295,220,0,0.0,0.0018668531404076394,-0.1370252053515762,False,False
Journal of Managerial Psychology,Organizational Behavior and Human Resource Management,B,0.6120497177187644,526,0,0.0,0.001880742874512628,-0.1380446983297969,False,False
Journal of Agricultural and Applied Economics,Economics and Econometrics,E,0.6168506042271537,346,0,0.0,0.0018996506327477083,-0.13943250940010643,False,False
Advances in Accounting,Accounting,A,0.6305130438888404,327,0,0.0,0.0019545582043558937,-0.14346267176913194,False,False
Journal of Property Investment and Finance,Economics and Econometrics,A,0.6441460713977903,421,0,0.0,0.002005778748679782,-0.14722220992041243,False,False
Organizational Behavior Teaching Review,Management of Technology and Innovation,X,0.6454745513631899,437,0,0.0,0.0020110024214934604,-0.14760562242592287,False,False
Eastern Economic Journal,"General Economics, Econometrics and Finance",E,0.6498875402874152,424,0,0.0,0.002028574493326834,-0.14889539541304433,False,False
Critical Perspectives on International Business,Strategy and Management,B,0.6562154932124772,269,0,0.0,0.0020545987180214612,-0.1508055482020946,False,False
Journal of Social Marketing,Marketing,B,0.6653732855083458,257,0,0.0,0.0020924928439555093,-0.15358694020093047,False,False
Journal of Air Transport Management,"General Economics, Econometrics and Finance",B,0.666688768156731,1239,0,0.0,0.002098136602762343,-0.15400118660988596,False,False
Journal of Economics & Management Strategy,Economics and Econometrics,A,1.0786064452844533,482,2,0.004149377593360996,0.006256755900543959,-0.15467951872858574,False,False
The Journal of Risk,Finance,E,0.6706307474747145,230,0,0.0,0.0021150706941454826,-0.15524413245227311,False,False
Service Science,Marketing,B,0.6706732433643096,301,0,0.0,0.002115243740893362,-0.1552568339153129,False,False
Cambridge Journal of Economics,"General Economics, Econometrics and Finance",E,0.8978897266834295,665,1,0.0015037593984962407,0.003657477543822938,-0.15808081779178762,False,False
International Journal of Auditing,Accounting,A,0.6826212657558756,301,0,0.0,0.002166873495794932,-0.1590464077251169,False,False
Journal of Marketing for HIGHER EDUCATION,Management of Technology and Innovation,B,0.6831907649090669,251,0,0.0,0.0021692132815331953,-0.15921814572331544,False,False
Econometrics Journal,"General Economics, Econometrics and Finance",E,1.5772212061355846,229,3,0.013100436681222707,0.015276594799403777,-0.15972788998075627,False,False
The European Journal of Health Economics,Economics and Econometrics,E,0.6876097940944709,964,0,0.0,0.002188770691149242,-0.16065364057332732,False,False
Social Choice and Welfare,Economics and Econometrics,E,0.689589530777481,667,0,0.0,0.0021977089090257636,-0.16130969707477236,False,False
The Economic History Review,Economics and Econometrics,E,0.7016345019559207,1256,0,0.0,0.002251691405236683,-0.1652719598090958,False,False
Cross Cultural & Strategic Management,Strategy and Management,B,0.7044357917893397,309,0,0.0,0.00226425783079807,-0.1661943232268783,False,False
International Tax and Public Finance,Economics and Econometrics,A,0.7098462213415117,490,0,0.0,0.0022887952202019194,-0.16799534375124578,False,False
Local Economy The Journal of the Local Economy Policy Unit,Finance,E,0.711977559914423,502,0,0.0,0.0022987849948096204,-0.16872858349432343,False,False
The Journal of Retirement,Accounting,B,0.7133902229219733,342,0,0.0,0.0023054483287826355,-0.16921766572913657,False,False
Tijdschrift voor Economische en Sociale Geografie,Economics and Econometrics,E,0.7170241673822906,568,0,0.0,0.0023226545307546854,-0.1704805842241747,False,False
Journal of Real Estate Research,Economics and Econometrics,A,0.7216553944573261,225,0,0.0,0.0023445593773391703,-0.1720883786652406,False,False
Econometrics and Statistics,Finance,E,0.7233284039966602,405,0,0.0,0.002352501807577392,-0.1726713453222457,False,False
Journal of Futures Markets,Finance,A,0.7258729243019492,826,0,0.0,0.0023635266529764875,-0.17348055825500514,False,False
Resource and Energy Economics,Economics and Econometrics,E,0.7277297247185787,395,0,0.0,0.002371101022993089,-0.17403650964961082,False,False
Journal of Wine Economics,"Tourism, Leisure and Hospitality Management",A,0.7321182490339325,413,0,0.0,0.002391920064619994,-0.1755646070625261,False,False
Mathematics and Financial Economics,Finance,A,0.7326275081155019,204,0,0.0,0.00239398863599521,-0.1757164381901806,False,False
Applied Health Economics and Health Policy,Economics and Econometrics,E,0.7330638772116502,704,0,0.0,0.00239597262664823,-0.17586206117506428,False,False
Economics and Philosophy,Economics and Econometrics,E,0.7357083273376039,377,0,0.0,0.00240986996696182,-0.17688211244160074,False,False
European Management Review,Strategy and Management,B,0.7376593755134603,508,0,0.0,0.0024189451733393013,-0.17754822376582133,False,False
Group & Organization Management,Organizational Behavior and Human Resource Management,B,0.9790137573536308,436,1,0.0022935779816513763,0.004714122260526859,-0.1776655965573556,False,False
Journal of International Entrepreneurship,Strategy and Management,B,0.7387994717738009,230,0,0.0,0.0024250103401657038,-0.17799340111367523,False,False
Journal of Fashion Marketing and Management,Marketing,B,0.7435647982413445,433,0,0.0,0.002448079717299999,-0.17968667096481603,False,False
Naval Research Logistics (NRL),Management Information Systems,B,0.7582471907788916,526,0,0.0,0.0025239566327210274,-0.1852559627810648,False,False
Journal of Leadership & Organizational Studies,Organizational Behavior and Human Resource Management,B,0.7626174785643283,295,0,0.0,0.002546926423279012,-0.1869419230743331,False,False
Public Choice,Political Science and International Relations,X,0.7646857191302068,1000,0,0.0,0.0025590386579429684,-0.18783094932185715,False,False
Journal of Post Keynesian Economics,"General Economics, Econometrics and Finance",E,0.7652489387151001,355,0,0.0,0.0025616185092772236,-0.18802030790138402,False,False
Economic Systems Research,Environmental Engineering,E,0.7695182396329162,283,0,0.0,0.0025863667970356563,-0.18983680815992,False,False
Queueing Systems,Management Information Systems,B,0.7718923742590856,457,0,0.0,0.0025999768576480393,-0.19083577337571192,False,False
Journal of Financial Econometrics,Finance,A,1.0541721255886545,310,1,0.0032258064516129032,0.005838821432686054,-0.19179275895805664,False,False
Journal of Productivity Analysis,Management Science and Operations Research,A,0.7773979548595015,305,0,0.0,0.0026333894264440757,-0.19328822343806704,False,False
Administrative Science Quarterly,Organizational Behavior and Human Resource Management,B,4.843521840866051,479,23,0.04801670146137787,0.050715014881091654,-0.19805358141801171,False,False
Financial Management,Accounting,A,1.3524286343537681,360,3,0.008333333333333333,0.011039927919153694,-0.1986614109583987,False,False
International Journal of Selection and Assessment,Clinical Psychology,B,0.789458553060393,385,0,0.0,0.0027081402375490277,-0.1987748602924349,False,False
Journal of Competition Law & Economics,Economics and Econometrics,E,0.7924130917801788,250,0,0.0,0.002723506521404827,-0.19990273058670546,False,False
Journal of Macroeconomics,"General Economics, Econometrics and Finance",E,0.8039811295893755,670,0,0.0,0.00280498499110411,-0.20588317104054782,False,False
Review of Income and Wealth,Sociology and Political Science,E,0.8070671241950561,487,0,0.0,0.0028240676353054987,-0.20728381857074152,False,False
The World Bank Economic Review,Economics and Econometrics,E,0.8115300569013921,439,0,0.0,0.0028581065585118197,-0.20978224243780275,False,False
Journal of the Association for Consumer Research,Marketing,B,0.812889919095586,428,0,0.0,0.0028665098828692835,-0.21039903827502965,False,False
Accounting and Business Research,Accounting,A,1.332590581343868,385,3,0.007792207792207792,0.010658965313691163,-0.21041721470852287,False,False
Cornell Hospitality Quarterly,Organizational Behavior and Human Resource Management,B,0.8136089126292769,377,0,0.0,0.0028704047389520307,-0.21068491692450753,False,False
International Journal of Gender and Entrepreneurship,Management of Technology and Innovation,B,0.8213045953361258,217,0,0.0,0.002927105813357775,-0.21484672065503857,False,False
Qualitative Research in Accounting & Management,Management Information Systems,A,0.8257247386326156,249,0,0.0,0.0029623420728460055,-0.21743302784101354,False,False
Accounting Economics and Law - A Convivium,Accounting,B,0.8290985485285101,258,0,0.0,0.0029875276860439775,-0.2192816273615971,False,False
Journal of Accounting Education,Accounting,B,0.8299838587744675,238,0,0.0,0.0029946900520298014,-0.2198073380609381,False,False
Journal of Applied Econometrics,"General Economics, Econometrics and Finance",E,1.5669330691163765,582,7,0.012027491408934709,0.015090465832709158,-0.2248193445536238,False,False
Canadian Journal of Economics/Revue canadienne d économique,"General Economics, Econometrics and Finance",E,0.8396061356628916,564,0,0.0,0.003066318782729227,-0.22506481724916091,False,False
Review of Social Economy,Economics and Econometrics,E,0.8411824485093581,266,0,0.0,0.003076460402985007,-0.22580920231516696,False,False
Journal of Industry Competition and Trade,Economics and Econometrics,E,0.8442968867948122,236,0,0.0,0.0031042753465483977,-0.227850792128056,False,False
Financial Analysts Journal,Finance,A,1.4797784100277696,387,4,0.0103359173126615,0.01348585552597804,-0.23120240215051352,False,False
Management Communication Quarterly,Organizational Behavior and Human Resource Management,B,0.8544729809829588,328,0,0.0,0.0031939776643181263,-0.2344348550341641,False,False
Social Marketing Quarterly,Marketing,B,0.8586419711003005,215,0,0.0,0.0032266398055140174,-0.23683222444031457,False,False
International Journal of Industrial Organization,Economics and Econometrics,A,0.9945836035958816,611,1,0.0016366612111292963,0.004926716736468569,-0.24148687661594104,False,False
Journal of the Japanese and International Economies,"General Economics, Econometrics and Finance",E,0.8682037293728455,280,0,0.0,0.0033225679855899896,-0.24387325958625158,False,False
Journal of Cultural Economy,Finance,E,0.8726375228520615,640,0,0.0,0.0033685956555725913,-0.2472516458099496,False,False
The Journal of Real Estate Finance and Economics,Economics and Econometrics,A,0.8876033228535577,501,0,0.0,0.003545885990837924,-0.260264584037794,False,False
Papers of the Regional Science Association,Economics and Econometrics,E,0.8878224306555119,698,0,0.0,0.0035476619334944286,-0.26039493650202006,False,False
Financial Accountability and Management,Management Information Systems,A,0.8921934218966296,302,0,0.0,0.00358922245186325,-0.2634454381407093,False,False
Journal of Sports Economics,Economics and Econometrics,E,0.8927262716574079,372,0,0.0,0.0035963500015039475,-0.2639685933541702,False,False
Southern Economic Journal,"General Economics, Econometrics and Finance",E,0.9083966483176444,634,0,0.0,0.003777429493616122,-0.2772596520103492,False,False
Economic Inquiry,Economics and Econometrics,E,1.0119629059303668,912,1,0.0010964912280701754,0.00516506511798775,-0.2986293676171462,False,False
Economic Development Quarterly,Economics and Econometrics,E,0.9387834352586066,333,0,0.0,0.004180634029612786,-0.30685447291391843,False,False
Journal of Macromarketing,Marketing,B,1.0801989499215032,487,1,0.002053388090349076,0.0062780679540836,-0.3100873943123819,False,False
Marketing Letters,Marketing,B,1.374009244119092,417,3,0.007194244604316547,0.011451992256041401,-0.3125145377988309,False,False
Industrial and Corporate Change,Economics and Econometrics,A,1.2437278109691652,630,3,0.004761904761904762,0.009022520596061321,-0.31272505960056424,False,False
Journal of Management Inquiry,Organizational Behavior and Human Resource Management,B,1.3872972101381553,403,3,0.007444168734491315,0.011709292341130257,-0.31305592571783253,False,False
Human Resource Management,Organizational Behavior and Human Resource Management,B,1.401210432008575,524,4,0.007633587786259542,0.011979355763976726,-0.3189751441438904,False,False
Production and Operations Management,Management Information Systems,B,1.610595928782976,1909,22,0.011524358302776323,0.015882920874981842,-0.31991425493906056,False,False
Journal of Public Budgeting Accounting & Financial Management,Political Science and International Relations,B,0.9602352904534138,345,0,0.0,0.004452556470371513,-0.326813315673521,False,False
Journal of Public Economic Theory,Economics and Econometrics,E,0.9603832772343415,486,0,0.0,0.004454788749027849,-0.3269771627564359,False,False
Issues in Accounting Education,Accounting,B,1.1186187258975901,417,1,0.002398081534772182,0.0069010836578994456,-0.33051597753713263,False,False
Human Resource Development International,Applied Psychology,B,1.1283080925256956,391,1,0.0025575447570332483,0.007066985174178704,-0.3309885420580697,False,False
Journal of Economic Dynamics and Control,Economics and Econometrics,E,1.1692486646033708,1246,4,0.0032102728731942215,0.007733828842871,-0.3320246098892185,False,False
The American Economist,Economics and Econometrics,E,0.9723542428859395,324,0,0.0,0.004612337235662464,-0.33854106848992294,False,False
Research-Technology Management,Strategy and Management,B,1.1363652312624448,806,2,0.0024813895781637717,0.007203663444807785,-0.3466103103118147,False,False
Journal of Economic Methodology,Economics and Econometrics,E,0.9849147881324378,313,0,0.0,0.004801528557863163,-0.3524275275874106,False,False
Environmental and Resource Economics,Economics and Econometrics,E,1.0533965582946487,1043,1,0.0009587727708533077,0.005825442607488578,-0.357208834111963,False,False
Health Care Management Science,Economics and Econometrics,X,0.9915006388454422,353,0,0.0,0.00488724511650537,-0.35871903964894003,False,False
Health Economics,Economics and Econometrics,E,1.0433419665760488,1338,1,0.0007473841554559044,0.005664133474075404,-0.3608846193969754,False,False
Journal of Comparative Economics,Economics and Econometrics,E,1.2073345849594637,579,2,0.0034542314335060447,0.008385885119059673,-0.3619785854383204,False,False
Journal of Benefit-Cost Analysis,Economics and Econometrics,E,0.9951869397467578,281,0,0.0,0.00493368142017766,-0.3621274191881438,False,False
SIAM Journal on Financial Mathematics,Finance,E,1.0068759522414081,327,0,0.0,0.005089378214621982,-0.37355541251527663,False,False
Journal of Housing Economics,Economics and Econometrics,E,1.0073638016963467,349,0,0.0,0.005095153078919108,-0.3739792819397448,False,False
Competition & Change,Finance,E,1.0077257811772111,339,0,0.0,0.005099441592371548,-0.3742940546574023,False,False
Human Resource Development Quarterly,Applied Psychology,B,1.0142386662480687,291,0,0.0,0.005201773428649156,-0.3818051119422197,False,False
The Journal of Applied Behavioral Science,Organizational Behavior and Human Resource Management,B,1.2305431989772622,288,1,0.003472222222222222,0.008786255234650696,-0.39004485624084445,False,False
Management and Organization Review,Strategy and Management,B,1.0332947590041246,551,0,0.0,0.005497872129829479,-0.40353846871002064,False,False
Journal of Management Accounting Research,Accounting,A,1.0351901883238497,352,0,0.0,0.005529970788884513,-0.4058944790749098,False,False
Journal of Financial Counseling and Planning,Accounting,B,1.0673476220967282,307,0,0.0,0.00606656416104943,-0.44527991085833196,False,False
Journal of Change Management,Organizational Behavior and Human Resource Management,B,1.0686969243153166,195,0,0.0,0.006089895422689823,-0.44699240277758817,False,False
Financial Review,Finance,A,1.0727892469193314,319,0,0.0,0.0061606151590104475,-0.4521831626622286,False,False
Urban Studies,Economics and Econometrics,X,1.1081389359379328,2082,1,0.0004803073967339097,0.006719235857229946,-0.4579312828467009,False,False
National Institute Economic Review,"General Economics, Econometrics and Finance",E,1.1054835454901744,490,0,0.0,0.006673135385020218,-0.4898016489243511,False,False
European Review of Economic History,Economics and Econometrics,E,1.110126558509866,250,0,0.0,0.006753734669949975,-0.4957175580709477,False,False
Regulation & Governance,Strategy and Management,B,1.1104917996047088,528,0,0.0,0.006760073477733332,-0.49618282039897904,False,False
International Journal of Forecasting,"General Economics, Econometrics and Finance",E,1.447928958304505,1005,6,0.005970149253731343,0.012879734982729868,-0.5071568742700382,False,False
Journal of Industrial Economics,Economics and Econometrics,E,1.1440818756239741,297,0,0.0,0.007323950553188087,-0.5375708494757401,False,False
Cambridge Journal of Regions Economy and Society,Economics and Econometrics,E,1.421456146210638,400,2,0.005,0.012370407005960139,-0.5409807079392752,False,False
Marketing Theory,Marketing,B,1.150497515543193,339,0,0.0,0.007434470963193036,-0.5456829401103369,False,False
Review of Industrial Organization,Economics and Econometrics,E,1.1506419450149645,536,0,0.0,0.007436992231996588,-0.5458679987890703,False,False
Journal of Professions and Organization,Organizational Behavior and Human Resource Management,B,1.1764215866257317,190,0,0.0,0.007857101620059538,-0.5767036193975993,False,False
PharmacoEconomics,Economics and Econometrics,E,1.2336287508850032,1025,1,0.000975609756097561,0.008841476697209546,-0.5773469854402661,False,False
Journal of Business and Economic Statistics,"General Economics, Econometrics and Finance",E,1.599779822526141,773,6,0.007761966364812419,0.01568171975256641,-0.5813021982296208,False,False
Annual Review of Financial Economics,Finance,A,3.4790383288624,187,6,0.03208556149732621,0.040313381583991094,-0.6039139943942782,False,False
Management Learning,Organizational Behavior and Human Resource Management,B,1.2181487884719264,518,0,0.0,0.008572868816209127,-0.6292402356495361,False,False
Journal of International Economics,"General Economics, Econometrics and Finance",E,3.5488095666418853,898,29,0.03229398663697105,0.040945495536038684,-0.6350123412690489,False,False
The Journal of Economic Education,Education,X,1.238510398867896,433,0,0.0,0.0089289397635811,-0.6553754969763704,False,False
Finance and Stochastics,Finance,E,1.2453802027560756,235,0,0.0,0.009052220126342216,-0.6644241557366788,False,False
European Economic Review,"General Economics, Econometrics and Finance",E,1.6369274641686102,1540,11,0.007142857142857143,0.0163763410248744,-0.6777287391592115,False,False
International Journal of Electronic Commerce,Sociology and Political Science,B,1.4900012066513617,234,1,0.004273504273504274,0.013675926750730292,-0.6901286677873586,False,False
Journal of Applied Psychology,Organizational Behavior and Human Resource Management,B,2.5400898166874954,1364,28,0.020527859237536656,0.03013355443624289,-0.7050486879005199,False,False
Leadership,Organizational Behavior and Human Resource Management,B,1.2791654176692633,405,0,0.0,0.009654008248627916,-0.7085948187896556,False,False
New Political Economy,Finance,E,1.4807700609523502,540,2,0.003703703703703704,0.013504357370256207,-0.7193584498809564,False,False
Regional Science and Urban Economics,Economics and Econometrics,E,1.2928360000228187,702,0,0.0,0.009908723728353263,-0.7272906873398565,False,False
Organization,Organizational Behavior and Human Resource Management,B,1.2996981487825363,721,0,0.0,0.010037858420780636,-0.7367690482054625,False,False
Canadian Journal of Agricultural Economics/Revue canadienne d agroeconomie,General Agricultural and Biological Sciences,X,1.4985300958754237,282,1,0.0035460992907801418,0.013839793018227044,-0.7555471109643113,False,False
The Review of Corporate Finance Studies,Accounting,A,4.075100508911301,200,7,0.035,0.045305757303809424,-0.7564325657398205,False,False
Real Estate Economics,Economics and Econometrics,A,1.316163694713883,395,0,0.0,0.010347524363068138,-0.7594982272790071,False,False
Auditing A Journal of Practice & Theory,Accounting,A,1.6915870929138899,434,3,0.0069124423963133645,0.01734640070207186,-0.7658423946321532,False,False
Information Economics and Policy,Media Technology,E,1.5439851388186137,238,1,0.004201680672268907,0.014673613451923376,-0.7686296840932716,False,False
Applied Economic Perspectives and Policy,Economics and Econometrics,E,1.3261981501538969,651,0,0.0,0.010535994173938495,-0.7733317281463781,False,False
Strategic Organization,Strategy and Management,B,2.1705245280454344,345,5,0.014492753623188406,0.025118344489814107,-0.779908038274129,False,False
American Journal of Agricultural Economics,General Agricultural and Biological Sciences,E,1.3322007827474167,971,0,0.0,0.010651460179347488,-0.7818068206749949,False,False
Economic Geography,Economics and Econometrics,E,1.6608789018918657,513,3,0.005847953216374269,0.016803930546329542,-0.8041580834454543,False,False
Explorations in Economic History,Economics and Econometrics,E,1.348689380416107,305,0,0.0,0.010967668530663208,-0.8050162062099806,False,False
Environment and Planning A Economy and Space,Economics and Econometrics,X,1.446061213469722,1346,2,0.0014858841010401188,0.012843919499334751,-0.8336687547376959,False,False
Academy of Management Discoveries,Organizational Behavior and Human Resource Management,B,1.6783511814980694,351,2,0.005698005698005698,0.017113964694177152,-0.837920290502336,False,False
Journal of Institutional Economics,Economics and Econometrics,E,1.4747311219985915,540,1,0.001851851851851852,0.013389720864679239,-0.846868367190921,False,False
Journal of Development Economics,Economics and Econometrics,E,2.097482951713668,1106,13,0.011754068716094032,0.02404016194962571,-0.901787297486981,False,False
The Journal of Law Economics and Organization,Economics and Econometrics,E,1.424145801424398,254,0,0.0,0.012422002701455161,-0.9117629202868401,False,False
Labour Economics,Economics and Econometrics,E,1.4460934382506616,983,0,0.0,0.012844565882283082,-0.9427786468984781,False,False
AEA Papers and Proceedings,Gender Studies,X,2.2432199748804753,1001,13,0.012987012987012988,0.02613108870953236,-0.9647623779563127,False,False
Economic Theory,Economics and Econometrics,E,1.4821805022835948,728,0,0.0,0.013530649062313032,-0.9931364852292096,False,False
Annual Review of Economics,Economics and Econometrics,E,6.148176462694212,247,11,0.044534412955465584,0.05815652305365027,-0.9998496363339854,False,False
Journal of Risk & Insurance,Economics and Econometrics,A,1.4889129261527192,360,0,0.0,0.013655762109590876,-1.0023196612511138,False,False
The Journal of Human Resources,Gender Studies,E,2.246871360320779,580,7,0.01206896551724138,0.026180951036586905,-1.0358060159378981,False,False
Fiscal Studies,Economics and Econometrics,E,1.9042272309717019,292,2,0.00684931506849315,0.021018161281927843,-1.039979535597993,False,False
American Economic Review,Economics and Econometrics,E,15.324791414453625,2302,166,0.07211120764552563,0.08684841385317865,-1.0816966065532272,False,False
Milbank Quarterly,Economics and Econometrics,X,1.5599247843096578,539,0,0.0,0.014965080654904473,-1.0984223694175674,False,False
Econometric Theory,Statistics and Probability,E,1.699260851013068,405,1,0.0024691358024691358,0.017480784692136722,-1.1018404325705602,False,False
Journal of Marketing Research,Marketing,B,2.9575922675824153,647,13,0.02009273570324575,0.03511455545383056,-1.1025869638726853,False,False
AMS Review,Marketing,B,2.0918461765001655,227,2,0.00881057268722467,0.023958121379012886,-1.1118153459098876,False,False
Asian Economic Policy Review,"General Economics, Econometrics and Finance",E,1.5778858273623568,402,0,0.0,0.015288333098216337,-1.1221487844560503,False,False
Annual Review of Resource Economics,Economics and Econometrics,E,2.0637557680081517,244,2,0.00819672131147541,0.02354546823723055,-1.126583100656612,False,False
The Review of Economics and Statistics,"General Economics, Econometrics and Finance",E,2.703122342982602,954,16,0.016771488469601678,0.03219250476295371,-1.1318876019702133,False,False
Journal of Political Economy,Economics and Econometrics,E,8.462504447300986,875,46,0.052571428571428575,0.0681589359839497,-1.144107888236747,False,False
Organization Science,Strategy and Management,B,3.6289786866560743,932,24,0.02575107296137339,0.04165239750508075,-1.1671417605392282,False,False
Economy and Society,Sociology and Political Science,E,1.6491342318952291,283,0,0.0,0.016593734176758978,-1.2179639543704959,False,False
Organization Studies,Organizational Behavior and Human Resource Management,B,2.2015177501223,1028,9,0.008754863813229572,0.025555858701619638,-1.2331766890831806,False,False
IMF Economic Review,Finance,A,2.8435151894082615,298,5,0.016778523489932886,0.033844427043202764,-1.252620727512814,False,False
Information Systems Research,Strategy and Management,B,2.041595807252126,842,5,0.0059382422802850355,0.023215467683380113,-1.2681315458202735,False,False
Journal of money credit and banking,"General Economics, Econometrics and Finance",A,1.9890182935534042,801,4,0.004993757802746567,0.022383062852175152,-1.2763580828853303,False,False
The Journal of Economic History,Economics and Econometrics,E,1.7216960013740692,721,0,0.0,0.017871755924504715,-1.3117695080255634,False,False
Human Relations,Organizational Behavior and Human Resource Management,B,1.8775799524882357,828,2,0.0024154589371980675,0.020580512445464466,-1.3332972654983821,False,False
The Economic Journal,"General Economics, Econometrics and Finance",E,2.629351198531088,997,13,0.013039117352056168,0.031292389214006566,-1.3397724068834664,False,False
Mathematical Finance,Finance,E,1.7543097370671654,234,0,0.0,0.018461291972451964,-1.3550408807348753,False,False
Review of International Political Economy,Development,X,1.8838326565475834,612,1,0.0016339869281045752,0.020686482709886628,-1.3984346655081117,False,False
The Review of Asset Pricing Studies,Finance,A,5.383879437175604,172,6,0.03488372093023256,0.05401515195365502,-1.4042284354952312,False,False
Accounting Organizations and Society,Management Information Systems,A,2.9502509295243677,391,6,0.015345268542199489,0.03503446956238751,-1.4451682109341604,False,False
Management Science,Management Information Systems,B,3.5633061842670863,3749,79,0.02107228594291811,0.041074581441093855,-1.468149041194512,False,False
Strategy Science,Strategy and Management,B,2.8391369134642375,228,3,0.013157894736842105,0.03379455843779852,-1.5147110504779802,False,False
Journal of Economic Literature,Economics and Econometrics,E,8.461026833263785,763,36,0.047182175622542594,0.06815345637339287,-1.5392716165896954,False,False
Journal of Risk and Uncertainty,General Decision Sciences,A,1.9158803728285496,235,0,0.0,0.021222352568120603,-1.557700043858456,False,False
Organization Theory,Organizational Behavior and Human Resource Management,B,5.169818420601276,127,4,0.031496062992125984,0.05274973997726942,-1.5599992256109827,False,False
International Economic Review,Economics and Econometrics,E,2.032182442010001,568,1,0.0017605633802816902,0.023074104584240935,-1.564393201065665,False,False
Journal of the Association of Environmental and Resource Economists,Economics and Econometrics,E,2.305722201123676,413,2,0.004842615012106538,0.026990978299605017,-1.6256683302941035,False,False
Journal of Health Economics,Economics and Econometrics,E,2.1331206675970993,840,2,0.002380952380952381,0.024584843673752445,-1.6297440318929726,False,False
Manufacturing & Service Operations Management,Management Information Systems,B,3.0348112521355732,902,12,0.013303769401330377,0.03594376995291308,-1.6617540274555405,False,False
American Economic Journal Macroeconomics,"General Economics, Econometrics and Finance",E,6.404032324497847,382,14,0.03664921465968586,0.059430067674376544,-1.6720924612958328,False,False
Journal of Labor Economics,Economics and Econometrics,E,2.900807158582283,514,6,0.011673151750972763,0.03448925047333127,-1.6746794619690033,False,False
Journal of Monetary Economics,"General Economics, Econometrics and Finance",A,3.650985141824232,852,16,0.018779342723004695,0.04184352156831188,-1.6928883017834002,False,False
American Journal of Health Economics,Economics and Econometrics,E,2.0790704745560724,246,0,0.0,0.023771231107463122,-1.7447852503537944,False,False
The Journal of Law and Economics,Economics and Econometrics,E,2.3426107789923547,286,1,0.0034965034965034965,0.027505040871863156,-1.762203299682859,False,False
Operations Research,Management Information Systems,B,2.2200350385569783,1321,1,0.000757002271006813,0.025813982431863287,-1.8391579807300835,False,False
Oxford Review of Economic Policy,Economics and Econometrics,E,2.502804599849103,458,2,0.004366812227074236,0.02964477877658555,-1.85537816679074,False,False
Review of Environmental Economics and Policy,Economics and Econometrics,E,3.197714124872174,251,3,0.01195219123505976,0.037625911200924025,-1.8844260827572363,False,False
Journal of Econometrics,"General Economics, Econometrics and Finance",E,3.7886814979439785,1586,27,0.017023959646910468,0.043012230780177574,-1.9075138326043084,False,False
The Review of Economic Studies,Economics and Econometrics,E,6.74004046789309,750,26,0.034666666666666665,0.06102874370220056,-1.9349508223766014,False,False
Journal of the European Economic Association,Economics and Econometrics,E,3.2140642845228813,545,6,0.011009174311926606,0.03778883884742206,-1.965601338850538,False,False
Journal of Economic Theory,Economics and Econometrics,E,2.403119187910616,1162,1,0.0008605851979345956,0.02831962976407167,-2.015467172533685,False,False
NBER Macroeconomics Annual,"General Economics, Econometrics and Finance",E,3.014526101102159,256,2,0.0078125,0.03572822970714415,-2.048987417845453,False,False
American Economic Journal Economic Policy,Economics and Econometrics,E,5.836809244844855,499,13,0.026052104208416832,0.056534502388517774,-2.2373783881708023,False,False
Review of Economic Dynamics,Economics and Econometrics,E,2.7335200228172134,508,1,0.001968503937007874,0.032555916633465375,-2.245086351565026,False,False
Journal of Urban Economics,Economics and Econometrics,E,3.4977640746292065,494,3,0.006072874493927126,0.04048640253938923,-2.5259194980232924,False,False
Marketing Science,Marketing,B,4.112889699330209,673,7,0.010401188707280832,0.045595668101592435,-2.583240567704396,False,False
National Tax Journal,Accounting,A,3.4064282798979084,428,1,0.002336448598130841,0.03964027865884486,-2.7380648556819507,False,False
Journal of Public Economics,Economics and Econometrics,E,4.50114448867686,1220,13,0.010655737704918032,0.048423240920531505,-2.7720980144189244,False,False
Journal of Economic Issues,Economics and Econometrics,E,3.419641153200418,873,1,0.001145475372279496,0.03976324286104338,-2.834506585350274,False,False
The RAND Journal of Economics,Economics and Econometrics,E,4.986476448356779,330,4,0.012121212121212121,0.051623112305891256,-2.8994010655820595,False,False
Quantitative Economics,"General Economics, Econometrics and Finance",E,3.7273268298378976,412,0,0.0,0.04249714898217588,-3.1192494150169994,False,False
Econometrica,Economics and Econometrics,E,12.501455204328256,916,32,0.034934497816593885,0.08042890060441804,-3.339244930100778,False,False
Brookings Papers on Economic Activity,"General Economics, Econometrics and Finance",E,8.384907155640498,291,2,0.006872852233676976,0.06786988688191352,-4.4771230353378355,False,False
