source_name,subfield_name,field_eb,v,n_works,n_hcw,propensity,propensity_fitted,residual_sd,flagged,enclave_source
Innovation and Green Development,Economics and Econometrics,X,0.4350897428208615,118,22,0.1864406779661017,0.0004041363558510806,13.84946461225257,True,True
Academy of Management Annals,Organizational Behavior and Human Resource Management,B,8.721276271690046,267,58,0.21722846441947566,0.0611221720948555,11.621311343387475,True,False
Journal of Innovation & Knowledge,Strategy and Management,B,0.8455562898112771,627,64,0.10207336523125997,0.0034104590887949933,7.344946403189722,True,True
Business Strategy and the Environment,Marketing,B,1.4807843905149973,2044,211,0.10322896281800391,0.015629614915645896,6.521321340039687,True,True
Annual Review of Organizational Psychology and Organizational Behavior,Organizational Behavior and Human Resource Management,B,4.646243936144774,214,27,0.1261682242990654,0.04495622781775441,6.045815846838574,True,False
Journal of the Academy of Marketing Science,Marketing,B,2.9870718587295433,636,71,0.11163522012578617,0.03357807294661888,5.810953526840352,True,False
The Quarterly Journal of Economics,Economics and Econometrics,E,17.539799134926085,438,67,0.15296803652968036,0.07912382721613495,5.497321950062351,True,False
International Journal of Management Reviews,Strategy and Management,B,2.502696535905795,292,29,0.09931506849315068,0.028973047032670785,5.23660205967594,True,False
International Review of Financial Analysis,Accounting,A,1.0098909751781584,2671,204,0.07637588918008237,0.0065243964159402085,5.2000847187147405,True,True
Energy Economics,Economics and Econometrics,E,1.488364058468071,4508,385,0.08540372670807453,0.015761010237344594,5.1845423964243835,True,True
Journal of Management,Organizational Behavior and Human Resource Management,B,4.181328272721822,836,89,0.10645933014354067,0.04225216776236087,4.779893323937748,True,False
Journal of Retailing and Consumer Services,Marketing,B,1.405754684666349,2841,223,0.07849348820837733,0.01428921514917987,4.779678228762352,True,True
Entrepreneurship Theory and Practice,Management of Technology and Innovation,B,3.9533627188438034,515,54,0.10485436893203884,0.04081238167230833,4.767596884864348,True,False
Journal of International Business Studies,Strategy and Management,B,3.498350037609172,800,81,0.10125,0.03766305759553118,4.733721133544818,True,False
Journal of Business Venturing,Management of Technology and Innovation,B,3.1301692858385213,461,45,0.09761388286334056,0.03478983836476827,4.676927304445313,True,False
Resources Policy,Economics and Econometrics,X,0.771895645612145,4247,276,0.06498704968212857,0.0023115852390464963,4.665866282762221,True,True
Energy RESEARCH LETTERS,Economics and Econometrics,X,1.216900476830745,151,11,0.0728476821192053,0.010668735840702619,4.628903056666085,True,True
California Management Review,Strategy and Management,B,2.5325798875206837,280,24,0.08571428571428572,0.029280860876842785,4.20117850756325,True,False
Journal of Marketing,Management of Technology and Innovation,B,9.973412127055923,546,66,0.12087912087912088,0.06457455907574797,4.191585316813019,True,False
Journal of Financial Economics,Accounting,A,9.544119633405375,1340,159,0.11865671641791045,0.06344207183531717,4.110446580042177,True,False
Journal of International Financial Management and Accounting,Accounting,A,0.9068964318142283,155,9,0.05806451612903226,0.004481221937246026,3.9890009258061396,True,True
Corporate Social Responsibility and Environmental Management,Strategy and Management,B,0.978241216855543,1548,92,0.059431524547803614,0.00588346688888442,3.9863777469898887,True,True
Technological Forecasting and Social Change,Strategy and Management,B,1.3835830614664273,5162,346,0.06702828361100349,0.013880600882878564,3.9565718906367584,True,True
Technovation,Strategy and Management,B,1.2845309309230994,911,59,0.06476399560922064,0.011993186199348967,3.928515608579088,True,True
Finance research letters,Accounting,A,0.8813130949443533,5562,314,0.05645451276519238,0.004023336106802835,3.903231695364511,True,True
Economic Analysis and Policy,Economics and Econometrics,E,0.6991156533570175,1557,78,0.05009633911368015,0.0015026270460932148,3.617552174604356,True,True
Journal of Accounting Research,Accounting,A,5.195882920231962,374,36,0.0962566844919786,0.047821959055144456,3.6057164368650203,True,False
Sustainable Technology and Entrepreneurship,Business and International Management,X,0.6394844572844378,81,4,0.04938271604938271,0.0010522496569707073,3.5979548867215176,True,True
Academy of Management Journal,Organizational Behavior and Human Resource Management,B,5.462619253363637,753,70,0.09296148738379814,0.049105345073753345,3.264864449186316,True,False
Supply Chain Management An International Journal,Management Information Systems,B,1.3160975676770525,498,28,0.05622489959839357,0.01260147599309793,3.247539737395097,True,True
Journal of Service Research,Organizational Behavior and Human Resource Management,B,3.1218173353625778,374,29,0.07754010695187166,0.03472069681140401,3.1876850661970155,True,False
Journal of Product Innovation Management,Strategy and Management,B,1.762187167040637,455,28,0.06153846153846154,0.02009144193558752,3.0855176424205997,True,False
Review of Managerial Science,Accounting,B,0.9741804576898802,667,31,0.046476761619190406,0.005800031305523522,3.0281735628127278,True,True
Strategic Management Journal,Strategy and Management,B,5.649492836823686,1132,102,0.09010600706713781,0.049967947660858485,2.988072281607751,True,False
Journal of Retailing,Marketing,B,2.9776211662670784,477,35,0.07337526205450734,0.03349594957939853,2.9688099021001673,True,False
International Journal of Physical Distribution & Logistics Management,Management Information Systems,B,1.0454430120446394,460,21,0.04565217391304348,0.007248488208064269,2.8589570712696655,True,True
Financial Innovation,Economics and Econometrics,A,0.8046048147610251,656,27,0.041158536585365856,0.002756964527923267,2.858799721071109,True,True
The British Accounting Review,Accounting,B,1.0613676986429126,490,22,0.044897959183673466,0.007573902133428898,2.7785842653751844,True,True
Journal of International Financial Markets Institutions and Money,Economics and Econometrics,E,0.9624512986084767,1028,44,0.042801556420233464,0.00556397255263895,2.7721467812516094,True,True
Research in International Business and Finance,Accounting,A,0.8237310491132085,2111,85,0.04026527711984841,0.0030530181407130365,2.770261473432574,True,True
The Journal of Economic Perspectives,"General Economics, Econometrics and Finance",E,2.784280453159416,466,32,0.06866952789699571,0.03175034216457469,2.748443676111487,True,False
Academy of Management Review,Organizational Behavior and Human Resource Management,B,5.375214586449062,527,45,0.08538899430740038,0.048691793035082795,2.7319180736784268,True,False
Journal of Business Research,Marketing,B,1.940675163745322,6834,403,0.05896985659935616,0.022508917485094183,2.714329569995851,True,False
Journal of service management,Organizational Behavior and Human Resource Management,B,2.247353613291413,420,26,0.06190476190476191,0.02619397420949761,2.658484651350755,True,False
Business Horizons,Strategy and Management,B,1.252335775300308,832,39,0.046875,0.011364957295326173,2.643540218288275,True,True
Journal of Operations Management,Management Information Systems,B,2.5436642084214482,441,28,0.06349206349206349,0.029394146127661256,2.538414742621623,True,False
Journal of Economic Growth,Economics and Econometrics,E,1.9295947312037711,124,7,0.056451612903225805,0.02236638663265742,2.5374699558962766,True,False
Journal of World Business,Strategy and Management,B,3.0080402982874506,577,38,0.0658578856152513,0.033759330417551366,2.3895725026232504,True,False
International Journal of Production Economics,Management Information Systems,B,1.4291164365719289,2964,135,0.04554655870445344,0.014713927556399166,2.295330961818339,True,True
The Journal of Finance,Finance,A,10.96753600027317,899,87,0.0967741935483871,0.06702106971357147,2.2149671891747458,True,False
Journal of Corporate Finance,Accounting,A,3.120732951641636,1539,99,0.06432748538011696,0.03471170576466119,2.204742617758519,True,False
International Review of Economics & Finance,Accounting,A,0.6655458468399053,2738,84,0.030679327976625273,0.0012197369006455919,2.1931151835373153,True,True
Journal of Management Studies,Organizational Behavior and Human Resource Management,B,3.1819060483511192,830,53,0.06385542168674699,0.03521394722931025,2.1322106050113194,True,False
International Journal of Operations & Production Management,Management Information Systems,B,1.6493836865642686,863,40,0.046349942062572425,0.018401051890310764,2.080651263682401,True,False
Journal of Research in Interactive Marketing,Sociology and Political Science,B,1.3493691149752896,367,15,0.04087193460490463,0.013238851929728103,2.057141018236494,True,True
Long Range Planning,Strategy and Management,B,1.663992131444657,520,24,0.046153846153846156,0.01862829282633203,2.049136010820537,True,False
Global Finance Journal,Accounting,A,0.7123644162711699,556,16,0.02877697841726619,0.0016273442365020215,2.0211507619284728,True,True
Journal of Knowledge Management,Communication,B,1.14575642185894,1106,40,0.03616636528028933,0.009260496027490699,2.0030037155775484,True,True
Technology in Society,Information Systems and Management,X,1.091807344146887,1750,61,0.03485714285714286,0.008184915589420068,1.985610270310094,False,False
Industrial Marketing Management,Organizational Behavior and Human Resource Management,B,1.9184154081741809,1852,90,0.04859611231101512,0.022218696127649814,1.9636630999059987,False,False
Family Business Review,Organizational Behavior and Human Resource Management,B,2.5938324111992506,197,11,0.05583756345177665,0.02990347314607232,1.9306597662532772,False,False
Development and sustainability in economics and finance.,Economics and Econometrics,X,0.06515739500057095,39,1,0.02564102564102564,3.3737180869467155e-05,1.906331048056504,False,False
International Journal of Consumer Studies,Marketing,B,1.2877060206521729,903,34,0.03765227021040975,0.012053447479410334,1.905700818020197,False,False
Strategic Entrepreneurship Journal,Management of Technology and Innovation,B,3.3100554198559813,297,18,0.06060606060606061,0.036234559252829354,1.81433304778465,False,False
Small Business Economics,Management of Technology and Innovation,A,1.6423977929069422,1322,56,0.04236006051437216,0.018292873628760305,1.7916783993278915,False,False
Borsa Istanbul Review,Economics and Econometrics,E,0.5337435650956797,575,14,0.02434782608695652,0.0005889687442203439,1.7687248491489442,False,False
Organization & Environment,Marketing,B,1.5111290449788386,253,10,0.039525691699604744,0.016151653609297826,1.7400770331204245,False,False
European Research on Management and Business Economics,Management of Technology and Innovation,A,0.795121943784706,231,6,0.025974025974025976,0.002624688557288201,1.738238194892549,False,False
Journal of Accounting Literature,Accounting,B,0.186198574174471,214,5,0.02336448598130841,0.00012296366301350415,1.730211914799258,False,False
Review of Financial Studies,Finance,A,8.288136628722159,1168,97,0.08304794520547945,0.05981192303913236,1.7298024567481465,False,False
Journal of Hospitality Marketing & Management,Organizational Behavior and Human Resource Management,B,1.4784480390190955,441,17,0.03854875283446712,0.01558894962698554,1.709239374555103,False,False
Journal of Manufacturing Technology Management,Management Information Systems,B,0.8398633546015251,685,18,0.026277372262773723,0.0033244977101783515,1.7087235718002975,False,False
Journal of Family Business Strategy,Organizational Behavior and Human Resource Management,B,1.848713284681817,295,13,0.04406779661016949,0.021298700070923094,1.6950422430121126,False,False
The International Journal of Logistics Management,Management Information Systems,B,0.9152631849811558,624,17,0.027243589743589744,0.004641024259023131,1.6826448616768874,False,False
Sustainability Accounting Management and Policy Journal,Strategy and Management,B,0.7558566409672323,450,11,0.024444444444444446,0.002103064222630889,1.6632009609118508,False,False
Pacific-Basin Finance Journal,Accounting,A,0.8530500823045565,1632,42,0.025735294117647058,0.0035388706634032303,1.6524096743969174,False,False
Journal of Sustainable Finance & Investment,Strategy and Management,B,0.883106244171102,387,10,0.025839793281653745,0.004056280342762921,1.6216706081849208,False,False
Journal of Multinational Financial Management,Accounting,A,0.9519804949723227,262,7,0.026717557251908396,0.005361614212085053,1.589840226179619,False,False
Journal of Intellectual Capital,Strategy and Management,B,1.1462105807180976,496,15,0.03024193548387097,0.009269488611924158,1.5612909069976513,False,False
Management Review Quarterly,Strategy and Management,B,0.8780491554629332,370,9,0.024324324324324326,0.003965245083672043,1.5156288385116032,False,False
Critical Finance Review,Finance,E,2.2855210840243836,128,6,0.046875,0.02662429202658663,1.5075611545092062,False,False
Journal of Accounting and Economics,Accounting,A,6.209011794062265,524,38,0.07251908396946564,0.05239097163293714,1.4984345392756753,False,False
Global Journal of Flexible Systems Management,Management Information Systems,B,0.6030648447097553,335,7,0.020895522388059702,0.0008419239358383864,1.492887363463324,False,False
International Journal of Bank Marketing,Organizational Behavior and Human Resource Management,B,0.7841648851609805,723,16,0.022130013831258646,0.002467049199828301,1.4638066826972422,False,False
International Journal of Hospitality Management,Organizational Behavior and Human Resource Management,B,1.4984204374201946,2157,74,0.034306907742234584,0.0159346750710592,1.3677183204178314,False,False
Business Strategy & Development,Marketing,B,0.25821999629037645,436,8,0.01834862385321101,0.00017160662014422022,1.3531855341251549,False,False
Journal of Climate Finance,Economics and Econometrics,X,0.2023937414697666,55,1,0.01818181818181818,0.00013378937300671386,1.343583008719921,False,False
European Management Journal,Strategy and Management,B,1.082526217143536,814,21,0.025798525798525797,0.007998381895753385,1.325129251171085,False,False
British Journal of Management,Accounting,B,1.407426794054013,749,24,0.03204272363150868,0.0143198483147993,1.3193770019674815,False,False
Journal of Behavioral and Experimental Finance,Finance,A,1.2918690773660637,671,20,0.029806259314456036,0.012134812861724902,1.3155483873009755,False,False
Journal of commodity markets,Economics and Econometrics,E,0.5809814241405012,279,5,0.017921146953405017,0.0007406183163455348,1.2790020784047762,False,False
Research Policy,Strategy and Management,B,2.7770435527172355,1576,77,0.04885786802030457,0.03168279594064352,1.2785958657438643,False,False
International Journal of Contemporary Hospitality Management,Organizational Behavior and Human Resource Management,B,1.6308716386029256,1858,65,0.03498385360602799,0.018112043997138748,1.2560195330469388,False,False
Journal of Business Ethics,Information Systems and Management,B,1.637108250821752,3325,116,0.03488721804511278,0.018210574451747646,1.2414904260117297,False,False
Management Decision,Strategy and Management,B,0.6700425074087913,1665,29,0.017417417417417418,0.0012523316209277846,1.203407576569216,False,False
The Journal of Strategic Information Systems,Management Information Systems,B,1.459588586649855,256,8,0.03125,0.015257741321706726,1.1905414856562135,False,False
Journal of Business Logistics,Management Information Systems,B,2.0606927771980263,279,11,0.03942652329749104,0.02400856428177755,1.14778782669823,False,False
Business Process Management Journal,Management Information Systems,B,0.45992940231015583,896,14,0.015625,0.00044632048040892065,1.129974697700554,False,False
Organizational Research Methods,Organizational Behavior and Human Resource Management,B,4.400980378625337,308,18,0.05844155844155844,0.04356572352858482,1.1074294728428105,False,False
The Journal of Risk Finance,Economics and Econometrics,A,0.581528799409767,322,5,0.015527950310559006,0.0007437379482673838,1.1006086447282293,False,False
The Leadership Quarterly,Organizational Behavior and Human Resource Management,B,3.8532797288761884,528,29,0.054924242424242424,0.040153186106305694,1.0996292448256446,False,False
Journal of Interactive Marketing,Sociology and Political Science,B,4.432044002222787,325,19,0.05846153846153846,0.043746105219628253,1.095488392623243,False,False
Academy of Management Perspectives,Strategy and Management,B,2.853033974151555,340,16,0.047058823529411764,0.03238325084657835,1.0925209788152868,False,False
Production Planning & Control,Management Information Systems,B,1.2863278436542611,1087,29,0.02667893284268629,0.012027367729069652,1.0907337386450708,False,False
International Business Review,Strategy and Management,B,1.8644908638241326,885,32,0.03615819209039548,0.021510453004532602,1.0904489105380626,False,False
Journal of Open Innovation Technology Market and Complexity,Strategy and Management,X,0.4840509837790902,1347,20,0.014847809948032665,0.0004898662212967974,1.0688751351050998,False,False
Annals of Financial Economics,Economics and Econometrics,E,0.3496166628889909,206,3,0.014563106796116505,0.00027680886195738017,1.063541473984979,False,False
Operations Management Research,Strategy and Management,B,0.5346650688116791,405,6,0.014814814814814815,0.0005909931197960446,1.0588904390023264,False,False
The Journal of Economic Asymmetries,"General Economics, Econometrics and Finance",X,0.6062813976054131,334,5,0.014970059880239521,0.0008598484294930446,1.0504327400792035,False,False
International Small Business Journal Researching Entrepreneurship,Management of Technology and Innovation,B,1.4120647146692795,459,13,0.02832244008714597,0.014404521627836635,1.0361175149248236,False,False
Psychology and Marketing,Marketing,B,1.5219371132498605,1260,38,0.03015873015873016,0.016334547025404548,1.0291394015450919,False,False
Corporate Governance An International Review,Accounting,B,1.1978736536885182,459,11,0.023965141612200435,0.010291050924212898,1.0179657902089327,False,False
Journal of Law Finance and Accounting,Accounting,B,0.6781459983322956,67,1,0.014925373134328358,0.0013262448751856762,1.0123852225605063,False,False
Journal of strategy and management,Strategy and Management,B,0.5830654655100397,352,5,0.014204545454545454,0.0007493056378036151,1.001673467365027,False,False
Corporate Governance,Accounting,B,0.8144001731829339,739,12,0.016238159675236806,0.002905768927630438,0.9925279854026482,False,False
Electronic Commerce Research and Applications,Sociology and Political Science,B,0.5895816186952444,783,11,0.0140485312899106,0.0007755226796408534,0.9881072904008757,False,False
Journal of Contemporary Accounting & Economics,Accounting,A,0.8062151464829729,252,4,0.015873015873015872,0.00278277347062917,0.9745012853306743,False,False
Journal of International Business Policy,Strategy and Management,B,2.814432045806278,201,9,0.04477611940298507,0.03202984826969484,0.9488943917722922,False,False
Innovation,Strategy and Management,B,0.6528194819800529,291,4,0.013745704467353952,0.0011292274670683037,0.939231885490645,False,False
Journal of Consumer Research,Marketing,B,3.6432979366942155,721,37,0.05131761442441054,0.03870941864564385,0.9386153910999173,False,False
International Journal of Entrepreneurial Behaviour & Research,Management of Technology and Innovation,B,1.0049876997374343,910,17,0.01868131868131868,0.00642632444089731,0.9123213514238053,False,False
International Entrepreneurship and Management Journal,Management of Technology and Innovation,B,1.0203852087085707,688,13,0.0188953488372093,0.006734244409544466,0.9053317372976362,False,False
International Marketing Review,Strategy and Management,B,0.8613493132151617,513,8,0.015594541910331383,0.0036753801634134835,0.8873203478888924,False,False
Supply Chain Forum an International Journal,Management Information Systems,B,0.6497634622339552,308,4,0.012987012987012988,0.0011103194859278737,0.8841588052010164,False,False
Journal of Supply Chain Management,Management Information Systems,B,3.7292955162323755,215,11,0.05116279069767442,0.03931169410504652,0.8822532468908432,False,False
Modern Supply Chain Research and Applications,Strategy and Management,B,0.5706496892629006,80,1,0.0125,0.0006997137544256539,0.8784706776312584,False,False
Review of Accounting and Finance,Accounting,B,0.4454739604486826,249,3,0.012048192771084338,0.00042116627680405586,0.8655723794071281,False,False
Journal of Global Responsibility,Strategy and Management,B,0.334928422883803,254,3,0.011811023622047244,0.00025879383182473594,0.8600041491175568,False,False
Eurasian Economic Review,Accounting,B,0.8975581599351763,255,4,0.01568627450980392,0.004307015281893682,0.847127379527183,False,False
Journal of International Marketing,Strategy and Management,B,1.1980538296780756,234,5,0.021367521367521368,0.010294514837756716,0.82432843976695,False,False
Business Ethics the Environment & Responsibility,Strategy and Management,B,0.38168482428846473,443,5,0.011286681715575621,0.00031933784690349335,0.8164623975745343,False,False
The International Journal of Management Education,Management of Technology and Innovation,B,0.7335665480520854,868,11,0.012672811059907835,0.0018572741017258215,0.8051611531172336,False,False
Industrial Management & Data Systems,Information Systems and Management,X,0.7173394658456315,1125,14,0.012444444444444444,0.0016777899301342596,0.8015221063433925,False,False
Emerging Markets Review,Accounting,A,1.0186808968670198,630,11,0.01746031746031746,0.006699362133852095,0.8010978310924542,False,False
European Journal of Innovation Management,Strategy and Management,B,0.6992236988984669,820,10,0.012195121951219513,0.0015037898252099526,0.7959147415630619,False,False
Eurasian economic review :,Economics and Econometrics,E,0.5262179135501518,267,3,0.011235955056179775,0.0005684122513676323,0.7941437488364642,False,False
Journal of Business and Socio-economic Development,Economics and Econometrics,X,0.6380176768636424,86,1,0.011627906976744186,0.001043070539510691,0.7879866847399484,False,False
Meditari Accountancy Research,Strategy and Management,B,0.791038276002141,537,7,0.01303538175046555,0.0025614497631776625,0.779730418301278,False,False
Journal of Enterprise Information Management,Information Systems and Management,X,0.8844642234297851,624,9,0.014423076923076924,0.004081406355332356,0.7698842352144678,False,False
The Journal of Technology Transfer,Strategy and Management,B,1.074789481909198,771,14,0.018158236057068743,0.007844678395709521,0.767791373786485,False,False
China Economic Quarterly International,Economics and Econometrics,E,0.38545410067962194,94,1,0.010638297872340425,0.00032526887074585414,0.7677520177834166,False,False
Human Resource Management Review,Organizational Behavior and Human Resource Management,B,2.1325644749107564,398,14,0.035175879396984924,0.024869170272885592,0.7672815353772909,False,False
Accounting and Finance,Accounting,A,0.7061272670146207,1187,14,0.011794439764111205,0.0015606896635948797,0.7618501109565219,False,False
Australian Journal of Management,Accounting,B,0.6154634384386347,361,4,0.0110803324099723,0.0009048190021119206,0.7575146884255929,False,False
International Journal of Disclosure and Governance,Accounting,B,0.41979044891327455,285,3,0.010526315789473684,0.0003792726891383694,0.7553952203191906,False,False
Emerging Markets Finance and Trade,Accounting,A,0.518330000984286,2261,24,0.010614772224679346,0.0005532677806645835,0.7490273068789751,False,False
Zeitschrift für schweizerische Statistik und Volkswirtschaft/Schweizerische Zeitschrift für Volkswirtschaft und Statistik/Swiss journal of economics and statistics,"General Economics, Econometrics and Finance",X,1.1562880319913607,154,3,0.01948051948051948,0.009468457394440962,0.7453465773800421,False,False
Review of Accounting Studies,Accounting,B,4.844365067220578,536,30,0.055970149253731345,0.04602654210042643,0.7402504593766859,False,False
Journal of Economics and Business,Accounting,A,0.7967913646742412,322,4,0.012422360248447204,0.0026514831111946057,0.7273915972193677,False,False
Journal of Cleaner Production,Environmental Engineering,X,0.8496434920522106,38911,515,0.013235331911284726,0.0034777122198993322,0.726404648495222,False,False
Journal of the International Council for Small Business,Management of Technology and Innovation,B,0.32958197192326105,204,2,0.00980392156862745,0.00025204962093136417,0.7110877861701547,False,False
Journal of Global Operations and Strategic Sourcing,Management Information Systems,B,0.4809760408138978,202,2,0.009900990099009901,0.00048441959661012967,0.7010152887865831,False,False
Service Industries Journal,Organizational Behavior and Human Resource Management,B,1.106694601631361,559,10,0.017889087656529516,0.008485449618186527,0.700052533288371,False,False
Investment Analysts Journal,Finance,A,0.22676440701338063,211,2,0.009478672985781991,0.00014931234402449796,0.694522962771756,False,False
Asia Pacific Journal of Management,Accounting,B,0.792523434471152,590,7,0.011864406779661017,0.002583206163282581,0.6909376963427025,False,False
Journal of Applied Accounting Research,Accounting,A,0.6469037847167786,391,4,0.010230179028132993,0.0010951409405700677,0.6800566470985779,False,False
Global Business and Organizational Excellence,Organizational Behavior and Human Resource Management,X,0.589796970244857,505,5,0.009900990099009901,0.0007761697452208098,0.6792959893208462,False,False
The North American Journal of Economics and Finance,Economics and Econometrics,E,0.7035763523831177,1532,16,0.010443864229765013,0.0015424266317603734,0.6626662909591899,False,False
China Finance Review International,Finance,A,1.3053405297734872,282,6,0.02127659574468085,0.012392986416281955,0.6613390678939507,False,False
Economic Modelling,"General Economics, Econometrics and Finance",E,1.0064601169090641,3052,46,0.01507208387942333,0.0064569013990822596,0.6413560683123753,False,False
International Journal of Logistics Research and Applications,Management Information Systems,B,0.7451812698196087,573,6,0.010471204188481676,0.0019773327344366656,0.632325085736473,False,False
Journal of financial reporting & accounting,Accounting,B,0.41125638196738046,567,5,0.008818342151675485,0.0003655040540423139,0.6292703631931015,False,False
Journal of Financial Stability,Finance,E,1.665719788315366,738,20,0.02710027100271003,0.0186547123350283,0.628728447037075,False,False
The Quarterly Review of Economics and Finance,Finance,E,0.7208641722840265,1085,11,0.010138248847926268,0.0017171833825775898,0.6269050539766784,False,False
International Economics,"General Economics, Econometrics and Finance",E,0.7360542839236671,487,5,0.01026694045174538,0.0018801012821877906,0.6243570821198361,False,False
Journal of Environmental Management,Economics and Econometrics,X,0.5334513981583829,18227,160,0.008778186207274922,0.0005880992526668085,0.6097098906877688,False,False
Journal of the American Taxation Association,Accounting,A,0.9758859404707275,215,3,0.013953488372093023,0.005835564058202624,0.6043377528792706,False,False
Economic Change and Restructuring,Economics and Econometrics,E,0.3887603021553577,597,5,0.008375209380234505,0.0003304196248353675,0.5988932607865322,False,False
Journal of Chinese Human Resource Management,Organizational Behavior and Human Resource Management,B,0.07370559122725422,124,1,0.008064516129032258,4.0775323935047984e-05,0.5973262745922695,False,False
Indian Journal of Corporate Governance,Accounting,X,0.16267905544171612,125,1,0.008,0.00010599948630006277,0.5876677765416325,False,False
Asia Pacific Journal of Marketing and Logistics,Marketing,B,0.5441809310432996,1065,9,0.008450704225352112,0.0006151847467288492,0.583314163972984,False,False
Journal of Product & Brand Management,Marketing,B,1.016060635724267,762,11,0.014435695538057743,0.006644907589354625,0.5799841314142254,False,False
Economics Letters,"General Economics, Econometrics and Finance",E,0.7488563647042172,4243,41,0.009662974310629272,0.0020193308284097936,0.5690299819561941,False,False
Asia Pacific Management Review,Accounting,B,0.6473143732771723,347,3,0.008645533141210375,0.0010972046403659487,0.5619342713493133,False,False
Oeconomia Copernicana,Economics and Econometrics,E,0.4769929632340246,376,3,0.007978723404255319,0.00047729162791737854,0.5584430511790102,False,False
Journal of Consumer Behaviour,Marketing,B,0.7347185882722035,864,8,0.009259259259259259,0.0018669421043767092,0.5503200282747696,False,False
Journal of Service Theory and Practice,Organizational Behavior and Human Resource Management,B,0.9853970956020539,386,5,0.012953367875647668,0.006025992498189275,0.5157075019535489,False,False
Structural Change and Economic Dynamics,Economics and Econometrics,E,0.8745430095709965,1020,11,0.010784313725490196,0.003901212463648995,0.5124115215393156,False,False
Global Strategy Journal,Strategy and Management,B,2.5974192491094557,272,10,0.03676470588235294,0.029939338982064998,0.5081134949778566,False,False
Journal of Accounting Business and Management (JABM),Accounting,X,0.09638636666274501,148,1,0.006756756756756757,5.8486057633309714e-05,0.49865183585893413,False,False
IEEE Engineering Management Review,Management Information Systems,X,0.5289528665384046,1106,8,0.007233273056057866,0.0005756090440293049,0.4956288766538569,False,False
International Journal of Accounting and Information Management,Accounting,B,0.8083877172134944,318,3,0.009433962264150943,0.0028177261908774874,0.4925447794825097,False,False
Journal of International Money and Finance,"General Economics, Econometrics and Finance",E,1.2577988359817356,1276,23,0.018025078369905956,0.011470455988120956,0.48795795674051673,False,False
Financial Analysts Journal,Finance,A,1.003828655793001,387,5,0.012919896640826873,0.006402239215089082,0.4852061056996506,False,False
Central Bank Review,"General Economics, Econometrics and Finance",E,0.6629092495551331,130,1,0.007692307692307693,0.0012002420241639432,0.4833009308447742,False,False
Journal of International Accounting Auditing and Taxation,Accounting,A,0.8855496207465291,285,3,0.010526315789473684,0.004098980087846318,0.47848211743929236,False,False
Journal of Banking & Finance,Finance,E,1.853383310264757,2018,56,0.027750247770069375,0.021361244851637786,0.4756284386955148,False,False
Asian Business & Management,Strategy and Management,B,0.5575136377780187,288,2,0.006944444444444444,0.0006536843672439869,0.4683147639665564,False,False
European Accounting Review,Accounting,A,1.5137834274438304,445,10,0.02247191011235955,0.01619678215580184,0.46715103290715115,False,False
Accounting Forum,Accounting,A,0.9164198796560009,275,3,0.01090909090909091,0.004661035709599262,0.46513560525139497,False,False
Future Business Journal,Accounting,X,0.3034876247285104,465,3,0.0064516129032258064,0.0002188232429923338,0.4639991642924678,False,False
Journal of Asset Management,Finance,A,0.6145793499958503,421,3,0.007125890736342043,0.0009002179198332839,0.46346935184560534,False,False
Competitiveness Review An International Business Journal incorporating Journal of Global Competitiveness,Strategy and Management,B,0.5444761505940114,440,3,0.006818181818181818,0.0006159550607653063,0.46172391321895556,False,False
Latin American Journal of Central Banking,"General Economics, Econometrics and Finance",E,0.5750747116658078,145,1,0.006896551724137931,0.0007198366625307833,0.4598246985525673,False,False
Information Systems and e-Business Management,Management Information Systems,X,0.30810522833681925,314,2,0.006369426751592357,0.00022467320116035508,0.45744532827325063,False,False
Journal of Relationship Marketing,Organizational Behavior and Human Resource Management,B,0.41533356506476576,154,1,0.006493506493506494,0.0003720003209489016,0.45571468044238617,False,False
IEEE Transactions on Engineering Management,Strategy and Management,B,0.6617818117195653,2495,18,0.007214428857715431,0.0011908833680893019,0.44842201094902556,False,False
International Journal of Retail & Distribution Management,Marketing,B,0.8313366676519195,762,7,0.009186351706036745,0.0031732889618895093,0.44764162441156063,False,False
Asia-Pacific Journal of Business Administration,Organizational Behavior and Human Resource Management,B,0.44735937864362346,311,2,0.006430868167202572,0.0004243969387593025,0.4471509199365524,False,False
Journal of Business Economics,Accounting,B,0.5666600450507115,454,3,0.006607929515418502,0.0006826778508223195,0.44110454073821526,False,False
Journal of Organizational Effectiveness People and Performance,Organizational Behavior and Human Resource Management,B,0.47141011926772325,313,2,0.006389776357827476,0.000466959976109505,0.4409232464411341,False,False
Telecommunications Policy,Media Technology,X,1.0598427954721021,892,12,0.013452914798206279,0.007542605780399583,0.43999213746446514,False,False
Managerial and Decision Economics,Accounting,A,0.3768845095230924,1635,10,0.0061162079510703364,0.00031214786517268656,0.4320824504221917,False,False
Electronic Markets,Marketing,B,0.9587243804496274,807,9,0.011152416356877323,0.00549426686891877,0.421220156137321,False,False
American Economic Review Insights,Safety Research,E,7.1102336369678705,179,11,0.061452513966480445,0.05587152996661129,0.4154755820481067,False,False
Business & Society,Strategy and Management,B,1.882705596611146,513,14,0.02729044834307992,0.02175507357300523,0.4120802092435858,False,False
Asia Pacific Journal of Innovation and Entrepreneurship,Management of Technology and Innovation,B,0.49615326836007284,166,1,0.006024096385542169,0.0005120726388224442,0.410341845539255,False,False
Journal of Central Banking Theory and Practice,"General Economics, Econometrics and Finance",E,0.6966781673059749,288,2,0.006944444444444444,0.0014828531237576453,0.4065874105577859,False,False
Service Business,Organizational Behavior and Human Resource Management,B,0.6477111264371255,305,2,0.006557377049180328,0.0010998894604697823,0.40628190879833936,False,False
Economics,"General Economics, Econometrics and Finance",E,0.18617803866338287,360,2,0.005555555555555556,0.00012295104083190757,0.4044294917965893,False,False
Journal of Accounting in Emerging Economies,Accounting,B,0.6096202364565638,318,2,0.006289308176100629,0.0008749086976436196,0.40307422038938484,False,False
Annals of Operations Research,Management Information Systems,X,0.6516306289090186,4437,29,0.006535947712418301,0.0011217429477700025,0.4030597249468233,False,False
The Journal of High Technology Management Research,Strategy and Management,B,0.3490153198274812,176,1,0.005681818181818182,0.00027602865174332765,0.40243325397278806,False,False
Asia Pacific Journal of Human Resources,Public Administration,B,0.5528606216528602,331,2,0.006042296072507553,0.00064145063260706,0.40206519186350065,False,False
Journal of Financial Economic Policy,Finance,E,0.3087904646304849,357,2,0.0056022408963585435,0.00022558783709999232,0.40026419343229647,False,False
China Journal of Accounting Research,Accounting,B,0.8458658423397316,228,2,0.008771929824561403,0.0034148192949054624,0.3988093525186641,False,False
Young Consumers Insight and Ideas for Responsible Marketers,Marketing,X,0.4747829314230235,345,2,0.005797101449275362,0.0004732080545062629,0.3963365075057767,False,False
Journal of Economic Studies,"General Economics, Econometrics and Finance",E,0.47985263597188205,863,5,0.005793742757821553,0.0004824692833450643,0.39539701928486515,False,False
Resources Conservation & Recycling Advances,Strategy and Management,X,0.23456438689595563,183,1,0.00546448087431694,0.0001540532662903314,0.39533404887398294,False,False
Marketing Intelligence & Planning,Marketing,B,0.6102235786280966,648,4,0.006172839506172839,0.0008788681427100832,0.3941089660232432,False,False
Journal of African Business,Information Systems,X,0.36304364188204585,358,2,0.00558659217877095,0.00029378910128580096,0.3940219931352083,False,False
Journal of Management & Governance,Accounting,B,0.7476040463329536,414,3,0.007246376811594203,0.0020057285399983373,0.3901393358235292,False,False
Journal of Empirical Finance,Finance,E,0.9651614869875761,737,8,0.010854816824966078,0.00561632708041294,0.38997864457634684,False,False
Journal of Small Business & Entrepreneurship,Management of Technology and Innovation,B,0.8872624341826798,323,3,0.009287925696594427,0.004129950553417178,0.38398474621168516,False,False
Marketing ZFP,Strategy and Management,B,0.09292515473355999,192,1,0.005208333333333333,5.5934862306916827e-05,0.38356959162464227,False,False
Industry and Innovation,Strategy and Management,B,0.9426804174900109,486,5,0.0102880658436214,0.0051735618362200066,0.38074854352069204,False,False
Electronic Commerce Research,Sociology and Political Science,X,0.3875211895177195,738,4,0.005420054200542005,0.0003284947715826242,0.3790404375516968,False,False
EuroMed Journal of Business,Accounting,B,0.5206250493766283,354,2,0.005649717514124294,0.0005587018561509062,0.37899995659584534,False,False
European Financial Management,Accounting,A,0.8996767880078977,424,4,0.009433962264150943,0.004346373670016405,0.37874482930230796,False,False
Cogent Business & Management,Accounting,B,0.23144049051482485,2879,15,0.005210142410559222,0.00015214367434921263,0.3765420164212457,False,False
China Economic Review,"General Economics, Econometrics and Finance",E,0.9533832086644004,1246,13,0.01043338683788122,0.005389878037966267,0.37546331511764586,False,False
International Journal of Emerging Markets,Accounting,B,0.4837253889413022,1270,7,0.005511811023622047,0.0004893183479341235,0.3738987726559895,False,False
Journal of Islamic marketing,Sociology and Political Science,B,0.3651018867637727,941,5,0.005313496280552604,0.00029638099835583654,0.3734984533412069,False,False
Social Responsibility Journal,Strategy and Management,B,0.3936593573664341,750,4,0.005333333333333333,0.00033788910260272456,0.3718851549118067,False,False
R and D Management,Strategy and Management,B,1.0879058148381808,613,8,0.013050570962479609,0.008105627392377976,0.36812564021527117,False,False
Journal of Consumer Marketing,Marketing,B,0.6084286654288975,697,4,0.005738880918220947,0.0008695623230553967,0.36249574941471,False,False
Benchmarking An International Journal,Management Information Systems,B,0.5679838229314952,1445,8,0.005536332179930796,0.0006863411238892902,0.36105691343752244,False,False
Review of Quantitative Finance and Accounting,Accounting,A,0.6089641820546454,880,5,0.005681818181818182,0.0008724973437109168,0.35802922468789544,False,False
Entrepreneurship Education and Pedagogy,Management of Technology and Innovation,X,0.9008725443138628,218,2,0.009174311926605505,0.004368954547951773,0.3577341654970038,False,False
Ekonomika,Economics and Econometrics,X,0.09689022303986111,213,1,0.004694835680751174,5.885482297795106e-05,0.34512495382397934,False,False
Australasian Marketing Journal (AMJ),Marketing,B,1.393227974318288,428,8,0.018691588785046728,0.014059722861765931,0.3448186180947655,False,False
Journal of Economics Finance and Administrative Science,Accounting,E,0.34783770011683274,205,1,0.004878048780487805,0.00027470752818903663,0.34269510290832766,False,False
Journal of the Knowledge Economy,Economics and Econometrics,E,0.2631220620175305,1916,9,0.004697286012526096,0.00017605118805400597,0.33658270124367856,False,False
International Journal of Innovation Management,Strategy and Management,B,0.30818163842007795,853,4,0.004689331770222743,0.0002247540448743095,0.3323648713348112,False,False
International Journal of Finance & Economics,"General Economics, Econometrics and Finance",A,0.6799020663805356,1552,9,0.005798969072164949,0.0013388854910567338,0.33203030538836575,False,False
International Review of Finance,Accounting,A,0.5179488956666323,399,2,0.005012531328320802,0.0005524529836421914,0.3320299155630881,False,False
Journal of Innovation and Entrepreneurship,Management of Technology and Innovation,X,0.4293758162059939,415,2,0.004819277108433735,0.0003947375354151851,0.3293842366216891,False,False
Organizational Dynamics,Organizational Behavior and Human Resource Management,B,0.394765823092084,423,2,0.004728132387706856,0.00033959570260677516,0.3267040066096178,False,False
Economic Research-Ekonomska Istraživanja,Economics and Econometrics,E,0.4942536864862795,1850,9,0.004864864864864865,0.0005084557675162917,0.32431227278254143,False,False
Spanish Journal of Marketing - ESIC,Sociology and Political Science,X,0.6106280394469696,196,1,0.00510204081632653,0.000881294437485954,0.31421288046468854,False,False
Financial Markets Institutions and Instruments,Finance,E,0.9366800108562312,108,1,0.009259259259259259,0.005053207965625417,0.31311890687872995,False,False
Journal of Small Business Management,Management of Technology and Innovation,B,1.4967497821912785,750,15,0.02,0.015905946431858116,0.304781251693206,False,False
European Business Review,Strategy and Management,B,0.812946548887973,430,3,0.0069767441860465115,0.002886481578732847,0.3044990341386201,False,False
The International journal of accounting/International journal of accounting,Accounting,A,0.824206639819741,140,1,0.007142857142857143,0.003060099770164256,0.30394030798521265,False,False
Journal of Science and Technology Policy Management,Information Systems and Management,X,0.2310581438360529,479,2,0.0041753653444676405,0.0001519200813633519,0.2995248261894574,False,False
Journal of Management Control,Management Information Systems,B,0.7117603284496864,179,1,0.00558659217877095,0.0016204596644586648,0.295258186531703,False,False
International Journal of Manpower,Economics and Econometrics,B,0.6447638206628236,794,4,0.005037783375314861,0.0010816062570537148,0.2945170584494574,False,False
Environment Development and Sustainability,Economics and Econometrics,X,0.24656622482789983,6176,25,0.004047927461139896,0.00016276713183405428,0.2892302234169462,False,False
Cleaner and Responsible Consumption,Marketing,X,0.33455264850628863,242,1,0.004132231404958678,0.000258379448900936,0.2883883731343828,False,False
The Journal of Finance and Data Science,Finance,E,0.8582112450751447,134,1,0.007462686567164179,0.003624437243197524,0.2857379401120277,False,False
Corporate Reputation Review,Strategy and Management,B,0.29272223056210267,250,1,0.004,0.0002056194947517876,0.28247213196937127,False,False
Journal of Advertising Research,Marketing,B,0.8670214518922188,398,3,0.007537688442211055,0.003771071262296791,0.2804052950544144,False,False
Research in Globalization,Economics and Econometrics,E,0.1927321334472286,258,1,0.003875968992248062,0.00012745372551176506,0.27905770063128466,False,False
International Journal of Law and Management,Accounting,X,0.24834083684567312,519,2,0.0038535645472061657,0.0001639744757213161,0.2746710226198502,False,False
International Journal of Integrated Supply Management,Management Information Systems,B,0.27168245159692817,259,1,0.003861003861003861,0.00018379770431214778,0.2737491037957086,False,False
Letters in Spatial and Resource Sciences,Economics and Econometrics,X,0.3367655203189951,255,1,0.00392156862745098,0.0002610876494099826,0.27250400018406457,False,False
Humanities and Social Sciences Communications,Economics and Econometrics,X,0.2189513280395546,3700,14,0.0037837837837837837,0.00014432244499896444,0.27093919604654926,False,False
China Journal of Accounting Studies,Accounting,B,0.19013048770836002,267,1,0.003745318352059925,0.0001257319102086682,0.269459612092929,False,False
Journal of Advertising,Marketing,B,2.3971127613224175,445,14,0.03146067415730337,0.027854279718657452,0.2684775352386957,False,False
European Journal of Management and Business Economics,Sociology and Political Science,E,0.37889102421301224,256,1,0.00390625,0.00031525660694946424,0.26733100652923486,False,False
Journal of Management & Organization,Organizational Behavior and Human Resource Management,B,0.4195425601056845,759,3,0.003952569169960474,0.0003789015559378025,0.266041191305574,False,False
Journal of Strategic Marketing,Organizational Behavior and Human Resource Management,B,0.9901041926076609,517,5,0.009671179883945842,0.006120509091172357,0.26432919612802364,False,False
Journal of Entrepreneurship and Public Policy,Management of Technology and Innovation,X,0.4132546246431792,256,1,0.00390625,0.0003687785823977592,0.26334657046880783,False,False
Review of Financial Economics,Finance,E,0.38656542699021523,261,1,0.0038314176245210726,0.0003269997819411479,0.2608859016474155,False,False
International Journal of Financial Studies,Accounting,B,0.319493962391401,806,3,0.0037220843672456576,0.0002383355916051592,0.2593471958175384,False,False
Journal of applied corporate finance,Accounting,B,0.544074278491073,491,2,0.004073319755600814,0.0006147659100856534,0.2574715627286904,False,False
Economic and Political Studies,Finance,X,0.5825079358898964,248,1,0.004032258064516129,0.0007466549641574235,0.24459626842374044,False,False
Economic Systems,"General Economics, Econometrics and Finance",E,0.7782140143924248,529,3,0.005671077504725898,0.002388829649920748,0.24434648763251968,False,False
Journal of Economic Structures,Environmental Engineering,E,0.8138091576881681,326,2,0.006134969325153374,0.0028974100154413227,0.24101965507326606,False,False
Journal of Services Marketing,Organizational Behavior and Human Resource Management,B,1.0780589406487073,719,8,0.011126564673157162,0.007911112747299167,0.2393738739395914,False,False
Society and Business Review,Strategy and Management,B,0.47240856357546923,273,1,0.003663003663003663,0.00046876565147615894,0.23779460702103614,False,False
Journal of risk and financial management,Economics and Econometrics,E,0.4790824888681822,3000,11,0.0036666666666666666,0.0004810436097625904,0.23715326791550015,False,False
Empirical Economics,"General Economics, Econometrics and Finance",E,0.6921132817159136,1729,8,0.004626951995373048,0.0014415637179152523,0.2371357897920906,False,False
Journal of Innovation Management,Strategy and Management,X,0.2546086825066852,302,1,0.0033112582781456954,0.0001687171479311162,0.23394603984111537,False,False
Journal of Hospitality and Tourism Insights,Sociology and Political Science,B,0.4436359386125681,563,2,0.003552397868561279,0.00041807628897715636,0.23333413653115373,False,False
The TQM Journal,Management Information Systems,B,0.6460738255129629,951,4,0.004206098843322818,0.0010896724833708198,0.23200192938045955,False,False
Economic Policy,Finance,E,1.210431930792021,293,4,0.013651877133105802,0.010540233933293848,0.23164584768532107,False,False
IMA Journal of Management Mathematics,"Safety, Risk, Reliability and Quality",X,0.5989287394651047,255,1,0.00392156862745098,0.0008222173642840929,0.23073077616169238,False,False
Forum for Social Economics,Economics and Econometrics,E,0.18215163455134487,311,1,0.003215434083601286,0.00011998282255101897,0.23044044104347136,False,False
Journal of global entrepreneurship research,Management of Technology and Innovation,X,0.11552934738825481,324,1,0.0030864197530864196,7.16999645234504e-05,0.22443039773891302,False,False
Knowledge and Process Management,Strategy and Management,B,0.500185314583434,284,1,0.0035211267605633804,0.0005194537439451817,0.22345913260578784,False,False
Strategic Change,Strategy and Management,B,0.6393728959370748,496,2,0.004032258064516129,0.001051332529129324,0.22191458923478954,False,False
Asian Review of Accounting,Accounting,B,0.43944792349732875,298,1,0.003355704697986577,0.000411231641630112,0.21920088947457128,False,False
Uncertain Supply Chain Management,Management Information Systems,B,0.09243116339110838,1003,3,0.0029910269192422734,5.556839888210983e-05,0.21852980358899182,False,False
International Journal of Accounting Auditing and Performance Evaluation,Accounting,B,0.07503996918729731,336,1,0.002976190476190476,4.187826410181026e-05,0.21844446682824886,False,False
Applied Economics,"General Economics, Econometrics and Finance",E,0.40781337739126133,4881,16,0.003278016799836099,0.0003600627016412996,0.21722668930166528,False,False
European Company and Financial Law Review,Strategy and Management,X,0.24693559416239397,327,1,0.0030581039755351682,0.000162997312510839,0.21552581515008554,False,False
Journal of Economic and Financial Sciences,Strategy and Management,X,0.18374136009315006,335,1,0.0029850746268656717,0.00012116831053380513,0.21320310965541692,False,False
Pacific Accounting Review,Accounting,B,0.43378972023904305,308,1,0.003246753246753247,0.00040197428198665114,0.21177917661335732,False,False
Foundations and Trends® in Entrepreneurship,Management of Technology and Innovation,B,1.397265791339928,59,1,0.01694915254237288,0.014134318798510397,0.20954990878442495,False,False
Journal of Applied Economics,"General Economics, Econometrics and Finance",E,0.39837939171546416,318,1,0.0031446540880503146,0.0003452715003352641,0.2083996496018468,False,False
Journal of Forecasting,"General Economics, Econometrics and Finance",A,0.5881612997706777,850,3,0.0035294117647058825,0.0007692696116493482,0.20547840087044922,False,False
Quality Management Journal,Management Information Systems,B,0.4668780560979951,312,1,0.003205128205128205,0.00045878465185294603,0.20445116601800947,False,False
Culture and Organization,Organizational Behavior and Human Resource Management,B,0.5486490151759181,298,1,0.003355704697986577,0.000626712871267173,0.20315941913421579,False,False
International Journal of Accounting Information Systems,Accounting,B,1.2651486156296061,210,3,0.014285714285714285,0.011614316529407462,0.19887183652732288,False,False
German Journal of Human Resource Management Zeitschrift für Personalforschung,Organizational Behavior and Human Resource Management,B,0.821635906613253,176,1,0.005681818181818182,0.0030165662292004937,0.1984143130216191,False,False
Japanese Economic Review,Economics and Econometrics,E,0.5036044826435898,316,1,0.0031645569620253164,0.0005251692883040152,0.19648885035607788,False,False
Journal of Consumer Affairs,Accounting,B,0.8225333305041083,530,3,0.005660377358490566,0.0030321587540939193,0.19565737053483034,False,False
Journal of Information Technology,Management Information Systems,B,0.9210966766346839,272,2,0.007352941176470588,0.0047506678678528,0.19372587657867776,False,False
Climate Change Economics,Economics and Econometrics,E,0.6867061944890425,253,1,0.003952569169960474,0.001394888727065152,0.19040616685693892,False,False
SN Business & Economics,"General Economics, Econometrics and Finance",X,0.13833548104287202,758,2,0.002638522427440633,8.852230814072756e-05,0.18983440622902847,False,False
Cogent Economics & Finance,Economics and Econometrics,E,0.26354389027905073,1838,5,0.002720348204570185,0.00017650885113413412,0.18937576886629687,False,False
Journal of Purchasing and Supply Management,Management Information Systems,B,1.4451551786937675,342,6,0.017543859649122806,0.015001481436361978,0.18926699445079834,False,False
Business Ethics and Leadership,"Management, Monitoring, Policy and Law",X,0.1385886069741287,383,1,0.0026109660574412533,8.869723527238231e-05,0.18776995364920818,False,False
European Journal of Economics and Economic Policies Intervention,"General Economics, Econometrics and Finance",E,0.480725893119226,340,1,0.0029411764705882353,0.0004839964246133024,0.18292442870690243,False,False
Quarterly Journal of Finance,Finance,A,0.7723360500403756,210,1,0.004761904761904762,0.0023160361559473822,0.18208235011911122,False,False
Journal of International Management,Strategy and Management,B,1.3149790525324607,466,7,0.015021459227467811,0.012579811035536227,0.18176816198062304,False,False
Research in Economics,Economics and Econometrics,E,0.3283807953984356,372,1,0.002688172043010753,0.0002501830133152742,0.18149575615399993,False,False
Transnational Corporation Review,Strategy and Management,A,0.49222854283606554,343,1,0.0029154518950437317,0.0005046619103579033,0.17947092700974832,False,False
Australasian Accounting Business and Finance Journal,Accounting,B,0.24694809505151552,394,1,0.0025380710659898475,0.00016300935692392427,0.17681114047226615,False,False
Technology Analysis and Strategic Management,Strategy and Management,B,0.42165666396359186,1454,4,0.002751031636863824,0.00038214366802780917,0.176351537234648,False,False
Journal of Marketing Analytics,Sociology and Political Science,B,0.354332543992715,383,1,0.0026109660574412533,0.00028276711188480867,0.17332244852368867,False,False
Revista de Economía Mundial,"General Economics, Econometrics and Finance",E,0.24038406472694457,406,1,0.0024630541871921183,0.0001579661851460543,0.1716019575301862,False,False
Asia-Pacific Journal of Financial Studies,Accounting,B,0.6069191965591951,319,1,0.003134796238244514,0.0008621370617165835,0.16918779809923298,False,False
Sustainable Futures,Economics and Econometrics,X,0.23118119328485942,413,1,0.002421307506053269,0.00015199216202576183,0.16893886695117427,False,False
International Journal of Innovation Science,Strategy and Management,B,0.28652744520160905,407,1,0.002457002457002457,0.0001981737438171353,0.16815819116837633,False,False
Journal of Organizational Behavior,Organizational Behavior and Human Resource Management,B,2.1024654963122646,748,20,0.026737967914438502,0.024513345061054567,0.16561174066596132,False,False
Innovative Marketing,Sociology and Political Science,B,0.09533460463739481,439,1,0.002277904328018223,5.7711238419906177e-05,0.16528196751355514,False,False
Environment and Development Economics,Economics and Econometrics,E,0.5726272066396375,345,1,0.002898550724637681,0.0007082997451392946,0.16305293126800974,False,False
Journal of International Consumer Marketing,Marketing,B,0.6089208080904722,333,1,0.003003003003003003,0.0008723383433954025,0.15861703592422996,False,False
Applied Economics Letters,"General Economics, Econometrics and Finance",E,0.28569291946736486,3884,9,0.002317198764160659,0.00019718198645734365,0.15782435582841425,False,False
Economics of Innovation and New Technology,Economics and Econometrics,E,0.7627536273137545,466,2,0.004291845493562232,0.0021907187864418426,0.15641808713627053,False,False
Management Theory and Studies for Rural Business and Infrastructure Development,Economics and Econometrics,X,0.05740629980995802,486,1,0.00205761316872428,2.748813161761103e-05,0.1511323776312747,False,False
International Journal of Productivity and Performance Management,Management Information Systems,B,0.5317731408215783,1151,3,0.0026064291920069507,0.0005835361320478649,0.15059399409266913,False,False
Journal of Industrial Engineering and Management,Management Information Systems,X,0.2916968445220216,449,1,0.0022271714922048997,0.00020454718906041112,0.15057398652877413,False,False
Creativity and Innovation Management,Strategy and Management,B,1.001270785031404,478,4,0.008368200836820083,0.006349164504698593,0.15030688052216545,False,False
International Journal of Managerial Finance,Accounting,A,0.46133626185116816,408,1,0.0024509803921568627,0.0004488176807339261,0.14905072616279894,False,False
Amfiteatru Economic,Marketing,X,0.16877148212287382,480,1,0.0020833333333333333,0.00011041150872315244,0.1468738923878916,False,False
Studies in Economics and Finance,Economics and Econometrics,A,0.4446420588534441,418,1,0.0023923444976076554,0.000419763113678817,0.14684854832845032,False,False
Journal of Enterprising Communities People and Places in the Global Economy,Management of Technology and Innovation,B,0.47599774323465827,413,1,0.002421307506053269,0.00047539015149276,0.14486354834962684,False,False
Journal of Organizational Change Management,Organizational Behavior and Human Resource Management,B,0.5843281388324004,742,2,0.0026954177897574125,0.0007540273891862994,0.14452653988594133,False,False
Entrepreneurship and Regional Development,Management of Technology and Innovation,B,1.091229941656759,498,5,0.010040160642570281,0.008173196771298734,0.13898586720505163,False,False
Entrepreneurial Business and Economics Review,Management of Technology and Innovation,B,0.40132703686183313,453,1,0.002207505518763797,0.0003499243536016705,0.1382873729463171,False,False
Journal of Foodservice Business Research,Organizational Behavior and Human Resource Management,B,0.4011753983204487,455,1,0.002197802197802198,0.0003496797664576747,0.13758321881536115,False,False
Journal of Asia Business Studies,Accounting,B,0.4951893318302045,426,1,0.002347417840375587,0.0005101797953845465,0.13677293217853229,False,False
Qualitative Market Research An International Journal,Marketing,B,0.6479309921881119,341,1,0.002932551319648094,0.0011010001194642683,0.13634957580332135,False,False
Total Quality Management & Business Excellence,Management Information Systems,B,0.5240776131428971,837,2,0.0023894862604540022,0.0005649358063710833,0.13582840622800751,False,False
Journal of Business and Psychology,Organizational Behavior and Human Resource Management,B,1.1207954237928843,567,6,0.010582010582010581,0.008765935562025637,0.1351974537086939,False,False
Regional Studies Regional Science,Political Science and International Relations,X,0.4794621904170597,447,1,0.0022371364653243847,0.00048171817344204947,0.13068187197361705,False,False
Logistics,Strategy and Management,B,0.30558055042182397,507,1,0.0019723865877712033,0.000221308498910701,0.13035876615988504,False,False
Leadership & Organization Development Journal,Organizational Behavior and Human Resource Management,B,0.7817580020360795,716,3,0.004189944134078212,0.0024393750670631724,0.13032087209899476,False,False
Scandinavian Journal of Management,Organizational Behavior and Human Resource Management,B,0.7006875346590453,306,1,0.0032679738562091504,0.0015196036944137834,0.13015717490401382,False,False
Econometrics,"General Economics, Econometrics and Finance",E,0.5552186367108145,418,1,0.0023923444976076554,0.0006469319160363326,0.1299369982532534,False,False
Journal of Family Business Management,Organizational Behavior and Human Resource Management,B,0.5514805304479301,421,1,0.0023752969121140144,0.0006362511074536013,0.12946302442661412,False,False
Journal of Entrepreneurship in Emerging Economies,Management of Technology and Innovation,B,0.5156139773158381,445,1,0.0022471910112359553,0.0005486094935238724,0.126450666180754,False,False
International Journal of Islamic and Middle Eastern Finance and Management,Accounting,B,0.4324406635253294,478,1,0.0020920502092050207,0.00039975751234991774,0.12598249578176857,False,False
The Singapore Economic Review,Economics and Econometrics,E,0.2501436828509159,1077,2,0.0018570102135561746,0.0001653382209969272,0.1259362875363039,False,False
Journal of Business Strategy,Strategy and Management,B,0.5089258807383863,450,1,0.0022222222222222222,0.0005358770904376747,0.12553973012260955,False,False
Investment Management and Financial Innovations,Accounting,X,0.1590292102216891,1122,2,0.0017825311942959,0.00010341718643001365,0.12500141010251306,False,False
International Journal of Quality & Reliability Management,Management Information Systems,B,0.3928960227664378,1001,2,0.001998001998001998,0.00033669857494891196,0.12367550357923889,False,False
Multinational Business Review,Strategy and Management,B,0.7912027256590296,237,1,0.004219409282700422,0.002563981500279717,0.12323809232493295,False,False
Journal of Decision System,Management Information Systems,X,0.5346359203505552,446,1,0.002242152466367713,0.00059094264533495,0.12292408677273056,False,False
International journal of organizational analysis,Organizational Behavior and Human Resource Management,B,0.42326717554782717,983,2,0.002034587995930824,0.0003848677906129895,0.12281319253683912,False,False
Review of World Economics,"General Economics, Econometrics and Finance",E,0.678662585167833,344,1,0.0029069767441860465,0.001329430464669374,0.1174402146118643,False,False
The Learning Organization,Organizational Behavior and Human Resource Management,B,0.5217243776295307,468,1,0.002136752136752137,0.0005606401820608412,0.11733343649859908,False,False
Accounting Research Journal,Accounting,A,0.6863692440700088,338,1,0.0029585798816568047,0.00139245303386814,0.11659009659612302,False,False
The Journal of Portfolio Management,Finance,A,0.6784272650695808,1041,3,0.002881844380403458,0.0013279782986437144,0.11567734556470255,False,False
Journal of Health Management,Finance,X,0.11642045513314785,627,1,0.001594896331738437,7.233444338347324e-05,0.11334690921589698,False,False
Journal of Evolutionary Economics,Economics and Econometrics,E,0.5628967605886106,468,1,0.002136752136752137,0.000669427405753357,0.10923478667553826,False,False
European Journal of Finance,Finance,E,0.8745579899835454,747,4,0.00535475234270415,0.0039014954467214585,0.10818750864327671,False,False
Critical Perspectives on International Business,Strategy and Management,B,0.7732619918651059,269,1,0.0037174721189591076,0.0023276559977125884,0.10346466894158399,False,False
Central European Management Journal,Accounting,B,0.08256078760784202,708,1,0.0014124293785310734,4.798077787187308e-05,0.10157618737966216,False,False
International Journal of Housing Markets and Analysis,Economics and Econometrics,X,0.3709690461515151,602,1,0.0016611295681063123,0.000303776903458154,0.10104793140465257,False,False
Journal of Marketing Management,Marketing,B,1.239413844594295,804,10,0.012437810945273632,0.011113761141792801,0.09856870451066992,False,False
Information Systems Management,Management Information Systems,X,0.6865057009340453,369,1,0.0027100271002710027,0.001393591919604533,0.09800183496831899,False,False
Asia Pacific Business Review,Strategy and Management,B,0.4331583772933361,598,1,0.0016722408026755853,0.00040092631249686407,0.0946428314049242,False,False
Computational Economics,Economics and Econometrics,E,0.3609217539925909,1300,2,0.0015384615384615385,0.00029127109031305853,0.09284692043221716,False,False
Knowledge Management Research & Practice,Strategy and Management,B,0.5853887835399737,518,1,0.0019305019305019305,0.0007583700590482602,0.08725919507039753,False,False
International Journal of Research in Marketing,Marketing,B,2.3371368320967365,600,17,0.028333333333333332,0.027200612112843192,0.08432527460971326,False,False
Mathematical Social Sciences,Economics and Econometrics,E,0.5146202590976475,602,1,0.0016611295681063123,0.0005468744113971064,0.08295057104530583,False,False
Economies,Economics and Econometrics,E,0.25637088648285045,1586,2,0.0012610340479192938,0.0001700246180782393,0.08122004612337397,False,False
Global Business Review,Accounting,B,0.3801278775645011,1432,2,0.0013966480446927375,0.00031699682108377606,0.08037448603120888,False,False
Journal of Personal Selling and Sales Management,Organizational Behavior and Human Resource Management,B,1.0236639830830547,254,2,0.007874015748031496,0.006802011950602668,0.07980517444682961,False,False
Communications of the Association for Information Systems,Management Information Systems,X,0.35879868295172923,764,1,0.0013089005235602095,0.00028846419577929425,0.07596624130041368,False,False
Thunderbird International Business Review,Strategy and Management,B,0.5657446569171855,603,1,0.001658374792703151,0.0006791386527703429,0.0728990990138411,False,False
Journal of Financial and Quantitative Analysis,Finance,A,2.5937542562144533,974,30,0.030800821355236138,0.029902691106589743,0.06686118215356293,False,False
Human Resource Management Journal,Organizational Behavior and Human Resource Management,B,1.967155680395814,464,11,0.023706896551724137,0.022847682557347815,0.06396406698635047,False,False
Administrative Science Quarterly,Organizational Behavior and Human Resource Management,B,5.500294025695176,479,24,0.05010438413361169,0.049281581141806,0.06125345493543924,False,False
Career Development International,Organizational Behavior and Human Resource Management,B,0.8761491153676209,421,2,0.004750593824228029,0.003929814046332268,0.061102837055714856,False,False
European J of International Management,Strategy and Management,B,0.13888879992130024,1105,1,0.0009049773755656109,8.888005525315032e-05,0.06075425214848653,False,False
Journal of Business and Industrial Marketing,Organizational Behavior and Human Resource Management,B,0.8047532409587742,1413,5,0.003538570417551309,0.002759423289249049,0.05800350021431375,False,False
Journal of Small Business and Enterprise Development,Management of Technology and Innovation,B,0.6279973057838263,580,1,0.0017241379310344827,0.0009781906133130946,0.05553194490698838,False,False
Defence and Peace Economics,Economics and Econometrics,E,0.6585054158105401,523,1,0.0019120458891013384,0.0011666511730215729,0.05549080655419982,False,False
Journal of Hospitality & Tourism Research,Sociology and Political Science,B,0.7853780143293492,627,2,0.003189792663476874,0.0024800219916433297,0.0528387795069169,False,False
Journal of Industrial and Business Economics,Economics and Econometrics,E,0.7795974216517868,321,1,0.003115264797507788,0.002409368163588258,0.052550377290168176,False,False
Journal of Choice Modelling,Economics and Econometrics,X,0.788481748391138,310,1,0.0032258064516129032,0.0025272763860709944,0.052001974126055686,False,False
International Journal of Energy Economics and Policy,Economics and Econometrics,X,0.15298533382576154,2540,2,0.0007874015748031496,9.887625218563707e-05,0.051257172422654866,False,False
Omega,Management Information Systems,B,1.2274061966015615,1393,16,0.01148600143575018,0.010875330885430145,0.045461284665894476,False,False
International Journal of Entrepreneurship and Small Business,Management of Technology and Innovation,B,0.13195956281722088,1523,1,0.0006565988181221273,8.347623166957733e-05,0.04266603168847502,False,False
Strategic Direction,Strategy and Management,B,0.19087408103947798,1495,1,0.0006688963210702341,0.0001262160680996587,0.04039975638243177,False,False
European Business Organization Law Review,Strategy and Management,B,0.7986339246942248,316,1,0.0031645569620253164,0.0026739660810306595,0.03652197028938394,False,False
Journal of Emerging Technologies in Accounting,Accounting,B,1.098131993846857,342,3,0.008771929824561403,0.008312872741215144,0.034174441084415356,False,False
Journal of Environmental Economics and Management,Economics and Econometrics,E,2.106540138825464,882,22,0.024943310657596373,0.024561440252111964,0.02842828952552115,False,False
Abacus,Accounting,B,0.8303478841156282,286,1,0.0034965034965034965,0.0031557766119594643,0.02536536579905778,False,False
Journal of Business Venturing Insights,Management of Technology and Innovation,B,1.743567806587992,497,10,0.02012072434607646,0.01981649742371506,0.022648131162133822,False,False
International Journal of Market Research,Marketing,B,0.700745158336467,562,1,0.0017793594306049821,0.0015202285306547593,0.0192909640102879,False,False
Journal of Management Development,Organizational Behavior and Human Resource Management,B,0.7001712174192055,571,1,0.0017513134851138354,0.0015140129813921216,0.01766580318209108,False,False
Review of International Economics,"General Economics, Econometrics and Finance",E,0.7054901379219615,558,1,0.0017921146953405018,0.0015561065792706079,0.01756959156208209,False,False
Journal of Financial Intermediation,Finance,E,2.1961043813983685,272,7,0.025735294117647058,0.02560707038603144,0.009545597967424472,False,False
Review of Keynesian Economics,"General Economics, Econometrics and Finance",E,0.7813642153749188,397,1,0.0025188916876574307,0.0024352200885757323,0.0062289206222736785,False,False
Action Learning Research and Practice,Organizational Behavior and Human Resource Management,X,0.7633551899981365,441,1,0.0022675736961451248,0.002199301003874154,0.00508255113434081,False,False
Central European Journal of Economic Modelling and Econometrics,"General Economics, Econometrics and Finance",E,0.0009983108817936078,107,0,0.0,-1.6832007959936357e-05,0.0012530565047950103,False,False
International Journal of Supply Chain Management,Management Information Systems,X,0.0017314945579251716,117,0,0.0,-1.4228110448580872e-05,0.0010592097146681439,False,False
Actual Problems of Economics,"General Economics, Econometrics and Finance",X,0.0018639146968079958,603,0,0.0,-1.3853270136894364e-05,0.0010313047795031806,False,False
Journal Of Organizational Behavior Research,Organizational Behavior and Human Resource Management,X,0.002270439452345889,155,0,0.0,-1.2812965135265524e-05,0.0009538594175258963,False,False
Revista Perspectiva Empresarial,Economics and Econometrics,X,0.00242144270890479,173,0,0.0,-1.2461201884888115e-05,0.0009276724509986469,False,False
Journal of Business Administration Research,Organizational Behavior and Human Resource Management,B,0.002465516615272389,113,0,0.0,-1.236153545349797e-05,0.0009202527972971762,False,False
International Journal of Economics,Economics and Econometrics,X,0.0027354297876228764,42,0,0.0,-1.1777801389860555e-05,0.0008767967956571881,False,False
Pakistan journal of commerce and social sciences,Marketing,X,0.002911951019412008,107,0,0.0,-1.1418405051275684e-05,0.0008500415849339521,False,False
Economics and Environment,"Management, Monitoring, Policy and Law",X,0.003211773912740728,105,0,0.0,-1.0843124075104782e-05,0.0008072148722213889,False,False
REICE Revista Electrónica de Investigación en Ciencias Económicas,Economics and Econometrics,X,0.0037343945249216923,311,0,0.0,-9.930177896988586e-06,0.0007392507202474155,False,False
Arbitration International,Strategy and Management,X,0.004139111781527839,396,0,0.0,-9.288692512847144e-06,0.0006914954295392237,False,False
International Journal of Small Business and Entrepreneurship Research,Management of Technology and Innovation,B,0.004651969982200204,59,0,0.0,-8.54395230064048e-06,0.0006360533474353424,False,False
Journal of Central Banking Law and Institutions,Accounting,X,0.0048868783494103105,63,0,0.0,-8.225081419577774e-06,0.000612315048792876,False,False
Journal of Management Research,Organizational Behavior and Human Resource Management,B,0.005087556147681429,264,0,0.0,-7.962670367407514e-06,0.000592779894304196,False,False
Issues in Social and Environmental Accounting,Strategy and Management,X,0.005182435143068264,45,0,0.0,-7.841643401719372e-06,0.0005837700585809659,False,False
The CASE Journal,Management of Technology and Innovation,X,0.005272899289776226,423,0,0.0,-7.727998254209753e-06,0.0005753097612911675,False,False
The Journal of Social Sciences Research,Accounting,X,0.005419885392806271,1259,0,0.0,-7.546880218539893e-06,0.0005618264541734424,False,False
International Journal of Knowledge-Based Development,Political Science and International Relations,X,0.0055736643394123115,337,0,0.0,-7.361911151034625e-06,0.000548056457523309,False,False
International Journal of Finance,Economics and Econometrics,X,0.0056823110104923255,153,0,0.0,-7.23391579615804e-06,0.0005385278610306385,False,False
Frontiers in Environmental Economics,Economics and Econometrics,X,0.005998739910979209,52,0,0.0,-6.8732114653574954e-06,0.0005116752770077955,False,False
European Journal of Management,"Management, Monitoring, Policy and Law",X,0.006115048347095507,340,0,0.0,-6.744952072570075e-06,0.000502127024249368,False,False
Revista de Economia Mackenzie,"General Economics, Econometrics and Finance",E,0.006373233457924159,104,0,0.0,-6.468098912207007e-06,0.00048151672901354574,False,False
Mercados y Negocios,Economics and Econometrics,X,0.006673146002790237,183,0,0.0,-6.1594263671052585e-06,0.0004585376440813141,False,False
International Journal of Intelligent Enterprise,Management Information Systems,X,0.006960836240726478,438,0,0.0,-5.8755869068854695e-06,0.00043740725471882856,False,False
Journal of Management and Strategy,Strategy and Management,B,0.0078841686587128,220,0,0.0,-5.0373192798931515e-06,0.0003750025371556025,False,False
Interdisciplinary Environmental Review,Marketing,X,0.007954655257304453,268,0,0.0,-4.977477167567412e-06,0.00037054759937937744,False,False
International Journal of Business and Economic Studies,Economics and Econometrics,X,0.00833199506852937,77,0,0.0,-4.666172471922898e-06,0.00034737256436400283,False,False
Academic Review,"General Economics, Econometrics and Finance",X,0.008592902611801628,247,0,0.0,-4.459389524448293e-06,0.00033197863643630245,False,False
Value in Health,Economics and Econometrics,X,0.14433857449715334,41403,4,9.661135666497597e-05,9.245328720482515e-05,0.0003095469059207335,False,False
Economy of Ukraine,"General Economics, Econometrics and Finance",E,0.009167260782821311,448,0,0.0,-4.026432430474737e-06,0.0002997472054512401,False,False
Istanbul Business Research,Economics and Econometrics,X,0.009716382736325675,140,0,0.0,-3.638149022113977e-06,0.00027084150081347524,False,False
Actualidad Contable FACES,Accounting,B,0.010265576589475705,108,0,0.0,-3.2715806747167395e-06,0.00024355237088605555,False,False
Revista RIVAR,"Tourism, Leisure and Hospitality Management",X,0.010798388951373633,72,0,0.0,-2.933865429986129e-06,0.00021841120619641325,False,False
International Journal of Diplomacy and Economy,Economics and Econometrics,X,0.010966075721117203,218,0,0.0,-2.8308108313962167e-06,0.0002107393208563224,False,False
BANCO Jurnal Manajemen dan Perbankan Syariah,Sociology and Political Science,X,0.011078598711641985,47,0,0.0,-2.762456977403928e-06,0.00020565072764886235,False,False
Management of Sustainable Development,Marketing,X,0.01121059835058786,168,0,0.0,-2.683056368555748e-06,0.00019973976030386635,False,False
Marketing,Strategy and Management,X,0.011304620174667546,223,0,0.0,-2.6269996174000365e-06,0.00019556662321644751,False,False
Technology audit and production reserves,"Management, Monitoring, Policy and Law",X,0.011308873711111375,884,0,0.0,-2.6244732167855996e-06,0.00019537854567209433,False,False
International Review of Management and Business Research,Accounting,B,0.011418664221943558,345,0,0.0,-2.559544564702744e-06,0.00019054494114709373,False,False
International Journal of Environment Workplace and Employment,Marketing,X,0.011905767912286083,186,0,0.0,-2.2776633833159912e-06,0.00016956033558151342,False,False
Strategy and Leadership,Strategy and Management,B,0.012376795904257592,534,0,0.0,-2.0138612041720567e-06,0.00014992161883766418,False,False
Revista de Economía del Rosario,"General Economics, Econometrics and Finance",X,0.012804266550271262,93,0,0.0,-1.7813129305242735e-06,0.00013260959476621724,False,False
International Journal of Business,Accounting,B,0.012940325225711525,295,0,0.0,-1.7086306132135531e-06,0.00012719876970562134,False,False
Scientific Bulletin of Mukachevo State University Series “Economics”,"General Economics, Econometrics and Finance",E,0.013334851988996406,281,0,0.0,-1.5016030681366822e-06,0.00011178663274324693,False,False
Revista de Economia,"General Economics, Econometrics and Finance",E,0.0135012832127233,225,0,0.0,-1.4160107309865933e-06,0.00010541472304110039,False,False
Science and innovation,"General Economics, Econometrics and Finance",X,0.013559554214246445,505,0,0.0,-1.3911169788197118e-06,0.00010356151110371822,False,False
Intellectual Economics,Economics and Econometrics,X,0.013728000086441075,94,0,0.0,-1.3057015608007642e-06,9.720277212182245e-05,False,False
Journal of Research Innovation and Technologies (JoRIT),Information Systems,X,0.014046596992862809,38,0,0.0,-1.1470003244537036e-06,8.538828052955216e-05,False,False
Public Policy And Administration,"General Economics, Econometrics and Finance",X,0.014259059241165571,279,0,0.0,-1.0430028193156267e-06,7.764620064188244e-05,False,False
Организационная психология,Organizational Behavior and Human Resource Management,X,0.014304814839609343,120,0,0.0,-1.0207773668474839e-06,7.599162990656038e-05,False,False
RAN Revistas Academia y Negocios,Economics and Econometrics,X,0.01453654125015134,90,0,0.0,-9.090529994935046e-07,6.767432482981419e-05,False,False
Journal of Income Distribution,Sociology and Political Science,X,0.014748817287681328,89,0,0.0,-8.077874923000841e-07,6.013562815131279e-05,False,False
Mehmet Akif Ersoy Üniversitesi İktisadi ve İdari Bilimler Fakültesi Dergisi,Economics and Econometrics,X,0.01519728066843908,549,0,0.0,-5.964324259119969e-07,4.4401329463399424e-05,False,False
Gurukul Business Review,Economics and Econometrics,X,0.015629298428069746,56,0,0.0,-3.948881580951951e-07,2.9397394318341064e-05,False,False
Dynamic Relationships Management Journal,"Management, Monitoring, Policy and Law",X,0.0157665126429511,94,0,0.0,-3.3106771792532345e-07,2.4646290475942403e-05,False,False
Revista Gestión de las Personas y Tecnología,Economics and Econometrics,X,0.01726980623402339,47,0,0.0,3.7404640325610535e-07,-2.7845832761655402e-05,False,False
UCJC Business and Society Review (formerly known as Universia Business Review),"Management, Monitoring, Policy and Law",X,0.01737463009175524,152,0,0.0,4.2407125169703177e-07,-3.156992568565402e-05,False,False
SMART Journal of Business Management Studies,Accounting,X,0.017501124607435803,189,0,0.0,4.846149118038117e-07,-3.60770900894181e-05,False,False
Contabilidad y Negocios,Economics and Econometrics,X,0.018230597463359508,165,0,0.0,8.39753192330185e-07,-6.251531026935733e-05,False,False
Journal of International Business Research and Marketing,Sociology and Political Science,X,0.01900404948434088,195,0,0.0,1.2224502367165952e-06,-9.100513881361791e-05,False,False
Asian Journal of Interdisciplinary Research,Organizational Behavior and Human Resource Management,X,0.01909053238565667,162,0,0.0,1.265455935492528e-06,-9.420669211151934e-05,False,False
Review of Economics and Finance,Accounting,X,0.020017459485960325,384,0,0.0,1.73209251053515e-06,-0.00012894538740706465,False,False
International Journal of Technology Transfer and Commercialisation,Strategy and Management,B,0.02025326808493962,321,0,0.0,1.8523937073441164e-06,-0.0001379011933664548,False,False
Journal of Entrepreneurship and Business Innovation,Management of Technology and Innovation,X,0.020502048030662075,58,0,0.0,1.9798012354941887e-06,-0.00014738602917976348,False,False
Business and Management Horizons,Accounting,X,0.020744933436526704,102,0,0.0,2.106229306257062e-06,-0.0001567979494233362,False,False
Psihologia Resurselor Umane,Organizational Behavior and Human Resource Management,X,0.020850157541654753,327,0,0.0,2.1603498715993555e-06,-0.00016082694742563996,False,False
Ege Akademik Bakis (Ege Academic Review),Economics and Econometrics,X,0.02087195358359399,462,0,0.0,2.1715629236419497e-06,-0.0001616617015342419,False,False
International Journal of Management Concepts and Philosophy,Organizational Behavior and Human Resource Management,B,0.0214614054729158,460,0,0.0,2.4840823596022147e-06,-0.0001849271677244301,False,False
Ekonomista,Economics and Econometrics,E,0.021537459846357167,351,0,0.0,2.5232865532660576e-06,-0.00018784571849999113,False,False
Asian Journal of Management Cases,Economics and Econometrics,X,0.021712954556960602,243,0,0.0,2.6136580393793784e-06,-0.0001945734112857731,False,False
JOURNAL OF EUROPEAN ECONOMY,"General Economics, Econometrics and Finance",X,0.02186404182876027,239,0,0.0,2.691365322424749e-06,-0.0002003583192255574,False,False
International Journal of Quality and Innovation,Management Information Systems,X,0.02257150652890884,85,0,0.0,3.054865704143888e-06,-0.00022741905487235533,False,False
经济学报.,Accounting,X,0.02271980673069671,120,0,0.0,3.135284028554645e-06,-0.00023340578591166241,False,False
Public Governance Administration and Finances Law Review,Economics and Econometrics,X,0.023003650927722472,136,0,0.0,3.2801831907305623e-06,-0.0002441927840010197,False,False
International Journal of Indian Culture and Business Management,Marketing,X,0.023172265055025214,1376,0,0.0,3.366063739600956e-06,-0.0002505861495848261,False,False
China and WTO Review,"General Economics, Econometrics and Finance",X,0.02347365639427339,192,0,0.0,3.542172779441411e-06,-0.00026369656270075004,False,False
VISIÓN GERENCIAL,Economics and Econometrics,X,0.023642356674364328,129,0,0.0,3.62838626566837e-06,-0.0002701147137600224,False,False
Indonesian Management and Accounting Research,Accounting,X,0.0238372898090386,115,0,0.0,3.727889897946396e-06,-0.0002775222479041057,False,False
Indonesian Capital Market Review,Accounting,X,0.024042308681911054,103,0,0.0,3.832458313017201e-06,-0.00028530682910276337,False,False
International Journal of Business and Systems Research,Information Systems and Management,B,0.02407717915361171,518,0,0.0,3.850238816301537e-06,-0.00028663049621081117,False,False
Ekonomika APK,Economics and Econometrics,X,0.0241787489124452,556,0,0.0,3.902025388931721e-06,-0.0002904857404484415,False,False
Emerald Emerging Markets Case Studies,Business and International Management,X,0.02466099774562847,1169,0,0.0,4.156985839927548e-06,-0.00030946623596307156,False,False
INTERNATIONAL JOURNAL OF MANAGEMENT,"Management, Monitoring, Policy and Law",B,0.02506488151849576,508,0,0.0,4.363793888318848e-06,-0.00032486203252504395,False,False
International Journal of Learning and Change,Strategy and Management,B,0.025921563739448712,500,0,0.0,4.806552033592883e-06,-0.0003578231014187341,False,False
International Journal of Economics and Management,Accounting,X,0.02600847999783498,100,0,0.0,4.851946841092477e-06,-0.0003612025115851667,False,False
International Journal of Academic Research in Economics and Management Sciences,Accounting,B,0.026366430600717083,692,0,0.0,5.040058018184453e-06,-0.0003752064221489446,False,False
Journal of Hospitality & Tourism Cases,Sociology and Political Science,X,0.026682912774527955,262,0,0.0,5.213667860037071e-06,-0.0003881307828162906,False,False
Economics and Mathematical Methods,Development,X,0.0268901178136359,311,0,0.0,5.324683622676263e-06,-0.00039639533591304094,False,False
Journal on Innovation and Sustainability RISUS,Information Systems and Management,X,0.02706501708709082,430,0,0.0,5.419043596815209e-06,-0.0004034199511383027,False,False
Ekonomska misao i praksa,Economics and Econometrics,E,0.02735754349375063,157,0,0.0,5.578320764192928e-06,-0.00041527731783650194,False,False
Economic and Regional Studies / Studia Ekonomiczne i Regionalne,Economics and Econometrics,X,0.02788445677835846,354,0,0.0,5.870242724111544e-06,-0.0004370094077712974,False,False
Revista de análisis económico,"General Economics, Econometrics and Finance",X,0.028085867509633034,96,0,0.0,5.997803459312051e-06,-0.00044650564906228795,False,False
Journal of business & entrepreneurship,Management of Technology and Innovation,B,0.028787473092875337,113,0,0.0,6.401508938159961e-06,-0.00047655944760467353,False,False
NMIMS Management Review,Marketing,X,0.029155645941597932,82,0,0.0,6.618922964145382e-06,-0.0004927448047018867,False,False
Revista Electrónica de Comunicaciones y Trabajos de ASEPUMA,Accounting,X,0.029170515728678657,111,0,0.0,6.6277855838712126e-06,-0.0004934045812017201,False,False
Economics ecology socium,"General Economics, Econometrics and Finance",X,0.029316990524143226,203,0,0.0,6.715421667486354e-06,-0.0004999286373268176,False,False
International Journal of Academic Research in Accounting Finance and Management Sciences,Accounting,X,0.03002346499599982,1157,0,0.0,7.177743810668086e-06,-0.0005343461453391433,False,False
Economics of Development,"Management, Monitoring, Policy and Law",X,0.03021864201754179,252,0,0.0,7.299027464262638e-06,-0.0005433750901580676,False,False
Bank i Kredyt.,Finance,X,0.030467261099092847,57,0,0.0,7.455902040890966e-06,-0.0005550535963201946,False,False
International Journal of Critical Accounting,Accounting,X,0.03121961165393956,338,0,0.0,7.961772154791357e-06,-0.0005927130269902045,False,False
Journal of Cases on Information Technology,Management Information Systems,X,0.03162204279439868,262,0,0.0,8.225846634218953e-06,-0.0006123720150910131,False,False
Financial Internet Quarterly,Accounting,X,0.0318478441331469,119,0,0.0,8.412169064357898e-06,-0.0006262427626352474,False,False
International journal of institutions and economies/Institutions and economies,Accounting,X,0.031887654348893575,104,0,0.0,8.449217589143355e-06,-0.0006290008349392753,False,False
Journal of Academy of Business and Economics,Accounting,X,0.03260108973357218,354,0,0.0,8.926127095683923e-06,-0.0006645042971994902,False,False
Bankers Markets & Investors,Finance,X,0.03324915286722979,149,0,0.0,9.389424289332891e-06,-0.0006989943927090046,False,False
Cuadernos de Administración,Economics and Econometrics,X,0.03395594248884189,111,0,0.0,9.855093218506286e-06,-0.000733661051741636,False,False
Statistika Statistics and Economy Journal,Demography,X,0.03446228744705045,100,0,0.0,1.0206461259624654e-05,-0.0007598185969702514,False,False
Revista de Economía Institucional,"General Economics, Econometrics and Finance",E,0.034515895622530934,294,0,0.0,1.0241745625322841e-05,-0.0007624453366950018,False,False
Journal des Économistes et des Études Humaines,Economics and Econometrics,X,0.03457341667089837,65,0,0.0,1.0299560634105557e-05,-0.0007667493670283047,False,False
International Journal of Public Policy and Administration Research,Accounting,X,0.034652598182486664,72,0,0.0,1.0351729794125667e-05,-0.0007706330929312682,False,False
Economics and Culture,"Management, Monitoring, Policy and Law",X,0.03477134651868679,192,0,0.0,1.0429926681349756e-05,-0.0007764544493864274,False,False
Human Resources Management and Services,Organizational Behavior and Human Resource Management,X,0.03492043161745362,107,0,0.0,1.0528030895041445e-05,-0.0007837578040073834,False,False
Asian Case Research Journal,Economics and Econometrics,B,0.035152741859659796,200,0,0.0,1.0680742477875154e-05,-0.0007951263966721914,False,False
EMC Review - Časopis za ekonomiju - APEIRON,Economics and Econometrics,X,0.03535322941659432,316,0,0.0,1.0835264715765757e-05,-0.0008066297833023052,False,False
China Finance and Economic Review,Economics and Econometrics,X,0.03541504961679066,317,0,0.0,1.0884770532052994e-05,-0.000810315236949402,False,False
Economia Aplicada,"General Economics, Econometrics and Finance",X,0.035793435481341215,224,0,0.0,1.1133311021220504e-05,-0.0008288177992935716,False,False
Financial and credit activity problems of theory and practice,"General Economics, Econometrics and Finance",E,0.03581163652057346,1977,0,0.0,1.114525284018498e-05,-0.0008297068063548883,False,False
Ekonomski vjesnik,Economics and Econometrics,X,0.036852262942289514,135,0,0.0,1.1845198671942393e-05,-0.0008818141770010637,False,False
Green and Low-Carbon Economy,Economics and Econometrics,X,0.037590998561332516,120,0,0.0,1.237346963968807e-05,-0.00092114123613766,False,False
Economic Annals-ХХI,"Management, Monitoring, Policy and Law",X,0.0379803881419029,806,0,0.0,1.2628258438589094e-05,-0.0009401089530358311,False,False
Suma de Negocios,Economics and Econometrics,X,0.038303752587757624,188,0,0.0,1.2839946328129083e-05,-0.00095586802869726,False,False
International Journal of Management and Sustainability,Marketing,X,0.039171367381657676,243,0,0.0,1.3409037160724494e-05,-0.0009982339170274118,False,False
"Contabilidade, Gestão e Governança/UNB Contábil",Information Systems and Management,X,0.03926712963476511,199,0,0.0,1.3471974508014334e-05,-0.0010029192791424838,False,False
Journal of Corporate Finance Research / Корпоративные Финансы | ISSN 2073-0438,Accounting,X,0.039435906586461476,307,0,0.0,1.3582959305892687e-05,-0.0010111815270718958,False,False
The South East Asian Journal of Management,Organizational Behavior and Human Resource Management,B,0.03955916710728994,146,0,0.0,1.3677701640887204e-05,-0.0010182346070981719,False,False
International Journal of Computational Economics and Econometrics,"General Economics, Econometrics and Finance",E,0.039659746874314665,371,0,0.0,1.3776779657522077e-05,-0.0010256104563445612,False,False
Problemy Zarządzania - Management Issues,Strategy and Management,X,0.03988880747076173,552,0,0.0,1.395406592316583e-05,-0.0010388085078726073,False,False
Revista Venezolana de Gerencia,Economics and Econometrics,X,0.03998015824984709,1279,0,0.0,1.4049402414892296e-05,-0.0010459058198146244,False,False
International Journal of Management Practice,Management Information Systems,B,0.03999480980371297,550,0,0.0,1.4064682268215114e-05,-0.0010470433263821144,False,False
Theoretical and Practical Research in Economic Fields,Economics and Econometrics,X,0.03999511194601053,226,0,0.0,1.4064997335506415e-05,-0.0010470667815230428,False,False
Zeszyty Teoretyczne Rachunkowości,Accounting,X,0.040214922507322184,408,0,0.0,1.4259780151845983e-05,-0.0010615673613479535,False,False
Ekonomi Politika ve Finans Arastirmalari Dergisi,Economics and Econometrics,X,0.04031887647186064,332,0,0.0,1.4328774655954938e-05,-0.0010667036476647502,False,False
Corporate Law & Governance Review,Accounting,X,0.04070788105777881,132,0,0.0,1.4587258647031699e-05,-0.0010859464526334175,False,False
International Journal of Value Chain Management,Management Information Systems,B,0.04089401608585693,297,0,0.0,1.4711138117502277e-05,-0.001095168642680689,False,False
Revista de estudios empresariales,Economics and Econometrics,X,0.041033224532243874,156,0,0.0,1.4803880123684672e-05,-0.001102072808505182,False,False
International Journal of Management and Decision Making,Strategy and Management,B,0.04133528394251545,400,0,0.0,1.5050878368783803e-05,-0.0011204605587029658,False,False
Revista de Métodos Cuantitativos para la Economía y la Empresa,Economics and Econometrics,X,0.04158453794931149,501,0,0.0,1.5217684786293083e-05,-0.0011328784393859516,False,False
Asian Development Policy Review,Economics and Econometrics,X,0.041715363852045884,199,0,0.0,1.5305372959302978e-05,-0.0011394063732988377,False,False
Asian Social Science,Accounting,X,0.041949161148167956,2290,0,0.0,1.5466234343621613e-05,-0.0011513816768081143,False,False
International Journal of Business Administration,Accounting,B,0.042501810763877435,445,0,0.0,1.583886042040921e-05,-0.0011791217735622455,False,False
International Journal of Business Performance Management,Management Information Systems,B,0.0428123740543183,552,0,0.0,1.604943394862622e-05,-0.001194797890749096,False,False
Managing Global Transitions,Economics and Econometrics,X,0.04293442394778357,145,0,0.0,1.613245120533085e-05,-0.001200978098943601,False,False
International Journal of Economic Policy in Emerging Economies,"General Economics, Econometrics and Finance",X,0.04296060387509537,775,0,0.0,1.6150278788205804e-05,-0.0012023052708852616,False,False
Foundations of Management,Strategy and Management,B,0.04297671884083352,207,0,0.0,1.6161256101019538e-05,-0.0012031224754195725,False,False
Innovative technologies and scientific solutions for industries,"Management, Monitoring, Policy and Law",X,0.042996517430653615,437,0,0.0,1.6174746432197608e-05,-0.0012041267612584786,False,False
International Journal of Trade and Global Markets,"General Economics, Econometrics and Finance",A,0.04320977174767849,657,0,0.0,1.632032262539176e-05,-0.0012149641608283585,False,False
TSEG/ Low Countries Journal of Social and Economic History,Finance,X,0.04347165328667049,648,0,0.0,1.6506305763295275e-05,-0.0012288096498090486,False,False
International Journal of Intellectual Property Management,Management of Technology and Innovation,X,0.04373313181500908,336,0,0.0,1.668631696988471e-05,-0.00124221055918895,False,False
DLSU Business & Economics Review,Finance,X,0.044098401978990245,280,0,0.0,1.6939287834562037e-05,-0.0012610429402252494,False,False
Prabandhan Indian Journal of Management,Economics and Econometrics,X,0.044752900050978046,457,0,0.0,1.7397345966940846e-05,-0.0012951430145430427,False,False
Recherches en Sciences de Gestion,Urban Studies,X,0.04511966525236431,634,0,0.0,1.765683252731171e-05,-0.0013144604556441593,False,False
International Journal of Business and Globalisation,Management of Technology and Innovation,B,0.045171680856375664,1410,0,0.0,1.7693805403475312e-05,-0.0013172128962969949,False,False
Contaduría y Administración,Economics and Econometrics,X,0.04540944243445179,779,0,0.0,1.7863358231679338e-05,-0.0013298352331443362,False,False
Mediterranean Journal of Social Sciences,Economics and Econometrics,X,0.04548792711990758,3947,0,0.0,1.7919526312940925e-05,-0.0013340166581860904,False,False
Higher School of Economics Economic Journal,Development,X,0.04558413217027803,168,0,0.0,1.7988510623453054e-05,-0.001339152185641981,False,False
International Journal of Financial Markets and Derivatives,Economics and Econometrics,X,0.04563993139071019,172,0,0.0,1.8028589408736462e-05,-0.001342135845269709,False,False
International Journal of Technology Policy and Management,Strategy and Management,X,0.04613991997887673,359,0,0.0,1.8406945301735194e-05,-0.0013703024973992734,False,False
Danube,Economics and Econometrics,X,0.04640173265179543,183,0,0.0,1.8597540803432606e-05,-0.0013844913531647332,False,False
Journal of Tax Reform,Economics and Econometrics,E,0.04650108044413507,188,0,0.0,1.867013764639735e-05,-0.0013898958150994638,False,False
International Journal of Banking Accounting and Finance,Accounting,B,0.04677304631124621,231,0,0.0,1.8869614771203832e-05,-0.0014047458620689943,False,False
Politická ekonomie,Economics and Econometrics,E,0.04726412155997681,696,0,0.0,1.9239992113412298e-05,-0.001432318552088371,False,False
Eskişehir Osmangazi Üniversitesi İktisadi ve İdari Bilimler Dergisi,Economics and Econometrics,X,0.04875442129365609,442,0,0.0,2.0485806980222342e-05,-0.0015250630675580842,False,False
Revista Universidad y Empresa,Economics and Econometrics,X,0.049019149301031704,214,0,0.0,2.06974765430326e-05,-0.0015408207788886528,False,False
Ekonomický časopis,Political Science and International Relations,E,0.049441877723509386,211,0,0.0,2.101709895850507e-05,-0.0015646150254063206,False,False
Humanities and Social Sciences Letters,Accounting,X,0.05053871713718606,309,0,0.0,2.1877647794840143e-05,-0.0016286784645176884,False,False
International Journal of Operations and Quantitative Management,Management Information Systems,B,0.05075364107459223,46,0,0.0,2.204258225070783e-05,-0.0016409569872751486,False,False
Sosyoekonomi,Economics and Econometrics,E,0.05100258107523919,715,0,0.0,2.224434529862715e-05,-0.0016559772094746827,False,False
puntOorg International Journal,Organizational Behavior and Human Resource Management,X,0.051271156820421715,160,0,0.0,2.2451385957373594e-05,-0.001671390322682375,False,False
Upravlenets,Development,X,0.05143490177649261,608,0,0.0,2.2577870798646194e-05,-0.0016808064691986933,False,False
Revista Mexicana de Economía y Finanzas,"General Economics, Econometrics and Finance",X,0.052074415909845434,359,0,0.0,2.3097116856231105e-05,-0.0017194616701464711,False,False
Data Science in Finance and Economics,Management Science and Operations Research,X,0.05209674148949399,95,0,0.0,2.3114448955949422e-05,-0.0017207519559130585,False,False
Southern African Journal of Accountability and Auditing Research,Accounting,B,0.05212635825286625,46,0,0.0,2.3137445506834168e-05,-0.0017224639309633657,False,False
ABAC Journal,Sociology and Political Science,X,0.052183905674541876,109,0,0.0,2.318214239422506e-05,-0.0017257913845638248,False,False
Business Management and Strategy,Accounting,B,0.05235603464276065,256,0,0.0,2.334116481193859e-05,-0.001737629786458504,False,False
Corporate and Business Strategy Review,"Management, Monitoring, Policy and Law",X,0.05283842422587508,272,0,0.0,2.371803472152044e-05,-0.001765685814758103,False,False
De Computis - Revista Española de Historia de la Contabilidad,Accounting,X,0.05296519181367069,313,0,0.0,2.381682908214035e-05,-0.0017730405472716863,False,False
Contaduría Universidad de Antioquia,Accounting,X,0.05357018026410427,516,0,0.0,2.4307591992950242e-05,-0.0018095753242968746,False,False
International Journal of Business and Emerging Markets,Strategy and Management,B,0.05371907565140395,507,0,0.0,2.44566012946393e-05,-0.001820668301153876,False,False
ReMark - Revista Brasileira de Marketing,Information Systems and Management,B,0.05395794567691415,431,0,0.0,2.46700002501547e-05,-0.0018365547568852125,False,False
International Journal of Services Technology and Management,Organizational Behavior and Human Resource Management,B,0.05422880941013449,397,0,0.0,2.490629968290015e-05,-0.0018541460354769188,False,False
International Journal of Productivity and Quality Management,Management Information Systems,B,0.05462616443494654,1552,0,0.0,2.521988632869299e-05,-0.001877490949955503,False,False
International Journal of Logistics Economics and Globalisation,Management Information Systems,X,0.054750772755798136,168,0,0.0,2.53171739091348e-05,-0.0018847335104271083,False,False
Baltic Journal of Economic Studies,"General Economics, Econometrics and Finance",X,0.05484306848638222,1407,0,0.0,2.5389234366542134e-05,-0.0018900980412131967,False,False
REGEPE Entrepreneurship and Small Business Journal,Information Systems and Management,X,0.055053928755467905,239,0,0.0,2.555463287053978e-05,-0.0019024111099695163,False,False
Journal of Applied Business Research (JABR),Accounting,B,0.05523745357860942,499,0,0.0,2.5700164786223923e-05,-0.0019132452133062867,False,False
International Journal of Services and Operations Management,Management Information Systems,B,0.055480339240177354,1550,0,0.0,2.5889915224323312e-05,-0.00192737115842906,False,False
Revista Finanzas y Política Económica,Accounting,X,0.05566783765003957,258,0,0.0,2.6056971617427698e-05,-0.001939807648510653,False,False
World Review of Political Economy,Sociology and Political Science,X,0.05568477345818187,375,0,0.0,2.6073748753097666e-05,-0.0019410566200554098,False,False
International Journal of Advanced Operations Management,Management Information Systems,B,0.055690891407519844,286,0,0.0,2.6079809093382538e-05,-0.0019415077812498023,False,False
International Journal of Pluralism and Economics Education,Economics and Econometrics,E,0.055744764897738074,379,0,0.0,2.6133168625364244e-05,-0.0019454801242288244,False,False
Cuadernos de Administración,Economics and Econometrics,X,0.055794371398626856,247,0,0.0,2.617695840783055e-05,-0.0019487400485286208,False,False
International Journal of Applied Economics Finance and Accounting,Accounting,X,0.0564613049549356,315,0,0.0,2.6738007062637713e-05,-0.0019905072380455194,False,False
Economía Agraria y Recursos Naturales,Economics and Econometrics,X,0.056980012508783644,166,0,0.0,2.7156263337587622e-05,-0.002021644268591416,False,False
EUROPEAN RESEARCH STUDIES JOURNAL,"Management, Monitoring, Policy and Law",B,0.05715332022376301,3446,0,0.0,2.729119984783947e-05,-0.002031689598436071,False,False
Journal of Globalization Competitiveness and Governability,Information Systems and Management,X,0.05725446434447181,169,0,0.0,2.7369939922478386e-05,-0.0020375513924032066,False,False
Gospodarka Narodowa,Economics and Econometrics,E,0.05764341062911191,314,0,0.0,2.7672682040010026e-05,-0.00206008898747513,False,False
Ekonomia i Prawo,Economics and Econometrics,X,0.057649978646163044,397,0,0.0,2.7677793796072886e-05,-0.0020604695314482995,False,False
Review of Business and Economics Studies,Development,X,0.05766843076954232,228,0,0.0,2.7692154623873166e-05,-0.0020615386212878605,False,False
Journal of Reviews on Global Economics,Development,X,0.058537465292213334,396,0,0.0,2.842565982007014e-05,-0.002116144314178647,False,False
Journal of Hospital Management and Health Policy,Economics and Econometrics,X,0.05903278898333265,280,0,0.0,2.8819795184437807e-05,-0.0021454856668720497,False,False
Management and Accounting Review,Accounting,X,0.059166164017106955,236,0,0.0,2.892492793571159e-05,-0.0021533122600012936,False,False
TRANSNATIONAL MARKETING JOURNAL,Economics and Econometrics,X,0.05928117263419222,129,0,0.0,2.9016683755541293e-05,-0.002160143009319145,False,False
Revue internationale P M E Économie et gestion de la petite et moyenne entreprise,Urban Studies,X,0.05970882062496945,384,0,0.0,2.9349434562195764e-05,-0.002184914597102766,False,False
International Journal of Services Operations and Informatics,Management Information Systems,B,0.05971675752225186,197,0,0.0,2.935561221977874e-05,-0.0021853744919671917,False,False
Folia Oeconomica Stetinensia,Economics and Econometrics,X,0.05981438240564604,313,0,0.0,2.9431605850596647e-05,-0.002191031827303892,False,False
APUNTES DEL CENES,Economics and Econometrics,E,0.059830878356114225,212,0,0.0,2.9444448168957378e-05,-0.002191987871918228,False,False
World Review of Entrepreneurship Management and Sustainable Development,Management of Technology and Innovation,B,0.0598364849916065,675,0,0.0,2.9448813110320695e-05,-0.002192312819374371,False,False
International Journal of Business Information Systems,Information Systems and Management,X,0.06042664195363249,1690,0,0.0,2.9908614240725166e-05,-0.0022265426509391366,False,False
Journal of East European Management Studies,Economics and Econometrics,B,0.062131620870453874,335,0,0.0,3.1277343847670794e-05,-0.00232843753723975,False,False
Revista de Economia Contemporânea,"General Economics, Econometrics and Finance",X,0.06263883352122657,289,0,0.0,3.169152232805356e-05,-0.002359270996933035,False,False
Business Management and Economics Engineering,"Management, Monitoring, Policy and Law",X,0.06289480726069992,81,0,0.0,3.1930256598402615e-05,-0.0023770435366734155,False,False
International Journal of Economics and Business Research,Accounting,B,0.0634229893378466,1030,0,0.0,3.234547275499112e-05,-0.0024079542460283304,False,False
Información tecnológica,Economics and Econometrics,X,0.06514208056705792,1229,0,0.0,3.3725007752348297e-05,-0.0025106535381238,False,False
Revista Brasileira de Economia,"General Economics, Econometrics and Finance",X,0.06517838084213351,228,0,0.0,3.375386417742338e-05,-0.002512801750697816,False,False
Journal of Public Administration and Governance,Accounting,X,0.06545663879447738,527,0,0.0,3.397530466124904e-05,-0.0025292868568921063,False,False
J for Global Business Advancement,Strategy and Management,X,0.06568899046854665,529,0,0.0,3.4162830410721675e-05,-0.0025432471853777242,False,False
African Journal of Business and Economic Research,Economics and Econometrics,E,0.06626756266344468,382,0,0.0,3.462535057428431e-05,-0.002577679434989921,False,False
International Journal of Business Intelligence Research,Management Information Systems,X,0.06629650235562093,76,0,0.0,3.4648532971796705e-05,-0.0025794052453667216,False,False
International Journal of Logistics Systems and Management,Management Information Systems,B,0.06686537450591397,1486,0,0.0,3.510521251229445e-05,-0.0026134026906025815,False,False
Cuadernos de Economía,"General Economics, Econometrics and Finance",E,0.0670135772023809,315,0,0.0,3.522448984713057e-05,-0.002622282275298998,False,False
The Economics and Finance Letters,Accounting,X,0.0671585150801906,151,0,0.0,3.5341257406662086e-05,-0.002630975020119953,False,False
Global Business and Economics Review,Accounting,B,0.06721109016759223,817,0,0.0,3.538364219708367e-05,-0.0026341303499812833,False,False
Journal of the Geographical Institute Jovan Cvijic SASA,Economics and Econometrics,X,0.06791303575323951,272,0,0.0,3.596414791913276e-05,-0.002677346018178192,False,False
Intertax,Accounting,X,0.06818425425453886,997,0,0.0,3.618366326592012e-05,-0.0026936878078119035,False,False
Our Economy Journal of Contemporary Issues in Economics and Business,Economics and Econometrics,E,0.06823877330028397,239,0,0.0,3.622782831402765e-05,-0.002696975668710463,False,False
International Journal of Monetary Economics and Finance,"General Economics, Econometrics and Finance",E,0.06838078463795377,588,0,0.0,3.635242128244181e-05,-0.0027062509750134713,False,False
Journal of Organisational Studies and Innovation,Strategy and Management,X,0.06840226405476377,49,0,0.0,3.637227132901632e-05,-0.0027077287089855486,False,False
Investigaciones de Historia Económica,Economics and Econometrics,E,0.06863419213565404,377,0,0.0,3.658405222273503e-05,-0.0027234947083302004,False,False
International Journal of Technological Learning Innovation and Development,Business and International Management,X,0.07046730493438368,280,0,0.0,3.809375931370568e-05,-0.0028358846439325764,False,False
Jordan Journal of Business Administration,Artificial Intelligence,X,0.07057329005265399,378,0,0.0,3.8181743581717344e-05,-0.002842434620596921,False,False
European Journal of Business Science and Technology,Accounting,X,0.07067744450799739,135,0,0.0,3.826645237269447e-05,-0.0028487407548264112,False,False
"Scientific Papers of the University of Pardubice. Series D, Faculty of Economics and Administration","Management, Monitoring, Policy and Law",X,0.07097605266181851,162,0,0.0,3.851311286920683e-05,-0.002867103361377362,False,False
Asian Journal of Finance & Accounting,Accounting,B,0.07099971229295264,206,0,0.0,3.853236697678306e-05,-0.0028685367307531274,False,False
Corporate Governance and Organizational Behavior Review,Accounting,X,0.07128137974222841,351,0,0.0,3.87748355094061e-05,-0.002886587267132065,False,False
International Journal of Services Economics and Management,Organizational Behavior and Human Resource Management,B,0.07143700910910243,434,0,0.0,3.8905364431155434e-05,-0.002896304474660198,False,False
American Journal of Economics and Sociology,Economics and Econometrics,E,0.0720968108490308,466,0,0.0,3.9442363141925594e-05,-0.002936281269419249,False,False
International Journal of Business Excellence,Management Information Systems,B,0.07240371641168175,1695,0,0.0,3.969239367586909e-05,-0.002954894757940701,False,False
International Journal of Human Resource Studies,Organizational Behavior and Human Resource Management,B,0.0724484775903702,499,0,0.0,3.972887047042038e-05,-0.0029576102678665135,False,False
Acta Innovations,"Renewable Energy, Sustainability and the Environment",X,0.07249435044822124,267,0,0.0,3.9768194263483374e-05,-0.0029605377222028046,False,False
Finance Contrôle Stratégie,Accounting,B,0.07312842777857252,267,0,0.0,4.030252259277384e-05,-0.0030003157207819,False,False
Malaysian Journal of Economic Studies,Accounting,E,0.0732478058201007,137,0,0.0,4.039968814333538e-05,-0.0030075491967559444,False,False
Studies in Economics and Econometrics,"General Economics, Econometrics and Finance",X,0.07339567291902294,170,0,0.0,4.052005392864154e-05,-0.0030165098109970756,False,False
Asia-Pacific Management Accounting Journal,Accounting,B,0.07371379282518116,320,0,0.0,4.078199925636998e-05,-0.0030360102946940916,False,False
International Journal of E-Entrepreneurship and Innovation,Management of Technology and Innovation,X,0.07446036641165334,75,0,0.0,4.140279630606981e-05,-0.003082225445205871,False,False
Zagreb international review of economics and business/Zagreb international review of economics & business,Economics and Econometrics,E,0.07564394641060965,215,0,0.0,4.238260272928988e-05,-0.003155166998880165,False,False
Journal of Economic Policy Researches / İktisat Politikası Araştırmaları Dergisi,Economics and Econometrics,X,0.07569582382631511,107,0,0.0,4.242783872508323e-05,-0.0031585345863310893,False,False
AD-minister,Economics and Econometrics,X,0.07573005677323028,135,0,0.0,4.2457675626740606e-05,-0.0031607557903486783,False,False
Indian Journal of Commerce & Management Studies,Marketing,X,0.07603117301769961,183,0,0.0,4.2710002078501124e-05,-0.0031795401981545048,False,False
Chinese Journal of Urban and Environmental Studies,Economics and Econometrics,X,0.07721750608947259,307,0,0.0,4.3679999439521845e-05,-0.0032517515175499124,False,False
Management,Strategy and Management,X,0.07803305352260087,272,0,0.0,4.433729940922052e-05,-0.0033006841228928343,False,False
Lecturas de Economía,"General Economics, Econometrics and Finance",E,0.07805561224446339,222,0,0.0,4.435546208034298e-05,-0.003302036240432739,False,False
Asian Academy of Management Journal of Accounting and Finance,Accounting,B,0.0781411525076518,179,0,0.0,4.442432551668797e-05,-0.003307162769427974,False,False
International Journal of Business Innovation and Research,Information Systems and Management,B,0.0790939930371915,1697,0,0.0,4.5197247544428865e-05,-0.0033647028428918967,False,False
Insurance Markets and Companies,Economics and Econometrics,X,0.07922586761893727,78,0,0.0,4.530593391716386e-05,-0.003372793984879372,False,False
Research in World Economy,Economics and Econometrics,X,0.0794247384850356,449,0,0.0,4.546962423905518e-05,-0.003384979888255019,False,False
International Review,Economics and Econometrics,X,0.0796569392972485,300,0,0.0,4.565555430599219e-05,-0.0033988214263749473,False,False
Cahiers d économie politique,Economics and Econometrics,X,0.07999988702251665,181,0,0.0,4.593241187801515e-05,-0.0034194320500361797,False,False
Journal of Applied Business and Economics,Accounting,X,0.08006163700931258,953,0,0.0,4.598422224232666e-05,-0.003423289065442236,False,False
Journal of Applied Economic Sciences (JAES),Economics and Econometrics,X,0.08011004049388269,253,0,0.0,4.6024809653263486e-05,-0.0034263105896363928,False,False
International Journal of Green Economics,Economics and Econometrics,E,0.08018751990333732,372,0,0.0,4.60897330577781e-05,-0.003431143803506901,False,False
Comparative Economic Research Central and Eastern Europe,Economics and Econometrics,E,0.08033732315719593,359,0,0.0,4.621191752154901e-05,-0.003440239809014827,False,False
Estudios de economía,"General Economics, Econometrics and Finance",E,0.08066466675474818,111,0,0.0,4.6472799720144075e-05,-0.0034596611482105343,False,False
Journal of Business and Economic Studies,Accounting,E,0.08124235904719865,34,0,0.0,4.6934424324468786e-05,-0.003494026728039115,False,False
Journal of Comparative International Management,Strategy and Management,B,0.08146267686582931,77,0,0.0,4.711000057512144e-05,-0.0035070974777376353,False,False
Dirección y Organización,Economics and Econometrics,X,0.08239529776673334,191,0,0.0,4.784994671305337e-05,-0.0035621826656451307,False,False
Vikalpa The Journal for Decision Makers,Economics and Econometrics,X,0.08241994551211117,253,0,0.0,4.786943814570826e-05,-0.003563633702653556,False,False
Agricultural and Resource Economics International Scientific E-Journal,Economics and Econometrics,X,0.08243484264311925,450,0,0.0,4.788121783309354e-05,-0.0035645106398518814,False,False
Journal of Management and Sustainability,Marketing,B,0.08252910906030649,383,0,0.0,4.795574075781769e-05,-0.0035700584886768235,False,False
International Journal of Business and Social Science,Accounting,X,0.08257239492642778,498,0,0.0,4.7989950875839734e-05,-0.0035726052561818864,False,False
Inquietud Empresarial,Economics and Econometrics,X,0.08305598861545484,117,0,0.0,4.8379689283163524e-05,-0.003601619278016235,False,False
International Journal of Organizational Leadership,Organizational Behavior and Human Resource Management,X,0.08332597521177473,363,0,0.0,4.8593945354997714e-05,-0.003617569541653389,False,False
Croatian Economic Survey,Finance,E,0.08467010287250029,72,0,0.0,4.964781403771132e-05,-0.0036960246499932394,False,False
Indonesian Journal of Sustainability Accounting and Management,Strategy and Management,X,0.08473345230242679,217,0,0.0,4.9697304219565496e-05,-0.003699708939737129,False,False
Serbian Journal of Management,Management Information Systems,B,0.0849157229897622,252,0,0.0,4.984053800339095e-05,-0.0037103719589655,False,False
Economic and business review,Management of Technology and Innovation,E,0.08534136724518729,240,0,0.0,5.0174715262261025e-05,-0.00373524973878704,False,False
International Journal of Globalisation and Small Business,Strategy and Management,B,0.08557567189308639,256,0,0.0,5.035688773825979e-05,-0.003748811543569227,False,False
International Journal of Procurement Management,Strategy and Management,B,0.08566673414960498,941,0,0.0,5.042762241594546e-05,-0.0037540773768672845,False,False
Society and Economy,Political Science and International Relations,X,0.08612110781027917,314,0,0.0,5.0780001292032696e-05,-0.0037803101735653637,False,False
New Perspectives on Political Economy,Economics and Econometrics,X,0.08628217335475256,53,0,0.0,5.090482010610155e-05,-0.0037896022929169025,False,False
Jurnal Pengurusan,Accounting,X,0.08697648787504206,407,0,0.0,5.1441432968352676e-05,-0.003829550363236315,False,False
Journal of Accounting and Finance,Accounting,B,0.08710186604153142,591,0,0.0,5.153796295892732e-05,-0.0038367365250350292,False,False
RAM. Revista de Administração Mackenzie,Information Systems and Management,X,0.08725744311502437,468,0,0.0,5.1657633557028065e-05,-0.0038456453861607947,False,False
International Journal of Marketing Studies,Sociology and Political Science,X,0.08778977659319447,482,0,0.0,5.2066172853112695e-05,-0.003876059037558875,False,False
Management,Economics and Econometrics,X,0.08867621691434953,237,0,0.0,5.274381427957057e-05,-0.003926505959837115,False,False
Journal of Service Science and Management,Organizational Behavior and Human Resource Management,B,0.08915492066835963,501,0,0.0,5.311058372080568e-05,-0.003953810060167484,False,False
Value in Health Regional Issues,Economics and Econometrics,X,0.08915675064778805,1732,0,0.0,5.3111997583151346e-05,-0.003953915314954277,False,False
International Journal of Innovation,Information Systems and Management,X,0.08968753520814494,260,0,0.0,5.351566349330837e-05,-0.003983966167810942,False,False
International Business Research,Accounting,B,0.08997593124162023,1581,0,0.0,5.373316826221159e-05,-0.004000158280252121,False,False
Economics,Economics and Econometrics,X,0.09069944000377388,273,0,0.0,5.427818814856944e-05,-0.004040732210318509,False,False
Economía,"General Economics, Econometrics and Finance",E,0.09097848629130648,153,0,0.0,5.4486952586801736e-05,-0.004056273650051636,False,False
Economic Annals,Economics and Econometrics,X,0.09166041347905404,224,0,0.0,5.4997613839678085e-05,-0.00409428975640012,False,False
Asian Academy of Management Journal,Accounting,B,0.09189593150019675,200,0,0.0,5.5172433477021326e-05,-0.004107304180125457,False,False
Economics and Business Review/The Poznań University of Economics Review,Finance,E,0.09198151397146141,317,0,0.0,5.523587200537144e-05,-0.00411202685259525,False,False
Studies in Business and Economics,Accounting,X,0.09219683477263246,540,0,0.0,5.539527141935124e-05,-0.004123893319924835,False,False
Journal of Media Economics,Media Technology,X,0.09308504720424934,90,0,0.0,5.6052269203550095e-05,-0.004172803429110014,False,False
Asian Journal of Empirical Research,Economics and Econometrics,E,0.09314065054106645,174,0,0.0,5.60930564401332e-05,-0.0041758398292967725,False,False
Business and Economic Research,Accounting,X,0.09359400171378814,577,0,0.0,5.642808716767284e-05,-0.0042007811454753885,False,False
European Journal of Sustainable Development,"Management, Monitoring, Policy and Law",X,0.09373693893968528,1350,0,0.0,5.6533718298602803e-05,-0.004208644840409213,False,False
Economic Alternatives,"Management, Monitoring, Policy and Law",X,0.09385167991491825,405,0,0.0,5.661850854580378e-05,-0.004214957038636022,False,False
Asian Journal of Business and Accounting,Accounting,B,0.09432231119325012,164,0,0.0,5.6966886031541244e-05,-0.004240891952382885,False,False
International Journal of Economics and Financial Issues,Accounting,E,0.09453054652583119,1356,0,0.0,5.712033762432593e-05,-0.004252315634986154,False,False
International Journal of Sustainable Economy,Economics and Econometrics,X,0.09457284187028372,389,0,0.0,5.715096471941669e-05,-0.0042545956648446116,False,False
Business Informatics,Management of Technology and Innovation,X,0.0955962031075894,235,0,0.0,5.790093096988826e-05,-0.004310426798644389,False,False
International Journal of Knowledge Management Studies,Communication,X,0.09575794852281948,396,0,0.0,5.80198068574686e-05,-0.004319276497655368,False,False
International Studies of Economics,Economics and Econometrics,E,0.0967371014265588,89,0,0.0,5.8739223384811145e-05,-0.004372833361541678,False,False
Journal of health economics and outcomes research,Economics and Econometrics,X,0.09752572624457574,390,0,0.0,5.930762621917003e-05,-0.004415148031938258,False,False
International Journal of Business Environment,Strategy and Management,B,0.09755539167475004,353,0,0.0,5.932852187967963e-05,-0.00441670360649513,False,False
Virtual Economics,"Management, Monitoring, Policy and Law",X,0.09814762289790319,133,0,0.0,5.974417713254887e-05,-0.0044476470043119404,False,False
Jurnal Ekonomi Malaysia,Accounting,X,0.09860231844208985,387,0,0.0,6.006897897980958e-05,-0.004471826832912794,False,False
The Journal of Energy Markets,Economics and Econometrics,E,0.09876692215349783,133,0,0.0,6.018344930354009e-05,-0.004480348560332238,False,False
International Journal of Technology Management,Strategy and Management,B,0.09921686855199087,800,0,0.0,6.049517927968057e-05,-0.004503555255295322,False,False
International Journal of Asian Business and Information Management,Information Systems and Management,B,0.09973175960315021,322,0,0.0,6.0849990703717745e-05,-0.004529969142689125,False,False
Knowledge and Performance Management,"General Economics, Econometrics and Finance",X,0.10022740818095582,77,0,0.0,6.119508896984894e-05,-0.004555659935385899,False,False
The Irish Journal of Management,Management of Technology and Innovation,B,0.10040628423714267,105,0,0.0,6.131702069862536e-05,-0.004564737126072111,False,False
Accounting and Finance Research,Accounting,B,0.1006319151141405,478,0,0.0,6.1476754366504e-05,-0.00457662847688697,False,False
International Journal of Business and Management,Accounting,B,0.10224572919141632,1936,0,0.0,6.258660184622628e-05,-0.0046592509190285444,False,False
Science and Public Policy,Economics and Econometrics,X,0.6716935321657955,830,1,0.0012048192771084338,0.0012675334463508004,-0.0046687476561922785,False,False
Journal of Business & Retail Management Research,Marketing,B,0.10317287833478844,346,0,0.0,6.326427652995702e-05,-0.004709700317139863,False,False
Gestão & Produção,Information Systems and Management,X,0.10322395229578646,577,0,0.0,6.330049521932786e-05,-0.004712396612461211,False,False
International Journal of Management and Enterprise Development,Management of Technology and Innovation,B,0.10375305399683192,344,0,0.0,6.366508866558455e-05,-0.004739538721146342,False,False
International Journal of Technology Management and Sustainable Development,Business and International Management,B,0.10438815965619111,162,0,0.0,6.410162397873243e-05,-0.004772036532162987,False,False
J for International Business and Entrepreneurship Development,Management of Technology and Innovation,B,0.10516033899396278,345,0,0.0,6.461733933030444e-05,-0.0048104288901899125,False,False
Russian Management Journal,Development,X,0.10518348519932375,269,0,0.0,6.463568871496178e-05,-0.004811794907593101,False,False
International Journal of Business Governance and Ethics,Accounting,X,0.10533172919570738,446,0,0.0,6.475370173950083e-05,-0.0048205803708842995,False,False
Revue de gestion des ressources humaines,Organizational Behavior and Human Resource Management,X,0.10556195009495524,166,0,0.0,6.491388988426882e-05,-0.004832505555168334,False,False
Décisions Marketing,Strategy and Management,X,0.10601256025711941,362,0,0.0,6.522249081918662e-05,-0.004855479309090326,False,False
BRICS Journal of Economics,"General Economics, Econometrics and Finance",X,0.10640084031498219,122,0,0.0,6.547181235003954e-05,-0.004874040015974751,False,False
Innovar,Economics and Econometrics,X,0.10666155956859524,468,0,0.0,6.565604067258457e-05,-0.004887754867968761,False,False
ETIKONOMI,Accounting,X,0.10720164564734781,274,0,0.0,6.600617077931782e-05,-0.004913820255343276,False,False
Florida Tax Review,Accounting,X,0.10746930033174339,367,0,0.0,6.617593768968642e-05,-0.004926458529507753,False,False
Progress in Economic Geography,Economics and Econometrics,X,0.10752184673012531,33,0,0.0,6.620920151844398e-05,-0.004928934850639388,False,False
The International Food and Agribusiness Management Review,Plant Science,B,0.10773752989335385,474,0,0.0,6.634640430740806e-05,-0.00493914889328936,False,False
Agris on-line Papers in Economics and Informatics,Strategy and Management,X,0.10822697255951233,423,0,0.0,6.667610685412033e-05,-0.004963693553783143,False,False
Journal of Governance and Regulation,Accounting,B,0.10983140289264501,775,0,0.0,6.784903174493984e-05,-0.00505101178507056,False,False
Marketing and Management of Innovations,"Management, Monitoring, Policy and Law",X,0.11127695525718076,780,0,0.0,6.887816811406714e-05,-0.0051276256997458336,False,False
Information Resources Management Journal,Information Systems and Management,X,0.11229165332859144,186,0,0.0,6.95294457370293e-05,-0.005176109972318816,False,False
The Philippine Review of Economics,"General Economics, Econometrics and Finance",E,0.11255098595870205,97,0,0.0,6.968935204680466e-05,-0.0051880141754358,False,False
Estudos Econômicos (São Paulo),"General Economics, Econometrics and Finance",E,0.11270955611138646,262,0,0.0,6.981811384225579e-05,-0.005197599829491048,False,False
World Customs Journal,"General Economics, Econometrics and Finance",X,0.11274643298993003,194,0,0.0,6.984084065005217e-05,-0.0051992917235544455,False,False
The Indian Economic Journal,Finance,E,0.11359791513479361,476,0,0.0,7.046149736318189e-05,-0.00524549642672967,False,False
Gadjah Mada International Journal of Business,Accounting,B,0.11568437582115516,156,0,0.0,7.179473557975247e-05,-0.005344749161382095,False,False
European Journal of Government and Economics,Economics and Econometrics,X,0.11631426865275435,100,0,0.0,7.226942727691979e-05,-0.0053800875191302305,False,False
Asian Journal of Economic Modelling,Economics and Econometrics,X,0.11726923161914274,207,0,0.0,7.285352698775414e-05,-0.005423570741325227,False,False
Asia and the Global Economy,"General Economics, Econometrics and Finance",E,0.11727814964313567,72,0,0.0,7.285897618258102e-05,-0.005423976405880518,False,False
Investigación Económica,"General Economics, Econometrics and Finance",E,0.11747588703888188,291,0,0.0,7.297978022853143e-05,-0.005432969646374702,False,False
International Journal of Business and Society,Accounting,B,0.11779231835993165,584,0,0.0,7.317303131463998e-05,-0.0054473561967543944,False,False
Revista Contabilidade & Finanças,Accounting,B,0.11860099797813521,426,0,0.0,7.372113791647435e-05,-0.005488159916927555,False,False
Revista Brasileira de Inovação,Strategy and Management,X,0.11884208049766971,195,0,0.0,7.386857258681664e-05,-0.00549913567057171,False,False
The International Journal of Digital Accounting Research,Management Information Systems,B,0.11977756000520315,58,0,0.0,7.444574034197144e-05,-0.005542102844284797,False,False
Public and Municipal Finance,"General Economics, Econometrics and Finance",B,0.1204691282315325,156,0,0.0,7.488481949986576e-05,-0.00557479003147179,False,False
Argumenta Oeconomica,Political Science and International Relations,X,0.12110105233189959,239,0,0.0,7.539388039183057e-05,-0.005612686999173536,False,False
Consumer Behavior in Tourism and Hospitality,Sociology and Political Science,X,0.12210511657179798,123,0,0.0,7.616963722808106e-05,-0.005670438109564917,False,False
Electronic Journal of Knowledge Management,Communication,X,0.122209877051236,122,0,0.0,7.625897790649066e-05,-0.005677089064013751,False,False
Journal of Industrial and Management Optimization,Management Information Systems,X,0.1224493232720301,1652,0,0.0,7.643397683257252e-05,-0.005690116834864439,False,False
Prometheus,Media Technology,X,0.12260347082053229,240,0,0.0,7.654312724288745e-05,-0.005698242522065379,False,False
ClinicoEconomics and Outcomes Research,Economics and Econometrics,X,0.12300843513380813,685,0,0.0,7.679515250630068e-05,-0.005717004507946344,False,False
Central European Economic Journal,Economics and Econometrics,X,0.12310503536683508,183,0,0.0,7.685531844140577e-05,-0.005721483552664595,False,False
Human Resource Management International Digest,Organizational Behavior and Human Resource Management,B,0.12446419131001513,1049,0,0.0,7.78906107853282e-05,-0.005798555748032151,False,False
Corporate Board role duties and composition,Accounting,B,0.12453309568564587,220,0,0.0,7.79338953411604e-05,-0.005801778060805042,False,False
International Journal of Business Analytics,Management Information Systems,B,0.12454066884787672,177,0,0.0,7.793865321326466e-05,-0.005802132259935854,False,False
International Journal of Operations Research and Information Systems,Management Information Systems,X,0.12474573959585253,152,0,0.0,7.808862931147308e-05,-0.005813297209826035,False,False
Acta Commercii,Management of Technology and Innovation,B,0.12475255885958361,297,0,0.0,7.809531361977719e-05,-0.005813794822233329,False,False
Fórum Empresarial,Economics and Econometrics,X,0.12539405305238052,102,0,0.0,7.85208949798895e-05,-0.005845477167731118,False,False
Technological Sustainability,Strategy and Management,X,0.12582984422614557,67,0,0.0,7.883896107421349e-05,-0.005869155554136119,False,False
Geographica Pannonica,Economics and Econometrics,X,0.12584666310184126,260,0,0.0,7.884958278305665e-05,-0.005869946285782019,False,False
Studia Universitatis „Vasile Goldis” Arad – Economics Series,Economics and Econometrics,E,0.12616971376638453,214,0,0.0,7.912440226523121e-05,-0.005890405184126345,False,False
系统科学与信息学报(英文),Economics and Econometrics,X,0.12625532236169437,403,0,0.0,7.92092780948e-05,-0.005896723753520691,False,False
International Journal of Automotive Technology and Management,Strategy and Management,B,0.1264504812739552,352,0,0.0,7.933898828235238e-05,-0.005906380010494758,False,False
Ekonomski horizonti,Economics and Econometrics,X,0.12660682698075568,186,0,0.0,7.945761938572838e-05,-0.005915211486579496,False,False
Financial and Economic Review,Finance,X,0.12681050428347196,144,0,0.0,7.96157570872712e-05,-0.005926984025901199,False,False
Business Perspectives and Research,Accounting,X,0.12692482788989978,350,0,0.0,7.968833737332013e-05,-0.0059323872552586214,False,False
Journal of Transport and Supply Chain Management,Management Information Systems,B,0.12715993221346547,249,0,0.0,7.986061417834807e-05,-0.005945212378183907,False,False
Foresight-Russia,Development,X,0.12763787496258935,434,0,0.0,8.02026942364825e-05,-0.005970678480803764,False,False
Journal of Customer Behaviour,Organizational Behavior and Human Resource Management,X,0.12803565221950933,260,0,0.0,8.05445815946069e-05,-0.005996130237898025,False,False
ECONOMIC COMPUTATION AND ECONOMIC CYBERNETICS STUDIES AND RESEARCH,Economics and Econometrics,E,0.12830532162392816,655,0,0.0,8.071861521091835e-05,-0.006009086146396353,False,False
Problems and Perspectives in Management,"Management, Monitoring, Policy and Law",X,0.12861981777074477,1641,0,0.0,8.093391762070368e-05,-0.006025114304517577,False,False
The Journal of Philosophical Economics,Economics and Econometrics,E,0.12862045932168986,137,0,0.0,8.093432628592382e-05,-0.006025144727543373,False,False
Applied Finance Letters,Economics and Econometrics,X,0.1290055545742713,117,0,0.0,8.124990115069003e-05,-0.00604863765470847,False,False
Engineering Management in Production and Services,Management Information Systems,X,0.12938830492568154,268,0,0.0,8.15231242295311e-05,-0.006068977709027409,False,False
Journal of Eastern European and Central Asian Research (JEECAR),Sociology and Political Science,X,0.12945654316494898,454,0,0.0,8.158519072742669e-05,-0.00607359824087976,False,False
Zbornik radova Ekonomskog fakulteta u Rijeci,Economics and Econometrics,E,0.13141711847607515,223,0,0.0,8.302967360765778e-05,-0.006181132569133811,False,False
International Journal of Managerial and Financial Accounting,Accounting,B,0.13168868506039305,378,0,0.0,8.3203855124026e-05,-0.006194099488031411,False,False
El Trimestre Económico,"General Economics, Econometrics and Finance",E,0.13171857911458587,538,0,0.0,8.322935282113006e-05,-0.006195997660566119,False,False
SOCIOLOGIA DEL LAVORO,General Health Professions,X,0.13188209970087986,441,0,0.0,8.339684927677396e-05,-0.006208466911042608,False,False
Terra Economicus,"General Economics, Econometrics and Finance",E,0.132111655169328,519,0,0.0,8.358614121464944e-05,-0.00622255872317962,False,False
Management & Sustainability An Arab Review,Marketing,X,0.13305987475415562,81,0,0.0,8.436983294136793e-05,-0.006280900545394535,False,False
Universal Journal of Accounting and Finance,Accounting,X,0.13332095265017835,354,0,0.0,8.462826410354695e-05,-0.006300139417523216,False,False
Estudios Gerenciales,Economics and Econometrics,E,0.1333236381091494,442,0,0.0,8.462995434163127e-05,-0.006300265247063652,False,False
Revista de historia industrial,Economics and Econometrics,E,0.1341027753532926,243,0,0.0,8.51169270351822e-05,-0.006336517861889164,False,False
Credit and Capital Markets – Kredit und Kapital,Finance,X,0.13424398410928232,306,0,0.0,8.520446587928959e-05,-0.006343034679032556,False,False
Strategic Management,Strategy and Management,X,0.13474862937574605,167,0,0.0,8.552254255673341e-05,-0.006366713853296449,False,False
OEconomia,Economics and Econometrics,E,0.13573963141498363,438,0,0.0,8.637100834974847e-05,-0.006429877771918882,False,False
Brazilian Business Review,Information Systems and Management,X,0.13622318947398837,450,0,0.0,8.68686842085592e-05,-0.006466927182401967,False,False
Economic Journal of Emerging Markets,Economics and Econometrics,X,0.1364787394514263,317,0,0.0,8.713091767450613e-05,-0.00648644911650881,False,False
Banks and Bank Systems,Accounting,B,0.1368710270254639,638,0,0.0,8.74849542075689e-05,-0.006512805317251187,False,False
International Journal for Quality Research,"Management, Monitoring, Policy and Law",X,0.13692358754303793,454,0,0.0,8.751748864912299e-05,-0.006515227339253331,False,False
Management international,Urban Studies,X,0.1373113963407499,916,0,0.0,8.77835466739148e-05,-0.006535033992114464,False,False
International Journal of Entrepreneurship and Innovation Management,Management of Technology and Innovation,B,0.13768582677494529,421,0,0.0,8.810663566577284e-05,-0.006559086307431745,False,False
Logistique & Management,Management Information Systems,X,0.1379179538737843,231,0,0.0,8.826628329557912e-05,-0.006570971253154206,False,False
International Journal of Information Systems and Supply Chain Management,Management Information Systems,B,0.13910451159502996,227,0,0.0,8.901100156552728e-05,-0.006626411701769688,False,False
Nova Economia,"General Economics, Econometrics and Finance",E,0.13943338160852747,371,0,0.0,8.920997818076868e-05,-0.006641224488373863,False,False
Journal of Accounting Ethics & Public Policy,Accounting,X,0.13946750919816128,71,0,0.0,8.923058167843025e-05,-0.006642758312907919,False,False
International Journal of Customer Relationship Marketing and Management,Organizational Behavior and Human Resource Management,X,0.13955430592756032,166,0,0.0,8.928294534846675e-05,-0.006646656519082152,False,False
Asian-Pacific Economic Literature,"General Economics, Econometrics and Finance",E,0.139960211174988,345,0,0.0,8.95271316124242e-05,-0.006664834931732727,False,False
Panoeconomicus,Finance,E,0.1406198165272046,334,0,0.0,8.995615741287446e-05,-0.006696773698115125,False,False
Journal of Financial Regulation,Finance,X,0.14067047123152557,124,0,0.0,8.99863934918802e-05,-0.006699024618835209,False,False
AFRICAN JOURNAL OF BUSINESS MANAGEMENT,Organizational Behavior and Human Resource Management,B,0.14069102176329126,418,0,0.0,8.999865587631291e-05,-0.006699937490348476,False,False
Brazilian Journal of Operations & Production Management,Management Information Systems,X,0.14092751820719768,439,0,0.0,9.013959516317029e-05,-0.006710429696067376,False,False
The Journal of Prediction Markets,Economics and Econometrics,X,0.14107046236282972,111,0,0.0,9.023534310617907e-05,-0.006717557638443203,False,False
Notas Económicas,"General Economics, Econometrics and Finance",X,0.14124374413556873,118,0,0.0,9.035379403109732e-05,-0.0067263757011675725,False,False
Asian Journal of Law and Economics,Economics and Econometrics,X,0.1412736875716945,169,0,0.0,9.037158581206115e-05,-0.006727700207840911,False,False
International Journal of Banking and Finance,Accounting,X,0.14166294536875815,61,0,0.0,9.071906479988706e-05,-0.006753568233035006,False,False
Review of Economic Perspectives,"General Economics, Econometrics and Finance",E,0.1428099905459268,191,0,0.0,9.154941258917306e-05,-0.006815383359375459,False,False
Scientific Annals of Economics and Business,Economics and Econometrics,E,0.14341625190178423,323,0,0.0,9.190866207413398e-05,-0.0068421276376009685,False,False
Business Information Review,Management Information Systems,X,0.14349029099858515,259,0,0.0,9.195245536511453e-05,-0.006845387823091622,False,False
Intangible Capital,Strategy and Management,B,0.14393320439205484,267,0,0.0,9.221413938492306e-05,-0.006864868853756679,False,False
International Journal of Financial Research,Accounting,B,0.14516508388025745,863,0,0.0,9.319760176654328e-05,-0.006938082574748471,False,False
Studies of Applied Economics,Economics and Econometrics,X,0.14574196650739432,1453,0,0.0,9.367685808302024e-05,-0.006973760744949848,False,False
South Asian Journal of Business and Management Cases,Business and International Management,X,0.14638224353262072,246,0,0.0,9.414253370293496e-05,-0.007008427902073793,False,False
International Journal of Human Capital and Information Technology Professionals,Organizational Behavior and Human Resource Management,B,0.14685108409227146,177,0,0.0,9.442153621726072e-05,-0.007029198205668123,False,False
Retos,Economics and Econometrics,E,0.14687855099429284,184,0,0.0,9.443788705603272e-05,-0.007030415441599265,False,False
Management Systems in Production Engineering,Strategy and Management,X,0.1471249497221263,402,0,0.0,9.461823017961717e-05,-0.007043841060493957,False,False
The ATA Journal of Legal Tax Research,Accounting,B,0.1472731487367766,75,0,0.0,9.47065541008884e-05,-0.007050416322598239,False,False
MONTENEGRIN JOURNAL OF ECONOMICS,Development,E,0.14774226678115626,543,0,0.0,9.501881973706226e-05,-0.007073662894698427,False,False
Korean Journal of Financial Studies,Accounting,X,0.14819908750151328,281,0,0.0,9.542080999959202e-05,-0.0071035890041992135,False,False
European Competition Journal,Economics and Econometrics,X,0.14980413464165288,226,0,0.0,9.66051070516869e-05,-0.007191753834460063,False,False
Health Care Management Review,Economics and Econometrics,X,0.15005947930385774,349,0,0.0,9.685253023565149e-05,-0.007210173219172918,False,False
Applied Econometrics,Development,X,0.1521285727048527,263,0,0.0,9.834785667740744e-05,-0.007321492589333277,False,False
Vision The Journal of Business Perspective,Accounting,B,0.15263267093470684,885,0,0.0,9.865813962502114e-05,-0.007344591560457801,False,False
Asian Economic and Financial Review,Accounting,B,0.15287119689159154,840,0,0.0,9.880556320068543e-05,-0.007355566488160187,False,False
St Petersburg University Journal of Economic Studies,Development,X,0.15385452102383074,246,0,0.0,9.947176119609453e-05,-0.007405161505796569,False,False
SA Journal of Human Resource Management,Organizational Behavior and Human Resource Management,B,0.15486260430054694,519,0,0.0,0.00010020939374107404,-0.007460074458596679,False,False
Sinergie Italian Journal of Management,Marketing,X,0.15517195671206888,466,0,0.0,0.00010047466208078877,-0.007479822323461459,False,False
Asian Journal of Accounting and Governance,Accounting,X,0.15533906782186302,203,0,0.0,0.0001006287216419812,-0.007491291266188763,False,False
Revue de l’Entrepreneuriat,Management of Technology and Innovation,X,0.15662995145897424,317,0,0.0,0.00010170028929652001,-0.007571063972038462,False,False
Southern African Business Review,Organizational Behavior and Human Resource Management,B,0.15722379092853891,171,0,0.0,0.00010208186243204901,-0.007599470131343263,False,False
IIM Kozhikode Society & Management Review,Marketing,X,0.15783418392362092,216,0,0.0,0.0001025441881401976,-0.007633887904749053,False,False
Cuadernos de Gestión,Sociology and Political Science,X,0.1584830073629134,166,0,0.0,0.00010298396277897133,-0.007666626866913933,False,False
Corporate Governance and Sustainability Review,Strategy and Management,X,0.15877623129086302,137,0,0.0,0.00010320080585147275,-0.00768276971945799,False,False
Journal of Indonesian Economy and Business,Accounting,B,0.1590355919863091,200,0,0.0,0.00010342132878256713,-0.007699186518566093,False,False
Journal of Design Business & Society,Mechanical Engineering,X,0.1591720359013724,127,0,0.0,0.00010351815936810382,-0.007706395058115187,False,False
Revue de l'OFCE/La Revue de l'OFCE,Urban Studies,E,0.1597513123780539,409,0,0.0,0.0001039856780001571,-0.007741199418022906,False,False
Journal of International Logistics and Trade,"General Economics, Econometrics and Finance",E,0.15989783099064367,185,0,0.0,0.00010408273254596418,-0.0077484246302633565,False,False
International Insolvency Review,Accounting,X,0.15992836490102097,269,0,0.0,0.00010410263426326187,-0.007749906210855275,False,False
International Journal of Rural Management,Economics and Econometrics,X,0.16032869466737684,172,0,0.0,0.0001043852748117971,-0.007770947347403206,False,False
South African Journal of Business Management,Strategy and Management,B,0.16114942794576959,362,0,0.0,0.00010495019523249767,-0.007813002769996594,False,False
Journal of Intelligence Studies in Business,Strategy and Management,X,0.1611807835420392,189,0,0.0,0.00010497692412179136,-0.007814992598463591,False,False
International Journal of Applied Behavioral Economics,General Decision Sciences,X,0.16344663534429676,125,0,0.0,0.00010663390025481135,-0.00793834595753476,False,False
The Journal of developing areas,Economics and Econometrics,E,0.16353009094109508,921,0,0.0,0.000106702723432765,-0.007943469489499618,False,False
BAR - Brazilian Administration Review,Strategy and Management,B,0.16358382232541047,262,0,0.0,0.00010674694389854876,-0.00794676147595942,False,False
Risk Governance and Control Financial Markets & Institutions,Accounting,X,0.16392117063101505,447,0,0.0,0.00010698157914552667,-0.00796422886447181,False,False
TEC Empresarial,Economics and Econometrics,X,0.1640588876126625,150,0,0.0,0.00010708207075192761,-0.007971709948212842,False,False
African Journal of Economic and Management Studies,Economics and Econometrics,E,0.1642091451814274,397,0,0.0,0.00010718211167267912,-0.00797915748072303,False,False
Gestion 2000,Strategy and Management,X,0.1647116464579891,318,0,0.0,0.00010751779384050152,-0.008004147293283406,False,False
OPSEARCH,Management Information Systems,X,0.16478859433025114,685,0,0.0,0.00010756935726175897,-0.008007985925047952,False,False
Journal of Enterprising Culture,Management of Technology and Innovation,B,0.1652805144655223,163,0,0.0,0.00010790008004502168,-0.00803260653691064,False,False
Journal of Quantitative Economics,"General Economics, Econometrics and Finance",E,0.16554835532054138,417,0,0.0,0.00010809478295854969,-0.008047101168381794,False,False
Journal of Evolutionary Studies in Business-JESB,Organizational Behavior and Human Resource Management,X,0.16685702107150474,149,0,0.0,0.00010903388937928075,-0.0081170128159994,False,False
China Accounting and Finance Review,Accounting,B,0.1674507615091806,99,0,0.0,0.00010944055207577764,-0.008147286764200696,False,False
ESIC MARKET Economic and Business Journal,Economics and Econometrics,X,0.1678035022945098,117,0,0.0,0.00010968380362385423,-0.008165395592056786,False,False
The Business History Review,Economics and Econometrics,B,0.16794370604909722,1111,0,0.0,0.0001097930682595003,-0.008173529782746707,False,False
Production Engineering Archives,Strategy and Management,X,0.16830480805730366,435,0,0.0,0.00011006384573278535,-0.008193687774298242,False,False
Organizations and Markets in Emerging Economies,Sociology and Political Science,X,0.169950960841269,205,0,0.0,0.0001112638535769405,-0.008283022192301294,False,False
European Journal of Management Studies,Strategy and Management,X,0.17186942895912163,70,0,0.0,0.00011264767601845775,-0.008386040662584327,False,False
Nankai Business Review International,Accounting,B,0.17217962733563472,284,0,0.0,0.00011286806404698739,-0.008402447418889656,False,False
IIMB Management Review,Accounting,B,0.17276811310003587,408,0,0.0,0.00011328729569070219,-0.008433657060628366,False,False
International journal of production management and engineering,Management Information Systems,X,0.1755678821227487,131,0,0.0,0.00011529687085169976,-0.008583259605574644,False,False
Journal of Transnational Management,Strategy and Management,B,0.1773717498835089,126,0,0.0,0.0001165924149845103,-0.008679706209374456,False,False
Stochastics,Finance,X,0.17920730331607262,500,0,0.0,0.00011788753827620339,-0.008776121483715479,False,False
Journal of Islamic Monetary Economics and Finance,Accounting,X,0.1800646705621641,301,0,0.0,0.00011847152912602208,-0.00881959660176722,False,False
Eurasian Journal of Business and Economics,Economics and Econometrics,X,0.18020449151588375,128,0,0.0,0.00011857348253853583,-0.008827186509462159,False,False
International Journal of Economics and Business Administration,Accounting,X,0.18153723007830974,783,0,0.0,0.00011953670907369484,-0.008898893775662662,False,False
Russian Journal of Economics,Political Science and International Relations,X,0.18284823382879112,222,0,0.0,0.00012050281599289282,-0.008970815471654606,False,False
Business Systems Research Journal,Management Information Systems,B,0.183195641055066,237,0,0.0,0.00012076467627439408,-0.008990309624097,False,False
Brazilian Journal of Political Economy,"General Economics, Econometrics and Finance",E,0.18407259976420848,490,0,0.0,0.00012141098715648017,-0.00903842414833234,False,False
Quality Innovation Prosperity,Management Information Systems,B,0.18491265217063896,255,0,0.0,0.00012201288247775935,-0.009083232162285858,False,False
JWEE,Management of Technology and Innovation,X,0.18528227270170355,138,0,0.0,0.00012228044531746194,-0.009103150840884916,False,False
Management and Labour Studies,Organizational Behavior and Human Resource Management,X,0.18545057890804706,285,0,0.0,0.00012239818537412782,-0.009111915983120547,False,False
Asian Economic Journal,"General Economics, Econometrics and Finance",E,0.18652830880733923,192,0,0.0,0.0001231983469269062,-0.009171483899258797,False,False
Macroeconomics and Finance in Emerging Market Economies,"General Economics, Econometrics and Finance",E,0.18772524325903261,254,0,0.0,0.0001240587287095533,-0.009235534902081465,False,False
Vierteljahrshefte zur Wirtschaftsforschung,Economics and Econometrics,X,0.18812424357604615,313,0,0.0,0.00012434788064675682,-0.009257060778058315,False,False
The Developing Economies,"General Economics, Econometrics and Finance",E,0.1883318038266079,288,0,0.0,0.00012448795345405193,-0.009267488478826032,False,False
Journal of King Abdulaziz University-Islamic Economics,Accounting,X,0.18882794885610352,210,0,0.0,0.00012484729881419242,-0.009294239894466025,False,False
South Asia Economic Journal,"General Economics, Econometrics and Finance",E,0.18990946660276187,194,0,0.0,0.0001255999264490934,-0.009350269154661594,False,False
Journal of International Commerce Economics and Policy,"General Economics, Econometrics and Finance",E,0.19102545089447126,193,0,0.0,0.00012633110241180411,-0.009404701448087617,False,False
Journal of Business Models,Marketing,B,0.19307620216934243,61,0,0.0,0.0001276677800955491,-0.009504210233398178,False,False
South African Journal of Economic and Management Sciences,Economics and Econometrics,A,0.1936873964819381,523,0,0.0,0.00012804300291834587,-0.009532143644549847,False,False
The Southern African Journal of Entrepreneurship and Small Business Management,Management of Technology and Innovation,B,0.19428267339829203,151,0,0.0,0.00012848514813346162,-0.00956505908394267,False,False
Finance,Accounting,X,0.19483305605406606,114,0,0.0,0.0001288427066087795,-0.00959167747518916,False,False
Journal of Asia-Pacific Business,"General Economics, Econometrics and Finance",B,0.19543826053521138,186,0,0.0,0.0001292285470591001,-0.009620401314153475,False,False
management revue,Public Administration,B,0.1963703176119155,238,0,0.0,0.00012986117536902081,-0.009667497241196194,False,False
Environmental Economics,Economics and Econometrics,E,0.1968957956936985,229,0,0.0,0.00013020614462601378,-0.009693178429825514,False,False
Zeitschrift für die gesamte Versicherungswissenschaft,Economics and Econometrics,X,0.19813744918631881,274,0,0.0,0.0001310733455998037,-0.00975773708638975,False,False
International Advances in Economic Research,"General Economics, Econometrics and Finance",E,0.19934214177506077,413,0,0.0,0.0001318566644521201,-0.009816051150021368,False,False
Journal of Modern Accounting and Auditing,Accounting,B,0.20358899048210363,344,0,0.0,0.00013461367280044134,-0.010021296255231687,False,False
Journal of Financial Management Markets and Institutions,Finance,X,0.20369142352995726,85,0,0.0,0.00013468458558928525,-0.010026575347990289,False,False
Organizacija,Organizational Behavior and Human Resource Management,B,0.20386330705421588,241,0,0.0,0.0001348035383799467,-0.010035430772040506,False,False
Aestimum,"Management, Monitoring, Policy and Law",X,0.20386444936523104,44,0,0.0,0.0001348043287644135,-0.01003548961210283,False,False
National Accounting Review,Economics and Econometrics,E,0.20434781542835204,131,0,0.0,0.0001351172552464578,-0.01005878538078245,False,False
Prague Economic Papers,"General Economics, Econometrics and Finance",E,0.20457373370637336,374,0,0.0,0.0001352339160188763,-0.010067470175851545,False,False
Journal of Entrepreneurship and Sustainability Issues,"Management, Monitoring, Policy and Law",X,0.20548040394068773,1234,0,0.0,0.00013577554309283647,-0.010107791528468198,False,False
International Journal of Sport Finance,Economics and Econometrics,X,0.2069022183497276,282,0,0.0,0.00013663649616289374,-0.01017188506070311,False,False
Innovations,Sociology and Political Science,X,0.20818206400513142,515,0,0.0,0.00013746323393344935,-0.010233431439698426,False,False
Accounting,Accounting,X,0.20848780475761308,533,0,0.0,0.00013766499840464543,-0.010248451767853602,False,False
Cleaner Production Letters,Strategy and Management,X,0.20859964150573396,85,0,0.0,0.00013774096436871316,-0.010254107043542912,False,False
Health Marketing Quarterly,Organizational Behavior and Human Resource Management,B,0.20898490386218227,228,0,0.0,0.00013800278358966638,-0.010273598139238487,False,False
International Journal of Management Studies,Accounting,B,0.2097806358632665,135,0,0.0,0.00013842660227663924,-0.010305149262778179,False,False
Central European Business Review,Marketing,B,0.21012585972438072,281,0,0.0,0.000138616996642052,-0.010319323144980743,False,False
The Journal of World Investment & Trade,Strategy and Management,X,0.21094560970244192,430,0,0.0,0.000139115700824269,-0.010356449108857595,False,False
Engineering Economics,Strategy and Management,X,0.21188365825772804,549,0,0.0,0.00013973257194812596,-0.010402371994362938,False,False
REVISTA PROCESOS DE MERCADO,"General Economics, Econometrics and Finance",E,0.21214329120508163,512,0,0.0,0.00013989501676396087,-0.010414465176212463,False,False
Indian Growth and Development Review,Economics and Econometrics,X,0.21431157609419316,132,0,0.0,0.00014124323042172634,-0.010514832755513613,False,False
Review of Pacific Basin Financial Markets and Policies,Accounting,B,0.21562455897077198,321,0,0.0,0.00014210765518992045,-0.010579184737836205,False,False
Eastern European Economics,Finance,E,0.21574870960744547,318,0,0.0,0.0001421912346038989,-0.010585406795751215,False,False
DECISION,Accounting,X,0.21586064660970997,302,0,0.0,0.00014226662473390604,-0.01059101920355352,False,False
Competition and Regulation in Network Industries,Media Technology,X,0.2162311944154666,150,0,0.0,0.0001425164078829232,-0.010609614275538344,False,False
Acta Oeconomica,Finance,E,0.2174220026932752,431,0,0.0,0.0001433104965349452,-0.010668730095419635,False,False
Health Services and Outcomes Research Methodology,Economics and Econometrics,X,0.21948238829964742,197,0,0.0,0.00014466078410182713,-0.010769252066598149,False,False
Journal of technology management & innovation,Strategy and Management,B,0.22164100005298773,420,0,0.0,0.00014605946302926535,-0.010873376525920991,False,False
JOURNAL OF INTERNATIONAL STUDIES,Strategy and Management,X,0.2219769891369132,703,0,0.0,0.000146283757549156,-0.010890074100435443,False,False
Studies in Microeconomics,Economics and Econometrics,X,0.22211709148325923,161,0,0.0,0.00014637708507462294,-0.010897021855162099,False,False
RAUSP Management Journal,Accounting,B,0.22365950599301354,211,0,0.0,0.00014736965161383597,-0.010970913333906828,False,False
Production,Information Systems and Management,X,0.22374404875187726,389,0,0.0,0.00014741972120670756,-0.01097464075782378,False,False
Middle East Development Journal,Economics and Econometrics,X,0.22576443954991116,145,0,0.0,0.00014869269870711763,-0.011069407391795391,False,False
Systèmes d information & management,Strategy and Management,X,0.22665182500854003,288,0,0.0,0.0001492423867645632,-0.011110328843212818,False,False
Evidence-based HRM a Global Forum for Empirical Scholarship,Organizational Behavior and Human Resource Management,B,0.22676207293661732,317,0,0.0,0.00014931089522718456,-0.01111542894623829,False,False
Bulletin of Monetary Economics and Banking,Economics and Econometrics,E,0.22687003726740573,331,0,0.0,0.00014937784089497387,-0.011120412707218613,False,False
Academia Revista Latinoamericana de Administración,Accounting,B,0.22751581284339845,302,0,0.0,0.0001497737997954877,-0.01114988981280823,False,False
Journal of Economics and Management,Economics and Econometrics,X,0.2296274176929767,221,0,0.0,0.0001510661736382246,-0.011246100404801946,False,False
International Journal of Ethics and Systems,Accounting,X,0.22972508336520803,340,0,0.0,0.00015112452560248247,-0.01125044440871134,False,False
Arthaniti-Journal of Economic Theory and Practice,"General Economics, Econometrics and Finance",E,0.2304503840834408,126,0,0.0,0.00015156117126387202,-0.011282950434587574,False,False
List Forum für Wirtschafts- und Finanzpolitik,Sociology and Political Science,X,0.23100227592508293,256,0,0.0,0.00015188731505682556,-0.011307230164149947,False,False
South Asian Journal of Human Resources Management,Organizational Behavior and Human Resource Management,B,0.23267969497811608,200,0,0.0,0.00015291845735847622,-0.01138399341019451,False,False
EconomiA,"General Economics, Econometrics and Finance",X,0.23320672940202886,215,0,0.0,0.00015323990779864892,-0.01140792374375818,False,False
Wirtschaftsdienst,Economics and Econometrics,X,0.2343038553287887,2263,0,0.0,0.00015390365826889381,-0.011457336555722194,False,False
International Journal of Pharmaceutical and Healthcare Marketing,Pharmacology,X,0.23513426734223067,320,0,0.0,0.0001543798369033205,-0.011492785608308966,False,False
Verslas teorija ir praktika,Economics and Econometrics,X,0.23579157128552444,480,0,0.0,0.00015479309812067128,-0.011523550782482687,False,False
World,"Management, Monitoring, Policy and Law",X,0.23606508074673518,238,0,0.0,0.00015497760671524656,-0.011537286499289229,False,False
Spanish Journal of Finance and Accounting / Revista Española de Financiación y Contabilidad,Accounting,B,0.23645071423431976,208,0,0.0,0.00015523791518343285,-0.011556665127204,False,False
Development in Learning Organizations An International Journal,Organizational Behavior and Human Resource Management,X,0.23657142463271955,813,0,0.0,0.000155307079785069,-0.011561814076407684,False,False
The Journal of Marketing Theory and Practice,Marketing,B,0.8175977131378812,358,1,0.002793296089385475,0.0029493710241480925,-0.011618976934020786,False,False
Global Journal of Emerging Market Economies,"General Economics, Econometrics and Finance",X,0.23878966030187082,175,0,0.0,0.00015682759471438904,-0.01167500860004131,False,False
Contemporary Economics,"General Economics, Econometrics and Finance",E,0.23964186597955392,199,0,0.0,0.0001574319330926092,-0.011719998487030937,False,False
Contemporary Management Research,Sociology and Political Science,B,0.24040205330823028,138,0,0.0,0.0001579766571227479,-0.011760550392122005,False,False
International Journal of Development Issues,Economics and Econometrics,X,0.24174324974074132,226,0,0.0,0.0001589616123923676,-0.011833875250954461,False,False
The International Trade Journal,"General Economics, Econometrics and Finance",E,0.24235436303068097,361,0,0.0,0.00015942121221849875,-0.01186809009645044,False,False
American Review of Political Economy,Economics and Econometrics,X,0.24428751318947622,79,0,0.0,0.00016085731042113856,-0.011975000228540766,False,False
Pacific Rim Property Research Journal,Economics and Econometrics,X,0.24454915587976767,113,0,0.0,0.0001610145844961017,-0.01198670847530118,False,False
Journal of Korea Trade,"General Economics, Econometrics and Finance",E,0.24462394436852666,446,0,0.0,0.0001610733405928732,-0.01199108256479966,False,False
Economics & Sociology,"Management, Monitoring, Policy and Law",X,0.24472564331372457,765,0,0.0,0.00016116580632762192,-0.01199796616363548,False,False
Journal of Real Estate Portfolio Management,Economics and Econometrics,B,0.2449020058629013,111,0,0.0,0.00016132699820891426,-0.012009966070946258,False,False
Asian Journal of Business Research,Sociology and Political Science,X,0.24716767355394376,188,0,0.0,0.00016319880907215322,-0.012149312771798008,False,False
ECONOMIA AGRO-ALIMENTARE,Plant Science,X,0.24767163219045457,228,0,0.0,0.000163557134317809,-0.012175988245156266,False,False
South African Journal of Accounting Research,Accounting,B,0.24786698671656043,137,0,0.0,0.00016367866153249485,-0.012185035321846949,False,False
Global Economic Review,"General Economics, Econometrics and Finance",E,0.24790918869560175,209,0,0.0,0.00016370494776351917,-0.0121869921966803,False,False
Millennial Asia,"General Economics, Econometrics and Finance",X,0.24791956811440655,298,0,0.0,0.00016371141455549524,-0.012187473616114634,False,False
Latin American Economic Review,Sociology and Political Science,X,0.2481052416160203,131,0,0.0,0.00016382721577665678,-0.012196094422009274,False,False
Complex Systems Informatics and Modeling Quarterly,Management Information Systems,X,0.24836969890783284,223,0,0.0,0.0001639925408228084,-0.012208402022206405,False,False
Agricultural Economics (Zemědělská ekonomika),General Agricultural and Biological Sciences,X,0.25039100574746986,549,0,0.0,0.00016552807271642223,-0.012322714481670112,False,False
International Game Theory Review,Management Science and Operations Research,X,0.25099248644071825,280,0,0.0,0.00016606714035606945,-0.012362845297553294,False,False
Bulletin of Economic Research,Economics and Econometrics,E,0.25193918075004573,412,0,0.0,0.00016671097626653984,-0.012410775572868977,False,False
Economic Papers A journal of applied economics and policy,Economics and Econometrics,E,0.2528351104280987,274,0,0.0,0.00016749645873659637,-0.012469250706724042,False,False
American Business Review,Accounting,X,0.25289388916976785,134,0,0.0,0.000167534957525925,-0.012472116743771421,False,False
Journal of Human Resources in Hospitality & Tourism,Organizational Behavior and Human Resource Management,B,0.25406326735526996,262,0,0.0,0.00016833536558317363,-0.012531703010900869,False,False
South East European Journal of Economics and Business,Economics and Econometrics,E,0.2544386881809504,193,0,0.0,0.0001686045173984289,-0.012551739980565198,False,False
Asia-Pacific Journal of Regional Science,Economics and Econometrics,E,0.25668836845825593,366,0,0.0,0.00017026596394656144,-0.012675426139071183,False,False
Journal of Corporate Accounting & Finance,Accounting,B,0.25855958867704637,669,0,0.0,0.0001718731889994421,-0.012795075785861705,False,False
International Journal of Enterprise Information Systems,Management Information Systems,X,0.26105322088563954,189,0,0.0,0.0001741235288109007,-0.012962602021915006,False,False
Journal of East-West Business,Strategy and Management,B,0.26198199880400636,166,0,0.0,0.00017521099339227518,-0.01304355817228452,False,False
Evolutionary and Institutional Economics Review,Economics and Econometrics,X,0.26247495597197507,296,0,0.0,0.00017556909806996747,-0.013070217225491239,False,False
Computational Management Science,Management Science and Operations Research,X,0.26310479216314253,285,0,0.0,0.00017603943769508665,-0.01310523159383762,False,False
Journal of General Management,Strategy and Management,B,0.26396794072754026,334,0,0.0,0.00017687418184488904,-0.013167374006628723,False,False
Journal of Quality Assurance in Hospitality & Tourism,Organizational Behavior and Human Resource Management,B,0.26516105050204164,521,0,0.0,0.00017798896634048497,-0.013250363984234246,False,False
Review of Economic Analysis,"General Economics, Econometrics and Finance",E,0.2653998626593943,151,0,0.0,0.00017828548677889495,-0.013272438407264383,False,False
The Engineering Economist,Finance,E,0.265536504488794,173,0,0.0,0.00017845581532702337,-0.013285118492474218,False,False
FIIB Business Review,Sociology and Political Science,X,0.2678738104783525,620,0,0.0,0.00018043765245735058,-0.013432656083563272,False,False
Financial Services Review,Accounting,B,0.26850412939458995,182,0,0.0,0.0001809480801352425,-0.013470654801454342,False,False
The Japanese Political Economy,"General Economics, Econometrics and Finance",E,0.26862294404002474,126,0,0.0,0.0001810311576276452,-0.01347683949388706,False,False
International Journal of Service Science Management Engineering and Technology,Marketing,X,0.2689611610641701,260,0,0.0,0.00018129228801107828,-0.013496279309168711,False,False
International Journal of Economic Policy Studies,Economics and Econometrics,E,0.26919357232775076,157,0,0.0,0.00018145498264491135,-0.01350839108868456,False,False
International Journal of Social Economics,Economics and Econometrics,E,0.2694715056103435,1091,0,0.0,0.00018164961932049922,-0.013522880789081421,False,False
Review of Marketing Science,Marketing,B,0.2695896539573403,77,0,0.0,0.00018173238916466817,-0.013529042578683924,False,False
Schmalenbach Journal of Business Research,Strategy and Management,X,0.26993779728634043,224,0,0.0,0.00018218355955131898,-0.013562629895723537,False,False
International Real Estate Review,Economics and Econometrics,E,0.2702528051067471,188,0,0.0,0.00018259691269719512,-0.013593401913503615,False,False
Health Services Management Research,Economics and Econometrics,X,0.27226420125061324,249,0,0.0,0.0001845780424108889,-0.013740886841059225,False,False
Asia-Pacific Journal of Risk and Insurance,Economics and Econometrics,X,0.2722646272998516,114,0,0.0,0.00018457861677534016,-0.013740929599541367,False,False
Asia-Pacific Journal of Accounting & Economics,Accounting,A,0.2727968217482062,492,0,0.0,0.00018502452126996504,-0.013774124897977356,False,False
GLOBAL BUSINESS & FINANCE REVIEW,Accounting,B,0.27282353463391057,435,0,0.0,0.00018506064007834617,-0.01377681375767224,False,False
Industrial and Commercial Training,Organizational Behavior and Human Resource Management,B,0.2729725613214176,371,0,0.0,0.0001852618324244141,-0.013791791494051372,False,False
Economics and Business Letters,"General Economics, Econometrics and Finance",E,0.272997745743991,257,0,0.0,0.00018528100047235458,-0.013793218456729456,False,False
International Journal of Strategic Property Management,Economics and Econometrics,B,0.2736408116352761,331,0,0.0,0.00018601348635185032,-0.013847748266729385,False,False
Journal of Sustainable Marketing,Marketing,X,0.27367661848923613,59,0,0.0,0.0001860625834867631,-0.01385140329614808,False,False
International Journal of Entrepreneurial Venturing,Management of Technology and Innovation,B,0.2749282679305315,419,0,0.0,0.00018719226152618223,-0.013935502021563817,False,False
The Quarterly Journal of Austrian Economics,Economics and Econometrics,E,0.27543927579346533,210,0,0.0,0.00018767396474430676,-0.013971362351019955,False,False
International Journal of Economic Sciences,Economics and Econometrics,X,0.27695482255476905,168,0,0.0,0.00018886574580924984,-0.014060084327582286,False,False
Human Systems Management,Management Science and Operations Research,B,0.2777245694476947,487,0,0.0,0.00018970289987613694,-0.01412240614631748,False,False
Enterprise & Society,Economics and Econometrics,B,0.27812844866243736,842,0,0.0,0.00019001175823711103,-0.014145399064286631,False,False
Journal of Financial Management of Property and Construction,Management Science and Operations Research,X,0.2795962483454543,211,0,0.0,0.00019138008661103616,-0.014247264080850522,False,False
International Journal of Financial Engineering,Finance,X,0.28047037374600375,437,0,0.0,0.00019234049883470986,-0.014318761836021706,False,False
Wine Economics and Policy,"Tourism, Leisure and Hospitality Management",X,0.28092258632944944,178,0,0.0,0.00019280947860552108,-0.014353674970202193,False,False
Chinese Management Studies,Organizational Behavior and Human Resource Management,B,0.2815158970077,595,0,0.0,0.00019357473743755702,-0.014410644558121643,False,False
Polish Journal of Management Studies,"Management, Monitoring, Policy and Law",X,0.2818845647802677,1042,0,0.0,0.00019386964693924992,-0.014432599055190662,False,False
The Economics of Peace and Security Journal,Economics and Econometrics,E,0.2824667326601606,109,0,0.0,0.00019434400515548614,-0.014467912586997,False,False
Journal of Chinese Economic and Foreign Trade Studies,"General Economics, Econometrics and Finance",E,0.2832898796026617,136,0,0.0,0.00019502461795377566,-0.01451858071264032,False,False
Journal of Banking Regulation,Finance,E,0.28379658525585716,252,0,0.0,0.000195486490587718,-0.014552964756999484,False,False
Journal of Forensic Accounting Research,Accounting,X,0.2838406340812639,132,0,0.0,0.00019552252389238415,-0.01455564725138213,False,False
Revista de Contabilidad,Accounting,B,0.28389700351419495,206,0,0.0,0.0001955686610837926,-0.01455908192821599,False,False
Revue d économie politique,Urban Studies,E,0.28392686631279135,372,0,0.0,0.00019559311466315824,-0.014560902371550057,False,False
Journal of International Trade Law and Policy,"General Economics, Econometrics and Finance",X,0.28415062333019886,106,0,0.0,0.0001957765960908302,-0.014574561621058532,False,False
Health Economics Review,General Health Professions,X,0.284221609323976,510,0,0.0,0.0001958348991921883,-0.01457890198737611,False,False
International Journal of Innovation and Technology Management,Strategy and Management,B,0.2860065968627785,601,0,0.0,0.00019744469963334005,-0.014698743358590309,False,False
Forum Scientiae Oeconomia,Economics and Econometrics,X,0.2866003150210022,187,0,0.0,0.00019828578740222876,-0.014761358021227,False,False
International Journal of Empirical Economics,Economics and Econometrics,X,0.28682856286528335,47,0,0.0,0.0001985187630609246,-0.014778701861919244,False,False
Mathematical Methods of Operations Research,Numerical Analysis,X,0.2885883733135888,361,0,0.0,0.00020061730425486232,-0.014934927470884195,False,False
WPOM - Working Papers on Operations Management,Economics and Econometrics,X,0.2893524613774642,105,0,0.0,0.00020176708915743398,-0.015020523048946645,False,False
Journal of the Asia Pacific Economy,"General Economics, Econometrics and Finance",X,0.2911425792605449,549,0,0.0,0.00020401321569440392,-0.015187735628363314,False,False
Public Sector Economics,Economics and Econometrics,X,0.29216256793075174,205,0,0.0,0.00020496900058315917,-0.015258888902226432,False,False
Asia-Pacific Financial Markets,Finance,E,0.2924407899117214,297,0,0.0,0.00020536261766267267,-0.015288191671275543,False,False
Journal of Modelling in Management,Strategy and Management,B,0.2929768624651976,590,0,0.0,0.00020585260063057313,-0.015324668385558701,False,False
Economic Record,Economics and Econometrics,E,0.29422729688872684,630,0,0.0,0.00020711123579883397,-0.015418367306596936,False,False
PharmacoEconomics - Open,Economics and Econometrics,X,0.29470809538135034,500,0,0.0,0.0002076161908454035,-0.01545595861520605,False,False
Applied Economic Analysis,Economics and Econometrics,E,0.2948329746655504,81,0,0.0,0.00020776769675840713,-0.015467237451947094,False,False
Studies in Nonlinear Dynamics and Econometrics,"General Economics, Econometrics and Finance",E,0.2954047948743224,361,0,0.0,0.0002086698683934973,-0.01553439949455556,False,False
Management Teaching Review,Management of Technology and Innovation,X,0.29681550998128625,335,0,0.0,0.0002102851194379669,-0.015654646635179965,False,False
The journal of structured finance,Economics and Econometrics,E,0.2974459688789541,385,0,0.0,0.00021132888943516947,-0.015732349948273546,False,False
REGION,Economics and Econometrics,X,0.29774294931111933,175,0,0.0,0.0002118218120769169,-0.015769045506169695,False,False
Administrative Sciences,Management of Technology and Innovation,B,0.2989091767166998,1321,0,0.0,0.0002136274468751672,-0.015903465739015184,False,False
Management & Marketing,Marketing,B,0.2993657891287454,300,0,0.0,0.00021413300306810532,-0.015941101799882573,False,False
International Journal of Organization Theory and Behavior,Organizational Behavior and Human Resource Management,B,0.2993932615815959,197,0,0.0,0.0002141600759249019,-0.015943117234962754,False,False
International Journal of Economic Theory,Economics and Econometrics,E,0.29958161657670573,290,0,0.0,0.00021436751840868661,-0.01595856026197985,False,False
Journal of Political Institutions and Political Economy,Political Science and International Relations,X,0.3004603698854695,113,0,0.0,0.0002152605914481865,-0.016025044960897888,False,False
Labour,Economics and Econometrics,E,0.3008234860887356,203,0,0.0,0.00021564236900965193,-0.016053466338663256,False,False
Journal of Entrpreneurial and Organizational Diversity,Strategy and Management,X,0.3015662748500482,98,0,0.0,0.00021659187250848343,-0.016124151995322186,False,False
Risk Management,Accounting,B,0.3022686709596418,171,0,0.0,0.00021744384077264432,-0.016187576654924696,False,False
Corporate Ownership and Control,Accounting,B,0.3025640382284616,1229,0,0.0,0.00021779913116469604,-0.016214026199026104,False,False
The Economists Voice,Finance,E,0.3028621410144512,161,0,0.0,0.00021817217824281277,-0.01624179763716596,False,False
Cost Effectiveness and Resource Allocation,Economics and Econometrics,X,0.3032450612230741,527,0,0.0,0.00021856548881412632,-0.016271077588254513,False,False
Review of Behavioral Economics,Safety Research,E,0.30345491199860986,182,0,0.0,0.0002187898296620764,-0.01628777861165494,False,False
Real Estate Management and Valuation,Economics and Econometrics,E,0.3047309286018658,370,0,0.0,0.00022038015723622225,-0.016406170327977886,False,False
The Journal of Operational Risk,Economics and Econometrics,A,0.30508587597281234,166,0,0.0,0.00022079605355469057,-0.01643713167188988,False,False
Journal of Capital Markets Studies,Finance,X,0.3052911155060987,82,0,0.0,0.00022100844024119877,-0.01645294276939497,False,False
South African Journal of Economics,Law,E,0.3063871287968211,265,0,0.0,0.00022214809050184143,-0.016537783875440585,False,False
Journal of Data Information and Management,Management Information Systems,X,0.31048384275848084,135,0,0.0,0.00022739854349458855,-0.016928653122374276,False,False
Journal of Financial Services Marketing,Organizational Behavior and Human Resource Management,B,0.31547080550855144,324,0,0.0,0.00023342784094882967,-0.017377503337533594,False,False
Property Management,Economics and Econometrics,X,0.3158512266891097,391,0,0.0,0.00023384798615721185,-0.017408780989467628,False,False
Journal of Entrepreneurship and Innovation in Emerging Economies,Management of Technology and Innovation,X,0.3163418092551733,179,0,0.0,0.00023451819824879,-0.017458674835938184,False,False
NIM Marketing Intelligence Review,Sociology and Political Science,X,0.31652411728977625,123,0,0.0,0.00023472996947156301,-0.01747444011533062,False,False
Latin American Business Review,Strategy and Management,B,0.31655680046446577,158,0,0.0,0.0002347661493459894,-0.017477133521078797,False,False
OPEC Energy Review,Economics and Econometrics,E,0.31700991013698543,218,0,0.0,0.0002352678323117784,-0.01751448124008672,False,False
Economic Affairs,"General Economics, Econometrics and Finance",E,0.3172360519666245,554,0,0.0,0.00023551824214951582,-0.017533122965826653,False,False
East Asian Economic Review,"General Economics, Econometrics and Finance",X,0.31759709434020866,157,0,0.0,0.0002359481980301712,-0.017565130971901297,False,False
Journal of Economic Integration,"General Economics, Econometrics and Finance",E,0.31786844281223786,302,0,0.0,0.00023624861406776172,-0.017587495402273688,False,False
The Journal of Alternative Investments,Finance,E,0.3206422501726041,418,0,0.0,0.00023970369448354342,-0.017844708386006228,False,False
Journal of Economic Interaction and Coordination,Economics and Econometrics,E,0.32064642742621297,280,0,0.0,0.00023970829642695562,-0.017845050977047125,False,False
Journal of Indian Business Research,Marketing,B,0.321887555409092,221,0,0.0,0.00024160460183145538,-0.017986221170635565,False,False
International Economic Journal,"General Economics, Econometrics and Finance",E,0.3247859717683029,306,0,0.0,0.0002458007135743171,-0.01829860012903165,False,False
CIRIEC-España revista de economía pública social y cooperativa,Strategy and Management,X,0.3254786067604292,313,0,0.0,0.00024656629572931163,-0.01835559378668404,False,False
New Zealand Economic Papers,Economics and Econometrics,E,0.3257170243158414,211,0,0.0,0.00024682803493597495,-0.01837507892572687,False,False
History of Retailing and Consumption,Economics and Econometrics,X,0.32576985358507904,156,0,0.0,0.00024688597383864505,-0.018379392179323484,False,False
Science Technology and Society,Strategy and Management,X,0.32608632593283704,327,0,0.0,0.0002472732510090592,-0.01840822297471647,False,False
South Asian Journal of Macroeconomics and Public Finance,"General Economics, Econometrics and Finance",E,0.32788810023460396,108,0,0.0,0.0002496405142459213,-0.018584453559004014,False,False
American Journal of Business,Accounting,X,0.32825819676141293,120,0,0.0,0.00025004230869841835,-0.018614365091453994,False,False
Journal of International Food & Agribusiness Marketing,Plant Science,B,0.3332417178492358,300,0,0.0,0.0002567410106233605,-0.019113049029859365,False,False
ISRA International Journal of Islamic Finance,Accounting,B,0.3337373084608879,194,0,0.0,0.0002573917272695031,-0.019161491540590596,False,False
Canadian Journal of Administrative Sciences / Revue Canadienne des Sciences de l Administration,Accounting,B,0.333961330686415,389,0,0.0,0.0002576329691641398,-0.019179450760074282,False,False
Qualitative Research in Financial Markets,Accounting,B,0.33451970859840735,334,0,0.0,0.0002583447732194588,-0.019232440914533567,False,False
Journal of Derivatives and Quantitative Studies 선물연구,Finance,X,0.3345362294518468,181,0,0.0,0.0002583621660630529,-0.019233735722369583,False,False
International Journal of Global Business and Competitiveness,Strategy and Management,B,0.3352918813368069,125,0,0.0,0.00025928409510066273,-0.019302368602076275,False,False
Islamic Economic Studies,Accounting,X,0.3357449517937456,103,0,0.0,0.0002598633700636526,-0.01934549264658523,False,False
ASIA MARKETING JOURNAL,Sociology and Political Science,X,0.33654701302164636,354,0,0.0,0.00026077736392499904,-0.01941353479319239,False,False
Accounting Auditing & Accountability Journal,Management Information Systems,A,1.5789385502485567,940,16,0.01702127659574468,0.017282146218474806,-0.019420402987181045,False,False
Journal of Entrepreneurship Management and Innovation,Management of Technology and Innovation,B,0.33867838334212463,271,0,0.0,0.0002639187330617383,-0.019647393584141314,False,False
Journal of Islamic accounting and business research,Accounting,B,0.34256710542101476,700,0,0.0,0.00026824336934057493,-0.019969340533843756,False,False
The Journal of Entrepreneurship,Management of Technology and Innovation,B,0.3426130415372583,230,0,0.0,0.000268290103122037,-0.019972819623741655,False,False
Journal of Interdisciplinary Economics,Economics and Econometrics,E,0.3438022045166491,132,0,0.0,0.000269705577590992,-0.02007819442482997,False,False
International Journal of Innovation Studies,Strategy and Management,B,0.3439371075681535,136,0,0.0,0.0002698513239812371,-0.020089044494695774,False,False
Equilibrium Quarterly Journal of Economics and Economic Policy,Political Science and International Relations,X,0.34423565934616385,379,0,0.0,0.0002701538706928286,-0.020111567542799504,False,False
Global economy journal,"General Economics, Econometrics and Finance",E,0.34573115933521104,209,0,0.0,0.00027216921961574264,-0.020261599914653174,False,False
Journal of Developmental Entrepreneurship,Management of Technology and Innovation,B,0.346745640014302,323,0,0.0,0.00027355823318238776,-0.020365004837528445,False,False
Review of Corporate Finance,Accounting,X,1.4824528985670777,65,1,0.015384615384615385,0.01565860860783881,-0.02039738761097659,False,False
Annals of Economics and Statistics,Economics and Econometrics,E,0.3477450536925199,324,0,0.0,0.00027461359770507456,-0.020443571303468234,False,False
Foreign Trade Review,"General Economics, Econometrics and Finance",E,0.348191624320899,287,0,0.0,0.0002750662819273164,-0.020477271317789068,False,False
Management Science Letters,Organizational Behavior and Human Resource Management,B,0.34907916324825955,1374,0,0.0,0.0002761407102044198,-0.020557256982289975,False,False
Journal of Emerging Market Finance,Finance,E,0.3521210528235545,175,0,0.0,0.0002796939988101498,-0.020821781061141516,False,False
Logforum,Management Information Systems,B,0.3536467707703498,384,0,0.0,0.00028196971072051637,-0.02099119611958919,False,False
Review of Business Management,Information Systems and Management,X,0.35389631619784506,375,0,0.0,0.00028222682494467253,-0.021010336952448885,False,False
Italian Journal of Marketing,Sociology and Political Science,X,0.3553261909018078,104,0,0.0,0.00028403092947853066,-0.021144643264973326,False,False
International Journal of Systems Science Operations & Logistics,Management Information Systems,X,0.35602296255577337,388,0,0.0,0.0002850907007079464,-0.021223537787586125,False,False
Transportation Journal,Strategy and Management,B,0.3560779040934956,233,0,0.0,0.00028518610115993513,-0.02123063986104102,False,False
The Electronic Journal of Business Research Methods,Management Information Systems,B,0.3571169702378939,65,0,0.0,0.00028653096912927874,-0.021330758371030295,False,False
The Journal of Investing,Finance,A,0.3587282087978495,584,0,0.0,0.0002883894561772882,-0.021469113182299906,False,False
Small Enterprise Research,Management of Technology and Innovation,B,0.35892751513875776,194,0,0.0,0.0002886009375943041,-0.021484856887142828,False,False
Journal of Financial Regulation and Compliance,Finance,A,0.35948915262508246,302,0,0.0,0.00028919881060184135,-0.021529365460506097,False,False
Entrepreneurship Education,Management of Technology and Innovation,X,0.3598867330705915,129,0,0.0,0.0002898129846649698,-0.021575087563698497,False,False
Journal of Hospitality and Tourism Management,Sociology and Political Science,B,0.9078147014814395,1188,5,0.004208754208754209,0.004498818364729937,-0.02159378597719219,False,False
Services Marketing Quarterly,Organizational Behavior and Human Resource Management,B,0.36261519238290474,202,0,0.0,0.00029331934371441224,-0.02183611797822233,False,False
Journal of Accounting and Public Policy,Accounting,B,1.418459083946798,492,7,0.014227642276422764,0.014521068127377305,-0.021844046894984308,False,False
Asian Journal of Accounting Research,Accounting,B,0.36274558064916895,198,0,0.0,0.0002934620693457885,-0.021846743168111894,False,False
Operational Research,Management Information Systems,X,0.3634921042071135,716,0,0.0,0.00029428321820686203,-0.02190787348151374,False,False
Baltic Journal of Economics,"General Economics, Econometrics and Finance",E,0.36356913680734493,95,0,0.0,0.00029440262537161314,-0.021916762731380223,False,False
Economía,"General Economics, Econometrics and Finance",E,0.36376691381311366,137,0,0.0,0.00029474408350478777,-0.021942182534882455,False,False
International Journal of Industrial Engineering and Management,Management Information Systems,X,0.364121012960754,246,0,0.0,0.00029526806130828213,-0.021981189990000087,False,False
Comptabilité - Contrôle - Audit,Management Information Systems,A,0.3659331337284512,167,0,0.0,0.0002973190302294973,-0.022133874087701212,False,False
The B E Journal of Economic Analysis & Policy,Economics and Econometrics,E,0.36957149361819885,512,0,0.0,0.0003020897023087985,-0.02248902611088472,False,False
European Journal of Family Business,Organizational Behavior and Human Resource Management,B,0.37124068120679826,149,0,0.0,0.0003041089382778807,-0.02263934785335282,False,False
Journal of Nonprofit & Public Sector Marketing,Sociology and Political Science,B,0.37136580417089615,260,0,0.0,0.0003042698019928821,-0.02265132333036945,False,False
Philosophy of Management,Organizational Behavior and Human Resource Management,B,0.3726678642816212,264,0,0.0,0.0003061363999931658,-0.02279028196035941,False,False
Journal of Innovation Economics & Management,Strategy and Management,B,0.37305799505910564,403,0,0.0,0.00030662511767018624,-0.022826664480237988,False,False
Accounting Finance & Governance Review/Accounting finance & governance review,Accounting,X,0.3737514243754525,43,0,0.0,0.00030750301321400946,-0.022892019292589348,False,False
Journal of Leadership Studies,Organizational Behavior and Human Resource Management,B,0.3752198668917747,461,0,0.0,0.00030973019846958574,-0.023057821790932152,False,False
Managerial Auditing Journal,Accounting,A,0.9326004907114054,429,2,0.004662004662004662,0.004974570068446626,-0.023268888456340793,False,False
Scottish Journal of Political Economy,Economics and Econometrics,E,0.3780418313027027,272,0,0.0,0.0003140366710179754,-0.02337841654423342,False,False
Journal of Business-to-Business Marketing,Organizational Behavior and Human Resource Management,B,0.3783467660347077,260,0,0.0,0.00031448277494176195,-0.02341162668914577,False,False
Journal of Research in Marketing and Entrepreneurship,Management of Technology and Innovation,B,0.3790428887967871,176,0,0.0,0.0003154605732043963,-0.02348441874558298,False,False
Asian Journal of Business Ethics,Information Systems and Management,X,0.3790631258576963,184,0,0.0,0.0003154877980114799,-0.023486445492581266,False,False
Homo Oeconomicus,Economics and Econometrics,E,0.37935193022420327,148,0,0.0,0.0003158774853448926,-0.023515455712225363,False,False
Review of Regional Studies,Economics and Econometrics,X,0.37940527740655383,189,0,0.0,0.00031594970654871395,-0.023520832209756013,False,False
Journal of Organizational Ethnography,Organizational Behavior and Human Resource Management,B,0.37974176304303486,245,0,0.0,0.0003164625758806707,-0.023559012696246273,False,False
Journal of Economics and Finance,Accounting,A,0.38105816793623526,382,0,0.0,0.00031840152438562705,-0.023703357449550874,False,False
M n gement,Organizational Behavior and Human Resource Management,B,0.38200204223030604,300,0,0.0,0.0003198123974232269,-0.023808389697718316,False,False
Risk Management and Insurance Review,Economics and Econometrics,A,0.3827558546874576,206,0,0.0,0.00032105800982478133,-0.023901119140690076,False,False
Australian Economic Papers,Economics and Econometrics,E,0.3831576644718198,315,0,0.0,0.0003217203746153421,-0.023950428795921637,False,False
Journal of Small Business Strategy,Management of Technology and Innovation,B,0.38431564088073317,153,0,0.0,0.0003235111170396743,-0.024083740368050333,False,False
New England journal of entrepreneurship,Management of Technology and Innovation,B,0.3843821303771656,90,0,0.0,0.0003236197717357496,-0.02409182915187326,False,False
Innovation & Management Review,Strategy and Management,B,0.3852287892247993,164,0,0.0,0.0003249480714182248,-0.024190714238037925,False,False
Journal of Advances in Management Research,Management Information Systems,B,0.39018564953670654,338,0,0.0,0.00033251958306355114,-0.024754374375372083,False,False
Qualitative Research in Organizations and Management An International Journal,Organizational Behavior and Human Resource Management,B,0.3911418899192991,273,0,0.0,0.0003339885723536564,-0.024863733079920104,False,False
REVESCO Revista de Estudios Cooperativos,Strategy and Management,X,0.39631215064387737,327,0,0.0,0.000342005134443366,-0.02546052493603812,False,False
Journal of the History of Economic Thought,Economics and Econometrics,E,0.3965246063567349,652,0,0.0,0.0003423405561095854,-0.02548549535559269,False,False
Current Issues in Auditing,Accounting,B,0.39759316563786473,213,0,0.0,0.0003440391208352561,-0.025611944771692246,False,False
Managerial Finance,Accounting,A,0.39888430131359665,955,0,0.0,0.0003460535442442008,-0.025761908243786456,False,False
International Journal of Game Theory,Management Science and Operations Research,E,0.3999319165584752,423,0,0.0,0.0003476938545257413,-0.025884020915849036,False,False
Portuguese Economic Journal,Economics and Econometrics,E,0.4007296467770584,150,0,0.0,0.0003489906329953462,-0.025980559409680803,False,False
Journal of Education for Business,Management of Technology and Innovation,B,0.40096186445247706,576,0,0.0,0.00034935559575541286,-0.026007729011881444,False,False
Engineering Management Journal,Management Science and Operations Research,X,0.40173815661438933,325,0,0.0,0.00035056859839174067,-0.026098030825390674,False,False
Green Finance,Economics and Econometrics,E,0.4047499339594924,151,0,0.0,0.00035519572814033675,-0.026442496859616024,False,False
International Review of Economics,Safety Research,E,0.40538390090138443,250,0,0.0,0.0003561766996929122,-0.02651552515118405,False,False
Indian Journal of Labour Economics,General Health Professions,X,0.40547904513409055,522,0,0.0,0.0003563211831255133,-0.0265262812003427,False,False
Review of Development Economics,Economics and Econometrics,X,0.4063385931918809,918,0,0.0,0.00035765509520618106,-0.02662558410071465,False,False
Journal of International Education in Business,Communication,X,0.40759661393804764,185,0,0.0,0.000359704794643511,-0.026778173691863503,False,False
Decisions in Economics and Finance,Economics and Econometrics,X,0.4079261445587258,327,0,0.0,0.0003602490873829852,-0.0268186934895807,False,False
Capital Markets Law Journal,Strategy and Management,X,0.41404041024001514,352,0,0.0,0.00036997859832438925,-0.027543005586070857,False,False
International Studies of Management and Organization,Strategy and Management,B,0.41442893519948687,231,0,0.0,0.0003705636351117881,-0.027586558568801108,False,False
Journal of Industrial Integration and Management,Industrial and Manufacturing Engineering,X,0.41996142281698334,233,0,0.0,0.00037952875503412524,-0.028253965681588285,False,False
International Hospitality Review,Sociology and Political Science,X,0.4214797307254993,144,0,0.0,0.0003818453356070521,-0.028426423201968323,False,False
Review of Regional Research,Economics and Econometrics,E,0.4223450798122498,117,0,0.0,0.0003833062189422732,-0.02853517845982601,False,False
Industry and Higher Education,Management of Technology and Innovation,X,0.422947371540219,587,0,0.0,0.0003843256400800494,-0.028611069125446913,False,False
AIS Educator Journal,Accounting,X,0.4239601628540166,46,0,0.0,0.0003860358723121015,-0.02873838712744548,False,False
The Journal of Fixed Income,Finance,E,0.4256498265214226,306,0,0.0,0.0003887414950039077,-0.028939806834562914,False,False
Public Works Management & Policy,Strategy and Management,X,0.4268410398258341,276,0,0.0,0.0003905817239003876,-0.029076802420266914,False,False
The International Journal of Entrepreneurship and Innovation,Management of Technology and Innovation,B,0.42702767329882335,364,0,0.0,0.0003908987110298319,-0.02910040048328066,False,False
Agricultural and Resource Economics Review,Economics and Econometrics,E,0.4274088915059869,288,0,0.0,0.0003914860720901486,-0.029144126496186844,False,False
Journal of Business Economics and Management,Accounting,B,0.42822935558212677,637,0,0.0,0.00039281004590849765,-0.029242689543994886,False,False
International Review of Environmental and Resource Economics,Economics and Econometrics,E,0.4290180296946012,101,0,0.0,0.00039415086454384945,-0.029342506601875144,False,False
Pacific Economic Review,"General Economics, Econometrics and Finance",E,0.4290194907427949,309,0,0.0,0.00039415335115430345,-0.029342691717246506,False,False
Operations Research Perspectives,Management Information Systems,X,0.42916648472925123,268,0,0.0,0.00039440089176459955,-0.029361119843746373,False,False
International Review on Public and Nonprofit Marketing,Marketing,B,0.43117185814786235,298,0,0.0,0.00039767534526702,-0.029604886081893534,False,False
Comparative Economic Studies,Finance,E,0.4327727158912125,286,0,0.0,0.00040026723477995833,-0.02979783893823888,False,False
South Asian Journal of Business Studies,Organizational Behavior and Human Resource Management,B,0.433099182155511,195,0,0.0,0.00040082509415501007,-0.02983936870226545,False,False
Indian Economic Review,"General Economics, Econometrics and Finance",E,0.4355046118630736,253,0,0.0,0.0004047858601377827,-0.030134227378098843,False,False
Asian Journal of Technology Innovation,Strategy and Management,B,0.435545582343316,297,0,0.0,0.000404848514841979,-0.03013889169888791,False,False
Markets Globalization & Development Review,Business and International Management,X,0.43651711607352767,200,0,0.0,0.00040642277449066277,-0.03025608724072194,False,False
Oxford Bulletin of Economics and Statistics,"General Economics, Econometrics and Finance",E,1.2058777299574879,498,5,0.010040160642570281,0.010449586494598428,-0.03047965093268939,False,False
Frontiers of Business Research in China,Accounting,B,1.0286761022124904,154,1,0.006493506493506494,0.006904628377932122,-0.030605911829967025,False,False
Environmental Economics and Policy Studies,Economics and Econometrics,E,0.4394368577119725,335,0,0.0,0.00041121435225728885,-0.030612795584907197,False,False
International Journal of Quality and Service Sciences,Organizational Behavior and Human Resource Management,B,0.4399567685267334,311,0,0.0,0.0004120299189046945,-0.030673510331184525,False,False
The B E Journal of Macroeconomics,"General Economics, Econometrics and Finance",E,0.4400402941050166,237,0,0.0,0.00041216157006773556,-0.03068331108381042,False,False
CESifo Economic Studies,Economics and Econometrics,E,0.4411926978947602,205,0,0.0,0.0004140373431933806,-0.03082295275473903,False,False
Digital Finance,Information Systems,X,0.4429110809818301,110,0,0.0,0.00041684652930467226,-0.03103208222629776,False,False
Journal of Creating Value,Marketing,B,0.44294820059841933,257,0,0.0,0.0004169071531194237,-0.03103659535780296,False,False
Journal of Healthcare Management,Economics and Econometrics,X,0.44474375019647416,558,0,0.0,0.0004199310790712929,-0.03126171110709604,False,False
Business and Society Review,Information Systems and Management,X,0.44523553414132494,279,0,0.0,0.0004207670749412148,-0.031323946704018335,False,False
Cleaner Logistics and Supply Chain,Strategy and Management,X,0.44591193005904417,188,0,0.0,0.0004219124341670528,-0.0314092128131884,False,False
World Journal of Entrepreneurship Management and Sustainable Development,Management of Technology and Innovation,B,0.4477878631681103,274,0,0.0,0.0004251256485571929,-0.03164842011409091,False,False
Accounting and the Public Interest,Accounting,B,0.44794555600587993,69,0,0.0,0.0004253893632565372,-0.031668052318413166,False,False
Risks,Demography,B,0.4540356452345062,1425,0,0.0,0.0004358879621445701,-0.0324496190607291,False,False
Gruppe Interaktion Organisation Zeitschrift für Angewandte Organisationspsychologie (GIO),Organizational Behavior and Human Resource Management,X,0.4546335140679599,472,0,0.0,0.0004369327835576376,-0.03252740064633134,False,False
Economics of Transportation,Transportation,X,0.4552602408441493,164,0,0.0,0.0004380244404297476,-0.03260866889120489,False,False
PSU Research Review,Accounting,X,0.4566627826506078,156,0,0.0,0.00044046465600051,-0.03279033040190069,False,False
Journal of Teaching in International Business,Management of Technology and Innovation,B,0.4568819845637961,172,0,0.0,0.00044085564917850726,-0.0328194378349643,False,False
Journal of Service Management Research,Marketing,B,0.45828041930055025,146,0,0.0,0.0004433357382205243,-0.03300406772071336,False,False
Journal of Advertising Education,Management of Technology and Innovation,X,0.45858027278456404,186,0,0.0,0.0004438764567986084,-0.033044321440480154,False,False
International Journal of Health Economics and Management,General Health Professions,E,0.46217428758054707,219,0,0.0,0.00045031220095442635,-0.03352342952412882,False,False
Journal of Global Scholars of Marketing Science,Marketing,B,0.46228314861066455,318,0,0.0,0.00045050014618745336,-0.033537421081009634,False,False
Scandinavian Economic History Review,Economics and Econometrics,X,0.46508245559912864,256,0,0.0,0.0004556465451594379,-0.033920544040757804,False,False
Compensation & Benefits Review,Demography,X,0.467385985166625,191,0,0.0,0.0004597135349366298,-0.03422331053227652,False,False
Journal of Chinese Economic and Business Studies,"General Economics, Econometrics and Finance",E,0.4712409379815529,248,0,0.0,0.0004666708039623717,-0.0347412434627424,False,False
Journal of Teaching in Travel & Tourism,"Tourism, Leisure and Hospitality Management",X,0.47254721354930385,264,0,0.0,0.0004690092709516553,-0.03491533031436134,False,False
Review of Law & Economics,Economics and Econometrics,E,0.47404958023600086,214,0,0.0,0.00047181129646333065,-0.0351239267160719,False,False
Journal of Real Estate Practice and Education,Economics and Econometrics,X,0.47507919175218244,60,0,0.0,0.0004737343729505925,-0.03526708987921426,False,False
Organization Management Journal,Management of Technology and Innovation,B,0.47667104385621256,197,0,0.0,0.00047667598330548985,-0.0354860776552746,False,False
Review of Radical Political Economics,Sociology and Political Science,X,0.4780408190623069,602,0,0.0,0.00047918099927977986,-0.03567256322304945,False,False
Journal of International Economic Law,Political Science and International Relations,X,0.4789682333437366,523,0,0.0,0.00048084973253413474,-0.035796791839392446,False,False
Business and Human Rights Journal,Organizational Behavior and Human Resource Management,B,0.4792646277210465,341,0,0.0,0.0004813525299596784,-0.03583422252420267,False,False
Economics of Governance,Economics and Econometrics,E,0.4805285131170579,161,0,0.0,0.0004836463537449801,-0.03600498591867511,False,False
Journal of Social Entrepreneurship,Management of Technology and Innovation,B,0.48071044224274917,309,0,0.0,0.0004839702758546059,-0.0360291002553294,False,False
Journal of International Trade & Economic Development,"General Economics, Econometrics and Finance",E,0.482571919696777,585,0,0.0,0.0004872789983832494,-0.0362754176463945,False,False
Zeitschrift für Arbeits- und Organisationspsychologie A&O,Social Psychology,X,0.48495246324209507,274,0,0.0,0.0004914980508860302,-0.03658950442649017,False,False
Africa Journal of Management,Anthropology,B,0.4854929697470177,239,0,0.0,0.0004924525901066579,-0.0366605649667618,False,False
Erasmus Journal for Philosophy and Economics,Economics and Econometrics,E,0.48724684656853356,284,0,0.0,0.0004957278763949079,-0.03690439320153487,False,False
China Economic Journal,"General Economics, Econometrics and Finance",E,0.48737789263186043,220,0,0.0,0.0004959476328367441,-0.03692075293945615,False,False
Social enterprise journal,Management of Technology and Innovation,B,0.48806558398256994,298,0,0.0,0.0004971785320372752,-0.03701238706021249,False,False
Australian Accounting Review,Accounting,B,1.0300470199021448,311,2,0.006430868167202572,0.006932755168440731,-0.03736290839871452,False,False
Review of Economics,"General Economics, Econometrics and Finance",X,0.492075701789886,137,0,0.0,0.00050440738906638,-0.03755053832202946,False,False
Extremes,Finance,X,0.49253261974542106,237,0,0.0,0.0005051678857678514,-0.0376071533937976,False,False
Journal of Strategic Contracting and Negotiation,Strategy and Management,X,0.4929810989564432,107,0,0.0,0.0005060020941902097,-0.03766925592443322,False,False
International Finance,Finance,E,0.49381394780087134,244,0,0.0,0.0005075642614765221,-0.037785551252022834,False,False
Operations and Supply Chain Management An International Journal,Management Information Systems,B,0.494276747718411,304,0,0.0,0.0005085040399958732,-0.037855512933929254,False,False
International Journal of the Economics of Business,Economics and Econometrics,A,0.496220402954359,204,0,0.0,0.0005122164817236028,-0.038131885144937976,False,False
Post-Communist Economies,Political Science and International Relations,E,0.499021270148949,410,0,0.0,0.0005172960367021189,-0.03851003191283658,False,False
Australian Economic Review,Economics and Econometrics,E,0.4998067721831007,443,0,0.0,0.0005188284398820815,-0.03862411145564521,False,False
European Journal of the History of Economic Thought,Economics and Econometrics,E,0.49994948017263846,683,0,0.0,0.0005190642833604516,-0.0386416687907765,False,False
The Review of Austrian Economics,Economics and Econometrics,E,0.5005250990021531,363,0,0.0,0.0005200142412634855,-0.038712388275493434,False,False
The International Review of Retail Distribution and Consumer Research,Marketing,B,0.5006793625372293,303,0,0.0,0.0005202684644732879,-0.038731313887189374,False,False
The Journal of Derivatives,Finance,E,0.5031988486032589,313,0,0.0,0.0005245072113384646,-0.039046866811369985,False,False
History of Economics Review,Economics and Econometrics,E,0.5067594600215248,285,0,0.0,0.0005312508011646572,-0.03954889242337617,False,False
Revista de Historia Económica / Journal of Iberian and Latin American Economic History,Economics and Econometrics,E,0.5074058783413995,202,0,0.0,0.0005324972920476531,-0.03964168726477735,False,False
Journal of Financial Therapy,Accounting,X,0.5097502060889698,178,0,0.0,0.0005376045441910332,-0.04002189594428387,False,False
Journal of Regulatory Economics,Economics and Econometrics,E,0.510029873131671,213,0,0.0,0.0005382962440832066,-0.04007338944709809,False,False
Empirica,"General Economics, Econometrics and Finance",E,0.5102736706501912,352,0,0.0,0.0005388639846445306,-0.04011565481467017,False,False
History of Political Economy,Economics and Econometrics,E,0.5108539429363866,629,0,0.0,0.0005399779305737288,-0.04019858236531619,False,False
The Annals of Regional Science,Economics and Econometrics,E,0.5111289298982421,656,0,0.0,0.0005405390319382495,-0.04024035347880042,False,False
Journal of Historical Research in Marketing,Marketing,B,0.5125712133222576,219,0,0.0,0.0005429121900064415,-0.04041702290299109,False,False
Accounting Perspectives,Accounting,B,0.5159884815471752,216,0,0.0,0.0005492208961499181,-0.04088667365937972,False,False
Business Economics,"General Economics, Econometrics and Finance",E,0.5175817403355151,432,0,0.0,0.0005518484437011723,-0.04108228107345617,False,False
International Journal of Wine Business Research,"Tourism, Leisure and Hospitality Management",B,0.5176167919759812,298,0,0.0,0.0005519053064195963,-0.04108651421066541,False,False
Measuring Business Excellence,Management Information Systems,B,0.5176934088802647,298,0,0.0,0.000552029572008866,-0.04109576514527329,False,False
Journal of Marketing Communications,Marketing,B,0.517953223704141,440,0,0.0,0.0005524644194411542,-0.04112813730223276,False,False
Sports Economics Review,Economics and Econometrics,X,0.5186281579441575,39,0,0.0,0.0005540638856970356,-0.04124720934645367,False,False
Quantitative Finance and Economics,Economics and Econometrics,E,0.5226966096099409,274,0,0.0,0.0005623593982063796,-0.041864767627983926,False,False
Public Finance Review,Economics and Econometrics,E,0.5290883080512929,282,0,0.0,0.0005758330092140922,-0.042867808736120123,False,False
Bulletin of Indonesian Economic Studies,Sociology and Political Science,E,0.5295149028544529,296,0,0.0,0.0005767832429160745,-0.042938548752651635,False,False
Baltic Journal of Management,Organizational Behavior and Human Resource Management,B,0.5296426414378127,363,0,0.0,0.0005771632259300077,-0.04296683653557414,False,False
Personnel Review,Organizational Behavior and Human Resource Management,B,0.7850978338352814,1053,2,0.001899335232668566,0.0024770201366387987,-0.04300567278513323,False,False
Journal of Environmental Economics and Policy,Economics and Econometrics,X,0.5298236010113335,255,0,0.0,0.0005777311581105596,-0.04300911616821316,False,False
Italian Economic Journal,Economics and Econometrics,E,0.5303942781341158,285,0,0.0,0.0005795217704553179,-0.04314241805658596,False,False
World Journal of Science Technology and Sustainable Development,Business and International Management,X,0.5305532948199142,185,0,0.0,0.0005800313485212581,-0.043180353525232786,False,False
Review of Behavioral Finance,Finance,A,0.5310915090980297,302,0,0.0,0.0005817730817118872,-0.04331001661173618,False,False
Journal of Hospitality Leisure Sport & Tourism Education,"Tourism, Leisure and Hospitality Management",B,0.5315010887276417,367,0,0.0,0.0005827430516495577,-0.04338222588960408,False,False
Journal of Economics and Development,Economics and Econometrics,E,0.5397644673000974,216,0,0.0,0.0006021906408184758,-0.044829998975779946,False,False
Technology Innovation Management Review,Management of Technology and Innovation,B,0.8795250333595079,590,2,0.003389830508474576,0.003992750686153809,-0.044884309246487696,False,False
Journal of Global Economic Analysis,"General Economics, Econometrics and Finance",E,1.7704520898491065,102,2,0.0196078431372549,0.020211349304881804,-0.04492793318710247,False,False
Growth and Change,Economics and Econometrics,X,0.5417210353536995,619,0,0.0,0.0006067186246767083,-0.04516708410790855,False,False
The Journal of Financial Research,Finance,A,0.542018836638988,339,0,0.0,0.0006072495683152991,-0.04520661013365661,False,False
Kyklos,Economics and Econometrics,E,0.5422463236421263,304,0,0.0,0.0006079440028293556,-0.04525830721501872,False,False
Journal of Brand Management,Marketing,B,0.9465595353433501,431,2,0.004640371229698376,0.005250880779864844,-0.04544929903172772,False,False
Annals of Public and Cooperative Economics,Accounting,E,0.5434263888901099,379,0,0.0,0.000612241348928692,-0.04557822255108236,False,False
Journal of Agribusiness in Developing and Emerging Economies,General Agricultural and Biological Sciences,X,0.5448466543314062,433,0,0.0,0.0006173195665265924,-0.045956269757865986,False,False
Management Research The Journal of the Iberoamerican Academy of Management,Strategy and Management,B,0.5449180152168661,218,0,0.0,0.00061756329071722,-0.045974413771531414,False,False
Marketing Education Review,Management of Technology and Innovation,X,0.8811643463579215,294,1,0.003401360544217687,0.004020937966102458,-0.0461243554877555,False,False
Journal of Institutional and Theoretical Economics JITE,Economics and Econometrics,E,0.5466589950277266,363,0,0.0,0.0006216154380220486,-0.04627607531724769,False,False
Journal of Workplace Learning,Human Factors and Ergonomics,X,0.5504750151095813,426,0,0.0,0.000632472809513307,-0.04708435083639429,False,False
Journal of Asian Economics,"General Economics, Econometrics and Finance",E,0.5515887673758949,616,0,0.0,0.0006367161800426486,-0.04740024796861422,False,False
Ecological Economics,Economics and Econometrics,E,1.1255259107487174,3043,25,0.00821557673348669,0.008860249588279702,-0.04799258152003669,False,False
Journal of Revenue and Pricing Management,Marketing,A,0.5546392319419529,538,0,0.0,0.0006450626952605106,-0.04802160313972668,False,False
Journal of International Accounting Research,Accounting,B,0.5553791209882373,291,0,0.0,0.0006476483186131003,-0.04821408951263146,False,False
International Journal of Political Economy,"General Economics, Econometrics and Finance",E,0.5555399008143768,228,0,0.0,0.0006481191264017189,-0.048249138733344805,False,False
International Journal of Lean Six Sigma,Management Information Systems,B,0.556500441397706,455,0,0.0,0.0006500975116817062,-0.048396419351912676,False,False
Manchester School,"General Economics, Econometrics and Finance",E,0.5567936076785285,357,0,0.0,0.0006510812726343685,-0.048469655299984406,False,False
Agribusiness,Economics and Econometrics,E,0.5570625235803226,561,0,0.0,0.0006518672041327016,-0.04852816386168742,False,False
The Journal of Computational Finance,Finance,E,0.557587480170847,167,0,0.0,0.0006538388028512135,-0.048674939255624806,False,False
Innovation and Development,Business and International Management,X,0.562998827654174,253,0,0.0,0.000669917021728715,-0.04987188003642321,False,False
Journal of European real estate research,Economics and Econometrics,A,0.5637875346393039,213,0,0.0,0.0006732946399378227,-0.050123326356892546,False,False
Entrepreneurship Research Journal,Management of Technology and Innovation,B,0.5641215791927559,292,0,0.0,0.0006740400699324707,-0.05017881978975488,False,False
Business History,Economics and Econometrics,B,0.5651451629135525,1011,0,0.0,0.0006777799675475007,-0.05045723595049666,False,False
International Journal of Management Science and Engineering Management,Management Information Systems,X,0.5655373884699993,272,0,0.0,0.0006786683028007648,-0.05052336794557359,False,False
Journal of Real Estate Literature,Economics and Econometrics,X,0.5672372592793601,150,0,0.0,0.0006840068047735102,-0.05092079198664652,False,False
Journal of Asian Business and Economic Studies,Accounting,B,0.5677782431854386,134,0,0.0,0.0006853073163461038,-0.05101760839081401,False,False
Financial markets and portfolio management,Finance,A,0.5712723115540794,212,0,0.0,0.0007025067874368341,-0.05229802063756266,False,False
Review of Political Economy,"General Economics, Econometrics and Finance",E,0.7651937459405975,660,1,0.0015151515151515152,0.0022217449931145727,-0.052602253748618516,False,False
Social and Environmental Accountability Journal,Strategy and Management,B,0.5726359601262425,279,0,0.0,0.0007083462361632267,-0.05273273759043243,False,False
Atlantic Economic Journal,"General Economics, Econometrics and Finance",E,0.5744439929545516,366,0,0.0,0.0007175857628333616,-0.05342057287561033,False,False
International Journal of Fashion Design Technology and Education,Museology,X,0.5756665301901999,394,0,0.0,0.0007213670661274765,-0.0537020714764054,False,False
International Review of Applied Economics,"General Economics, Econometrics and Finance",E,0.5762796934539146,479,0,0.0,0.000724593662610453,-0.053942275005358434,False,False
Australian Journal of Agricultural and Resource Economics,Economics and Econometrics,E,0.5771462322459466,482,0,0.0,0.0007278391610108723,-0.054183885684941466,False,False
BRQ Business Research Quarterly,Accounting,B,0.9120710557233754,261,1,0.0038314176245210726,0.004577478050646837,-0.055540365246509835,False,False
Journal of Food Products Marketing,Plant Science,B,0.5840504363550617,335,0,0.0,0.0007532396035020303,-0.056074818113441664,False,False
Japan and the World Economy,"General Economics, Econometrics and Finance",E,0.5842998449511723,265,0,0.0,0.0007539470429147763,-0.0561274833426882,False,False
Journal of Personnel Psychology,Organizational Behavior and Human Resource Management,X,0.586854818554772,244,0,0.0,0.0007646092045722402,-0.056921226492754516,False,False
Accounting History Review,Management Information Systems,B,0.587971036132065,156,0,0.0,0.000768131028220982,-0.057183408167234516,False,False
Decyzje,Strategy and Management,X,0.5881542706442209,135,0,0.0,0.0007692275149366405,-0.05726503596914309,False,False
The B E Journal of Theoretical Economics,Economics and Econometrics,E,0.589514768023693,280,0,0.0,0.0007753220471539902,-0.057718742577220386,False,False
Economia Politica,Economics and Econometrics,E,0.5896903302980613,345,0,0.0,0.0007758491813284789,-0.05775798500794019,False,False
Accounting Historians Journal,Management Information Systems,B,0.589980886637615,215,0,0.0,0.0007767232669272201,-0.05782305618945681,False,False
De Economist,Law,E,0.5936634374336461,182,0,0.0,0.0007941771841904451,-0.0591224106463282,False,False
International Journal of Engineering Business Management,Management Information Systems,B,0.5943396517966518,287,0,0.0,0.0007982932885305126,-0.05942883346468789,False,False
Macroeconomic Dynamics,"General Economics, Econometrics and Finance",E,0.5947642698188602,790,0,0.0,0.0008005879249989849,-0.05959965735924658,False,False
Margin The Journal of Applied Economic Research,"General Economics, Econometrics and Finance",E,0.5961823935437471,172,0,0.0,0.0008085283790975944,-0.06019078336649251,False,False
ACM Transactions on Management Information Systems,Management Information Systems,X,0.5997177207993865,253,0,0.0,0.0008261735681647626,-0.061504377026356506,False,False
Metroeconomica,Economics and Econometrics,E,0.6015867155338512,368,0,0.0,0.0008361390740893616,-0.062246257736733694,False,False
Venture Capital,Accounting,B,0.6017140170188777,259,0,0.0,0.0008365746834391228,-0.06227868661453407,False,False
International Economics and Economic Policy,"General Economics, Econometrics and Finance",E,0.6023415971698077,315,0,0.0,0.0008393723279420018,-0.06248695687265067,False,False
Journal of Management History,Organizational Behavior and Human Resource Management,B,0.6035246241630211,313,0,0.0,0.0008443432417611684,-0.06285701586446603,False,False
Economic Theory Bulletin,Economics and Econometrics,E,0.605075338639209,214,0,0.0,0.0008524671494320921,-0.06346179904753217,False,False
Journal of Economics,Economics and Econometrics,E,0.6051790204806327,452,0,0.0,0.000853169059666577,-0.06351405265786773,False,False
Journal of Hospitality & Tourism Education,"Tourism, Leisure and Hospitality Management",X,0.6069213664347975,286,0,0.0,0.000862144866908084,-0.0641822553866525,False,False
European Journal of Law and Economics,Economics and Econometrics,E,0.6076567246575244,333,0,0.0,0.0008663526998726065,-0.06449550692977414,False,False
Health Policy,Economics and Econometrics,X,0.6083969024235658,1600,0,0.0,0.0008693424191806229,-0.0647180761701962,False,False
IZA Journal of Labor Policy,Economics and Econometrics,E,0.6093644585996061,127,0,0.0,0.000873967148706791,-0.06506236352019484,False,False
Economics and Politics,Economics and Econometrics,E,0.6146976763255099,251,0,0.0,0.0009006740057292325,-0.06705055179780585,False,False
Chinese Economy,"General Economics, Econometrics and Finance",E,0.6150644276495046,354,0,0.0,0.0009025290555627087,-0.06718865072611488,False,False
Journal of Accounting & Organizational Change,Management Information Systems,B,0.61811737751728,355,0,0.0,0.0009169665557813603,-0.06826344843325839,False,False
European journal of training and development,Organizational Behavior and Human Resource Management,B,0.618950405467062,504,0,0.0,0.0009219108554033394,-0.06863152613484473,False,False
International Transactions in Operational Research,Industrial and Manufacturing Engineering,B,0.6195290684526792,1364,0,0.0,0.000925789280937046,-0.06892025498733467,False,False
Low Carbon Economy,Economics and Econometrics,X,0.6209920067187141,78,0,0.0,0.0009365476773120306,-0.06972116231763804,False,False
Asian Development Review,"General Economics, Econometrics and Finance",E,0.6221557049679732,189,0,0.0,0.0009424402344377846,-0.07015983291795364,False,False
Journal of Fashion Marketing and Management,Marketing,B,0.8383888367641845,433,1,0.0023094688221709007,0.0032980218511465807,-0.07359269353015858,False,False
Business and Politics,Strategy and Management,X,0.6303461497743871,293,0,0.0,0.0009956904313539452,-0.07412403646314152,False,False
Corporate Communications An International Journal,Communication,X,0.6324314097725557,485,0,0.0,0.0010070986486772485,-0.07497331962407547,False,False
Annals of Finance,Finance,E,0.6327928953149876,183,0,0.0,0.001008727537843471,-0.07509458205278768,False,False
ACRN Journal of Finance and Risk Perspectives,Finance,X,0.6364035889104541,57,0,0.0,0.001033097041162381,-0.0769087663571836,False,False
Journal of Global Fashion Marketing,Marketing,B,0.9240338869476469,267,1,0.003745318352059925,0.004807039733906795,-0.07903970144083731,False,False
Family and Consumer Sciences Research Journal,Conservation,X,0.6463984073648632,363,0,0.0,0.00109142533323104,-0.08125100799372409,False,False
Journal of Business Cycle Research,"General Economics, Econometrics and Finance",X,0.6557970422116067,102,0,0.0,0.0011495980649344397,-0.08558166896038605,False,False
Journal of Behavioral Finance,Finance,A,0.6563853248922439,363,0,0.0,0.00115391849918489,-0.08590330309066639,False,False
Journal of Marketing Education,Management of Technology and Innovation,B,1.1798984912585566,228,2,0.008771929824561403,0.009936233991885115,-0.08667646271897507,False,False
Journal of Policy Modeling,"General Economics, Econometrics and Finance",E,1.014508971323105,739,4,0.005412719891745603,0.006614133587564908,-0.08943907643576746,False,False
World Trade Review,Political Science and International Relations,X,0.6632003813820956,523,0,0.0,0.0012018702513938776,-0.08947306465237716,False,False
International Journal of Theoretical and Applied Finance,Finance,E,0.6634575609998481,444,0,0.0,0.0012038141686837231,-0.08961777930618568,False,False
Public Budgeting &amp Finance,Political Science and International Relations,X,0.665093377501782,236,0,0.0,0.0012156101211170205,-0.09049592735376132,False,False
German Economic Review,Economics and Econometrics,E,0.6654198034068837,238,0,0.0,0.00121858647633916,-0.09071750170665846,False,False
Journal of Globalization and Development,Finance,X,0.6687393669300946,111,0,0.0,0.0012426602825180559,-0.09250967287835947,False,False
International Tax and Public Finance,Economics and Econometrics,A,0.8376431056297459,490,1,0.0020408163265306124,0.0032856320035606675,-0.09267013092472498,False,False
Eastern Economic Journal,"General Economics, Econometrics and Finance",E,0.6704104748167027,424,0,0.0,0.001255517918118553,-0.09346685778249184,False,False
INFORMS Journal on Applied Analytics,Management Information Systems,B,0.6722798864865421,258,0,0.0,0.001273056289941926,-0.0947724994474138,False,False
Oxford Economic Papers,Economics and Econometrics,E,0.6725312384334545,616,0,0.0,0.0012754300801962636,-0.09494921593461465,False,False
Customer Needs and Solutions,Marketing,X,0.6763364675841959,114,0,0.0,0.0013107663087423304,-0.09757981658190305,False,False
Applied Mathematical Finance,Finance,E,0.6764570041268649,154,0,0.0,0.0013119339895131391,-0.0976667444154015,False,False
Journal of Management Science and Engineering,Economics and Econometrics,X,0.6891345413233693,207,0,0.0,0.001417665575164888,-0.10553791768709686,False,False
Foundations and Trends® in Technology Information and Operations Management,Management Information Systems,X,0.6900208806988182,92,0,0.0,0.0014245927674908206,-0.10605361156180489,False,False
International Review of Law and Economics,Economics and Econometrics,E,0.693116594535993,395,0,0.0,0.0014499303462475947,-0.10793986410829262,False,False
Journal of Agricultural & Food Industrial Organization,Economics and Econometrics,E,0.6942938527358363,146,0,0.0,0.0014621197709983387,-0.10884730414812532,False,False
ZFW – Advances in Economic Geography,Economics and Econometrics,E,0.6943379693919444,63,0,0.0,0.0014624181726593582,-0.10886951861851246,False,False
"Intelligent systems in accounting, finance and management/Intelligent systems in accounting, finance & management",Management Science and Operations Research,X,0.6967039349928157,151,0,0.0,0.0014831277775079912,-0.11041124228743426,False,False
Journal of Work and Organizational Psychology,Organizational Behavior and Human Resource Management,X,0.6990853672401721,208,0,0.0,0.0015023012165453758,-0.1118386063049817,False,False
Journal of Agricultural and Applied Economics,Economics and Econometrics,E,0.69964988964449,346,0,0.0,0.0015083823538133954,-0.11229131572790858,False,False
Journal of Consumer Policy,Law,X,0.7006604805716742,287,0,0.0,0.0015193103976859949,-0.11310485244271047,False,False
Accounting History,Management Information Systems,B,0.7069550291899801,403,0,0.0,0.0015682987601105933,-0.11675178430856438,False,False
The Geneva Papers on Risk and Insurance Issues and Practice,Economics and Econometrics,A,0.7105788083707881,338,0,0.0,0.0016070613476394343,-0.1196374597764771,False,False
Review of Network Economics,Strategy and Management,E,0.7115096268661234,127,0,0.0,0.0016176093277934375,-0.12042270270030903,False,False
FinanzArchiv Public Finance Analysis,Economics and Econometrics,E,0.7144185812123406,190,0,0.0,0.00164857579678805,-0.12272799720210528,False,False
Regional Studies,Economics and Econometrics,X,1.169379398716257,1733,14,0.008078476630121177,0.00972775477554476,-0.12278028344914627,False,False
Applied Psychology,Organizational Behavior and Human Resource Management,X,1.1539513397511607,518,4,0.007722007722007722,0.00942237845585607,-0.12658386412857864,False,False
SERIEs,Economics and Econometrics,E,0.7199040912819727,177,0,0.0,0.0017079958402554723,-0.12715151412054293,False,False
Management & Organizational History,Organizational Behavior and Human Resource Management,B,0.7213850866741651,181,0,0.0,0.0017212629314553307,-0.1281391808901441,False,False
Spatial Economic Analysis,Economics and Econometrics,E,0.7232317217447595,306,0,0.0,0.0017423125434751238,-0.1297062163459016,False,False
Journal of Engineering and Technology Management,Strategy and Management,B,0.7267373838464164,280,0,0.0,0.0017777394700535533,-0.13234356899566616,False,False
Journal of Participation and Employee Ownership,Strategy and Management,X,0.7290466274846558,76,0,0.0,0.001804381735618225,-0.13432694877113618,False,False
European Journal of Marketing,Marketing,B,1.3436729615150982,1148,13,0.01132404181184669,0.013130943921870133,-0.13451457769517744,False,False
Advances in Accounting,Accounting,A,0.7347764064929518,327,0,0.0,0.0018674286320254998,-0.13902046625510556,False,False
Journal of Financial Services Research,Finance,A,1.0066840143195992,218,1,0.0045871559633027525,0.00646152822790453,-0.13953738402197688,False,False
Human Performance,Organizational Behavior and Human Resource Management,B,0.7357424693364428,175,0,0.0,0.0018761043371844106,-0.13966632792585407,False,False
Journal of Humanitarian Logistics and Supply Chain Management,Organizational Behavior and Human Resource Management,B,0.7369899359688747,241,0,0.0,0.001892134521489144,-0.14085969277952567,False,False
Econometric Reviews,"General Economics, Econometrics and Finance",E,0.9276351560248838,670,2,0.0029850746268656717,0.004879928368474431,-0.1410621247452759,False,False
Accounting Horizons,Accounting,B,1.5994879984431165,509,8,0.015717092337917484,0.01761331794753593,-0.14116425326953466,False,False
Journal of Asian Finance Economics and Business,Accounting,X,0.7385173237079257,1815,0,0.0,0.0019072788224916866,-0.14198710817327895,False,False
Accounting in Europe,Accounting,A,1.0325251886095967,197,1,0.005076142131979695,0.006984126446097912,-0.14203962839985004,False,False
World Economy,"General Economics, Econometrics and Finance",E,0.9561999919394111,1413,5,0.003538570417551309,0.00544683463146655,-0.14206046550153076,False,False
Humanistic Management Journal,Organizational Behavior and Human Resource Management,X,0.7387617728852806,193,0,0.0,0.001909376066217755,-0.1421432371924278,False,False
Journal of Pensions Economics and Finance,Accounting,A,0.93618325559529,320,1,0.003125,0.005043067703042082,-0.14279028489380494,False,False
International Environmental Agreements Politics Law and Economics,Economics and Econometrics,E,0.7405874089644774,371,0,0.0,0.0019308319966966515,-0.14374052096968146,False,False
Behavioral Research in Accounting,Accounting,B,0.742079159242539,184,0,0.0,0.0019459514452660435,-0.14486608622748579,False,False
Journal of Co-operative Organization and Management,Strategy and Management,B,0.7463428270621002,148,0,0.0,0.0019904054855595004,-0.14817546110936092,False,False
China & World Economy,"General Economics, Econometrics and Finance",E,0.7551535762585517,434,0,0.0,0.0020962509103094064,-0.1560551091169752,False,False
The Journal of Retirement,Accounting,B,0.7555062356302386,342,0,0.0,0.0020995361789131264,-0.15629968048384293,False,False
Management International Review,Strategy and Management,B,0.9477799325883747,322,1,0.003105590062111801,0.005275936590728935,-0.1615711471748408,False,False
Intereconomics,Finance,E,0.764519462244846,707,0,0.0,0.0022128618082424088,-0.16473619128689404,False,False
Open Economies Review,"General Economics, Econometrics and Finance",E,1.027957175867547,430,2,0.004651162790697674,0.006889712151246257,-0.16664849756586725,False,False
Personnel Psychology,Organizational Behavior and Human Resource Management,B,1.6827648815517087,482,8,0.016597510373443983,0.018913591900504092,-0.17242036897950724,False,False
Journal of Air Transport Management,"General Economics, Econometrics and Finance",B,0.8297743043090806,1239,1,0.0008071025020177562,0.0031479542460649216,-0.17426438435751168,False,False
Journal of Promotion Management,Marketing,X,0.781979021618321,494,0,0.0,0.002442521722467003,-0.18183319184052735,False,False
Land Economics,Economics and Econometrics,E,0.9071191774184619,495,1,0.00202020202020202,0.0044850458060582184,-0.18349495476250635,False,False
Journal of Social Marketing,Marketing,B,0.7868579709690917,257,0,0.0,0.0025019588263154517,-0.18625797881667114,False,False
Journal of Global Marketing,Marketing,B,0.7874022844489258,261,0,0.0,0.0025104260442892832,-0.18688831968775918,False,False
The Accounting Review,Accounting,A,3.8793282805493607,1111,42,0.037803780378037805,0.040326434864658575,-0.18779866438599438,False,False
European Management Review,Strategy and Management,B,0.9106638708389612,508,1,0.001968503937007874,0.0045541272227431,-0.19248636792780027,False,False
Social Choice and Welfare,Economics and Econometrics,E,0.793187764718383,667,0,0.0,0.0025937687619494313,-0.19309275677808818,False,False
Journal of Management Analytics,Management Information Systems,B,0.7932053022241814,237,0,0.0,0.00259404799991636,-0.193113544609919,False,False
Service Science,Marketing,B,0.7935269593670303,301,0,0.0,0.0025991731643179674,-0.19349508676501206,False,False
Journal of Occupational and Organizational Psychology,Organizational Behavior and Human Resource Management,B,0.930287766242645,430,1,0.002325581395348837,0.004930832784882691,-0.19394757940062063,False,False
Journal of Managerial Psychology,Organizational Behavior and Human Resource Management,B,0.7940519495220434,526,0,0.0,0.0026075529490904217,-0.19411891868351513,False,False
Journal of Human Capital,Economics and Econometrics,E,0.7951729586944634,180,0,0.0,0.002625507431831715,-0.1954555376681756,False,False
International journal of information systems and project management,Management Information Systems,B,1.0903167587561962,181,1,0.0055248618784530384,0.00815465249099117,-0.19577439846352232,False,False
Journal of Government and Economics,Economics and Econometrics,X,0.7989457039693962,90,0,0.0,0.0026787335413945863,-0.19941794803367904,False,False
Journal of Mathematical Economics,Economics and Econometrics,E,0.8769277262729089,803,1,0.0012453300124533001,0.003944558027016618,-0.20094365625444222,False,False
Local Economy The Journal of the Local Economy Policy Unit,Finance,E,0.801310828286427,502,0,0.0,0.002706372887324615,-0.20147555531905684,False,False
Financial History Review,Economics and Econometrics,X,0.8014221372507558,186,0,0.0,0.0027081956753202043,-0.201611252519306,False,False
Econometrics and Statistics,Finance,E,0.8078130737641895,405,0,0.0,0.002809450783667451,-0.20914917505714212,False,False
Constitutional Political Economy,Economics and Econometrics,X,0.8122053355193011,267,0,0.0,0.0028775514818421655,-0.21421892211477303,False,False
Scandinavian Journal of Economics,Economics and Econometrics,E,1.0685332187132979,414,2,0.004830917874396135,0.007719140273085655,-0.21501331704373997,False,False
The Journal of Financial Data Science,Management Science and Operations Research,X,0.8176906247127464,224,0,0.0,0.0029509678835969383,-0.21968439599028622,False,False
Journal of Information Systems,Information Systems and Management,X,0.9382408030945643,477,1,0.0020964360587002098,0.005085080089892505,-0.22248919158759997,False,False
Organizational Behavior Teaching Review,Management of Technology and Innovation,X,0.8206252077175382,437,0,0.0,0.0029990447238050603,-0.2232634697107935,False,False
Journal of Wine Economics,"Tourism, Leisure and Hospitality Management",B,0.8212201646875009,413,0,0.0,0.0030093538313662334,-0.22403092979748707,False,False
Review of Derivatives Research,Finance,E,0.8216205091078509,97,0,0.0,0.0030162989837808217,-0.22454796070851127,False,False
Decision Sciences Journal of Innovative Education,Management of Technology and Innovation,X,0.8240936081970304,237,0,0.0,0.0030586742480392796,-0.2277025813959452,False,False
International Regional Science Review,Economics and Econometrics,X,0.8242733555511687,220,0,0.0,0.003060941455739476,-0.22787136335964284,False,False
Queueing Systems,Management Information Systems,X,0.8264345258117869,457,0,0.0,0.003094342436346817,-0.23035789474176793,False,False
Journal of Marketing for HIGHER EDUCATION,Management of Technology and Innovation,B,0.827816776664772,251,0,0.0,0.0031149498849560885,-0.23189201340357815,False,False
Contemporary Economic Policy,Economics and Econometrics,E,0.9587310974552261,426,1,0.002347417840375587,0.00549438818112412,-0.23427577180677794,False,False
International Journal of Auditing,Accounting,A,0.830365609094817,301,0,0.0,0.0031560902513885283,-0.23495470229313437,False,False
Cross Cultural & Strategic Management,Strategy and Management,B,0.8304976480641222,309,0,0.0,0.0031584269830117495,-0.23512865995566679,False,False
The European Journal of Health Economics,Economics and Econometrics,E,0.832403053350115,964,0,0.0,0.003192211815471323,-0.2376437671358465,False,False
The Journal of Index Investing,Finance,X,0.8341623858995774,235,0,0.0,0.0032235100082694695,-0.23997375677032112,False,False
Journal of Current Issues & Research in Advertising,Marketing,B,1.078968561420678,214,1,0.004672897196261682,0.007928829512507155,-0.2423874310037518,False,False
Journal of the Association for Consumer Research,Marketing,B,0.8436475947766248,428,0,0.0,0.0033796533745868314,-0.2515978280819711,False,False
Journal of Accounting Auditing & Finance,Accounting,A,0.9931488150065143,366,1,0.00273224043715847,0.006184043193379922,-0.2569689788198621,False,False
European Review of Agricultural Economics,General Agricultural and Biological Sciences,E,0.9769305230166118,416,1,0.002403846153846154,0.005856314461744738,-0.25701852572242373,False,False
Journal of International Entrepreneurship,Strategy and Management,B,0.8482652606773805,230,0,0.0,0.003455670236306048,-0.2572568928399067,False,False
Applied Health Economics and Health Policy,Economics and Econometrics,E,0.8490622623972387,704,0,0.0,0.003467217993422492,-0.25811656402144334,False,False
The World Bank Economic Review,Economics and Econometrics,E,0.972866321871881,439,1,0.002277904328018223,0.00577265054825875,-0.26016589905989596,False,False
Naval Research Logistics (NRL),Management Information Systems,X,0.8533262678278828,526,0,0.0,0.003543807639274201,-0.2638182696149092,False,False
Tijdschrift voor Economische en Sociale Geografie,Economics and Econometrics,E,0.8547749527015978,568,0,0.0,0.00356813605571856,-0.26562939521261125,False,False
Review of Evolutionary Political Economy,"General Economics, Econometrics and Finance",X,0.862534337676402,126,0,0.0,0.0036973778054916694,-0.27525077940098325,False,False
Journal of Futures Markets,Finance,A,0.8637102095034385,826,0,0.0,0.0037192260034745045,-0.276877265478319,False,False
American Law and Economics Review,Economics and Econometrics,E,0.8640871901246566,141,0,0.0,0.003726235077427484,-0.27739905501942874,False,False
Accounting Education,Accounting,B,1.0174096548727858,341,1,0.002932551319648094,0.00667294992147125,-0.27845345663432003,False,False
Journal of Property Investment and Finance,Economics and Econometrics,A,0.865971556869546,421,0,0.0,0.0037556997957366284,-0.2795925518991299,False,False
Financial Planning Review,Accounting,X,0.8687582822417437,151,0,0.0,0.0038017014667556443,-0.2830171399363397,False,False
Journal of Time Series Econometrics,"General Economics, Econometrics and Finance",E,0.8699878187681037,76,0,0.0,0.003820744463777197,-0.284434793216058,False,False
Research-Technology Management,Strategy and Management,B,1.186686246984165,806,5,0.00620347394540943,0.010070852504497524,-0.28790646199221576,False,False
Asian Economic Papers,"General Economics, Econometrics and Finance",E,0.963658011920648,587,1,0.0017035775127768314,0.005587144439153089,-0.289111602756213,False,False
Journal of Organization Design,Strategy and Management,B,1.3979963114338398,195,2,0.010256410256410256,0.014147789555890723,-0.28969319379154373,False,False
Journal of Industry Competition and Trade,Economics and Econometrics,E,1.0894890668849408,236,1,0.00423728813559322,0.008137832804248563,-0.29037550843224263,False,False
Frontiers of Mathematical Finance,Finance,X,0.8794482879440282,57,0,0.0,0.003991581956158228,-0.29715276671039376,False,False
The Economic History Review,Economics and Econometrics,E,0.8842537389923287,1256,0,0.0,0.004077379152670219,-0.30353992713940614,False,False
Mathematics and Financial Economics,Finance,E,0.8863815115144537,204,0,0.0,0.00411302980091299,-0.306193934717533,False,False
Economic Notes,Finance,E,0.8889618734679554,190,0,0.0,0.004161762050161786,-0.3098218002734334,False,False
Journal of the Japanese and International Economies,"General Economics, Econometrics and Finance",E,1.072249019177696,280,1,0.0035714285714285713,0.0077933243048740695,-0.314298444009302,False,False
Journal of Economic Policy Reform,Economics and Econometrics,E,0.8991524523303792,239,0,0.0,0.004336107541850428,-0.32280092629108553,False,False
Economica,"General Economics, Econometrics and Finance",E,1.0287000797405974,397,1,0.0025188916876574307,0.006905125837272741,-0.3265325946738833,False,False
Journal of Business Finance &amp Accounting,Accounting,A,1.4466843222022165,567,6,0.010582010582010581,0.015028725126724594,-0.3310350493228702,False,False
Journal of Leadership & Organizational Studies,Organizational Behavior and Human Resource Management,B,0.9165568235452181,295,0,0.0,0.004663330234103089,-0.34716097436257437,False,False
Journal of Competitiveness,Strategy and Management,B,0.9176411071950364,358,0,0.0,0.004683204451931116,-0.348640507760277,False,False
The Journal of Investment Strategies,Finance,A,0.9190176614579836,113,0,0.0,0.004710856223593071,-0.35069904007754965,False,False
Journal of Regional Science,Economics and Econometrics,E,1.0190650041007219,504,1,0.001984126984126984,0.006707340406775089,-0.3516189700522629,False,False
Review of Social Economy,Economics and Econometrics,E,0.9204775248580978,266,0,0.0,0.004740199226638624,-0.3528834758812854,False,False
Journal of Housing Research,Economics and Econometrics,X,0.9283293222382463,153,0,0.0,0.004893998230776661,-0.3643330214747091,False,False
Quantitative Finance,Finance,E,1.0539097803475488,1210,3,0.0024793388429752068,0.007420349458432127,-0.3678328519506535,False,False
Contemporary Accounting Research,Accounting,A,2.771134301950485,788,21,0.0266497461928934,0.03162750816954554,-0.37056880195230246,False,False
Journal of Post Keynesian Economics,"General Economics, Econometrics and Finance",E,0.933750157787731,355,0,0.0,0.004997975650649382,-0.37207360611757706,False,False
Journal of Productivity Analysis,Management Science and Operations Research,A,0.9345039213447166,305,0,0.0,0.005012740464071967,-0.37317277061092163,False,False
Canadian Journal of Economics/Revue canadienne d économique,"General Economics, Econometrics and Finance",E,1.0274452179351532,564,1,0.0017730496453900709,0.0068790892023239516,-0.3801184086762292,False,False
Economic Systems Research,Environmental Engineering,E,0.9397096852890585,283,0,0.0,0.005114010369370302,-0.38071179470573513,False,False
Journal of Property Research,Economics and Econometrics,X,0.9431780567182487,166,0,0.0,0.005182332965221186,-0.3857980609051812,False,False
Economics and Philosophy,Economics and Econometrics,E,0.9462764192919244,377,0,0.0,0.005245070231264501,-0.39046852799952586,False,False
Qualitative Research in Accounting & Management,Management Information Systems,B,0.9469621337416168,249,0,0.0,0.005259144863087097,-0.3915163120191079,False,False
Journal of Public Finance and Public Choice,Economics and Econometrics,E,0.9487450915031106,93,0,0.0,0.005295762568316247,-0.39424231202084664,False,False
Finance and Society,Finance,X,1.215714353704139,187,1,0.0053475935828877,0.010645119204092817,-0.3943735622493372,False,False
Social Marketing Quarterly,Marketing,B,0.9548781573188124,215,0,0.0,0.0054206820905182,-0.40354192857542637,False,False
European Journal of Political Economy,Economics and Econometrics,E,1.196248382772834,849,4,0.004711425206124852,0.010259803454065596,-0.41304825135500817,False,False
Strategic Organization,Strategy and Management,B,2.4800688633163515,345,8,0.02318840579710145,0.028737632024450455,-0.4131113790647849,False,False
International Journal of Electronic Commerce,Sociology and Political Science,B,1.175019502293631,234,1,0.004273504273504274,0.009839300530207878,-0.41434493260853594,False,False
Journal of Cultural Economy,Finance,E,0.9635545832798051,640,0,0.0,0.005585126004036778,-0.4157839329755467,False,False
International Journal of Advertising,Marketing,B,1.5214794983347377,656,7,0.010670731707317074,0.01632683856152399,-0.4210680925501664,False,False
Management Communication Quarterly,Organizational Behavior and Human Resource Management,B,0.9680946159088867,328,0,0.0,0.005675677429999936,-0.42252502135856507,False,False
International Journal of Gender and Entrepreneurship,Management of Technology and Innovation,B,0.9748986630681253,217,0,0.0,0.005814995158506094,-0.4328965103902615,False,False
European Journal of Work and Organizational Psychology,Organizational Behavior and Human Resource Management,B,1.2210877866534102,615,3,0.004878048780487805,0.010752114029376245,-0.4372939750996774,False,False
Review of Income and Wealth,Sociology and Political Science,E,0.9919104734772688,487,0,0.0,0.006158211044433147,-0.4584471695530618,False,False
Cliometrica,Economics and Econometrics,E,0.9920005847222956,172,0,0.0,0.006160091230952303,-0.45858713977846,False,False
American Economic Review,Economics and Econometrics,E,17.870697985759488,2302,169,0.07341442224152911,0.07960595429255352,-0.4609277472806197,False,False
Journal of Macroeconomics,"General Economics, Econometrics and Finance",E,0.9996808485230279,670,0,0.0,0.0063169921012978325,-0.4702676033727279,False,False
Triple Helix Journal,Management of Technology and Innovation,B,1.0010644435127032,119,0,0.0,0.006345266365070399,-0.47237247702908747,False,False
Human Resource Development Review,Applied Psychology,B,1.4460370336746033,231,2,0.008658008658008658,0.015017188382474463,-0.47340825514513046,False,False
Cornell Hospitality Quarterly,Organizational Behavior and Human Resource Management,B,1.0077746332964355,377,0,0.0,0.006483262579424265,-0.48264558612247527,False,False
International Journal of Selection and Assessment,Clinical Psychology,B,1.0080901629311276,385,0,0.0,0.006489491531511468,-0.4831092995991742,False,False
Journal of Economic Surveys,"General Economics, Econometrics and Finance",E,1.88653511287421,523,8,0.015296367112810707,0.021805282515368667,-0.48455530699300614,False,False
The Journal of Risk,Finance,E,1.0092745025247656,230,0,0.0,0.006512364976254952,-0.48481211002982,False,False
Resource and Energy Economics,Economics and Econometrics,E,1.0114580160084274,395,0,0.0,0.006554180686575174,-0.48792507480170544,False,False
Forum for Health Economics & Policy,Economics and Econometrics,X,1.0122518977572752,69,0,0.0,0.0065692775811733075,-0.48904896103223855,False,False
Papers of the Regional Science Association,Economics and Econometrics,E,1.0126724806875824,698,0,0.0,0.006577277700782202,-0.48964452883014614,False,False
The American Economist,Economics and Econometrics,E,1.0154780845571978,324,0,0.0,0.0066328845862205655,-0.4937841757264512,False,False
Journal of Financial Econometrics,Finance,E,1.1766217659205298,310,1,0.0032258064516129032,0.009871122307205233,-0.49470961985564993,False,False
Public Choice,Political Science and International Relations,X,1.020965766629432,1000,0,0.0,0.006745998870648885,-0.5022049529875781,False,False
Industrial and Corporate Change,Economics and Econometrics,A,1.430090505332592,630,5,0.007936507936507936,0.014731484750190458,-0.5058511091833128,False,False
Journal of Economics & Management Strategy,Economics and Econometrics,A,1.2335416323395239,482,2,0.004149377593360996,0.010996980889552657,-0.5097688803957265,False,False
Critical Perspectives on Accounting,Management Information Systems,A,1.8159123514930895,503,7,0.013916500994035786,0.020851522034741308,-0.5162766822966244,False,False
Journal of Governmental & Nonprofit Accounting,Accounting,X,1.0357437787813764,62,0,0.0,0.007050822895797624,-0.524897535384139,False,False
Journal of Macromarketing,Marketing,B,1.2431757393358551,487,2,0.004106776180698152,0.011186537408523265,-0.527051845509899,False,False
Accounting Economics and Law - A Convivium,Accounting,B,1.0376132402460543,258,0,0.0,0.007089569721355934,-0.5277820374543354,False,False
Decision Sciences,Management Information Systems,B,1.5981511557331447,477,5,0.010482180293501049,0.01759196383427215,-0.5292868524452274,False,False
Journal of Public Policy & Marketing,Marketing,B,1.344035969049638,335,2,0.005970149253731343,0.013137687739900315,-0.5335864113681521,False,False
Journal of Financial Markets,Finance,A,1.1810729521329555,361,1,0.002770083102493075,0.009959215388157378,-0.5351939587852677,False,False
The Geneva Risk and Insurance Review,Economics and Econometrics,A,1.0565326706104101,99,0,0.0,0.007474321193028009,-0.5564248075537603,False,False
Journal of Real Estate Research,Economics and Econometrics,A,1.0602648192510977,225,0,0.0,0.007551303242373813,-0.5621557255710765,False,False
Cambridge Journal of Economics,"General Economics, Econometrics and Finance",E,1.135651394401716,665,1,0.0015037593984962407,0.009060619306586658,-0.56256939078189,False,False
Journal of Responsible Innovation,Global and Planetary Change,X,1.3153104354148284,398,2,0.005025125628140704,0.012586230911874741,-0.5628854371845652,False,False
Southern Economic Journal,"General Economics, Econometrics and Finance",E,1.0647519469972142,634,0,0.0,0.007643330431732336,-0.5690066769559721,False,False
Health Care Management Science,Economics and Econometrics,X,1.0658463685727015,353,0,0.0,0.007665818812171577,-0.570680821327741,False,False
Journal of Accounting Education,Accounting,B,1.0822107872002749,238,0,0.0,0.00799194337062159,-0.5949591189801581,False,False
Journal of Applied Econometrics,"General Economics, Econometrics and Finance",E,1.8843088185507912,582,8,0.013745704467353952,0.021776108225189467,-0.5978222971874197,False,False
Financial Accountability and Management,Management Information Systems,A,1.0864117703742053,302,0,0.0,0.008076612138373872,-0.6012622736862099,False,False
Group & Organization Management,Organizational Behavior and Human Resource Management,B,1.2064037413965139,436,1,0.0022935779816513763,0.010460054967299402,-0.6079522498136757,False,False
Journal of Competition Law & Economics,Economics and Econometrics,E,1.0978253141331398,250,0,0.0,0.008306675389931014,-0.6183893006317852,False,False
Journal of Sports Economics,Economics and Econometrics,E,1.0994436969810044,372,0,0.0,0.008339366223990126,-0.620822965252337,False,False
International Journal of Industrial Organization,Economics and Econometrics,A,1.1844152990881414,611,1,0.0016366612111292963,0.0100256759967187,-0.6245190455544478,False,False
Contributions to Political Economy,"General Economics, Econometrics and Finance",E,1.470359150533204,142,1,0.007042253521126761,0.015447288720904173,-0.6257116830731309,False,False
Human Resource Management,Organizational Behavior and Human Resource Management,B,1.6229478511787123,524,5,0.009541984732824428,0.017987796511257967,-0.6287472898319896,False,False
Annual Review of Economics,Economics and Econometrics,E,7.461728997964815,247,12,0.048582995951417005,0.057111459731186316,-0.6349003066410731,False,False
Management Accounting Research,Management Information Systems,A,1.687075139289591,192,2,0.010416666666666666,0.018981619056941033,-0.6376166962039298,False,False
Journal of Geographical Systems,Economics and Econometrics,X,1.1206239919073835,235,0,0.0,0.008762510857509948,-0.6523239089759354,False,False
European Finance Review,Finance,X,4.312480741067901,496,17,0.034274193548387094,0.043044662888215186,-0.6529163770914913,False,False
Annual Review of Financial Economics,Finance,E,3.9836508740119485,187,6,0.03208556149732621,0.041008499347130675,-0.6642668742310509,False,False
Journal of Public Economic Theory,Economics and Econometrics,E,1.1366753705432326,486,0,0.0,0.009080925958036976,-0.6760282770994553,False,False
Financial Management,Accounting,A,1.5908653184489072,360,3,0.008333333333333333,0.017475222677212875,-0.680566687927574,False,False
Journal of Economic Geography,Economics and Econometrics,E,1.4994323078498686,447,3,0.006711409395973154,0.01595206077489446,-0.6879190139679631,False,False
Marketing Letters,Marketing,B,1.5330824502870906,417,3,0.007194244604316547,0.01652209427737185,-0.6944104789156808,False,False
Production and Operations Management,Management Information Systems,B,1.8298942807330725,1909,22,0.011524358302776323,0.021044165429208134,-0.7087007249855399,False,False
Journal of International Economics,"General Economics, Econometrics and Finance",E,4.111344628953842,898,29,0.03229398663697105,0.04181887200838463,-0.7090787742309123,False,False
Journal of Public Budgeting Accounting & Financial Management,Political Science and International Relations,B,1.1635325317172724,345,0,0.0,0.009611853124927567,-0.7155530766140556,False,False
Econometrics Journal,"General Economics, Econometrics and Finance",E,1.9607186691818452,229,3,0.013100436681222707,0.022761684029801423,-0.7192302227627915,False,False
Competition & Change,Finance,X,1.173261956424208,339,0,0.0,0.009804408097194114,-0.7298878048950499,False,False
Economic Inquiry,Economics and Econometrics,E,1.2361264935543066,912,1,0.0010964912280701754,0.011048395596193136,-0.7408681443863518,False,False
The Journal of Real Estate Finance and Economics,Economics and Econometrics,A,1.187328291123255,501,0,0.0,0.010083459389830426,-0.7506617397839631,False,False
Environmental and Resource Economics,Economics and Econometrics,E,1.2861721732783025,1043,2,0.0019175455417066154,0.012024422538455282,-0.7524050602924537,False,False
Research in Organizational Behavior,Organizational Behavior and Human Resource Management,B,9.13748225531248,96,5,0.052083333333333336,0.062321597815321365,-0.7621861834608665,False,False
Journal of Political Economy,Economics and Econometrics,E,9.783954713449248,875,47,0.053714285714285714,0.06408086606006351,-0.7717386401952538,False,False
Journal of Change Management,Organizational Behavior and Human Resource Management,B,1.2101025763069657,195,0,0.0,0.010533677557342868,-0.7841781690015077,False,False
Management and Organization Review,Strategy and Management,B,1.2113417385386924,551,0,0.0,0.010558345895608034,-0.7860146000321503,False,False
Health Economics,Economics and Econometrics,E,1.2506959515208154,1338,1,0.0007473841554559044,0.011333667168876767,-0.7880943749041628,False,False
Issues in Accounting Education,Accounting,B,1.3379874057806767,417,1,0.002398081534772182,0.01302306119679452,-0.7909751415577468,False,False
The Review of Corporate Finance Studies,Accounting,A,4.78465196593386,200,7,0.035,0.04570864893692664,-0.7972038891569552,False,False
Journal of Economic Dynamics and Control,Economics and Econometrics,E,1.3865409660319346,1246,4,0.0032102728731942215,0.013935673212528385,-0.7984509449925485,False,False
Cambridge Journal of Regions Economy and Society,Economics and Econometrics,E,1.6465631041527726,400,3,0.0075,0.018357437406816696,-0.8082804262212202,False,False
Human Resource Development Quarterly,Applied Psychology,B,1.2339713441937212,291,0,0.0,0.011005529028293565,-0.8193050865017357,False,False
SIAM Journal on Financial Mathematics,Finance,E,1.234563704046473,327,0,0.0,0.01101731214719288,-0.8201822791586488,False,False
Journal of Economic Methodology,Economics and Econometrics,E,1.2405275533806843,313,0,0.0,0.011135157199990094,-0.8289552378167564,False,False
BuR - Business Research,Accounting,B,1.9498886074678228,262,3,0.011450381679389313,0.022625460701917826,-0.8319272123746408,False,False
Human Resource Development International,Applied Psychology,B,1.382585810255483,391,1,0.0025575447570332483,0.013862005964547617,-0.8415590512430042,False,False
Academy of Management Learning and Education,Organizational Behavior and Human Resource Management,B,1.7374781061300955,477,4,0.008385744234800839,0.019727673418209798,-0.8443483495268435,False,False
Financial Review,Finance,E,1.2537800468285114,319,0,0.0,0.011392589233896343,-0.8481197299793454,False,False
Journal of Benefit-Cost Analysis,Economics and Econometrics,E,1.2671814469569056,281,0,0.0,0.011654213343663289,-0.8675963006496408,False,False
Economic Development Quarterly,Economics and Econometrics,E,1.2672042003151203,333,0,0.0,0.011654662752755063,-0.8676297568473269,False,False
Journal of Professions and Organization,Organizational Behavior and Human Resource Management,B,1.2694295074134392,190,0,0.0,0.011698066708150216,-0.8708609583041692,False,False
Information Economics and Policy,Media Technology,E,1.7654658813854966,238,2,0.008403361344537815,0.02013809643907871,-0.873590731257969,False,False
Accounting and Business Research,Accounting,B,1.5672827996033882,385,2,0.005194805194805195,0.01709251566711026,-0.8857234107169436,False,False
Urban Studies,Economics and Econometrics,X,1.3069536533413424,2082,1,0.0004803073967339097,0.012424366359637902,-0.8891738176898166,False,False
Marketing Theory,Marketing,B,1.2838950980396049,339,0,0.0,0.011980711713325634,-0.8919024266260638,False,False
The Journal of Applied Behavioral Science,Organizational Behavior and Human Resource Management,X,1.4717761394679618,288,1,0.003472222222222222,0.015472249000205848,-0.8933403339433512,False,False
Journal of Management Accounting Research,Accounting,B,1.284982986002475,352,0,0.0,0.012001917960217507,-0.8934811227432115,False,False
Journal of Comparative Economics,Economics and Econometrics,E,1.5730900877837461,579,3,0.0051813471502590676,0.017187200193733466,-0.8937740694720684,False,False
National Institute Economic Review,"General Economics, Econometrics and Finance",E,1.2990586310753527,490,0,0.0,0.012271679502146469,-0.913563483425442,False,False
Journal of Business and Economic Statistics,"General Economics, Econometrics and Finance",E,1.8672159052100719,773,7,0.009055627425614488,0.02154758730645364,-0.929962225753545,False,False
Journal of Housing Economics,Economics and Econometrics,E,1.3208122331106842,349,0,0.0,0.01269266954437362,-0.9449040288982266,False,False
PharmacoEconomics,Economics and Econometrics,X,1.3828179152787692,1025,1,0.000975609756097561,0.013866335062627935,-0.9596482627218655,False,False
Journal of Financial Counseling and Planning,Accounting,B,1.3495310243855185,307,0,0.0,0.013241933892118718,-0.9857939373056004,False,False
International Journal of Forecasting,"General Economics, Econometrics and Finance",E,1.7027661103436054,1005,6,0.005970149253731343,0.019216487996680853,-0.9861218558165299,False,False
European Review of Economic History,Economics and Econometrics,E,1.3734281944950963,250,0,0.0,0.013690693751062216,-1.0192018029434067,False,False
The Journal of Economic Education,Education,X,1.3924306209586967,433,0,0.0,0.014044964638221422,-1.0455754501440835,False,False
Journal of Management Inquiry,Organizational Behavior and Human Resource Management,B,1.6901474500887381,403,2,0.004962779156327543,0.019027821471691738,-1.0470701300423348,False,False
Management Learning,Organizational Behavior and Human Resource Management,B,1.402300633661304,518,0,0.0,0.014226513081927893,-1.0590907989285705,False,False
Journal of Applied Psychology,Organizational Behavior and Human Resource Management,X,3.1402785282133254,1364,28,0.020527859237536656,0.03487327364802519,-1.067942391889809,False,False
Regulation & Governance,Strategy and Management,X,1.4147780905388687,528,0,0.0,0.014454066072731019,-1.0760309498594696,False,False
Auditing A Journal of Practice & Theory,Accounting,A,2.036443165919289,434,4,0.009216589861751152,0.02371242112661859,-1.0791401538121483,False,False
Review of Industrial Organization,Economics and Econometrics,E,1.4349984837502552,536,0,0.0,0.014819823294631457,-1.1032596956614547,False,False
Asian Economic Policy Review,"General Economics, Econometrics and Finance",E,1.764705750844931,402,2,0.004975124378109453,0.020127290502853824,-1.1280009116878607,False,False
Journal of Industrial Economics,Economics and Econometrics,E,1.4547845408145665,297,0,0.0,0.015172722506981172,-1.1295312287206345,False,False
Schmalenbach Business Review,Accounting,B,1.4615367297947885,126,0,0.0,0.01529212024521866,-1.1384197768316147,False,False
Leadership,Organizational Behavior and Human Resource Management,B,1.4623767321191012,405,0,0.0,0.01530692676267844,-1.1395220459762407,False,False
Organization Science,Strategy and Management,B,4.164631328480676,932,25,0.02682403433476395,0.04214946560214028,-1.1408996112693948,False,False
The World Bank Research Observer,Economics and Econometrics,E,1.4667079693278169,105,0,0.0,0.015383135540800648,-1.145195397924256,False,False
New Political Economy,Finance,X,1.6953313990603969,540,2,0.003703703703703704,0.019105533251447784,-1.146587070685872,False,False
Journal of Economic Literature,Economics and Econometrics,E,9.750159107991944,763,37,0.04849279161205767,0.06399180162861215,-1.15382165724689,False,False
European Economic Review,"General Economics, Econometrics and Finance",E,1.9545209003888042,1540,11,0.007142857142857143,0.022683827521179863,-1.1569453905758187,False,False
Organization,Organizational Behavior and Human Resource Management,B,1.4891028067655552,721,0,0.0,0.01577377332809378,-1.1742763739760425,False,False
The Review of Economics and Statistics,"General Economics, Econometrics and Finance",E,3.121553063767881,954,18,0.018867924528301886,0.034718505929696754,-1.1799943403707698,False,False
Applied Economic Perspectives and Policy,Economics and Econometrics,E,1.5029201989814849,651,0,0.0,0.016011773698552712,-1.1919942786405977,False,False
Regional Science and Urban Economics,Economics and Econometrics,E,1.509152837642817,702,0,0.0,0.016118062409434843,-1.1999069270230212,False,False
Economic Geography,Economics and Econometrics,E,2.0741400048391267,513,4,0.007797270955165692,0.024169247942984938,-1.218809562695733,False,False
American Journal of Agricultural Economics,General Agricultural and Biological Sciences,E,1.5442755856116483,971,0,0.0,0.016711902491151454,-1.2441152697813034,False,False
Environment and Planning A Economy and Space,Economics and Econometrics,X,1.6398862574617707,1346,2,0.0014858841010401188,0.018253809397355714,-1.2482858797640741,False,False
Real Estate Economics,Economics and Econometrics,A,1.567226005233073,395,0,0.0,0.017091587648809293,-1.2723808788345843,False,False
Canadian Journal of Agricultural Economics/Revue canadienne d agroeconomie,General Agricultural and Biological Sciences,X,1.8071063785720942,282,1,0.0035460992907801418,0.02073034815810127,-1.2792790304321153,False,False
Journal of Development Economics,Economics and Econometrics,E,2.503805842009559,1106,13,0.011754068716094032,0.02898453616535364,-1.2827197663727268,False,False
The Review of Asset Pricing Studies,Finance,E,6.1476250951845115,172,6,0.03488372093023256,0.05213595115196178,-1.2843398929595449,False,False
Academy of Management Discoveries,Organizational Behavior and Human Resource Management,B,1.9916030796291655,351,2,0.005698005698005698,0.023154295055234107,-1.2995310470814245,False,False
Organizational Psychology Review,Organizational Behavior and Human Resource Management,B,2.078378318270843,148,1,0.006756756756756757,0.024219751660479946,-1.300030240562885,False,False
American Economic Journal Macroeconomics,"General Economics, Econometrics and Finance",E,7.365897843877765,382,15,0.03926701570680628,0.056779257233971994,-1.303696398634502,False,False
AEA Papers and Proceedings,Gender Studies,X,2.6561019600432543,1001,13,0.012987012987012988,0.030520164618812476,-1.3052530484822007,False,False
Finance and Stochastics,Finance,E,1.5978274646348596,235,0,0.0,0.017586790270839845,-1.3092461695476048,False,False
Journal of Marketing Research,Marketing,B,3.2977715597349637,647,12,0.01854714064914992,0.03613850875119617,-1.309586965558674,False,False
The Journal of Human Resources,Gender Studies,E,2.6290368558840855,580,7,0.01206896551724138,0.030254301610469003,-1.3538048305193715,False,False
Journal of Institutional Economics,Economics and Econometrics,E,1.766098932830775,540,1,0.001851851851851852,0.020147091076139788,-1.3619865539121037,False,False
The Journal of Law Economics and Organization,Economics and Econometrics,E,1.6440345226422635,254,0,0.0,0.01831826552812182,-1.3637007439165947,False,False
Explorations in Economic History,Economics and Econometrics,E,1.6469686728625577,305,0,0.0,0.018363713964284666,-1.3670841464614465,False,False
Advances in Developing Human Resources,Applied Psychology,X,1.6518114054784145,277,0,0.0,0.018438522560484755,-1.3726532620599077,False,False
Economy and Society,Sociology and Political Science,E,1.909520514639552,283,1,0.0035335689045936395,0.02210415248242394,-1.382484526232819,False,False
Organization Theory,Organizational Behavior and Human Resource Management,B,5.740740506519456,127,4,0.031496062992125984,0.050378916603372015,-1.4057314256850704,False,False
Econometric Theory,Statistics and Probability,E,1.8788252609861822,405,1,0.0024691358024691358,0.021704074165640592,-1.4319423263505997,False,False
IMF Economic Review,Finance,A,3.2826429203487226,298,5,0.016778523489932886,0.03601970608912717,-1.4324071776377727,False,False
Labour Economics,Economics and Econometrics,E,1.7077729491893154,983,0,0.0,0.019291584064008962,-1.4361593077156312,False,False
Fiscal Studies,Economics and Econometrics,E,2.2497730010975308,292,2,0.00684931506849315,0.02622140285908007,-1.4421523965074645,False,False
AMS Review,Marketing,B,2.4312529788478656,227,2,0.00881057268722467,0.028221574582693754,-1.4450493516637914,False,False
Organization Studies,Organizational Behavior and Human Resource Management,B,2.527377118337452,1028,10,0.009727626459143969,0.029227521454557114,-1.4516669861956564,False,False
The Economic Journal,"General Economics, Econometrics and Finance",E,3.100880125434541,997,15,0.015045135406218655,0.03454652657320411,-1.4517783684814438,False,False
Economic Theory,Economics and Econometrics,E,1.738402814603659,728,0,0.0,0.019741853526928504,-1.4696795556126634,False,False
Management Science,Management Information Systems,B,4.065670914912446,3749,80,0.021339023739663912,0.04153201073393427,-1.5032641241994271,False,False
Milbank Quarterly,Economics and Econometrics,X,1.769550895107084,539,0,0.0,0.02019782732770771,-1.503624462152777,False,False
Annual Review of Resource Economics,Economics and Econometrics,E,2.4544479671445143,244,2,0.00819672131147541,0.028467353700763594,-1.5090444248935597,False,False
Journal of Risk & Insurance,Economics and Econometrics,A,1.7863440027418673,360,0,0.0,0.020435137323946733,-1.5212909720040064,False,False
Manufacturing & Service Operations Management,Management Information Systems,B,3.4445961167728796,902,14,0.015521064301552107,0.037263618437176634,-1.6186214357401587,False,False
Review of Environmental Economics and Policy,Economics and Econometrics,E,3.504731471449047,251,4,0.01593625498007968,0.03771005683487013,-1.6209476678720627,False,False
Strategy Science,Strategy and Management,B,3.1511999111667324,228,3,0.013157894736842105,0.034963101200234076,-1.6232855796163028,False,False
Accounting Organizations and Society,Management Information Systems,B,3.474474507047451,391,6,0.015345268542199489,0.03748642752471827,-1.6482955184421464,False,False
Journal of Monetary Economics,"General Economics, Econometrics and Finance",E,4.353622631019572,852,18,0.02112676056338028,0.043288229254756186,-1.6498074719092837,False,False
Journal of money credit and banking,"General Economics, Econometrics and Finance",A,2.346399700394896,801,4,0.004993757802746567,0.027302438403430947,-1.6607666421390832,False,False
The Journal of Economic History,Economics and Econometrics,E,1.954411668403392,721,0,0.0,0.022682452939839,-1.688592072236605,False,False
Information Systems Research,Strategy and Management,B,2.362748899399497,842,4,0.004750593824228029,0.027481596614793165,-1.6922063591597107,False,False
Journal of Labor Economics,Economics and Econometrics,E,3.3709139952792313,514,7,0.013618677042801557,0.03670553122269273,-1.7186976666256217,False,False
Human Relations,Organizational Behavior and Human Resource Management,B,2.2507073029579856,828,2,0.0024154589371980675,0.02623198967164289,-1.7730183368187529,False,False
The Review of Economic Studies,Economics and Econometrics,E,7.881625787639846,750,26,0.034666666666666665,0.05851875694104192,-1.7756655618511676,False,False
Quantitative Marketing and Economics,Marketing,A,2.059686715080561,128,0,0.0,0.023996514326760848,-1.7864171904578894,False,False
International Economic Review,Economics and Econometrics,E,2.424955561103561,568,2,0.0035211267605633804,0.028154477981360046,-1.8338264249630312,False,False
Journal of Risk and Uncertainty,General Decision Sciences,A,2.150002155429485,235,0,0.0,0.02507298263774941,-1.8665547249992536,False,False
Mathematical Finance,Finance,E,2.1792002414584735,234,0,0.0,0.025412004919681177,-1.8917931918925792,False,False
Review of International Political Economy,Development,X,2.1863536656618145,612,0,0.0,0.025494661493822183,-1.897946549123516,False,False
Oxford Review of Economic Policy,Economics and Econometrics,E,2.8595224994880075,458,3,0.006550218340611353,0.03244217230534123,-1.927522932176679,False,False
Journal of Econometrics,"General Economics, Econometrics and Finance",E,4.4236935162450575,1586,28,0.017654476670870115,0.04369774122173763,-1.9387872278361986,False,False
NBER Macroeconomics Annual,"General Economics, Econometrics and Finance",E,3.5450498978219196,256,3,0.01171875,0.038004978937812094,-1.9568746780215294,False,False
The Journal of Law and Economics,Economics and Econometrics,E,2.6179996730580886,286,1,0.0034965034965034965,0.03014509723999584,-1.9838508758671567,False,False
Journal of Financial Reporting,Accounting,B,3.0214371248987124,140,1,0.007142857142857143,0.03387445656828375,-1.9900302223794828,False,False
Journal of the European Economic Association,Economics and Econometrics,E,3.783724039503475,545,7,0.012844036697247707,0.039684598454284944,-1.9981419080872909,False,False
American Journal of Health Economics,Economics and Econometrics,E,2.3092198202345027,246,0,0.0,0.02689017353137069,-2.0018352497664846,False,False
Journal of Health Economics,Economics and Econometrics,E,2.6126028463672823,840,2,0.002380952380952381,0.03009153305752252,-2.062910346232656,False,False
Journal of the Association of Environmental and Resource Economists,Economics and Econometrics,E,2.8745439860584967,413,2,0.004842615012106538,0.0325780558953147,-2.0647610608777813,False,False
Operations Research,Management Information Systems,B,2.4808522992345705,1321,1,0.000757002271006813,0.028745816567270925,-2.0836234095724566,False,False
American Economic Journal Economic Policy,Economics and Econometrics,E,6.855450049599841,499,13,0.026052104208416832,0.05493408759975465,-2.1501152593344033,False,False
Business Ethics A European Review,Information Systems and Management,X,3.071522635141727,199,1,0.005025125628140704,0.03430025802162433,-2.1793831824286087,False,False
Journal of Economic Theory,Economics and Econometrics,E,2.780204784215124,1162,1,0.0008605851979345956,0.03171232362501271,-2.2967534005628276,False,False
Review of Economic Dynamics,Economics and Econometrics,E,3.209406644577204,508,1,0.001968503937007874,0.03543649671541557,-2.491520093932677,False,False
Journal of Urban Economics,Economics and Econometrics,E,4.153151458467409,494,4,0.008097165991902834,0.042078609777440164,-2.5297438831507377,False,False
Strategic Management Review,Strategy and Management,X,3.045623632004618,71,0,0.0,0.03408097873238283,-2.5371537485034663,False,False
Marketing Science,Marketing,B,4.890903613947057,673,8,0.01188707280832095,0.04627158744192232,-2.559750436692185,False,False
Journal of Public Economics,Economics and Econometrics,E,5.372967543485601,1220,15,0.012295081967213115,0.04868107343815811,-2.7087501030540024,False,False
Econometrica,Economics and Econometrics,E,14.523298711836624,916,33,0.036026200873362446,0.07425707379542473,-2.8460920475445586,False,False
The RAND Journal of Economics,Economics and Econometrics,E,5.937828143034202,330,4,0.012121212121212121,0.05124490381494017,-2.9125578175288487,False,False
National Tax Journal,Accounting,A,4.362827109999511,428,1,0.002336448598130841,0.04334240178791646,-3.0526825142955105,False,False
Journal of Economic Issues,Economics and Econometrics,E,4.541712428059189,873,1,0.001145475372279496,0.044372870146934695,-3.218057425866874,False,False
Quantitative Economics,"General Economics, Econometrics and Finance",E,4.3520532660360365,412,0,0.0,0.043278981251421794,-3.2218977739956123,False,False
Brookings Papers on Economic Activity,"General Economics, Econometrics and Finance",E,9.819557578772669,291,3,0.010309278350515464,0.06417436278082167,-4.0099787611425795,False,False
The Journal of Financial Market Infrastructures,Finance,X,7.194575093744778,121,0,0.0,0.056174516150699697,-4.181904086184425,False,False
