source_idx,source_name,n_works_total,vol_min,vol_max,n_recent_works,frac_with_page,n_recent_issues,n_issues_ea,frac_issues_ea,no_page_numbers,early_access,vol1_catchall
2764853111,Journal of Economic and Financial Sciences,507,1,17,143,0.0,5,2,0.4,True,True,True
2738076829,Cogent Business & Management,2880,1,12,2155,0.0,7,0,0.0,True,False,True
4210192748,International Journal of Academic Research in Accounting Finance and Management Sciences,1310,1,14,707,0.0,20,0,0.0,True,False,True
2764998092,International Journal of Academic Research in Economics and Management Sciences,849,1,13,489,0.002,19,0,0.0,True,False,True
4210205215,SA Journal of Human Resource Management,823,1,26,208,0.0,1,0,0.0,True,False,True
4210179731,Cuadernos de Administración,684,1,40,143,0.28,15,0,0.0,True,False,True
3034727917,Financial Innovation,655,1,10,496,0.224,5,0,0.0,True,False,True
2764555313,International Journal of Business,623,1,123,24,0.167,3,0,0.0,True,False,True
2764945587,International journal of entrepreneurship,600,1,27,434,0.106,19,0,0.0,True,False,True
4210220385,Economics,598,1,18,147,0.211,5,0,0.0,True,False,True
89611103,Global economy journal,530,1,24,69,0.087,14,0,0.0,True,False,True
4306515389,Journal of Business & Retail Management Research,512,1,19,49,0.0,9,0,0.0,True,False,True
4210226909,Acta Commercii,505,1,24,132,0.0,5,0,0.0,True,False,True
2764431486,World Review of Political Economy,489,1,16,146,0.0,16,0,0.0,True,False,True
71487352,BAR - Brazilian Administration Review,483,1,21,146,0.0,22,0,0.0,True,False,True
4210214382,Erasmus Journal for Philosophy and Economics,451,1,17,167,0.024,10,0,0.0,True,False,True
2764399430,Journal of Responsible Innovation,439,1,14,142,0.176,6,0,0.0,True,False,True
4210179146,Business Strategy & Development,435,1,8,324,0.457,16,0,0.0,True,False,True
2736497804,Revista Brasileira de Inovação,422,1,23,99,0.273,0,0,0.0,True,False,True
188292526,Econ journal watch,391,1,18,85,0.129,12,0,0.0,True,False,True
4210193298,EMC Review - Časopis za ekonomiju - APEIRON,391,1,28,103,0.0,5,0,0.0,True,False,True
71564990,Frontiers of Business Research in China,380,1,15,104,0.0,5,0,0.0,True,False,True
2764671874,Journal of Transport and Supply Chain Management,370,1,18,145,0.0,1,0,0.0,True,False,True
2736629167,Journal of Economic Structures,351,1,13,166,0.084,5,0,0.0,True,False,True
4210183232,Journal of global entrepreneurship research,340,1,14,221,0.348,5,0,0.0,True,False,True
80375752,Current Issues in Auditing,336,1,19,86,0.0,10,0,0.0,True,False,True
2765001115,The Economics of Peace and Security Journal,255,1,19,47,0.085,10,0,0.0,True,False,True
4210203263,Asian Journal of Accounting and Governance,237,1,22,55,0.0,0,0,0.0,True,False,True
5406955999,Journal for Advancement of Marketing Education,228,1,32,35,0.0,8,0,0.0,True,False,True
4210210758,Asian Journal of Business Research,227,1,14,118,0.263,15,0,0.0,True,False,True
4210240749,Indonesian Journal of Sustainability Accounting and Management,217,1,8,177,0.051,11,0,0.0,True,False,True
2764684190,IZA Journal of Labor Policy,185,1,13,53,0.0,5,0,0.0,True,False,True
4210222536,The Southern African Journal of Entrepreneurship and Small Business Management,183,1,16,96,0.0,5,0,0.0,True,False,True
2737963727,Indonesian Capital Market Review,161,1,16,52,0.462,9,0,0.0,True,False,True
63515265,Logistics Research,144,1,14,42,0.048,3,0,0.0,True,False,True
4210219657,American Review of Political Economy,136,1,18,34,0.0,4,1,0.25,True,False,True
2764798183,South African Actuarial Journal,127,1,23,23,0.435,4,0,0.0,True,False,True
4210193178,Organization Theory,127,1,5,127,0.0,20,0,0.0,True,False,True
4210185081,Revista de Economia Mackenzie,116,1,21,104,0.192,10,0,0.0,True,False,True
4210199953,American International Journal of Contemporary Research,94,1,10,83,0.048,11,0,0.0,True,False,True
4210212085,Global Business & Economics Anthology,34,1,2,34,0.324,4,0,0.0,True,False,True
4387283844,Journal of Accounting and Finance,30,1,3,30,0.0,5,0,0.0,True,False,True
678965,Value in Health,71768,3,28,16276,0.052,52,0,0.0,True,False,False
2765075218,Cogent Economics & Finance,1885,2,13,1232,0.0,6,0,0.0,True,False,False
181388337,International Journal of Innovation Management,1392,2,29,350,0.211,32,0,0.0,True,False,False
4210186494,Gestão & Produção,1322,7,31,246,0.0,8,0,0.0,True,False,False
2764575530,Academy of strategic management journal/Academy of Strategic Management journal,1265,1,21,1014,0.243,24,0,0.0,True,False,False
173574685,International Journal of Theoretical and Applied Finance,1253,3,27,172,0.401,31,0,0.0,True,False,False
2764672172,Academy of Accounting and Financial Studies journal,1179,4,26,693,0.291,24,0,0.0,True,False,False
157344451,South African Journal of Economic and Management Sciences,1100,3,77,141,0.0,4,1,0.25,True,False,False
2764594251,Engineering Economics,1047,5,66,55,0.364,5,1,0.2,True,False,False
149146142,International Journal of Innovation and Technology Management,995,1,21,345,0.003,40,2,0.05,True,False,False
4210192355,Journal of Applied Business and Economics,954,13,26,731,0.001,41,0,0.0,True,False,False
130757258,International Game Theory Review,812,2,28,97,0.0,16,0,0.0,True,False,False
2736592181,Revista Contabilidade & Finanças,780,12,35,267,0.348,15,0,0.0,True,False,False
2764651816,Academy of Entrepreneurship journal,759,6,28,560,0.198,18,0,0.0,True,False,False
183776795,Review of Pacific Basin Financial Markets and Policies,759,3,28,138,0.174,17,0,0.0,True,False,False
2764921377,Journal for Quality and Participation,752,23,118,167,0.006,0,0,0.0,True,False,False
4210215964,South African Journal of Business Management,707,31,60,169,0.0,4,0,0.0,True,False,False
2764987631,Academy of Marketing Studies journal,668,4,26,351,0.168,18,0,0.0,True,False,False
158129444,Journal of Developmental Entrepreneurship,610,3,29,164,0.293,20,0,0.0,True,False,False
4210230096,Journal of Accounting and Finance,591,17,24,353,0.0,29,1,0.034,True,False,False
2764440250,International Journal of Business and Social Science,514,1,11,460,0.02,31,0,0.0,True,False,False
2764978665,Journal of Modern Accounting and Auditing,508,1,20,89,0.0,22,0,0.0,True,False,False
4210178298,INTERNATIONAL JOURNAL OF MANAGEMENT,508,9,15,402,0.055,7,0,0.0,True,False,False
2898242091,Journal of Business Venturing Insights,497,3,23,151,0.0,0,0,0.0,True,False,False
4210191937,Risk Management,488,2,27,84,0.405,16,0,0.0,True,False,False
2737866954,Review of Regional Studies,471,30,54,92,0.0,15,0,0.0,True,False,False
2764773172,International Journal of Engineering Business Management,468,1,16,142,0.0,0,0,0.0,True,False,False
2898392467,Future Business Journal,465,1,10,410,0.0,5,0,0.0,True,False,False
64915403,The Quarterly Journal of Austrian Economics,462,3,27,145,0.448,19,0,0.0,True,False,False
206364101,Economic Notes,435,3,54,65,0.0,13,0,0.0,True,False,False
4210202595,International Journal of Financial Engineering,426,2,12,204,0.123,18,0,0.0,True,False,False
2737328910,REVESCO Revista de Estudios Cooperativos,356,94,147,36,0.0,0,0,0.0,True,False,False
26772273,Climate Change Economics,354,1,16,109,0.0,17,0,0.0,True,False,False
2764696161,Southern African Business Review,333,4,27,46,0.0,0,0,0.0,True,False,False
4210208451,Quarterly Journal of Finance,292,1,14,108,0.333,20,0,0.0,True,False,False
49164534,Journal of International Commerce Economics and Policy,279,1,16,92,0.109,13,3,0.231,True,False,False
2764777187,Annals of Financial Economics,271,1,19,113,0.274,20,1,0.05,True,False,False
4386621735,International Journal of Management Studies,265,16,31,78,0.321,2,0,0.0,True,False,False
2764526016,"Journal of transportation law, logistics, and policy",221,8,84,42,0.048,9,0,0.0,True,False,False
2764806892,Journal of Philippine development,182,27,48,47,0.021,10,1,0.1,True,False,False
2764516800,Journal of Small Business Strategy,168,12,34,128,0.219,17,0,0.0,True,False,False
4210227866,International Journal of Banking and Finance,164,1,18,45,0.0,0,0,0.0,True,False,False
4210196335,"Scientific Papers of the University of Pardubice. Series D, Faculty of Economics and Administration",162,28,32,162,0.0,13,0,0.0,True,False,False
2765029640,ESIC MARKET Economic and Business Journal,152,43,171,51,0.039,10,0,0.0,True,False,False
4210202311,The International journal of accounting/International journal of accounting,132,54,60,86,0.105,17,1,0.059,True,False,False
5407017802,UCJC Business and Society Review (formerly known as Universia Business Review),112,16,59,33,0.121,4,0,0.0,True,False,False
4210219052,Journal of Financial Management Markets and Institutions,80,6,13,47,0.106,8,0,0.0,True,False,False
4210192427,The Electronic Journal of Business Research Methods,65,17,22,51,0.373,10,0,0.0,True,False,False
2764626604,Defense transportation journal,60,60,70,30,0.067,3,0,0.0,True,False,False
4210217359,Gurukul Business Review,56,16,20,56,0.0,5,0,0.0,True,False,False
148936004,The International Journal of Digital Accounting Research,54,1,23,11,0.455,0,0,0.0,True,False,False
4210215119,GSTF Journal on Business Review,42,3,4,42,0.0,5,0,0.0,True,False,False
5407053031,Pennsylvania Economic Review,34,29,31,34,0.0,6,0,0.0,True,False,False
4387284188,Revista Brasileira de Economia de Empresas,24,22,24,24,0.0,5,0,0.0,True,False,False
4210180600,Annamalai International Journal of Business Studies and Research,14,11,12,14,0.0,2,0,0.0,True,False,False
4210176731,ECORFAN Journal Mexico,1,15,15,1,0.0,0,0,0.0,True,False,False
16035445,Enterprise & Society,3755,1,26,249,0.94,18,5,0.278,False,True,True
45682993,Academy of Management Learning and Education,1475,1,24,209,1.0,18,5,0.278,False,True,True
36547454,International Entrepreneurship and Management Journal,1073,1,21,402,0.873,17,8,0.471,False,True,True
205929853,Electronic Commerce Research,987,1,25,485,1.0,23,6,0.261,False,True,True
192723185,Knowledge Management Research & Practice,946,1,24,244,1.0,23,8,0.348,False,True,True
108218269,Regulation & Governance,772,1,20,276,1.0,17,5,0.294,False,True,True
2764388120,Business and Economic Research,707,1,18,173,0.942,15,5,0.333,False,True,True
4210195452,FIIB Business Review,625,1,15,164,1.0,19,14,0.737,False,True,True
2738551320,Health Economics Review,620,1,14,298,0.973,5,2,0.4,False,True,True
11394615,Strategic Organization,582,1,23,186,1.0,20,12,0.6,False,True,True
16146169,International Journal of Economic Theory,522,1,21,132,1.0,17,5,0.294,False,True,True
4210206470,Journal of Sustainable Finance & Investment,409,1,15,226,0.996,20,10,0.5,False,True,True
2764465404,Entrepreneurship Research Journal,378,1,15,172,0.849,17,11,0.647,False,True,True
46803900,Macroeconomics and Finance in Emerging Market Economies,370,1,18,127,1.0,15,7,0.467,False,True,True
2764509274,China Finance Review International,348,1,15,130,1.0,19,7,0.368,False,True,True
4210169096,Accounting Economics and Law - A Convivium,327,1,15,126,0.841,19,16,0.842,False,True,True
173627905,Journal of Agricultural & Food Industrial Organization,326,1,23,64,0.828,8,4,0.5,False,True,True
112983894,Portuguese Economic Journal,298,1,24,89,1.0,14,4,0.286,False,True,True
168387291,Asian Journal of Management Cases,292,1,22,69,1.0,10,9,0.9,False,True,True
2764466227,IIM Kozhikode Society & Management Review,259,1,15,77,1.0,9,3,0.333,False,True,True
2764732466,Global business and management research,246,1,13,111,0.937,3,1,0.333,False,True,True
87933477,Environment and Planning A Economy and Space,3905,15,57,508,1.0,34,15,0.441,False,True,False
154533451,IEEE Transactions on Engineering Management,3761,47,72,1949,0.965,24,21,0.875,False,True,False
125775545,Operations Research,2868,12,73,686,0.965,30,8,0.267,False,True,False
267729,International Transactions in Operational Research,2161,7,33,682,1.0,27,12,0.444,False,True,False
942037226,Business History,2008,42,67,516,0.996,41,15,0.366,False,True,False
46763546,Academy of Management Review,1848,7,51,196,0.995,17,11,0.647,False,True,False
49331332,Service Industries Journal,1828,20,45,247,0.992,40,21,0.525,False,True,False
193228710,Journal of Financial and Quantitative Analysis,1662,35,60,493,0.935,37,16,0.432,False,True,False
8124760,Journal of Management & Organization,1651,6,31,417,1.0,28,23,0.821,False,True,False
136745531,Macroeconomic Dynamics,1572,4,34,280,0.743,24,7,0.292,False,True,False
72915307,Organization,1531,7,33,297,1.0,27,11,0.407,False,True,False
152304618,The Leadership Quarterly,1492,3,36,189,1.0,26,8,0.308,False,True,False
33741590,Academy of Management Perspectives,1491,14,39,152,1.0,19,6,0.316,False,True,False
62126747,The Singapore Economic Review,1347,45,70,456,1.0,34,27,0.794,False,True,False
15356059,Review of Political Economy,1238,12,38,321,0.994,19,7,0.368,False,True,False
202178085,The Journal of Real Estate Finance and Economics,1238,20,71,122,1.0,20,6,0.3,False,True,False
2765024836,Vision The Journal of Business Perspective,1225,4,30,228,1.0,20,12,0.6,False,True,False
62957338,The Journal of Human Resources,1165,35,60,293,0.918,30,10,0.333,False,True,False
140059072,Human Resource Development International,1063,3,28,189,0.989,24,9,0.375,False,True,False
177792750,Decision Sciences,1021,31,56,198,1.0,28,17,0.607,False,True,False
8557221,Journal of Labor Economics,963,18,44,191,0.696,21,7,0.333,False,True,False
4210201861,Applied Economic Perspectives and Policy,878,22,47,418,1.0,18,6,0.333,False,True,False
185253248,Human Resource Management Review,854,10,35,184,0.995,18,5,0.278,False,True,False
14568501,Review of Social Economy,846,58,83,124,0.992,19,7,0.368,False,True,False
206927904,Asia Pacific Journal of Human Resources,832,38,63,174,0.69,17,7,0.412,False,True,False
129086836,Real Estate Economics,800,28,53,218,1.0,26,8,0.308,False,True,False
172297888,The Review of Austrian Economics,796,13,38,174,1.0,20,7,0.35,False,True,False
191693275,Human Resource Development Quarterly,795,11,36,138,0.957,20,7,0.35,False,True,False
203364070,Bulletin of Indonesian Economic Studies,794,36,61,100,1.0,12,5,0.417,False,True,False
193530623,Studies in Nonlinear Dynamics and Econometrics,772,4,29,186,0.828,25,7,0.28,False,True,False
4210203108,Asia-Pacific Journal of Accounting & Economics,768,7,32,310,1.0,29,10,0.345,False,True,False
50758683,Revista de Historia Económica / Journal of Iberian and Latin American Economic History,713,18,42,96,0.854,14,6,0.429,False,True,False
168717511,The Journal of Applied Behavioral Science,701,10,61,158,1.0,20,9,0.45,False,True,False
88045947,The International Trade Journal,698,3,40,131,1.0,23,10,0.435,False,True,False
147126554,Panoeconomicus,617,6,72,134,1.0,21,8,0.381,False,True,False
4210201856,New Zealand Economic Papers,522,34,59,115,0.991,14,7,0.5,False,True,False
99304778,Forum for Social Economics,503,29,54,148,0.993,20,8,0.4,False,True,False
2765008422,Global Strategy Journal,371,1,15,125,1.0,17,5,0.294,False,True,False
90477801,Journal of transport economics and policy,249,34,53,66,0.939,11,4,0.364,False,True,False
4210231679,Journal of Industrial Integration and Management,217,1,10,121,1.0,20,8,0.4,False,True,False
2738123342,Economic Journal of Emerging Markets,179,1,13,103,0.961,11,3,0.273,False,True,False
9551102,International journal of central banking,176,1,17,73,1.0,11,3,0.273,False,True,False
185653637,Journal of agricultural and resource economics,65,7,46,20,1.0,2,1,0.5,False,True,False
2764892055,Seoul Journal of Economics,42,13,34,19,1.0,2,1,0.5,False,True,False
44455300,Journal of Environmental Management,22624,1,373,1616,1.0,0,0,0.0,False,False,True
93284759,Journal of Business Research,10214,1,189,220,1.0,0,0,0.0,False,False,True
33323087,Management Science,6882,1,350,1099,0.989,32,3,0.094,False,False,True
88577320,Finance research letters,5933,1,75,335,1.0,0,0,0.0,False,False,True
2876017,Journal of Banking & Finance,5067,1,173,58,1.0,0,0,0.0,False,False,True
4306531871,Terra Economicus,4756,1,22,234,0.987,20,0,0.0,False,False,True
180126918,AFRICAN JOURNAL OF BUSINESS MANAGEMENT,4015,1,22,98,1.0,15,0,0.0,False,False,True
134953813,Economics bulletin,3847,1,426,138,0.993,3,0,0.0,False,False,True
175672440,Regional Studies,3579,1,60,661,0.856,38,7,0.184,False,False,True
45372229,World Economy,3184,1,48,594,1.0,52,2,0.038,False,False,True
4210217951,Journal of risk and financial management,3038,1,18,2341,1.0,49,0,0.0,False,False,True
2798341630,Corporate Ownership and Control,2888,1,21,408,1.0,27,1,0.037,False,False,True
69338747,European Economic Review,2821,1,173,79,1.0,0,0,0.0,False,False,True
182689569,Quantitative Finance,2711,1,25,457,0.993,47,2,0.043,False,False,True
2764927701,International Business Research,2617,1,31,358,0.997,42,0,0.0,False,False,True
2764593888,Journal of Applied Business Research (JABR),2361,1,38,99,1.0,13,0,0.0,False,False,True
123914889,International Journal of Entrepreneurship and Small Business,2237,1,57,72,0.736,8,0,0.0,False,False,True
60370010,Journal of the Knowledge Economy,2123,1,16,1553,1.0,22,3,0.136,False,False,True
20489460,Benchmarking An International Journal,2098,1,33,615,1.0,43,1,0.023,False,False,True
171720814,International Journal of Technology Management,2052,1,97,90,1.0,10,0,0.0,False,False,True
178202027,International Journal of Services and Operations Management,2046,1,49,135,0.978,20,0,0.0,False,False,True
52125040,International Journal of Logistics Systems and Management,1995,1,49,116,0.991,20,0,0.0,False,False,True
146099957,International Journal of Finance & Economics,1985,1,31,931,1.0,17,2,0.118,False,False,True
155657779,International Journal of Business Innovation and Research,1974,1,35,132,0.97,19,0,0.0,False,False,True
51184730,International Journal of Business Excellence,1923,1,34,140,0.986,20,0,0.0,False,False,True
83511262,International Journal of Productivity and Quality Management,1915,1,45,102,0.98,16,0,0.0,False,False,True
14291815,Journal of Marketing Management,1866,1,41,333,0.994,36,3,0.083,False,False,True
16530434,The European Journal of Health Economics,1852,1,26,475,1.0,42,0,0.0,False,False,True
52048951,International Journal of Business and Globalisation,1786,1,39,178,1.0,16,0,0.0,False,False,True
82743730,Journal of International Financial Markets Institutions and Money,1725,1,99,45,1.0,0,0,0.0,False,False,True
2736813639,International Business & Economics Research Journal (IBER),1724,1,17,257,0.996,25,0,0.0,False,False,True
166797808,International Journal of Indian Culture and Business Management,1676,1,33,155,0.981,20,0,0.0,False,False,True
2764989054,Problems and Perspectives in Management,1624,1,23,809,1.0,16,0,0.0,False,False,True
2737296559,Economies,1605,1,13,1193,1.0,41,0,0.0,False,False,True
967494592,Global Business Review,1595,1,26,428,0.96,31,5,0.161,False,False,True
167074060,Tijdschrift voor Economische en Sociale Geografie,1566,1,116,197,1.0,22,3,0.136,False,False,True
4210214252,Risks,1463,1,13,890,1.0,49,0,0.0,False,False,True
116345831,International Journal of Emerging Markets,1459,1,21,810,1.0,48,2,0.042,False,False,True
81410195,Manufacturing & Service Operations Management,1424,1,27,546,1.0,25,6,0.24,False,False,True
2764640640,Baltic Journal of Economic Studies,1389,1,10,667,0.994,25,0,0.0,False,False,True
2738355984,Administrative Sciences,1383,1,15,965,1.0,33,0,0.0,False,False,True
165087003,Journal of the European Economic Association,1375,1,23,280,0.986,28,7,0.25,False,False,True
41958068,Journal of Consumer Behaviour,1374,1,24,574,1.0,26,2,0.077,False,False,True
118637542,European J of International Management,1368,1,25,121,0.992,15,0,0.0,False,False,True
173789977,Corporate Governance,1349,1,25,377,1.0,36,0,0.0,False,False,True
4210222123,Journal of Open Innovation Technology Market and Complexity,1347,1,11,912,1.0,17,0,0.0,False,False,True
187709482,Electronic Commerce Research and Applications,1343,1,69,79,1.0,0,0,0.0,False,False,True
2764703659,Journal of Business & Economics Research (JBER),1327,1,16,97,1.0,12,0,0.0,False,False,True
187151359,International Journal of Economics and Business Research,1304,1,29,152,0.875,18,0,0.0,False,False,True
2764670390,Journal of Entrepreneurship and Sustainability Issues,1274,1,12,673,1.0,18,0,0.0,False,False,True
2764538546,Polish Journal of Management Studies,1263,1,30,221,1.0,10,0,0.0,False,False,True
190363454,Organizational Behavior Teaching Review,1221,1,49,178,1.0,27,0,0.0,False,False,True
4210209722,Asian Economic Papers,1211,1,23,172,1.0,15,0,0.0,False,False,True
55416568,International Journal of Procurement Management,1174,1,22,112,0.991,17,0,0.0,False,False,True
2737251451,Management Science Letters,1169,1,26,99,0.99,15,0,0.0,False,False,True
121651287,Global Business and Economics Review,1160,1,32,118,0.932,17,0,0.0,False,False,True
142306484,Journal of Operations Management,1159,1,71,203,0.995,32,1,0.031,False,False,True
137519996,Electronic Markets,1157,1,348,5,1.0,0,0,0.0,False,False,True
146918421,Social Responsibility Journal,1155,1,21,398,1.0,38,0,0.0,False,False,True
58438227,Journal of Revenue and Pricing Management,1140,1,24,255,1.0,28,2,0.071,False,False,True
200838492,Manchester School,1121,1,93,142,1.0,26,0,0.0,False,False,True
135394783,The International Journal of Management Education,1117,1,23,572,1.0,14,1,0.071,False,False,True
70175541,Management and Organization Review,1090,1,20,293,0.904,28,0,0.0,False,False,True
182519303,World Trade Review,1082,1,24,201,0.905,20,0,0.0,False,False,True
124504522,Information Systems Management,1062,1,42,114,1.0,18,3,0.167,False,False,True
121634618,Journal of Financial Stability,1059,1,76,102,1.0,0,0,0.0,False,False,True
4210210868,Revue internationale P M E Économie et gestion de la petite et moyenne entreprise,1055,1,37,160,0.95,15,0,0.0,False,False,True
2764950559,International Journal of Financial Research,1053,1,15,432,1.0,20,0,0.0,False,False,True
46039370,Journal of Economic Geography,1050,1,79,157,1.0,21,1,0.048,False,False,True
141552693,Journal of Islamic marketing,1042,1,16,612,1.0,52,1,0.019,False,False,True
2764884217,Technology Innovation Management Review,1039,1,12,223,0.964,44,0,0.0,False,False,True
49327401,Journal of Sports Economics,1025,1,26,182,1.0,35,0,0.0,False,False,True
61727081,Economics & Sociology,1022,1,17,350,0.997,20,0,0.0,False,False,True
197112600,Emerging Markets Review,1014,1,65,64,1.0,0,0,0.0,False,False,True
191556934,Journal of Intellectual Capital,1004,1,26,244,1.0,26,1,0.038,False,False,True
2764525551,Asian Economic and Financial Review,946,1,15,270,1.0,48,1,0.021,False,False,True
95314075,Leadership,941,1,43,99,1.0,14,2,0.143,False,False,True
42911722,International Journal of Economic Policy in Emerging Economies,939,1,20,151,0.934,16,0,0.0,False,False,True
177205937,International Journal of Process Management and Benchmarking,926,1,21,111,0.991,16,0,0.0,False,False,True
126582591,World Review of Entrepreneurship Management and Sustainable Development,925,1,21,272,0.996,19,0,0.0,False,False,True
95636294,International Journal of Entrepreneurship and Innovation Management,923,1,28,173,0.994,17,0,0.0,False,False,True
2764670738,Journal of Governance and Regulation,910,1,14,481,1.0,27,0,0.0,False,False,True
206312523,Journal of Cultural Economy,910,1,19,244,1.0,23,3,0.13,False,False,True
2764742558,International Journal of Marketing Studies,904,1,17,86,1.0,10,0,0.0,False,False,True
59475652,Health Care Management Science,884,1,28,162,1.0,16,1,0.062,False,False,True
113338421,International Journal of Business Performance Management,878,1,26,179,0.95,16,0,0.0,False,False,True
125608309,Journal of Service Research,875,1,29,151,1.0,16,0,0.0,False,False,True
206916388,Journal of Asset Management,875,1,26,177,1.0,28,0,0.0,False,False,True
154565395,International Journal of Services Technology and Management,873,1,29,216,0.986,18,0,0.0,False,False,True
72326750,Journal of technology management & innovation,870,1,19,182,1.0,20,0,0.0,False,False,True
2764977439,Economic & Labour Market Review,863,1,5,863,1.0,60,0,0.0,False,False,True
149205526,Chinese Management Studies,854,1,19,323,1.0,27,0,0.0,False,False,True
4210214681,Foresight-Russia,844,1,18,193,1.0,20,0,0.0,False,False,True
2764807727,The International Journal of Entrepreneurship and Innovation,844,1,26,120,1.0,20,3,0.15,False,False,True
2764827305,International Journal of Financial Studies,837,1,13,468,1.0,16,0,0.0,False,False,True
2764647440,MONTENEGRIN JOURNAL OF ECONOMICS,836,1,20,310,0.539,18,0,0.0,False,False,True
146268463,Journal of Institutional Economics,830,1,20,294,0.793,23,3,0.13,False,False,True
9871798,European Business Organization Law Review,823,1,26,134,1.0,17,0,0.0,False,False,True
138197279,International Journal of Trade and Global Markets,819,1,20,112,0.893,13,0,0.0,False,False,True
203071086,Review of Managerial Science,815,1,19,473,1.0,45,3,0.067,False,False,True
73680622,Journal of Pensions Economics and Finance,815,1,24,149,0.946,18,4,0.222,False,False,True
2764616245,Uncertain Supply Chain Management,812,1,13,728,1.0,19,0,0.0,False,False,True
135706173,Journal of Leadership Studies,793,1,18,190,1.0,19,0,0.0,False,False,True
54467454,International Environmental Agreements Politics Law and Economics,774,1,25,150,1.0,16,1,0.062,False,False,True
15925821,Journal of Modelling in Management,762,1,20,331,1.0,24,1,0.042,False,False,True
165267014,International Journal of Product Development,748,1,29,181,0.878,13,0,0.0,False,False,True
98077829,International Journal of Monetary Economics and Finance,746,1,17,218,0.995,28,0,0.0,False,False,True
23010633,Asian Economic Policy Review,742,1,20,174,1.0,9,0,0.0,False,False,True
2765072615,Journal of Public Administration and Governance,740,1,14,218,0.927,18,0,0.0,False,False,True
4210240883,Bulletin of Monetary Economics and Banking,737,1,27,192,0.969,22,0,0.0,False,False,True
22361854,Cost Effectiveness and Resource Allocation,737,1,22,377,0.976,5,0,0.0,False,False,True
12497220,International Journal of Business and Systems Research,734,1,19,207,0.918,24,0,0.0,False,False,True
169712084,International Journal of Information Technology and Management,733,1,24,175,0.989,11,0,0.0,False,False,True
105584983,International Journal of Management and Decision Making,725,1,25,100,0.91,15,0,0.0,False,False,True
2898476603,Investigaciones de Historia Económica,725,1,20,39,0.949,4,0,0.0,False,False,True
172313144,European Management Review,723,1,22,249,1.0,19,0,0.0,False,False,True
108158533,Journal of Quality Assurance in Hospitality & Tourism,720,1,27,250,1.0,25,0,0.0,False,False,True
4210178345,Russian Management Journal,718,1,22,130,0.969,20,0,0.0,False,False,True
2764494274,International Journal of Business Administration,715,1,15,168,1.0,26,0,0.0,False,False,True
195188575,Marketing Theory,712,1,25,154,1.0,19,0,0.0,False,False,True
158011328,American Economic Journal Economic Policy,706,1,17,229,1.0,16,2,0.125,False,False,True
2764848322,International Journal of Human Resource Studies,704,1,14,181,0.956,15,0,0.0,False,False,True
73818033,International Journal of Management Practice,703,1,18,234,0.991,25,0,0.0,False,False,True
57522439,Australian Economic Papers,701,1,64,174,1.0,19,0,0.0,False,False,True
2764464146,Journal of airport management,700,1,19,130,1.0,17,0,0.0,False,False,True
171484276,International Journal of Learning and Intellectual Capital,698,1,21,179,0.994,25,0,0.0,False,False,True
93195727,International Journal of Management and Enterprise Development,697,1,24,146,0.822,17,0,0.0,False,False,True
2764951333,Ege Akademik Bakis (Ege Academic Review),695,1,22,125,0.576,14,0,0.0,False,False,True
4210185932,J for Global Business Advancement,692,1,17,263,0.886,25,0,0.0,False,False,True
4210187274,Afro-Asian J of Finance and Accounting,689,1,15,269,0.996,25,0,0.0,False,False,True
4210240795,ReMark - Revista Brasileira de Marketing,687,1,23,195,0.913,22,0,0.0,False,False,True
2764449665,Journal of Wine Economics,677,1,20,153,0.895,17,0,0.0,False,False,True
37814254,De Economist,673,1,173,69,1.0,16,0,0.0,False,False,True
157427695,International Journal of Islamic and Middle Eastern Finance and Management,673,1,18,264,1.0,25,1,0.04,False,False,True
82593474,Asian Business & Management,672,1,24,179,1.0,21,5,0.238,False,False,True
147000529,International Journal of Automotive Technology and Management,665,1,24,198,0.869,20,0,0.0,False,False,True
129963087,Journal of Islamic accounting and business research,664,1,17,282,1.0,33,0,0.0,False,False,True
127060114,NBER Macroeconomics Annual,663,1,38,118,0.907,0,0,0.0,False,False,True
137554564,Journal of Hospitality Leisure Sport & Tourism Education,658,1,36,91,1.0,0,0,0.0,False,False,True
161977297,Journal of Accounting & Organizational Change,651,1,21,186,1.0,26,0,0.0,False,False,True
21322974,International Journal of Learning and Change,643,1,17,185,0.989,22,3,0.136,False,False,True
2764678689,Accounting and Finance Research,641,1,14,105,1.0,16,1,0.062,False,False,True
146380144,International Journal of Business and Emerging Markets,640,1,17,154,0.877,17,0,0.0,False,False,True
202144432,Science Technology and Society,639,1,30,142,1.0,16,0,0.0,False,False,True
114724389,Journal of African Business,634,1,27,166,0.994,17,0,0.0,False,False,True
44088940,International Journal of Management Concepts and Philosophy,630,1,18,108,0.991,17,0,0.0,False,False,True
97316453,Cambridge Journal of Regions Economy and Society,627,1,18,183,0.984,13,1,0.077,False,False,True
2898307581,Journal of Innovation & Knowledge,627,1,10,504,1.0,17,0,0.0,False,False,True
4210171430,Journal of Enterprising Communities People and Places in the Global Economy,625,1,19,229,1.0,25,1,0.04,False,False,True
13669392,German Economic Review,620,1,26,84,0.81,16,0,0.0,False,False,True
56271844,Information Systems and e-Business Management,613,1,23,171,1.0,19,1,0.053,False,False,True
50216583,Journal of Medical Marketing Device Diagnostic and Pharmaceutical Marketing,611,1,16,109,1.0,14,0,0.0,False,False,True
79989894,International Journal of Managerial Finance,609,1,21,208,1.0,22,1,0.045,False,False,True
38901890,International Journal of Accounting Information Systems,607,1,55,43,1.0,0,0,0.0,False,False,True
44763245,International Journal of Green Economics,606,1,18,210,1.0,20,0,0.0,False,False,True
5486590,International Economics and Economic Policy,603,1,22,150,0.873,17,1,0.059,False,False,True
52073566,International Journal of Technology Transfer and Commercialisation,603,1,21,177,1.0,16,0,0.0,False,False,True
165881774,The B E Journal of Theoretical Economics,601,1,24,149,0.678,10,2,0.2,False,False,True
35246616,International Review of Finance,597,1,25,202,0.911,17,0,0.0,False,False,True
207154782,Journal of Financial Econometrics,595,1,23,188,0.867,23,5,0.217,False,False,True
84210283,International Journal of Human Resources Development and Management,593,1,23,161,1.0,16,0,0.0,False,False,True
4210191619,Logistics,593,1,363,5,1.0,0,0,0.0,False,False,True
153849593,Baltic Journal of Management,590,1,20,176,1.0,23,0,0.0,False,False,True
4210188437,Supply Chain Forum an International Journal,584,1,26,147,1.0,20,0,0.0,False,False,True
4210172326,Journal of Management and Sustainability,579,1,14,128,1.0,10,0,0.0,False,False,True
38613568,Journal of Change Management,579,1,24,105,1.0,20,1,0.05,False,False,True
68754933,Organization Management Journal,575,1,22,53,1.0,15,0,0.0,False,False,True
35090897,International Journal of the Economics of Business,574,1,33,49,1.0,10,0,0.0,False,False,True
68051293,Philosophy of Management,574,1,24,132,1.0,18,1,0.056,False,False,True
69024147,South Asia Economic Journal,574,1,25,59,1.0,10,0,0.0,False,False,True
2764639155,Transnational Corporation Review,573,1,100,112,0.991,12,0,0.0,False,False,True
4210188407,Middle East J of Management,572,1,12,166,0.988,24,0,0.0,False,False,True
71351135,International Journal of Disclosure and Governance,571,1,22,176,1.0,19,0,0.0,False,False,True
196118188,International Journal of Services Economics and Management,569,1,15,137,1.0,22,0,0.0,False,False,True
170166683,American Economic Journal Macroeconomics,568,1,17,198,1.0,17,1,0.059,False,False,True
4210226067,Journal of Hospitality and Tourism Insights,562,1,8,479,1.0,27,1,0.037,False,False,True
142092826,International Journal of Enterprise Network Management,562,1,16,190,0.863,19,2,0.105,False,False,True
47854491,International Journal of Entrepreneurial Venturing,559,1,17,179,0.832,22,0,0.0,False,False,True
16069442,Journal of Management Accounting Research,558,1,37,152,0.914,14,0,0.0,False,False,True
4210234983,Journal on Innovation and Sustainability RISUS,557,1,15,249,0.996,20,0,0.0,False,False,True
3409213,Service Business,557,1,19,144,0.965,16,0,0.0,False,False,True
37660120,Human Resource Development Review,556,1,24,114,1.0,19,0,0.0,False,False,True
183939566,Sustainability Accounting Management and Policy Journal,553,1,16,253,1.0,30,1,0.033,False,False,True
95074589,Review of Accounting and Finance,552,1,24,105,1.0,18,0,0.0,False,False,True
188742231,International Journal of Innovation Science,551,1,18,191,1.0,20,0,0.0,False,False,True
202264103,Journal of Asia Business Studies,547,1,19,247,1.0,25,1,0.04,False,False,True
152972827,International Journal of Lean Six Sigma,546,1,16,262,1.0,30,3,0.1,False,False,True
2764953695,International Review of Management and Business Research,544,1,10,272,1.0,17,0,0.0,False,False,True
4404664192,Journal of securities operations & custody,543,1,17,127,1.0,17,0,0.0,False,False,True
62246846,International Journal of Accounting Auditing and Performance Evaluation,536,1,20,153,1.0,14,0,0.0,False,False,True
4210186350,Journal of Competition Law & Economics,533,1,21,102,1.0,15,0,0.0,False,False,True
4210227574,Interdisciplinary Environmental Review,531,1,24,127,0.866,13,1,0.077,False,False,True
203894561,International Journal of Pharmaceutical and Healthcare Marketing,530,1,19,154,1.0,19,0,0.0,False,False,True
160156518,International Journal of Fashion Design Technology and Education,527,1,18,180,0.994,15,0,0.0,False,False,True
160194987,Journal of Industry Competition and Trade,521,1,24,121,0.802,14,0,0.0,False,False,True
170367418,International Journal of Pluralism and Economics Education,520,1,15,179,0.888,17,0,0.0,False,False,True
178563901,Society and Business Review,520,1,20,134,1.0,17,1,0.059,False,False,True
4210176701,Logforum,519,1,20,201,0.995,19,0,0.0,False,False,True
59777368,International Journal of Managerial and Financial Accounting,518,1,18,94,0.904,13,0,0.0,False,False,True
2765036513,Australasian Accounting Business and Finance Journal,517,1,19,229,0.869,22,0,0.0,False,False,True
30370390,Journal of Customer Behaviour,516,1,23,146,0.993,14,0,0.0,False,False,True
61350954,Journal of Advances in Management Research,515,1,22,161,1.0,24,0,0.0,False,False,True
45303301,Critical Perspectives on International Business,514,1,21,134,1.0,21,2,0.095,False,False,True
137166528,International Journal of Knowledge Management Studies,513,1,15,171,1.0,20,0,0.0,False,False,True
4210234043,Journal of Management Research,512,1,17,37,0.919,10,0,0.0,False,False,True
1086168,International Journal of Critical Accounting,510,1,14,192,0.995,22,0,0.0,False,False,True
156003414,Quantitative Economics,507,1,15,222,0.82,20,0,0.0,False,False,True
2738677470,Oeconomia Copernicana,506,1,16,149,1.0,16,0,0.0,False,False,True
109960688,Journal of Human Resources in Hospitality & Tourism,505,1,24,130,1.0,18,0,0.0,False,False,True
4210218909,Journal of Quantitative Economics,505,1,23,210,1.0,20,0,0.0,False,False,True
43391031,International Journal of Business Environment,503,1,16,121,0.992,16,0,0.0,False,False,True
2736601860,Entrepreneurial Business and Economics Review,503,1,12,226,1.0,20,0,0.0,False,False,True
4210206322,PharmacoEconomics - Open,502,1,9,312,1.0,24,1,0.042,False,False,True
126021079,International Journal of Sport Finance,499,1,19,162,0.994,20,0,0.0,False,False,True
4210221200,J for International Business and Entrepreneurship Development,499,1,16,172,0.913,18,0,0.0,False,False,True
10914567,International Journal of Work Organisation and Emotion,499,1,16,170,0.8,19,0,0.0,False,False,True
14764538,Journal of strategy and management,495,1,19,139,1.0,14,1,0.071,False,False,True
102611516,International Journal of Electronic Finance,494,1,15,115,0.939,13,0,0.0,False,False,True
2764655866,Review of Keynesian Economics,493,1,13,142,0.817,17,0,0.0,False,False,True
164338815,EuroMed Journal of Business,492,1,20,216,1.0,21,1,0.048,False,False,True
42260610,African Journal of Economic and Management Studies,491,1,17,162,1.0,16,0,0.0,False,False,True
149050951,Journal of Chinese Economic and Business Studies,485,1,23,109,0.991,18,1,0.056,False,False,True
19785326,The Marketing Review,484,1,20,93,1.0,14,1,0.071,False,False,True
2764794650,Journal of International Logistics and Trade,482,1,23,48,1.0,11,0,0.0,False,False,True
181870614,Journal of Financial Economic Policy,481,1,17,181,1.0,27,0,0.0,False,False,True
91213080,The Economists Voice,480,1,22,98,0.939,7,0,0.0,False,False,True
2764480295,Journal of Academy of Business and Economics,478,1,24,154,1.0,20,0,0.0,False,False,True
2764873792,African Journal of Business and Economic Research,477,1,19,271,0.996,18,0,0.0,False,False,True
75627377,SIAM Journal on Financial Mathematics,477,1,15,180,0.8,20,0,0.0,False,False,True
180332110,Review of Law & Economics,477,1,210,62,0.855,9,0,0.0,False,False,True
27614628,Academy of Management Annals,476,1,19,94,1.0,9,0,0.0,False,False,True
199699369,International Journal of Applied Management Science,473,1,18,139,0.698,16,1,0.062,False,False,True
7161550,Spatial Economic Analysis,470,1,20,151,0.98,19,1,0.053,False,False,True
127536956,Journal of International Accounting Research,466,1,24,122,0.902,14,0,0.0,False,False,True
62905163,Operations Management Research,466,1,18,316,1.0,13,2,0.154,False,False,True
76239586,Qualitative Research in Accounting & Management,464,1,22,117,1.0,22,0,0.0,False,False,True
87816754,International Journal of Business Continuity and Risk Management,464,1,15,169,0.811,16,0,0.0,False,False,True
98232940,International Review on Public and Nonprofit Marketing,462,1,22,148,1.0,15,0,0.0,False,False,True
4210195359,Economía,460,1,23,62,0.79,8,0,0.0,False,False,True
103309803,International Journal of Quality and Service Sciences,457,1,17,118,1.0,17,0,0.0,False,False,True
88920680,Intangible Capital,455,1,20,100,1.0,14,0,0.0,False,False,True
2765013869,Journal of Family Business Management,453,1,15,288,1.0,22,1,0.045,False,False,True
4210198543,Journal of Agribusiness in Developing and Emerging Economies,451,1,16,228,1.0,22,1,0.045,False,False,True
199127151,Qualitative Research in Organizations and Management An International Journal,450,1,20,107,1.0,16,0,0.0,False,False,True
2764807039,Service Science,448,1,99,73,0.836,13,0,0.0,False,False,True
2764889080,Evolutionary and Institutional Economics Review,445,1,22,117,1.0,9,0,0.0,False,False,True
2737431740,Econometrics,443,1,12,181,1.0,20,0,0.0,False,False,True
112489639,International Journal of Computational Economics and Econometrics,441,1,14,175,0.989,19,0,0.0,False,False,True
68817889,Social enterprise journal,441,1,21,159,1.0,22,0,0.0,False,False,True
86211607,Frontiers of Economics in China,438,1,16,122,1.0,20,0,0.0,False,False,True
118119388,Journal of Family Business Strategy,437,1,16,125,1.0,16,4,0.25,False,False,True
4210223036,Mehmet Akif Ersoy Üniversitesi İktisadi ve İdari Bilimler Fakültesi Dergisi,437,1,10,360,1.0,15,0,0.0,False,False,True
149838422,International Journal of Value Chain Management,436,1,15,176,0.886,19,0,0.0,False,False,True
164447516,International Journal of Asian Business and Information Management,435,1,15,229,0.812,12,0,0.0,False,False,True
140842003,Review of Environmental Economics and Policy,429,1,19,93,1.0,8,0,0.0,False,False,True
2764403712,International Journal of Business Research,428,1,24,72,1.0,12,0,0.0,False,False,True
2735010472,Journal of the Association for Consumer Research,428,1,10,193,1.0,17,0,0.0,False,False,True
146522396,Annals of Finance,426,1,21,77,1.0,17,0,0.0,False,False,True
4210216073,Agricultural and Resource Economics International Scientific E-Journal,425,1,10,225,0.733,18,0,0.0,False,False,True
107261186,Journal of Historical Research in Marketing,425,1,16,85,1.0,18,0,0.0,False,False,True
4210195788,Delhi Business Review,424,1,25,87,1.0,9,0,0.0,False,False,True
32948690,Qualitative Research in Financial Markets,424,1,18,171,1.0,21,4,0.19,False,False,True
4306527555,Revista Internacional Administracion & Finanzas,423,1,13,141,1.0,21,0,0.0,False,False,True
175138789,Journal of International Entrepreneurship,421,1,23,95,1.0,18,1,0.056,False,False,True
2764472888,Central European Business Review,418,1,14,134,1.0,22,0,0.0,False,False,True
146534985,Journal of Economic Interaction and Coordination,418,1,30,83,1.0,12,3,0.25,False,False,True
207627288,International Journal of Integrated Supply Management,412,1,17,144,0.889,18,0,0.0,False,False,True
2764690196,Journal of Choice Modelling,411,1,54,44,1.0,0,0,0.0,False,False,True
4210240632,De Computis - Revista Española de Historia de la Contabilidad,410,1,21,91,0.868,8,0,0.0,False,False,True
4210175454,Management Research The Journal of the Iberoamerican Academy of Management,409,1,23,94,1.0,19,0,0.0,False,False,True
102700472,Financial Services Review,408,1,32,85,0.871,19,2,0.105,False,False,True
156716048,Economics of Governance,407,1,25,88,1.0,18,0,0.0,False,False,True
24290265,Health Services and Outcomes Research Methodology,406,1,25,109,1.0,17,0,0.0,False,False,True
2764881094,International journal of business and economics,405,1,20,82,0.988,14,0,0.0,False,False,True
38196630,Asia-Pacific Journal of Business Administration,403,1,17,206,1.0,22,0,0.0,False,False,True
4306508649,Journal of Industrial and Business Economics,402,1,197,8,0.875,1,0,0.0,False,False,True
21663492,International Journal of Business Performance and Supply Chain Modelling,401,1,15,169,0.929,18,0,0.0,False,False,True
4210192138,Nankai Business Review International,401,1,16,129,1.0,17,0,0.0,False,False,True
196715598,Annual Review of Economics,399,1,30,28,1.0,1,0,0.0,False,False,True
2764774255,Asian Journal of Finance & Accounting,396,1,16,39,1.0,7,0,0.0,False,False,True
155832970,International Journal of Advanced Operations Management,394,1,16,152,0.921,17,0,0.0,False,False,True
116843975,Journal of Emerging Technologies in Accounting,392,1,22,139,0.942,9,0,0.0,False,False,True
4210182956,Journal of Marketing Analytics,391,1,13,241,1.0,20,2,0.1,False,False,True
6772833,Review of Network Economics,391,1,23,55,0.709,15,0,0.0,False,False,True
168697966,Management & Organizational History,386,1,20,64,1.0,15,0,0.0,False,False,True
2764400943,Journal of Global Fashion Marketing,384,1,16,125,0.976,18,0,0.0,False,False,True
167126396,Journal of Relationship Marketing,382,1,24,63,1.0,18,1,0.056,False,False,True
34937439,International Journal of Globalisation and Small Business,382,1,14,158,0.987,20,0,0.0,False,False,True
76844451,Annual Review of Resource Economics,381,1,16,121,0.959,5,0,0.0,False,False,True
146248155,International Journal of Six Sigma and Competitive Advantage,379,1,15,127,0.976,15,0,0.0,False,False,True
87209429,Journal of Benefit-Cost Analysis,377,1,39,102,0.882,12,0,0.0,False,False,True
4210213948,Journal of Management and Strategy,377,1,15,68,1.0,14,0,0.0,False,False,True
62270215,International Journal of Information Systems and Supply Chain Management,374,1,17,132,0.992,15,0,0.0,False,False,True
196354030,International Journal of Technology Management and Sustainable Development,373,1,23,83,1.0,15,0,0.0,False,False,True
4210191457,Innovation and Development,371,1,15,146,0.993,14,3,0.214,False,False,True
4210218165,Asia-Pacific Management Accounting Journal,370,1,19,193,0.746,15,0,0.0,False,False,True
2764767644,The Journal of Retirement,370,1,13,105,1.0,15,0,0.0,False,False,True
2798767114,Corporate Board role duties and composition,368,1,20,87,0.989,15,0,0.0,False,False,True
4210175221,Asia-Pacific Journal of Regional Science,365,1,9,199,1.0,15,1,0.067,False,False,True
2764883772,Serbian Journal of Management,364,1,19,134,1.0,10,0,0.0,False,False,True
110231434,International Journal of Business Process Integration and Management,364,1,18,175,0.977,15,1,0.067,False,False,True
4210186146,Economía Agraria y Recursos Naturales,362,1,24,68,1.0,10,0,0.0,False,False,True
2764982749,SMART Journal of Business Management Studies,361,1,20,101,1.0,10,0,0.0,False,False,True
4210169731,Journal of Accounting in Emerging Economies,356,1,15,172,1.0,22,0,0.0,False,False,True
163374072,International Journal of Foresight and Innovation Policy,354,1,16,148,0.959,11,0,0.0,False,False,True
124851215,Journal of Social Entrepreneurship,354,1,16,183,1.0,15,0,0.0,False,False,True
142725411,Journal of Contemporary Accounting & Economics,352,1,21,113,1.0,13,0,0.0,False,False,True
4210174681,Asia Pacific Business Review,349,1,7,282,0.993,17,0,0.0,False,False,True
4210226106,Cuadernos de Gestión,344,1,25,59,1.0,6,0,0.0,False,False,True
2764846857,Economics and Business Review/The Poznań University of Economics Review,343,1,15,92,1.0,15,0,0.0,False,False,True
34975756,Journal of Global Responsibility,342,1,16,114,1.0,17,0,0.0,False,False,True
4162551,International Journal of Gender and Entrepreneurship,341,1,17,102,1.0,19,0,0.0,False,False,True
65047066,International Journal of Services and Standards,340,1,14,130,0.892,16,0,0.0,False,False,True
4210173805,Evidence-based HRM a Global Forum for Empirical Scholarship,339,1,13,204,1.0,21,0,0.0,False,False,True
2764865913,Economics and Business Letters,338,1,13,162,1.0,20,0,0.0,False,False,True
204649255,China Economic Journal,337,1,18,93,0.989,13,0,0.0,False,False,True
31040931,International Journal of Electronic Customer Relationship Management,337,1,14,158,0.956,17,1,0.059,False,False,True
4210204559,Marketing and Management of Innovations,337,1,15,265,1.0,13,0,0.0,False,False,True
2737155129,Journal of Central Banking Theory and Practice,336,1,13,162,1.0,16,0,0.0,False,False,True
124412575,Mathematics and Financial Economics,335,1,19,94,1.0,16,1,0.062,False,False,True
7006481,Margin The Journal of Applied Economic Research,334,1,18,77,1.0,15,0,0.0,False,False,True
4210202650,Academy of Management Discoveries,334,1,11,148,1.0,20,5,0.25,False,False,True
150848784,Journal of Emerging Market Finance,334,1,24,72,1.0,16,0,0.0,False,False,True
2764423627,Contemporary Management Research,332,1,20,43,1.0,12,1,0.083,False,False,True
10891802,International Journal of Technology Intelligence and Planning,329,1,14,112,0.893,15,0,0.0,False,False,True
136286870,Journal of Indian Business Research,327,1,17,102,1.0,15,1,0.067,False,False,True
58276920,Journal of European real estate research,326,1,18,96,1.0,13,1,0.077,False,False,True
4210188240,Journal of Organizational Effectiveness People and Performance,325,1,13,161,1.0,17,0,0.0,False,False,True
31181851,Accounting in Europe,325,1,22,75,1.0,15,0,0.0,False,False,True
4210204469,International Journal of Economics and Accounting,323,1,12,147,1.0,17,0,0.0,False,False,True
2764583656,Journal of Social Marketing,323,1,15,116,1.0,15,0,0.0,False,False,True
4210229067,Business and Human Rights Journal,323,1,9,193,0.959,13,0,0.0,False,False,True
2764984103,Business Management and Strategy,322,1,16,122,1.0,9,0,0.0,False,False,True
26927318,Asian Journal on Quality,322,1,13,122,0.984,15,0,0.0,False,False,True
134015283,International Journal of Revenue Management,317,1,14,141,0.851,18,0,0.0,False,False,True
164875865,International Journal of Banking Accounting and Finance,311,1,14,148,0.993,18,0,0.0,False,False,True
2764482395,Journal of business & entrepreneurship,309,1,31,49,1.0,7,0,0.0,False,False,True
2764594977,European Journal of Management,309,1,24,45,1.0,7,0,0.0,False,False,True
2764761084,Foundations of Management,309,1,16,87,1.0,5,0,0.0,False,False,True
2764875035,Journal of Entrepreneurship and Public Policy,309,1,14,100,1.0,14,1,0.071,False,False,True
2737685543,Revista Finanzas y Política Económica,308,1,16,112,0.509,10,0,0.0,False,False,True
4210206015,Quantitative Marketing and Economics,306,1,23,57,1.0,16,0,0.0,False,False,True
3297139,International Journal of Financial Services Management,305,1,11,133,1.0,19,0,0.0,False,False,True
4210194146,Journal of health economics and outcomes research,301,1,60,164,0.988,8,0,0.0,False,False,True
4210227841,International Journal of Organizational Leadership,301,1,13,119,1.0,16,0,0.0,False,False,True
4210169982,Eurasian economic review :,300,1,15,131,1.0,16,2,0.125,False,False,True
2764805720,Eurasian Economic Review,296,1,14,148,1.0,20,0,0.0,False,False,True
4210169699,China Journal of Accounting Studies,296,1,12,141,0.972,20,0,0.0,False,False,True
2736886050,Contabilidad y Negocios,296,1,19,84,0.881,10,0,0.0,False,False,True
2764820791,Journal of Organizational Ethnography,295,1,14,105,0.99,12,1,0.083,False,False,True
4210170931,Annual Review of Financial Economics,294,1,16,107,0.972,5,0,0.0,False,False,True
2765035765,Korea and the World Economy,293,1,25,42,1.0,9,0,0.0,False,False,True
2738972098,3C Empresa Investigación y pensamiento crítico,293,1,12,129,0.992,15,0,0.0,False,False,True
4210184380,ISRA International Journal of Islamic Finance,293,1,16,122,0.918,16,0,0.0,False,False,True
204467137,SERIEs,292,1,61,7,1.0,0,0,0.0,False,False,True
4210172729,Journal of Humanitarian Logistics and Supply Chain Management,292,1,15,120,1.0,19,0,0.0,False,False,True
7241030,Cliometrica,288,1,19,97,1.0,15,0,0.0,False,False,True
2764820232,Review of Business Research,286,1,24,34,1.0,6,0,0.0,False,False,True
4210173453,AMS Review,286,1,14,138,1.0,10,1,0.1,False,False,True
4210239487,Italian Economic Journal,285,1,11,167,1.0,15,1,0.067,False,False,True
168680943,Annals of economics and finance,284,1,21,82,0.988,9,2,0.222,False,False,True
56187647,International Journal of Logistics Economics and Globalisation,281,1,11,154,0.903,17,0,0.0,False,False,True
2898531903,Journal of commodity markets,279,1,37,50,1.0,0,0,0.0,False,False,True
3035068822,Journal of Organization Design,279,1,14,84,1.0,14,0,0.0,False,False,True
2764958490,Iranian journal of management studies,278,1,40,69,1.0,10,0,0.0,False,False,True
2737109034,International Journal of Innovation,276,1,12,146,0.979,17,0,0.0,False,False,True
2764804572,Economic Theory Bulletin,274,1,13,89,1.0,9,0,0.0,False,False,True
4210226759,Quantitative Finance and Economics,274,1,18,130,1.0,16,0,0.0,False,False,True
193803878,International Journal of Human Capital and Information Technology Professionals,272,1,15,70,1.0,9,1,0.111,False,False,True
173177581,International Journal of Accounting and Finance,272,1,12,119,0.975,14,1,0.071,False,False,True
196716848,Journal of Human Capital,269,1,19,72,1.0,17,0,0.0,False,False,True
4210221741,Organizations and Markets in Emerging Economies,269,1,15,123,0.984,11,0,0.0,False,False,True
4210180518,Asia-Pacific Journal of Risk and Insurance,269,1,19,49,0.816,9,0,0.0,False,False,True
2738796003,Zbornik radova Ekonomskog fakulteta u Rijeci,268,1,42,99,0.737,10,0,0.0,False,False,True
2764704972,Asian Academy of Management Journal of Accounting and Finance,264,1,20,97,0.814,10,0,0.0,False,False,True
2764742896,Journal of Economic Research (JER),260,1,26,45,1.0,9,0,0.0,False,False,True
4210183343,Journal of Creating Value,257,1,11,97,1.0,9,0,0.0,False,False,True
4210210207,Journal of Management Analytics,257,1,11,141,1.0,20,0,0.0,False,False,True
71377650,Baltic Journal of Economics,255,1,25,36,1.0,8,0,0.0,False,False,True
2764345595,Management Research and Practice,251,1,15,44,0.773,8,2,0.25,False,False,True
4210229491,Journal of Intelligence Studies in Business,242,1,14,91,1.0,15,1,0.067,False,False,True
125379575,Journal of Chinese Economic and Foreign Trade Studies,241,1,18,62,1.0,12,0,0.0,False,False,True
28881989,International Journal of Financial Markets and Derivatives,240,1,10,137,0.905,17,0,0.0,False,False,True
4210168767,Africa Journal of Management,239,1,10,118,0.992,21,0,0.0,False,False,True
4210200923,Annual Review of Organizational Psychology and Organizational Behavior,239,1,12,88,0.955,5,0,0.0,False,False,True
4210212964,World,238,1,6,216,1.0,16,0,0.0,False,False,True
4210173595,American Journal of Health Economics,234,1,11,101,1.0,20,0,0.0,False,False,True
4210167594,African J of Accounting Auditing and Finance,232,1,9,137,1.0,17,0,0.0,False,False,True
201445340,International Journal of Business Competition and Growth,229,1,9,151,0.868,17,1,0.059,False,False,True
4210183760,Strategy Science,227,1,20,92,1.0,14,0,0.0,False,False,True
4210199549,The Journal of Prediction Markets,226,1,18,57,0.649,11,0,0.0,False,False,True
4210216953,International Journal of Economic Policy Studies,225,1,19,98,1.0,9,0,0.0,False,False,True
2764830693,Environmental Economics,225,1,15,89,1.0,7,0,0.0,False,False,True
2764940387,Organizational Psychology Review,224,1,15,81,0.988,16,1,0.062,False,False,True
37034968,Journal on Chain and Network Science,223,1,16,77,1.0,12,0,0.0,False,False,True
60036207,The Journal of Credit Risk,222,1,16,47,0.617,10,0,0.0,False,False,True
2764783623,Asian Journal of Business and Accounting,221,1,17,89,1.0,9,0,0.0,False,False,True
31381503,International Journal of Innovation and Regional Development,220,1,9,121,1.0,19,0,0.0,False,False,True
121898668,Monash Business Review,219,1,4,219,0.995,10,0,0.0,False,False,True
2736647864,Retos,217,1,14,100,0.98,10,0,0.0,False,False,True
2764958792,Asian Journal of Empirical Research,215,1,14,61,1.0,9,0,0.0,False,False,True
167383514,Ekonomista,213,1,294,5,1.0,0,0,0.0,False,False,True
956737788,BuR - Business Research,212,1,157,6,1.0,0,0,0.0,False,False,True
187052734,International Journal of Sustainable Strategic Management,211,1,10,86,1.0,8,0,0.0,False,False,True
2736251538,The Review of Corporate Finance Studies,211,1,15,101,1.0,16,3,0.188,False,False,True
2735409286,The Review of Asset Pricing Studies,210,1,15,88,1.0,16,0,0.0,False,False,True
2737852900,Review of Economic Analysis,209,1,16,94,0.851,17,0,0.0,False,False,True
4210226929,South Asian Journal of Human Resources Management,209,1,12,82,1.0,10,1,0.1,False,False,True
82530445,Romanian Journal of Economic Forecasting,207,1,115,10,1.0,0,0,0.0,False,False,True
4210176257,Journal of Management Science and Engineering,207,1,10,141,0.993,17,1,0.059,False,False,True
2898343181,Wine Economics and Policy,206,1,14,56,1.0,7,0,0.0,False,False,True
4210219127,International Journal of Economic Sciences,203,1,13,86,1.0,10,0,0.0,False,False,True
183802457,The Journal of Operational Risk,200,1,16,28,0.714,2,0,0.0,False,False,True
4210190667,Asian Journal of Accounting Research,198,1,10,115,1.0,15,0,0.0,False,False,True
4210175456,The ATA Journal of Legal Tax Research,198,1,23,24,0.833,4,0,0.0,False,False,True
81297664,Journal of Chinese Human Resource Management,197,1,15,79,0.646,12,0,0.0,False,False,True
4210175380,Revista Perspectiva Empresarial,197,1,11,88,1.0,10,0,0.0,False,False,True
4210181789,Journal of the International Council for Small Business,197,1,6,176,1.0,19,1,0.053,False,False,True
2738214312,The South East Asian Journal of Management,197,1,18,63,0.778,10,0,0.0,False,False,True
4210229174,American J of Finance and Accounting,196,1,8,141,0.858,15,0,0.0,False,False,True
4210177368,Journal of International Business Research and Marketing,194,1,8,105,1.0,25,0,0.0,False,False,True
4210200043,International Journal of Business Analytics,194,1,11,85,0.988,14,0,0.0,False,False,True
127111275,Accounting and the Public Interest,189,1,24,35,0.857,5,0,0.0,False,False,True
112380952,FIU hospitality review,188,1,31,9,1.0,0,0,0.0,False,False,True
2737717374,Ekonomska misao i praksa,188,1,47,71,1.0,5,0,0.0,False,False,True
2739303216,Journal of Tax Reform,188,1,10,117,1.0,15,0,0.0,False,False,True
2764908861,The Journal of Gambling Business and Economics,187,1,16,39,0.513,9,0,0.0,False,False,True
2898365741,European Journal of Family Business,187,1,14,79,0.747,10,0,0.0,False,False,True
4210218074,International Journal of Modelling in Operations Management,187,1,8,121,1.0,16,0,0.0,False,False,True
2765036361,The Journal of Risk Model Validation,184,1,15,32,0.781,4,0,0.0,False,False,True
2737541009,International journal of information systems and project management,181,1,12,79,0.987,20,0,0.0,False,False,True
2737307029,Clío América,180,1,18,78,0.872,10,0,0.0,False,False,True
2735620406,Journal of Professions and Organization,180,1,12,80,0.925,12,1,0.083,False,False,True
4210174288,American Economic Review Insights,179,1,6,156,1.0,20,2,0.1,False,False,True
161601701,Journal of Technology Management in China,179,1,9,97,0.866,15,0,0.0,False,False,True
4210194271,International Journal of Applied Behavioral Economics,178,1,12,69,0.957,13,0,0.0,False,False,True
2764434733,Low Carbon Economy,178,1,15,27,1.0,3,0,0.0,False,False,True
2898493639,Journal of Co-operative Organization and Management,176,1,13,75,1.0,8,0,0.0,False,False,True
4210232289,Annals in Social Responsibility,176,1,10,117,1.0,10,0,0.0,False,False,True
2764469589,Journal of Business Administration Research,176,1,13,45,1.0,8,0,0.0,False,False,True
4404675641,International journal of business science & applied management.,171,1,19,52,1.0,11,0,0.0,False,False,True
4210237991,International Journal of Electronic Banking,168,1,5,168,0.958,17,1,0.059,False,False,True
22585208,Advances in consumer research,164,1,47,14,0.714,0,0,0.0,False,False,True
4210189864,The Economics and Finance Letters,164,1,11,114,1.0,14,0,0.0,False,False,True
4210188400,The Journal of Energy Markets,163,1,13,29,1.0,5,0,0.0,False,False,True
131077017,International Journal of Behavioural Accounting and Finance,162,1,7,112,1.0,16,0,0.0,False,False,True
76900604,International Journal of Strategic Change Management,161,1,8,89,1.0,15,1,0.067,False,False,True
4210169265,VISIÓN GERENCIAL,159,1,23,54,1.0,3,0,0.0,False,False,True
4210207244,WPOM - Working Papers on Operations Management,157,1,15,39,1.0,8,0,0.0,False,False,True
191007255,International Review of Environmental and Resource Economics,157,1,18,54,1.0,15,0,0.0,False,False,True
2764417826,The international journal of business and finance research,155,1,14,49,1.0,9,0,0.0,False,False,True
4210196821,International Journal of Finance,153,1,9,110,0.991,22,0,0.0,False,False,True
4210219827,Food Economics - Acta Agriculturae Scandinavica Section C,152,1,8,97,1.0,16,0,0.0,False,False,True
2764478856,Journal of finance and investment analysis,151,1,9,56,0.964,12,0,0.0,False,False,True
4210209416,Green Finance,151,1,6,123,1.0,20,0,0.0,False,False,True
4210226497,Critical Finance Review,147,1,13,72,0.986,10,1,0.1,False,False,True
90027464,Journal of Time Series Econometrics,147,1,17,35,0.771,8,0,0.0,False,False,True
4210181162,Journal of Service Management Research,146,1,8,99,1.0,18,0,0.0,False,False,True
4210191533,Customer Needs and Solutions,146,1,11,47,0.638,9,0,0.0,False,False,True
69065261,International Journal of Inventory Research,146,1,6,125,1.0,16,0,0.0,False,False,True
4210172917,International Review of Business Research Papers,144,1,48,72,1.0,7,0,0.0,False,False,True
2764549467,Engineering Management Research,144,1,9,62,1.0,8,0,0.0,False,False,True
2764477379,Islamic Economic Studies,141,1,32,35,1.0,7,0,0.0,False,False,True
4210219378,Journal of Financial Reporting,140,1,10,72,0.889,8,0,0.0,False,False,True
4210190792,South Asian Journal of Macroeconomics and Public Finance,139,1,13,51,1.0,10,0,0.0,False,False,True
55985146,International Journal of Services Sciences,139,1,7,99,1.0,14,1,0.071,False,False,True
73660788,International Journal of Strategic Business Alliances,137,1,7,91,1.0,13,0,0.0,False,False,True
2898418539,International Journal of Innovation Studies,136,1,9,91,0.989,17,0,0.0,False,False,True
4210189494,Applied Finance Letters,136,1,13,87,1.0,4,0,0.0,False,False,True
4210168891,International Journal of Supply Chain and Operations Resilience,136,1,6,108,1.0,14,0,0.0,False,False,True
74137692,International Journal of Technoentrepreneurship,134,1,5,134,0.873,18,0,0.0,False,False,True
2898431940,The Journal of Finance and Data Science,134,1,10,76,0.987,0,0,0.0,False,False,True
4210220799,Business and Management Horizons,132,1,12,37,1.0,8,0,0.0,False,False,True
4210219734,National Accounting Review,131,1,6,125,1.0,20,0,0.0,False,False,True
83383069,International Journal of Quality and Innovation,129,1,6,89,1.0,11,0,0.0,False,False,True
2764922153,Central European Journal of Economic Modelling and Econometrics,128,1,13,43,1.0,8,0,0.0,False,False,True
959550399,New Perspectives on Political Economy,128,1,20,32,1.0,6,0,0.0,False,False,True
2738087221,Triple Helix Journal,124,1,11,58,1.0,11,0,0.0,False,False,True
69604123,Review of Marketing Science,118,1,23,48,0.917,4,0,0.0,False,False,True
2764696955,Issues in Social and Environmental Accounting,117,1,10,56,1.0,13,0,0.0,False,False,True
2764472725,International journal of management and business research,114,1,14,35,1.0,5,0,0.0,False,False,True
154432073,Foundations and Trends® in Technology Information and Operations Management,111,1,18,41,1.0,4,0,0.0,False,False,True
4210176281,Technology Transfer and Entrepreneurship,109,1,7,73,0.836,8,0,0.0,False,False,True
4210216314,Journal of Strategic Contracting and Negotiation,107,1,7,66,1.0,15,0,0.0,False,False,True
4210199421,Journal of CENTRUM Cathedra (JCC) The Business and Economics Research Journal,107,1,10,35,0.8,7,0,0.0,False,False,True
2898448967,Review of Development Finance,104,1,10,53,1.0,9,0,0.0,False,False,True
4210198154,Algorithmic Finance,103,1,10,38,1.0,9,0,0.0,False,False,True
4210214325,Journal of Global Economic Analysis,102,1,9,39,0.872,9,0,0.0,False,False,True
4210183118,Indian Journal of Commerce & Management Studies,97,1,11,43,0.837,7,0,0.0,False,False,True
4210213268,The Journal of Financial Market Infrastructures,97,1,8,56,0.839,11,0,0.0,False,False,True
4210231521,Data Science in Finance and Economics,95,1,4,95,1.0,15,0,0.0,False,False,True
4210203057,China Economic Quarterly International,94,1,5,94,1.0,16,0,0.0,False,False,True
73201759,Foundations and Trends® in Entrepreneurship,91,1,20,33,1.0,0,0,0.0,False,False,True
4210208962,AIS Educator Journal,89,1,19,26,1.0,5,0,0.0,False,False,True
4210215409,Asia Pacific Journal of Advanced Business and Social Studies,89,1,4,89,0.652,3,0,0.0,False,False,True
4210175461,Global Review of Accounting and Finance,86,1,10,82,1.0,9,0,0.0,False,False,True
41123332,Journal of Knowledge-based Innovation in China,86,1,5,86,0.86,15,0,0.0,False,False,True
2764902226,American Journal of Economics,83,1,10,83,1.0,9,0,0.0,False,False,True
4210202938,Modern Supply Chain Research and Applications,80,1,7,58,1.0,13,0,0.0,False,False,True
4210195752,The Journal of Investment Strategies,79,1,10,19,0.684,1,0,0.0,False,False,True
4210176215,Case Studies in Business and Management,75,1,10,16,1.0,2,0,0.0,False,False,True
4210198794,Asia and the Global Economy,72,1,5,72,1.0,9,0,0.0,False,False,True
2764351440,Accounting & taxation,71,1,13,30,1.0,4,0,0.0,False,False,True
4210204738,Journal of Marketing Behavior,69,1,4,69,1.0,12,0,0.0,False,False,True
4210191553,Journal of Law Finance and Accounting,67,1,8,36,1.0,9,0,0.0,False,False,True
4210225012,Journal of Entrepreneurship and Business Innovation,65,1,11,31,1.0,8,0,0.0,False,False,True
5406982871,Financial Planning Research Journal,59,1,11,19,0.684,4,0,0.0,False,False,True
98018944,Journal of business market management,58,1,8,33,1.0,7,0,0.0,False,False,True
2764920710,International journal of management and marketing research,56,1,14,18,1.0,3,0,0.0,False,False,True
4306522742,Politica economica,53,1,92,11,1.0,0,0,0.0,False,False,True
997943089,Foundations and Trends® in Marketing,51,1,19,15,1.0,0,0,0.0,False,False,True
4210231152,International Journal of Economics,43,1,55,37,1.0,6,0,0.0,False,False,True
4210228977,The Journal of Network Theory in Finance,37,1,5,37,0.838,6,0,0.0,False,False,True
149627586,Foundations and Trends® in Microeconomics,32,1,12,13,1.0,0,0,0.0,False,False,True
4210211425,Annals of Corporate Governance,24,1,8,19,1.0,1,0,0.0,False,False,True
5407051071,International Journal of Management and Business,20,1,2,20,1.0,3,0,0.0,False,False,True
2738303727,Revista de estudios empresariales,17,1,186,17,1.0,1,0,0.0,False,False,True
5407051845,The Journal of Applied Management Accounting Research,16,1,22,16,1.0,3,0,0.0,False,False,True
4210189591,Division of Labour & Transaction Costs,15,1,3,15,1.0,4,0,0.0,False,False,True
2764904267,Tamara Journal for Critical Organization Inquiry,13,1,18,9,1.0,0,0,0.0,False,False,True
2764876032,International Journal of Finance and Accounting,13,1,13,13,1.0,3,0,0.0,False,False,True
4210181410,Insurance Markets and Companies Analyses and Actuarial Computations,9,1,8,7,1.0,0,0,0.0,False,False,True
4210240270,International Journal of Applied Business and Economic Research,2,1,16,2,1.0,0,0,0.0,False,False,True
36178057,Economics Letters,9191,1,257,84,1.0,0,0,0.0,False,False,False
201533460,Applied Economics,9033,13,58,2005,1.0,239,1,0.004,False,False,False
76633192,Journal of Business Ethics,8112,10,202,115,1.0,13,0,0.0,False,False,False
96544531,Applied Economics Letters,7438,7,203,1382,1.0,65,2,0.031,False,False,False
39307421,Technological Forecasting and Social Change,6953,63,213,193,1.0,0,0,0.0,False,False,False
184816971,International Journal of Production Economics,6886,63,545,54,0.981,0,0,0.0,False,False,False
136211407,Ecological Economics,6765,32,230,128,1.0,0,0,0.0,False,False,False
57667410,Annals of Operations Research,6669,93,357,176,1.0,11,2,0.182,False,False,False
94499970,Energy Economics,6302,15,148,191,1.0,0,0,0.0,False,False,False
23254222,American Economic Review,5637,3,115,421,1.0,49,9,0.184,False,False,False
141184754,Economic Modelling,5442,5,144,115,1.0,0,0,0.0,False,False,False
50366009,Urban Studies,5074,7,62,916,0.999,74,8,0.108,False,False,False
21668869,Strategic Direction,4153,18,40,760,1.0,60,0,0.0,False,False,False
4210230633,International Journal of Business and Management,4141,3,20,446,1.0,37,0,0.0,False,False,False
4210209709,Health Policy,3943,50,163,44,1.0,0,0,0.0,False,False,False
168273071,International Review of Economics & Finance,3689,9,98,433,1.0,0,0,0.0,False,False,False
25235501,Journal of Retailing and Consumer Services,3684,7,84,279,1.0,0,0,0.0,False,False,False
127742747,Journal of Econometrics,3457,94,252,65,1.0,1,0,0.0,False,False,False
9731383,Research Policy,3411,20,54,699,1.0,42,2,0.048,False,False,False
145572626,International Review of Financial Analysis,3410,9,104,336,1.0,0,0,0.0,False,False,False
148599315,International Journal of Hospitality Management,3408,19,126,209,1.0,0,0,0.0,False,False,False
91754907,American Journal of Agricultural Economics,3398,82,108,268,1.0,18,0,0.0,False,False,False
88020226,The Business History Review,3357,6,233,390,0.959,16,1,0.062,False,False,False
31748134,Industrial Marketing Management,3347,29,414,70,0.971,0,0,0.0,False,False,False
154010748,Management Decision,3137,38,64,667,1.0,49,1,0.02,False,False,False
165492527,The Economic History Review,3132,53,78,361,1.0,20,0,0.0,False,False,False
44585919,Journal of Economic Dynamics and Control,3060,4,172,67,1.0,0,0,0.0,False,False,False
69799158,Human Resource Management International Digest,3035,8,33,448,1.0,29,0,0.0,False,False,False
122073985,The Journal of Economic History,3015,11,345,56,0.929,5,0,0.0,False,False,False
166264140,Emerging Markets Finance and Trade,2991,2,61,1060,1.0,66,12,0.182,False,False,False
149131268,Journal of Economic Theory,2978,90,224,64,1.0,0,0,0.0,False,False,False
149070780,Production and Operations Management,2946,9,35,767,1.0,47,9,0.191,False,False,False
166002381,Journal of Applied Psychology,2944,5,110,487,1.0,55,1,0.018,False,False,False
145200904,Health Economics,2930,1,34,622,1.0,54,2,0.037,False,False,False
7424199,Public Choice,2895,102,204,123,1.0,9,0,0.0,False,False,False
178258306,Empirical Economics,2822,13,68,430,1.0,28,0,0.0,False,False,False
125977778,International Journal of Contemporary Hospitality Management,2809,12,37,887,1.0,53,2,0.038,False,False,False
199447588,Journal of Public Economics,2751,29,242,75,1.0,0,0,0.0,False,False,False
205793605,Business Strategy and the Environment,2724,7,34,1444,1.0,34,0,0.0,False,False,False
149240962,Journal of Financial Economics,2675,19,233,34,1.0,0,0,0.0,False,False,False
41416626,Harvard business review,2662,5,98,335,0.997,23,0,0.0,False,False,False
43019230,PharmacoEconomics,2521,2,43,438,1.0,56,2,0.036,False,False,False
45992627,The Economic Journal,2516,6,489,369,0.997,29,5,0.172,False,False,False
28882882,Organization Studies,2515,21,47,354,1.0,43,2,0.047,False,False,False
4210190151,Omega,2499,28,133,98,1.0,0,0,0.0,False,False,False
152897404,Research-Technology Management,2497,43,68,286,1.0,25,0,0.0,False,False,False
102949365,Strategic Management Journal,2490,15,455,235,0.991,30,2,0.067,False,False,False
8133038,Research in International Business and Finance,2458,16,75,269,1.0,0,0,0.0,False,False,False
10747938,Journal of International Money and Finance,2449,3,215,59,0.983,0,0,0.0,False,False,False
89389284,European Journal of Marketing,2408,4,59,491,1.0,53,0,0.0,False,False,False
138400101,Managerial and Decision Economics,2395,21,46,1213,1.0,36,1,0.028,False,False,False
170137484,Review of Financial Studies,2393,13,39,356,1.0,41,0,0.0,False,False,False
86125002,Environmental and Resource Economics,2386,15,88,223,1.0,25,2,0.08,False,False,False
41869786,Small Business Economics,2353,14,65,306,1.0,17,0,0.0,False,False,False
101209419,Journal of Development Economics,2340,61,175,97,1.0,0,0,0.0,False,False,False
157600745,International Journal of Productivity and Performance Management,2333,53,74,639,1.0,43,2,0.047,False,False,False
152282257,Journal of Corporate Finance,2321,6,92,69,1.0,0,0,0.0,False,False,False
5353659,The Journal of Finance,2315,1,80,384,1.0,26,2,0.077,False,False,False
117778295,Academy of Management Journal,2288,43,68,304,1.0,27,4,0.148,False,False,False
93666758,Journal of Economic Issues,2260,34,58,465,1.0,20,0,0.0,False,False,False
160506855,The Accounting Review,2246,71,100,563,0.918,29,0,0.0,False,False,False
95464858,Econometrica,2231,68,101,388,0.876,24,0,0.0,False,False,False
165057322,Production Planning & Control,2227,11,37,417,1.0,58,1,0.017,False,False,False
1014724869,Economic Research-Ekonomska Istraživanja,2206,3,37,1264,0.652,7,1,0.143,False,False,False
29049940,Pacific-Basin Finance Journal,2200,8,93,119,1.0,0,0,0.0,False,False,False
99242495,Journal of Air Transport Management,2199,6,124,49,1.0,0,0,0.0,False,False,False
29659387,Industrial and Commercial Training,2192,32,57,136,1.0,16,0,0.0,False,False,False
130699561,Technology Analysis and Strategic Management,2192,12,38,818,1.0,50,2,0.04,False,False,False
102896891,Psychology and Marketing,2183,17,42,696,1.0,51,1,0.02,False,False,False
119587767,Journal of Business and Industrial Marketing,2168,15,40,748,1.0,55,1,0.018,False,False,False
37320504,Industrial Management & Data Systems,2164,90,126,398,1.0,39,2,0.051,False,False,False
579031,Economic Theory,2152,3,80,157,1.0,17,2,0.118,False,False,False
39841227,International Journal of Forecasting,2144,14,41,467,0.998,20,5,0.25,False,False,False
16296580,Southern Economic Journal,2139,66,92,212,1.0,18,2,0.111,False,False,False
28703636,Journal of Corporate Accounting & Finance,2136,11,36,269,1.0,18,0,0.0,False,False,False
49131624,International Journal of Social Economics,2118,27,52,483,1.0,58,1,0.017,False,False,False
6711363,Journal of Monetary Economics,2087,7,155,61,1.0,0,0,0.0,False,False,False
70698675,Technovation,2040,5,140,63,1.0,0,0,0.0,False,False,False
206124708,Organization Science,2037,11,54,30,1.0,5,1,0.2,False,False,False
19645890,China Economic Review,2013,11,90,122,1.0,0,0,0.0,False,False,False
4210175534,Financial and credit activity problems of theory and practice,2013,1,6,1523,0.999,33,0,0.0,False,False,False
206615888,Economic Inquiry,1997,38,64,236,1.0,14,0,0.0,False,False,False
198098467,Journal of International Economics,1991,1,158,71,1.0,0,0,0.0,False,False,False
122767448,Journal of Management,1983,26,52,369,1.0,33,2,0.061,False,False,False
113237667,Business Horizons,1975,3,68,338,0.991,28,0,0.0,False,False,False
155526628,The North American Journal of Economics and Finance,1974,11,76,196,1.0,0,0,0.0,False,False,False
134988049,Econometric Reviews,1966,4,195,33,1.0,5,0,0.0,False,False,False
98984247,Computational Economics,1963,15,66,530,1.0,26,1,0.038,False,False,False
50631486,Journal of Knowledge Management,1961,4,29,579,1.0,49,2,0.041,False,False,False
173807628,International Journal of Consumer Studies,1959,25,49,486,0.712,25,1,0.04,False,False,False
166621295,Journal of Health Economics,1954,3,101,37,1.0,0,0,0.0,False,False,False
120991925,Telecommunications Policy,1934,24,49,423,0.995,41,1,0.024,False,False,False
61446109,Human Relations,1934,5,607,263,1.0,45,0,0.0,False,False,False
4210181832,Total Quality Management & Business Excellence,1932,12,36,369,1.0,34,2,0.059,False,False,False
143806524,The Journal of Portfolio Management,1931,26,51,545,1.0,44,0,0.0,False,False,False
12818680,Corporate Social Responsibility and Environmental Management,1928,9,32,1022,1.0,26,1,0.038,False,False,False
184351885,Managerial Finance,1924,26,51,446,1.0,55,1,0.018,False,False,False
180061323,The Review of Economics and Statistics,1907,82,108,409,0.993,25,5,0.2,False,False,False
3030835295,Economic Affairs,1903,20,45,229,1.0,12,0,0.0,False,False,False
145429826,Journal of Consumer Research,1889,26,52,285,1.0,27,0,0.0,False,False,False
2058785,Journal of money credit and banking,1888,8,57,331,1.0,36,2,0.056,False,False,False
127708089,Journal of Economic Literature,1887,7,63,272,1.0,16,1,0.062,False,False,False
2898574612,Economic Analysis and Policy,1881,30,85,429,1.0,0,0,0.0,False,False,False
81159284,International Journal of Quality & Reliability Management,1865,17,42,502,1.0,46,2,0.043,False,False,False
125273398,The Quarterly Review of Economics and Finance,1865,40,100,70,1.0,0,0,0.0,False,False,False
4210224324,Accounting Auditing & Accountability Journal,1838,13,38,443,0.993,37,0,0.0,False,False,False
164321952,International Journal of Operations & Production Management,1836,20,45,405,0.998,59,0,0.0,False,False,False
163774179,Labour Economics,1835,7,92,113,1.0,0,0,0.0,False,False,False
4210168539,Science and Public Policy,1833,27,52,361,1.0,27,1,0.037,False,False,False
165789823,Journal of Consumer Marketing,1826,17,42,259,1.0,29,0,0.0,False,False,False
93630570,Journal of Product Innovation Management,1817,17,42,200,1.0,28,1,0.036,False,False,False
105567970,European Management Journal,1813,18,43,401,0.995,30,4,0.133,False,False,False
151705444,Journal of Management Studies,1811,14,62,461,0.991,39,7,0.179,False,False,False
23343376,International Business Review,1804,9,34,377,1.0,26,4,0.154,False,False,False
35128040,Applied Financial Economics,1802,10,24,721,1.0,118,0,0.0,False,False,False
202934171,Journal of Mathematical Economics,1780,24,116,67,1.0,0,0,0.0,False,False,False
81022070,Journal of Policy Modeling,1776,1,47,312,1.0,27,2,0.074,False,False,False
38024979,Journal of International Business Studies,1774,31,73,319,1.0,32,3,0.094,False,False,False
201928713,Review of Radical Political Economics,1773,32,57,249,1.0,20,1,0.05,False,False,False
100134864,European Journal of Political Economy,1766,15,90,84,1.0,0,0,0.0,False,False,False
107325288,Social Choice and Welfare,1766,5,65,135,1.0,16,2,0.125,False,False,False
4210189271,Leadership & Organization Development Journal,1757,21,46,319,1.0,34,0,0.0,False,False,False
139232146,Personnel Review,1754,19,54,513,1.0,39,2,0.051,False,False,False
4210171597,Accounting and Finance,1750,22,65,744,1.0,27,0,0.0,False,False,False
4210239688,Communications of the Association for Information Systems,1750,3,55,222,0.995,5,0,0.0,False,False,False
160573970,Journal of Organizational Behavior,1745,1,46,341,1.0,41,1,0.024,False,False,False
200872515,Journal of Environmental Economics and Management,1735,39,130,75,1.0,0,0,0.0,False,False,False
83145862,History of Political Economy,1696,12,57,272,1.0,26,0,0.0,False,False,False
136612413,Journal of Futures Markets,1683,20,45,390,1.0,50,2,0.04,False,False,False
65528657,Journal of Regional Science,1653,30,65,222,1.0,22,0,0.0,False,False,False
163534328,Marketing Science,1640,1,49,127,1.0,11,0,0.0,False,False,False
183232449,International Journal of Industrial Organization,1637,3,103,35,1.0,0,0,0.0,False,False,False
65353606,International Journal of Retail & Distribution Management,1636,28,53,360,1.0,50,0,0.0,False,False,False
119950638,Journal of Marketing Research,1631,16,62,277,1.0,28,2,0.071,False,False,False
204305389,Journal of Management Development,1623,19,44,150,1.0,26,1,0.038,False,False,False
62110574,Review of Quantitative Finance and Accounting,1618,14,66,182,1.0,15,1,0.067,False,False,False
176795851,Journal of Macroeconomics,1610,10,83,46,1.0,0,0,0.0,False,False,False
58171247,Journal of Product & Brand Management,1607,9,34,341,1.0,35,1,0.029,False,False,False
95323914,Journal of Political Economy,1604,66,133,437,0.888,53,6,0.113,False,False,False
130179515,Economic Record,1597,27,101,235,1.0,20,0,0.0,False,False,False
18095783,Journal of Business and Economic Statistics,1595,18,43,483,0.998,20,3,0.15,False,False,False
95496512,Review of Development Economics,1589,4,29,454,1.0,19,0,0.0,False,False,False
2508752,Business Process Management Journal,1585,6,31,458,1.0,36,0,0.0,False,False,False
980556082,Agricultural Economics (Zemědělská ekonomika),1582,46,70,259,0.977,60,0,0.0,False,False,False
66510378,Critical Perspectives on Accounting,1565,11,101,103,1.0,0,0,0.0,False,False,False
65924262,Contemporary Accounting Research,1557,17,42,366,0.986,17,0,0.0,False,False,False
67103694,Cambridge Journal of Economics,1553,24,49,239,0.983,24,1,0.042,False,False,False
69458508,Journal of Asian Economics,1552,7,97,94,1.0,0,0,0.0,False,False,False
201037040,International Journal of Manpower,1524,21,46,387,1.0,40,2,0.05,False,False,False
197145128,Journal of Organizational Change Management,1510,13,38,309,1.0,31,3,0.097,False,False,False
203746597,The Annals of Regional Science,1506,34,74,202,0.965,15,1,0.067,False,False,False
101788309,Papers of the Regional Science Association,1505,79,104,248,1.0,25,0,0.0,False,False,False
71783669,Review of International Economics,1501,8,33,249,1.0,22,0,0.0,False,False,False
142990027,Journal of Marketing,1498,64,89,265,1.0,29,1,0.034,False,False,False
107631327,Regional Science and Urban Economics,1486,30,111,45,1.0,0,0,0.0,False,False,False
174129883,Economic Outlook,1480,24,48,320,1.0,20,0,0.0,False,False,False
67638930,Structural Change and Economic Dynamics,1453,11,73,199,1.0,0,0,0.0,False,False,False
191031105,Asia Pacific Journal of Marketing and Logistics,1441,4,650,432,0.998,31,1,0.032,False,False,False
49396926,Thunderbird International Business Review,1438,42,67,235,1.0,27,2,0.074,False,False,False
122161766,Journal of Forecasting,1435,19,44,505,0.998,36,0,0.0,False,False,False
162525099,Financial Analysts Journal,1434,14,81,118,0.975,17,0,0.0,False,False,False
143668711,Administrative Science Quarterly,1433,25,70,231,0.545,18,0,0.0,False,False,False
48254654,Journal of Business Finance &amp Accounting,1431,1,52,301,1.0,23,0,0.0,False,False,False
184126201,British Journal of Management,1431,11,36,460,0.993,19,4,0.211,False,False,False
9435936,Long Range Planning,1428,33,58,231,1.0,25,2,0.08,False,False,False
84664706,Personnel Psychology,1427,53,78,220,1.0,18,3,0.167,False,False,False
202812398,Information Systems Research,1426,11,36,442,0.964,19,0,0.0,False,False,False
180851279,Journal of Services Marketing,1425,14,39,317,1.0,39,0,0.0,False,False,False
76440981,Canadian Journal of Economics/Revue canadienne d économique,1422,33,58,228,1.0,18,1,0.056,False,False,False
158705510,Journal of Economic Studies,1420,27,52,457,1.0,41,0,0.0,False,False,False
92522684,Journal of the Academy of Marketing Science,1419,5,53,329,1.0,28,2,0.071,False,False,False
17986141,Journal of Management Inquiry,1419,9,35,105,1.0,16,0,0.0,False,False,False
82316188,European Journal of Finance,1417,6,31,380,1.0,74,5,0.068,False,False,False
114571967,National Institute Economic Review,1417,5,270,32,0.844,0,0,0.0,False,False,False
4210168092,Journal of the History of Economic Thought,1416,2,47,257,0.938,18,0,0.0,False,False,False
149064342,Mathematical Social Sciences,1415,39,134,33,1.0,0,0,0.0,False,False,False
85739584,Journal of Applied Econometrics,1415,15,40,256,0.984,30,1,0.033,False,False,False
14567820,The Journal of developing areas,1413,20,58,361,0.737,20,0,0.0,False,False,False
107033909,Journal of Economics,1410,71,145,56,1.0,13,0,0.0,False,False,False
145875555,Journal of Empirical Finance,1404,7,80,76,1.0,0,0,0.0,False,False,False
2739393555,Journal of Agricultural and Applied Economics,1402,26,56,189,0.937,20,0,0.0,False,False,False
97548893,American Journal of Economics and Sociology,1401,59,84,220,1.0,22,0,0.0,False,False,False
182666042,Naval Research Logistics (NRL),1391,39,72,278,1.0,36,2,0.056,False,False,False
144472306,Journal of Manufacturing Technology Management,1388,15,36,338,1.0,40,0,0.0,False,False,False
138645024,Journal of Comparative Economics,1381,28,53,230,0.97,17,0,0.0,False,False,False
88935262,The Review of Economic Studies,1380,67,92,435,1.0,30,4,0.133,False,False,False
49389958,Econometric Theory,1378,16,66,153,0.922,24,6,0.25,False,False,False
134094273,Human Resource Management,1374,1,64,224,1.0,26,0,0.0,False,False,False
59289252,Intereconomics,1367,35,59,360,1.0,30,1,0.033,False,False,False
25359449,International Advances in Economic Research,1365,6,35,112,1.0,13,0,0.0,False,False,False
4210206027,Journal of Education for Business,1364,75,100,237,1.0,30,0,0.0,False,False,False
29817978,Marketing Intelligence & Planning,1361,18,43,297,1.0,36,1,0.028,False,False,False
170231156,International Journal of Entrepreneurial Behaviour & Research,1360,6,473,284,0.996,25,3,0.12,False,False,False
185905316,The Journal of Technology Transfer,1360,3,50,386,1.0,29,3,0.103,False,False,False
201731998,Local Economy The Journal of the Local Economy Policy Unit,1359,14,39,211,1.0,34,0,0.0,False,False,False
162526994,International Journal of Market Research,1345,1,67,202,1.0,25,3,0.12,False,False,False
72880728,The Journal of Economic Perspectives,1337,2,38,223,1.0,20,0,0.0,False,False,False
187788904,Journal of Hospitality and Tourism Management,1337,13,64,111,1.0,0,0,0.0,False,False,False
105799767,European Journal of the History of Economic Thought,1329,7,32,316,1.0,27,0,0.0,False,False,False
1558358,Journal of Business Strategy,1320,21,46,198,1.0,24,5,0.208,False,False,False
187626162,Entrepreneurship Theory and Practice,1302,24,49,273,1.0,27,4,0.148,False,False,False
2764983799,Journal of Distribution Science,1301,2,19,491,1.0,55,0,0.0,False,False,False
145507837,Industrial and Corporate Change,1298,9,34,277,0.982,29,2,0.069,False,False,False
118000741,The Journal of Investing,1296,9,34,204,1.0,24,0,0.0,False,False,False
147692640,Journal of Urban Economics,1292,47,145,62,1.0,0,0,0.0,False,False,False
179979277,International Economic Review,1288,1,66,230,1.0,18,2,0.111,False,False,False
78792899,Journal of Small Business Management,1287,38,63,371,0.976,30,3,0.1,False,False,False
99768379,Management Learning,1283,31,56,225,1.0,24,4,0.167,False,False,False
77308338,Corporate Governance An International Review,1279,8,33,255,1.0,29,1,0.034,False,False,False
108845946,Economica,1272,67,92,194,0.948,19,0,0.0,False,False,False
136661304,Managerial Auditing Journal,1272,15,40,173,1.0,32,2,0.062,False,False,False
2764734295,Management Theory and Studies for Rural Business and Infrastructure Development,1264,1,46,251,1.0,18,1,0.056,False,False,False
43637407,R and D Management,1259,10,55,279,0.996,24,2,0.083,False,False,False
48957891,The TQM Journal,1257,20,37,568,1.0,40,2,0.05,False,False,False
19358283,International Journal of Advertising,1256,19,265,247,1.0,31,1,0.032,False,False,False
148503350,Queueing Systems,1250,34,109,43,0.907,9,0,0.0,False,False,False
2875300,Review of International Political Economy,1248,7,32,371,1.0,26,4,0.154,False,False,False
53726244,Journal of Managerial Psychology,1245,15,40,212,1.0,35,0,0.0,False,False,False
94775995,European Business Review,1242,12,37,198,0.965,27,0,0.0,False,False,False
143995394,Journal of World Business,1240,35,60,222,1.0,26,0,0.0,False,False,False
4210206464,International journal of organizational analysis,1231,13,33,639,1.0,41,1,0.024,False,False,False
105430050,Journal of World Trade,1223,34,59,178,1.0,25,0,0.0,False,False,False
3354691,Journal of Small Business and Enterprise Development,1222,7,32,269,1.0,32,1,0.031,False,False,False
3416249,Review of Industrial Organization,1219,16,67,92,1.0,14,0,0.0,False,False,False
126160977,Mathematical Methods of Operations Research,1214,24,101,82,1.0,12,0,0.0,False,False,False
116184629,National Tax Journal,1205,18,78,162,0.994,16,0,0.0,False,False,False
976474146,Politická ekonomie,1205,46,73,147,1.0,25,0,0.0,False,False,False
107859553,International Small Business Journal Researching Entrepreneurship,1204,13,43,185,1.0,36,0,0.0,False,False,False
185930956,Contemporary Economic Policy,1199,18,43,179,1.0,19,0,0.0,False,False,False
42678134,Journal of Hospitality & Tourism Research,1194,24,50,334,0.982,33,7,0.212,False,False,False
55074384,The B E Journal of Economic Analysis & Policy,1191,5,25,195,0.918,17,0,0.0,False,False,False
174413665,Review of Income and Wealth,1188,46,71,223,0.771,19,3,0.158,False,False,False
26073974,Oxford Economic Papers,1182,6,77,245,1.0,19,2,0.105,False,False,False
4210177023,Brazilian Journal of Political Economy,1178,4,45,212,0.835,17,1,0.059,False,False,False
100141487,Growth and Change,1176,31,56,309,0.783,17,2,0.118,False,False,False
107036887,Asia Pacific Journal of Management,1173,17,42,338,1.0,20,3,0.15,False,False,False
4394735563,Journal of applied corporate finance,1173,12,36,235,1.0,20,0,0.0,False,False,False
116483603,Journal of Risk & Insurance,1172,67,92,152,1.0,17,0,0.0,False,False,False
61992289,Journal of Advertising Research,1170,40,64,157,0.975,19,0,0.0,False,False,False
35298862,Journal of Macromarketing,1170,20,50,189,1.0,13,2,0.154,False,False,False
66524056,Journal of Business Economics and Management,1166,3,25,354,1.0,30,0,0.0,False,False,False
170810187,International Journal of Bank Marketing,1165,18,43,333,1.0,32,0,0.0,False,False,False
117460449,Asia Pacific Business Review,1165,6,31,260,1.0,24,3,0.125,False,False,False
187270080,European Journal of Work and Organizational Psychology,1162,9,34,276,0.996,28,1,0.036,False,False,False
61413993,Journal of Business and Psychology,1161,14,40,335,1.0,28,0,0.0,False,False,False
90149737,European Journal of Innovation Management,1160,3,57,513,1.0,29,2,0.069,False,False,False
27632631,Journal of Brand Management,1160,7,32,161,1.0,26,0,0.0,False,False,False
173896063,Property Management,1157,3,43,182,1.0,22,0,0.0,False,False,False
59007373,Supply Chain Management An International Journal,1156,1,30,235,1.0,28,0,0.0,False,False,False
41302103,International Journal of Physical Distribution & Logistics Management,1143,30,55,191,1.0,37,0,0.0,False,False,False
11810700,International Journal of Research in Marketing,1143,1,42,279,0.953,20,0,0.0,False,False,False
203860005,The Quarterly Journal of Economics,1139,115,246,6,1.0,0,0,0.0,False,False,False
6450948,Issues in Accounting Education,1138,11,401,27,0.963,2,0,0.0,False,False,False
149285975,Land Economics,1137,4,101,216,0.981,18,0,0.0,False,False,False
92565720,Oxford Bulletin of Economics and Statistics,1132,62,87,227,1.0,27,0,0.0,False,False,False
184446198,Journal of Public Economic Theory,1132,2,27,207,0.729,24,0,0.0,False,False,False
4210230413,Management Research Review,1129,33,48,363,1.0,52,0,0.0,False,False,False
128621090,The Journal of Economic Education,1122,1,56,165,1.0,17,0,0.0,False,False,False
146242404,New Political Economy,1122,1,30,283,1.0,26,0,0.0,False,False,False
2764412428,Investment Management and Financial Innovations,1118,2,22,495,1.0,17,0,0.0,False,False,False
120518121,Atlantic Economic Journal,1117,28,52,167,1.0,16,0,0.0,False,False,False
149486094,Australian Economic Review,1115,24,58,159,1.0,16,0,0.0,False,False,False
191005381,Defence and Peace Economics,1108,11,36,275,1.0,39,1,0.026,False,False,False
163499366,Review of Economic Dynamics,1108,3,57,32,1.0,0,0,0.0,False,False,False
180723199,Agribusiness,1108,16,42,238,1.0,18,0,0.0,False,False,False
23218617,Journal of International Trade & Economic Development,1104,9,35,269,0.996,32,0,0.0,False,False,False
136999626,Journal of Property Investment and Finance,1103,18,43,170,1.0,26,2,0.077,False,False,False
62142384,Journal of Accounting and Economics,1102,29,80,117,1.0,9,1,0.111,False,False,False
194514787,Applied Health Economics and Health Policy,1097,3,23,321,1.0,27,3,0.111,False,False,False
2764933780,ASIA MARKETING JOURNAL,1092,2,26,114,0.614,19,1,0.053,False,False,False
2764352250,Indian Journal of Marketing,1085,34,54,210,1.0,54,0,0.0,False,False,False
42192170,International Tax and Public Finance,1080,7,32,244,1.0,28,4,0.143,False,False,False
1650206,Milbank Quarterly,1078,78,103,203,1.0,17,0,0.0,False,False,False
66201313,Journal of Business Venturing,1076,2,40,224,1.0,26,0,0.0,False,False,False
82262387,Journal of Information Systems,1074,9,39,138,0.899,13,0,0.0,False,False,False
2913204857,Journal of Business Economics,1073,15,95,211,1.0,36,1,0.028,False,False,False
121026525,Journal of Evolutionary Economics,1072,10,34,243,1.0,23,1,0.043,False,False,False
34649780,Measuring Business Excellence,1071,4,29,142,1.0,17,1,0.059,False,False,False
2737777163,International Journal of Economics and Financial Issues,1069,1,15,502,1.0,25,0,0.0,False,False,False
171424506,European Accounting Review,1069,9,34,252,1.0,24,2,0.083,False,False,False
3593595,Australian Journal of Agricultural and Resource Economics,1068,44,69,181,1.0,17,0,0.0,False,False,False
181356434,Accounting Horizons,1068,14,39,242,0.93,20,1,0.05,False,False,False
4210200142,The journal of structured finance,1068,5,29,157,1.0,17,0,0.0,False,False,False
7345157,Eastern Economic Journal,1067,1,51,114,1.0,17,0,0.0,False,False,False
113509650,Journal of the Asia Pacific Economy,1067,5,31,290,1.0,17,3,0.176,False,False,False
141901250,Strategic Change,1067,1,34,189,1.0,26,0,0.0,False,False,False
86762183,Journal of Accounting and Public Policy,1063,19,49,41,1.0,0,0,0.0,False,False,False
47864991,Applied Psychology,1062,49,74,336,0.884,17,2,0.118,False,False,False
159120381,Journal of Retailing,1058,76,101,212,0.873,17,0,0.0,False,False,False
35673206,International Marketing Review,1057,17,42,245,1.0,26,5,0.192,False,False,False
206007305,Economic Systems,1054,4,49,270,1.0,18,0,0.0,False,False,False
87328381,Journal of Occupational and Organizational Psychology,1053,73,232,189,0.82,13,0,0.0,False,False,False
2764955566,The Indian Economic Journal,1052,47,74,207,1.0,20,2,0.1,False,False,False
115237062,Journal of Economics & Management Strategy,1050,1,34,186,1.0,19,1,0.053,False,False,False
165253824,Scandinavian Journal of Economics,1050,102,127,158,1.0,18,2,0.111,False,False,False
4210172902,Journal of Institutional and Theoretical Economics JITE,1049,157,181,107,1.0,15,0,0.0,False,False,False
132210109,International Journal of Game Theory,1046,29,53,209,1.0,19,1,0.053,False,False,False
4210232703,Gospodarka Narodowa,1045,2,320,25,1.0,5,0,0.0,False,False,False
124549413,Journal of Economic Surveys,1045,3,39,261,1.0,25,3,0.12,False,False,False
182336501,Career Development International,1043,5,30,178,1.0,28,1,0.036,False,False,False
164923136,Environment and Development Economics,1042,5,30,132,0.917,24,1,0.042,False,False,False
37173775,European Journal of Law and Economics,1040,9,60,61,1.0,10,0,0.0,False,False,False
50561683,International Review of Applied Economics,1035,14,40,175,0.989,21,2,0.095,False,False,False
141478581,Journal of Enterprise Information Management,1034,17,38,315,1.0,26,3,0.115,False,False,False
151491554,The Geneva Papers on Risk and Insurance Issues and Practice,1033,25,50,157,1.0,18,1,0.056,False,False,False
106098198,Oxford Review of Economic Policy,1025,15,40,271,0.911,21,0,0.0,False,False,False
192056284,Economics of Innovation and New Technology,1018,9,34,238,1.0,39,1,0.026,False,False,False
131852005,European Financial Management,1018,1,31,242,1.0,23,0,0.0,False,False,False
198892436,Accounting Organizations and Society,1017,25,114,56,1.0,0,0,0.0,False,False,False
113426170,Compensation & Benefits Review,1017,32,57,70,1.0,17,0,0.0,False,False,False
4210197436,Vierteljahrshefte zur Wirtschaftsforschung,1011,69,92,163,1.0,20,0,0.0,False,False,False
132285554,Creativity and Innovation Management,1009,6,34,224,1.0,18,0,0.0,False,False,False
59042063,Asian-Pacific Economic Literature,1005,14,39,122,1.0,10,0,0.0,False,False,False
4210213798,AEA Papers and Proceedings,1001,108,114,735,0.986,0,0,0.0,False,False,False
32361082,European Review of Agricultural Economics,1001,27,52,185,1.0,20,1,0.05,False,False,False
182215941,Business Strategy Review,998,11,25,490,1.0,20,0,0.0,False,False,False
197396629,The British Accounting Review,998,32,58,219,1.0,23,2,0.087,False,False,False
103311983,Journal of Advertising,996,29,54,214,1.0,24,1,0.042,False,False,False
44376543,Business & Society,992,2,65,222,1.0,33,2,0.061,False,False,False
191114782,Journal of Fashion Marketing and Management,987,4,29,230,1.0,24,0,0.0,False,False,False
169699294,Accounting Education,983,9,34,158,0.994,29,1,0.034,False,False,False
38825547,Economic Geography,981,37,100,143,0.979,25,0,0.0,False,False,False
4210220312,International Journal of Logistics Research and Applications,981,3,29,362,1.0,47,10,0.213,False,False,False
11853582,Review of Accounting Studies,977,4,30,305,1.0,18,0,0.0,False,False,False
2764812334,Quality Management Journal,977,7,32,80,1.0,16,0,0.0,False,False,False
171971387,Scandinavian Journal of Management,971,16,41,136,1.0,17,0,0.0,False,False,False
195297104,Organizational Dynamics,958,12,54,203,1.0,19,1,0.053,False,False,False
960608072,Journal of International Management,952,6,31,261,1.0,21,1,0.048,False,False,False
75845752,Auditing A Journal of Practice & Theory,949,19,44,188,0.888,20,0,0.0,False,False,False
148368070,International Journal of Selection and Assessment,948,8,33,189,0.847,16,0,0.0,False,False,False
102624508,The Learning Organization,945,7,32,227,1.0,29,1,0.034,False,False,False
90392387,South African Journal of Economics,943,68,93,105,1.0,16,0,0.0,False,False,False
193408319,Corporate Communications An International Journal,942,5,30,255,1.0,28,0,0.0,False,False,False
43415676,Journal of Strategic Marketing,935,8,33,257,0.996,36,5,0.139,False,False,False
94552155,Organization & Environment,933,13,38,107,0.991,17,3,0.176,False,False,False
121409115,International Review of Law and Economics,930,20,81,38,1.0,0,0,0.0,False,False,False
111116695,Journal of Accounting Research,930,38,63,188,1.0,22,0,0.0,False,False,False
38909374,The Journal of Alternative Investments,929,2,27,169,1.0,22,0,0.0,False,False,False
129650269,Open Economies Review,928,11,36,189,1.0,24,0,0.0,False,False,False
189751245,Journal of Consumer Affairs,927,34,58,323,1.0,20,1,0.05,False,False,False
34280410,Journal of Productivity Analysis,922,13,64,79,1.0,11,0,0.0,False,False,False
22431819,International Economic Journal,921,14,39,120,0.992,17,0,0.0,False,False,False
148909191,Marketing Letters,921,11,36,221,1.0,19,0,0.0,False,False,False
97048498,The International Journal of Logistics Management,917,3,36,334,1.0,27,0,0.0,False,False,False
36209479,Industry and Innovation,915,7,33,177,0.994,37,1,0.027,False,False,False
22247924,Entrepreneurship and Regional Development,909,12,37,224,0.996,23,0,0.0,False,False,False
171491724,Journal of Economics and Finance,907,7,49,180,1.0,17,0,0.0,False,False,False
2737535994,Contaduría y Administración,904,28,191,85,0.671,6,0,0.0,False,False,False
201675752,Canadian Journal of Administrative Sciences / Revue Canadienne des Sciences de l Administration,898,17,42,156,0.936,18,0,0.0,False,False,False
113497174,Human Resource Management Journal,894,10,35,255,1.0,19,3,0.158,False,False,False
200274427,Pacific Economic Review,881,3,30,100,1.0,20,1,0.05,False,False,False
11782782,Australasian Marketing Journal (AMJ),878,8,33,170,1.0,19,2,0.105,False,False,False
2765038058,Human Systems Management,876,19,45,193,1.0,19,1,0.053,False,False,False
152786945,Stochastics,876,77,97,222,1.0,35,0,0.0,False,False,False
165058066,Resource and Energy Economics,871,22,81,33,1.0,0,0,0.0,False,False,False
128223704,Economics and Philosophy,869,16,41,170,0.929,14,2,0.143,False,False,False
6013065,Journal of Management & Governance,869,1,29,216,1.0,20,3,0.15,False,False,False
151404345,Journal of Post Keynesian Economics,864,22,48,138,0.993,18,1,0.056,False,False,False
114193083,Chinese Economy,863,24,58,149,0.993,27,0,0.0,False,False,False
4210230903,Engineering Management Journal,862,12,37,163,1.0,21,1,0.048,False,False,False
78091837,Review of World Economics,862,136,161,157,1.0,19,0,0.0,False,False,False
323237,Accounting and Business Research,859,30,56,132,1.0,27,1,0.037,False,False,False
52333995,Journal of Economic Methodology,859,7,32,125,0.992,16,3,0.188,False,False,False
4210226649,Competitiveness Review An International Business Journal incorporating Journal of Global Competitiveness,859,10,36,212,1.0,27,2,0.074,False,False,False
67177122,Marketing Education Review,856,10,35,141,0.993,18,0,0.0,False,False,False
3022066471,German Journal of Human Resource Management Zeitschrift für Personalforschung,856,14,39,78,1.0,19,0,0.0,False,False,False
157946625,Financial Management,853,22,54,151,1.0,19,3,0.158,False,False,False
176497116,Management Communication Quarterly,851,13,39,154,1.0,19,0,0.0,False,False,False
82178847,Economic Papers A journal of applied economics and policy,850,19,44,93,1.0,16,0,0.0,False,False,False
172782825,California Management Review,848,42,67,114,0.982,18,0,0.0,False,False,False
150702451,Global Finance Journal,845,11,64,98,1.0,0,0,0.0,False,False,False
34139249,The RAND Journal of Economics,845,31,55,146,1.0,20,1,0.05,False,False,False
133599136,Organizational Research Methods,844,3,29,103,1.0,17,2,0.118,False,False,False
151220816,Post-Communist Economies,842,12,37,186,1.0,32,1,0.031,False,False,False
61561007,The Journal of Risk Finance,840,1,26,142,1.0,21,0,0.0,False,False,False
175759345,Economic Development Quarterly,840,14,39,127,1.0,17,1,0.059,False,False,False
120949314,Comparative Economic Studies,838,42,67,104,1.0,17,0,0.0,False,False,False
104354167,Acta Oeconomica,836,51,74,189,0.995,24,0,0.0,False,False,False
145099083,Journal of Economics and Business,835,52,133,29,1.0,0,0,0.0,False,False,False
968139600,Journal of Personal Selling and Sales Management,834,3,45,115,1.0,18,0,0.0,False,False,False
170913539,Bulletin of Economic Research,828,38,77,225,1.0,18,0,0.0,False,False,False
186483588,Journal of Service Science and Management,826,1,17,202,1.0,29,0,0.0,False,False,False
162611689,Business Economics,823,35,60,186,1.0,17,1,0.059,False,False,False
158451771,Journal of Marketing Communications,819,6,32,191,1.0,32,2,0.062,False,False,False
145471836,Explorations in Economic History,818,37,96,51,1.0,0,0,0.0,False,False,False
48661868,China & World Economy,817,9,32,231,1.0,30,0,0.0,False,False,False
171812798,Metroeconomica,817,51,76,156,1.0,19,0,0.0,False,False,False
180492355,Public Finance Review,814,28,53,111,1.0,26,1,0.038,False,False,False
144747835,Australian Accounting Review,810,10,35,99,1.0,16,0,0.0,False,False,False
91781374,Accounting History,809,5,30,165,1.0,16,0,0.0,False,False,False
2764651625,Journal of Economic Integration,808,14,40,117,1.0,16,0,0.0,False,False,False
179517972,Canadian Journal of Agricultural Economics/Revue canadienne d agroeconomie,806,4,73,107,1.0,16,0,0.0,False,False,False
2764593300,Agricultural and Resource Economics Review,806,29,53,137,0.912,14,0,0.0,False,False,False
91661715,Kyklos,806,53,78,161,1.0,18,0,0.0,False,False,False
4210227272,Economic Annals-ХХI,806,156,212,36,1.0,5,0,0.0,False,False,False
37376905,Journal of Public Policy & Marketing,803,12,44,148,1.0,19,0,0.0,False,False,False
107181468,Journal of Accounting Auditing & Finance,798,15,41,189,1.0,17,1,0.059,False,False,False
192266589,Group & Organization Management,798,25,51,195,1.0,23,2,0.087,False,False,False
139289085,Qualitative Market Research An International Journal,795,3,28,150,1.0,21,0,0.0,False,False,False
41930762,Japanese Economic Review,795,51,77,109,1.0,14,2,0.143,False,False,False
46472734,Young Consumers Insight and Ideas for Responsible Marketers,794,3,26,179,1.0,22,0,0.0,False,False,False
173589923,Family and Consumer Sciences Research Journal,785,28,53,136,1.0,18,0,0.0,False,False,False
128478731,Management International Review,783,40,65,122,1.0,24,0,0.0,False,False,False
4210205650,The International Review of Retail Distribution and Consumer Research,781,10,35,140,0.993,24,1,0.042,False,False,False
5835822,The International Journal of Accounting,777,35,53,195,0.928,20,0,0.0,False,False,False
9351053,Financial Review,777,35,60,165,1.0,18,0,0.0,False,False,False
42468459,The Journal of Marketing Theory and Practice,776,8,34,152,0.993,17,0,0.0,False,False,False
207176912,Journal of Foodservice Business Research,776,5,29,177,1.0,25,0,0.0,False,False,False
91071628,Journal of East European Management Studies,774,5,29,172,0.988,20,0,0.0,False,False,False
2735890421,The World Bank Economic Review,773,12,39,196,1.0,20,1,0.05,False,False,False
4394735553,Annals of Public and Cooperative Economics,773,54,96,184,1.0,17,0,0.0,False,False,False
149339240,Eastern European Economics,771,38,64,125,1.0,25,0,0.0,False,False,False
74917840,The Journal of Financial Research,770,11,48,193,0.953,20,0,0.0,False,False,False
4210193400,Economic Change and Restructuring,767,37,58,491,0.621,21,1,0.048,False,False,False
79007945,Business Ethics A European Review,762,9,29,188,0.995,21,1,0.048,False,False,False
58879488,Journal of Financial Regulation and Compliance,761,8,33,142,1.0,22,1,0.045,False,False,False
140551370,Cornell Hospitality Quarterly,760,49,67,150,1.0,16,4,0.25,False,False,False
111496547,Scottish Journal of Political Economy,753,47,72,112,0.866,22,3,0.136,False,False,False
156260212,Research in Economics,748,54,79,149,1.0,16,0,0.0,False,False,False
126354654,Journal of Financial Services Marketing,747,5,30,218,0.982,17,0,0.0,False,False,False
25250876,Economy and Society,746,29,54,125,1.0,16,0,0.0,False,False,False
64831726,Journal of Leadership & Organizational Studies,745,9,32,118,1.0,17,0,0.0,False,False,False
133770707,Empirica,744,27,52,164,1.0,18,1,0.056,False,False,False
2764399863,Advances In Management,743,2,29,39,0.59,6,1,0.167,False,False,False
39332106,Journal of Food Products Marketing,743,5,30,113,1.0,23,0,0.0,False,False,False
118298121,Journal of Hospitality Marketing & Management,742,18,34,200,1.0,35,0,0.0,False,False,False
128035191,The Developing Economies,739,8,63,135,1.0,17,0,0.0,False,False,False
70935693,Japan and the World Economy,737,7,73,27,1.0,0,0,0.0,False,False,False
135086714,Journal of Information Technology,736,15,40,126,1.0,18,0,0.0,False,False,False
4210228924,Sosyoekonomi,732,3,33,380,1.0,17,0,0.0,False,False,False
998097505,The Journal of Law and Economics,732,26,67,152,0.868,22,1,0.045,False,False,False
199690760,Innovation,731,4,27,127,1.0,20,1,0.05,False,False,False
4210219833,Marketing Review St Gallen,727,25,33,342,1.0,24,0,0.0,False,False,False
55239356,Journal of Purchasing and Supply Management,726,9,31,133,1.0,21,0,0.0,False,False,False
99067594,Journal of Industrial Economics,726,14,73,142,1.0,17,1,0.059,False,False,False
133335107,Mathematical Finance,726,10,35,122,1.0,17,0,0.0,False,False,False
99789271,The Journal of Fixed Income,725,9,34,129,1.0,18,0,0.0,False,False,False
125733402,Investigación Económica,724,1,83,136,0.993,20,0,0.0,False,False,False
4210214909,Prague Economic Papers,724,9,33,153,1.0,29,0,0.0,False,False,False
191612999,Organizacija,721,1,57,119,1.0,20,0,0.0,False,False,False
57862637,Journal of Housing Economics,721,9,67,34,0.971,0,0,0.0,False,False,False
182227784,Social Marketing Quarterly,719,6,31,79,1.0,15,0,0.0,False,False,False
160393188,Journal of the Japanese and International Economies,718,14,75,27,1.0,0,0,0.0,False,False,False
2764726166,Asia Pacific Management Review,717,5,30,168,1.0,19,0,0.0,False,False,False
185325801,Journal of Korea Trade,717,4,28,290,1.0,38,0,0.0,False,False,False
99990550,Journal of Consumer Policy,715,5,48,107,1.0,16,0,0.0,False,False,False
92709572,Journal of Interactive Marketing,715,6,60,116,1.0,16,0,0.0,False,False,False
121321708,Transportation Journal,705,39,64,77,0.818,16,0,0.0,False,False,False
177092143,Australian Journal of Management,705,25,51,154,0.987,17,3,0.176,False,False,False
170287006,Scandinavian Economic History Review,693,15,254,37,1.0,6,0,0.0,False,False,False
2764810659,Journal of Small Business & Entrepreneurship,691,2,37,183,1.0,29,5,0.172,False,False,False
2764372386,Journal of Behavioral and Experimental Finance,691,1,87,82,0.988,0,0,0.0,False,False,False
2764773711,International Journal of Business and Society,690,4,25,433,0.995,15,0,0.0,False,False,False
127646213,Journal of Financial Markets,690,3,73,29,1.0,0,0,0.0,False,False,False
4210183922,Journal of General Management,689,25,51,127,1.0,18,0,0.0,False,False,False
2912564958,Journal of Public Budgeting Accounting & Financial Management,687,12,37,178,1.0,25,3,0.12,False,False,False
182651638,Economic Systems Research,681,12,37,115,0.991,18,1,0.056,False,False,False
4210168315,Ekonomski pregled,680,1,75,158,1.0,30,0,0.0,False,False,False
4210226746,Ekonomia i Prawo,680,1,23,226,0.951,20,0,0.0,False,False,False
196919950,Family Business Review,677,13,37,92,1.0,20,1,0.05,False,False,False
5984737,Journal of Financial Intermediation,675,5,61,31,1.0,0,0,0.0,False,False,False
4210225597,Problemy Zarządzania - Management Issues,670,1,59,62,0.984,5,0,0.0,False,False,False
27001385,Advances in Accounting,670,17,68,50,1.0,0,0,0.0,False,False,False
173901576,The Journal of Derivatives,669,7,32,144,1.0,19,0,0.0,False,False,False
2764516016,European journal of training and development,668,36,49,251,1.0,26,4,0.154,False,False,False
2764393121,The American Economist,667,44,70,138,1.0,9,1,0.111,False,False,False
12132826,The International Food and Agribusiness Management Review,667,3,28,215,1.0,22,0,0.0,False,False,False
2494413385,ECONOMIC COMPUTATION AND ECONOMIC CYBERNETICS STUDIES AND RESEARCH,666,2,201,312,0.997,16,0,0.0,False,False,False
37738278,Knowledge and Process Management,666,7,32,128,1.0,17,1,0.059,False,False,False
166753014,Health Services Management Research,665,12,39,106,0.991,16,1,0.062,False,False,False
184239247,Labour,665,1,39,80,1.0,16,0,0.0,False,False,False
114801022,Journal of Regulatory Economics,661,17,67,32,1.0,6,0,0.0,False,False,False
97320426,Journal of Supply Chain Management,659,5,61,79,0.987,16,0,0.0,False,False,False
155589366,Business and Society Review,654,105,130,133,0.955,19,0,0.0,False,False,False
169221615,Information Economics and Policy,652,12,70,20,1.0,0,0,0.0,False,False,False
1076045,Culture and Organization,650,8,32,123,0.992,21,1,0.048,False,False,False
94083415,Journal of Behavioral Finance,649,4,26,159,1.0,20,0,0.0,False,False,False
4210170805,Marketing ZFP,648,22,46,85,1.0,19,0,0.0,False,False,False
38350834,Journal of Business Logistics,647,21,46,139,0.633,17,2,0.118,False,False,False
4210168091,The Journal of Law Economics and Organization,647,7,41,131,0.992,15,2,0.133,False,False,False
47993699,Journal of Engineering and Technology Management,645,17,75,42,1.0,0,0,0.0,False,False,False
18436875,International Journal of Electronic Commerce,645,4,28,125,0.992,20,0,0.0,False,False,False
2764465937,Banks and Bank Systems,643,3,20,297,1.0,16,0,0.0,False,False,False
175963831,El Trimestre Económico,640,72,91,170,1.0,18,0,0.0,False,False,False
161221442,Abacus,639,1,61,130,1.0,19,3,0.158,False,False,False
144946686,IIMB Management Review,639,20,37,144,0.972,17,0,0.0,False,False,False
148814761,Journal of International Consumer Marketing,637,12,37,164,1.0,23,2,0.087,False,False,False
178634671,Financial Accountability and Management,636,16,41,151,1.0,19,0,0.0,False,False,False
172526255,Finance and Stochastics,634,4,29,93,1.0,16,0,0.0,False,False,False
23246025,Corporate Reputation Review,633,3,28,99,1.0,19,3,0.158,False,False,False
107183665,Journal of service management,632,20,36,180,1.0,25,0,0.0,False,False,False
2764680368,Social and Environmental Accountability Journal,632,20,45,98,0.99,11,1,0.091,False,False,False
131296671,Accounting Forum,631,24,49,124,0.992,21,1,0.048,False,False,False
2764964828,The Journal of Applied Management and Entrepreneurship,630,2,23,212,1.0,16,0,0.0,False,False,False
4210223136,Estudos Econômicos (São Paulo),626,33,54,124,0.855,20,0,0.0,False,False,False
153861934,Journal of Marketing Education,625,22,47,108,1.0,15,2,0.133,False,False,False
141165859,Studies in Economics and Finance,625,20,42,225,1.0,23,4,0.174,False,False,False
119908498,Journal of International Marketing,620,8,33,101,1.0,18,1,0.056,False,False,False
2764882396,Borsa Istanbul Review,614,13,25,411,0.898,23,0,0.0,False,False,False
18727733,IMA Journal of Management Mathematics,609,11,37,116,1.0,15,2,0.133,False,False,False
106686155,Journal of Risk and Uncertainty,607,20,70,53,1.0,13,0,0.0,False,False,False
187200255,Competition & Change,607,4,30,140,1.0,16,1,0.062,False,False,False
33519306,Econometrics Journal,606,3,28,121,0.835,14,0,0.0,False,False,False
141600920,Fiscal Studies,604,21,46,123,1.0,16,0,0.0,False,False,False
52721111,Journal of Real Estate Research,602,19,47,99,1.0,19,0,0.0,False,False,False
105710273,Review of Financial Economics,601,9,43,103,1.0,18,0,0.0,False,False,False
157001289,Journal of Nonprofit & Public Sector Marketing,601,7,37,121,1.0,24,0,0.0,False,False,False
6144335,The Journal of Strategic Information Systems,594,9,34,103,1.0,17,0,0.0,False,False,False
111767569,History of economic ideas,593,3,47,77,0.987,6,0,0.0,False,False,False
79175213,Journal of Financial Services Research,593,8,68,50,1.0,12,1,0.083,False,False,False
192372812,Journal of International Food & Agribusiness Marketing,590,10,37,164,1.0,25,0,0.0,False,False,False
2738413198,Equilibrium Quarterly Journal of Economics and Economic Policy,589,1,20,148,1.0,16,0,0.0,False,False,False
55766468,International Studies of Management and Organization,588,30,55,81,1.0,19,0,0.0,False,False,False
114140714,Management Accounting Research,587,11,66,21,1.0,0,0,0.0,False,False,False
47824075,Global Economic Review,586,29,53,93,1.0,20,0,0.0,False,False,False
101163346,International Journal of Strategic Property Management,582,8,28,165,1.0,30,1,0.033,False,False,False
92422469,Journal of Multinational Financial Management,582,10,77,18,1.0,0,0,0.0,False,False,False
6014304,Journal of the American Taxation Association,581,22,47,91,0.901,10,1,0.1,False,False,False
4210230127,management revue,580,15,35,121,0.826,20,0,0.0,False,False,False
32895864,Actual Problems of Economics,579,1,184,6,0.833,0,0,0.0,False,False,False
2913545599,Spanish Journal of Finance and Accounting / Revista Española de Financiación y Contabilidad,578,30,54,91,1.0,18,0,0.0,False,False,False
29581992,Nova Economia,576,2,34,165,0.806,17,0,0.0,False,False,False
148189957,Journal of Management History,575,12,42,114,1.0,16,0,0.0,False,False,False
87745625,International Journal of Management Reviews,573,2,28,113,0.991,15,0,0.0,False,False,False
166792937,Economics of Transition,571,8,26,134,1.0,20,0,0.0,False,False,False
187998666,Comparative Economic Research Central and Eastern Europe,570,12,27,178,1.0,20,0,0.0,False,False,False
2765073605,European Journal of Economics and Economic Policies Intervention,568,1,22,129,0.891,13,0,0.0,False,False,False
4210222895,Meditari Accountancy Research,567,20,33,344,1.0,30,1,0.033,False,False,False
121852782,Journal of Global Marketing,567,13,38,105,1.0,23,0,0.0,False,False,False
2764896919,Environmental Economics and Policy Studies,565,2,27,137,1.0,19,1,0.053,False,False,False
116955675,Asia-Pacific Financial Markets,565,7,32,180,1.0,20,0,0.0,False,False,False
2764892107,Multinational Business Review,562,8,33,114,1.0,18,0,0.0,False,False,False
126936603,International Regional Science Review,562,3,48,105,1.0,23,2,0.087,False,False,False
130164084,Journal of financial reporting & accounting,562,4,24,297,1.0,21,1,0.048,False,False,False
4306509737,Eskişehir Osmangazi Üniversitesi İktisadi ve İdari Bilimler Dergisi,561,1,20,170,1.0,12,0,0.0,False,False,False
40285785,Journal of Applied Economics,558,3,28,189,0.503,5,0,0.0,False,False,False
2764850437,International Economics,557,15,181,71,1.0,0,0,0.0,False,False,False
99606308,Economic Policy,555,14,40,184,1.0,18,0,0.0,False,False,False
185277049,Journal of Banking Regulation,554,3,26,120,1.0,18,0,0.0,False,False,False
144250037,Journal of Applied Accounting Research,553,5,26,220,1.0,24,0,0.0,False,False,False
4394735609,Foreign Trade Review,553,35,61,102,1.0,17,1,0.059,False,False,False
152372256,International Journal of Auditing,551,4,29,137,0.993,15,0,0.0,False,False,False
162583106,Health Marketing Quarterly,550,17,42,96,1.0,16,2,0.125,False,False,False
61474858,Services Marketing Quarterly,547,20,46,79,1.0,12,0,0.0,False,False,False
2898123265,Revista Europea de Dirección y Economía de la Empresa,545,9,27,83,1.0,15,0,0.0,False,False,False
4210230833,Journal of Business and Economics,542,1,100,12,1.0,0,0,0.0,False,False,False
113957626,International Journal of Political Economy,541,17,53,120,1.0,19,0,0.0,False,False,False
2737582874,Studies in Business and Economics,539,10,19,301,1.0,15,0,0.0,False,False,False
45044709,International Journal of Organization Theory and Behavior,537,3,28,71,1.0,14,0,0.0,False,False,False
66624660,Pacific Accounting Review,536,12,37,140,1.0,20,0,0.0,False,False,False
196564809,The B E Journal of Macroeconomics,532,1,24,133,0.722,10,1,0.1,False,False,False
6243863,Journal of Accounting Education,532,18,70,27,1.0,0,0,0.0,False,False,False
2764837506,Indian Journal of Labour Economics,529,43,68,236,1.0,17,0,0.0,False,False,False
139478629,Journal of Business-to-Business Marketing,528,6,32,118,1.0,19,0,0.0,False,False,False
4306516105,Journal of Taxation and Accounting,523,5,23,184,1.0,26,0,0.0,False,False,False
2764934467,Iranian economic review,517,4,52,5,1.0,0,0,0.0,False,False,False
2764879640,Global Journal of Flexible Systems Management,517,7,26,171,1.0,23,0,0.0,False,False,False
3835251,Human Performance,516,13,38,64,1.0,16,0,0.0,False,False,False
30207186,CESifo Economic Studies,516,49,70,88,1.0,19,1,0.053,False,False,False
2165841,International Finance,514,3,27,105,1.0,15,0,0.0,False,False,False
116662517,Asian Economic Journal,511,14,38,96,1.0,20,0,0.0,False,False,False
2764531464,History of Economics Review,508,31,89,43,1.0,5,0,0.0,False,False,False
4210231290,Financial markets and portfolio management,508,15,39,96,1.0,17,2,0.118,False,False,False
116778711,Asian Journal of Technology Innovation,507,12,33,153,1.0,15,0,0.0,False,False,False
176820844,European Review of Economic History,506,4,29,120,1.0,18,0,0.0,False,False,False
164507624,Asian Review of Accounting,505,8,33,150,1.0,22,0,0.0,False,False,False
86375777,International Journal of Accounting and Information Management,504,15,33,156,1.0,22,0,0.0,False,False,False
132950052,Journal of Interdisciplinary Economics,501,11,38,48,1.0,9,2,0.222,False,False,False
197981039,Economics and Politics,500,12,37,157,1.0,14,0,0.0,False,False,False
10615428,Journal of Real Estate Literature,495,8,33,28,1.0,7,0,0.0,False,False,False
2898340276,Estudios Gerenciales,494,16,37,126,0.992,6,0,0.0,False,False,False
51113653,The Engineering Economist,488,45,70,58,1.0,16,0,0.0,False,False,False
992988095,Ekonomický časopis,485,10,72,164,1.0,34,0,0.0,False,False,False
1027187413,Amfiteatru Economic,483,14,26,352,1.0,20,0,0.0,False,False,False
34941771,Venture Capital,483,2,28,70,1.0,16,0,0.0,False,False,False
62069514,The Journal of Entrepreneurship,481,9,33,136,0.882,16,0,0.0,False,False,False
4210239895,Revista de Economia,481,24,45,173,0.688,20,1,0.05,False,False,False
187179583,International Journal of Wine Business Research,480,19,37,138,1.0,18,0,0.0,False,False,False
2764889392,Accounting Historians Journal,477,26,52,88,0.909,9,0,0.0,False,False,False
2764953858,Journal of Real Estate Portfolio Management,477,6,31,47,0.979,9,0,0.0,False,False,False
31690342,Strategic Entrepreneurship Journal,476,1,19,135,1.0,18,1,0.056,False,False,False
22315241,FinanzArchiv Public Finance Analysis,475,57,80,73,1.0,19,0,0.0,False,False,False
4210174900,Décisions Marketing,474,19,103,18,1.0,1,0,0.0,False,False,False
4210190745,Asia-Pacific Journal of Financial Studies,473,39,54,132,1.0,25,0,0.0,False,False,False
98234996,Accounting Research Journal,472,18,38,155,1.0,23,1,0.043,False,False,False
166595748,International Review of Economics,468,53,72,112,0.946,16,0,0.0,False,False,False
4210168739,M n gement,467,4,27,60,0.783,9,0,0.0,False,False,False
4210216222,Journal of Entrepreneurship in Emerging Economies,465,6,17,306,1.0,28,0,0.0,False,False,False
196955526,Journal of Asia-Pacific Business,464,2,24,106,0.991,20,0,0.0,False,False,False
45224653,Journal of Research in Interactive Marketing,461,4,19,226,1.0,25,0,0.0,False,False,False
2765032997,Indian Economic Review,458,22,59,149,1.0,14,0,0.0,False,False,False
4210179092,International Journal for Quality Research,456,7,19,308,1.0,14,0,0.0,False,False,False
4210228282,Southeast Asian Economies,456,17,41,112,0.938,16,0,0.0,False,False,False
4210192575,GLOBAL BUSINESS & FINANCE REVIEW,455,11,29,303,1.0,32,0,0.0,False,False,False
187295728,Journal of Teaching in International Business,454,11,35,70,1.0,15,0,0.0,False,False,False
2764929533,South Asian Journal of Management,450,10,31,82,1.0,12,0,0.0,False,False,False
2764347203,Risk Management and Insurance Review,450,3,27,126,1.0,20,0,0.0,False,False,False
132368879,Journal of Enterprising Culture,447,8,32,76,1.0,19,0,0.0,False,False,False
23257470,Journal of Property Research,447,17,42,73,0.986,18,0,0.0,False,False,False
178953182,International Insolvency Review,444,9,33,169,0.929,17,0,0.0,False,False,False
126012839,Applied Mathematical Finance,444,7,31,71,1.0,12,0,0.0,False,False,False
4210208616,Innovative Marketing,443,4,21,306,1.0,16,0,0.0,False,False,False
4210218449,Business Ethics the Environment & Responsibility,443,30,34,443,1.0,24,3,0.125,False,False,False
196034224,MIT Sloan management review,441,26,62,8,1.0,1,0,0.0,False,False,False
40814766,Journal of Marketing for HIGHER EDUCATION,441,5,35,135,1.0,11,1,0.091,False,False,False
132432621,Journal of International Accounting Auditing and Taxation,437,9,58,48,1.0,0,0,0.0,False,False,False
48393686,Revista de historia industrial,433,1,144,5,1.0,0,0,0.0,False,False,False
2735550652,Journal of the Association of Environmental and Resource Economists,433,1,12,218,0.94,30,2,0.067,False,False,False
2764580720,Journal of Global Scholars of Marketing Science,432,6,35,143,0.993,17,3,0.176,False,False,False
2765045378,Pacific Rim Property Research Journal,430,6,27,78,0.987,15,0,0.0,False,False,False
2764906524,Review of Economics and Finance,429,1,25,206,1.0,0,0,0.0,False,False,False
74096415,Journal of Economic Policy Reform,428,5,28,111,1.0,18,3,0.167,False,False,False
4210207936,Schmalenbach Business Review,426,11,72,114,1.0,21,0,0.0,False,False,False
4210176348,Journal of Science and Technology Policy Management,425,5,16,262,1.0,29,3,0.103,False,False,False
4210191463,Upravlenets,423,9,70,49,1.0,5,0,0.0,False,False,False
4210171712,Management,423,1,28,88,1.0,9,0,0.0,False,False,False
55432613,Journal of East-West Business,422,5,31,76,1.0,18,0,0.0,False,False,False
4210186250,Journal of Competitiveness,421,2,15,192,0.776,19,0,0.0,False,False,False
105700240,American Business Law Journal,419,37,62,61,1.0,16,0,0.0,False,False,False
18469005,Latin American Business Review,417,1,26,62,0.968,15,0,0.0,False,False,False
4210232136,Journal of Current Issues & Research in Advertising,413,22,46,116,1.0,19,1,0.053,False,False,False
76295336,Journal of Media Economics,411,13,37,27,1.0,4,0,0.0,False,False,False
135812718,Asian Case Research Journal,408,5,28,102,0.892,16,1,0.062,False,False,False
1234856,The Journal of High Technology Management Research,405,11,35,83,1.0,9,0,0.0,False,False,False
21260181,IMF Economic Review,403,58,73,140,1.0,20,0,0.0,False,False,False
2765073796,International journal of ecological economics and statistics,402,2,42,133,1.0,16,0,0.0,False,False,False
41393910,Behavioral Research in Accounting,399,13,37,63,0.889,9,0,0.0,False,False,False
2737238315,East Asian Economic Review,398,3,28,72,1.0,20,0,0.0,False,False,False
2765057965,Gadjah Mada International Journal of Business,394,1,26,69,0.928,14,0,0.0,False,False,False
4210178198,Economy of Ukraine,392,61,67,303,0.974,58,0,0.0,False,False,False
4210175713,Economía,391,23,48,40,1.0,8,0,0.0,False,False,False
2764716688,Journal of International Finance and Economics,391,8,24,127,1.0,20,0,0.0,False,False,False
2764824119,Real Estate Management and Valuation,390,22,33,141,1.0,17,0,0.0,False,False,False
53993439,American Law and Economics Review,387,2,25,63,1.0,9,0,0.0,False,False,False
4210224898,Journal of Service Theory and Practice,387,13,35,160,1.0,26,0,0.0,False,False,False
2738281210,Review of Business Management,385,3,26,165,0.927,19,0,0.0,False,False,False
57658676,Journal of Financial Management of Property and Construction,385,5,30,101,1.0,14,0,0.0,False,False,False
26598852,Economia Politica,384,2,42,156,1.0,13,3,0.231,False,False,False
4210187585,Small Enterprise Research,384,8,31,97,1.0,15,1,0.067,False,False,False
4210207324,Journal of Database Marketing & Customer Strategy Management,383,8,19,138,1.0,19,0,0.0,False,False,False
4210206587,JIMS8M The Journal of Indian Management & Strategy,382,5,29,152,1.0,20,0,0.0,False,False,False
4210189013,Management Review Quarterly,380,64,76,275,1.0,17,1,0.059,False,False,False
4210210210,Economic and business review,368,4,48,8,0.875,0,0,0.0,False,False,False
2764792399,Investment Analysts Journal,367,29,54,102,1.0,18,0,0.0,False,False,False
4210186315,DECISION,365,40,52,132,1.0,16,0,0.0,False,False,False
2764413711,Journal of International Business and Economics,364,13,24,78,1.0,14,0,0.0,False,False,False
4394736890,International Real Estate Review,363,3,27,87,1.0,17,0,0.0,False,False,False
2764835697,Asian Development Review,357,13,42,88,1.0,9,0,0.0,False,False,False
9940815,International Journal of Services Operations and Informatics,357,1,13,167,0.946,16,0,0.0,False,False,False
35075559,Review of Behavioral Finance,355,1,17,197,1.0,23,0,0.0,False,False,False
2764850994,Journal of managerial issues,351,9,32,36,1.0,5,1,0.2,False,False,False
61971679,The Journal of private enterprise,351,2,36,70,1.0,8,0,0.0,False,False,False
4210188630,Accounting Perspectives,348,6,24,110,1.0,17,1,0.059,False,False,False
103378164,Journal of Euromarketing,345,8,30,82,0.939,14,0,0.0,False,False,False
4210208553,OPEC Energy Review,344,32,49,92,1.0,16,0,0.0,False,False,False
2764665428,Journal of Entrepreneurship Management and Innovation,342,8,21,111,1.0,17,0,0.0,False,False,False
4210183127,Cuadernos de Economía,342,33,43,165,0.739,14,0,0.0,False,False,False
2898363556,Econometrics and Statistics,341,1,37,51,1.0,0,0,0.0,False,False,False
4210179427,Academia Revista Latinoamericana de Administración,338,26,38,125,1.0,16,0,0.0,False,False,False
62850545,Research in Accounting Regulation,338,16,30,116,1.0,10,0,0.0,False,False,False
4210171086,The Journal of Risk,336,2,22,63,0.937,10,0,0.0,False,False,False
2764642258,Indian journal of industrial relations,335,36,56,63,1.0,7,0,0.0,False,False,False
4210193318,Asean Economic Bulletin,335,17,29,138,1.0,15,0,0.0,False,False,False
4210181022,World Journal of Entrepreneurship Management and Sustainable Development,335,6,20,113,0.973,15,0,0.0,False,False,False
2764532243,Korean Economic Review/The Korean economic review,333,11,37,60,1.0,10,1,0.1,False,False,False
4306508671,Economic and Financial Review,331,24,57,57,1.0,10,0,0.0,False,False,False
4210173397,Journal of Public Finance and Public Choice,330,18,40,50,1.0,8,2,0.25,False,False,False
2764416040,Quality Innovation Prosperity,330,14,28,137,0.927,15,0,0.0,False,False,False
136764900,Journal of Forensic Economics,324,13,32,41,1.0,6,1,0.167,False,False,False
4210186714,Marketing,320,42,55,104,1.0,20,0,0.0,False,False,False
4210225772,REICE Revista Electrónica de Investigación en Ciencias Económicas,317,2,12,184,1.0,10,1,0.1,False,False,False
2764806082,China Journal of Accounting Research,316,1,18,118,1.0,17,0,0.0,False,False,False
2739380121,Scientific Annals of Economics and Business,315,63,71,161,1.0,22,0,0.0,False,False,False
4210179748,Audit Financiar,313,12,70,108,1.0,15,0,0.0,False,False,False
2898542531,Revista de Contabilidad,312,10,27,117,1.0,11,0,0.0,False,False,False
2737537699,Our Economy Journal of Contemporary Issues in Economics and Business,308,50,70,120,1.0,20,0,0.0,False,False,False
4210210387,Cross Cultural & Strategic Management,308,23,32,147,1.0,18,0,0.0,False,False,False
2765006878,The Journal of Hospitality Financial Management,308,8,29,51,0.98,9,0,0.0,False,False,False
83262020,Journal of International Financial Management and Accounting,307,11,36,87,1.0,13,0,0.0,False,False,False
127482291,Journal of Research in Marketing and Entrepreneurship,307,2,27,102,1.0,12,0,0.0,False,False,False
2765030839,Journal of Economic and Social Measurement,305,26,46,45,1.0,12,0,0.0,False,False,False
117685085,The World Bank Research Observer,304,15,41,40,1.0,9,0,0.0,False,False,False
181171746,Journal of Economic Growth,302,5,30,58,1.0,15,0,0.0,False,False,False
2737763312,Business Systems Research Journal,301,1,15,139,1.0,12,0,0.0,False,False,False
2736877889,Management & Marketing,300,10,19,155,1.0,23,0,0.0,False,False,False
165973286,The Journal of Computational Finance,298,3,24,36,0.75,3,0,0.0,False,False,False
4210237825,International Journal of Ethics and Systems,297,34,41,190,1.0,19,1,0.053,False,False,False
2737009078,APUNTES DEL CENES,297,21,43,105,0.562,10,0,0.0,False,False,False
2912066455,Journal of Financial Counseling and Planning,296,11,113,99,1.0,10,0,0.0,False,False,False
4210172834,Revista de Economía Institucional,294,17,27,111,0.964,9,0,0.0,False,False,False
4210175690,Accounting,293,1,180,30,1.0,5,0,0.0,False,False,False
138712653,Homo Oeconomicus,291,17,42,45,1.0,6,0,0.0,False,False,False
2737221291,Zagreb international review of economics and business/Zagreb international review of economics & business,288,4,27,122,1.0,13,0,0.0,False,False,False
9019866,Journal of Transnational Management,288,10,28,74,1.0,17,1,0.059,False,False,False
4210193511,Economics and Mathematical Methods,284,54,60,226,1.0,20,0,0.0,False,False,False
4394735491,"Intelligent systems in accounting, finance and management/Intelligent systems in accounting, finance & management",283,12,31,77,0.831,17,0,0.0,False,False,False
983446,Business Strategy Series,283,8,14,183,0.978,28,0,0.0,False,False,False
2764933238,New England journal of entrepreneurship,282,2,28,38,1.0,8,0,0.0,False,False,False
2738848155,Contemporary Economics,282,5,18,128,1.0,17,1,0.059,False,False,False
2898409089,BRQ Business Research Quarterly,280,17,28,132,1.0,20,2,0.1,False,False,False
39811122,Financial Markets Institutions and Instruments,277,9,34,48,1.0,5,0,0.0,False,False,False
137360237,Contributions to Political Economy,277,19,44,70,1.0,5,0,0.0,False,False,False
2764768042,Journal of Economics Finance and Administrative Science,275,14,29,116,1.0,10,2,0.2,False,False,False
2764536255,Journal of cost management,266,15,34,77,0.974,17,0,0.0,False,False,False
2764747635,Journal of European economic history/The Journal of European economic history,265,1,50,38,1.0,9,0,0.0,False,False,False
4210197709,Central European Management Journal,264,15,33,137,0.825,18,0,0.0,False,False,False
2738441059,ETIKONOMI,260,11,23,147,0.986,10,0,0.0,False,False,False
4210234539,Research in Globalization,258,1,9,178,1.0,0,0,0.0,False,False,False
4210202212,INFORMS Journal on Applied Analytics,258,49,55,170,0.971,26,0,0.0,False,False,False
132340323,Review of Economic Perspectives,256,9,24,76,1.0,16,0,0.0,False,False,False
4210197888,Review of International Business and Strategy,256,26,35,139,1.0,20,0,0.0,False,False,False
100711025,Review of Derivatives Research,251,3,28,40,0.975,9,0,0.0,False,False,False
4210176106,Journal of Management Control,248,22,35,86,1.0,19,0,0.0,False,False,False
2764833774,Accounting History Review,247,21,35,45,1.0,9,0,0.0,False,False,False
4404661665,Journal of business and management.,247,7,29,40,1.0,10,0,0.0,False,False,False
11647023,Applied Economics Quarterly,246,49,69,60,1.0,17,0,0.0,False,False,False
4210190232,Academic Review,246,1,53,246,0.955,18,0,0.0,False,False,False
4210219434,South African Journal of Accounting Research,245,14,40,49,1.0,11,0,0.0,False,False,False
4210228954,Revue de l'OFCE/La Revue de l'OFCE,245,72,174,49,1.0,5,0,0.0,False,False,False
194824457,The Geneva Risk and Insurance Review,244,25,50,50,1.0,10,1,0.1,False,False,False
55099511,Research in Organizational Behavior,243,22,44,44,1.0,0,0,0.0,False,False,False
4210225395,St Petersburg University Journal of Economic Studies,239,32,40,135,1.0,20,0,0.0,False,False,False
4210195089,Economic Bulletin,239,37,41,239,0.946,56,0,0.0,False,False,False
2898332746,Ensayos sobre Política Económica,238,22,36,95,1.0,14,0,0.0,False,False,False
2736730828,Management,237,22,29,169,0.994,12,0,0.0,False,False,False
2739118867,Revista Universidad y Empresa,236,3,27,83,0.602,9,0,0.0,False,False,False
2736787908,Asian Academy of Management Journal,234,6,29,83,0.518,8,0,0.0,False,False,False
4306515674,Journal of International Business and Economy,233,2,25,43,0.953,9,0,0.0,False,False,False
4210218316,European Journal of Management and Business Economics,230,25,34,132,1.0,20,3,0.15,False,False,False
4306525641,Region et Developpement,227,16,53,27,1.0,0,0,0.0,False,False,False
2898275063,European Research on Management and Business Economics,226,22,31,118,1.0,13,0,0.0,False,False,False
4210181465,Transnational corporations,226,9,31,89,0.989,13,0,0.0,False,False,False
4393918062,Suma de Negocios,226,5,15,84,1.0,10,0,0.0,False,False,False
2764691195,Journal of Accounting and Management Information Systems,225,10,20,88,0.909,9,0,0.0,False,False,False
44261207,Hitotsubashi journal of economics,224,41,134,19,1.0,4,0,0.0,False,False,False
4210173643,International Journal of Health Economics and Management,224,15,25,100,1.0,17,1,0.059,False,False,False
17774442,American Journal of Business,223,22,40,51,1.0,13,0,0.0,False,False,False
2764557015,Journal of Islamic Economics Banking and Finance,223,3,14,176,1.0,14,1,0.071,False,False,False
4306500644,Actualidad Contable FACES,219,1,49,38,1.0,7,0,0.0,False,False,False
2764560602,International Journal of Business Strategy,218,1,24,29,1.0,5,0,0.0,False,False,False
2738428943,Studia Universitatis „Vasile Goldis” Arad – Economics Series,216,21,34,108,1.0,20,0,0.0,False,False,False
4210223648,Business Management and Education,215,8,18,88,1.0,9,0,0.0,False,False,False
4210203326,A Economia em Revista - AERE,212,15,31,106,0.585,14,0,0.0,False,False,False
2736975137,Journal of Indonesian Economy and Business,212,15,39,75,0.787,15,0,0.0,False,False,False
2736327412,"Contabilidade, Gestão e Governança/UNB Contábil",211,5,27,107,1.0,15,0,0.0,False,False,False
2898603574,RAUSP Management Journal,211,53,60,95,1.0,16,0,0.0,False,False,False
2764897135,"IIUM Journal Of Economics and Management/International Journal of Economics, Management and Accounting",204,7,29,82,1.0,10,0,0.0,False,False,False
86301901,Revista de economía aplicada/Revista de economía aplicada,204,8,28,23,1.0,3,0,0.0,False,False,False
4210230920,TEC Empresarial,204,1,19,60,1.0,11,0,0.0,False,False,False
4210170851,Review of Regional Research,204,26,45,65,1.0,12,0,0.0,False,False,False
4210187131,South East European Journal of Economics and Business,203,8,19,109,0.982,10,0,0.0,False,False,False
4210215609,Economics ecology socium,203,2,8,136,1.0,20,0,0.0,False,False,False
4210186510,Journal of International Business Policy,201,1,8,130,1.0,16,1,0.062,False,False,False
2764905064,Multinational Finance Journal,199,4,25,19,1.0,0,0,0.0,False,False,False
4210195249,International Journal of Strategic Management,197,13,24,34,1.0,5,0,0.0,False,False,False
4210179124,Review of Behavioral Economics,196,1,11,85,1.0,18,0,0.0,False,False,False
174991077,Organization development journal,195,18,42,34,0.971,5,0,0.0,False,False,False
4210181806,South Asian Journal of Business Studies,195,6,14,113,1.0,17,0,0.0,False,False,False
2898237991,Economics of Transportation,194,1,41,20,1.0,0,0,0.0,False,False,False
2764787901,Meditari Accountancy Research,193,8,19,72,0.986,9,0,0.0,False,False,False
2898402987,Spanish Journal of Marketing - ESIC,192,20,29,104,1.0,17,1,0.059,False,False,False
4210177123,Journal of Global Operations and Strategic Sourcing,192,10,18,124,1.0,17,2,0.118,False,False,False
4210197148,Estudios de economía,189,34,51,57,1.0,9,0,0.0,False,False,False
4210237676,Ekonomi Politika ve Finans Arastirmalari Dergisi,188,1,9,183,0.967,17,0,0.0,False,False,False
2739286606,International Journal of Management and Economics,187,37,56,83,1.0,13,0,0.0,False,False,False
4210182043,Arthaniti-Journal of Economic Theory and Practice,183,1,24,59,1.0,10,0,0.0,False,False,False
2898124213,Journal of Accounting Literature,181,31,48,109,1.0,15,0,0.0,False,False,False
4210171100,Strategic Management,180,14,30,97,1.0,18,2,0.111,False,False,False
2764980737,The Philippine Review of Economics,177,1,61,79,0.937,9,0,0.0,False,False,False
2764519517,Bestuursdinamika,173,11,25,50,1.0,11,0,0.0,False,False,False
2764398122,Financial Theory and Practice,172,1,41,88,1.0,16,0,0.0,False,False,False
4210191712,Malaysian Journal of Economic Studies,171,40,61,81,1.0,9,0,0.0,False,False,False
4210193709,Asia Pacific Journal of Innovation and Entrepreneurship,168,5,19,58,1.0,11,1,0.091,False,False,False
4210241102,Innovation & Management Review,164,15,22,94,1.0,17,2,0.118,False,False,False
2737892326,Inquietud Empresarial,160,12,24,69,0.754,10,0,0.0,False,False,False
4210189231,Public and Municipal Finance,157,1,14,76,1.0,6,0,0.0,False,False,False
205993034,Journal of Human Resource Costing & Accounting,157,5,16,87,0.885,19,0,0.0,False,False,False
2737293501,Ekonomski vjesnik,154,3,38,126,0.992,8,0,0.0,False,False,False
4210168278,International Journal of Global Business and Competitiveness,153,3,19,100,1.0,14,0,0.0,False,False,False
4389158152,Journal of Co-operative Studies,153,33,58,105,1.0,12,0,0.0,False,False,False
4210174903,Scientific Bulletin of Mukachevo State University Series “Economics”,152,7,11,152,0.862,17,0,0.0,False,False,False
4210237103,Indonesian Management and Accounting Research,148,3,23,52,0.981,8,2,0.25,False,False,False
4210206337,Journal of Accounting Business and Management (JABM),148,1,32,104,1.0,9,0,0.0,False,False,False
175723052,Argumenta Oeconomica,147,1,2,147,1.0,11,0,0.0,False,False,False
181517389,Spanish Economic Review,146,2,11,76,1.0,19,0,0.0,False,False,False
2765062947,Journal of food distribution research,144,31,50,22,0.818,1,0,0.0,False,False,False
4210214005,Latin American Journal of Central Banking,144,1,6,124,1.0,20,0,0.0,False,False,False
2764470529,Journal of Insurance Issues,141,12,43,29,1.0,8,1,0.125,False,False,False
2764354898,Journal of Comparative International Management,139,3,27,48,1.0,9,0,0.0,False,False,False
4210187577,Market-Tržište,135,28,36,87,1.0,12,0,0.0,False,False,False
4210240690,Journal of Asian Business and Economic Studies,134,25,32,85,1.0,17,2,0.118,False,False,False
4210224398,International Hospitality Review,133,32,39,96,1.0,10,0,0.0,False,False,False
4210217054,China Accounting and Finance Review,131,15,27,73,1.0,14,0,0.0,False,False,False
4210184829,Central Bank Review,130,16,25,54,1.0,15,0,0.0,False,False,False
2764750966,Keio economic studies,129,37,55,20,1.0,0,0,0.0,False,False,False
4210171825,American Business Review,129,20,27,124,0.992,10,0,0.0,False,False,False
35796699,Kredit und Kapital,129,41,68,105,0.981,16,0,0.0,False,False,False
4210201520,The Japanese Political Economy,129,40,50,88,1.0,14,0,0.0,False,False,False
4210229362,Seoul Journal of Business,128,13,26,31,1.0,8,0,0.0,False,False,False
4210187713,NMIMS Management Review,128,13,32,95,1.0,16,0,0.0,False,False,False
2765042083,Latin american journal of economics,126,5,53,52,0.981,8,0,0.0,False,False,False
2764541937,Journal of Economics and Development,124,21,27,90,1.0,16,2,0.125,False,False,False
4306521912,Pakistan journal of applied economics,120,16,29,62,0.968,9,1,0.111,False,False,False
4210180908,Financial Internet Quarterly,119,17,20,119,1.0,16,0,0.0,False,False,False
2764844241,Advances in competitiveness research,115,8,21,43,1.0,0,0,0.0,False,False,False
4210198827,Change Management An International Journal,110,12,24,40,1.0,9,0,0.0,False,False,False
2911234051,The Irish Journal of Management,109,22,44,47,1.0,8,0,0.0,False,False,False
2764563877,EUROPEAN RESEARCH STUDIES JOURNAL,107,5,45,9,1.0,1,0,0.0,False,False,False
2764635209,Southern business review,103,26,38,35,1.0,9,0,0.0,False,False,False
4210200021,World Journal of Management,101,2,10,84,1.0,8,0,0.0,False,False,False
19770063,Review of Economics and Institutions,100,1,11,28,0.607,7,0,0.0,False,False,False
4210174932,Statistika Statistics and Economy Journal,100,101,104,100,1.0,13,0,0.0,False,False,False
4306526010,Review of Business,98,21,41,19,1.0,4,0,0.0,False,False,False
4210190158,Journal of Economic Policy Researches / İktisat Politikası Araştırmaları Dergisi,96,6,11,92,1.0,8,0,0.0,False,False,False
2736872555,Croatian Economic Survey,92,10,26,25,1.0,7,0,0.0,False,False,False
4387281549,International Studies of Economics,89,17,20,89,1.0,14,0,0.0,False,False,False
2764870965,International productivity monitor,87,1,40,20,1.0,0,0,0.0,False,False,False
2764581894,Southern African Journal of Accountability and Auditing Research,87,3,26,38,1.0,5,0,0.0,False,False,False
4387279745,Bankers Markets & Investors,83,146,176,18,0.944,4,0,0.0,False,False,False
4210211241,Business Management and Economics Engineering,81,19,22,81,1.0,8,0,0.0,False,False,False
4210191200,Applied Economic Analysis,81,27,33,57,1.0,14,0,0.0,False,False,False
2737950648,Aestimum,71,1,84,28,0.786,0,0,0.0,False,False,False
43156200,Review,68,97,100,68,1.0,14,0,0.0,False,False,False
4306513120,Indian Journal of Economics & Business,67,1,19,19,1.0,3,0,0.0,False,False,False
4306520819,New York economic review,65,31,44,22,1.0,5,0,0.0,False,False,False
4210201278,International Journal of Operations and Quantitative Management,65,7,27,45,1.0,9,0,0.0,False,False,False
945769174,Revue d économie politique,64,102,132,15,0.933,1,0,0.0,False,False,False
4210235882,ZFW – Advances in Economic Geography,63,66,69,63,0.841,10,2,0.2,False,False,False
4210235487,Betriebswirtschaftliche Forschung und Praxis,63,7,10,63,1.0,8,0,0.0,False,False,False
4306515390,Journal of Business Models,60,9,12,60,0.783,8,0,0.0,False,False,False
4306525181,Quarterly journal of business and economics,58,29,46,41,1.0,5,0,0.0,False,False,False
4210214019,Journal of Hospitality Application and Research,58,2,13,21,0.619,4,0,0.0,False,False,False
4404663202,Economic Sciences.,57,15,20,57,0.982,3,0,0.0,False,False,False
4210201828,International Journal of Small Business and Entrepreneurship Research,57,2,12,56,1.0,11,0,0.0,False,False,False
48312676,MIS Quarterly Executive,55,1,19,25,0.76,4,0,0.0,False,False,False
4210235745,Istanbul Business Research,55,41,53,49,1.0,9,0,0.0,False,False,False
4210170639,Global Economy and Finance Journal,54,5,11,53,1.0,10,0,0.0,False,False,False
1008349740,Foundations and Trends® in Accounting,50,1,19,13,1.0,0,0,0.0,False,False,False
4210171719,Market Microstructure and Liquidity,48,1,6,41,0.732,8,0,0.0,False,False,False
4210188556,Revista Gestión de las Personas y Tecnología,47,13,17,47,0.979,11,0,0.0,False,False,False
2911964755,Journal of applied finance,46,2,25,29,1.0,6,0,0.0,False,False,False
4210228534,Journal of Organisational Studies and Innovation,45,4,19,43,0.953,12,0,0.0,False,False,False
2764547682,Journal of Financial Management and Analysis,43,13,29,6,1.0,0,0,0.0,False,False,False
4210200284,The Japanese Accounting Review,43,1,14,5,0.6,0,0,0.0,False,False,False
4210172557,Journal of Business and Economic Studies,41,10,28,19,1.0,5,0,0.0,False,False,False
145337823,Journal of investment management,39,1,18,6,0.667,0,0,0.0,False,False,False
22496144,Foundations and Trends® in Finance,39,1,14,14,1.0,0,0,0.0,False,False,False
7397502,Transformations in business & economics,36,3,20,14,0.929,0,0,0.0,False,False,False
44544138,Journal of Income Distribution,36,9,25,11,0.909,1,0,0.0,False,False,False
2737226017,Aestimatio The IEB International Journal of Finance,34,9,208,13,1.0,2,0,0.0,False,False,False
4210174125,Global Journal of Economics,31,1,2,31,1.0,4,0,0.0,False,False,False
4210211100,Global Business Perspectives,31,1,1,31,1.0,4,0,0.0,False,False,False
4393918861,Turkish journal of islamic economics,30,4,11,30,1.0,4,0,0.0,False,False,False
4210232125,Enterprise modelling and information systems architectures,28,3,9,28,1.0,4,0,0.0,False,False,False
4210240452,REVISTA PROCESOS DE MERCADO,28,8,22,28,1.0,1,0,0.0,False,False,False
170200280,Journal of Australian political economy,27,18,204,5,1.0,0,0,0.0,False,False,False
47389216,Economic and social review,26,32,52,5,1.0,0,0,0.0,False,False,False
2738004809,The Journal of Philosophical Economics,26,1,12,15,1.0,2,0,0.0,False,False,False
4210184633,SAM Advanced Management Journal,24,86,90,24,1.0,5,0,0.0,False,False,False
4210239166,Revista Venezolana de Análisis de Coyuntura,23,28,30,23,0.696,4,0,0.0,False,False,False
145395354,Ekonomiska samfundets tidskrift,21,3,67,8,1.0,0,0,0.0,False,False,False
935516450,Foundations and Trends® in Econometrics,20,2,13,11,1.0,0,0,0.0,False,False,False
140389752,Revista de Economía Mundial,19,6,46,10,1.0,0,0,0.0,False,False,False
2764736659,Journal of Economic and Administrative Sciences,19,20,40,19,1.0,1,0,0.0,False,False,False
4306515597,The journal of global business issues,17,1,8,15,1.0,2,0,0.0,False,False,False
3207870907,Journal of Inter-Organizational Relationships,17,27,28,17,1.0,4,0,0.0,False,False,False
2737657525,Lecturas de Economía,15,25,78,6,1.0,0,0,0.0,False,False,False
2764597040,Kobe University economic review.,14,47,59,8,1.0,0,0,0.0,False,False,False
4394736147,International Journal of Banking and Finance,14,19,20,14,1.0,3,0,0.0,False,False,False
123945047,Rotman International Journal of Pension Management,14,2,6,14,1.0,2,0,0.0,False,False,False
2764789229,Australian company secretary,14,52,52,14,1.0,3,0,0.0,False,False,False
2764754140,Journal of international economic studies,13,15,34,5,1.0,0,0,0.0,False,False,False
2764821879,Journal of international management studies,13,2,10,12,0.75,2,0,0.0,False,False,False
2764518860,Annals of Economics and Statistics,13,15,145,5,1.0,0,0,0.0,False,False,False
2764403422,Journal of Corporate Citizenship,10,8,240,5,1.0,0,0,0.0,False,False,False
4306513928,International Journal of Contemporary Economics and Administrative Sciences,10,2,8,9,0.889,0,0,0.0,False,False,False
2738702335,PSL quarterly review,10,29,66,5,1.0,0,0,0.0,False,False,False
4306525827,Research and practice in human resource management,9,12,19,6,0.667,0,0,0.0,False,False,False
2737986789,Essays in economic and business history,8,18,38,7,0.714,1,0,0.0,False,False,False
121483264,JASSA.,7,1,43,7,1.0,0,0,0.0,False,False,False
131117787,Review of Finance,5,7,25,5,0.6,0,0,0.0,False,False,False
4210208307,Dirección y Organización,5,24,77,5,1.0,0,0,0.0,False,False,False
2737709537,GECONTEC,5,1,4,5,1.0,0,0,0.0,False,False,False
4387292993,European Management Studies,4,22,22,4,1.0,1,0,0.0,False,False,False
4306506326,CIRIEC-España revista de economía pública social y cooperativa,3,18,73,3,1.0,0,0,0.0,False,False,False
4393913256,Pesquisa e Planejamento Econômico,3,31,43,3,1.0,0,0,0.0,False,False,False
200768828,CEPAL review,2,1,7,2,0.5,0,0,0.0,False,False,False
4306506978,Contaduría Universidad de Antioquia,2,2,28,2,1.0,0,0,0.0,False,False,False
4210176635,International Review,2,3,36,2,0.5,0,0,0.0,False,False,False
4210228621,Journal of Asia Entrepreneurship and Sustainability,1,15,15,1,1.0,0,0,0.0,False,False,False
2739385614,AD-minister,1,31,31,1,1.0,0,0,0.0,False,False,False
115276198,The Journal of Wealth Management,1,11,11,1,1.0,0,0,0.0,False,False,False
4210226436,Operations and Supply Chain Management An International Journal,1,10,10,1,1.0,0,0,0.0,False,False,False
4210230148,OEconomia,1,6,6,1,1.0,0,0,0.0,False,False,False
