source_idx,source_name,volume,issue,n_works,yr_min,yr_max,yr_spread,vol_typical_yr,yr_excess,years_and_counts,example_titles
206124708,Organization Science,35,2,17,2001,2024,23,2023,22,"{2001: 1, 2022: 1, 2023: 14, 2024: 1}",グローバル化する製品開発の分析視角--知識の粘着性とその克服 (特集 新製品開発研究の新潮流)
206124708,Organization Science,34,1,22,2000,2022,22,2022,22,"{2000: 2, 2022: 20}",産学連携による成果創出のためのマネジメント (特集 産学連携と技術創造) | 分断による学習の概念化へ向けて--NC(Numerical Control)アーキテクチャーの進化事例
206124708,Organization Science,36,2,18,2002,2024,22,2024,22,"{2002: 1, 2024: 17}",大学と工業集積--研究試作のための協力と課題 (特集 工業集積の変容と挑戦)
206124708,Organization Science,35,4,18,2002,2024,22,2023,21,"{2002: 1, 2023: 7, 2024: 10}",中国華南のビジネスモデルと日本企業 (特集 日本企業は変わるか:戦略・システム・人事)
206124708,Organization Science,33,3,17,2000,2022,22,2021,21,"{2000: 1, 2021: 15, 2022: 1}",自己超越する知識--創発する現実世界の組織化 (特集/組織における美と倫理)
206124708,Organization Science,36,4,15,2003,2024,21,2024,21,"{2003: 2, 2024: 13}",市場の時代の人的資源管理 (特集 組織と戦略のダイナミック・インタラクション:考える経営者) | 組織能力と製品アーキテクチャ--下から見上げる戦略論 (特集 組織と戦略のダイナミック・インタラクション:考える経営者)
206124708,Organization Science,36,3,8,2003,2024,21,2024,21,"{2003: 1, 2023: 3, 2024: 4}",企業家活動と組織環境--組織生態学の視角から (特集 制度と組織)
194514787,Applied Health Economics and Health Policy,19,5,14,2002,2021,19,2021,19,"{2002: 1, 2021: 13}",What it Takes to be Great in the Role of Enterprise Architect
134988049,Econometric Reviews,68,1,8,2000,2017,17,2017,17,"{2000: 1, 2017: 7}",Innovation and Learning in an Industrial Distric in Japan--A Case Study on SMEs in Suwa-Okaya
134988049,Econometric Reviews,70,3,7,2002,2019,17,2019,17,"{2002: 1, 2019: 6}","Which would Marx ""betrachten"" : ""disturbances in the process of reproduction"" or ""Chap. VII of Book III""?"
134988049,Econometric Reviews,68,2,4,2000,2017,17,2017,17,"{2000: 1, 2017: 3}",Could Be the Failure of the WTO Ministerial Meeting in Seattle a Historic Watershed?--A Thought on the North-South Conflicts over Linkages between Trade & Enviornment and Trade & Labour Standards
2765057965,Gadjah Mada International Journal of Business,9,1,7,2007,2024,17,2007,17,"{2007: 6, 2024: 1}","Monetary Policy, Debt and the Cyclical Behavior of Inventories"
59289252,Intereconomics,56,2,14,2004,2021,17,2021,17,"{2004: 1, 2021: 13}",A Determinant Representation of Degrees 3 and 6 Invariants of a 3-ary Form of Degree 4.
9731383,Research Policy,49,8,19,2003,2020,17,2020,17,"{2003: 1, 2020: 18}",LANGUAGE AS A MIRROR OF THE WORLD:Reconciling picture theory and language games
134988049,Econometric Reviews,71,4,4,2004,2021,17,2020,16,"{2004: 1, 2021: 3}",The Establishment of Yoshino-Kumano National Park
151404345,Journal of Post Keynesian Economics,27,4,5,2005,2021,16,2005,16,"{2005: 1, 2014: 3, 2021: 1}",Will the classical-type approach survive Sraffian theory?
7345157,Eastern Economic Journal,26,4,7,2000,2016,16,2000,16,"{2000: 3, 2016: 4}",Teaching Note: Let's Stop Professing That the Legal Incidence of the Social Security Tax Is Irrelevant | Other Things Equal: How to Be a Good Graduate Student
134988049,Econometric Reviews,67,3,5,2000,2016,16,2016,16,"{2000: 1, 2016: 4}",Waste Recycling and Interregional Economy
7345157,Eastern Economic Journal,26,1,7,2000,2016,16,2000,16,"{2000: 5, 2016: 2}",OTHER THINGS EQUAL Alan Greenspan Doesn't Influence Interest Rates | A REVIEW OF THE RULES VERSUS DISCRETION DEBATE IN MONETARY POLICY
7345157,Eastern Economic Journal,27,4,7,2000,2016,16,2001,15,"{2000: 1, 2001: 4, 2016: 2}",The Theil Index in Sequences of Nested and Hierarchic Grouping Structures: Implications for the Measurement of Inequality through Time with Data Aggregated at Different Levels of Industrial Classification
7345157,Eastern Economic Journal,27,1,6,2001,2016,15,2001,15,"{2001: 5, 2016: 1}",Three Books of Oomph
7345157,Eastern Economic Journal,27,3,8,2001,2016,15,2001,15,"{2001: 7, 2016: 1}",EAST GERMAN INTERNATIONAL TRADE DURING TRANSITION AS A REFLECTION OF THE DYNAMICS OF COMPETITIVENESS
194514787,Applied Health Economics and Health Policy,19,6,15,2006,2021,15,2021,15,"{2006: 1, 2021: 14}",Two forgotten newspapers
7345157,Eastern Economic Journal,27,2,12,2001,2016,15,2001,15,"{2001: 10, 2016: 2}","A COMMENT ON DANIEL KLEIN'S ""A PLEA TO ECONOMISTS WHO FAVOR LIBERTY"" | RESPONSE FROM AN ECONOMIST WHO ALSO FAVORS LIBERTY"
43019230,PharmacoEconomics,42,3,8,2009,2023,14,2024,15,"{2009: 1, 2023: 7}",Sprachen testen - Hören und Lesen
95323914,Journal of Political Economy,131,12,9,2009,2023,14,2023,14,"{2009: 1, 2023: 8}",Reserve Prices in Internet Advertising Auctions: A Field Experiment
7345157,Eastern Economic Journal,28,2,6,2002,2016,14,2002,14,"{2002: 4, 2016: 2}",FUNDING SOCIAL SECURITY: THE TRANSITION IN A LIFE-CYCLE GROWTH MODEL | ECONOMIC TRANSITION AS A CRISIS OF VISION: CLASSICAL VERSUS NEOCLASSICAL THEORIES OF GENERAL EQUILIBRIUM
164321952,International Journal of Operations & Production Management,23,4,6,2003,2017,14,2003,14,"{2003: 5, 2017: 1}",Cooperation in Conflict of Three Participants under Uncertainty
162583106,Health Marketing Quarterly,39,2,8,2008,2022,14,2021,13,"{2008: 1, 2021: 6, 2022: 1}",Assessing the mixing performance of extruders: indices and scale-up
156260212,Research in Economics,70,1,15,2003,2016,13,2016,13,"{2003: 1, 2015: 13, 2016: 1}",A note on income taxation and occupational choice
145200904,Health Economics,9,3,13,2000,2013,13,2000,13,"{2000: 12, 2013: 1}",Social pedagogy: a scoping project for Derbyshire County Council; summary report
145200904,Health Economics,10,7,11,2001,2014,13,2001,13,"{2001: 10, 2014: 1}",Identifying Risk Factors of Hospital Admission during the Postpartum Period: A Cross Sectional Study of the 2010 Nationwide Inpatient Sample
7345157,Eastern Economic Journal,29,2,4,2003,2016,13,2003,13,"{2003: 3, 2016: 1}",SOVEREIGNTY THROUGH WELFARE REFORM? A CASE STUDY OF THE KLAMATH TRIBES OF OREGON
129650269,Open Economies Review,20,1,7,2007,2020,13,2008,12,"{2007: 4, 2008: 2, 2020: 1}",The Economic Effects of COVID-19 Containment Measures
163534328,Marketing Science,41,4,13,2010,2022,12,2022,12,"{2010: 2, 2021: 1, 2022: 10}",The Value of Verified Employment Data for Consumer Lending: Evidence from Equifax
163534328,Marketing Science,41,1,13,2010,2022,12,2022,12,"{2010: 2, 2021: 10, 2022: 1}",Focus on Authors
7345157,Eastern Economic Journal,30,4,10,2004,2016,12,2004,12,"{2004: 8, 2016: 2}",DOES THE NATIONAL HEALTH SERVICE CORPS IMPROVE PHYSICIAN SUPPLY IN UNDERSERVED LOCATIONS | TOWARDS A THEORY OF WORK INTENSITY
111767569,History of economic ideas,12,3,14,2004,2016,12,2004,12,"{2004: 13, 2016: 1}",IBN KHALDUN AND THE NEOLIBERAL MODEL
163534328,Marketing Science,41,2,16,2010,2022,12,2022,12,"{2010: 4, 2021: 6, 2022: 6}",Public relations and ethics | Customer satisfaction surveys: Methodological recommendations for financial service providers
163534328,Marketing Science,32,2,15,2001,2013,12,2013,12,"{2001: 2, 2012: 4, 2013: 9}",Measuring market and sales potential | Microsystems marketing control
163534328,Marketing Science,37,1,13,2006,2018,12,2018,12,"{2006: 3, 2017: 4, 2018: 6}",Stereotypes and advertising | Marketing in life insurance
163534328,Marketing Science,38,3,10,2007,2019,12,2019,12,"{2007: 1, 2019: 9}",Eco-marketing and eco-design of products
163534328,Marketing Science,41,3,16,2010,2022,12,2022,12,"{2010: 3, 2021: 4, 2022: 9}","Qualitative research of motives, barriers and stereotypes in fruit consumption in Serbia | Researching consumers' attitudes: Some difficulties, problems and dilemmas"
163534328,Marketing Science,34,3,11,2003,2015,12,2015,12,"{2003: 1, 2015: 10}",New era of marketing
163534328,Marketing Science,35,3,13,2004,2016,12,2016,12,"{2004: 2, 2015: 1, 2016: 10}",Scalable Rejection Sampling for Bayesian Hierarchical Models
163534328,Marketing Science,38,4,11,2007,2019,12,2019,12,"{2007: 2, 2019: 9}",Marketing mix and competitiveness | Interactivity of marketing and procurement
163534328,Marketing Science,31,2,14,2000,2012,12,2012,12,"{2000: 3, 2012: 11}",Internationalization of European retailing business | CRM: A new approach to consumer relationship management
163534328,Marketing Science,37,3,10,2006,2018,12,2018,12,"{2006: 1, 2018: 9}",Integral or integrated marketing
163534328,Marketing Science,35,1,13,2004,2016,12,2016,12,"{2004: 1, 2015: 7, 2016: 5}","Inić Branimir P.: Menadžment 2 - lideri - kako postati milioner, 'Ekonomski fakultet', Beograd, 2003"
163534328,Marketing Science,40,1,12,2009,2021,12,2021,12,"{2009: 1, 2020: 8, 2021: 3}",Serbia on the international fruit market
163534328,Marketing Science,40,3,11,2009,2021,12,2021,12,"{2009: 1, 2021: 10}",Ethics and professionalism in public relations
163534328,Marketing Science,37,4,11,2006,2018,12,2018,12,"{2006: 1, 2018: 10}",Branding as specific deployment process
163534328,Marketing Science,31,1,17,2000,2012,12,2012,12,"{2000: 2, 2011: 6, 2012: 9}",Sport and TV marketing dimension | Brand name and marketing strategy
163534328,Marketing Science,34,1,12,2003,2015,12,2015,12,"{2003: 1, 2014: 8, 2015: 3}",Global market and consumers
163534328,Marketing Science,36,1,12,2005,2017,12,2017,12,"{2005: 2, 2016: 9, 2017: 1}",Focus On Authors
134988049,Econometric Reviews,63,4,8,2000,2012,12,2012,12,"{2000: 1, 2012: 7}",How Should Monetary Policymakers Respond to the New Challenges of Global Economic Integration
163534328,Marketing Science,39,3,13,2008,2020,12,2020,12,"{2008: 2, 2018: 1, 2019: 5, 2020: 5}",Advertising in Health Insurance Markets
163534328,Marketing Science,39,4,11,2008,2020,12,2020,12,"{2008: 1, 2020: 10}",Customer relationship management: Modern aspects of information technology application
163534328,Marketing Science,36,4,9,2005,2017,12,2017,12,"{2005: 1, 2017: 8}",Impact of environment on marketing strategy
163534328,Marketing Science,36,3,11,2005,2017,12,2017,12,"{2005: 1, 2017: 10}","Prof. Dr Božo Mihailović 'Marketing u turizmu – principi za menadžment', Obod, Cetinje, 2005"
7345157,Eastern Economic Journal,30,2,8,2004,2016,12,2004,12,"{2004: 4, 2016: 4}",Waiting to Execute: An Optimal Stopping Model of Capital Punishment Stays | Estimating the Union Wage Effect for Public School Teachers When All Teachers Are Unionized
43019230,PharmacoEconomics,40,10,7,2010,2022,12,2022,12,"{2010: 1, 2022: 6}","Ship in foggy, stormy weather SFX"
163534328,Marketing Science,35,4,11,2004,2016,12,2016,12,"{2004: 1, 2015: 2, 2016: 8}",The export marketing-financing based on forfeiting model
163534328,Marketing Science,40,4,13,2009,2021,12,2021,12,"{2009: 3, 2021: 10}",Multiculturalism in function of improvement of competitiveness of organizations with global orientation | Marketing indicators of market attractiveness and of target company competitiveness
41416626,Harvard business review,89,11,3,2000,2016,16,2011,11,"{2000: 1, 2011: 1, 2016: 1}",La disciplina de los equipos
7345157,Eastern Economic Journal,31,1,8,2002,2016,14,2005,11,"{2002: 1, 2005: 6, 2016: 1}",IS THE HUMAN DEVELOPMENT INDEX REDUNDANT
7345157,Eastern Economic Journal,31,2,9,2003,2016,13,2005,11,"{2003: 1, 2004: 1, 2005: 5, 2007: 1, 2016: 1}",FINANCIAL CRISES: NINE LESSONS FROM EAST ASIA
7345157,Eastern Economic Journal,31,3,11,2004,2016,12,2005,11,"{2004: 1, 2005: 9, 2016: 1}","""A THEORY OF PRODUCTION"" 1 THE ESTIMATION OF THE COBB-DOUGLAS FUNCTION: A RETROSPECTIVE VIEW"
151404345,Journal of Post Keynesian Economics,26,2,9,2003,2014,11,2014,11,"{2003: 5, 2014: 4}","Loanable funds, liquidity preference, and endogenous money: do credit cards make a difference? | Credit cards and interest rates: theory and institutional factors"
151404345,Journal of Post Keynesian Economics,25,4,7,2003,2014,11,2014,11,"{2003: 3, 2014: 4}",The endogenous money hypothesis: empirical evidence from Malaysia (1985-2000) | On Capital Shortages and European Unemployment: A Panel Data Investigation
111767569,History of economic ideas,13,3,16,2005,2016,11,2005,11,"{2005: 15, 2016: 1}",WHY DID ECONOMIC SCIENCE TAKE THE SAMUELSONIAN PATH AND WHAT IS THE ALTERNATIVE
151404345,Journal of Post Keynesian Economics,25,3,7,2003,2014,11,2014,11,"{2003: 1, 2014: 6}",Public employment and environmental sustainability
7345157,Eastern Economic Journal,31,4,10,2005,2016,11,2005,11,"{2005: 9, 2016: 1}",THE LABOR SUPPLY OF NURSES AND NURSING ASSISTANTS IN THE UNITED STATES
87328381,Journal of Occupational and Organizational Psychology,93,1,10,2009,2020,11,2020,11,"{2009: 1, 2019: 8, 2020: 1}",Ergon Energy : Jobs & Careers: Traineeships : Technical and Administration
127742747,Journal of Econometrics,188,2,18,2004,2015,11,2015,11,"{2004: 1, 2015: 17}",Subjective Mortality Risk and Bequests
145200904,Health Economics,24,11,11,2003,2014,11,2014,11,"{2003: 1, 2014: 10}",Lusten & lasten delen: hoe het alternatief voor de rondjes om de kerk tot stand kwam
12132826,The International Food and Agribusiness Management Review,18,1,3,2004,2015,11,2015,11,"{2004: 1, 2015: 2}","If You Can't Trust the Farmer, Who Can You Trust? The Effect of Certification Types on Purchases of Organic Produce"
12132826,The International Food and Agribusiness Management Review,13,3,3,2010,2021,11,2010,11,"{2010: 2, 2021: 1}",Defining and Meeting the Demand For Agricultural Machinery in China: A Case Study of John Deere
26598852,Economia Politica,2,2,8,2000,2014,14,2010,10,"{2000: 1, 2001: 1, 2006: 1, 2007: 1, 2009: 1, 2010: 2, 2014: 1}",Cambiamento abitudinario delle preferenze: il ruolo svolto dalle ipotesi sulla razionalità individuale
151404345,Journal of Post Keynesian Economics,27,1,10,2004,2015,11,2005,10,"{2004: 2, 2015: 8}","A pure credit money economy: a simple steady-state model | Expectations, stability, and exchange rate dynamics under the Post Keynesian hypothesis"
145200904,Health Economics,25,6,11,2005,2016,11,2015,10,"{2005: 1, 2015: 8, 2016: 2}",Defining a system of indicators for evaluation the effectiveness of e-learning
41416626,Harvard business review,81,12,17,2003,2013,10,2003,10,"{2003: 16, 2013: 1}",Transforming Paramythi in diasporic literature : five Greek Australian writers
151404345,Journal of Post Keynesian Economics,26,3,5,2004,2014,10,2014,10,"{2004: 2, 2014: 3}",The long and short of it: global liberalization and the incomes of the poor | Agroforestry adoption in Mexico: using Keynes to better understand farmer decision-making
2764896919,Environmental Economics and Policy Studies,4,2,6,2001,2011,10,2001,10,"{2001: 4, 2011: 2}","Book review: Yasuko Kameyama, Global environmental policy: a new edition | 復興と改革を推進する「環境金融債」市場の創設を (環境論壇 東日本大震災以降の環境・エネルギー政策)"
10615428,Journal of Real Estate Literature,9,2,16,2001,2011,10,2001,10,"{2001: 10, 2011: 6}","Freefall: America, Free Markets, and the Sinking of the World Economy | Review Articles: An Overview of Equity Real Estate Investment Trusts (Reits): 1993-2009"
2764896919,Environmental Economics and Policy Studies,3,2,12,2000,2010,10,2000,10,"{2000: 11, 2010: 1}","Does governance affect government, and how?: a case study of Water Catchment Forest Council in Kanagawa Prefecture"
6450948,Issues in Accounting Education,29,3,7,2004,2014,10,2014,10,"{2004: 1, 2013: 1, 2014: 5}",Doing Accounting History: Contributions to the Development of Accounting Thought (Book)
2765057965,Gadjah Mada International Journal of Business,5,1,7,2003,2013,10,2003,10,"{2003: 6, 2013: 1}",PROMOTING INTRA-FIRM TRANSFER OF KNOWLEDGE THROUGH COMPETITION AND SHARING A Field Study
6711363,Journal of Monetary Economics,59,7,7,2002,2012,10,2012,10,"{2002: 1, 2012: 6}",Short-Run Money Demand
2765057965,Gadjah Mada International Journal of Business,5,3,8,2003,2013,10,2003,10,"{2003: 7, 2013: 1}",BENEFITSEGMENTATION: Case of a National Bank's Customers in Indonesia
2764896919,Environmental Economics and Policy Studies,4,1,5,2001,2011,10,2001,10,"{2001: 4, 2011: 1}","書評 Massimiliano Mazzanti and Anna Montini(eds.), Waste and Environmental Policy"
165057322,Production Planning & Control,13,5,9,2002,2012,10,2002,10,"{2002: 8, 2012: 1}",Applying the lessons of advanced manufacturing technology adoption and implementation to the public sector
2764879640,Global Journal of Flexible Systems Management,21,3,6,2010,2020,10,2020,10,"{2010: 1, 2020: 5}","""La stanza delle Emozioni"".Un percorso per lo sviluppo emotivo e affettivo nella prima infanzia"
4210193709,Asia Pacific Journal of Innovation and Entrepreneurship,18,1,6,2014,2023,9,2024,10,"{2014: 1, 2023: 5}","Urban knowledge and innovation spaces : concepts, conditions, and contexts"
151404345,Journal of Post Keynesian Economics,27,2,7,2004,2014,10,2005,9,"{2004: 2, 2014: 5}","What is next for the Washington consensus? The fifteenth anniversary, 1989-2004 | The second Washington consensus and Latin America's quasi-stagnation"
4210173643,International Journal of Health Economics and Management,22,3,6,2012,2022,10,2021,9,"{2012: 1, 2021: 2, 2022: 3}",Phonological Facilitation of Object Naming in Agrammatic and Logopenic Primary Progressive Aphasia (PPA): Evidence for a Phonological Processing Deficit
23254222,American Economic Review,86,2,14,2007,2016,9,2016,9,"{2007: 1, 2008: 1, 2016: 12}",Contemplations on the Economic Approach to Religious Behavior
23254222,American Economic Review,66,3,5,2007,2016,9,2016,9,"{2007: 1, 2016: 4}",A State-Preference Approach to the Precautionary Demand for Money
2764980737,The Philippine Review of Economics,38,1,4,2001,2010,9,2001,9,"{2001: 2, 2010: 2}",The Social Sciences in the Philippines: Reflections on Trends and Developments | A Rice Village Saga: Three Decades of Green Revolution in the Philippines by Yujiro and Masao Kikuchi
23254222,American Economic Review,69,2,17,2007,2016,9,2016,9,"{2007: 1, 2016: 16}",Backward and Forward Solutions for Economies with Rational Expectations
83145862,History of Political Economy,44,3,17,2003,2012,9,2012,9,"{2003: 1, 2012: 16}",The Moral Conditions of Economic Efficiency (Book)
122073985,The Journal of Economic History,73,4,29,2004,2013,9,2013,9,"{2004: 1, 2013: 28}",The Divergent Dynamics of Economic Growth
93630570,Journal of Product Innovation Management,38,6,9,2012,2021,9,2021,9,"{2012: 1, 2014: 1, 2021: 7}",<i>Retracted:</i> The Performance Implications of Dynamic Capabilities: The Case of Product Innovation
5984737,Journal of Financial Intermediation,10,2,6,2001,2010,9,2001,9,"{2001: 5, 2010: 1}",Macroprudential Regulation Under Repo Funding
2765057965,Gadjah Mada International Journal of Business,6,1,8,2004,2013,9,2004,9,"{2004: 4, 2012: 2, 2013: 2}",THE RECENCY EFFECT OF ACCOUNTING INFORMATION | THE EFFECT OF POLITICAL POWER ON BUDGET MONITORING: A Study of Fertilizer Industry in Indonesia
23254222,American Economic Review,71,2,14,2007,2016,9,2016,9,"{2007: 1, 2016: 13}",On Local Finance and the Tiebout Model
23254222,American Economic Review,76,4,7,2007,2016,9,2016,9,"{2007: 1, 2016: 6}",A Test for Subadditivity of the Cost Function with an Application to the Bell System
23254222,American Economic Review,68,2,11,2007,2016,9,2016,9,"{2007: 1, 2016: 10}","Markets, States, and the Extent of Morals"
23254222,American Economic Review,87,2,8,2007,2016,9,2016,9,"{2007: 1, 2016: 7}","Federal Housing Assistance, Residential Relocation, and Educational Opportunities: Evidence from Baltimore"
2735890421,The World Bank Economic Review,32,1,8,2008,2017,9,2017,9,"{2008: 1, 2016: 1, 2017: 6}",Migrant Labor Markets And The Welfare Of Rural Households In The Developing World: Evidence From China
23254222,American Economic Review,81,4,3,2007,2016,9,2016,9,"{2007: 1, 2016: 2}",Is the Price Level Tied to the M2 Monetary Aggregate in the Long Run
4210237103,Indonesian Management and Accounting Research,6,1,5,2007,2016,9,2007,9,"{2007: 2, 2016: 3}",Some Thoughts About Accounting Conceptual Framework and Standards For Awqaf Institutions | ON USE OF FACTOR ANALYSIS IN ANALIZING SERVICE QUALITY PERFORMANCE
145200904,Health Economics,31,4,7,2013,2022,9,2022,9,"{2013: 1, 2021: 1, 2022: 5}",THE IMPACT OF GREEN DESIGN ON THE EMOTIONAL HEALTH OF PATIENTS IN CHILDREN'S HEALTHCARE FACILITIES
23254222,American Economic Review,85,2,7,2007,2016,9,2016,9,"{2007: 2, 2016: 5}",The Effects of Attendance on Student Learning in Principles of Economics | Time-Series Minimum-Wage Studies: A Meta-analysis
23254222,American Economic Review,68,3,9,2007,2016,9,2016,9,"{2007: 1, 2016: 8}",The Effects of a Firm's Investment and Financing Decisions on the Welfare of its Security Holders
23254222,American Economic Review,80,2,9,2007,2016,9,2016,9,"{2007: 1, 2016: 8}",Strikes and Bargaining: A Survey of the Recent Empirical Literature
23254222,American Economic Review,71,1,3,2007,2016,9,2016,9,"{2007: 1, 2016: 2}","Output, the Stock Market, and Interest Rates"
2765057965,Gadjah Mada International Journal of Business,6,2,7,2004,2013,9,2004,9,"{2004: 6, 2013: 1}",DOES EARNINGS QUALITY MODERATE THE PREDICTIVE CONTENT OF NONOPERATING INCOME?
171812798,Metroeconomica,63,3,8,2011,2020,9,2011,9,"{2011: 3, 2012: 4, 2020: 1}",Stolper-Samuelson revisited: trade and distribution with oligopolistic profits
23254222,American Economic Review,73,4,7,2007,2016,9,2016,9,"{2007: 1, 2016: 6}",On Layoffs and Unemployment Insurance
2764896919,Environmental Economics and Policy Studies,13,1,5,2011,2020,9,2011,9,"{2011: 4, 2020: 1}",How Can We Stop Marine Plastic Pollution?:The Applicability of the Social License to Operate (SLO)
194514787,Applied Health Economics and Health Policy,17,1,12,2010,2018,8,2019,9,"{2010: 1, 2018: 11}","Diurnal rhythm of the savannah elephant (Loxodonta africana africana) in Maasai Mara National Reserve, Kenya"
192266589,Group & Organization Management,43,2,6,2009,2017,8,2018,9,"{2009: 1, 2016: 4, 2017: 1}",Abusive supervision and employee emotional exhaustion
145200904,Health Economics,16,1,8,2003,2014,11,2006,8,"{2003: 1, 2006: 6, 2014: 1}",Investigating the Quitting Decision of Nurses: Panel Data Evidence from the British National Health Service
151404345,Journal of Post Keynesian Economics,28,1,5,2005,2014,9,2006,8,"{2005: 3, 2014: 2}","Countervailing, conditioned, and contingent--the power theory of John Kenneth Galbraith | John Kenneth Galbraith and original institutional economics"
2764896919,Environmental Economics and Policy Studies,7,2,4,2005,2014,9,2006,8,"{2005: 3, 2014: 1}","植田和弘著『緑のエネルギー原論』:（岩波書店，2013年12月刊，173頁＋注＋初出一覧，本体1,700円＋税）"
23254222,American Economic Review,71,4,6,2008,2016,8,2016,8,"{2008: 1, 2016: 5}",Exact Consumer's Surplus and Deadweight Loss
2764933780,ASIA MARKETING JOURNAL,22,1,5,2012,2020,8,2020,8,"{2012: 1, 2020: 4}",해석 전략과 소비자 목표가 융합제품에 대한 소비자 반응에 미치는 영향
2738848155,Contemporary Economics,15,1,7,2013,2021,8,2021,8,"{2013: 1, 2021: 6}",COVID-19: Putting Stock Markets Back on Recovery among the Crude Oil Producing Economies
88020226,The Business History Review,85,3,34,2003,2011,8,2011,8,"{2003: 1, 2011: 33}","Between Human and Machine: Feedback, Control, and Computing before Cybernetics (Book)"
2764896919,Environmental Economics and Policy Studies,8,2,7,2007,2015,8,2007,8,"{2007: 3, 2015: 4}",Welfare effects of international income transfers under transboundary pollution | Stock market reactions to information disclosure: new evidence from Japan’s pollutant release and transfer register
205793605,Business Strategy and the Environment,29,6,51,2012,2020,8,2020,8,"{2012: 1, 2020: 50}",Key lecture: Choosing and combining units
23254222,American Economic Review,88,2,9,2008,2016,8,2016,8,"{2008: 1, 2016: 8}",Social security and Retirement: An International Comparison
2737221291,Zagreb international review of economics and business/Zagreb international review of economics & business,8,2,6,2005,2013,8,2005,8,"{2005: 5, 2013: 1}",Privatisation of banks in Croatia and the monetary sovereignty
114193083,Chinese Economy,39,1,5,2006,2014,8,2006,8,"{2006: 4, 2014: 1}","Analytical Method Research on China's Transitional Economic Practice: With an Explanation of the Reasonable Logic of the ""Beijing Consensus"""
194514787,Applied Health Economics and Health Policy,19,3,14,2013,2021,8,2021,8,"{2013: 1, 2020: 8, 2021: 5}",REUSE POTENTIAL OF ABLUTION WATER FROM IIUM MASJID
41416626,Harvard business review,80,9,10,2002,2010,8,2002,8,"{2002: 9, 2010: 1}","Price Setting, Inflation Dynamics, and Monetary Policy"
23254222,American Economic Review,74,3,7,2008,2016,8,2016,8,"{2008: 1, 2016: 6}",Welfare Costs per Dollar of Additional Tax Revenue in the United States
50631486,Journal of Knowledge Management,15,4,9,2011,2019,8,2011,8,"{2011: 8, 2019: 1}",知識管理の実行によるビジネスパフォーマンスの達成:製造と非製造会社の比較研究【JST・京大機械翻訳】
170287006,Scandinavian Economic History Review,62,1,12,2006,2014,8,2014,8,"{2006: 1, 2013: 1, 2014: 10}","Harald Rinde, The history of Norwegian Telecommunication 1855-1920"
111767569,History of economic ideas,16,3,17,2008,2016,8,2008,8,"{2008: 16, 2016: 1}",A 'SCIENTIFIC BASIS' FOR FASCISM: THE NEO-ORGANIC IS M OF CORRADO GINI
2764896919,Environmental Economics and Policy Studies,10,1,5,2009,2017,8,2009,8,"{2009: 3, 2017: 2}",Renewable Energy and the Future Direction of Economic Development | 愛甲哲也・庄子康・栗山浩一編『自然保護と利用のアンケート調査―公園管理・野生動物・観光のための社会調査ハンドブック―』
50631486,Journal of Knowledge Management,7,1,10,2003,2011,8,2003,8,"{2003: 9, 2011: 1}",A Knowledge Management Tool for the Interconnection of Communities of Practice
2765057965,Gadjah Mada International Journal of Business,7,2,5,2005,2013,8,2005,8,"{2005: 4, 2013: 1}",Balance Sheet Vulnerability and Macroeconomic Management in Indonesia
4210231290,Financial markets and portfolio management,35,4,6,2013,2021,8,2021,8,"{2013: 1, 2021: 5}","Gaspar Noés ""Enter the void"""
134988049,Econometric Reviews,40,2,5,2013,2020,7,2021,8,"{2013: 1, 2020: 4}",Match-Rigging in Professional Sumo-Elucidation of Incentive Structures and Empirical Analysis-
2764642258,Indian journal of industrial relations,44,2,11,2008,2016,8,2009,7,"{2008: 9, 2016: 2}","Is Affirmative Action Policy for Private Sector Necessary | Religion, Socio-economic Backwardness & Discrimination: The Case of Indian Muslims"
111767569,History of economic ideas,17,3,22,2009,2016,7,2009,7,"{2009: 21, 2016: 1}",IN THE SHADOW OF THE INVISIBLE HAND
2764933780,ASIA MARKETING JOURNAL,2,1,8,2000,2007,7,2000,7,"{2000: 7, 2007: 1}",The Roles of Self-Expression and Identification on thePersonal Community Commitment
180061323,The Review of Economics and Statistics,98,5,13,2009,2016,7,2016,7,"{2009: 1, 2016: 12}",War and Relatedness
2738413198,Equilibrium Quarterly Journal of Economics and Economic Policy,1,1-2,13,2008,2015,7,2008,7,"{2008: 12, 2015: 1}",The development of innovative banking services ? treasury transactions as a way to risk and financial management corporation by use of electronic distribution channels
163774179,Labour Economics,7,1,6,2000,2007,7,2000,7,"{2000: 5, 2007: 1}",Labor's Liquidity Service and Firing Costs
57667410,Annals of Operations Research,317,2,18,2015,2022,7,2015,7,"{2015: 6, 2016: 4, 2017: 4, 2018: 1, 2019: 1, 2021: 1, 2022: 1}",The “Sensitive” Markovian queueing system and its application for a call center problem
166753014,Health Services Management Research,14,2,18,2001,2008,7,2001,7,"{2001: 17, 2008: 1}",Glucocorticoid receptor gene polymorphisms in patients with Cushing's disease and adrenal Cushing's syndrome
57667410,Annals of Operations Research,317,1,16,2015,2022,7,2015,7,"{2015: 5, 2016: 5, 2017: 2, 2019: 1, 2021: 2, 2022: 1}",A revisit to the markup practice of irreversible dynamic pricing
162583106,Health Marketing Quarterly,28,1,6,2004,2011,7,2011,7,"{2004: 1, 2011: 5}",Learning about Leadership: A Lord Mayor and an Entrepreneur's Story
127742747,Journal of Econometrics,144,1,13,2001,2008,7,2008,7,"{2001: 1, 2007: 2, 2008: 10}",Learning and the Value of Information: Evidence From Health Plan Report Cards
170137484,Review of Financial Studies,33,1,13,2012,2019,7,2019,7,"{2012: 1, 2019: 12}",On the Asset Market View of Exchange Rates
66524056,Journal of Business Economics and Management,4,2,11,2003,2010,7,2003,7,"{2003: 10, 2010: 1}",Zentrale unternehmensfunktionen für wettbewerbs‐ und kundenorientierte prozessläufe
2765057965,Gadjah Mada International Journal of Business,8,2,5,2006,2013,7,2006,7,"{2006: 4, 2013: 1}","ASSESSING FACTORS AFFECTING the REPAYMENT RATE OF MICROFINANCE INSTITUTIONS: A Case Study of Village Credit Institutions of Gianyar, Bali"
43019230,PharmacoEconomics,38,9,11,2013,2020,7,2020,7,"{2013: 1, 2020: 10}","The Origins, Evolution, and Effects of Test Based Accountability: North Carolina and the Nation, 1976-2009"
2764642258,Indian journal of industrial relations,45,2,10,2009,2016,7,2009,7,"{2009: 9, 2016: 1}",Understanding Indian Trade Union Existence in the Zeitgeist of the Global
66524056,Journal of Business Economics and Management,4,1,16,2003,2010,7,2003,7,"{2003: 15, 2010: 1}",Strategien zur transformation von dienstleistungen auf informationstechnologie am beispiel der wirtschaftsprüfer in der Europäischen Union
2764642258,Indian journal of industrial relations,44,3,12,2009,2016,7,2009,7,"{2009: 11, 2016: 1}",Corporate Social Responsibility & Shareholder Returns - Evidence from the Indian Capital Market
2764964828,The Journal of Applied Management and Entrepreneurship,14,4,6,2009,2016,7,2009,7,"{2009: 5, 2016: 1}","An examination of the relationship between the mission of the university, the business school, and the entrepreneurship center: An application of Chandler’s strategy and structure hypothesis"
154010748,Management Decision,45,2,11,2007,2014,7,2007,7,"{2007: 10, 2014: 1}",Financiamiento de Energía Renovable: El proyecto Hidroeléctrico La Esperanza
97548893,American Journal of Economics and Sociology,72,5,13,2013,2020,7,2013,7,"{2013: 12, 2020: 1}","Degraded work, declining community, rising inequality, and the transformation of the protestant ethic in America"
19358283,International Journal of Advertising,27,3,12,2008,2015,7,2008,7,"{2008: 10, 2015: 2}",Minding the gap: the evolving relationships between affective neuroscience and advertising research | What advertisers can do and cannot do with neuroscience
2737777163,International Journal of Economics and Financial Issues,7,4,6,2017,2024,7,2017,7,"{2017: 5, 2024: 1}",Analysing the Effect of Oil Price Shocks on Asset Prices: Evidence from UK Firms
2765057965,Gadjah Mada International Journal of Business,8,1,5,2006,2013,7,2006,7,"{2006: 4, 2013: 1}",Special Purpose Vehicle Institutions: Their Business Natures and Accounting Implications
145200904,Health Economics,24,1,10,2007,2014,7,2014,7,"{2007: 1, 2013: 7, 2014: 2}",Electron scattering by whistler-mode ELF hiss in
2764642258,Indian journal of industrial relations,45,4,5,2010,2016,6,2009,7,"{2010: 4, 2016: 1}",Employment Relations & Rights in the Global Automotive Industry
43019230,PharmacoEconomics,35,4,8,2010,2016,6,2017,7,"{2010: 1, 2016: 7}",Towards a framework for the generation of enhanced attack/background network traffic for evaluation of network-based intrusion detection systems.
57667410,Annals of Operations Research,350,3,5,2016,2024,8,2022,6,"{2016: 2, 2023: 1, 2024: 2}",Gamification design using tourist-generated pictures to enhance visitor engagement at intercity tourist sites
134988049,Econometric Reviews,20,1,10,2000,2007,7,2001,6,"{2000: 2, 2001: 7, 2007: 1}",実力者 亀井静香代議士 政界再編を目指して 熱く決意を語る
134988049,Econometric Reviews,20,2,11,2000,2007,7,2001,6,"{2000: 4, 2001: 6, 2007: 1}",『財界人』トップ対談 豪腕の二巨頭 現政局を斬る
134988049,Econometric Reviews,22,2,7,2002,2009,7,2003,6,"{2002: 1, 2003: 5, 2009: 1}",Izumi Takashi : Gedankenentwicklung in seiner Shiko-Zeit
88935262,The Review of Economic Studies,87,3,12,2013,2020,7,2019,6,"{2013: 1, 2019: 10, 2020: 1}",Macroprudential Regulation Versus Mopping Up After the Crash
111767569,History of economic ideas,17,1,20,2009,2015,6,2009,6,"{2009: 19, 2015: 1}","JAMES ANDERSON, FISHERIES AND REGIONAL ECONOMIC DEVELOPMENT IN SCOTLAND"
82262387,Journal of Information Systems,29,2,31,2014,2020,6,2020,6,"{2014: 8, 2015: 11, 2020: 12}",Efficacy of Social Media Utilization by Public Accounting Firms: Findings and Directions for Future Research | Do Social Media Matter? Initial Empirical Evidence
82262387,Journal of Information Systems,29,1,22,2014,2020,6,2020,6,"{2014: 6, 2015: 3, 2020: 13}",Editorial Policy | Challenges From and To the Senior Editors of the <i>Journal of Information Systems</i>
82262387,Journal of Information Systems,27,1,25,2012,2018,6,2018,6,"{2012: 6, 2013: 13, 2018: 6}",The Internal Audit Function in Information Technology Governance: A Holistic Perspective | Measuring Top Management's IT Governance Knowledge Absorptive Capacity
206615888,Economic Inquiry,53,1,44,2008,2014,6,2014,6,"{2008: 1, 2014: 43}",CONTRACTS AS RENT‐SEEKING DEVICES: EVIDENCE FROM GERMAN SOCCER
134988049,Econometric Reviews,20,3,6,2001,2007,6,2001,6,"{2001: 5, 2007: 1}",企業研究 地球に優しくて力持ち J-POWERの秘密--電源開発(株)
82262387,Journal of Information Systems,28,1,22,2013,2019,6,2019,6,"{2013: 8, 2014: 7, 2019: 7}","Development of an Anomaly Detection Model for a Bank's Transitory Account System | Big Questions in AIS Research: Measurement, Information Processing, Data Analysis, and Reporting"
4210226746,Ekonomia i Prawo,5,1,17,2009,2015,6,2009,6,"{2009: 16, 2015: 1}",The competitiveness of foreign trade and the principles of social economy – the example of Poland
2765057965,Gadjah Mada International Journal of Business,9,3,5,2007,2013,6,2007,6,"{2007: 4, 2013: 1}",Organizational Justice as an Antecedent of Job Performance
76440981,Canadian Journal of Economics/Revue canadienne d économique,54,2,12,2015,2021,6,2021,6,"{2015: 1, 2021: 11}",Education: Optimal Choice and Efficient Policy
45992627,The Economic Journal,132,643,11,2015,2021,6,2021,6,"{2015: 1, 2021: 10}",The Efficiency Costs of Dividend Taxation with Managerial Firms
50631486,Journal of Knowledge Management,7,5,12,2003,2009,6,2003,6,"{2003: 11, 2009: 1}",Design of Sustainable Development: Intellectual Value of Large BRIC Companies and Factors of their Growth
57667410,Annals of Operations Research,312,2,30,2016,2022,6,2022,6,"{2016: 1, 2017: 3, 2018: 2, 2019: 1, 2020: 1, 2021: 5, 2022: 17}",Integrating life-cycle assessment and multi-criteria decision analysis to compare alternative biodiesel chains
26598852,Economia Politica,3,3,4,2004,2010,6,2004,6,"{2004: 1, 2007: 1, 2009: 1, 2010: 1}",La valutazione della ricerca in Economia Politica
95323914,Journal of Political Economy,129,1,9,2015,2021,6,2021,6,"{2015: 1, 2020: 7, 2021: 1}",Parent-Child Information Frictions and Human Capital Investment: Evidence from a Field Experiment
170137484,Review of Financial Studies,27,11,8,2008,2014,6,2014,6,"{2008: 1, 2014: 7}",Fooling Some of the People All of the Time: The Inefficient Performance and Persistence of Commodity Trading Advisors
156260212,Research in Economics,69,4,10,2009,2015,6,2015,6,"{2009: 1, 2012: 1, 2015: 8}",New-Keynesian Economics: An AS-AD View
2735890421,The World Bank Economic Review,39,3,11,2018,2024,6,2024,6,"{2018: 1, 2024: 10}",Firms and Labor in Times of Violence: Evidence from the Mexican Drug War
178258306,Empirical Economics,54,2,20,2011,2017,6,2017,6,"{2011: 1, 2014: 1, 2016: 1, 2017: 17}",Fiscal Developments and Financial Stress: A Threshold VAR Analysis
180061323,The Review of Economics and Statistics,98,4,12,2010,2016,6,2016,6,"{2010: 1, 2016: 11}",What Hinders Investment in the Aftermath of Financial Crises: Insolvent Firms or Illiquid Banks?
82262387,Journal of Information Systems,29,3,21,2014,2020,6,2020,6,"{2014: 3, 2015: 7, 2020: 11}",The Association between Extensions in XBRL Disclosures and Financial Information Environment | Form 4 Electronic Submissions and the Thomson Reuters Insider Filing Data Feed: Discrepancies and Their Impact on Research
156260212,Research in Economics,69,2,10,2009,2015,6,2015,6,"{2009: 1, 2014: 2, 2015: 7}",Delocation and Trade Agreements in Imperfectly Competitive Markets
4210168091,The Journal of Law Economics and Organization,36,3,7,2014,2020,6,2020,6,"{2014: 1, 2020: 6}",Unintended Consequences of Products Liability: Evidence from the Pharmaceutical Market
98984247,Computational Economics,55,2,14,2013,2019,6,2019,6,"{2013: 1, 2019: 13}",International Assets Allocation with Risk Management via Multi-Stage Stochastic Programming
7345157,Eastern Economic Journal,35,4,14,2003,2009,6,2009,6,"{2003: 1, 2009: 13}",PUBLIC CHOICE AND ALTRUISM
43019230,PharmacoEconomics,30,6,7,2006,2012,6,2012,6,"{2006: 1, 2012: 6}","Empire and Citizenship, 212-1946"
145200904,Health Economics,19,6,9,2009,2015,6,2009,6,"{2009: 8, 2015: 1}",An evaluation of two approaches for developing keyboarding skills in children with cognitive disabilities
2764850994,Journal of managerial issues,29,4,3,2011,2017,6,2017,6,"{2011: 1, 2017: 2}",The Willingness to be Underemployed: A Study of Unemployed Professionals
134988049,Econometric Reviews,19,2,7,2000,2006,6,2000,6,"{2000: 5, 2006: 2}",『財界人』トップインタビュー 石油業界の新しい未来を目指して--2006、日本のエネルギー産業の行方 出光興産株式会社 取締役社長 天坊昭彦 | 直撃インタビュー 帝人株式会社理事広報・IR室長 吉川勝 技術の隠れた巨人 経営統治の先駆者に不断の挑戦魂あり
65528657,Journal of Regional Science,54,1,14,2008,2014,6,2014,6,"{2008: 1, 2013: 6, 2014: 7}",ARE IMMIGRANTS MORE MOBILE THAN NATIVES? EVIDENCE FROM GERMANY
176795851,Journal of Macroeconomics,28,4,11,2000,2006,6,2006,6,"{2000: 1, 2006: 10}",An Optimizing IS-LM Framework with Endogenous Investment
45992627,The Economic Journal,131,635,13,2014,2020,6,2020,6,"{2014: 1, 2020: 12}",Coal and the European Industrial Revolution
23254222,American Economic Review,69,1,5,2016,2022,6,2016,6,"{2016: 4, 2022: 1}",Optimal pricing with intermodal competition
145507837,Industrial and Corporate Change,25,2,9,2010,2016,6,2016,6,"{2010: 1, 2015: 3, 2016: 5}",Learning to learn from failures: the impact of operating experience on railroad accident responses
184446198,Journal of Public Economic Theory,20,2,8,2012,2017,5,2018,6,"{2012: 1, 2017: 7}",Taxation of Firms with Unknown Mobility
181171746,Journal of Economic Growth,18,1,3,2007,2012,5,2013,6,"{2007: 1, 2012: 2}","The Farm, the City, and the Emergence of Social Security"
82262387,Journal of Information Systems,30,2,11,2014,2021,7,2016,5,"{2014: 1, 2015: 2, 2016: 7, 2021: 1}","Business Process and Value Delivery Modeling Using Possession, Ownership, and Availability (POA) in Enterprises and Business Networks"
180061323,The Review of Economics and Statistics,102,4,13,2014,2020,6,2019,5,"{2014: 1, 2019: 10, 2020: 2}",Trade and Uncertainty
26073974,Oxford Economic Papers,62,3,8,2004,2010,6,2009,5,"{2004: 1, 2009: 6, 2010: 1}","Partnership Dissolution, Complementarity, and Investment Incentives"
82262387,Journal of Information Systems,30,1,17,2015,2021,6,2016,5,"{2015: 7, 2016: 3, 2021: 7}",The <i>Journal of Information Systems</i> 2015 Conference on Information Technology Audit | Editorial Policy
88935262,The Review of Economic Studies,87,6,14,2014,2020,6,2019,5,"{2014: 1, 2016: 1, 2019: 3, 2020: 9}",Top of the Class: The Importance of Ordinal Rank
2764642258,Indian journal of industrial relations,46,2,7,2010,2016,6,2011,5,"{2010: 6, 2016: 1}",Trade Unions in Indian IT Industry? An Employees' Perspective
7424199,Public Choice,187,1-2,14,2015,2021,6,2020,5,"{2015: 1, 2019: 2, 2020: 8, 2021: 3}","Culture, Institutions and Democratization"
88935262,The Review of Economic Studies,85,4,13,2012,2018,6,2017,5,"{2012: 1, 2017: 7, 2018: 5}","The Role of Firm Factors in Demand, Cost, and Export Market Selection for Chinese Footwear Producers"
82262387,Journal of Information Systems,30,3,14,2015,2021,6,2016,5,"{2015: 5, 2016: 7, 2021: 2}",Using Data Mining Techniques for Analysis of the Impacts of COVID-19 Pandemic on the Domestic Stock Prices: Focusing on Healthcare Industry | The Effect of the Determinants on the Intention-to-Use of Big Data System in Manufacturing Industry
2764642258,Indian journal of industrial relations,46,1,9,2010,2016,6,2011,5,"{2010: 8, 2016: 1}",Workforce Reduction & HR Competencies: An Exploratory Study
82262387,Journal of Information Systems,14,2,20,2000,2005,5,2005,5,"{2000: 6, 2005: 14}",An Examination of the Effect of IT Investments on Firm Value: The Case of Y2K-Compliance Costs | Accounting Information Systems Doctoral Dissertations: 1999
185325801,Journal of Korea Trade,16,1,8,2012,2017,5,2012,5,"{2012: 7, 2017: 1}",Mad-Cow Disease and the Politics of International Economic Law: Implications from Korean Experience
82262387,Journal of Information Systems,27,2,26,2013,2018,5,2018,5,"{2013: 15, 2018: 11}",A Study on the Factors Influencing Innovation Resistance and Intention of Using on the Biometrics Technology | An Empirical Study on the Acceptance-Resistance Motivation to Use A Mobile Payment Service : Applying Multivariate Discriminant Analysis
86301901,Revista de economía aplicada/Revista de economía aplicada,19,55,7,2006,2011,5,2011,5,"{2006: 1, 2011: 6}",Productive efficiency and regulatory reform: The case of vehicle inspection services
23254222,American Economic Review,65,3,7,2016,2021,5,2016,5,"{2016: 6, 2021: 1}",Short- Term Interest Rates as Predictors of Inflation
82262387,Journal of Information Systems,15,1,19,2001,2006,5,2006,5,"{2001: 5, 2006: 14}",Developing Database Query Proficiency: Assuring Compliance for Responses to Web Site Referrals | The Sections of the <i>Journal</i>
82262387,Journal of Information Systems,19,1,12,2005,2010,5,2005,5,"{2005: 10, 2010: 2}",대규모 프로젝트의 위험요인과 위험관리에 관한 사례연구 | 소프트컴퓨팅 기법을 활용하는 지능적인 반도체 수율 예측 시스템
82262387,Journal of Information Systems,16,2,21,2002,2007,5,2007,5,"{2002: 14, 2007: 7}","Perceived Trust of e-Marketplace and Its Effect on Commitment, Long-Term Orientation and Cooperation | A Study on Effects of Success Factors of Knowledge Management for Business Activity and Business Performance - Korean Manufacturing Companies and Non-Manufacturing Companies"
82262387,Journal of Information Systems,15,2,17,2001,2006,5,2006,5,"{2001: 5, 2006: 12}",Accounting Information Systems Doctoral Dissertations: 2000 | The Relevance of Transformational Leadership to Nontraditional Accounting Services: Information Systems Assurance and Business Consulting
57667410,Annals of Operations Research,349,2,34,2018,2023,5,2023,5,"{2018: 2, 2019: 9, 2020: 3, 2021: 9, 2022: 9, 2023: 2}",Environmental production and productivity growth: evidence from european paper and pulp manufacturing | Optimal green product’s pricing and level of sustainability in supply chains: effects of information and coordination
95323914,Journal of Political Economy,123,2,7,2010,2015,5,2015,5,"{2010: 1, 2015: 6}",Estimating the Cream Skimming Effect of School Choice
105710273,Review of Financial Economics,19,2,7,2005,2010,5,2010,5,"{2005: 1, 2009: 4, 2010: 2}",The Long-term Relation Analysis between PPI and CPI in Korea
59007373,Supply Chain Management An International Journal,14,3,9,2009,2014,5,2009,5,"{2009: 8, 2014: 1}",A Survey of Disruptions in Aviation and Aerospace Supply Chains and Recommendations for Increasing Resilience
178258306,Empirical Economics,44,2,29,2007,2012,5,2012,5,"{2007: 1, 2011: 8, 2012: 20}",Intertemporal Labor Supply and Involuntary Unemployment
34139249,The RAND Journal of Economics,39,2,12,2003,2008,5,2008,5,"{2003: 1, 2006: 1, 2008: 10}",Incentives and Invention in Universities
82262387,Journal of Information Systems,18,2,13,2004,2009,5,2004,5,"{2004: 12, 2009: 1}",웹 기반 원격교육의 학업성취에 미치는 영향: 시스템 상호작용의 조절효과 관점에서
102949365,Strategic Management Journal,23,3,8,2002,2007,5,2002,5,"{2002: 7, 2007: 1}",Creating value in the face of declining performance: firm strategies and organizational recovery
5353659,The Journal of Finance,74,3,13,2014,2019,5,2019,5,"{2014: 1, 2018: 1, 2019: 11}",Liquidity Risk and the Dynamics of Arbitrage Capital
197981039,Economics and Politics,17,1,5,2000,2005,5,2005,5,"{2000: 1, 2005: 4}","FISCAL CONSTRAINTS, COLLECTION COSTS, AND TRADE POLICIES"
138400101,Managerial and Decision Economics,28,4-5,25,2002,2007,5,2007,5,"{2002: 1, 2007: 24}",Benefits and Costs of Newer Drugs: An Update
2764651625,Journal of Economic Integration,21,1,10,2001,2006,5,2006,5,"{2001: 1, 2006: 9}",Measuring Services Trade Liberalization and Its Impact on Economic Growth: An Illustration
201533460,Applied Economics,45,12,8,2007,2012,5,2012,5,"{2007: 1, 2012: 7}","The Cyclicality of Consumption, Wages and Employment of the Public Sector in the Euro Area"
198098467,Journal of International Economics,82,2,11,2005,2010,5,2010,5,"{2005: 1, 2010: 10}",Airplanes and Comparative Advantage
57667410,Annals of Operations Research,323,1-2,15,2018,2023,5,2023,5,"{2018: 1, 2020: 1, 2022: 3, 2023: 10}",Design of a multi echelon product recovery embeded reverse logistics network for multi products and multi periods
203860005,The Quarterly Journal of Economics,122,4,11,2002,2007,5,2007,5,"{2002: 1, 2007: 10}",Entitled to Work: Urban Property Rights and Labor Supply in Peru
5353659,The Journal of Finance,61,3,16,2001,2006,5,2006,5,"{2001: 1, 2006: 15}",Uncovering the Risk-Return Relation in the Stock Market
59007373,Supply Chain Management An International Journal,5,5,6,2000,2005,5,2000,5,"{2000: 5, 2005: 1}",SCM-Implementierung auf der Basis einer Virtuellen Supply Chain Organisation
4210214005,Latin American Journal of Central Banking,1,1-4,20,2015,2020,5,2020,5,"{2015: 1, 2020: 19}","Interconnectedness, Systemic Crises and Recessions"
45992627,The Economic Journal,130,630,10,2015,2020,5,2020,5,"{2015: 1, 2020: 9}",Gender Differences in Networking
178258306,Empirical Economics,30,1,13,2000,2005,5,2005,5,"{2000: 1, 2005: 12}",Asymptotic Confidence Bands for the Estimated Autocovariance and Autocorrelation Functions of Vector Autoregressive Models
86125002,Environmental and Resource Economics,71,2,12,2012,2017,5,2017,5,"{2012: 1, 2017: 11}","Brown Growth, Green Growth, and the Efficiency of Urbanization"
82262387,Journal of Information Systems,28,2,26,2014,2019,5,2019,5,"{2014: 18, 2019: 8}",Comparative Analysis of Work-Life Balance Issues between Korea and the United States | A Comparative Study on the Entrepreneurship Intentions of Korean and Chinese Preliminary Entrepreneurs
180061323,The Review of Economics and Statistics,90,2,10,2003,2008,5,2008,5,"{2003: 1, 2008: 9}",What You Don't Know Can't Help You: Pension Knowledge and Retirement Decision Making
44585919,Journal of Economic Dynamics and Control,37,12,31,2008,2013,5,2013,5,"{2008: 1, 2013: 30}",Design Limits and Dynamic Policy Analysis
23254222,American Economic Review,99,3,21,2004,2009,5,2009,5,"{2004: 1, 2009: 20}","Trade, Tragedy, and the Commons"
82262387,Journal of Information Systems,17,1,10,2003,2008,5,2003,5,"{2003: 9, 2008: 1}",교육행정정보시스템(NEIS) 사용자 만족도에 영향을 미치는 요인에 관한 연구
82262387,Journal of Information Systems,22,2,18,2008,2013,5,2008,5,"{2008: 17, 2013: 1}",기업의 클라우드 컴퓨팅 전략수립을 위한 SWOT-AHP 프레임워크 개발
45992627,The Economic Journal,128,608,14,2012,2017,5,2017,5,"{2012: 1, 2015: 1, 2016: 10, 2017: 2}","Top Incomes, Rising Inequality and Welfare"
105710273,Review of Financial Economics,20,2,8,2006,2011,5,2011,5,"{2006: 3, 2011: 5}","Trading Volume, Volatility and Bid-Ask Spreads: Evidence from Foreign Exchange Market in Korea | A Law-and-Economics Analysis on the Efficient Deterrent System against Harmful Activities in the Securities Market"
127742747,Journal of Econometrics,156,1,15,2004,2009,5,2009,5,"{2004: 1, 2009: 14}",Estimating the Return to Training and Occupational Experience: The Case of Female Immigrants
127742747,Journal of Econometrics,186,1,14,2010,2015,5,2015,5,"{2010: 1, 2011: 1, 2014: 8, 2015: 4}",Asset-Pricing Anomalies at the Firm Level
82262387,Journal of Information Systems,22,1,16,2008,2013,5,2008,5,"{2008: 14, 2013: 2}",기존 시스템 사용 습관과 새로운 시스템 수용과의 관계 | 모바일뱅킹에서 개인혁신성의 조절효과
78091837,Review of World Economics,143,3,9,2002,2007,5,2007,5,"{2002: 1, 2007: 8}",Why Do Foreign-Owned Firms Pay More? The Role of On-the-Job Training
166621295,Journal of Health Economics,26,3,10,2001,2006,5,2006,5,"{2001: 1, 2006: 9}",DIVERSITY ISSUES & HONORS EDUCATION!
162583106,Health Marketing Quarterly,33,4,9,2011,2016,5,2016,5,"{2011: 1, 2016: 8}",A novel silver colloid: assessment of antibacterial activity
2764642258,Indian journal of industrial relations,46,4,11,2011,2016,5,2011,5,"{2011: 8, 2016: 3}",GNP & Beyond: Searching for New Indicators-A View in Retrospect | Employ ability Skills: The Conceptual Framework & Scale Development
82262387,Journal of Information Systems,21,1,12,2007,2012,5,2007,5,"{2007: 10, 2012: 2}","친환경 공급사슬관리의 영향요인, 실행수준, 그리고 기업성과간의 구조적 인과관계 | 한국 TAM 실증연구의 동일방법편의 분석"
82262387,Journal of Information Systems,17,2,13,2003,2008,5,2003,5,"{2003: 12, 2008: 1}","An Empirical Study on the Influence of Environmental, Organizational, IS Characteristics on the Organizational Balanced Performance of SCM Systems Tae-Soo Moon？Sung-Bae Kang"
199447588,Journal of Public Economics,94,9-10,15,2005,2010,5,2010,5,"{2005: 1, 2010: 14}",Tax Revenue and (or?) Trade Liberalization
82262387,Journal of Information Systems,20,1,15,2006,2011,5,2006,5,"{2006: 14, 2011: 1}",모바일 상거래 연구의 최근 동향
102949365,Strategic Management Journal,23,11,8,2002,2007,5,2002,5,"{2002: 7, 2007: 1}","Choice, chance and inevitability in strategy"
2058785,Journal of money credit and banking,43,4,9,2006,2011,5,2011,5,"{2006: 1, 2011: 8}",Monetary Policy in the Media
5353659,The Journal of Finance,73,1,13,2013,2018,5,2018,5,"{2013: 1, 2017: 9, 2018: 3}",The Leverage Ratchet Effect
100134864,European Journal of Political Economy,21,2,18,2000,2005,5,2005,5,"{2000: 1, 2004: 16, 2005: 1}",Inventors and Pirates: Creative Activity and Intellectual Property Rights
184446198,Journal of Public Economic Theory,21,6,14,2014,2019,5,2019,5,"{2014: 1, 2018: 3, 2019: 10}",The Political Sustainability of a Basic Income Scheme and Social Health Insurance
86125002,Environmental and Resource Economics,38,3,7,2002,2007,5,2007,5,"{2002: 1, 2007: 6}",Environmental Policy and Growth when Inputs are Differentiated in Pollution Intensity
96544531,Applied Economics Letters,32,1,27,2019,2024,5,2024,5,"{2019: 1, 2021: 1, 2023: 24, 2024: 1}",Correction
88935262,The Review of Economic Studies,82,4,10,2010,2015,5,2015,5,"{2010: 1, 2015: 9}",Income Differences and Prices of Tradables: Insights from an Online Retailer
88935262,The Review of Economic Studies,92,5,20,2019,2024,5,2024,5,"{2019: 1, 2024: 19}",Markups and Inequality
82262387,Journal of Information Systems,16,1,20,2002,2007,5,2007,5,"{2002: 8, 2007: 12}",Determinants of Consulting Service Quality for Accounting and Nonaccounting Service Providers | Contracting for Information System Outsourcing with Multiple Bidders
82262387,Journal of Information Systems,26,2,19,2012,2017,5,2012,5,"{2012: 14, 2017: 5}",Influence of Economic Value and Information Quality on Repurchase Intention in Social Commerce based on Motivation Theory | A Study on the Privacy Concern of e-commerce Users: Focused on Information Boundary Theory
107325288,Social Choice and Welfare,33,2,7,2004,2009,5,2009,5,"{2004: 1, 2008: 3, 2009: 3}",Ranking Intersecting Lorenz Curves
88935262,The Review of Economic Studies,72,4,10,2000,2005,5,2005,5,"{2000: 1, 2005: 9}",The Timing of Purchases and Aggregate Fluctuations
37173775,European Journal of Law and Economics,45,1,7,2012,2017,5,2017,5,"{2012: 1, 2014: 1, 2015: 1, 2016: 2, 2017: 2}",The impact of economic growth and good governance on misery index in Iranian economy
201037040,International Journal of Manpower,34,6,7,2008,2013,5,2013,5,"{2008: 1, 2013: 6}",Scientific (Wo)Manpower? Gender and the Composition and Earnings of PhDs in Sweden
180061323,The Review of Economics and Statistics,89,2,15,2002,2007,5,2007,5,"{2002: 1, 2007: 14}",Retirement Consumption: Insights from a Survey
122161766,Journal of Forecasting,34,4,6,2010,2015,5,2015,5,"{2010: 1, 2015: 5}",Does Disagreement Amongst Forecasters Have Predictive Value?
82262387,Journal of Information Systems,14,1,14,2000,2005,5,2005,5,"{2000: 5, 2005: 9}","The Belgian Chocolate Company: A Dynamic Data Modeling and Database Design Case for the Accounting Information Systems Class | EDI Adoption and Implementation: An Examination of Perceived Operational and Strategic Benefits, and Controls"
45992627,The Economic Journal,119,539,11,2004,2009,5,2009,5,"{2004: 1, 2009: 10}",High Compensation Creates a Ratchet Effect
95323914,Journal of Political Economy,120,2,4,2007,2012,5,2012,5,"{2007: 1, 2012: 3}","Endogenous Entry, Product Variety, and Business Cycles"
95323914,Journal of Political Economy,122,4,5,2009,2014,5,2014,5,"{2009: 1, 2014: 4}",Extensive and Intensive Investment over the Business Cycle
202812398,Information Systems Research,21,1,12,2005,2010,5,2010,5,"{2005: 1, 2008: 1, 2009: 7, 2010: 3}","Electronic Markets, Search Costs and Firm Boundaries"
61971679,The Journal of private enterprise,31,3,3,2011,2016,5,2016,5,"{2011: 1, 2015: 1, 2016: 1}",Boon or Bust; Wilderness Designation and Regional Economies
5984737,Journal of Financial Intermediation,20,2,7,2005,2010,5,2010,5,"{2005: 1, 2010: 6}",Regulation of Multinational Banks: A Theoretical Inquiry
22315241,FinanzArchiv Public Finance Analysis,69,1,5,2008,2013,5,2013,5,"{2008: 1, 2013: 4}",The Johansson-Samuelson Theorem in General Equilibrium: A Rebuttal
82262387,Journal of Information Systems,20,2,10,2006,2011,5,2006,5,"{2006: 9, 2011: 1}",온라인 리뷰를 활용한 사용자 이해 및 서비스 가치 증대
170137484,Review of Financial Studies,29,9,6,2011,2016,5,2016,5,"{2011: 1, 2015: 1, 2016: 4}",The Importance of Trust for Investment: Evidence from Venture Capital
44376543,Business & Society,52,2,6,2008,2013,5,2013,5,"{2008: 1, 2009: 2, 2010: 2, 2013: 1}",An Exploratory Analysis of Corporate Social Responsibility and Disclosure
62142384,Journal of Accounting and Economics,80,1,3,2019,2024,5,2024,5,"{2019: 1, 2024: 2}",Reporting Regulation and Corporate Innovation
105710273,Review of Financial Economics,21,1,6,2007,2011,4,2012,5,"{2007: 2, 2011: 4}",Structural Break in Potential Growth and Business Cycle after Korean Currency Crisis | Was the World-Wide Current Account Imbalance in the Post-Bretton Woods Era on a Sustainable Path?
203860005,The Quarterly Journal of Economics,135,1,9,2015,2019,4,2020,5,"{2015: 1, 2019: 8}",Diversification Through Trade*
45992627,The Economic Journal,133,650,13,2018,2022,4,2023,5,"{2018: 1, 2022: 12}",Women Leaving the Playpen: The Emancipating Role of Female Suffrage
203860005,The Quarterly Journal of Economics,139,1,12,2019,2023,4,2024,5,"{2019: 1, 2023: 11}",Inference on Winners
105710273,Review of Financial Economics,20,1,6,2006,2010,4,2011,5,"{2006: 1, 2010: 5}",Economic Development and Financial Development
201037040,International Journal of Manpower,45,4,10,2019,2023,4,2024,5,"{2019: 1, 2023: 9}",To what extent are ageist attitudes among employers translated into discriminatory practices
105710273,Review of Financial Economics,19,1,10,2005,2009,4,2010,5,"{2005: 5, 2009: 5}",Extreme Value Theory and Value at Risk focusing on GPD Models | What does foreign investment in Korea effect on a stock market volatility
2764642258,Indian journal of industrial relations,47,1,15,2011,2016,5,2012,4,"{2011: 13, 2016: 2}",Measuring Training & Development | HRD Practices & Managerial Effectiveness: Role of Organisation Culture
105710273,Review of Financial Economics,18,2,10,2004,2009,5,2008,4,"{2004: 3, 2008: 6, 2009: 1}",In memory of Professor James R. Webb
127742747,Journal of Econometrics,222,1,39,2016,2021,5,2020,4,"{2016: 1, 2020: 37, 2021: 1}",Disentangling Moral Hazard and Adverse Selection in Private Health Insurance
88935262,The Review of Economic Studies,91,6,18,2019,2024,5,2023,4,"{2019: 1, 2023: 5, 2024: 12}","Granular Search, Market Structure, and Wages"
57667410,Annals of Operations Research,332,1-3,115,2019,2024,5,2023,4,"{2019: 8, 2020: 8, 2021: 19, 2022: 24, 2023: 53, 2024: 3}",Efficient vectors in priority setting methodology | Solving business problems: the business-driven data-supported process
57667410,Annals of Operations Research,241,1-2,22,2011,2016,5,2012,4,"{2011: 1, 2012: 8, 2013: 5, 2014: 6, 2016: 2}",Australian electricity market and price volatility
203860005,The Quarterly Journal of Economics,133,4,9,2013,2018,5,2017,4,"{2013: 1, 2018: 8}",Marginal Tax Rates and Income: New Time Series Evidence
37173775,European Journal of Law and Economics,45,3,7,2013,2018,5,2017,4,"{2013: 1, 2016: 1, 2017: 2, 2018: 3}",What you sell is what you lend? Revealing complexity of riba in loan contract
185905316,The Journal of Technology Transfer,47,3,13,2017,2022,5,2021,4,"{2017: 7, 2021: 4, 2022: 2}",Barriers to university–industry collaboration in an emerging market: Firm-level evidence from Turkey | Public support for research in artificial intelligence: a descriptive study of U.S. Department of Defense SBIR Projects
16296580,Southern Economic Journal,74,4,15,2003,2008,5,2007,4,"{2003: 1, 2008: 14}",Another Look at Yield Spreads: The Role of Liquidity
30207186,CESifo Economic Studies,67,1,4,2016,2021,5,2020,4,"{2016: 1, 2020: 2, 2021: 1}",The 2008 Financial Crisis and the Lack of Retaliatory Trade Intervention
203860005,The Quarterly Journal of Economics,133,3,10,2013,2018,5,2017,4,"{2013: 1, 2017: 3, 2018: 6}",High Frequency Identification of Monetary Non-Neutrality: The Information Effect
178258306,Empirical Economics,56,2,13,2013,2018,5,2017,4,"{2013: 1, 2017: 7, 2018: 5}","Threat of Grade Retention, Remedial Education and Student Achievement: Evidence from Upper Secondary Schools in Italy"
180061323,The Review of Economics and Statistics,95,4,23,2008,2013,5,2012,4,"{2008: 1, 2009: 1, 2012: 20, 2013: 1}",Immigrant Networks and Their Implications for Occupational Choice and Wages
163499366,Review of Economic Dynamics,15,2,8,2007,2012,5,2011,4,"{2007: 1, 2011: 5, 2012: 2}",Reassessing the Ins and Outs of Unemployment
88935262,The Review of Economic Studies,83,2,11,2011,2016,5,2015,4,"{2011: 1, 2013: 1, 2015: 8, 2016: 1}",Referral-Based Job Search Networks
98984247,Computational Economics,37,3,5,2006,2011,5,2010,4,"{2006: 1, 2010: 1, 2011: 3}",A Class of Evolutionary Models for Participation Games with Negative Feedback
185905316,The Journal of Technology Transfer,43,6,14,2013,2018,5,2017,4,"{2013: 1, 2016: 5, 2017: 6, 2018: 2}","Grace, gold, or glory? Exploring incentives for invention disclosure in the university context"
2913204857,Journal of Business Economics,88,7-8,7,2013,2018,5,2017,4,"{2013: 1, 2017: 1, 2018: 5}",Self-Enforcing Capital Tax Coordination
174413665,Review of Income and Wealth,66,3,10,2015,2020,5,2019,4,"{2015: 1, 2019: 8, 2020: 1}",State Dependence in Welfare Benefits in a Non-Welfare Context
37173775,European Journal of Law and Economics,45,2,7,2013,2018,5,2017,4,"{2013: 1, 2014: 1, 2016: 2, 2017: 2, 2018: 1}",Freedom of association in labour relations in the context of the Maqasid-al-Shari’ah principles
88935262,The Review of Economic Studies,83,3,12,2011,2016,5,2015,4,"{2011: 2, 2015: 1, 2016: 9}",Rationally Inattentive Seller: Sales and Discrete Pricing
105710273,Review of Financial Economics,16,1,8,2002,2007,5,2006,4,"{2002: 2, 2006: 5, 2007: 1}",Leveraging corporate strategic advantage using alliances and joint ventures
2765032997,Indian Economic Review,45,1,7,2006,2010,4,2010,4,"{2006: 1, 2010: 6}",Is Value Added Tax (VAT) Reform in India Poverty Improving? An Analysis of Data from Six Major States 1
23254222,American Economic Review,78,2,15,2012,2016,4,2016,4,"{2012: 1, 2016: 14}",Product Liability and Regulation: Establishing the Appropriate Institutional Division of Labor
61971679,The Journal of private enterprise,30,1,7,2011,2015,4,2015,4,"{2011: 1, 2014: 1, 2015: 5}","Climate Change, the Knowledge Problem and the Good Life"
4210203326,A Economia em Revista - AERE,15,2,5,2007,2011,4,2007,4,"{2007: 1, 2011: 4}",Elasticidade de substituição entre capital e trabalho da economia Brasileira:uma análise de dados em painel
130699561,Technology Analysis and Strategic Management,23,3,8,2007,2011,4,2011,4,"{2007: 1, 2011: 7}",Dominant design or multiple designs: The Flash Memory Card case
95323914,Journal of Political Economy,129,7,7,2017,2021,4,2021,4,"{2017: 1, 2021: 6}",Planning Ahead for Better Neighborhoods: Long Run Evidence from Tanzania
163774179,Labour Economics,16,2,11,2004,2008,4,2008,4,"{2004: 1, 2007: 1, 2008: 9}",The Importance of Firms in Wage Determination
184446198,Journal of Public Economic Theory,6,1,10,2000,2004,4,2004,4,"{2000: 1, 2004: 9}",On the Intergenerational Incidence of Wage and Consumption Taxes
22431819,International Economic Journal,30,1,8,2012,2016,4,2016,4,"{2012: 1, 2014: 1, 2015: 1, 2016: 5}",A Nonlinear Approach for Modeling and Forecasting US Business Cycles
95323914,Journal of Political Economy,112,6,7,2000,2004,4,2004,4,"{2000: 1, 2004: 6}",The Social Discount Rate
5353659,The Journal of Finance,77,2,16,2018,2022,4,2022,4,"{2018: 1, 2020: 1, 2021: 1, 2022: 13}",Going the Extra Mile: Distant Lending and Credit Cycles
105710273,Review of Financial Economics,18,1,9,2004,2008,4,2008,4,"{2004: 3, 2008: 6}","The Correlation Structure of the KRW Interest Rates Using LIBOR Market Model | KOSPI 200 Option Volume, Open Interest, and Stock Market Volatility."
23254222,American Economic Review,103,4,15,2009,2013,4,2013,4,"{2009: 1, 2013: 14}",The Gravity of Knowledge
44585919,Journal of Economic Dynamics and Control,31,3,14,2002,2006,4,2006,4,"{2002: 1, 2006: 13}",Natural Rate Doubts
136612413,Journal of Futures Markets,28,7,6,2004,2008,4,2008,4,"{2004: 1, 2008: 5}",The Valuation of Inflation-Indexed and FX Convertible Bonds
170137484,Review of Financial Studies,29,6,6,2012,2016,4,2016,4,"{2012: 1, 2015: 2, 2016: 3}","Collateral, Taxes, and Leverage"
23254222,American Economic Review,100,5,22,2006,2010,4,2010,4,"{2006: 1, 2008: 1, 2010: 20}",Margins of Multinational Labor Substitution
179979277,International Economic Review,46,3,12,2001,2005,4,2005,4,"{2001: 1, 2005: 11}",SPECIALIZATION AND THE SKILL PREMIUM IN THE 20TH CENTURY*
23254222,American Economic Review,97,1,56,2003,2007,4,2007,4,"{2003: 1, 2007: 55}",Individual Perceptions of the Criminal Justice System
998097505,The Journal of Law and Economics,53,1,8,2006,2010,4,2010,4,"{2006: 1, 2010: 7}",The Evolution of Citizenship: Economic and Institutional Determinants
198098467,Journal of International Economics,93,1,13,2010,2014,4,2014,4,"{2010: 1, 2013: 3, 2014: 9}",Global Sourcing of Complex Production Processes
178258306,Empirical Economics,44,3,30,2008,2012,4,2012,4,"{2008: 1, 2012: 29}",Forecasting Inflation and Tracking Monetary Policy in the Euro Area: Does National Information Help?
198098467,Journal of International Economics,72,1,12,2003,2007,4,2007,4,"{2003: 1, 2006: 3, 2007: 8}","The WTO Promotes Trade, Strongly But Unevenly"
198098467,Journal of International Economics,80,2,14,2005,2009,4,2009,4,"{2005: 1, 2009: 13}",Foreign Subsidization and Excess Capacity
184446198,Journal of Public Economic Theory,16,4,6,2009,2013,4,2013,4,"{2009: 1, 2013: 5}",Optimal Piecewise Linear Income Taxation
5353659,The Journal of Finance,59,4,19,2000,2004,4,2004,4,"{2000: 1, 2004: 18}",Risks for the Long Run: A Potential Resolution of Asset Pricing Puzzles
4210172902,Journal of Institutional and Theoretical Economics JITE,161,1,9,2001,2005,4,2005,4,"{2001: 1, 2005: 8}",Adverse Selection in the Annuity Market When Payoffs Vary Over the Time of Retirement
10747938,Journal of International Money and Finance,29,3,12,2006,2010,4,2010,4,"{2006: 1, 2009: 10, 2010: 1}",Comovements in Volatility in the Euro Money Market
206007305,Economic Systems,29,4,9,2001,2005,4,2005,4,"{2001: 1, 2005: 8}",Demand for World Bank Lending
998097505,The Journal of Law and Economics,45,1,10,2002,2006,4,2002,4,"{2002: 9, 2006: 1}",Measuring the Effect of File Sharing on Music Purchases
71783669,Review of International Economics,28,3,13,2016,2020,4,2020,4,"{2016: 1, 2020: 12}",Making (Small) Firms Happy. The Heterogeneous Effect of Trade Facilitation Measures
23254222,American Economic Review,108,9,12,2014,2018,4,2018,4,"{2014: 1, 2018: 11}",In Search of Labor Demand
36178057,Economics Letters,118,1,65,2008,2012,4,2012,4,"{2008: 1, 2012: 64}",Intergenerational Persistence in Educational Attainment in Italy
57667410,Annals of Operations Research,244,2,20,2012,2016,4,2016,4,"{2012: 2, 2014: 2, 2015: 1, 2016: 15}",A manufacturer distribution issue: how to manage an online and a traditional retailer
71783669,Review of International Economics,12,4,11,2000,2004,4,2004,4,"{2000: 1, 2004: 10}",Vertical Price Control and Parallel Imports: Theory and Evidence
76440981,Canadian Journal of Economics/Revue canadienne d économique,46,1,15,2009,2013,4,2013,4,"{2009: 1, 2013: 14}",Tear Down this Wall: On the Persistence of Borders in Trade
57667410,Annals of Operations Research,312,1,27,2018,2022,4,2022,4,"{2018: 2, 2019: 11, 2020: 5, 2021: 8, 2022: 1}",Preface: statistical reliability modeling and optimization
23254222,American Economic Review,100,1,28,2006,2010,4,2010,4,"{2006: 1, 2010: 27}",Trade Agreements as Endogenously Incomplete Contracts
179979277,International Economic Review,65,1,15,2020,2024,4,2024,4,"{2020: 1, 2023: 13, 2024: 1}",A THEORY OF ECONOMIC DISINTEGRATION
50561683,International Review of Applied Economics,38,1-2,15,2020,2024,4,2024,4,"{2020: 1, 2021: 1, 2022: 5, 2023: 3, 2024: 5}","Patents, Innovation, and Development"
163499366,Review of Economic Dynamics,7,2,11,2000,2004,4,2004,4,"{2000: 1, 2003: 7, 2004: 3}",Idiosyncratic Risk and Aggregate Employment Dynamics
88935262,The Review of Economic Studies,86,3,13,2014,2018,4,2018,4,"{2014: 1, 2015: 1, 2018: 11}",Consumer Search Costs and Preferences on the Internet
105710273,Review of Financial Economics,16,2,8,2002,2006,4,2006,4,"{2002: 3, 2006: 5}","Costs and Benefits of East Asian Monetary Integration | An Effect of Oil Price Increase on theNational Income, Inflation and Monetary Policy"
34139249,The RAND Journal of Economics,36,1,5,2001,2005,4,2005,4,"{2001: 1, 2005: 4}","Tacit Collusion, Cost Asymmetries and Mergers"
101209419,Journal of Development Economics,94,2,12,2006,2010,4,2010,4,"{2006: 1, 2010: 11}",Migrant Networks And Foreign Direct Investment
998097505,The Journal of Law and Economics,56,1,8,2009,2013,4,2013,4,"{2009: 1, 2013: 7}",An Activity-Generating Theory of Regulation
105710273,Review of Financial Economics,17,2,6,2003,2007,4,2007,4,"{2003: 1, 2007: 5}",Transmission Effects of Pricing Information of Dually-Listed Stocks
108845946,Economica,87,347,10,2015,2019,4,2019,4,"{2015: 1, 2019: 9}",Income Guarantees and Borrowing in Risky Environments: Evidence from India's Rural Employment Guarantee Scheme
57667410,Annals of Operations Research,314,2,16,2018,2022,4,2022,4,"{2018: 1, 2019: 7, 2020: 5, 2021: 1, 2022: 2}",Selecting an agricultural technology package based on the flexible and interactive tradeoff method
163774179,Labour Economics,12,3,5,2000,2004,4,2004,4,"{2000: 1, 2004: 4}",Wage-Setting Institutions as Industrial Policy
2875300,Review of International Political Economy,12,2,9,2001,2005,4,2005,4,"{2001: 1, 2005: 8}",Notes on contributors
2764773711,International Journal of Business and Society,18,3,16,2017,2021,4,2017,4,"{2017: 15, 2021: 1}",Economic Liberalization And Its Link To Convergence: Empirical Evidence From RCEP and TPPA Countries
7424199,Public Choice,123,3-4,10,2001,2005,4,2005,4,"{2001: 1, 2005: 9}",What Does the European Union Do?
122073985,The Journal of Economic History,65,4,30,2001,2005,4,2005,4,"{2001: 1, 2005: 29}",The Evolution of Suffrage Institutions in the New World
45992627,The Economic Journal,133,654,14,2019,2023,4,2023,4,"{2019: 1, 2023: 13}",Individual Consequences of Occupational Decline
180061323,The Review of Economics and Statistics,97,2,20,2010,2014,4,2014,4,"{2010: 1, 2014: 19}",Insurers' Negotiating Leverage and the External Effects of Medicare Part D
5353659,The Journal of Finance,70,2,14,2011,2015,4,2015,4,"{2011: 1, 2014: 11, 2015: 2}",The Recovery Theorem
44376543,Business & Society,51,2,6,2008,2012,4,2012,4,"{2008: 2, 2012: 4}",Equity and Expectancy Considerations in Stakeholder Action | HIV/AIDS as Business Risk
88935262,The Review of Economic Studies,92,2,17,2020,2024,4,2024,4,"{2020: 1, 2024: 16}",Wage Risk and Government and Spousal Insurance
18469005,Latin American Business Review,7,1,6,2002,2006,4,2006,4,"{2002: 1, 2006: 5}",Nicaraguan Self-Employed Women Under Neoliberalism: Characteristics and Determinants
34139249,The RAND Journal of Economics,42,1,7,2007,2011,4,2011,4,"{2007: 1, 2011: 6}","Competition, Cooperation, and Corporate Culture"
37173775,European Journal of Law and Economics,44,3,6,2012,2016,4,2016,4,"{2012: 1, 2014: 1, 2015: 2, 2016: 2}",Parties’ legal capacity in electronic commerce transactions
5353659,The Journal of Finance,70,4,17,2011,2015,4,2015,4,"{2011: 1, 2014: 4, 2015: 12}",A Model of Mortgage Default
43019230,PharmacoEconomics,32,12,9,2010,2014,4,2014,4,"{2010: 1, 2014: 8}",Secondary mainstream teachers’ awareness of their contribution to successful English language learning
2765062947,Journal of food distribution research,31,1,9,2000,2004,4,2000,4,"{2000: 8, 2004: 1}",A Target Consumer Profile and Positioning for Promotion of a New Locally Branded Beef Product
4210191712,Malaysian Journal of Economic Studies,50,1,4,2013,2017,4,2013,4,"{2013: 3, 2017: 1}",Do Businesses Exhibit Payment Preferences as Payors? Evidence from Malaysia
198098467,Journal of International Economics,76,1,14,2004,2008,4,2008,4,"{2004: 1, 2008: 13}",On the Role of Retaliation in Trade Agreements
34139249,The RAND Journal of Economics,36,2,3,2001,2005,4,2005,4,"{2001: 1, 2003: 1, 2005: 1}",Competition and Price Discrimination in Yellow Pages Advertising
100134864,European Journal of Political Economy,25,3,9,2005,2009,4,2009,4,"{2005: 1, 2008: 1, 2009: 7}","Decentralization and Electoral Accountability: Incentives, Separation, and Voter Welfare"
127742747,Journal of Econometrics,240,2,16,2020,2024,4,2024,4,"{2020: 4, 2021: 4, 2022: 2, 2023: 5, 2024: 1}",Whitney Newey’s contributions to econometrics
53993439,American Law and Economics Review,15,1,11,2009,2013,4,2013,4,"{2009: 1, 2012: 1, 2013: 9}",Discontinuous Behavioral Responses to Recycling Laws and Plastic Water Bottle Deposits
181171746,Journal of Economic Growth,22,4,3,2013,2017,4,2017,4,"{2013: 1, 2017: 2}",Human Capital and Fertility in Chinese Clans Before Modern Growth
10747938,Journal of International Money and Finance,25,2,7,2002,2006,4,2006,4,"{2002: 1, 2006: 6}",Current Account and Real Exchange Rate Dynamics in the G-7 Countries
165253824,Scandinavian Journal of Economics,114,1,12,2008,2012,4,2012,4,"{2008: 1, 2011: 10, 2012: 1}","Marriage, Divorce and Interstate Risk Sharing"
145471836,Explorations in Economic History,47,2,7,2006,2010,4,2010,4,"{2006: 1, 2009: 4, 2010: 2}",Trade Costs in the First Wave of Globalization
42192170,International Tax and Public Finance,13,2-3,5,2002,2006,4,2006,4,"{2002: 1, 2006: 4}",The Property Tax as a Tax on Value: Deadweight Loss
30207186,CESifo Economic Studies,57,1,7,2007,2011,4,2011,4,"{2007: 1, 2010: 4, 2011: 2}",Older and Wiser? Birth Order and IQ of Young Men
44376543,Business & Society,52,4,9,2009,2013,4,2013,4,"{2009: 1, 2010: 1, 2013: 7}",Effects of a Business Ethics Elective on Hong Kong Undergraduates’ Attitudes Toward Corporate Ethics and Social Responsibility
184446198,Journal of Public Economic Theory,17,5,6,2010,2014,4,2014,4,"{2010: 1, 2013: 4, 2014: 1}",Efficient Management of Insecure Fossil Fuel Imports Through Taxing (!) Domestic Green Energy?
23254222,American Economic Review,114,10,10,2020,2024,4,2024,4,"{2020: 1, 2024: 9}",Optimally Imprecise Memory and Biased Forecasts
194514787,Applied Health Economics and Health Policy,13,2,13,2011,2015,4,2015,4,"{2011: 1, 2014: 3, 2015: 9}",Spirituality in Counseling
4210191712,Malaysian Journal of Economic Studies,50,2,5,2013,2017,4,2013,4,"{2013: 3, 2017: 2}",Population ageing and social protection in Malaysia | An Optimistic Perspective on Population Ageing and Old-Age Financial Protection
88935262,The Review of Economic Studies,86,1,4,2014,2018,4,2018,4,"{2014: 1, 2018: 3}",An Empirical Model of Wage Dispersion with Sorting
71783669,Review of International Economics,18,4,12,2006,2010,4,2010,4,"{2006: 1, 2010: 11}",Exports Versus FDI in German Manufacturing: Firm Performance and Participation in International Markets
44376543,Business & Society,52,3,7,2009,2013,4,2013,4,"{2009: 1, 2012: 3, 2013: 3}",Doing Business in a Transitional Society
149131268,Journal of Economic Theory,147,5,13,2008,2012,4,2012,4,"{2008: 1, 2012: 12}",Job Market Signaling and Employer Learning
99067594,Journal of Industrial Economics,69,4,6,2017,2021,4,2021,4,"{2017: 1, 2021: 5}",Competing with Big Data
133770707,Empirica,45,2,9,2013,2017,4,2017,4,"{2013: 1, 2016: 5, 2017: 3}",Competition in the Portuguese Economy: Insights from a Profit Elasticity Approach
37320504,Industrial Management & Data Systems,124,7,7,2020,2024,4,2024,4,"{2020: 1, 2024: 6}",Publisher's note
157946625,Financial Management,33,2,4,2000,2004,4,2004,4,"{2000: 1, 2004: 3}","Does Diversification Cause the ""Diversification Discount""?"
2764470529,Journal of Insurance Issues,41,2,3,2014,2018,4,2018,4,"{2014: 1, 2018: 2}",The Market Impact of the Supreme Court Decision Regarding the Patient Protection and Affordable Care Act: Evidence from the Health Insurance Industry
183232449,International Journal of Industrial Organization,28,2,8,2005,2009,4,2009,4,"{2005: 1, 2009: 7}",Global Engagement and the Innovation Activities of Firms
2058785,Journal of money credit and banking,48,1,7,2012,2016,4,2016,4,"{2012: 1, 2016: 6}","Debt, Taxes, and Banks"
187295728,Journal of Teaching in International Business,18,4,5,2007,2011,4,2007,4,"{2007: 4, 2011: 1}",Attractiveness Discrimination in Hiring
134988049,Econometric Reviews,67,4,6,2016,2020,4,2016,4,"{2016: 5, 2020: 1}",Regime Change and Environmental Reform: A Systematic Review of Research on Central and Eastern Europe
7345157,Eastern Economic Journal,32,3,6,2002,2006,4,2006,4,"{2002: 1, 2006: 5}",CLUB OBJECTIVES AND TICKET PRICING IN PROFESSIONAL TEAM SPORTS
182666042,Naval Research Logistics (NRL),66,1,6,2015,2019,4,2019,4,"{2015: 1, 2016: 1, 2017: 2, 2018: 1, 2019: 1}",Revenue management under randomly evolving economic conditions
12132826,The International Food and Agribusiness Management Review,8,2,3,2001,2005,4,2005,4,"{2001: 1, 2005: 2}",STRATEGIC POSITIONING UNDER AGRICULTURAL STRUCTURAL CHANGE: A CRITIQUE OF LONG JUMP CO-OPERATIVE VENTURES
39841227,International Journal of Forecasting,34,1,13,2014,2017,3,2018,4,"{2014: 1, 2017: 12}",Forecast-Error-Based Estimation of Forecast Uncertainty When the Horizon is Increased
23254222,American Economic Review,104,1,13,2010,2013,3,2014,4,"{2010: 1, 2013: 12}",Consumption Risk-Sharing in Social Networks
64831726,Journal of Leadership & Organizational Studies,27,1,6,2016,2019,3,2020,4,"{2016: 2, 2018: 2, 2019: 2}","The Work/Nonwork Spillover: The Enrichment Role of Work Engagement | Testing a Moderated Mediation Model of Transformational Leadership, Values, and Organization Change"
10747938,Journal of International Money and Finance,26,1,8,2003,2006,3,2007,4,"{2003: 1, 2006: 7}",The Cyclical Nature of North-South FDI Flows
10747938,Journal of International Money and Finance,23,1,7,2000,2003,3,2004,4,"{2000: 1, 2003: 6}",The Credit Crunch in East Asia: What Can Bank Excess Liquid Assets Tell Us?
149131268,Journal of Economic Theory,147,1,19,2008,2011,3,2012,4,"{2008: 1, 2011: 18}",A Million Answers to Twenty Questions: Choosing by Checklist
23254222,American Economic Review,112,1,10,2018,2021,3,2022,4,"{2018: 1, 2021: 9}",College Tuition and Income Inequality
163774179,Labour Economics,18,2,10,2007,2010,3,2011,4,"{2007: 1, 2010: 9}",Comparing the Effectiveness of Employment Subsidies
170137484,Review of Financial Studies,30,3,8,2013,2016,3,2017,4,"{2013: 1, 2016: 7}",Bank Capital and Dividend Externalities
23254222,American Economic Review,114,1,8,2020,2023,3,2024,4,"{2020: 2, 2023: 6}",The Ends of 27 Big Depressions | Universal Basic Income: A Dynamic Assessment
4210181832,Total Quality Management & Business Excellence,36,3-4,9,2020,2022,2,2024,4,"{2020: 8, 2022: 1}",Open Total Quality Management in the Circular Economy age: a social enterprise perspective through the case of Patagonia
165253824,Scandinavian Journal of Economics,121,3,14,2014,2019,5,2017,3,"{2014: 1, 2018: 10, 2019: 3}",Bidding for Firms with Unknown Characteristics
2764635209,Southern business review,32,1,4,2006,2010,4,2007,3,"{2006: 3, 2010: 1}",The Role of Human Resources in the Success of New Businesses
98984247,Computational Economics,61,3,16,2019,2023,4,2022,3,"{2019: 2, 2020: 1, 2021: 1, 2022: 9, 2023: 3}",Non-Cooperative Bargaining with Unsophisticated Agents
16296580,Southern Economic Journal,74,3,14,2004,2008,4,2007,3,"{2004: 1, 2008: 13}","Inequality, Nonhomothetic Preferences, and Trade: A Gravity Approach"
7424199,Public Choice,157,1-2,19,2009,2013,4,2012,3,"{2009: 1, 2012: 16, 2013: 2}",Do Re-Election Probabilities Influence Public Investment?
57667410,Annals of Operations Research,219,1,24,2010,2014,4,2011,3,"{2010: 1, 2011: 11, 2012: 8, 2013: 3, 2014: 1}",A new decision support framework for managing foot-and-mouth disease epidemics
163499366,Review of Economic Dynamics,9,2,9,2005,2009,4,2006,3,"{2005: 3, 2006: 5, 2009: 1}",Accounting for Output Drops in Latin America
57667410,Annals of Operations Research,333,2-3,23,2020,2024,4,2023,3,"{2020: 2, 2021: 7, 2022: 10, 2023: 3, 2024: 1}",Tackling the global challenges using data-driven innovations
43415676,Journal of Strategic Marketing,32,8,22,2020,2024,4,2023,3,"{2020: 3, 2021: 7, 2022: 2, 2023: 4, 2024: 6}",What does phygital really mean? A conceptual introduction to the phygital customer experience (PH-CX) framework | How luxury brands build customer-based brand equity through phygital experience
88935262,The Review of Economic Studies,83,4,14,2012,2016,4,2015,3,"{2012: 1, 2015: 4, 2016: 9}",First Impressions Matter: Signalling as a Source of Policy Dynamics
57667410,Annals of Operations Research,284,1,20,2015,2019,4,2018,3,"{2015: 1, 2018: 10, 2019: 9}",Waiting-time analysis of D-$${ BMAP}{/}G{/}1$$BMAP/G/1 queueing system
50366009,Urban Studies,54,4,14,2013,2017,4,2016,3,"{2013: 1, 2015: 4, 2016: 8, 2017: 1}",The IOC's Midas Touch: Summer Olympics and City Growth
185905316,The Journal of Technology Transfer,46,5,17,2017,2021,4,2020,3,"{2017: 1, 2019: 3, 2020: 11, 2021: 2}","International product life cycles, trade and development stages"
166621295,Journal of Health Economics,25,2,13,2005,2009,4,2006,3,"{2005: 9, 2006: 3, 2009: 1}",Legitimizing m-municipality services: mapping a heterogeneous phenomenon in Turkey
194514787,Applied Health Economics and Health Policy,10,2,6,2011,2015,4,2012,3,"{2011: 3, 2012: 2, 2015: 1}",Status and trends of European pollinators. Key findings of the STEP project
57667410,Annals of Operations Research,322,2,21,2019,2023,4,2022,3,"{2019: 1, 2021: 1, 2022: 13, 2023: 6}",An integrated DEMATEL Six Sigma hybrid framework for manufacturing process improvement
149131268,Journal of Economic Theory,134,1,27,2003,2007,4,2006,3,"{2003: 1, 2006: 25, 2007: 1}",Optimal Dynamic Risk Sharing When Enforcement is a Decision Variable
174413665,Review of Income and Wealth,64,2,11,2014,2018,4,2017,3,"{2014: 1, 2017: 8, 2018: 2}",How Fat is the Top Tail of the Wealth Distribution?
203746597,The Annals of Regional Science,70,3,12,2019,2023,4,2022,3,"{2019: 4, 2020: 5, 2021: 1, 2022: 1, 2023: 1}",Social networks of online rural entrepreneurs: the case of Turkey
579031,Economic Theory,53,1,12,2009,2013,4,2012,3,"{2009: 1, 2010: 1, 2011: 4, 2012: 5, 2013: 1}",Expected utility theory from the frequentist perspective
57667410,Annals of Operations Research,354,3,21,2017,2021,4,2018,3,"{2017: 3, 2018: 10, 2019: 6, 2020: 1, 2021: 1}",An optimal selection for ensembles of influential projects
148814761,Journal of International Consumer Marketing,35,1,9,2019,2023,4,2022,3,"{2019: 1, 2021: 1, 2022: 6, 2023: 1}","Green Apparel Buying: Role of Past Behavior, Knowledge and Peer Influence in the Assessment of Green Apparel Perceived Benefits"
48957891,The TQM Journal,36,9,24,2020,2024,4,2023,3,"{2020: 3, 2022: 1, 2023: 2, 2024: 18}","Co-patenting, co-ownership, and co-ideation as drivers for university business innovation: the case of public universities in Spain"
26073974,Oxford Economic Papers,66,2,13,2010,2014,4,2013,3,"{2010: 1, 2013: 11, 2014: 1}",Rational Inattention and Employer Learning
180061323,The Review of Economics and Statistics,100,3,13,2014,2018,4,2017,3,"{2014: 1, 2017: 11, 2018: 1}",Crime Scars: Recessions and the Making of Career Criminals
95323914,Journal of Political Economy,128,2,10,2016,2020,4,2019,3,"{2016: 1, 2019: 8, 2020: 1}",The Formation of Prosociality: Causal Evidence on the Role of Social Environment
201533460,Applied Economics,42,12,8,2005,2009,4,2008,3,"{2005: 1, 2008: 6, 2009: 1}",European Women: Why Do(N'T) They Work?
37173775,European Journal of Law and Economics,41,3,8,2012,2016,4,2015,3,"{2012: 1, 2013: 2, 2014: 1, 2015: 3, 2016: 1}",Workers’ risk underestimation and occupational health and safety regulation
163499366,Review of Economic Dynamics,16,3,9,2009,2013,4,2012,3,"{2009: 1, 2012: 6, 2013: 2}",Accounting for Global Dispersion of Current Accounts
42678134,Journal of Hospitality & Tourism Research,41,3,5,2013,2017,4,2014,3,"{2013: 1, 2014: 3, 2017: 1}",Vacation Benefits and Activities
37173775,European Journal of Law and Economics,42,2,8,2012,2016,4,2015,3,"{2012: 1, 2013: 2, 2014: 1, 2015: 1, 2016: 3}",The use of technology in the transformation of business dispute resolution
122767448,Journal of Management,43,6,11,2013,2017,4,2014,3,"{2013: 1, 2015: 2, 2016: 3, 2017: 5}",Strategic Planning Research: Toward a Theory-Driven Agenda
42678134,Journal of Hospitality & Tourism Research,41,4,7,2013,2017,4,2014,3,"{2013: 1, 2014: 3, 2017: 3}",Problems and Stakeholder Responsibilities in Island Tourism: The Case of Tioman Island in Malaysia
125733402,Investigación Económica,30,1,6,2003,2006,3,2006,3,"{2003: 1, 2004: 1, 2005: 1, 2006: 3}",Vivienda y Fiscalidad en España: un análisis empírico
2737777163,International Journal of Economics and Financial Issues,8,1,12,2018,2021,3,2018,3,"{2018: 11, 2021: 1}",The Impact of Banking Architecture Policy and Macroeconomic Condition on Indonesian Banking Concentration and Market Structure (Peer Review)
57667410,Annals of Operations Research,341,1,27,2021,2024,3,2024,3,"{2021: 1, 2022: 11, 2023: 8, 2024: 7}",A node-based index for clustering validation of graph data
57667410,Annals of Operations Research,346,2,43,2021,2024,3,2024,3,"{2021: 1, 2022: 8, 2023: 14, 2024: 20}",Residential choice from a multiple criteria sustainable perspective
180061323,The Review of Economics and Statistics,101,1,13,2015,2018,3,2018,3,"{2015: 1, 2018: 12}",People and Machines: A Look at the Evolving Relationship Between Capital and Skill In Manufacturing 1860-1930 Using Immigration Shocks
23254222,American Economic Review,100,4,25,2007,2010,3,2010,3,"{2007: 1, 2010: 24}",Social Identity and Preferences
4210172902,Journal of Institutional and Theoretical Economics JITE,165,3,10,2006,2009,3,2009,3,"{2006: 1, 2009: 9}",Mergers and CEO Power
53993439,American Law and Economics Review,7,1,10,2002,2005,3,2005,3,"{2002: 1, 2005: 9}",Bankruptcy Around the World: Explanations of its Relative Use
116184629,National Tax Journal,59,1,8,2003,2006,3,2006,3,"{2003: 1, 2006: 7}",Unemployment Insurance Tax Burdens and Benefits: Funding Family Leave and Reforming the Payroll Tax
180061323,The Review of Economics and Statistics,86,1,32,2001,2004,3,2004,3,"{2001: 1, 2004: 31}",Asset Market Linkages in Crisis Periods
44376543,Business & Society,51,3,8,2009,2012,3,2012,3,"{2009: 1, 2012: 7}",Inclusive Networks for Building BOP Markets
149240962,Journal of Financial Economics,117,1,10,2012,2015,3,2015,3,"{2012: 2, 2013: 3, 2014: 4, 2015: 1}",The “cultural revolution” in finance
85739584,Journal of Applied Econometrics,31,6,14,2012,2015,3,2015,3,"{2012: 1, 2015: 13}",Exponent of Cross-Sectional Dependence: Estimation and Inference
180061323,The Review of Economics and Statistics,88,1,34,2003,2006,3,2006,3,"{2003: 1, 2006: 33}",The Empirical Assessment of Technology Differences: Comparing the Comparable
36178057,Economics Letters,115,1,39,2008,2011,3,2011,3,"{2008: 1, 2011: 38}","The Treatment Effect, the Cross Difference, and the Interaction Term in Nonlinear 'Difference-in-Differences' Models"
179979277,International Economic Review,50,3,12,2006,2009,3,2009,3,"{2006: 1, 2009: 11}",ESTIMATING MULTICOUNTRY VAR MODELS*
170137484,Review of Financial Studies,24,4,11,2008,2011,3,2011,3,"{2008: 1, 2009: 5, 2010: 4, 2011: 1}",What You Sell Is What You Lend? Explaining Trade Credit Contracts
57667410,Annals of Operations Research,196,1,41,2009,2012,3,2012,3,"{2009: 1, 2010: 6, 2011: 8, 2012: 26}",A Pareto-based search methodology for multi-objective nurse scheduling
201533460,Applied Economics,44,22,10,2008,2011,3,2011,3,"{2008: 1, 2011: 9}",Multi-Family Households in a Labour Supply Model: A Calibration Method with Application to Poland
184239247,Labour,18,4,9,2001,2004,3,2004,3,"{2001: 1, 2004: 8}",Setting Incentives: Temporary Performance Premiums Versus Promotion Tournaments
125273398,The Quarterly Review of Economics and Finance,45,4-5,16,2002,2005,3,2005,3,"{2002: 1, 2003: 1, 2005: 14}",An examination of linear factor models in country equity asset allocation strategies
107033909,Journal of Economics,78,2,8,2000,2003,3,2003,3,"{2000: 1, 2003: 7}",Inflation Targeting Versus Nominal Income Targeting
78091837,Review of World Economics,151,3,8,2012,2015,3,2015,3,"{2012: 1, 2014: 1, 2015: 6}","Offshoring, Wages and Job Security of Temporary Workers"
44376543,Business & Society,53,1,5,2010,2013,3,2013,3,"{2010: 1, 2011: 3, 2013: 1}",Eco-Labeling Strategies and Price-Premium
158451771,Journal of Marketing Communications,23,2,7,2014,2017,3,2014,3,"{2014: 4, 2015: 2, 2017: 1}",The complexities of online/offline communications
65528657,Journal of Regional Science,51,2,25,2008,2011,3,2011,3,"{2008: 1, 2010: 8, 2011: 16}",ON PITCHFORKS AND TOMAHAWKS*
206615888,Economic Inquiry,43,2,16,2002,2005,3,2005,3,"{2002: 1, 2005: 15}","MENTAL ILLNESS AND THE DEMAND FOR ALCOHOL, COCAINE, AND CIGARETTES"
36178057,Economics Letters,116,3,96,2009,2012,3,2012,3,"{2009: 1, 2011: 1, 2012: 94}",Monetary Policy and Inflationary Shocks under Imperfect Credibility
38024979,Journal of International Business Studies,53,4,12,2019,2022,3,2022,3,"{2019: 5, 2020: 1, 2021: 3, 2022: 3}",The role of global dynamic managerial capability in the pursuit of international strategy and superior performance
127742747,Journal of Econometrics,113,2,7,2000,2003,3,2003,3,"{2000: 1, 2003: 6}",What is an Oil Shock?
122073985,The Journal of Economic History,67,3,17,2004,2007,3,2007,3,"{2004: 1, 2005: 1, 2007: 15}",Related Lending and Economic Performance: Evidence from Mexico
22315241,FinanzArchiv Public Finance Analysis,65,2,6,2006,2009,3,2009,3,"{2006: 1, 2009: 5}",Pareto-Improving Unemployment Policies
180061323,The Review of Economics and Statistics,92,2,15,2007,2010,3,2010,3,"{2007: 1, 2010: 14}",The American High School Graduation Rate: Trends and Levels
198098467,Journal of International Economics,94,2,13,2011,2014,3,2014,3,"{2011: 1, 2014: 12}",Does Trade Globalization Induce or Inhibit Corporate Transparency? Unbundling the Growth Potential and Product Market Competition Channels
5353659,The Journal of Finance,68,2,12,2010,2013,3,2013,3,"{2010: 1, 2012: 9, 2013: 2}",The Maturity Rat Race
42678134,Journal of Hospitality & Tourism Research,42,5,8,2015,2018,3,2015,3,"{2015: 5, 2016: 1, 2018: 2}",Wine Tourist Engagement With the Winescape: Scale Development and Validation
4210203326,A Economia em Revista - AERE,21,1,6,2013,2016,3,2016,3,"{2013: 1, 2016: 5}","Genealogia Conceitual do Capital Social nas Perspectivas de Bourdieu, Coleman e Putnam"
45044709,International Journal of Organization Theory and Behavior,7,2,6,2003,2006,3,2003,3,"{2003: 5, 2006: 1}",Government is them: How traveling the road to wellville can undermine the legitimacy of public administration
71783669,Review of International Economics,11,4,11,2000,2003,3,2003,3,"{2000: 1, 2003: 10}",Have Falling Tariffs and Transportation Costs Raised U.S. Wage Inequality?
178258306,Empirical Economics,44,1,12,2009,2012,3,2012,3,"{2009: 2, 2010: 6, 2011: 1, 2012: 3}",Propensity score matching and variations on the balancing test
45992627,The Economic Journal,133,653,14,2020,2023,3,2023,3,"{2020: 1, 2023: 13}",Production Networks And International Fiscal Spillovers
45992627,The Economic Journal,128,614,12,2014,2017,3,2017,3,"{2014: 1, 2017: 11}","Growth, Import Dependence and War"
579031,Economic Theory,42,1,11,2006,2009,3,2009,3,"{2006: 1, 2009: 10}",Homotopy Methods to Compute Equilibria in Game Theory
3030835295,Economic Affairs,25,3,29,2005,2008,3,2005,3,"{2005: 28, 2008: 1}",Book reviews
149131268,Journal of Economic Theory,147,2,22,2009,2012,3,2012,3,"{2009: 1, 2010: 8, 2011: 10, 2012: 3}",On the Phelps–Koopmans theorem
138645024,Journal of Comparative Economics,41,1,22,2010,2013,3,2013,3,"{2010: 1, 2011: 1, 2012: 13, 2013: 7}","Economic Reform, Education Expansion, and Earnings Inequality for Urban Males in China, 1988-2007"
116184629,National Tax Journal,64,2.2,11,2008,2011,3,2011,3,"{2008: 1, 2011: 10}",U.S. DEFENSE CONTRACTS DURING THE TAX EXPENDITURE BATTLES OF THE 1980s
102949365,Strategic Management Journal,44,1,13,2019,2022,3,2022,3,"{2019: 5, 2020: 7, 2022: 1}","Empirical inquiry without hypotheses: A question‐driven, phenomenon‐based approach to strategic management research"
198098467,Journal of International Economics,92,1,13,2010,2013,3,2013,3,"{2010: 1, 2013: 12}",Trade-in-goods and trade-in-tasks: An Integrating Framework
133770707,Empirica,35,3,7,2005,2008,3,2008,3,"{2005: 1, 2008: 6}",Ricardian Fiscal Regimes in the European Union
175963831,El Trimestre Económico,79,315,9,2012,2015,3,2012,3,"{2012: 8, 2015: 1}","Beatriz Armendáriz y Jonathan Morduch, La economía de las microfinanzas, México, Fondo de Cultura Económica y el Centro de Investigación y Docencia Económicas, 2011, 484 pp."
206615888,Economic Inquiry,42,4,14,2001,2004,3,2004,3,"{2001: 1, 2004: 13}",Labor Market Search and Optimal Retirement Policy
187270080,European Journal of Work and Organizational Psychology,24,3,12,2014,2017,3,2014,3,"{2014: 11, 2017: 1}","Populism, polarization and social justice activism : Editorial"
88935262,The Review of Economic Studies,85,1,10,2014,2017,3,2017,3,"{2014: 1, 2017: 9}",Differential Taxation and Occupational Choice
98984247,Computational Economics,55,1,14,2016,2019,3,2019,3,"{2016: 2, 2018: 6, 2019: 6}",A Comparative Study of Technical Trading Strategies Using a Genetic Algorithm | Bankruptcy Prediction Using Logit and Genetic Algorithm Models: A Comparative Analysis
107631327,Regional Science and Urban Economics,39,5,13,2006,2009,3,2009,3,"{2006: 1, 2009: 12}",Corporate Income Taxation of Multinationals and Unemployment
2765057965,Gadjah Mada International Journal of Business,13,2,5,2011,2014,3,2011,3,"{2011: 4, 2014: 1}",SME Internationalization Intelligence Information and Knowledge on International Opportunities
57667410,Annals of Operations Research,221,1,24,2011,2014,3,2011,3,"{2011: 17, 2012: 3, 2013: 2, 2014: 2}",Heuristics for flight and maintenance planning of mission aircraft | Location-allocation models for traffic police patrol vehicles on an interurban network
198098467,Journal of International Economics,64,2,14,2001,2004,3,2004,3,"{2001: 1, 2003: 3, 2004: 10}",Airbus versus Boeing Revisited: International Competition in the Aircraft Market
206124708,Organization Science,19,1,14,2005,2008,3,2008,3,"{2005: 1, 2007: 9, 2008: 4}",PROCESS VIRTUALIZATION THEORY AND THE IMPACT OF INFORMATION TECHNOLOGY.
122073985,The Journal of Economic History,78,4,13,2015,2018,3,2018,3,"{2015: 1, 2018: 12}","Pollution, Infectious Disease, and Mortality: Evidence from the 1918 Spanish Influenza Pandemic"
23254222,American Economic Review,94,1,23,2001,2004,3,2004,3,"{2001: 1, 2004: 22}","The Effect of Education on Crime: Evidence from Prison Inmates, Arrests, and Self-Reports"
67103694,Cambridge Journal of Economics,33,3,9,2006,2009,3,2009,3,"{2006: 1, 2008: 6, 2009: 2}",On data: a case study of the evolution of income inequality across time and across countries
180061323,The Review of Economics and Statistics,90,3,14,2005,2008,3,2008,3,"{2005: 1, 2008: 13}",Outsourcing Tariff Evasion: A New Explanation for Entrepot Trade
9435936,Long Range Planning,57,1,23,2021,2024,3,2024,3,"{2021: 3, 2022: 3, 2023: 14, 2024: 3}",Hitting the ‘reset button’: The role of digital reorientation in successful turnarounds | How digitalization affects the effectiveness of turnaround actions for firms in decline
183232449,International Journal of Industrial Organization,31,2,5,2010,2013,3,2013,3,"{2010: 2, 2012: 2, 2013: 1}",Two-sided matching in the loan market
6711363,Journal of Monetary Economics,59,4,5,2009,2012,3,2012,3,"{2009: 1, 2011: 1, 2012: 3}",On Quality Bias and Inflation Targets
99067594,Journal of Industrial Economics,51,2,6,2000,2003,3,2003,3,"{2000: 1, 2003: 5}",Consumption Externalities and Diffusion in Pharmaceutical Markets: Antiulcer Drugs
44376543,Business & Society,50,3,9,2008,2011,3,2011,3,"{2008: 2, 2009: 1, 2011: 6}","Regulating Water: A Naturological Analysis of Competing Interests Among Company, Town, and State"
131852005,European Financial Management,19,2,10,2010,2013,3,2013,3,"{2010: 2, 2011: 1, 2013: 7}","A, B or C? Experimental Tests of IPO Mechanisms"
23254222,American Economic Review,102,6,24,2009,2012,3,2012,3,"{2009: 1, 2012: 23}",The Rise of the Service Economy
37173775,European Journal of Law and Economics,41,2,8,2012,2015,3,2015,3,"{2012: 2, 2014: 3, 2015: 3}",Globalization and extraterritorial application of economic regulation: crisis in international law and balancing interests | Disclosure in insurance law: a comparative analysis
30207186,CESifo Economic Studies,54,3,7,2005,2008,3,2008,3,"{2005: 1, 2008: 6}",Bilateral FDI Flows: Threshold Barriers and Productivity Shocks
86125002,Environmental and Resource Economics,25,4,7,2000,2003,3,2003,3,"{2000: 1, 2003: 6}",Corrective Taxation for Curbing Pollution and Promoting Green Product Design and Recycling
23254222,American Economic Review,99,4,25,2006,2009,3,2009,3,"{2006: 1, 2007: 1, 2008: 1, 2009: 22}",Can News About the Future Drive the Business Cycle?
45992627,The Economic Journal,124,577,6,2010,2013,3,2013,3,"{2010: 1, 2013: 5}",Do Entry Regulations Deter Entrepreneurship and Job Creation? Evidence from Recent Reforms in Portugal
5353659,The Journal of Finance,78,1,15,2020,2023,3,2023,3,"{2020: 1, 2022: 10, 2023: 4}",Optimal Financial Transaction Taxes
198098467,Journal of International Economics,85,1,13,2008,2011,3,2011,3,"{2008: 1, 2011: 12}",Do Interest Groups Affect U.S. Immigration Policy?
184446198,Journal of Public Economic Theory,6,3,7,2001,2004,3,2004,3,"{2001: 1, 2004: 6}",International Commodity Taxation Under Monopolistic Competition
78792899,Journal of Small Business Management,59,6,8,2018,2021,3,2021,3,"{2018: 1, 2019: 1, 2020: 5, 2021: 1}","“We Know Their House, Family, and Workplace”: Trust in entrepreneurs’ trade credit relationships in weak institutions"
98984247,Computational Economics,29,3-4,14,2004,2007,3,2007,3,"{2004: 1, 2006: 3, 2007: 10}",Discrete Working Time Choice in an Applied General Equilibrium Model
170913539,Bulletin of Economic Research,57,3,4,2005,2008,3,2005,3,"{2005: 2, 2008: 2}",Has liberalization affected profit margins in Indian Industry? | Hours Constraints and In-Work Poverty
185905316,The Journal of Technology Transfer,46,4,15,2017,2020,3,2020,3,"{2017: 1, 2018: 1, 2019: 2, 2020: 11}",Service development accounts for an even smaller share of European R&amp;D investments than we may think
23254222,American Economic Review,106,11,12,2013,2016,3,2016,3,"{2013: 1, 2016: 11}",Firm Size Distortions and the Productivity Distribution: Evidence from France
44376543,Business & Society,58,6,6,2016,2019,3,2016,3,"{2016: 1, 2017: 3, 2019: 2}",From <i>Doing Good</i> to <i>Looking Even Better</i>: The Dynamics of CSR and Reputation
5353659,The Journal of Finance,74,4,16,2016,2019,3,2019,3,"{2016: 1, 2019: 15}",Capital Share Dynamics When Firms Insure Workers
149240962,Journal of Financial Economics,69,1,8,2000,2003,3,2003,3,"{2000: 1, 2003: 7}","Finance, Investment and Growth"
16296580,Southern Economic Journal,91,2,19,2021,2024,3,2024,3,"{2021: 1, 2024: 18}",Did the affordable care act increase the availability of employer‐sponsored health insurance?
4210168539,Science and Public Policy,50,6,16,2020,2023,3,2023,3,"{2020: 1, 2023: 15}","Openness, innovation, and science policy in the age of data-driven medicine"
4210235882,ZFW – Advances in Economic Geography,67,4,8,2020,2023,3,2023,3,"{2020: 1, 2022: 1, 2023: 6}","Mießner, M.; Naumann, M. (Hrsg.): Kritische Geographien ländlicher Enwicklung. Globale Transformationen und lokale Herausforderungen. (= Raumproduktionen: Theorie und gesellschaftliche Praxis, Band 33). Münster: Verlag Westfälisches Dampfboot 2019. 296 Seiten. ISBN 978-3-89691-277-0. 33 Euro."
4210225772,REICE Revista Electrónica de Investigación en Ciencias Económicas,9,18,14,2021,2024,3,2024,3,"{2021: 1, 2024: 13}",Mimetismo organizacional: costo-beneficio de un programa de responsabilidad social en una empresa financiera
145200904,Health Economics,15,5,7,2003,2006,3,2006,3,"{2003: 1, 2006: 6}",Illicit Drug Use and Educational Attainment
2765032997,Indian Economic Review,46,1,7,2008,2011,3,2011,3,"{2008: 1, 2009: 1, 2011: 5}",Forecasting Macroeconomic Variables Using Large Datasets: Dynamic Factor Model versus Large-Scale BVARs
2765073796,International journal of ecological economics and statistics,24,1,6,2009,2012,3,2012,3,"{2009: 1, 2012: 5}","""What Drives Biodiversity? An Empirical Assessment of the Relation between Biodiversity and the Economy"" *"
148368070,International Journal of Selection and Assessment,16,3,15,2008,2011,3,2008,3,"{2008: 14, 2011: 1}",State of the art of assessment center practices in South Africa
7345157,Eastern Economic Journal,32,4,9,2003,2006,3,2006,3,"{2003: 1, 2004: 1, 2006: 7}",ALCOHOL USE AND EARNINGS: FINDINGS FROM A COMMUNITY BASED STUDY
125733402,Investigación Económica,29,3,7,2002,2005,3,2005,3,"{2002: 1, 2005: 6}",AN EMPIRICAL COMPARISON OF THE PERFORMANCE OF ALTERNATIVE OPTION PRICING MODELS
16296580,Southern Economic Journal,91,1,11,2021,2024,3,2024,3,"{2021: 3, 2022: 6, 2024: 2}",Free Markets and Health Care: Lessons from Welfare Economics | Revisiting the connection between state <scp>Medicaid</scp> expansions and adult mortality
149240962,Journal of Financial Economics,81,2,7,2003,2006,3,2006,3,"{2003: 1, 2006: 6}","Hedging, Speculation and Shareholder Value"
6711363,Journal of Monetary Economics,54,3,14,2004,2007,3,2007,3,"{2004: 1, 2006: 10, 2007: 3}",Similarities and Convergence in G-7 Cycles
95323914,Journal of Political Economy,132,4,8,2021,2024,3,2024,3,"{2021: 1, 2023: 6, 2024: 1}",The Supply-Side Effects of Monetary Policy
180061323,The Review of Economics and Statistics,94,1,24,2008,2011,3,2011,3,"{2008: 1, 2010: 18, 2011: 5}",Adjusting to Trade Policy: Evidence from U.S. Antidumping Duties on Vietnamese Catfish
44585919,Journal of Economic Dynamics and Control,37,7,8,2010,2013,3,2013,3,"{2010: 1, 2013: 7}",Second-Order Approximation of Dynamic Models with Time-Varying Risk
2735550652,Journal of the Association of Environmental and Resource Economists,4,1,8,2014,2017,3,2017,3,"{2014: 1, 2016: 1, 2017: 6}",The Value of Brownfield Remediation
6711363,Journal of Monetary Economics,50,3,9,2000,2003,3,2003,3,"{2000: 2, 2003: 7}",The Quest for Prosperity Without Inflation | Indicator Variables for Optimal Policy
45992627,The Economic Journal,118,533,9,2005,2008,3,2008,3,"{2005: 1, 2008: 8}",Educational Standards in Private and Public Schools
141165859,Studies in Economics and Finance,38,1,9,2018,2021,3,2021,3,"{2018: 1, 2019: 1, 2020: 3, 2021: 4}",Exchange rate nonlinearities in India’s exports to the USA
102624508,The Learning Organization,29,6,7,2019,2022,3,2022,3,"{2019: 1, 2022: 6}",The ever-changing personality: revisiting the concept of triple-loop learning
119587767,Journal of Business and Industrial Marketing,39,6,14,2021,2024,3,2024,3,"{2021: 2, 2023: 5, 2024: 7}",The different shades of innovation emergence in smart service systems: the case of Italian cluster for aerospace technology | Empowering value co-creation in the digital age
3022066471,German Journal of Human Resource Management Zeitschrift für Personalforschung,30,1,5,2013,2016,3,2016,3,"{2013: 1, 2016: 4}","Works Councils, Quits and Dismissals in Germany"
182666042,Naval Research Logistics (NRL),58,3,12,2008,2011,3,2011,3,"{2008: 1, 2009: 4, 2010: 1, 2011: 6}",Lanchester models and the battle of Britain
2058785,Journal of money credit and banking,48,8,8,2013,2016,3,2016,3,"{2013: 1, 2016: 7}",Bank Leverage Cycles and the External Finance Premium
125273398,The Quarterly Review of Economics and Finance,53,3,9,2010,2013,3,2013,3,"{2010: 1, 2011: 1, 2012: 2, 2013: 5}",Mobility and the dynamics of poverty in Iran: Evidence from the 1992–1995 panel survey
35298862,Journal of Macromarketing,43,1,14,2020,2023,3,2023,3,"{2020: 3, 2021: 3, 2022: 6, 2023: 2}","Ad Hoc Reviewers <i>Journal of Macromarketing</i> Volume 43, Number 1, March 2023 | Recent Extensions of Robert F. Lusch's “Big Picture” Thinking"
184816971,International Journal of Production Economics,121,2,38,2006,2009,3,2009,3,"{2006: 5, 2007: 22, 2009: 11}",Coordinating multi-business sales through management simulators | Understanding the relationships between time and cost to improve supply chain performance
164923136,Environment and Development Economics,23,3,8,2015,2018,3,2018,3,"{2015: 1, 2017: 2, 2018: 5}",Households and Heat Stress: Estimating the Distributional Consequences of Climate Change
88935262,The Review of Economic Studies,71,2,11,2001,2004,3,2004,3,"{2001: 1, 2004: 10}",The Right Man for the Job
37173775,European Journal of Law and Economics,46,1,6,2015,2018,3,2018,3,"{2015: 1, 2018: 5}",Deterrence works for criminals
998097505,The Journal of Law and Economics,47,1,11,2001,2004,3,2004,3,"{2001: 1, 2004: 10}",An Empirical Investigation of the Competitive Effects of Domestic Airline Alliances
23254222,American Economic Review,113,9,7,2020,2023,3,2023,3,"{2020: 1, 2023: 6}",Choice Screen Auctions
61561007,The Journal of Risk Finance,21,5,8,2017,2020,3,2020,3,"{2017: 1, 2020: 7}",Blockchain systems for trade clearing
23254222,American Economic Review,104,11,13,2011,2014,3,2014,3,"{2011: 1, 2014: 12}",The Human Capital Stock: A Generalized Approach
132210109,International Journal of Game Theory,53,4,15,2021,2024,3,2024,3,"{2021: 1, 2022: 1, 2023: 3, 2024: 10}",Emperor nim and emperor sum: a new sum of impartial games
44376543,Business & Society,58,3,7,2016,2019,3,2016,3,"{2016: 6, 2019: 1}",Publishing Interdisciplinary Research in <i>Business &amp; Society</i>
165253824,Scandinavian Journal of Economics,106,1,8,2001,2004,3,2004,3,"{2001: 1, 2004: 7}","Unemployment Benefits, Contract Length and Nominal Wage Flexibility"
57667410,Annals of Operations Research,298,1-2,23,2018,2021,3,2018,3,"{2018: 15, 2019: 5, 2020: 2, 2021: 1}",Preface: New trends on combinatorial optimization for network and logistical applications
203860005,The Quarterly Journal of Economics,134,2,10,2016,2019,3,2019,3,"{2016: 1, 2018: 5, 2019: 4}","The More We Die, The More We Sell? A Simple Test of the Home-Market Effect"
45992627,The Economic Journal,134,660,16,2021,2024,3,2024,3,"{2021: 1, 2023: 12, 2024: 3}",Corruption and Firm Growth: Evidence from around the World
170137484,Review of Financial Studies,29,4,8,2013,2016,3,2016,3,"{2013: 1, 2015: 6, 2016: 1}",Does it Pay to Invest in Art? A Selection-Corrected Returns Perspective
23254222,American Economic Review,102,2,17,2009,2012,3,2012,3,"{2009: 1, 2012: 16}",Estimating the Peace Dividend: The Impact of Violence on House Prices in Northern Ireland
48957891,The TQM Journal,36,7,16,2020,2023,3,2023,3,"{2020: 7, 2023: 9}",Extrovert integrated management systems | The role of the museumscape on positive word of mouth: examining Italian museums
44585919,Journal of Economic Dynamics and Control,35,9,12,2008,2011,3,2011,3,"{2008: 1, 2011: 11}",The Environmental and Macroeconomic Effects of Socially Responsible Investment
57667410,Annals of Operations Research,326,1,20,2020,2023,3,2023,3,"{2020: 1, 2023: 19}",Improvement strategies of battery driving range in an electric vehicle supply chain considering subsidy threshold and cost misreporting
125733402,Investigación Económica,27,3,6,2000,2003,3,2003,3,"{2000: 1, 2003: 5}",PRESIÓN SOBRE LOS PRECIOS EN LAS REVISIONES DEL ÍNDICE IBEX35
125733402,Investigación Económica,32,1,4,2005,2008,3,2008,3,"{2005: 1, 2008: 3}",Análisis por provincias de la contribución del capital humano a la producción nacional en la década de los noventa
7345157,Eastern Economic Journal,29,1,8,2000,2003,3,2003,3,"{2000: 1, 2003: 7}","LONG RUN TRENDS IN INCOME INEQUALITY IN THE UNITED STATES, UK, SWEDEN, GERMANY AND CANADA: A BIRTH COHORT VIEW"
34139249,The RAND Journal of Economics,36,4,6,2002,2005,3,2005,3,"{2002: 1, 2003: 2, 2005: 3}",Nonparametric Analysis of Cost Complementarities in the Telecommunications Industry
2058785,Journal of money credit and banking,44,6,9,2009,2012,3,2012,3,"{2009: 1, 2012: 8}",Foreign Demand for Domestic Currency and the Optimal Rate of Inflation
78792899,Journal of Small Business Management,59,4,13,2018,2021,3,2021,3,"{2018: 3, 2019: 5, 2020: 4, 2021: 1}","Building entrepreneurship research for impact: Scope, phenomenon, and translation"
88935262,The Review of Economic Studies,79,1,12,2008,2011,3,2011,3,"{2008: 1, 2011: 11}","Trade, Firms, and Wages: Theory and Evidence"
176820844,European Review of Economic History,16,2,4,2009,2012,3,2012,3,"{2009: 1, 2012: 3}",Commodity Market Disintegration in the Interwar Period
44376543,Business & Society,51,4,8,2009,2012,3,2012,3,"{2009: 2, 2010: 1, 2012: 5}",In Search of Stakeholder Salience
182666042,Naval Research Logistics (NRL),70,5,7,2020,2023,3,2023,3,"{2020: 1, 2021: 2, 2022: 1, 2023: 3}",Two‐class constrained optimization with applications to queueing control
163774179,Labour Economics,10,3,4,2000,2003,3,2003,3,"{2000: 1, 2003: 3}",Language-Skill Complementarity: Returns to Immigrant Language Acquisition
37173775,European Journal of Law and Economics,41,1,8,2012,2015,3,2015,3,"{2012: 1, 2013: 2, 2014: 1, 2015: 4}",The economic and legal significance of “full” deposit availability
203860005,The Quarterly Journal of Economics,137,3,10,2019,2022,3,2022,3,"{2019: 2, 2020: 1, 2022: 7}",Dominant Currencies: How Firms Choose Currency Invoicing and Why it Matters
199447588,Journal of Public Economics,93,11-12,12,2006,2009,3,2009,3,"{2006: 1, 2008: 1, 2009: 10}",Tax Competition With Parasitic Tax Havens
201533460,Applied Economics,40,10,10,2005,2008,3,2008,3,"{2005: 1, 2008: 9}",The Excess Demand for Subsidized Child Care in Germany
37173775,European Journal of Law and Economics,44,1,8,2013,2016,3,2016,3,"{2013: 1, 2014: 4, 2015: 1, 2016: 2}",Linkages between exchange rate and economic growth in Pakistan (an econometric approach)
131852005,European Financial Management,19,1,13,2010,2013,3,2013,3,"{2010: 3, 2011: 3, 2012: 1, 2013: 6}",Ruminations on Investment Performance Measurement
44585919,Journal of Economic Dynamics and Control,34,7,10,2007,2010,3,2010,3,"{2007: 1, 2010: 9}",Country Portfolio Dynamics
198098467,Journal of International Economics,84,2,7,2008,2011,3,2011,3,"{2008: 1, 2011: 6}",When Is Quality of Financial System a Source of Comparative Advantage?
134988049,Econometric Reviews,36,10,4,2014,2017,3,2017,3,"{2014: 2, 2015: 1, 2017: 1}",Local power of panel unit root tests allowing for structural breaks
151705444,Journal of Management Studies,52,5,7,2012,2015,3,2015,3,"{2012: 1, 2014: 3, 2015: 3}",How Offshore Professionals' Job Dissatisfaction Can Promote Further Offshoring: Organizational Outcomes of Job Crafting
30207186,CESifo Economic Studies,55,3-4,11,2006,2009,3,2009,3,"{2006: 1, 2009: 10}",Rural Income Volatility and Inequality in China
6711363,Journal of Monetary Economics,52,7,4,2002,2005,3,2005,3,"{2002: 1, 2005: 3}",IMF Programs: Who is Chosen and What Are the Effects?
26073974,Oxford Economic Papers,77,2,15,2021,2024,3,2024,3,"{2021: 1, 2024: 14}",Do You Really Want to Share Everything? The Wellbeing of Work-Linked Couples
4210172557,Journal of Business and Economic Studies,19,1,7,2010,2013,3,2013,3,"{2010: 1, 2013: 6}",Strategic Asset Allocation and Markov Regime Switch with GARCH Model
86301901,Revista de economía aplicada/Revista de economía aplicada,18,54,6,2007,2010,3,2010,3,"{2007: 1, 2010: 5}",LA FELICIDAD DE LOS ESPAÑOLES: FACTORES EXPLICATIVOS *
2764934467,Iranian economic review,19,3,6,2012,2015,3,2015,3,"{2012: 1, 2015: 5}",Inflation Dynamics in a Dutch Disease Economy
135812718,Asian Case Research Journal,25,01,6,2018,2021,3,2021,3,"{2018: 1, 2021: 5}","""Why Should I Care?"""
82316188,European Journal of Finance,24,6,4,2014,2017,3,2017,3,"{2014: 1, 2017: 3}","Corporate Efficiency, Credit Status and Investment"
37173775,European Journal of Law and Economics,49,1,7,2017,2020,3,2020,3,"{2017: 3, 2018: 3, 2020: 1}",Let the data tell their own story: a tribute to Ted Eisenberg
95323914,Journal of Political Economy,132,10,9,2021,2024,3,2024,3,"{2021: 1, 2024: 8}",Learning About the Long Run
163774179,Labour Economics,19,3,13,2009,2012,3,2012,3,"{2009: 1, 2012: 12}",Setting the Minimum Wage
4210235882,ZFW – Advances in Economic Geography,68,1,4,2021,2024,3,2024,3,"{2021: 2, 2024: 2}",Hidden champions as a determinant of regional development: An analysis of german districts | Hidden Champions and their integration in rural regional innovation systems: Insights from Germany
201533460,Applied Economics,47,18,7,2012,2015,3,2015,3,"{2012: 1, 2015: 6}",Democratization and Civil War
4210173397,Journal of Public Finance and Public Choice,38,2,6,2020,2023,3,2023,3,"{2020: 1, 2021: 1, 2023: 4}",An adaptation of The Narrow Corridor
44376543,Business & Society,50,2,7,2008,2011,3,2011,3,"{2008: 2, 2011: 5}","Strategic Responses to Perceived Corruption in an Emerging Market: Lessons From MNEs Investing in China | Corporate Commitment to Global Quality of Life Issues: Do Slack Resources, Industry Affiliations, and Multinational Headquarters Matter?"
199447588,Journal of Public Economics,94,5-6,8,2007,2010,3,2010,3,"{2007: 1, 2009: 1, 2010: 6}","Education, Unemployment and Migration"
122767448,Journal of Management,42,2,9,2013,2016,3,2013,3,"{2013: 6, 2015: 1, 2016: 2}",The <i>Journal of Management</i>’s First 40 Years
42192170,International Tax and Public Finance,25,3,8,2014,2017,3,2017,3,"{2014: 2, 2015: 1, 2017: 5}",A welfare evaluation of the 1986 tax reform for married couples in the United States
44376543,Business & Society,55,1,7,2012,2015,3,2015,3,"{2012: 1, 2013: 1, 2014: 3, 2015: 2}","Transnational Governance, Deliberative Democracy, and the Legitimacy of ISO 26000"
2165841,International Finance,15,3,7,2012,2015,3,2012,3,"{2012: 6, 2015: 1}",Soft Power and Exchange Rate Volatility
197145128,Journal of Organizational Change Management,34,7,5,2018,2021,3,2021,3,"{2018: 1, 2019: 1, 2021: 3}",Relationship of emotional intelligence with cultural intelligence and change readiness of Indian managers in the service sector
26073974,Oxford Economic Papers,61,2,7,2005,2008,3,2008,3,"{2005: 1, 2008: 6}",Job Security and Job Protection
22315241,FinanzArchiv Public Finance Analysis,70,3,5,2011,2014,3,2014,3,"{2011: 1, 2014: 4}",Money at the Docks of Tax Havens: A Guide
2898123265,Revista Europea de Dirección y Economía de la Empresa,20,1,7,2008,2011,3,2011,3,"{2008: 1, 2011: 6}",La relación entre la capacidad de absorción del conocimiento externo y la estrategia empresarial: un análisis exploratorio
107859553,International Small Business Journal Researching Entrepreneurship,32,1,5,2011,2014,3,2014,3,"{2011: 1, 2012: 3, 2014: 1}",Absorbing new knowledge in small and medium-sized enterprises: A multiple case analysis of Six Sigma
148814761,Journal of International Consumer Marketing,36,3,7,2020,2023,3,2023,3,"{2020: 1, 2023: 6}",2030: HOW TODAY’S BIGGEST TRENDS WILL COLLIDE AND RESHAPE THE FUTURE OF EVERYTHING
181171746,Journal of Economic Growth,19,2,3,2011,2014,3,2014,3,"{2011: 1, 2013: 1, 2014: 1}",The Democratic Transition
122767448,Journal of Management,42,4,10,2013,2016,3,2013,3,"{2013: 9, 2016: 1}",Increasing Speed to Print
998097505,The Journal of Law and Economics,65,1,7,2019,2022,3,2022,3,"{2019: 1, 2022: 6}",The Specialness of Zero
180061323,The Review of Economics and Statistics,91,2,12,2006,2009,3,2009,3,"{2006: 1, 2009: 11}",The Academic Achievement Gap in Grades 3 to 8
95323914,Journal of Political Economy,118,5,5,2007,2010,3,2010,3,"{2007: 1, 2010: 4}",Capital Taxation and Ownership When Markets Are Incomplete
44376543,Business & Society,54,4,7,2012,2015,3,2012,3,"{2012: 2, 2014: 4, 2015: 1}",Defining the Scope of <i>Business &amp; Society</i>
34139249,The RAND Journal of Economics,43,1,7,2009,2012,3,2012,3,"{2009: 1, 2012: 6}",Accidental Death and the Rule of Joint and Several Liability
191005381,Defence and Peace Economics,20,5,6,2006,2009,3,2009,3,"{2006: 1, 2009: 5}",MILITARY DRAFT AND ECONOMIC GROWTH IN OECD COUNTRIES
145507837,Industrial and Corporate Change,34,5,3,2021,2024,3,2024,3,"{2021: 1, 2024: 2}",Industrial policy against pandemics
145507837,Industrial and Corporate Change,29,1,14,2017,2019,2,2020,3,"{2017: 1, 2019: 13}",The search environment is not (always) benign: reassessing the risks of organizational search
160393188,Journal of the Japanese and International Economies,20,2,7,2003,2005,2,2006,3,"{2003: 1, 2005: 6}",Generational Accounting in Korea
170137484,Review of Financial Studies,27,1,10,2011,2013,2,2014,3,"{2011: 2, 2012: 4, 2013: 4}",Tolerance for Failure and Corporate Innovation | The Consequences of Entrepreneurial Finance: Evidence from Angel Financings
101163346,International Journal of Strategic Property Management,24,1,11,2017,2019,2,2020,3,"{2017: 1, 2018: 5, 2019: 5}",A NEW TIME-DEPENDENT TRADING STRATEGY FOR SECURITIZED REAL ESTATE AND EQUITY INDICES
197145128,Journal of Organizational Change Management,34,1,14,2018,2020,2,2021,3,"{2018: 10, 2020: 4}","Exploring microfoundations of dynamic capabilities – challenges, barriers and enablers of organizational change | Antecedents and outcome of employee change fatigue and change cynicism"
92522684,Journal of the Academy of Marketing Science,47,1,11,2016,2018,2,2019,3,"{2016: 1, 2017: 1, 2018: 9}","S-D logic–informed customer engagement: integrative framework, revised fundamental propositions, and application to CRM"
129650269,Open Economies Review,29,1,9,2015,2017,2,2018,3,"{2015: 1, 2017: 8}",Uncovered Interest Parity and Monetary Policy Near and Far from the Zero Lower Bound
149131268,Journal of Economic Theory,146,1,16,2008,2010,2,2011,3,"{2008: 1, 2010: 15}","Globalization and Labor Market Outcomes: Wage Bargaining, Search Frictions, and Firm Heterogeneity"
78091837,Review of World Economics,154,1,9,2015,2017,2,2018,3,"{2015: 1, 2017: 8}",Tracking Wage Inequality Trends with Prices and Different Trade Models: Evidence from Mexico
96544531,Applied Economics Letters,31,1,15,2020,2022,2,2023,3,"{2020: 1, 2022: 14}",Projection properties of constrained nonparametric instrumental variable estimators
141478581,Journal of Enterprise Information Management,38,1,14,2021,2023,2,2024,3,"{2021: 9, 2022: 1, 2023: 4}",Managing tensions in resilience development: a paradox theory perspective on the role of digital transformation
141165859,Studies in Economics and Finance,38,3,8,2018,2020,2,2021,3,"{2018: 1, 2019: 6, 2020: 1}",The index of economic freedom: methodological matters
105799767,European Journal of the History of Economic Thought,23,1,10,2013,2015,2,2016,3,"{2013: 5, 2014: 1, 2015: 4}",The economics of the division of labour in early Chinese literature: With particular comparison to the ancient Greek thought
158451771,Journal of Marketing Communications,23,4,7,2015,2017,2,2014,3,"{2015: 6, 2017: 1}",The diversity of advertising formats and the need to revisit the empirical bases of IMC
6711363,Journal of Monetary Economics,59,1,12,2009,2011,2,2012,3,"{2009: 1, 2011: 11}",Housing and the Labor Market: Time to Move and Aggregate Unemployment
579031,Economic Theory,49,1,7,2008,2010,2,2011,3,"{2008: 1, 2010: 6}",Optimal seedings in elimination tournaments
201533460,Applied Economics,47,5,7,2012,2014,2,2015,3,"{2012: 1, 2014: 6}",An Alternative Method for Identifying Booms and Busts in the Euro Area Housing Market
194514787,Applied Health Economics and Health Policy,15,1,12,2014,2016,2,2017,3,"{2014: 1, 2016: 11}",Unraveling the basal angiosperm cinnamyl alcohol dehydrogenase (CAD) genes that are involved in lignin biosynthesis
39841227,International Journal of Forecasting,31,1,20,2012,2014,2,2015,3,"{2012: 1, 2014: 19}",The Future of Oil: Geology Versus Technology
4210237825,International Journal of Ethics and Systems,38,1,9,2019,2021,2,2022,3,"{2019: 1, 2021: 8}",The <i>wajibah</i> will: alternative wealth transition for individuals who are prevented from attaining their inheritance
49396926,Thunderbird International Business Review,63,1,8,2018,2020,2,2021,3,"{2018: 1, 2019: 2, 2020: 5}","International joint ventures research on Africa: A systematic literature review, propositions, and contextualization"
95323914,Journal of Political Economy,126,1,10,2015,2017,2,2018,3,"{2015: 1, 2017: 9}",Retail Globalization and Household Welfare: Evidence from Mexico
151705444,Journal of Management Studies,57,1,7,2017,2019,2,2020,3,"{2017: 2, 2019: 5}",The Transferability of Western Business Education to the East | The Surprising Duality of Jugaad: Low Firm Growth and High Inclusive Growth
78792899,Journal of Small Business Management,59,1,7,2018,2020,2,2021,3,"{2018: 5, 2020: 2}","Publishing entrepreneurship research: Strategies for success distilled from a review of over 3,500 submissions | Who wants to be a social entrepreneur? The role of gender and sustainability orientation"
23254222,American Economic Review,107,1,9,2014,2016,2,2017,3,"{2014: 1, 2016: 8}","Price Setting in Online Markets: Basic Facts, International Comparisons, and Cross-Border Integration"
145200904,Health Economics,24,2,8,2011,2013,2,2014,3,"{2011: 1, 2013: 7}",The Impact of the Macroeconomy on Health Insurance Coverage: Evidence from the Great Recession
105799767,European Journal of the History of Economic Thought,22,1,13,2012,2014,2,2015,3,"{2012: 1, 2013: 2, 2014: 10}",Hilferding on derivatives
4210172902,Journal of Institutional and Theoretical Economics JITE,174,2,6,2015,2017,2,2018,3,"{2015: 1, 2017: 5}",The Evaluation of Pension Reforms in the Public Sector: A Case Study of the Paris Subway Drivers
130699561,Technology Analysis and Strategic Management,37,4,7,2021,2023,2,2024,3,"{2021: 5, 2022: 1, 2023: 1}",Framing the Central Bank Digital Currency (CBDC) revolution
136211407,Ecological Economics,69,2,24,2007,2009,2,2010,3,"{2007: 1, 2009: 23}","Selfishness, cooperation, the evolutionary point of view and its implications for economics"
134988049,Econometric Reviews,36,4,5,2014,2016,2,2017,3,"{2014: 3, 2016: 2}",Correction of Caporin and Paruolo (2015) | Signal extraction goodness-of-fit diagnostic tests under model parameter uncertainty: Formulations and empirical evaluation
134988049,Econometric Reviews,23,1,5,2002,2004,2,2005,3,"{2002: 1, 2004: 4}",The Formation of the Governmental Financial Systems in the Post War Japan
122767448,Journal of Management,42,5,13,2014,2016,2,2013,3,"{2014: 2, 2016: 11}",Organizational Form Emergence | A Sociocultural Perspective on Knowledge Transfer in Mergers and Acquisitions
2764541937,Journal of Economics and Development,26,1,5,2021,2023,2,2024,3,"{2021: 1, 2022: 1, 2023: 3}",The impact of trust on intellectual property right protection: a cross-national study
7424199,Public Choice,191,3-4,11,2019,2021,2,2022,3,"{2019: 8, 2020: 1, 2021: 2}","Analytical thinking, prosocial voting, and intergroup competition: experimental evidence from China"
50631486,Journal of Knowledge Management,28,3,13,2021,2023,2,2024,3,"{2021: 1, 2023: 12}",Research on the impact of knowledge sharing on risk control of inclusive finance in rural areas during the post-COVID-19 era
125273398,The Quarterly Review of Economics and Finance,46,1,8,2003,2005,2,2006,3,"{2003: 1, 2005: 7}",Loan guarantee portfolios and joint loan guarantees with stochastic interest rates
100134864,European Journal of Political Economy,28,2,10,2009,2011,2,2012,3,"{2009: 1, 2011: 9}",Memories of High Inflation
44376543,Business & Society,58,8,7,2017,2019,2,2016,3,"{2017: 6, 2019: 1}","Taking Stock at <i>Business &amp; Society</i>: Reflections on Our Tenure as Co-Editors, 2015-2019"
149070780,Production and Operations Management,34,11,3,2021,2023,2,2024,3,"{2021: 1, 2022: 1, 2023: 1}",Analytics for IoT‐Enabled Human–Robot Hybrid Sortation: An Online Optimization Approach
4210241102,Innovation & Management Review,21,1,5,2021,2023,2,2024,3,"{2021: 1, 2022: 2, 2023: 2}",Fundamental elements of university-industry interaction from a grounded theory approach
191005381,Defence and Peace Economics,31,7,8,2016,2020,4,2018,2,"{2016: 1, 2019: 6, 2020: 1}",Identity Conflict with Cross-Border Spillovers
57667410,Annals of Operations Research,214,1,10,2010,2014,4,2012,2,"{2010: 1, 2011: 2, 2012: 5, 2013: 1, 2014: 1}",Technological externalities and environmental policy
57667410,Annals of Operations Research,263,1-2,26,2014,2018,4,2016,2,"{2014: 2, 2015: 4, 2016: 11, 2017: 7, 2018: 2}",Information-theoretic feature selection with discrete $$k$$ k -median clustering | Making a state-of-the-art heuristic faster with data mining
4210220312,International Journal of Logistics Research and Applications,27,11,20,2020,2024,4,2022,2,"{2020: 1, 2021: 3, 2022: 1, 2023: 11, 2024: 4}",Agriculture supply chain risks and COVID-19: mitigation strategies and implications for the practitioners
37173775,European Journal of Law and Economics,39,1,12,2011,2015,4,2013,2,"{2011: 1, 2012: 1, 2013: 4, 2014: 3, 2015: 3}","Crime, Prosecutors, and the Certainty of Conviction"
37173775,European Journal of Law and Economics,42,3,8,2013,2016,3,2015,2,"{2013: 1, 2014: 4, 2015: 2, 2016: 1}",Exclusive contracts with private information in successive differentiated oligopolies
107036887,Asia Pacific Journal of Management,41,3,28,2021,2024,3,2023,2,"{2021: 2, 2022: 10, 2023: 15, 2024: 1}",Correction to: Leading via virtual communication: a longitudinal field experiment on work team creativity in an extreme context
158451771,Journal of Marketing Communications,28,3,7,2019,2022,3,2021,2,"{2019: 2, 2020: 3, 2021: 1, 2022: 1}",Luxury and sustainability: The role of message appeals and objectivity on luxury brands’ green corporate social responsibility
200872515,Journal of Environmental Economics and Management,63,3,8,2009,2012,3,2011,2,"{2009: 1, 2011: 2, 2012: 5}",Uncertain Outcomes and Climate Change Policy
57667410,Annals of Operations Research,303,1-2,22,2018,2021,3,2020,2,"{2018: 3, 2019: 5, 2020: 8, 2021: 6}",A clustering-based feature selection method for automatically generated relational attributes | A modularity-maximization-based approach for detecting multi-communities in social networks
147692640,Journal of Urban Economics,57,3,8,2002,2005,3,2004,2,"{2002: 1, 2005: 7}",Highway Franchising and Real Estate Values
57667410,Annals of Operations Research,286,1-2,31,2017,2020,3,2018,2,"{2017: 7, 2018: 19, 2019: 4, 2020: 1}",Preface: Introducing operations research trends at CLAIO XVIII
47864991,Applied Psychology,71,4,20,2019,2022,3,2021,2,"{2019: 1, 2020: 2, 2021: 14, 2022: 3}","Automation, Algorithms, and Beyond: Why Work Design Matters More Than Ever in a Digital World"
57667410,Annals of Operations Research,283,1-2,59,2016,2019,3,2017,2,"{2016: 2, 2017: 30, 2018: 23, 2019: 4}",Theory in humanitarian operations research | Sustainable procurement and logistics for disaster resilient supply chain
57667410,Annals of Operations Research,291,1-2,46,2017,2020,3,2018,2,"{2017: 1, 2018: 26, 2019: 17, 2020: 2}",Coordination of production and ordering policies under capacity disruption and product write-off risk: an analytical study with real-data based simulations of a fast moving consumer goods company
57667410,Annals of Operations Research,249,1-2,21,2014,2017,3,2015,2,"{2014: 4, 2015: 9, 2016: 7, 2017: 1}",Applied optimization and data mining
4210171597,Accounting and Finance,58,1,12,2015,2018,3,2016,2,"{2015: 1, 2016: 9, 2018: 2}",Dividend payout determinants for Australian Multinational and Domestic Corporations
57667410,Annals of Operations Research,294,1-2,32,2017,2020,3,2018,2,"{2017: 2, 2018: 14, 2019: 11, 2020: 5}",Measuring efficiency of innovation using combined Data Envelopment Analysis and Structural Equation Modeling: empirical study in EU regions | Mathematical optimization models for fuelwood production
57667410,Annals of Operations Research,324,1-2,49,2020,2023,3,2022,2,"{2020: 3, 2021: 22, 2022: 23, 2023: 1}",Real-time planning and monitoring of the steel pipes towards life cycle sustainability management
18095783,Journal of Business and Economic Statistics,42,2,35,2021,2024,3,2023,2,"{2021: 3, 2022: 3, 2023: 28, 2024: 1}",Introduction to the Special Issue on Statistics of Dynamic Networks
206615888,Economic Inquiry,53,2,36,2012,2015,3,2014,2,"{2012: 1, 2014: 23, 2015: 12}",ALLIANCES IN THE SHADOW OF CONFLICT
199447588,Journal of Public Economics,88,9-10,20,2001,2004,3,2003,2,"{2001: 1, 2003: 13, 2004: 6}",An Empirical Analysis of Imprisoning Drug Offenders
29049940,Pacific-Basin Finance Journal,20,5,13,2009,2012,3,2011,2,"{2009: 1, 2012: 12}",An empirical examination of jump risk in asset pricing and volatility forecasting in China's equity and bond markets
37173775,European Journal of Law and Economics,39,3,12,2012,2015,3,2013,2,"{2012: 6, 2013: 2, 2014: 2, 2015: 2}",Property rights and the cost of capital | George Bitros and Anastasios Karayannis: creative crisis in democracy and economy
39307421,Technological Forecasting and Social Change,72,1,11,2002,2005,3,2004,2,"{2002: 1, 2003: 5, 2004: 3, 2005: 2}",Endogenicity of economic growth models
206124708,Organization Science,34,6,24,2020,2023,3,2022,2,"{2020: 1, 2021: 10, 2022: 8, 2023: 5}",Delays Impair Learning and Can Drive Convergence to Inefficient Strategies
184816971,International Journal of Production Economics,143,1,22,2010,2013,3,2012,2,"{2010: 8, 2011: 2, 2012: 2, 2013: 10}","Optimal MRP parameters for a single item inventory with random replenishment lead time, POQ policy and service level constraint | A new method for robustness in rolling horizon planning"
88935262,The Review of Economic Studies,77,2,12,2007,2010,3,2009,2,"{2007: 1, 2009: 9, 2010: 2}",Service Offshoring and White-Collar Employment
57667410,Annals of Operations Research,313,2,33,2019,2022,3,2021,2,"{2019: 2, 2020: 9, 2021: 18, 2022: 4}",A financial fraud detection indicator for investors: an IDeA | Pricing insurance premia: a top down approach
198098467,Journal of International Economics,65,2,18,2002,2005,3,2004,2,"{2002: 1, 2004: 13, 2005: 4}",Explaining the Exchange Rate Pass-Through in Different Prices
57667410,Annals of Operations Research,290,1-2,45,2017,2020,3,2018,2,"{2017: 5, 2018: 30, 2019: 9, 2020: 1}",Preface: sustainable operations in manufacturing enterprise
57667410,Annals of Operations Research,345,2-3,28,2021,2024,3,2022,2,"{2021: 3, 2022: 18, 2023: 4, 2024: 3}",Carbon price prediction for China's ETS pilots using variational mode decomposition and optimized extreme learning machine | Deep learning-based exchange rate prediction during the COVID-19 pandemic
57667410,Annals of Operations Research,257,1-2,29,2014,2017,3,2015,2,"{2014: 3, 2015: 17, 2016: 8, 2017: 1}",Innovative supply chain optimization models with multiple uncertainty factors
57667410,Annals of Operations Research,213,1,18,2011,2014,3,2012,2,"{2011: 4, 2012: 11, 2013: 2, 2014: 1}",Preface
158451771,Journal of Marketing Communications,21,2,5,2012,2015,3,2013,2,"{2012: 1, 2013: 3, 2015: 1}",Friend-zone with benefits: The parasocial advertising of Kim Kardashian
18095783,Journal of Business and Economic Statistics,37,2,14,2016,2019,3,2017,2,"{2016: 1, 2017: 11, 2018: 1, 2019: 1}",Unobservable Selection and Coefficient Stability: Theory and Evidence
57667410,Annals of Operations Research,231,1,14,2012,2015,3,2013,2,"{2012: 1, 2013: 8, 2014: 4, 2015: 1}",Continuous material flow systems: analysis of marine ports handling bulk materials
136211407,Ecological Economics,68,4,35,2006,2009,3,2008,2,"{2006: 3, 2007: 1, 2008: 27, 2009: 4}",Beyond the manual: Practicing deliberative visioning in a Greek island
98984247,Computational Economics,57,3,11,2018,2021,3,2020,2,"{2018: 10, 2021: 1}",Correction to: Reconsidering Herbert A. Simon’s Major Themes in Economics: Towards an Experimentally Grounded Capital Structure Theory Drawing from His Methodological Conjectures
122767448,Journal of Management,41,4,9,2012,2015,3,2014,2,"{2012: 7, 2015: 2}",Guidelines and Ethical Considerations for Assessment Center Operations | On Deconstructing Commentaries Regarding Alternative Theories of Self-Regulation
57667410,Annals of Operations Research,339,1-2,37,2021,2024,3,2022,2,"{2021: 2, 2022: 14, 2023: 15, 2024: 6}",Deep learning approaches for human-centered IoT applications in smart indoor environments: a contemporary survey | Great partners: how deep learning and blockchain help improve business operations together
199447588,Journal of Public Economics,87,11,11,2000,2003,3,2002,2,"{2000: 2, 2002: 7, 2003: 2}","Fiscal Competition in Space and Time | Anarchy, Efficiency, and Redistribution"
76633192,Journal of Business Ethics,148,1,14,2015,2018,3,2016,2,"{2015: 4, 2016: 8, 2018: 2}","Leadership: Philosophical Perspectives and Qualitative Analysis of Ethics—Looking Back, Looking Forward, Looking Around | Reviewers 2017"
2764896919,Environmental Economics and Policy Studies,26,2,15,2021,2024,3,2023,2,"{2021: 1, 2022: 6, 2023: 5, 2024: 3}",Use of smart monitoring and users’ feedback for to investigate the impact of the indoor environment on learning efficiency
134988049,Econometric Reviews,38,1,6,2016,2019,3,2017,2,"{2016: 5, 2019: 1}",“Fellows and Scholars of <i>Econometric Reviews”</i>
44376543,Business & Society,59,5,9,2017,2020,3,2018,2,"{2017: 4, 2018: 3, 2019: 1, 2020: 1}","Religion as a Macro Social Force Affecting Business: Concepts, Questions, and Future Research"
154010748,Management Decision,59,8,16,2018,2021,3,2020,2,"{2018: 1, 2019: 6, 2020: 8, 2021: 1}",Lean Startup: a comprehensive historical review
107181468,Journal of Accounting Auditing & Finance,38,2,10,2020,2023,3,2021,2,"{2020: 6, 2021: 2, 2023: 2}",Litigation-Disclosure Modifications in the 10-K: Large-Sample Evidence | The Discount Rate Used in the Current Expected Credit Loss Standard Creates Accounting Losses Where There Are No Economic Losses
57667410,Annals of Operations Research,329,1-2,48,2019,2022,3,2021,2,"{2019: 2, 2020: 16, 2021: 18, 2022: 12}",Industry 4.0: driving factors and impacts on firm’s performance: an empirical study on China’s manufacturing industry | Demand signal transmission in a certified refurbishing supply chain: rules and incentive analysis
160506855,The Accounting Review,94,6,14,2016,2019,3,2018,2,"{2016: 1, 2018: 1, 2019: 12}",Influential Observations and Inference in Accounting Research
57667410,Annals of Operations Research,216,1,18,2011,2014,3,2012,2,"{2011: 2, 2012: 10, 2013: 5, 2014: 1}",Preface: Special volume on data mining and informatics
579031,Economic Theory,73,2-3,20,2019,2022,3,2021,2,"{2019: 1, 2020: 7, 2021: 8, 2022: 4}",Individual upper semicontinuity and subgame perfect $$\epsilon $$-equilibria in games with almost perfect information
57667410,Annals of Operations Research,311,1,32,2019,2022,3,2020,2,"{2019: 21, 2020: 7, 2021: 3, 2022: 1}",Preface: reliability modeling with applications based on big data
57667410,Annals of Operations Research,328,2,18,2020,2023,3,2022,2,"{2020: 1, 2023: 17}","Who is better off by selling extended warranties in the supply chain: the manufacturer, the retailer, or both?"
154010748,Management Decision,59,6,19,2018,2021,3,2020,2,"{2018: 1, 2020: 17, 2021: 1}",Sustainable consumption and growth: Examining complementary perspectives
57667410,Annals of Operations Research,350,2,20,2021,2024,3,2022,2,"{2021: 4, 2022: 7, 2023: 7, 2024: 2}","A big data analytics method for assessing creditworthiness of SMEs: fuzzy equifinality relationships analysis | The interplay between blockchain and big data analytics for enhancing supply chain value creation in micro, small, and medium enterprises"
57667410,Annals of Operations Research,224,1,9,2010,2013,3,2012,2,"{2010: 1, 2011: 1, 2012: 5, 2013: 2}",Optimal test planning for High Cycle Fatigue limit testing
121026525,Journal of Evolutionary Economics,23,2,10,2010,2013,3,2012,2,"{2010: 3, 2011: 3, 2012: 3, 2013: 1}",Environmental innovation and socio-economic dynamics in institutional and policy contexts
82316188,European Journal of Finance,24,16,10,2015,2018,3,2017,2,"{2015: 4, 2016: 5, 2018: 1}",Chinese capital markets: the importance of history for modern development
67103694,Cambridge Journal of Economics,34,6,15,2007,2010,3,2009,2,"{2007: 1, 2008: 2, 2009: 7, 2010: 5}",Feminist and post-Keynesian economics: challenges and opportunities
2735550652,Journal of the Association of Environmental and Resource Economists,8,5,5,2018,2021,3,2020,2,"{2018: 1, 2021: 4}",Toxic Truth: Lead and Fertility
126936603,International Regional Science Review,45,6,4,2019,2022,3,2021,2,"{2019: 1, 2020: 2, 2022: 1}",The Hope Fulfilled? Measuring Research Performance of Universities in the Economic Crisis
57667410,Annals of Operations Research,319,1,45,2019,2022,3,2021,2,"{2019: 4, 2020: 18, 2021: 19, 2022: 4}","Design redundancy in agile and resilient humanitarian supply chains | Integrated detection of disruption scenarios, the ripple effect dispersal and recovery paths in supply chains"
57667410,Annals of Operations Research,339,3,26,2021,2024,3,2022,2,"{2021: 8, 2022: 14, 2023: 3, 2024: 1}",An introduction to robust data analysis and its applications
57667410,Annals of Operations Research,315,2,58,2019,2022,3,2021,2,"{2019: 1, 2020: 14, 2021: 38, 2022: 5}",Optimal scale sizes in input–output allocative data envelopment analysis models
2898409089,BRQ Business Research Quarterly,26,2,6,2020,2023,3,2021,2,"{2020: 5, 2023: 1}",Evolution and achievements of BRQ <i>Business Research Quarterly</i> (2014–2022)
57667410,Annals of Operations Research,334,1-3,33,2021,2024,3,2022,2,"{2021: 8, 2022: 22, 2023: 2, 2024: 1}","Operational research insights on risk, resilience &amp; dynamics of financial &amp; economic systems"
57667410,Annals of Operations Research,287,2,18,2017,2020,3,2019,2,"{2017: 5, 2018: 10, 2019: 2, 2020: 1}","Preface: International conference on game theory and optimization, June 6–10, 2016, Indian Institute of Technology Madras, Chennai, India"
12818680,Corporate Social Responsibility and Environmental Management,30,2,36,2020,2023,3,2022,2,"{2020: 1, 2022: 33, 2023: 2}",Impact of corporate social responsibility attributions on employee's extra‐role behaviors: Moderating role of ethical corporate identity and interpersonal trust
141478581,Journal of Enterprise Information Management,35,6,17,2019,2022,3,2021,2,"{2019: 1, 2020: 6, 2021: 6, 2022: 4}",An integrated Grey-DEMATEL approach for evaluating ICT adoption barriers in manufacturing SMEs
113509650,Journal of the Asia Pacific Economy,28,1,16,2020,2023,3,2021,2,"{2020: 2, 2021: 13, 2023: 1}",In Memoriam
57667410,Annals of Operations Research,330,1-2,30,2020,2023,3,2021,2,"{2020: 1, 2021: 16, 2022: 11, 2023: 2}",A simulation study on the Markov regime-switching zero-drift GARCH model
199447588,Journal of Public Economics,92,7,12,2005,2008,3,2007,2,"{2005: 1, 2007: 2, 2008: 9}","Labor Supply, Home Production and Welfare Comparisons"
133335107,Mathematical Finance,26,1,8,2013,2016,3,2014,2,"{2013: 6, 2016: 2}",Table of Contents | Editorial Policy
39841227,International Journal of Forecasting,38,4,28,2019,2022,3,2021,2,"{2019: 1, 2021: 16, 2022: 11}",Retail forecasting: Research and practice
180061323,The Review of Economics and Statistics,93,2,24,2008,2011,3,2010,2,"{2008: 2, 2010: 20, 2011: 2}",Too Young to Leave the Nest: The Effects of School Starting Age | Inside the War on Poverty: The Impact of Food Stamps on Birth Outcomes
57667410,Annals of Operations Research,218,1,19,2011,2014,3,2012,2,"{2011: 2, 2012: 12, 2013: 4, 2014: 1}",The practice and theory of automated timetabling
93630570,Journal of Product Innovation Management,33,3,11,2013,2016,3,2015,2,"{2013: 1, 2015: 7, 2016: 3}",Retraction
180061323,The Review of Economics and Statistics,100,2,12,2015,2018,3,2017,2,"{2015: 1, 2017: 10, 2018: 1}",Childhood Medicaid Coverage and Later Life Health Care Utilization
42678134,Journal of Hospitality & Tourism Research,46,5,12,2019,2022,3,2021,2,"{2019: 1, 2020: 7, 2021: 3, 2022: 1}",Impact of Travel Motivation on Tourist’s Attitude Toward Destination: Evidence of Mediating Effect of Destination Image
42192170,International Tax and Public Finance,19,3,6,2009,2012,3,2011,2,"{2009: 1, 2011: 4, 2012: 1}",Empirical Evidence on the Effects of Tax Incentives
37173775,European Journal of Law and Economics,40,3,9,2012,2015,3,2014,2,"{2012: 4, 2013: 3, 2014: 1, 2015: 1}",Evaluating the Office of Fair Trading’s ‘fee-paying schools’ intervention
23218617,Journal of International Trade & Economic Development,29,1,7,2017,2020,3,2019,2,"{2017: 1, 2019: 5, 2020: 1}","Did structural change account for productivity growth within manufacturing during the import substitution era? A historical appraisal of Mexico, Argentina, and Brazil"
147692640,Journal of Urban Economics,63,2,19,2005,2008,3,2007,2,"{2005: 1, 2007: 17, 2008: 1}",The Effects of Wal-Mart on Local Labor Markets
4210220312,International Journal of Logistics Research and Applications,27,3,5,2021,2024,3,2022,2,"{2021: 4, 2024: 1}",Integrated transport and logistics for sustainable global trade
88935262,The Review of Economic Studies,81,1,15,2011,2014,3,2013,2,"{2011: 1, 2013: 13, 2014: 1}",Individual Learning and Cooperation in Noisy Repeated Games
99768379,Management Learning,52,1,11,2018,2021,3,2020,2,"{2018: 4, 2020: 6, 2021: 1}",<i>Management Learning</i> in a time of crisis and opportunity
57667410,Annals of Operations Research,193,1,14,2008,2011,3,2010,2,"{2008: 1, 2010: 7, 2011: 6}",Multi-resource allocation in stochastic project scheduling
199447588,Journal of Public Economics,87,9-10,19,2000,2003,3,2002,2,"{2000: 1, 2002: 15, 2003: 3}",Why Pay More? Corporate Tax Avoidance Through Transfer Pricing in OECD Countries
57667410,Annals of Operations Research,203,1,18,2010,2013,3,2011,2,"{2010: 5, 2011: 6, 2012: 6, 2013: 1}",Mathematical programming approaches for dual multicast routing problem with multilayer risk cost
18095783,Journal of Business and Economic Statistics,36,1,16,2015,2018,3,2016,2,"{2015: 2, 2016: 9, 2017: 2, 2018: 3}",Adaptive Elastic Net GMM Estimation With Many Invalid Moment Conditions: Simultaneous Model and Moment Selection | Confidence Bands for ROC Curves With Serially Dependent Data
82316188,European Journal of Finance,23,7-9,11,2014,2017,3,2016,2,"{2014: 4, 2015: 6, 2017: 1}",Chinese capital markets: institutional reforms and growing global links
82316188,European Journal of Finance,22,4-6,12,2013,2016,3,2014,2,"{2013: 11, 2016: 1}",Chinese style capitalism: current development and future implications
37173775,European Journal of Law and Economics,43,1,8,2013,2016,3,2015,2,"{2013: 2, 2014: 2, 2015: 2, 2016: 2}","Products with nutrition and health claims in the Western Balkans: labelling behaviour, regulation and policy implications | Law and economics of training: a taxonomy of the main legal and institutional tools addressing suboptimal investments in human capital development"
57667410,Annals of Operations Research,188,1,23,2008,2011,3,2009,2,"{2008: 2, 2009: 11, 2010: 7, 2011: 3}",Stability preserving transformations of graphs | A branch-and-cut algorithm based on semidefinite programming for the minimum k-partition problem
579031,Economic Theory,74,4,7,2019,2022,3,2021,2,"{2019: 3, 2020: 2, 2021: 1, 2022: 1}",Two-stage contests with preferences over style
57667410,Annals of Operations Research,335,3,26,2021,2024,3,2023,2,"{2021: 11, 2022: 12, 2023: 2, 2024: 1}",Design and management of humanitarian supply chains for pandemics: lessons from COVID-19
78091837,Review of World Economics,145,4,9,2007,2010,3,2009,2,"{2007: 1, 2009: 7, 2010: 1}",Bilateral Trade of Cultural Goods
4210220312,International Journal of Logistics Research and Applications,27,1,10,2021,2024,3,2022,2,"{2021: 5, 2022: 4, 2024: 1}","Circular supply chain practices: challenges, innovation and development"
57667410,Annals of Operations Research,239,2,17,2013,2016,3,2014,2,"{2013: 2, 2014: 13, 2015: 1, 2016: 1}",Transient workload distribution in the $$M/G/1$$ M / G / 1 finite-buffer queue with single and multiple vacations
57667410,Annals of Operations Research,316,2,37,2019,2022,3,2021,2,"{2019: 1, 2020: 12, 2021: 15, 2022: 9}",A MIP-CP based approach for two- and three-dimensional cutting problems with staged guillotine cuts
4210168091,The Journal of Law Economics and Organization,31,4,7,2012,2015,3,2014,2,"{2012: 2, 2013: 1, 2015: 4}",Interpreting Circuit Court Voting Patterns: A Social Interactions Framework
199447588,Journal of Public Economics,89,11-12,15,2002,2005,3,2004,2,"{2002: 1, 2004: 1, 2005: 13}",Integration of Unemployment Insurance with Retirement Insurance
57667410,Annals of Operations Research,234,1,9,2012,2015,3,2014,2,"{2012: 1, 2013: 1, 2014: 4, 2015: 3}",Regional earthquake vulnerability assessment using a combination of MCDM methods
37173775,European Journal of Law and Economics,40,2,9,2012,2015,3,2014,2,"{2012: 5, 2013: 1, 2014: 2, 2015: 1}",Environmental tax and productivity in a decentralized context: new findings on the Porter hypothesis
187626162,Entrepreneurship Theory and Practice,38,1,10,2011,2014,3,2013,2,"{2011: 1, 2013: 8, 2014: 1}","Biohit: A Global, Family–Owned Company Embarking on a New Phase"
122767448,Journal of Management,40,6,12,2011,2014,3,2013,2,"{2011: 2, 2012: 9, 2014: 1}",The Characteristics of Quality Scholarly Submissions
99768379,Management Learning,52,3,10,2018,2021,3,2020,2,"{2018: 1, 2019: 3, 2020: 5, 2021: 1}","Book review: British universities in the brexit moment: Political, economic and cultural implications"
191005381,Defence and Peace Economics,29,3,7,2015,2018,3,2016,2,"{2015: 1, 2016: 5, 2018: 1}","War for profit: English corsairs, institutions and decentralised strategy"
122767448,Journal of Management,38,2,11,2009,2012,3,2010,2,"{2009: 1, 2010: 9, 2012: 1}",Team Empowerment and the Organizational Context
107036887,Asia Pacific Journal of Management,30,1,15,2010,2013,3,2012,2,"{2010: 1, 2011: 7, 2012: 6, 2013: 1}",Five dimensions of organizational citizenship behavior: Comparing antecedents and levels of engagement in China and the US
57667410,Annals of Operations Research,242,2,16,2013,2016,3,2014,2,"{2013: 4, 2014: 8, 2015: 3, 2016: 1}",Evolutionary algorithms for supply chain management
57667410,Annals of Operations Research,228,1,12,2011,2014,3,2012,2,"{2011: 2, 2012: 8, 2013: 1, 2014: 1}","FDI, technology spillovers and green innovation in China: analysis based on Data Envelopment Analysis"
39841227,International Journal of Forecasting,38,3,22,2019,2022,3,2021,2,"{2019: 2, 2020: 3, 2021: 12, 2022: 5}",Relative performance of judgmental methods for forecasting the success of megaprojects | Using scenarios to forecast outcomes of a refugee crisis
37173775,European Journal of Law and Economics,36,1,14,2010,2013,3,2011,2,"{2010: 1, 2011: 8, 2012: 3, 2013: 2}",Participation exemption and tax arbitrage: Italy’s case
57667410,Annals of Operations Research,262,2,17,2015,2018,3,2016,2,"{2015: 7, 2016: 9, 2018: 1}",Preface: Risk management decisions and wealth management in Financial Economics
107036887,Asia Pacific Journal of Management,30,2,14,2010,2013,3,2012,2,"{2010: 1, 2011: 4, 2012: 8, 2013: 1}",Dynamic capability and IJV performance: The effect of exploitation and exploration capabilities
57667410,Annals of Operations Research,243,1-2,23,2013,2016,3,2014,2,"{2013: 4, 2014: 13, 2015: 5, 2016: 1}",Optimization models with economic and game theoretic applications
4210171597,Accounting and Finance,60,1,18,2017,2020,3,2019,2,"{2017: 4, 2018: 7, 2019: 5, 2020: 2}","Green M&amp;A, legitimacy and risk‐taking: evidence from China’s heavy polluters | The future trajectory for environmental finance: planetary boundaries and environmental, social and governance analysis"
57667410,Annals of Operations Research,220,1,13,2010,2013,3,2011,2,"{2010: 2, 2011: 7, 2012: 3, 2013: 1}",Climate policy under fat-tailed risk: an application of FUND
133599136,Organizational Research Methods,26,2,7,2020,2023,3,2022,2,"{2020: 2, 2021: 4, 2023: 1}",Publication Notice
82316188,European Journal of Finance,25,6,8,2016,2019,3,2018,2,"{2016: 2, 2017: 4, 2019: 2}","Does China overinvest? Evidence from a panel of Chinese firms | Financial distress, political affiliation and earnings management: the case of politically affiliated private firms"
34649780,Measuring Business Excellence,27,4,7,2020,2023,3,2022,2,"{2020: 3, 2021: 1, 2022: 1, 2023: 2}",Performance measurement in-fourth party reverse logistics
201533460,Applied Economics,43,4,8,2008,2011,3,2010,2,"{2008: 1, 2009: 3, 2010: 3, 2011: 1}","Outsourcing, labour productivity and wage inequality in the US: a primal approach"
49389958,Econometric Theory,39,6,8,2020,2023,3,2022,2,"{2020: 1, 2021: 4, 2022: 2, 2023: 1}",OPTIMAL BANDWIDTH SELECTION IN NONLINEAR COINTEGRATING REGRESSION
4210171597,Accounting and Finance,59,1,11,2016,2019,3,2017,2,"{2016: 3, 2017: 4, 2018: 1, 2019: 3}",Accounting for financial instruments with characteristics of debt and equity: finding a way forward
143995394,Journal of World Business,55,2,13,2017,2020,3,2019,2,"{2017: 2, 2018: 3, 2019: 6, 2020: 2}",Impact of the female board members and gaps in linguistic gender marking on cross-border M&amp;A | Employee emotional resilience during post-merger integration across national boundaries: Rewards and the mediating role of fairness norms
57667410,Annals of Operations Research,331,1,18,2020,2023,3,2022,2,"{2020: 1, 2021: 7, 2022: 7, 2023: 3}",Supply chain financing using blockchain: impacts on supply chains selling fashionable products
201533460,Applied Economics,42,17,7,2006,2009,3,2008,2,"{2006: 1, 2008: 4, 2009: 2}",Public Sector Efficiency: Evidence for New EU Member States and Emerging Markets
43637407,R and D Management,49,1,9,2016,2019,3,2018,2,"{2016: 1, 2017: 3, 2018: 3, 2019: 2}",Building relationship innovation in global collaborative partnerships: big data analytics and traditional organizational powers
198098467,Journal of International Economics,59,2,8,2000,2003,3,2002,2,"{2000: 1, 2003: 7}","Job Creation, Job Destruction, and the Real Exchange Rate"
201533460,Applied Economics,43,1,9,2008,2011,3,2010,2,"{2008: 1, 2009: 6, 2010: 1, 2011: 1}",The impact of the overtime policy reform–evidence from the low-paid workers in Taiwan
116483603,Journal of Risk & Insurance,83,1,13,2013,2016,3,2015,2,"{2013: 2, 2014: 1, 2015: 4, 2016: 6}",T<scp>HE</scp> D<scp>YNAMICS OF</scp> M<scp>ICROINSURANCE</scp> D<scp>EMAND IN</scp> D<scp>EVELOPING</scp> C<scp>OUNTRIES</scp> U<scp>NDER</scp> L<scp>IQUIDITY</scp> C<scp>ONSTRAINTS AND</scp> I<scp>NSURER</scp> D<scp>EFAULT</scp> R<scp>ISK</scp>
107325288,Social Choice and Welfare,52,4,8,2016,2019,3,2018,2,"{2016: 1, 2018: 4, 2019: 3}",Upward and Downward Bias When Measuring Inequality of Opportunity
127742747,Journal of Econometrics,231,1,16,2019,2022,3,2021,2,"{2019: 1, 2020: 10, 2021: 3, 2022: 2}","Incentives, Search Engines, and the Elicitation of Subjective Beliefs: Evidence from Representative Online Survey Experiments"
131852005,European Financial Management,20,2,8,2011,2014,3,2012,2,"{2011: 1, 2012: 6, 2014: 1}","Financial Professionals' Overconfidence: Is It Experience, Function, or Attitude?"
23246025,Corporate Reputation Review,27,2,6,2021,2024,3,2023,2,"{2021: 2, 2022: 2, 2024: 2}",A Balancing Act: Mediating Brand and Local Authenticity in Localised Retail Design | The Realms of Participation in Visual Identity Design
37173775,European Journal of Law and Economics,43,2,8,2013,2016,3,2015,2,"{2013: 2, 2014: 1, 2015: 3, 2016: 2}",PIRG doldrums: exit via overrecapitalization
134988049,Econometric Reviews,35,4,7,2013,2016,3,2014,2,"{2013: 3, 2014: 2, 2015: 1, 2016: 1}",Monte Carlo Maximum Likelihood Estimation for Generalized Long-Memory Time Series Models
138645024,Journal of Comparative Economics,44,3,17,2013,2016,3,2015,2,"{2013: 1, 2015: 13, 2016: 3}","Women, Medieval Commerce, and the Education Gender Gap"
122767448,Journal of Management,44,7,19,2015,2018,3,2016,2,"{2015: 1, 2016: 16, 2018: 2}",Daily Cyber Incivility and Distress: The Moderating Roles of Resources at Work and Home
579031,Economic Theory,51,2,7,2009,2012,3,2011,2,"{2009: 4, 2010: 2, 2012: 1}",Introduction
180061323,The Review of Economics and Statistics,93,3,23,2008,2011,3,2010,2,"{2008: 1, 2009: 1, 2010: 20, 2011: 1}",Causal Effects of Monetary Shocks: Semiparametric Conditional Independence Tests with a Multinomial Propensity Score
43415676,Journal of Strategic Marketing,31,7,8,2020,2023,3,2021,2,"{2020: 1, 2021: 5, 2023: 2}",How dark stories boost recall
122767448,Journal of Management,45,2,18,2016,2019,3,2018,2,"{2016: 8, 2018: 9, 2019: 1}",Incoming Editor: Call for Applications/Nominations
41869786,Small Business Economics,40,4,15,2010,2013,3,2011,2,"{2010: 1, 2011: 8, 2012: 4, 2013: 2}",Long-Lasting Bank Relationships and Growth of Firms
179979277,International Economic Review,63,2,11,2019,2022,3,2021,2,"{2019: 1, 2021: 9, 2022: 1}",WITHDRAWAL
7345157,Eastern Economic Journal,44,3,10,2015,2018,3,2016,2,"{2015: 1, 2017: 6, 2018: 3}",Rational Econometric Man
57667410,Annals of Operations Research,210,1,17,2010,2013,3,2012,2,"{2010: 1, 2011: 7, 2012: 8, 2013: 1}",An interior-point Benders based branch-and-cut algorithm for mixed integer programs
122767448,Journal of Management,41,6,10,2012,2015,3,2014,2,"{2012: 8, 2013: 1, 2015: 1}",Providing CEOs With Opportunities to Cheat
122767448,Journal of Management,41,3,11,2012,2015,3,2014,2,"{2012: 9, 2015: 2}",Rethinking “Contribution” | Acknowledgment of Additional Ad Hoc Reviewers
122767448,Journal of Management,41,7,10,2012,2015,3,2014,2,"{2012: 2, 2013: 7, 2015: 1}",Global Work in the Multinational Enterprise
102949365,Strategic Management Journal,37,11,16,2013,2016,3,2015,2,"{2013: 1, 2016: 15}",Corporate Divestitures and Family Control
4210220312,International Journal of Logistics Research and Applications,27,6,8,2021,2024,3,2022,2,"{2021: 1, 2022: 5, 2023: 1, 2024: 1}",A holonic architecture for the supply chain performance in industry 4.0 context
9435936,Long Range Planning,48,1,5,2012,2015,3,2014,2,"{2012: 2, 2013: 2, 2015: 1}",List of Reviewers 2014
4210176348,Journal of Science and Technology Policy Management,12,3,9,2018,2021,3,2020,2,"{2018: 4, 2020: 2, 2021: 3}",Customer acceptance of ride-hailing in Indonesia | Diffusion of blockchain in logistics and transportation industry: an analysis through the synthesis of academic and trade literature
170137484,Review of Financial Studies,22,6,8,2006,2009,3,2008,2,"{2006: 1, 2007: 2, 2008: 4, 2009: 1}",Asset Returns and the Listing Choice of Firms
126936603,International Regional Science Review,41,4,4,2015,2018,3,2016,2,"{2015: 1, 2016: 1, 2017: 1, 2018: 1}",Creative Workforce and Economic Development in Precrisis Europe
158451771,Journal of Marketing Communications,24,3,6,2015,2018,3,2016,2,"{2015: 5, 2018: 1}",Social commitment or self-interest? Effect of responsible practices performance motivations of firms on the consumer decision-making process
44376543,Business & Society,53,3,5,2011,2014,3,2013,2,"{2011: 1, 2012: 2, 2013: 1, 2014: 1}","Global Business, Global Responsibilities"
57667410,Annals of Operations Research,278,1-2,18,2016,2019,3,2017,2,"{2016: 1, 2017: 13, 2018: 3, 2019: 1}",Measuring the efficiency of hospitals: a fully-ranking DEA–FAHP approach
126936603,International Regional Science Review,40,3,5,2014,2017,3,2015,2,"{2014: 1, 2015: 3, 2017: 1}",A Novel Look at Long-run Convergence Dynamics in the United States
82316188,European Journal of Finance,22,8-9,8,2012,2015,3,2014,2,"{2012: 1, 2013: 1, 2014: 5, 2015: 1}","Behavioral finance and me, or how I came to see the light"
36209479,Industry and Innovation,27,8,5,2017,2020,3,2019,2,"{2017: 1, 2018: 1, 2020: 3}",Physical distance vs. clustering as influences on contracting complexity for biopharmaceutical alliances
133335107,Mathematical Finance,26,2,11,2013,2016,3,2014,2,"{2013: 8, 2014: 1, 2016: 2}",UTILITY MAXIMIZATION UNDER MODEL UNCERTAINTY IN DISCRETE TIME
4210220312,International Journal of Logistics Research and Applications,27,2,8,2021,2024,3,2022,2,"{2021: 2, 2022: 5, 2024: 1}",Industry 3.5 for sustainable supply chain management: challenges and foresight
111496547,Scottish Journal of Political Economy,68,5,6,2018,2021,3,2020,2,"{2018: 1, 2021: 5}",Productivity and efficiency at english football clubs: a random coefficient approach
47864991,Applied Psychology,64,2,7,2012,2015,3,2014,2,"{2012: 1, 2013: 2, 2014: 3, 2015: 1}",The Role of Self‐Concept in the Mechanism Linking Proactive Personality to Employee Work Outcomes
192266589,Group & Organization Management,44,2,7,2016,2019,3,2018,2,"{2016: 1, 2019: 6}",It’s All Relative: A Team-Based Social Comparison Model for Self-Evaluations of Effectiveness
187626162,Entrepreneurship Theory and Practice,38,5,10,2011,2014,3,2013,2,"{2011: 2, 2012: 2, 2013: 5, 2014: 1}",Entrepreneurship Research (1985–2009) and the Emergence of Opportunities
200274427,Pacific Economic Review,28,4,5,2020,2023,3,2022,2,"{2020: 1, 2021: 3, 2023: 1}",Determinants of Taiwan's outward investment in Southeast Asia: Economic factors and institutional issues
2737777163,International Journal of Economics and Financial Issues,7,3,10,2015,2017,2,2017,2,"{2015: 1, 2017: 9}",COMPOSITE STOCK PRICE INDEX (IHSG) MACRO FACTOR IN INVESTMENT IN STOCK (EQUITY FUNDS)
2765073796,International journal of ecological economics and statistics,37,3,7,2014,2016,2,2016,2,"{2014: 1, 2015: 1, 2016: 5}","Application of seasonal Autoregressive integrated moving Average (sarima) to model and Forecast water demand in Kisumu City, Kenya"
23254222,American Economic Review,68,5,6,2014,2016,2,2016,2,"{2014: 1, 2016: 5}",Biased Screening and Discrimination in the Labor Market
2737777163,International Journal of Economics and Financial Issues,8,5,15,2016,2018,2,2018,2,"{2016: 1, 2018: 14}",The determinants of economic growth: An empirical investigation of North Carolina
2764934467,Iranian economic review,24,2,10,2018,2020,2,2020,2,"{2018: 3, 2020: 7}","ARDL – Analysis of the Relationship among Exports, FDI, Current Account Deficit and Economic Growth in Pakistan | The Effect of Technological Changes on Employment: Regional I-O SDA Approach"
111767569,History of economic ideas,20,2,9,2010,2012,2,2012,2,"{2010: 1, 2012: 8}",From The Keynesian Revolution to the Klein-Goldberger Model: Klein and the Dynamization of Keynesian Theory
37173775,European Journal of Law and Economics,43,3,10,2015,2017,2,2015,2,"{2015: 6, 2016: 2, 2017: 2}",The time limit on copyright: an unlikely tragedy of the intellectual commons | Posner versus Kelsen: the challenges for scientific analysis of law
6711363,Journal of Monetary Economics,49,4,8,2000,2002,2,2002,2,"{2000: 1, 2001: 1, 2002: 6}",Financial Crisis and Credit Crunch in Korea: Evidence from Firm-Level Data
125977778,International Journal of Contemporary Hospitality Management,32,2,25,2018,2020,2,2020,2,"{2018: 3, 2019: 3, 2020: 19}",A new approach to journal ranking: social structure in hospitality and tourism journals | Exploring the social structure of strategic management research with a hospitality industry focus
7345157,Eastern Economic Journal,43,3,13,2015,2017,2,2015,2,"{2015: 2, 2016: 10, 2017: 1}",Heterogeneity in the Labor Market: Ability and Information Acquisition*
4210172902,Journal of Institutional and Theoretical Economics JITE,167,2,12,2009,2011,2,2011,2,"{2009: 1, 2011: 11}",Repayment Versus Investment Conditions and Exclusivity in Lending Contracts
26598852,Economia Politica,39,2,13,2020,2022,2,2022,2,"{2020: 2, 2021: 3, 2022: 8}","Increasing the ambition of the EU Nationally Determined Contribution: lessons from a survey of experts and students | Heterogeneity matters: temporary employment, productivity and wages in Italian firms"
145200904,Health Economics,26,6,8,2016,2018,2,2016,2,"{2016: 7, 2018: 1}",Chloramphenicol or ampicillin plus gentamicin for the treatment of very severe pneumonia
191005381,Defence and Peace Economics,27,5,7,2013,2015,2,2015,2,"{2013: 1, 2014: 4, 2015: 2}",Does Military Spending Explode External Debt in Pakistan?
57667410,Annals of Operations Research,186,1,28,2009,2011,2,2011,2,"{2009: 1, 2010: 6, 2011: 21}",Testing successive regression approximations by large-scale two-stage problems
149070780,Production and Operations Management,32,5,15,2021,2023,2,2023,2,"{2021: 2, 2022: 12, 2023: 1}",Managing pandemics: A POM perspective and directions for future research
191005381,Defence and Peace Economics,32,4,7,2019,2021,2,2019,2,"{2019: 5, 2020: 1, 2021: 1}",Illicit Small Arms Prices: Introducing Two New Datasets
169699294,Accounting Education,28,2,5,2017,2019,2,2019,2,"{2017: 2, 2018: 2, 2019: 1}","RMIT accounting educators’ conference: 2016 ‘accounting education what it is, and what it is not’"
185905316,The Journal of Technology Transfer,42,1,11,2014,2016,2,2016,2,"{2014: 1, 2015: 5, 2016: 5}",The use of technology platforms as a policy tool to address research challenges and technology transfer
105799767,European Journal of the History of Economic Thought,23,2,11,2014,2016,2,2016,2,"{2014: 6, 2016: 5}","Economics and Other Branches – In the Shade of the Oak Tree: Essays in Honour of Pascal Bridel, edited by Roberto Baranzini and François Allison | Money as Organization, Gustavo del Vecchio's Theory, by G. Tusset"
31748134,Industrial Marketing Management,37,2,11,2006,2008,2,2008,2,"{2006: 2, 2007: 8, 2008: 1}",Industrial Marketing Management
180061323,The Review of Economics and Statistics,92,4,24,2008,2010,2,2010,2,"{2008: 1, 2010: 23}",Global Trade and the Maritime Transport Revolution
184816971,International Journal of Production Economics,140,2,41,2010,2012,2,2012,2,"{2010: 2, 2011: 17, 2012: 22}",A note on analytic calculation of planned lead times for assembly systems under POQ policy and service level constraint | Investment planning in electricity production under CO2 price uncertainty
49389958,Econometric Theory,40,3,7,2022,2024,2,2022,2,"{2022: 6, 2024: 1}",THE <i>ECONOMETRIC THEORY</i> AWARDS 2024
105799767,European Journal of the History of Economic Thought,21,3,12,2012,2014,2,2014,2,"{2012: 6, 2014: 6}",From bounties on exportation to the natural and market price of labour: Smith versus Ricardo | The instability principle revisited: an essay in Harrodian dynamics
36178057,Economics Letters,110,3,30,2008,2010,2,2010,2,"{2008: 1, 2010: 29}",Does Relative Income Matter for the Very Poor? Evidence from Rural Ethiopia
57667410,Annals of Operations Research,299,1-2,50,2019,2021,2,2019,2,"{2019: 37, 2020: 12, 2021: 1}",Preface: recent developments in financial modelling and risk management
101209419,Journal of Development Economics,92,2,12,2007,2009,2,2009,2,"{2007: 1, 2009: 11}","Human Capital, Economic Growth, and Regional Inequality in China"
49396926,Thunderbird International Business Review,63,2,12,2019,2021,2,2021,2,"{2019: 1, 2020: 10, 2021: 1}",Rituals of opening ceremonies of overseas manufacturing facilities of multinational corporations in Russia
44585919,Journal of Economic Dynamics and Control,34,5,12,2008,2010,2,2010,2,"{2008: 1, 2009: 3, 2010: 8}",Monetary Persistence and the Labor Market: A New Perspective
184816971,International Journal of Production Economics,146,2,35,2011,2013,2,2013,2,"{2011: 1, 2012: 3, 2013: 31}",Assessing the environmental footprint of manufactured products: A survey of current literature
23254222,American Economic Review,104,2,12,2012,2014,2,2014,2,"{2012: 1, 2014: 11}",Tracing Value-Added and Double Counting in Gross Exports
199447588,Journal of Public Economics,91,5-6,14,2005,2007,2,2007,2,"{2005: 1, 2006: 7, 2007: 6}",Sharing Budgetary Austerity Under Free Mobility and Asymmetric Information: An Optimal Regulation Approach to Fiscal Federalism
184816971,International Journal of Production Economics,139,1,37,2010,2012,2,2012,2,"{2010: 1, 2011: 14, 2012: 22}",Channel bargaining with risk-averse retailer
9435936,Long Range Planning,46,6,5,2011,2013,2,2013,2,"{2011: 2, 2013: 3}","Competing Business Models, Value Creation and Appropriation in English Football | Corporate Business Model Transformation and Inter-Organizational Cognition: The Case of Nokia"
108845946,Economica,78,310,16,2009,2011,2,2009,2,"{2009: 9, 2010: 1, 2011: 6}",Where to Draw Lines: Stability Versus Efficiency
173807628,International Journal of Consumer Studies,31,1,15,2005,2007,2,2007,2,"{2005: 5, 2006: 6, 2007: 4}","Interpretative Consumer Research: Paradigms, Methodologies and Applications | Home Economics Science and Arts: Managing Sustainable Everyday Life"
4210171597,Accounting and Finance,59,S1,19,2017,2019,2,2017,2,"{2017: 8, 2018: 8, 2019: 3}",Performance attribution of mutual funds in India: outperformance or mis‐representation? | Modelling momentum winner/loser asymmetry: the sources of winner and loser returns in the ASX200 and S&amp;P500
166264140,Emerging Markets Finance and Trade,57,7,18,2019,2021,2,2019,2,"{2019: 8, 2020: 6, 2021: 4}",Stock Market Volatility Spillovers in G7 and BRIC | Convergence Analysis of Chinese Corporations’ Debt Leverage Utilizing the Nonlinear Time-varying Factor Model
149070780,Production and Operations Management,33,2,12,2022,2024,2,2024,2,"{2022: 1, 2023: 1, 2024: 10}",Financial Sustainability of IoT Platforms: The Role of Quality and Security
115237062,Journal of Economics & Management Strategy,13,1,8,2002,2004,2,2004,2,"{2002: 1, 2004: 7}",Vertical Networks and US Auto Parts Exports: Is Japan Different?
102896891,Psychology and Marketing,38,2,11,2019,2021,2,2021,2,"{2019: 3, 2020: 6, 2021: 2}","Addressing the sins of consumer psychology via the evolutionary lens | Evolutionary psychology in marketing: Deep, debated, but fancier with fieldwork"
23254222,American Economic Review,92,5,24,2000,2002,2,2002,2,"{2000: 1, 2002: 23}",Winning Isn't Everything: Corruption in Sumo Wrestling
149339240,Eastern European Economics,43,5,5,2003,2005,2,2005,2,"{2003: 1, 2005: 4}",The Role of Tax Depreciation for Investment Decisions: A Comparison of European Transition Countries
101788309,Papers of the Regional Science Association,96,3,12,2015,2017,2,2017,2,"{2015: 4, 2016: 6, 2017: 2}",Cities in Global Capitalism | Handbook on the Geographies of Innovation
107183665,Journal of service management,31,4,11,2018,2020,2,2020,2,"{2018: 1, 2019: 2, 2020: 8}",The role of social incompatibility in customer discomfort
161221442,Abacus,59,1,15,2021,2023,2,2023,2,"{2021: 1, 2022: 10, 2023: 4}",Corporate Innovation and Disclosure Strategy
101788309,Papers of the Regional Science Association,92,3,16,2011,2013,2,2013,2,"{2011: 1, 2012: 11, 2013: 4}","Urban spatial structure, agglomeration economies, and economic growth in Barcelona: An intra‐metropolitan perspective"
4210176348,Journal of Science and Technology Policy Management,15,3,10,2021,2023,2,2023,2,"{2021: 3, 2022: 5, 2023: 2}",Hotel room access control: an NFC approach ecotourism framework | Impact of R&amp;D expenditure on economic growth: evidence from emerging economies
170231156,International Journal of Entrepreneurial Behaviour & Research,29,4,10,2021,2023,2,2023,2,"{2021: 2, 2022: 3, 2023: 5}",Quality evaluation model of artificial intelligence service for startups | Next-generation business models for artificial intelligence start-ups in the healthcare industry
57667410,Annals of Operations Research,251,1-2,23,2015,2017,2,2015,2,"{2015: 22, 2017: 1}","Preface: Multiple criteria optimization and goal programming in science, engineering, and social sciences"
57667410,Annals of Operations Research,289,2,20,2018,2020,2,2020,2,"{2018: 1, 2019: 6, 2020: 13}",A generalized proximal linearized algorithm for DC functions with application to the optimal size of the firm problem
26073974,Oxford Economic Papers,74,3,13,2019,2021,2,2021,2,"{2019: 1, 2021: 12}",Inflation Trends in Asia: Implications for Central Banks
85739584,Journal of Applied Econometrics,36,3,4,2019,2021,2,2021,2,"{2019: 1, 2020: 1, 2021: 2}",Measuring global economic activity
192266589,Group & Organization Management,49,4,8,2022,2024,2,2022,2,"{2022: 5, 2023: 2, 2024: 1}","Riddle Me This: What Do Leader Green Behaviors, Inclusion, and Workplace Gossip Have in Common? They are GOM’s 2024 Best Papers!"
37173775,European Journal of Law and Economics,34,2,13,2010,2012,2,2010,2,"{2010: 6, 2011: 3, 2012: 4}",Pamela Hölbling: Wie viel Staat vertragen Eltern? Systematische Entfaltung eines gestuften Maßnahmenkonzepts vor dem Hintergrund des Eltergrundrechts | Joseph A. Conti: Between law and diplomacy
28882882,Organization Studies,45,1,7,2022,2024,2,2024,2,"{2022: 2, 2023: 4, 2024: 1}",Organizing Sustainably: Introduction to the Special Issue
101788309,Papers of the Regional Science Association,92,1,16,2011,2013,2,2013,2,"{2011: 9, 2013: 7}",Platforms of innovation: Dynamics of new industrial knowledge flows | Entrepreneurship and innovation in second tier regions
23254222,American Economic Review,98,1,21,2006,2008,2,2008,2,"{2006: 1, 2008: 20}",Female Socialization: How Daughters Affect Their Legislator Fathers' Voting on Women's Issues
43415676,Journal of Strategic Marketing,28,4,7,2018,2020,2,2018,2,"{2018: 5, 2019: 1, 2020: 1}",Synchronizing relational benefits with customer commitment profiles
184126201,British Journal of Management,28,3,12,2015,2017,2,2017,2,"{2015: 1, 2016: 4, 2017: 7}",The Chimera of Sustainable Labour–Management Partnership
168273071,International Review of Economics & Finance,15,1,10,2004,2006,2,2004,2,"{2004: 9, 2006: 1}","Ross Cressman, Evolutionary Dynamics and Extensive Form Games, MIT Press, Cambridge, MA (2003)"
1076045,Culture and Organization,25,5,7,2016,2018,2,2016,2,"{2016: 2, 2017: 4, 2018: 1}",New ways of working (NWW): work space and cultural change in virtualizing organizations
149070780,Production and Operations Management,30,6,25,2019,2021,2,2021,2,"{2019: 3, 2020: 17, 2021: 5}",A Review of Flexible Processes and Operations | Recent Modeling and Analytical Advances in Hospital Inpatient Flow Management
178258306,Empirical Economics,58,6,19,2018,2020,2,2018,2,"{2018: 6, 2019: 12, 2020: 1}","Inequality, redistribution, and growth: new evidence on the trade-off between equality and efficiency"
11782782,Australasian Marketing Journal (AMJ),31,2,8,2021,2023,2,2021,2,"{2021: 6, 2022: 1, 2023: 1}",Theoretical Advances in Service Breakdown Prevention and Recovery: Rich Service Enactment to Improve Server-Client Interactions and Outcomes
101209419,Journal of Development Economics,91,1,14,2007,2009,2,2009,2,"{2007: 1, 2008: 1, 2009: 12}",The Formal Sector Wage Premium and Firm Size
175759345,Economic Development Quarterly,28,4,12,2012,2014,2,2014,2,"{2012: 1, 2014: 11}",Beyond the Deal
203746597,The Annals of Regional Science,60,3,8,2015,2017,2,2017,2,"{2015: 3, 2016: 4, 2017: 1}",Innovative potential for development of Europe’s neighbouring countries and regions
122073985,The Journal of Economic History,73,3,25,2011,2013,2,2013,2,"{2011: 1, 2013: 24}",American Incomes Before and After the Revolution
81022070,Journal of Policy Modeling,43,2,13,2019,2021,2,2021,2,"{2019: 1, 2020: 8, 2021: 4}",Unemployment and education mismatch in the EU before and after the financial crisis
108845946,Economica,78,311,15,2009,2011,2,2009,2,"{2009: 7, 2010: 1, 2011: 7}",The Distribution of Top Earnings in the UK since the Second World War
130699561,Technology Analysis and Strategic Management,36,12,55,2022,2024,2,2022,2,"{2022: 1, 2023: 53, 2024: 1}",E-government and petty corruption in public sector service delivery
2764810659,Journal of Small Business & Entrepreneurship,35,1,8,2020,2022,2,2020,2,"{2020: 1, 2021: 5, 2022: 2}",Perception des femmes entrepreneures face aux exigences de garanties des organismes de crédits au Sénégal: quelle influence des réseaux d’affaires
165253824,Scandinavian Journal of Economics,121,2,15,2017,2019,2,2017,2,"{2017: 10, 2018: 4, 2019: 1}",Editors’ Report
58879488,Journal of Financial Regulation and Compliance,32,2,7,2022,2024,2,2024,2,"{2022: 1, 2024: 6}",Consumer adoption intention toward FinTech services in a bank-based financial system in Vietnam
201675752,Canadian Journal of Administrative Sciences / Revue Canadienne des Sciences de l Administration,35,3,12,2016,2018,2,2016,2,"{2016: 1, 2017: 10, 2018: 1}",Dual boundary spanning: Toward a typology of outside‐in open innovation in the Canadian context
201928713,Review of Radical Political Economics,49,2,13,2015,2017,2,2017,2,"{2015: 5, 2016: 6, 2017: 2}",Book Review: A World to Build: New Paths toward Twenty-First Century Socialism | The Viability of Cooperatives: The Fall of the Mondragon Cooperative Fagor
136211407,Ecological Economics,70,7,21,2009,2011,2,2011,2,"{2009: 1, 2010: 4, 2011: 16}","Water scarcity, social power and the production of an elite suburb"
199447588,Journal of Public Economics,93,9-10,10,2007,2009,2,2009,2,"{2007: 1, 2009: 9}",Incorporating Affirmative Action into the Welfare State
207176912,Journal of Foodservice Business Research,7,4,8,2004,2006,2,2004,2,"{2004: 1, 2006: 7}",Hospitality financial management in today's environment.
120991925,Telecommunications Policy,46,2,11,2020,2022,2,2022,2,"{2020: 3, 2021: 7, 2022: 1}",China 5G: Opportunities and Challenges
11853582,Review of Accounting Studies,14,4,6,2007,2009,2,2009,2,"{2007: 2, 2008: 3, 2009: 1}",The pricing of earnings and cash flows and an affirmation of accrual accounting
39841227,International Journal of Forecasting,33,2,17,2015,2017,2,2017,2,"{2015: 1, 2017: 16}",Comment on “How Biased are US Government Forecasts of the Federal Debt?”
50366009,Urban Studies,46,9,18,2007,2009,2,2009,2,"{2007: 1, 2009: 17}",Ethnic Identity and Immigrant Homeownership
5353659,The Journal of Finance,63,1,12,2006,2008,2,2008,2,"{2006: 1, 2008: 11}",Competition for Order Flow and Smart Order Routing Systems
201928713,Review of Radical Political Economics,50,1,18,2016,2018,2,2018,2,"{2016: 5, 2017: 11, 2018: 2}",Books Received (Current as of Spring 2018) | List of Reviewers 2017
2764557015,Journal of Islamic Economics Banking and Finance,13,1,13,2015,2017,2,2017,2,"{2015: 1, 2017: 12}",Welfare Potential of Zakat : An Attempt to Estimate Economy Wide Zakat Collection in Pakistan
168273071,International Review of Economics & Finance,16,2,13,2005,2007,2,2005,2,"{2005: 10, 2006: 2, 2007: 1}","Paul De Grauwe and Marianna Grimaldi, The exchange rate in a behavioral finance framework, Princeton University Press (2006)"
116483603,Journal of Risk & Insurance,85,2,13,2016,2018,2,2016,2,"{2016: 5, 2017: 3, 2018: 5}",Multivariate Almost Stochastic Dominance | ON THE ROBUSTNESS OF HIGHER ORDER RISK PREFERENCES
57667410,Annals of Operations Research,245,1-2,21,2014,2016,2,2014,2,"{2014: 14, 2015: 6, 2016: 1}",Multiple criteria decision making and economics: an introduction
174413665,Review of Income and Wealth,58,4,13,2010,2012,2,2012,2,"{2010: 1, 2011: 2, 2012: 10}",Understanding Rising Income Inequality in Germany
9731383,Research Policy,51,9,18,2020,2022,2,2022,2,"{2020: 3, 2021: 9, 2022: 6}","The formal institutional context of informal entrepreneurship: A cross-national, configurational-based perspective | Does light touch cluster policy work? Evaluating the tech city programme"
35298862,Journal of Macromarketing,44,2,24,2022,2024,2,2024,2,"{2022: 1, 2023: 9, 2024: 14}",Getting Things Right; Diagnose and Design in The Evolution of Community Provisioning Systems
108845946,Economica,71,283,17,2002,2004,2,2004,2,"{2002: 1, 2004: 16}",Settlement in Tax Evasion Prosecution
76633192,Journal of Business Ethics,156,1,20,2017,2019,2,2017,2,"{2017: 17, 2018: 2, 2019: 1}",Review of Private Government: How Employers Rule Our Lives (and Why We Don’t Talk About It) by Elizabeth Anderson
37173775,European Journal of Law and Economics,35,2,7,2011,2013,2,2011,2,"{2011: 4, 2012: 1, 2013: 2}",A property rights view of multi-unit franchising
37376905,Journal of Public Policy & Marketing,37,1,14,2016,2018,2,2018,2,"{2016: 1, 2017: 3, 2018: 10}",Best in Class or Simply the Best? The Impact of Absolute versus Relative Ecolabeling Approaches
131852005,European Financial Management,19,5,8,2011,2013,2,2013,2,"{2011: 5, 2012: 1, 2013: 2}",Risk Management for Italian Non‐Financial Firms: Currency and Interest Rate Exposure
180061323,The Review of Economics and Statistics,95,3,20,2010,2012,2,2012,2,"{2010: 1, 2012: 19}",Optimal Use of Labor Market Policies: The Role of Job Search Assistance
127742747,Journal of Econometrics,232,2,14,2021,2023,2,2021,2,"{2021: 12, 2022: 1, 2023: 1}",Cluster-robust inference: A guide to empirical practice
117460449,Asia Pacific Business Review,30,4,14,2022,2024,2,2022,2,"{2022: 9, 2023: 3, 2024: 2}","Professor Gordon Redding, 20 May 1937–17 February 2024 | Beyond the gender gap in Japan"
184126201,British Journal of Management,26,3,13,2013,2015,2,2015,2,"{2013: 1, 2014: 3, 2015: 9}",Off to Plan or Out to Lunch? Relationships between Design Characteristics and Outcomes of Strategy Workshops
57667410,Annals of Operations Research,311,2,32,2020,2022,2,2020,2,"{2020: 24, 2021: 7, 2022: 1}",Recent advances in multiobjective optimization
38024979,Journal of International Business Studies,52,8,10,2019,2021,2,2021,2,"{2019: 2, 2020: 2, 2021: 6}",Acting on anger: Cultural value moderators of the effects of consumer animosity | Managerial metric use in marketing decisions across 16 countries: A cultural perspective
124549413,Journal of Economic Surveys,26,4,9,2010,2012,2,2010,2,"{2010: 4, 2011: 4, 2012: 1}","Professor Halbert L. White, 1950–2012"
43637407,R and D Management,48,1,11,2015,2017,2,2017,2,"{2015: 2, 2016: 2, 2017: 7}",University patenting and technology commercialization – legal frameworks and the importance of local practice | Positioning <scp>UK</scp> research and technology organizations as outward‐facing technology‐bases
131852005,European Financial Management,18,4,9,2010,2012,2,2010,2,"{2010: 8, 2012: 1}",Trends in Financial Innovation and their Welfare Impact: an Overview
138645024,Journal of Comparative Economics,46,1,21,2016,2018,2,2018,2,"{2016: 3, 2017: 17, 2018: 1}",Labor reallocation and demographics
143995394,Journal of World Business,54,4,14,2017,2019,2,2019,2,"{2017: 1, 2018: 4, 2019: 9}",Beyond merger syndrome and cultural differences: New avenues for research on the “human side” of global mergers and acquisitions (M&amp;As)
2737535994,Contaduría y Administración,63,3,19,2018,2020,2,2018,2,"{2018: 18, 2020: 1}",Impacto de los precios de los metales en la estructura de capital de las empresas minero-metalúrgicas en América Latina (2004-2014)
6450948,Issues in Accounting Education,32,2,8,2015,2017,2,2017,2,"{2015: 1, 2016: 6, 2017: 1}","Active Learning, Cooperative Active Learning, and Passive Learning Methods in an Accounting Information Systems Course"
116483603,Journal of Risk & Insurance,79,1,12,2010,2012,2,2012,2,"{2010: 5, 2011: 6, 2012: 1}",<scp><i>At War With the Weather: Managing Large‐Scale Risks in a New Era of Catastrophes</i> by Howard C. Kunreuther and Erwann O. Michel‐Kerjan</scp>
66524056,Journal of Business Economics and Management,15,5,16,2012,2014,2,2014,2,"{2012: 1, 2014: 15}",REQUIREMENTS ON THE COMPETENCE OF ICT MANAGERS AND THEIR COVERAGE BY THE EDUCATIONAL SYSTEM – EXPERIENCE IN THE CZECH REPUBLIC
99990550,Journal of Consumer Policy,43,2,11,2018,2020,2,2020,2,"{2018: 2, 2019: 4, 2020: 5}",Evidence from Retail Food Markets That Consumers Are Confused by Natural and Organic Food Labels | Quality Labelling for Re-used ICT Equipment to Support Consumer Choice in the Circular Economy
163534328,Marketing Science,29,1,16,2008,2010,2,2010,2,"{2008: 1, 2009: 13, 2010: 2}",A Larger Slice or a Larger Pie? An Empirical Investigation of Bargaining Power in the Distribution Channel
84664706,Personnel Psychology,70,2,11,2015,2017,2,2017,2,"{2015: 2, 2016: 3, 2017: 6}",Boundaryless LMX: Examining LMX's Impact on External Career Outcomes and Alumni Goodwill | Linking Developmental Experiences to Leader Effectiveness and Promotability: The Mediating Role of Leadership Self‐Efficacy and Mentor Network
50366009,Urban Studies,60,8,11,2021,2023,2,2023,2,"{2021: 7, 2022: 3, 2023: 1}",Urban public health emergencies and the COVID-19 pandemic. Part 1: Social and spatial inequalities in the COVID-city
120991925,Telecommunications Policy,37,6-7,15,2011,2013,2,2013,2,"{2011: 2, 2013: 13}",Book Review | Book Review
78792899,Journal of Small Business Management,53,3,14,2013,2015,2,2013,2,"{2013: 6, 2015: 8}","International Corporate Entrepreneurship among SMEs: A Test of Stevenson's Notion of Entrepreneurial Management | Satisfaction with Past Financial Performance, Risk Taking, and Future Performance Expectations in the Family Business"
23218617,Journal of International Trade & Economic Development,23,6,8,2011,2013,2,2013,2,"{2011: 1, 2012: 1, 2013: 6}","The skill premium and economic growth with costly investment, complementarities and international technological-knowledge diffusion"
44376543,Business & Society,57,7,8,2016,2018,2,2016,2,"{2016: 7, 2018: 1}",What Makes For an Exemplary Contribution? Introducing the <i>Business &amp; Society</i> Best Article Award
145507837,Industrial and Corporate Change,25,1,9,2014,2016,2,2016,2,"{2014: 1, 2015: 3, 2016: 5}",Corporate social responsibility and profit volatility: theory and empirical evidence
76633192,Journal of Business Ethics,151,4,17,2016,2018,2,2016,2,"{2016: 8, 2017: 7, 2018: 2}",Leadership and the Creation of Corporate Social Responsibility: An Introduction to the Special Issue | How Perceived Corporate Social Responsibility Affects Employee Cynicism: The Mediating Role of Organizational Trust
107036887,Asia Pacific Journal of Management,29,4,16,2010,2012,2,2010,2,"{2010: 7, 2011: 6, 2012: 3}",Indigenous research on Asia: In search of the emic components of guanxi | Continuing the progress at the Asia Pacific Journal of Management
187626162,Entrepreneurship Theory and Practice,39,3,11,2013,2015,2,2013,2,"{2013: 9, 2014: 1, 2015: 1}",Struggling with Market Entry and Expansion: Parlance Communications in Mexico
42678134,Journal of Hospitality & Tourism Research,40,6,5,2013,2015,2,2013,2,"{2013: 1, 2014: 3, 2015: 1}",Illegitimate Customer Complaining Behavior in Hospitality Service Encounters
17986141,Journal of Management Inquiry,30,3,10,2019,2021,2,2021,2,"{2019: 3, 2020: 4, 2021: 3}",Diversity Management: A Critical Review and Agenda for the Future | Reflections on the Role of Bemusement in Institutional Disruption
149131268,Journal of Economic Theory,147,4,16,2010,2012,2,2012,2,"{2010: 3, 2011: 11, 2012: 2}",Ethically robust comparisons of bidimensional distributions with an ordinal attribute | Introduction to inequality and risk
149070780,Production and Operations Management,22,6,19,2011,2013,2,2013,2,"{2011: 1, 2012: 8, 2013: 10}",Operational Entrepreneurship: How Operations Management Research Can Advance Entrepreneurship
4210172902,Journal of Institutional and Theoretical Economics JITE,160,2,11,2002,2004,2,2004,2,"{2002: 1, 2004: 10}","Social Evolution, Corporate Culture, and Exploitation"
37376905,Journal of Public Policy & Marketing,36,1,14,2015,2017,2,2017,2,"{2015: 2, 2016: 7, 2017: 5}","The Impact of E-Cigarette Addiction Warnings and Health-Related Claims on Consumers’ Risk Beliefs and Use Intentions | Activating Consumers for Better Service Coproduction outcomes through Eustress: The Interplay of Firm-Assigned Workload, Service Literacy, and Organizational Support"
201533460,Applied Economics,42,30,10,2008,2010,2,2008,2,"{2008: 2, 2009: 7, 2010: 1}",Stochastic optimization applied to self-financing portfolio: does bequest matter?
107036887,Asia Pacific Journal of Management,29,2,17,2010,2012,2,2010,2,"{2010: 7, 2011: 3, 2012: 7}","Leaders’ social ties, knowledge acquisition capability and firm competitive advantage | Leadership research in Asia: A brief assessment and suggestions for the future"
37173775,European Journal of Law and Economics,48,1,8,2017,2019,2,2019,2,"{2017: 1, 2018: 4, 2019: 3}",Do we need behavioral economics to explain law?
149131268,Journal of Economic Theory,145,2,14,2008,2010,2,2010,2,"{2008: 1, 2009: 9, 2010: 4}",Aggregation of binary evaluations
9435936,Long Range Planning,55,2,10,2019,2021,2,2021,2,"{2019: 1, 2020: 5, 2021: 4}",The dual effect of board gender diversity on R&amp;D investments
184239247,Labour,19,3,7,2003,2005,2,2005,2,"{2003: 1, 2005: 6}","The Impact of Growth, Labour Cost and Working Time on Employment: Lessons from the French Experience"
162611689,Business Economics,59,1,11,2022,2024,2,2024,2,"{2022: 2, 2023: 5, 2024: 4}",Journey in the change of consciousness toward sustainability | Macau's sustainability and diversification
57667410,Annals of Operations Research,318,2,17,2020,2022,2,2022,2,"{2020: 1, 2021: 8, 2022: 8}",Characterizing NTU-bankruptcy rules using bargaining axioms
171491724,Journal of Economics and Finance,38,4,11,2012,2014,2,2012,2,"{2012: 8, 2013: 2, 2014: 1}",An exploratory empirical inquiry into the impact of federal budget deficits on the ex post real interest rate yield on ten year Treasury notes over the last half century
78792899,Journal of Small Business Management,56,4,8,2016,2018,2,2016,2,"{2016: 5, 2017: 1, 2018: 2}",Measuring Nonprofit Incubator Performance: Toward an Adapted Balanced Scorecard Approach
7424199,Public Choice,154,3-4,13,2011,2013,2,2011,2,"{2011: 6, 2012: 4, 2013: 3}",Editorial announcement | Democracy and countries with Muslim majorities: a reply and update
82316188,European Journal of Finance,26,10,6,2018,2020,2,2020,2,"{2018: 2, 2019: 3, 2020: 1}",Banks and financial markets in times of uncertainty
37173775,European Journal of Law and Economics,38,2,7,2012,2014,2,2012,2,"{2012: 6, 2014: 1}",The color of law: an economic theory of legal boundaries
165253824,Scandinavian Journal of Economics,127,2,6,2022,2024,2,2024,2,"{2022: 1, 2024: 5}",Estimating the Laffer Tax Rate on Capital Income: Cross-Base Responses Matter!
579031,Economic Theory,50,2,9,2010,2012,2,2010,2,"{2010: 8, 2012: 1}",A one-shot proof of Arrow’s impossibility theorem
57667410,Annals of Operations Research,255,1-2,30,2015,2017,2,2015,2,"{2015: 15, 2016: 14, 2017: 1}",Energy economics and climate policy modeling
107325288,Social Choice and Welfare,48,1,12,2015,2017,2,2017,2,"{2015: 3, 2016: 7, 2017: 2}",Introduction to the special issue in honor of William Thomson | Sharing an increase of the rent fairly
149240962,Journal of Financial Economics,147,2,9,2020,2022,2,2022,2,"{2020: 1, 2022: 8}",The Distributional Effects of Student Loan Forgiveness
191005381,Defence and Peace Economics,30,5,7,2017,2019,2,2017,2,"{2017: 4, 2018: 2, 2019: 1}","Book review of ""Terrorism: What everyone needs to know"" by Todd Sandler"
206615888,Economic Inquiry,51,1,60,2010,2012,2,2012,2,"{2010: 7, 2011: 14, 2012: 39}",LIVING IN TWO NEIGHBORHOODS—SOCIAL INTERACTION EFFECTS IN THE LABORATORY | U.S. COMMERCIAL BANK LENDING THROUGH 2008:Q4: NEW EVIDENCE FROM GROSS CREDIT FLOWS
203746597,The Annals of Regional Science,60,1,10,2015,2017,2,2017,2,"{2015: 2, 2016: 1, 2017: 7}",Spatiotemporal analysis of German real-estate prices
203860005,The Quarterly Journal of Economics,117,1,9,2000,2002,2,2002,2,"{2000: 1, 2002: 8}",The Regulation of Entry
201731998,Local Economy The Journal of the Local Economy Policy Unit,18,2,18,2001,2003,2,2003,2,"{2001: 6, 2003: 12}","In Perspectives | Review of Business Services by Wood, P. (ed.) 2002: Consultancy and Innovation: The Business Service Revolution in Europe. London: Routledge, £75.00, ISBN 1-84142-005-0, 370 pages."
120991925,Telecommunications Policy,39,1,8,2013,2015,2,2015,2,"{2013: 2, 2014: 2, 2015: 4}",Book Review | Book Review
202934171,Journal of Mathematical Economics,46,4,22,2008,2010,2,2010,2,"{2008: 2, 2009: 2, 2010: 18}",Singular games in | Generic finiteness of equilibrium payoffs for bimatrix games
81022070,Journal of Policy Modeling,35,4,12,2011,2013,2,2013,2,"{2011: 1, 2012: 6, 2013: 5}",Towards an efficient stock market: Empirical evidence from the Indian market
134988049,Econometric Reviews,37,10,7,2016,2018,2,2016,2,"{2016: 6, 2018: 1}",List of Referees
192266589,Group & Organization Management,43,6,7,2016,2018,2,2018,2,"{2016: 6, 2018: 1}","Riddle Me This: What Do Mergers and Acquisitions, Remote Workers, Management M-Theory, Empowered Leadership, Competitive Human Resource Practices, and Positivity Within Dynamic Teams Have in Common? Answer: Outstanding 2017 <i>GOM</i> Articles"
205793605,Business Strategy and the Environment,25,6,5,2014,2016,2,2014,2,"{2014: 1, 2015: 3, 2016: 1}",Corporate Ownership and Environmental Proactivity
165058066,Resource and Energy Economics,35,4,12,2011,2013,2,2013,2,"{2011: 1, 2012: 1, 2013: 10}",Optimal Emission-Extraction Policy in a World of Scarcity and Irreversibility
42678134,Journal of Hospitality & Tourism Research,39,2,7,2013,2015,2,2013,2,"{2013: 6, 2015: 1}",Memorial
2058785,Journal of money credit and banking,45,8,9,2011,2013,2,2013,2,"{2011: 1, 2013: 8}","Technology, Utilization and Inflation: What Drives the New Keynesian Phillips Curve?"
16296580,Southern Economic Journal,81,3,32,2013,2015,2,2015,2,"{2013: 3, 2014: 10, 2015: 19}",Creative Destruction and Optimal Patent Life in a Variety‐Expanding Growth Model | Local Intergovernmental Competition and the Law of 1/<i>n</i>
149070780,Production and Operations Management,22,4,17,2011,2013,2,2013,2,"{2011: 1, 2012: 8, 2013: 8}",How Does Product Recovery Affect Quality Choice?
88935262,The Review of Economic Studies,74,2,9,2005,2007,2,2007,2,"{2005: 1, 2007: 8}",Collective Labour Supply: Heterogeneity and Non-Participation
16296580,Southern Economic Journal,74,2,17,2005,2007,2,2007,2,"{2005: 1, 2007: 16}",Is Marriage Poisonous? Are Relationships Taxing? An Analysis of the Male Marital Wage Differential in Denmark
18095783,Journal of Business and Economic Statistics,35,2,12,2015,2017,2,2015,2,"{2015: 7, 2016: 3, 2017: 2}",Testing for Threshold Diffusion | Guest Editors’ Introduction: Regime Switching and Threshold Models
4210181832,Total Quality Management & Business Excellence,31,15-16,14,2016,2018,2,2018,2,"{2016: 1, 2018: 13}",Addendum
136661304,Managerial Auditing Journal,36,1,7,2019,2021,2,2021,2,"{2019: 2, 2020: 1, 2021: 4}",The role of the Big 4 and second-tier international networks in redeveloping China’s audit market
120991925,Telecommunications Policy,37,1,7,2011,2013,2,2013,2,"{2011: 1, 2012: 5, 2013: 1}",Book Review
82262387,Journal of Information Systems,31,2,10,2015,2017,2,2017,2,"{2015: 1, 2016: 5, 2017: 4}","Accounting Information Systems and Ethics Research: Review, Synthesis, and the Future"
184816971,International Journal of Production Economics,144,1,34,2011,2013,2,2013,2,"{2011: 1, 2012: 1, 2013: 32}",Coordination of competing supply chains with news-vendor and buyback contract
100141487,Growth and Change,52,1,28,2019,2021,2,2021,2,"{2019: 2, 2020: 20, 2021: 6}","“One thing leads to another”, but where? – Gateway cities and the geography of production linkages | The brokerage role of small states and territories in global corporate networks"
17986141,Journal of Management Inquiry,30,2,11,2019,2021,2,2021,2,"{2019: 4, 2020: 2, 2021: 5}",“It’s an Ongoing Bromance”: Counterculture and Cyberculture in Silicon Valley—An Interview with Fred Turner | Nimble Scholarship by Necessity
76633192,Journal of Business Ethics,147,4,16,2015,2017,2,2015,2,"{2015: 5, 2016: 4, 2017: 7}",Teaching the Common Good in Business Ethics: A Case Study Approach | Leadership After Virtue: MacIntyre’s Critique of Management Reconsidered
205793605,Business Strategy and the Environment,18,6,5,2007,2009,2,2007,2,"{2007: 4, 2009: 1}",‘Collaborative engagement for sustainability in the Asia Pacific region’
176795851,Journal of Macroeconomics,34,1,18,2010,2012,2,2012,2,"{2010: 2, 2011: 15, 2012: 1}",Introduction to the “Has Macro Progressed?” Special Section
107036887,Asia Pacific Journal of Management,34,1,10,2015,2017,2,2017,2,"{2015: 2, 2016: 7, 2017: 1}",The home country of the MNE: The case of emerging economy firms
158451771,Journal of Marketing Communications,25,7,6,2017,2019,2,2017,2,"{2017: 3, 2018: 1, 2019: 2}",Brand resurrection in an emerging economy
116483603,Journal of Risk & Insurance,85,3,11,2016,2018,2,2016,2,"{2016: 9, 2018: 2}","Loss Coverage: Why Insurance Works Better With Some Adverse Selection, by Guy Thomas, 2017, Cambridge, UK: Cambridge University Press, 274 pages, ISBN: 978‐1‐107‐49590‐6 (Paperback). | Loss Coverage: Why Insurance Works Better with Some Adverse Selection"
57667410,Annals of Operations Research,240,2,15,2013,2015,2,2015,2,"{2013: 5, 2014: 9, 2015: 1}",Emerging production optimization issues in supply chain systems
184351885,Managerial Finance,48,7,6,2020,2022,2,2022,2,"{2020: 2, 2022: 4}",CEO compensation and firm performance in the insurance industry | Pre-announcement merger trading by investment bank-affiliated mutual funds
4210240690,Journal of Asian Business and Economic Studies,31,1,6,2022,2024,2,2024,2,"{2022: 1, 2023: 4, 2024: 1}",A study on the nonlinear dynamics of ASEAN financial integration
151404345,Journal of Post Keynesian Economics,45,1,5,2020,2022,2,2022,2,"{2020: 2, 2021: 2, 2022: 1}",Technology and productivity: a critique of aggregate indicators
76633192,Journal of Business Ethics,155,1,22,2017,2019,2,2017,2,"{2017: 20, 2019: 2}",Correction to: Organizational Ethical Virtues of Innovativeness | Reviewers 2018
170231156,International Journal of Entrepreneurial Behaviour & Research,31,2/3,21,2022,2024,2,2024,2,"{2022: 7, 2023: 13, 2024: 1}",The relationship between strategic orientations and firm performance and the role of innovation: a meta-analytic assessment of theoretical models
57667410,Annals of Operations Research,185,1,11,2009,2011,2,2009,2,"{2009: 10, 2011: 1}",Foreword
57667410,Annals of Operations Research,340,1,29,2022,2024,2,2024,2,"{2022: 8, 2023: 10, 2024: 11}",Improving reliability with optimal allocation of maintenance resources: an application to power distribution networks | Measuring the system resilience of project portfolio network considering risk propagation
174413665,Review of Income and Wealth,60,3,9,2012,2014,2,2014,2,"{2012: 2, 2013: 4, 2014: 3}","The Impact of a Marginal Subsidy on <scp>G</scp>ini Indices | Broke, Ill, and Obese: Is There an Effect of Household Debt on Health?"
23343376,International Business Review,33,3,15,2022,2024,2,2024,2,"{2022: 1, 2023: 4, 2024: 10}",More policy is not always effective policy: How policy coherence affects firm internationalization
166264140,Emerging Markets Finance and Trade,57,4,17,2019,2021,2,2019,2,"{2019: 16, 2021: 1}",Political Background and Household Financial Asset Allocation in China
125273398,The Quarterly Review of Economics and Finance,49,1,8,2006,2008,2,2008,2,"{2006: 1, 2007: 5, 2008: 2}",The weighted average cost of capital is not quite right
101209419,Journal of Development Economics,96,2,22,2008,2010,2,2010,2,"{2008: 1, 2010: 21}",Civil Wars Beyond Their Borders: The Human Capital and Health Consequences of Hosting Refugees
99768379,Management Learning,51,3,8,2018,2020,2,2020,2,"{2018: 3, 2020: 5}",Book review: <i>Values and ethics in coaching</i> | Book review: <i>The work of communication: Relational perspectives on working and organizing in contemporary capitalism</i>
133335107,Mathematical Finance,26,3,11,2014,2016,2,2014,2,"{2014: 9, 2016: 2}",Table of Contents | Editorial Policy
187626162,Entrepreneurship Theory and Practice,37,4,14,2011,2013,2,2013,2,"{2011: 5, 2012: 8, 2013: 1}",Note to Instructors: Susan Murcott and Pure Home Water: Building a Sustainable Mission–Driven Enterprise in Northern Ghana
23254222,American Economic Review,94,4,22,2002,2004,2,2004,2,"{2002: 1, 2004: 21}",The Home Market Effect and Bilateral Trade Patterns
201533460,Applied Economics,53,22,7,2019,2021,2,2021,2,"{2019: 1, 2020: 3, 2021: 3}",How are wage developments passed through to prices in the euro area? Evidence from a BVAR model
185277049,Journal of Banking Regulation,15,2,7,2012,2014,2,2014,2,"{2012: 1, 2013: 3, 2014: 3}",Regulations and bank risk taking in dual banking countries
201533460,Applied Economics,42,11,11,2008,2010,2,2008,2,"{2008: 9, 2009: 1, 2010: 1}",Bounded influence estimator for GARCH models: evidence from foreign exchange rates
105799767,European Journal of the History of Economic Thought,20,4,11,2011,2013,2,2013,2,"{2011: 2, 2012: 3, 2013: 6}",The specificity of manufacturing in Marx's economic thought | Utilitarianism and the role of utility in Adam Smith
130179515,Economic Record,86,273,19,2008,2010,2,2010,2,"{2008: 1, 2009: 5, 2010: 13}",Occupational Segregation and the Gender Wage Gap in Private- and Public-Sector Employment: A Distributional Analysis
2737535994,Contaduría y Administración,64,4,27,2018,2020,2,2018,2,"{2018: 13, 2019: 13, 2020: 1}",Determinantes de la divulgación de información en las universidades Latinoamericanas para un buen gobierno corporativo
84664706,Personnel Psychology,67,1,14,2012,2014,2,2014,2,"{2012: 1, 2013: 6, 2014: 7}",Service Employees’ Reactions to Mistreatment by Customers: A Comparison Between North America and East Asia
127742747,Journal of Econometrics,237,2,31,2021,2023,2,2023,2,"{2021: 6, 2022: 7, 2023: 18}",Beta observation-driven models with exogenous regressors: A joint analysis of realized correlation and leverage effects | CRPS learning
39841227,International Journal of Forecasting,31,3,30,2013,2015,2,2015,2,"{2013: 2, 2014: 9, 2015: 19}","Interpretation and use of sensitivity in econometrics, illustrated with forecast combinations | Comparison of methods for constructing joint confidence bands for impulse response functions"
105799767,European Journal of the History of Economic Thought,21,1,15,2012,2014,2,2014,2,"{2012: 6, 2014: 9}",Negotiating free trade in fact and theory: the diplomacy and doctrine of Condy Raguet | Scholastic just price versus current market price: is it merely a matter of labelling?
2764393121,The American Economist,63,1,15,2016,2018,2,2018,2,"{2016: 1, 2017: 9, 2018: 5}",Investigating Spatial Dependence and Spatial Spillovers in African Agricultural Total Factor Productivity Growth
4210188630,Accounting Perspectives,23,2,7,2022,2024,2,2024,2,"{2022: 1, 2023: 3, 2024: 3}",Public Accounting in China: The Role of Occupational Community within a Globalized Profession*
131852005,European Financial Management,18,5,9,2010,2012,2,2010,2,"{2010: 6, 2011: 2, 2012: 1}","External Financing, Growth and Stock Returns"
78792899,Journal of Small Business Management,54,2,24,2014,2016,2,2016,2,"{2014: 2, 2015: 18, 2016: 4}",Beyond the Formal-Informal Dichotomy of Small Firm Strategy-Making in Stable and Dynamic Environments | Behavioral Criteria for Grounding Entrepreneurship Education and Training Programs: A Validation Study
78792899,Journal of Small Business Management,56,3,10,2016,2018,2,2016,2,"{2016: 6, 2017: 2, 2018: 2}",Commitment Escalation to a Failing Family Business | Unraveling the Perceived Reasons Underlying Entrepreneurs' Retirement Decisions: A Person-Centered Perspective
38350834,Journal of Business Logistics,42,1,11,2019,2021,2,2021,2,"{2019: 1, 2020: 7, 2021: 3}",Blockchain in Additive Manufacturing and its Impact on Supply Chains
174413665,Review of Income and Wealth,56,3,12,2008,2010,2,2010,2,"{2008: 1, 2010: 11}",MEASURING RICHNESS AND POVERTY: A MICRO DATA APPLICATION TO EUROPE AND GERMANY
149070780,Production and Operations Management,29,8,10,2018,2020,2,2020,2,"{2018: 1, 2020: 9}",Dilemma of Data Sharing Alliance: When Do Competing Personalizing and Non‐Personalizing Firms Share Data
170231156,International Journal of Entrepreneurial Behaviour & Research,25,4,10,2017,2019,2,2019,2,"{2017: 1, 2018: 8, 2019: 1}",Beekeeping as a family artisan entrepreneurship business
105799767,European Journal of the History of Economic Thought,23,4,10,2014,2016,2,2016,2,"{2014: 2, 2015: 4, 2016: 4}",How to pay for the war in times of imperfect commitment: Adam Smith and David Ricardo on the sinking fund | Transcendental vs. comparative approaches to justice: a reappraisal of Sen's dichotomy
131852005,European Financial Management,15,2,10,2007,2009,2,2009,2,"{2007: 1, 2008: 4, 2009: 5}",The Euro and the Changing Face of European Banking: Evidence from Mergers and Acquisitions
126936603,International Regional Science Review,37,3,7,2012,2014,2,2012,2,"{2012: 6, 2014: 1}",Contributions to Spatial Econometrics
42678134,Journal of Hospitality & Tourism Research,46,3,10,2019,2021,2,2021,2,"{2019: 2, 2020: 7, 2021: 1}",Introduction to the Special Issue: Nature-Based Solutions in Hospitality and Tourism Management
2764964828,The Journal of Applied Management and Entrepreneurship,18,4,13,2013,2015,2,2013,2,"{2013: 12, 2015: 1}",Toward a conceptual model of the role of entrepreneurship in the family office
165492527,The Economic History Review,73,1,31,2018,2020,2,2020,2,"{2018: 4, 2019: 8, 2020: 19}","The gender division of labour in early modern England | Institutions for the taking: property rights and the settlement of the Cape Colony, 1652–1750"
39841227,International Journal of Forecasting,29,2,12,2011,2013,2,2013,2,"{2011: 1, 2012: 6, 2013: 5}",A strategic forecasting framework for governmental decision-making and planning
4210181832,Total Quality Management & Business Excellence,26,1-2,16,2012,2014,2,2014,2,"{2012: 5, 2013: 6, 2014: 5}",An examination of the effects of quality on customer loyalty: the automobile industry in Taiwan | Capability contingent: the impact of organisational learning styles on innovation performance
126936603,International Regional Science Review,37,2,6,2012,2014,2,2012,2,"{2012: 1, 2013: 1, 2014: 4}",Vector Assignment Ordered Median Problem
149070780,Production and Operations Management,31,1,22,2020,2022,2,2022,2,"{2020: 1, 2021: 19, 2022: 2}",Innovative Technology and Operations for Alleviating Poverty through Women's Economic Empowerment
76633192,Journal of Business Ethics,142,3,15,2015,2017,2,2015,2,"{2015: 11, 2016: 3, 2017: 1}",Virtual Special Issue on Humanities and Business Ethics
66510378,Critical Perspectives on Accounting,25,2,7,2011,2013,2,2013,2,"{2011: 1, 2012: 2, 2013: 4}",Conscious practices and purposive action: A qualitative study of accounting and social change
113497174,Human Resource Management Journal,24,2,7,2012,2014,2,2014,2,"{2012: 1, 2013: 3, 2014: 3}",Explaining variations in absence rates: temporary and agency workers in the food manufacturing sector
57667410,Annals of Operations Research,326,2,11,2021,2023,2,2023,2,"{2021: 2, 2022: 8, 2023: 1}",What is so special about the analytic hierarchy and network process?
57667410,Annals of Operations Research,252,2,12,2015,2017,2,2015,2,"{2015: 5, 2016: 6, 2017: 1}",Preface
178258306,Empirical Economics,28,1,12,2001,2003,2,2003,2,"{2001: 1, 2003: 11}",Sectoral Trends and Cycles in Germany
76440981,Canadian Journal of Economics/Revue canadienne d économique,35,2,10,2000,2002,2,2002,2,"{2000: 1, 2002: 9}",Vertical Product Differentiation and the Import Demand Function: Theory and Evidence
6711363,Journal of Monetary Economics,51,8,10,2002,2004,2,2004,2,"{2002: 1, 2004: 9}",Exchange Rates and Casualties During the First World War
187626162,Entrepreneurship Theory and Practice,39,2,11,2013,2015,2,2013,2,"{2013: 10, 2015: 1}","A Closer Look at Socioemotional Wealth: Its Flows, Stocks, and Prospects for Moving Forward"
121026525,Journal of Evolutionary Economics,25,1,26,2013,2015,2,2015,2,"{2013: 4, 2014: 18, 2015: 4}","Joseph Schumpeter: the long run, and the short | Joseph Schumpeter and John Kenneth Galbraith: two sides of the same coin?"
41869786,Small Business Economics,35,3,8,2008,2010,2,2008,2,"{2008: 5, 2009: 1, 2010: 2}",Determinants of capital structure in Irish SMEs
2898409089,BRQ Business Research Quarterly,25,1,6,2020,2022,2,2020,2,"{2020: 1, 2021: 4, 2022: 1}",Fostering task and adaptive performance through employee well-being: The role of servant leadership
76633192,Journal of Business Ethics,143,1,12,2015,2017,2,2015,2,"{2015: 11, 2017: 1}","Is Quantitative Research Ethical? Tools for Ethically Practicing, Evaluating, and Using Quantitative Research"
23254222,American Economic Review,99,1,21,2007,2009,2,2009,2,"{2007: 1, 2009: 20}",Taxing Capital? Not a Bad Idea After All!
78792899,Journal of Small Business Management,53,2,15,2013,2015,2,2013,2,"{2013: 12, 2014: 2, 2015: 1}","Health Insurance, Job Lock, and the Supply of Self-Employment"
2735890421,The World Bank Economic Review,24,2,7,2010,2012,2,2010,2,"{2010: 6, 2012: 1}",Managing for results in Primary Education in Madagascar
96544531,Applied Economics Letters,26,14,15,2016,2018,2,2018,2,"{2016: 1, 2018: 14}",Does Homeownership Promote Wealth Accumulation?
122073985,The Journal of Economic History,66,4,25,2004,2006,2,2006,2,"{2004: 1, 2006: 24}",Forging a New Identity: The Costs and Benefits of Diversity in Civil War Combat Units for Black Slaves and Freemen
44376543,Business & Society,49,4,8,2008,2010,2,2010,2,"{2008: 2, 2010: 6}",Corporate Social Performance Disoriented: Saving the Lost Paradigm? | An Historical Perspective on the Interplay of Christian Thought and Business Ethics
35673206,International Marketing Review,37,4,10,2018,2020,2,2020,2,"{2018: 2, 2019: 7, 2020: 1}",Cause-related marketing in international business: what works and what does not?
57667410,Annals of Operations Research,179,1,20,2008,2010,2,2008,2,"{2008: 18, 2010: 2}",Preface | A supernodal formulation of vertex colouring with applications in course timetabling
39841227,International Journal of Forecasting,34,2,16,2016,2018,2,2018,2,"{2016: 2, 2017: 7, 2018: 7}","Mining big data using parsimonious factor, machine learning, variable selection and shrinkage methods | Belgian economic policy uncertainty index: Improvement through text mining"
76633192,Journal of Business Ethics,170,1,13,2019,2021,2,2019,2,"{2019: 11, 2021: 2}",Reconnecting to the Social in Business Ethics | Review of The Time Is Now: Developing Leaders for Today's Organizations of Color by Cassandra Y. Owens and Helen J. Owens
23343376,International Business Review,34,1,15,2022,2024,2,2024,2,"{2022: 1, 2023: 2, 2024: 12}",Overly convenient falsehoods and inconvenient truths: Not what leaders thought they would learn
57667410,Annals of Operations Research,233,1,31,2013,2015,2,2013,2,"{2013: 16, 2014: 11, 2015: 4}",Two substitutable perishable product disaster inventory systems | Queues with interruption in random environment
2764393121,The American Economist,65,1,18,2018,2020,2,2020,2,"{2018: 4, 2019: 10, 2020: 4}",Impacts of Real Depreciation and Appreciation on Aggregate Output in Taiwan | Emerging Market Volatility Spillovers
76633192,Journal of Business Ethics,164,2,12,2018,2020,2,2018,2,"{2018: 4, 2019: 6, 2020: 2}",CEO Hubris and Firm Pollution: A Tricky Relationship | Review of Evidence-Based Management: How to Make Better Organizational Decisions by Eric Barends and Denise Rousseau
198098467,Journal of International Economics,90,1,17,2011,2013,2,2013,2,"{2011: 1, 2012: 14, 2013: 2}",What Determines BITs?
38825547,Economic Geography,94,3,9,2016,2018,2,2018,2,"{2016: 1, 2017: 4, 2018: 4}",Remaking Mortgage Markets by Remaking Mortgages: U.S. Housing Finance after the Crisis
57667410,Annals of Operations Research,277,1,8,2017,2019,2,2017,2,"{2017: 5, 2018: 2, 2019: 1}",Preface: reliability and quality management in stochastic systems
196919950,Family Business Review,28,3,6,2013,2015,2,2015,2,"{2013: 1, 2014: 1, 2015: 4}",Mentoring Across Family-Owned Businesses
2764768042,Journal of Economics Finance and Administrative Science,25,50,15,2018,2020,2,2020,2,"{2018: 2, 2020: 13}","Environmental determinants of destination competitiveness and its Tourism Attractions-Basics-Context, A-B-C, indicators | Loss aversion, overconfidence of investors and their impact on market performance evidence from the US stock markets"
39841227,International Journal of Forecasting,31,4,12,2013,2015,2,2015,2,"{2013: 2, 2014: 1, 2015: 9}",Point and Density Forecasts for the Euro Area Using Bayesian VARs
136211407,Ecological Economics,69,7,27,2008,2010,2,2010,2,"{2008: 3, 2009: 5, 2010: 19}",Total embodied energy requirements and its decomposition in China's agricultural sector | Water conservation of forest ecosystem in Beijing and its value
64831726,Journal of Leadership & Organizational Studies,20,1,11,2011,2013,2,2013,2,"{2011: 1, 2012: 9, 2013: 1}",An Improved Measure of Ethical Leadership
76633192,Journal of Business Ethics,153,1,20,2016,2018,2,2016,2,"{2016: 16, 2017: 2, 2018: 2}",Embedding Ethics: Dialogic Partnerships and Communitarian Business Ethics | Practical Wisdom: Management’s No Longer Forgotten Virtue
147692640,Journal of Urban Economics,64,2,22,2006,2008,2,2008,2,"{2006: 2, 2008: 20}",Racial and Ethnic Discrimination in Local Consumer Markets: Exploiting the Army's Procedures for Matching Personnel to Duty Locations | Is Terrorism Eroding Agglomeration Economies in Central Business Districts? Lessons from the Office Real Estate Market in Downtown Chicago
57667410,Annals of Operations Research,252,1,11,2015,2017,2,2015,2,"{2015: 8, 2016: 2, 2017: 1}",Computational methods and applications in queueing theory
200872515,Journal of Environmental Economics and Management,46,3,11,2001,2003,2,2003,2,"{2001: 1, 2003: 10}","Plant Vintage, Technology, and Environmental Regulation"
4210171597,Accounting and Finance,58,S1,21,2016,2018,2,2016,2,"{2016: 2, 2017: 11, 2018: 8}",The implied equity duration when discounting and forecasting parameters are industry specific | Improving equity premium forecasts by incorporating structural break uncertainty
161221442,Abacus,50,2,5,2012,2014,2,2014,2,"{2012: 1, 2014: 4}","‘Different from What Has Hitherto Appeared on this Subject’: <scp>J</scp>ohn <scp>C</scp>lark, Writing Master and Accomptant, 1738"
35298862,Journal of Macromarketing,37,1,10,2015,2017,2,2017,2,"{2015: 2, 2016: 6, 2017: 2}","Building Competing Fashion Textile Fairs in Europe, 1970–2010 | Revisiting Consumer Empowerment"
149070780,Production and Operations Management,34,7,24,2022,2024,2,2024,2,"{2022: 1, 2024: 23}",Water Stress: Opportunities for Supply Chain Research
4210181832,Total Quality Management & Business Excellence,24,3-4,17,2011,2013,2,2013,2,"{2011: 1, 2012: 14, 2013: 2}",The performance of ISO certification based on consumer perspective: A case study of a travel agency
76633192,Journal of Business Ethics,144,2,14,2015,2017,2,2015,2,"{2015: 12, 2016: 1, 2017: 1}",Stories as Artworks: Giving Form to Felt Dignity in Connections at Work
18095783,Journal of Business and Economic Statistics,35,4,10,2015,2017,2,2015,2,"{2015: 9, 2017: 1}",Editorial Collaborators
154010748,Management Decision,60,2,10,2020,2022,2,2022,2,"{2020: 9, 2022: 1}",Analytics for business decisions
170137484,Review of Financial Studies,25,7,8,2010,2012,2,2012,2,"{2010: 1, 2011: 1, 2012: 6}",Rare Disasters and Risk Sharing with Heterogeneous Beliefs
62110574,Review of Quantitative Finance and Accounting,44,3,8,2013,2015,2,2013,2,"{2013: 7, 2015: 1}","Recap of the 24th annual financial economics and accounting conference, November 15–16, 2013"
39307421,Technological Forecasting and Social Change,71,5,8,2002,2004,2,2004,2,"{2002: 1, 2003: 6, 2004: 1}",Agricultural Policy for the 21st Century
206615888,Economic Inquiry,51,2,28,2010,2012,2,2012,2,"{2010: 1, 2011: 4, 2012: 23}",AN EXPERIMENTAL ANALYSIS OF DYNAMIC INCENTIVES TO SHARE KNOWLEDGE
19645890,China Economic Review,23,3,19,2010,2012,2,2012,2,"{2010: 5, 2011: 7, 2012: 7}",Marketing of farmer professional cooperatives in the wave of transformed agrofood market in China | A tale of two countries: Spatial and temporal patterns of rice productivity in China and Brazil
152282257,Journal of Corporate Finance,17,3,25,2009,2011,2,2011,2,"{2009: 2, 2010: 11, 2011: 12}",Firm diversification and the value of corporate cash holdings | Corporate financial and investment policies when future financing is not frictionless
57667410,Annals of Operations Research,300,2,14,2019,2021,2,2021,2,"{2019: 8, 2020: 4, 2021: 2}",Preface: recent advances in knowledge modelling and decision making with uncertainties | Identifying lead users in online user innovation communities based on supernetwork
122073985,The Journal of Economic History,70,1,20,2008,2010,2,2010,2,"{2008: 1, 2010: 19}","Testing for the Economic Impact of the U.S. Constitution: Purchasing Power Parity Across the Colonies versus Across the States, 1748–1811"
19358283,International Journal of Advertising,38,1,9,2017,2019,2,2019,2,"{2017: 2, 2018: 6, 2019: 1}",Taylor’s theorem part II: advice for socially responsible advertisers
198098467,Journal of International Economics,89,1,18,2010,2012,2,2012,2,"{2010: 1, 2012: 17}",Expansion of Trade at the Extensive Margin: A General Gains-from-Trade Result and Illustrative Examples
168273071,International Review of Economics & Finance,15,4,9,2004,2006,2,2004,2,"{2004: 7, 2006: 2}", | List of Reviewers for Vol. 15
39841227,International Journal of Forecasting,38,1,19,2019,2021,2,2021,2,"{2019: 3, 2020: 2, 2021: 14}",Forecasting realized volatility of agricultural commodities | A novel text-based framework for forecasting agricultural futures using massive online news headlines
57667410,Annals of Operations Research,305,1-2,19,2019,2021,2,2021,2,"{2019: 1, 2020: 3, 2021: 15}",Multi-objective simulation optimization for complex urban mass rapid transit systems
185905316,The Journal of Technology Transfer,37,3,7,2010,2012,2,2010,2,"{2010: 6, 2012: 1}",The exploitation of publicly funded technology
7345157,Eastern Economic Journal,43,4,15,2015,2017,2,2015,2,"{2015: 10, 2016: 2, 2017: 3}",Missing Men: Determinants of the Gender Gap in Education Majors | Formula Scoring Reconsidered
199447588,Journal of Public Economics,93,5-6,18,2007,2009,2,2009,2,"{2007: 1, 2008: 2, 2009: 15}",Segregation and Black Political Efficacy
171812798,Metroeconomica,70,2,10,2017,2019,2,2019,2,"{2017: 3, 2018: 6, 2019: 1}","Autonomous demand, capital utilization and economic growth"
155526628,The North American Journal of Economics and Finance,21,2,7,2008,2010,2,2010,2,"{2008: 2, 2010: 5}",Understanding the flattening Phillips curve | Comparing the New Keynesian Phillips Curve with time series models to forecast inflation
10615428,Journal of Real Estate Literature,20,2,13,2012,2014,2,2012,2,"{2012: 12, 2014: 1}",A Comparative Risk Analysis between the Markowitz Quadratic Programming Model and the Multivariate Copula Model for a Singapore REIT Portfolio
152282257,Journal of Corporate Finance,18,5,18,2010,2012,2,2012,2,"{2010: 1, 2012: 17}",The Effects of Ownership and Stock Liquidity on the Timing of Repurchase Transactions
171491724,Journal of Economics and Finance,34,4,9,2008,2010,2,2008,2,"{2008: 1, 2009: 4, 2010: 4}",Price discovery in the Indian gold futures market
91781374,Accounting History,23,1-2,14,2016,2018,2,2018,2,"{2016: 1, 2017: 9, 2018: 4}",Elmer G Beamer and the American Institute of Certified Public Accountants: The pursuit of a cognitive standard for the accounting profession
160393188,Journal of the Japanese and International Economies,25,2,9,2009,2011,2,2011,2,"{2009: 2, 2011: 7}","World-consistent equilibrium exchange rates | Actual age at school entry, educational outcomes, and earnings"
50631486,Journal of Knowledge Management,24,3,11,2018,2020,2,2020,2,"{2018: 5, 2020: 6}",Improving innovation performance through knowledge acquisition: the moderating role of employee retention and human resource management practices | Dual relational embeddedness and knowledge transfer in European multinational corporations and subsidiaries
107859553,International Small Business Journal Researching Entrepreneurship,32,3,8,2012,2014,2,2014,2,"{2012: 5, 2014: 3}","Book review: Patterns in social entrepreneurship | Book review: Review of government, SMEs and entrepreneurship development: Policy, practice and challenges"
9731383,Research Policy,43,10,14,2012,2014,2,2014,2,"{2012: 1, 2014: 13}","Clusters, Convergence, and Economic Performance"
151220816,Post-Communist Economies,28,3,8,2014,2016,2,2016,2,"{2014: 1, 2016: 7}",Human Resource Management in Russian Manufacturing Subsidiaries of Multinational Corporations
203860005,The Quarterly Journal of Economics,126,4,13,2009,2011,2,2011,2,"{2009: 1, 2011: 12}",Exports and Financial Shocks
31690342,Strategic Entrepreneurship Journal,14,2,7,2018,2020,2,2020,2,"{2018: 1, 2019: 2, 2020: 4}",Turning strategic network resources into performance: The mediating role of network identity of small‐ and medium‐sized enterprises
107859553,International Small Business Journal Researching Entrepreneurship,32,5,8,2012,2014,2,2014,2,"{2012: 2, 2013: 2, 2014: 4}",Strategic entrepreneurship and small firm growth in Ghana | How do banks assess entrepreneurial competence? The role of voluntary information disclosure
180492355,Public Finance Review,47,3,8,2017,2019,2,2017,2,"{2017: 4, 2018: 1, 2019: 3}",Growth Effects of VAT Evasion and Enforcement
120949314,Comparative Economic Studies,52,2,8,2008,2010,2,2010,2,"{2008: 1, 2010: 7}",How Viable are Unemployment Insurance Savings Accounts: Simulation Results for Slovenia
151705444,Journal of Management Studies,50,6,9,2011,2013,2,2013,2,"{2011: 1, 2013: 8}","Category Stretching: Reorienting Research on Categories in Strategy, Entrepreneurship, and Organization Theory"
82316188,European Journal of Finance,26,7-8,12,2018,2020,2,2020,2,"{2018: 1, 2019: 10, 2020: 1}",How does credit supply react to a natural disaster? Evidence from the Indian Ocean Tsunami
50631486,Journal of Knowledge Management,29,3,8,2022,2024,2,2024,2,"{2022: 1, 2023: 1, 2024: 6}",A Yin-Yang dialectical systems theory of knowledge creation
4210171597,Accounting and Finance,59,4,17,2017,2019,2,2017,2,"{2017: 15, 2018: 1, 2019: 1}",The association between dividend payout and firm growth: Australian evidence
84664706,Personnel Psychology,68,1,13,2013,2015,2,2015,2,"{2013: 5, 2014: 1, 2015: 7}",Deeds that Help and Words that Hurt: Helping and Gossip as Moderators of the Relationship Between Leader–Member Exchange and Advice Network Centrality
166264140,Emerging Markets Finance and Trade,58,1,19,2019,2021,2,2021,2,"{2019: 9, 2021: 10}",On the Advantages and Feasibility of Weather Index-Based Crop Insurance Schemes in Bolivia | VAT Rebate Policy and Export Performance: A Case Study of China’s Mechanical Goods Industry
122767448,Journal of Management,44,8,15,2016,2018,2,2016,2,"{2016: 14, 2018: 1}",When the “Best Available Evidence” Doesn’t Win: How Doubts About Science and Scientists Threaten the Future of Evidence-Based Management
76633192,Journal of Business Ethics,168,4,12,2019,2021,2,2019,2,"{2019: 11, 2021: 1}",Reviewers 2020
41930762,Japanese Economic Review,72,2,7,2019,2021,2,2021,2,"{2019: 2, 2020: 3, 2021: 2}",Sequencing R&amp;D decisions with a consumer-friendly firm and spillovers | Simultaneous optimization of multiple taxes on car use and tolls considering the marginal cost of public funds in Japan
203860005,The Quarterly Journal of Economics,136,4,11,2019,2021,2,2021,2,"{2019: 1, 2020: 1, 2021: 9}","Strict ID Laws Don’t Stop Voters: Evidence from a U.S. Nationwide Panel, 2008–2018"
4210187585,Small Enterprise Research,30,1,7,2021,2023,2,2023,2,"{2021: 3, 2022: 3, 2023: 1}",Machine learning for predictive model in entrepreneurship research: predicting entrepreneurial action
107036887,Asia Pacific Journal of Management,28,2,11,2009,2011,2,2009,2,"{2009: 7, 2010: 3, 2011: 1}",On the aims and scope of the Asia Pacific Journal of Management: What does APJM really seek to publish?
4210220312,International Journal of Logistics Research and Applications,27,5,10,2020,2022,2,2022,2,"{2020: 1, 2021: 5, 2022: 4}","A comprehensive method for performance analysis of green supply chain management in steel enterprises integrating TAHP, LMBP and DEMATEL"
35673206,International Marketing Review,38,4,9,2019,2021,2,2021,2,"{2019: 1, 2020: 3, 2021: 5}",From West to East: British sojourners’ acculturation in China
133599136,Organizational Research Methods,22,1,18,2016,2018,2,2018,2,"{2016: 8, 2017: 5, 2018: 5}",A Role for Endogenous Brain States in Organizational Research: Moving Toward a Dynamic View of Cognitive Processes | Neurofinance
85739584,Journal of Applied Econometrics,27,4,10,2010,2012,2,2010,2,"{2010: 7, 2012: 3}",Acknowledgement to referees | The impact of data revisions on the robustness of growth determinants—a note on ‘determinants of economic growth: Will data tell?’
107036887,Asia Pacific Journal of Management,31,1,14,2011,2013,2,2013,2,"{2011: 1, 2012: 8, 2013: 5}",The role of relational orientation as measured by face and renqing in innovative behavior in China: An indigenous analysis
55239356,Journal of Purchasing and Supply Management,17,1,7,2009,2011,2,2011,2,"{2009: 1, 2010: 5, 2011: 1}","Cooperative norms, structural mechanisms, and supplier performance: Empirical evidence from Chinese manufacturers"
41302103,International Journal of Physical Distribution & Logistics Management,50,3,4,2018,2020,2,2020,2,"{2018: 1, 2019: 2, 2020: 1}",Logistics and distribution innovation in China
166264140,Emerging Markets Finance and Trade,57,10,14,2019,2021,2,2019,2,"{2019: 10, 2021: 4}",Can Artificial Intelligence Improve Firms’ Competitiveness during the COVID-19 Pandemic: International Evidence | The Negative Effect of Share Pledging by Controlling Shareholders under COVID-19
39841227,International Journal of Forecasting,29,4,23,2011,2013,2,2013,2,"{2011: 1, 2012: 7, 2013: 15}",Testing time series data compatibility for benchmarking
191031105,Asia Pacific Journal of Marketing and Logistics,36,9,11,2022,2024,2,2024,2,"{2022: 2, 2023: 6, 2024: 3}","Influencing factors of Chinese consumers' purchase intention towards sustainable luxury | Luxury is dead, long live luxury! Resonance as an alternative lens to advance our understanding of an eternal desire and a global business"
2058785,Journal of money credit and banking,37,6,8,2003,2005,2,2005,2,"{2003: 1, 2005: 7}",Monetary Policy in a Low Pass-Through Environment
131852005,European Financial Management,20,5,6,2012,2014,2,2012,2,"{2012: 1, 2013: 4, 2014: 1}",European Bond ETFs: Tracking Errors and the Sovereign Debt Crisis
57667410,Annals of Operations Research,270,1-2,29,2016,2018,2,2016,2,"{2016: 21, 2017: 5, 2018: 3}",Investment decision-making and coordination of a three-stage supply chain considering Data Company in the Big Data era | Big data analytics in operations and supply chain management
42678134,Journal of Hospitality & Tourism Research,46,1,11,2019,2021,2,2021,2,"{2019: 1, 2020: 5, 2021: 5}",Using Facial Electromyography to Test the Peak–End Rule in Tourism Advertising
76633192,Journal of Business Ethics,145,1,14,2015,2017,2,2015,2,"{2015: 13, 2017: 1}",Perceptions of High Integrity Can Persist After Deception: How Implicit Beliefs Moderate Trust Erosion
122073985,The Journal of Economic History,82,1,11,2020,2022,2,2022,2,"{2020: 1, 2021: 3, 2022: 7}","Economic Inequality in Preindustrial Germany, ca. 1300 – 1850"
178258306,Empirical Economics,42,1,17,2010,2012,2,2010,2,"{2010: 16, 2012: 1}",Report of the editors
131852005,European Financial Management,18,3,6,2010,2012,2,2010,2,"{2010: 3, 2012: 3}",The Stochastic Seasonal Behaviour of Natural Gas Prices | Benchmark Bonds Interactions under Regime Shifts
107036887,Asia Pacific Journal of Management,29,3,15,2010,2012,2,2010,2,"{2010: 13, 2011: 1, 2012: 1}",Political connections and corporate diversification in emerging economies: Evidence from China
76633192,Journal of Business Ethics,140,1,12,2015,2017,2,2015,2,"{2015: 11, 2017: 1}",Focusing on Ethics and Broadening our Intellectual Base
184446198,Journal of Public Economic Theory,22,4,12,2018,2020,2,2020,2,"{2018: 1, 2019: 4, 2020: 7}","Nursing home choice, family bargaining, and optimal policy in a Hotelling economy"
23343376,International Business Review,21,1,9,2009,2011,2,2011,2,"{2009: 1, 2010: 3, 2011: 5}",Book review
67103694,Cambridge Journal of Economics,33,5,10,2007,2009,2,2009,2,"{2007: 2, 2008: 2, 2009: 6}","Market institutions, trust and norms: exploring moral economies in Nigerian food systems | Moral sentiments and economic practices in Kyrgyzstan: the internal embeddedness of a moral economy"
124549413,Journal of Economic Surveys,25,2,9,2009,2011,2,2011,2,"{2009: 1, 2010: 2, 2011: 6}",INTERCHANGE FEES IN PAYMENT CARD SYSTEMS: A SURVEY OF THE LITERATURE
107859553,International Small Business Journal Researching Entrepreneurship,32,7,8,2012,2014,2,2014,2,"{2012: 1, 2013: 5, 2014: 2}",Experiential knowledge types and profiles of internationalising small and medium-sized enterprises
4210218449,Business Ethics the Environment & Responsibility,32,S2,8,2021,2023,2,2023,2,"{2021: 5, 2022: 1, 2023: 2}",A personalist approach to business ethics: New perspectives for virtue ethics and servant leadership
579031,Economic Theory,38,1,9,2006,2008,2,2008,2,"{2006: 2, 2007: 2, 2008: 5}",Revealing information in auctions: the allocation effect | Auctions with a buy price
57667410,Annals of Operations Research,227,1,8,2013,2015,2,2013,2,"{2013: 6, 2014: 1, 2015: 1}",Incorporating collective functions to multicriteria disaggregation–aggregation approaches for small group decision making
4210220312,International Journal of Logistics Research and Applications,27,12,20,2022,2024,2,2022,2,"{2022: 2, 2023: 10, 2024: 8}",Machine learning–assisted efficient demand forecasting using endogenous and exogenous indicators for the textile industry | Secure and transparent pharmaceutical supply chain using permissioned blockchain network
171424506,European Accounting Review,20,1,20,2009,2011,2,2011,2,"{2009: 1, 2010: 3, 2011: 16}",Ultimate Ownership and Earnings Conservatism
99067594,Journal of Industrial Economics,53,2,7,2003,2005,2,2005,2,"{2003: 1, 2005: 6}",MERCHANT TRANSMISSION INVESTMENT*
38024979,Journal of International Business Studies,50,2,8,2017,2019,2,2019,2,"{2017: 1, 2018: 6, 2019: 1}",The interplay between HQ legitimation and subsidiary legitimacy judgments in HQ relocation: A social psychological approach
125273398,The Quarterly Review of Economics and Finance,54,4,13,2012,2014,2,2014,2,"{2012: 1, 2013: 1, 2014: 11}",Personal and regional redistribution through public finance in a federal setting
76633192,Journal of Business Ethics,147,1,15,2015,2017,2,2015,2,"{2015: 13, 2017: 2}",Correction to: The Opportunity Cost of Negative Screening in Socially Responsible Investing | Deepening Ethical Analysis in Business Ethics
17986141,Journal of Management Inquiry,29,1,9,2017,2019,2,2019,2,"{2017: 3, 2018: 3, 2019: 3}",Dynamic Capabilities and Where to Find Them | Untangling Infinite Regress and the Origins of Capability
169699294,Accounting Education,19,3,6,2008,2010,2,2010,2,"{2008: 1, 2009: 3, 2010: 2}",Impact of an Ethics Presentation Used in the USA and Adapted for Italy
113509650,Journal of the Asia Pacific Economy,29,3,28,2022,2024,2,2022,2,"{2022: 16, 2023: 10, 2024: 2}",Correction | Quantity or quality: who makes manufacturing stronger?
41869786,Small Business Economics,56,4,25,2019,2021,2,2019,2,"{2019: 21, 2020: 3, 2021: 1}",Correction to: The global technology frontier: productivity growth and the relevance of Kirznerian and Schumpeterian entrepreneurship
57667410,Annals of Operations Research,209,1,11,2011,2013,2,2011,2,"{2011: 7, 2012: 2, 2013: 2}","Quality risk prediction at a non-sampling station machine in a multi-product, multi-stage, parallel processing manufacturing system subjected to sequence disorder and multiple stream effects | Control policies for single-stage production systems with perishable inventory and customer impatience"
44376543,Business & Society,48,2,8,2007,2009,2,2007,2,"{2007: 3, 2008: 2, 2009: 3}",A Look at Firm—Regulator Exchanges | A Conceptual Model for Organizational Citizenship Behavior Directed Toward the Environment
69458508,Journal of Asian Economics,23,5,10,2010,2012,2,2012,2,"{2010: 1, 2012: 9}",Productivity and Convergence in India: State Level Analysis
184126201,British Journal of Management,28,2,11,2015,2017,2,2017,2,"{2015: 1, 2016: 8, 2017: 2}",Alternative Mechanisms Guiding Salespersons’ Ambidextrous Product Selling
76633192,Journal of Business Ethics,170,4,13,2019,2021,2,2019,2,"{2019: 11, 2020: 1, 2021: 1}",Correction to: Analyzing Leadership Attributes in Faith-Based Organizations: Idealism Versus Reality
44376543,Business & Society,60,2,8,2018,2020,2,2020,2,"{2018: 2, 2019: 3, 2020: 3}",Power of Paradox: Grassroots Organizations’ Legitimacy Strategies Over Time | Can Entrepreneurial Initiative Blunt the Economic Inequality–Growth Curse? Evidence From 92 Countries
105799767,European Journal of the History of Economic Thought,20,3,10,2011,2013,2,2013,2,"{2011: 3, 2012: 2, 2013: 5}",Beyond the principle of population: Malthus's Essay | Sraffa's 1930 manuscripts on the representative firm and Marshall's theory of value and business profit
136764900,Journal of Forensic Economics,31,1,6,2022,2024,2,2024,2,"{2022: 1, 2023: 2, 2024: 3}",Securities Litigation Event Studies in the Covid Volatility Regime
124549413,Journal of Economic Surveys,37,1,6,2020,2022,2,2022,2,"{2020: 1, 2021: 2, 2022: 3}",BAYESIAN STATE SPACE MODELS IN MACROECONOMETRICS
76633192,Journal of Business Ethics,168,1,13,2019,2021,2,2019,2,"{2019: 11, 2021: 2}",New Editor-in-Chief for the Journal of Business Ethics | Some Reflections on My Role as Co-EIC at JBE
200274427,Pacific Economic Review,7,2,11,2000,2002,2,2002,2,"{2000: 1, 2002: 10}",Small Countries and Preferential Trade Agreements 'How Severe is the Innocent Bystander Problem?'
126936603,International Regional Science Review,41,2,7,2016,2018,2,2016,2,"{2016: 6, 2018: 1}",Introduction to the Alonso’s Five Bells
37173775,European Journal of Law and Economics,46,3,7,2016,2018,2,2018,2,"{2016: 4, 2017: 1, 2018: 2}",How much should we trust crime statistics? A comparison between EU and US
127742747,Journal of Econometrics,243,1-2,13,2022,2024,2,2024,2,"{2022: 5, 2024: 8}",Gender pension gaps in a private retirement accounts system: A dynamic model of household labor supply and savings | Sample selection models without exclusion restrictions: Parameter heterogeneity and partial identification
76633192,Journal of Business Ethics,146,2,12,2015,2017,2,2015,2,"{2015: 6, 2017: 6}",What Does CEOs’ Pay-for-Performance Reveal About Shareholders’ Attitude Toward Earnings Overstatements? | Perceptions on the Causes of Individual and Fraudulent Co-offending: Views of Forensic Accountants
131852005,European Financial Management,16,4,9,2008,2010,2,2008,2,"{2008: 2, 2009: 5, 2010: 2}",The Consequences of Issuing Convertible Bonds: Dilution and/or Financial Restructuring? | The Effect of Venture Capital Financing on the Sensitivity to Cash Flow of Firm's Investments
184126201,British Journal of Management,26,2,13,2013,2015,2,2015,2,"{2013: 2, 2014: 5, 2015: 6}",A Dyadic Model of Customer Orientation: Mediation and Moderation Effects | Being All Things to All Customers: Building Reputation in an Institutionalized Field
29817978,Marketing Intelligence & Planning,40,3,8,2020,2022,2,2022,2,"{2020: 2, 2022: 6}",Firms enabling responsible consumption: a netnographic approach | Green marketing and the SDGs: emerging market perspective
2764810659,Journal of Small Business & Entrepreneurship,35,5,7,2020,2022,2,2020,2,"{2020: 4, 2021: 1, 2022: 2}",Entrepreneurship Education: A Lifelong Learning Approach
23254222,American Economic Review,113,2,7,2021,2023,2,2023,2,"{2021: 1, 2023: 6}",The Voice of Monetary Policy
4210224898,Journal of Service Theory and Practice,30,4/5,6,2018,2020,2,2020,2,"{2018: 2, 2020: 4}",Understanding black market retailing: the case of Colombia’s San Andresitos | Enhancing customer knowledge: the role of banks in financial well-being
180061323,The Review of Economics and Statistics,98,2,13,2014,2016,2,2016,2,"{2014: 2, 2015: 5, 2016: 6}",How Important Is U.S. Location for Research in Science? | Your Friends and Neighbors: Localized Economic Development and Criminal Activity
187626162,Entrepreneurship Theory and Practice,39,5,11,2013,2015,2,2013,2,"{2013: 2, 2014: 8, 2015: 1}",Some Further Thoughts on the Entrepreneurial Personality
43415676,Journal of Strategic Marketing,30,4,6,2020,2022,2,2020,2,"{2020: 1, 2021: 3, 2022: 2}",Luxury brands and social media: drivers and outcomes of consumer engagement on Instagram
9731383,Research Policy,51,8,12,2020,2022,2,2022,2,"{2020: 8, 2021: 3, 2022: 1}",Reprint of The new paradigm of economic complexity
158451771,Journal of Marketing Communications,22,4,7,2014,2016,2,2014,2,"{2014: 6, 2016: 1}",‘On’Line or ‘Off’Line …. does the ‘Line’ or the ‘Communication’ matter most?
35673206,International Marketing Review,41,1,10,2022,2024,2,2024,2,"{2022: 1, 2023: 8, 2024: 1}",Examining the marketing performance of the firms from an international dynamic marketing capability perspective: moderating role of marketing leadership team
84664706,Personnel Psychology,70,1,13,2015,2017,2,2017,2,"{2015: 3, 2016: 3, 2017: 7}",Enhancing Cultural Intelligence: The Roles of Implicit Culture Beliefs and Adjustment | Anchoring Relationships at Work: High‐Quality Mentors and Other Supportive Work Relationships as Buffers to Ambient Racial Discrimination
166264140,Emerging Markets Finance and Trade,53,4,16,2015,2017,2,2017,2,"{2015: 3, 2016: 8, 2017: 5}",Do Enhanced Index Funds Truly Have Enhanced Performance? Evidence from the Chinese Market | The Risk-Return Trade-Off in a Liberalized Emerging Stock Market: Evidence from Vietnam
201928713,Review of Radical Political Economics,49,3,13,2015,2017,2,2017,2,"{2015: 1, 2016: 4, 2017: 8}",Environmental Sustainability in a Sraffian Framework
128478731,Management International Review,53,2,7,2011,2013,2,2013,2,"{2011: 1, 2012: 5, 2013: 1}",Family Management and Internationalization: The Impact on Firm Performance and Innovation
4210168091,The Journal of Law Economics and Organization,40,3,13,2022,2024,2,2022,2,"{2022: 1, 2023: 11, 2024: 1}",Hiring Lucky CEOs
23254222,American Economic Review,97,4,18,2005,2007,2,2007,2,"{2005: 1, 2007: 17}",A Political-Economy Theory of Trade Agreements
168273071,International Review of Economics & Finance,16,3,12,2005,2007,2,2005,2,"{2005: 4, 2006: 6, 2007: 2}", | 
196919950,Family Business Review,28,1,6,2013,2015,2,2015,2,"{2013: 5, 2015: 1}",Editor’s Notes
76633192,Journal of Business Ethics,182,4,14,2021,2023,2,2021,2,"{2021: 7, 2022: 5, 2023: 2}","Corporate Greenhouse Gas Emissions’ Data and the Urgent Need for a Science-Led Just Transition: Introduction to a Thematic Symposium | Foreign Institutional Investors, Legal Origin, and Corporate Greenhouse Gas Emissions Disclosure"
85739584,Journal of Applied Econometrics,27,7,11,2010,2012,2,2010,2,"{2010: 1, 2011: 8, 2012: 2}",Binary quantile regression: a Bayesian approach based on the asymmetric Laplace distribution
4210205650,The International Review of Retail Distribution and Consumer Research,35,1,5,2022,2024,2,2024,2,"{2022: 1, 2024: 4}","Smart vending machine experiences, experiential relationship quality and experiential relationship marketing outcomes"
153861934,Journal of Marketing Education,43,1,9,2019,2021,2,2021,2,"{2019: 5, 2020: 3, 2021: 1}",Educational Scholarship: Looking Forward While Casting Backward
42678134,Journal of Hospitality & Tourism Research,45,7,10,2019,2021,2,2021,2,"{2019: 1, 2020: 8, 2021: 1}","Destination Image, Sport Event Quality, and Behavioral Intentions: The Cases of Three World Sambo Championships"
131296671,Accounting Forum,48,3,9,2022,2024,2,2022,2,"{2022: 2, 2023: 3, 2024: 4}",“Is it just a little flu”? Producing a news-based counter account on Covid-19 discursive crises in Brazil | Remote audit: the challenges of re-creating the audit room during the Covid 19 pandemic
57667410,Annals of Operations Research,353,1,13,2022,2024,2,2024,2,"{2022: 1, 2023: 2, 2024: 10}",Artificial intelligence and change management in small and medium-sized enterprises: an analysis of dynamics within adaptation initiatives
5353659,The Journal of Finance,71,3,18,2014,2016,2,2016,2,"{2014: 3, 2015: 4, 2016: 11}","Collateralization, Bank Loan Rates, and Monitoring | Information Acquisition in Rumor‐Based Bank Runs"
88020226,The Business History Review,98,1,19,2022,2024,2,2024,2,"{2022: 1, 2023: 1, 2024: 17}",Growth Regimes
4210168091,The Journal of Law Economics and Organization,28,2,7,2010,2012,2,2010,2,"{2010: 6, 2012: 1}",Editor's Note
45992627,The Economic Journal,125,589,19,2013,2015,2,2015,2,"{2013: 1, 2014: 15, 2015: 3}",Mandatory Mediation and the Renegotiation of Mortgage Contracts
166264140,Emerging Markets Finance and Trade,53,3,15,2015,2017,2,2017,2,"{2015: 12, 2016: 2, 2017: 1}",The Effects of Foreign Strategic Investors on Bank Prudential Behavior: Evidence from China
18727733,IMA Journal of Management Mathematics,34,3,7,2021,2023,2,2021,2,"{2021: 2, 2022: 3, 2023: 2}",An inverse DEA model for intermediate and output target setting in serially linked general two-stage processes | A generalized inverse DEA model for firm restructuring based on value efficiency
122767448,Journal of Management,39,6,12,2011,2013,2,2011,2,"{2011: 5, 2012: 2, 2013: 5}","HRM, Communication, Satisfaction, and Perceived Performance | Exploring the Role of Network Characteristics, Knowledge Quality, and Inertia on the Evolution of Scientific Networks"
105799767,European Journal of the History of Economic Thought,21,2,8,2012,2014,2,2014,2,"{2012: 5, 2014: 3}",Œuvres économiques complètes by Jean-Claude-Léonard Simonde de Sismondi | Keynes and Friedman on Laissez-Faire and Planning. Where to Draw the Line? by Sylvie Rivot
187626162,Entrepreneurship Theory and Practice,39,4,11,2013,2015,2,2013,2,"{2013: 9, 2015: 2}",Why All Researchers Should Report Effect Sizes and Their Confidence Intervals: Paving the Way for Meta–Analysis and Evidence–Based Management Practices | Signaling in Equity Crowdfunding
185905316,The Journal of Technology Transfer,44,6,14,2017,2019,2,2017,2,"{2017: 7, 2018: 5, 2019: 2}","Knowledge as growth | The development, growth, and performance of university spin-offs: a critical review"
124549413,Journal of Economic Surveys,27,4,9,2011,2013,2,2011,2,"{2011: 2, 2012: 6, 2013: 1}",MONETARY POLICY AND ECONOMIC IMBALANCES: AN ETHNOGRAPHIC EXAMINATION OF CENTRAL BANK RITUALS
151491554,The Geneva Papers on Risk and Insurance Issues and Practice,42,1,7,2015,2017,2,2017,2,"{2015: 1, 2016: 5, 2017: 1}",Underwriting Strategy and the Underwriting Cycle in Medical Malpractice Insurance
57667410,Annals of Operations Research,207,1,15,2011,2013,2,2011,2,"{2011: 8, 2012: 6, 2013: 1}",An overview of computational issues in combinatorial optimization
85739584,Journal of Applied Econometrics,27,5,6,2010,2012,2,2010,2,"{2010: 3, 2011: 2, 2012: 1}",COMPARISON OF MODEL AVERAGING TECHNIQUES: ASSESSING GROWTH DETERMINANTS
50561683,International Review of Applied Economics,37,1,9,2021,2023,2,2023,2,"{2021: 1, 2022: 7, 2023: 1}",The distributional impacts of capital controls
44376543,Business & Society,48,3,7,2007,2009,2,2007,2,"{2007: 4, 2009: 3}",The Vicissitudes of Corruption | From the Editor
203860005,The Quarterly Journal of Economics,138,3,11,2021,2023,2,2023,2,"{2021: 1, 2023: 10}",The Other Great Migration: Southern Whites and the New Right
65528657,Journal of Regional Science,58,1,13,2016,2018,2,2018,2,"{2016: 2, 2017: 10, 2018: 1}",Books received—January 2018
4210181832,Total Quality Management & Business Excellence,28,11-12,12,2015,2017,2,2015,2,"{2015: 1, 2016: 9, 2017: 2}",Employee involvement as a key determinant of core quality management practices
101788309,Papers of the Regional Science Association,98,1,29,2017,2019,2,2019,2,"{2017: 16, 2018: 11, 2019: 2}",Migration and occupational careers: The static and dynamic urban wage premium by education and city size | Agglomeration of creative industries: An intra‐metropolitan analysis for Barcelona
43415676,Journal of Strategic Marketing,28,5,6,2018,2020,2,2018,2,"{2018: 3, 2019: 1, 2020: 2}",Customer centricity: an empirical analysis in the micro-sized firm
64831726,Journal of Leadership & Organizational Studies,18,2,11,2009,2011,2,2011,2,"{2009: 1, 2010: 6, 2011: 4}","Market Orientation, Intrapreneurship Behavior, and Organizational Performance: Test of a Structural Contingency Model"
4394735609,Foreign Trade Review,57,3,7,2020,2022,2,2022,2,"{2020: 1, 2021: 3, 2022: 3}","The Dynamics of Export Diversification, Economic Complexity and Economic Growth Cycles: Global Evidence"
138400101,Managerial and Decision Economics,41,6,20,2018,2020,2,2020,2,"{2018: 2, 2019: 1, 2020: 17}",Managing campus entrepreneurship: Dynamic capabilities and university leadership
108845946,Economica,71,282,14,2002,2004,2,2004,2,"{2002: 1, 2004: 13}",The Costs of Price Stability - Downward Nominal Wage Rigidity in Europe
37173775,European Journal of Law and Economics,33,3,14,2010,2012,2,2010,2,"{2010: 4, 2011: 7, 2012: 3}","Constantin Stefanou, Simone White, Helen Xanthaki: OLAF at the crossroads. Action against EU fraud, studies in international &amp; comparative law: volume 7 | The application of the Khiyar al-‘Aib (option of defect) principle in on-line contracts and consumer rights"
201928713,Review of Radical Political Economics,49,1,16,2015,2017,2,2017,2,"{2015: 10, 2016: 3, 2017: 3}","Revaluing Low-Wage Work | <i>Homo Economicus</i>, Moral Sentiments, and the Challenges of Individualism"
2764955566,The Indian Economic Journal,72,3,11,2022,2024,2,2024,2,"{2022: 1, 2023: 1, 2024: 9}",Revisiting Economic Growth and Steel Consumption: Evidence from India
45992627,The Economic Journal,119,536,14,2007,2009,2,2009,2,"{2007: 1, 2009: 13}",Job Satisfaction and Co-Worker Wages: Status or Signal?
105799767,European Journal of the History of Economic Thought,21,4,8,2012,2014,2,2014,2,"{2012: 4, 2013: 2, 2014: 2}",Public Finance in Spain in the early twentieth century | Turgot's<i>Valeurs et monnaies</i>: our incomplete knowledge of an incomplete manuscript
76633192,Journal of Business Ethics,144,1,14,2015,2017,2,2015,2,"{2015: 12, 2016: 1, 2017: 1}",Virtual Special Issue on ‘Sociology and Business Ethics’
57667410,Annals of Operations Research,250,2,11,2015,2017,2,2015,2,"{2015: 6, 2016: 4, 2017: 1}",Decision models for sustainable supply chain design and management
132950052,Journal of Interdisciplinary Economics,38,1,5,2022,2024,2,2024,2,"{2022: 1, 2023: 1, 2024: 3}",Examining the Impact of TRIPS Agreement on Innovation: A Review and Research Agenda
26598852,Economia Politica,40,2,13,2021,2023,2,2023,2,"{2021: 1, 2022: 7, 2023: 5}",The way towards food sustainability: some insights for pasta supply chain
2913204857,Journal of Business Economics,93,5,10,2021,2023,2,2023,2,"{2021: 4, 2022: 3, 2023: 3}",Between benefit and risk: how entrepreneurs evaluate corporate investors | Industry-specific specialization in venture capitalists’ internationalization decisions
2764734295,Management Theory and Studies for Rural Business and Infrastructure Development,46,2,24,2022,2024,2,2024,2,"{2022: 1, 2023: 9, 2024: 14}",MODELING THE INFLUENCE OF INTELLECTUAL AND INNOVATIVE DETERMINANTS ON THE ECONOMIC SYSTEMS' DEVELOPMENT IN THE CONDITIONS OF THE CREATIVE ECONOMY FORMATION
86125002,Environmental and Resource Economics,87,2,8,2022,2024,2,2024,2,"{2022: 1, 2023: 6, 2024: 1}",Cost-Potential Curves of Onshore Wind Energy: the Role of Disamenity Costs
49389958,Econometric Theory,40,5,6,2022,2024,2,2022,2,"{2022: 1, 2023: 4, 2024: 1}",NEARLY EFFICIENT LIKELIHOOD RATIO TESTS OF A UNIT ROOT IN AN AUTOREGRESSIVE MODEL OF ARBITRARY ORDER
189751245,Journal of Consumer Affairs,58,1,15,2022,2024,2,2024,2,"{2022: 1, 2023: 6, 2024: 8}",Measuring gender in consumer research: Validity and consumer welfare
4210193400,Economic Change and Restructuring,56,5,33,2021,2023,2,2023,2,"{2021: 2, 2022: 11, 2023: 20}","Testing green fiscal policies for green investment, innovation and green productivity amid the COVID-19 era | Fiscal policy benefits and green recovery of firms: an experimental exploration of Chinese listed firms in post-Covid-19"
107325288,Social Choice and Welfare,63,3-4,11,2022,2024,2,2024,2,"{2022: 6, 2024: 5}",Semi-flexible majority rules for public good provision | Dynamically rational judgment aggregation
50366009,Urban Studies,60,9,13,2021,2023,2,2023,2,"{2021: 5, 2022: 6, 2023: 2}","Debates Paper: COVID-19 and urban informality: Exploring the implications of the pandemic for the politics of planning and inequality | Urban public health emergencies and the COVID-19 pandemic. Part 2: Infrastructures, urban governance and civil society"
149070780,Production and Operations Management,34,6,19,2022,2024,2,2024,2,"{2022: 2, 2024: 17}",Rationing Scarce Healthcare Capacity: A Study of the Ventilator Allocation Guidelines During the COVID-19 Pandemic | Impact of Self‐Service Technology in Designing a Service Delivery System
136612413,Journal of Futures Markets,39,5,8,2017,2019,2,2019,2,"{2017: 1, 2018: 2, 2019: 5}",Regime Switching Rough Heston Model
166621295,Journal of Health Economics,30,2,20,2009,2011,2,2011,2,"{2009: 1, 2010: 5, 2011: 14}",The Anatomy of Absenteeism
26598852,Economia Politica,39,3,13,2020,2022,2,2022,2,"{2020: 2, 2022: 11}",Trading off wage for workplace safety? Gaps between immigrants and natives in Italy | Exploring regional transitions to the bioeconomy using a socio-economic indicator: the case of Italy
127742747,Journal of Econometrics,183,1,9,2012,2014,2,2014,2,"{2012: 1, 2014: 8}",The Barnett Critique After Three Decades: A New Keynesian Analysis
145200904,Health Economics,16,10,9,2006,2008,2,2006,2,"{2006: 1, 2007: 7, 2008: 1}",Monte Carlo probabilistic sensitivity analysis for patient level simulation models: efficient estimation of mean and variance using ANOVA
4210186250,Journal of Competitiveness,6,3,13,2014,2016,2,2014,2,"{2014: 5, 2016: 8}",Effects of Health Insurance Concentration Market on Insurance Coverage in Colombia | Customer Relationship Management Approach and Student Satisfaction in Higher Education Marketing
166002381,Journal of Applied Psychology,99,3,14,2012,2014,2,2014,2,"{2012: 1, 2013: 3, 2014: 10}","Leading virtual teams: Hierarchical leadership, structural supports, and shared team leadership."
158451771,Journal of Marketing Communications,26,6,6,2018,2020,2,2018,2,"{2018: 3, 2019: 2, 2020: 1}",In memory of Don E. Schultz
147692640,Journal of Urban Economics,58,3,9,2003,2005,2,2005,2,"{2003: 1, 2005: 8}",House Prices and Consumer Welfare
182336501,Career Development International,26,4,8,2019,2021,2,2021,2,"{2019: 1, 2020: 4, 2021: 3}",Shocks and entrepreneurship: a study of career shocks among newly graduated entrepreneurs
158451771,Journal of Marketing Communications,19,2,4,2011,2013,2,2011,2,"{2011: 3, 2013: 1}",How (not) to market socially responsible products: A critical research evaluation
57667410,Annals of Operations Research,344,2-3,17,2022,2024,2,2024,2,"{2022: 1, 2023: 10, 2024: 6}","Viable supply chain with vendor-managed inventory approach by considering blockchain, risk and robustness"
23343376,International Business Review,33,2,15,2022,2024,2,2024,2,"{2022: 1, 2023: 11, 2024: 3}",The demands of populism on business and the creation of “corporate political obligations”
76633192,Journal of Business Ethics,140,4,10,2015,2017,2,2015,2,"{2015: 5, 2016: 4, 2017: 1}",Beware of the Watchdog: Rethinking the Normative Justification of Gatekeeper Liability
34139249,The RAND Journal of Economics,52,4,9,2019,2021,2,2021,2,"{2019: 1, 2021: 8}",Signaling versus Auditing
76633192,Journal of Business Ethics,150,2,18,2016,2018,2,2016,2,"{2016: 8, 2018: 10}",Business Schools at the Crossroads? A Trip Back from Sparta to Athens | Stakeholder Engagement: Keeping Business Legitimate in Austria’s Natural Mineral Water Bottling Industry
57667410,Annals of Operations Research,302,2,10,2019,2021,2,2021,2,"{2019: 5, 2020: 3, 2021: 2}",A local search framework for industrial test laboratory scheduling | Preface: The practice and theory of automated timetabling (2018)
2764934467,Iranian economic review,24,3,11,2018,2020,2,2020,2,"{2018: 3, 2019: 1, 2020: 7}",Identifying and Prioritizing Innovative Opportunities for Tourism Investment in Mashhad City
2764470529,Journal of Insurance Issues,26,2,4,2001,2003,2,2003,2,"{2001: 1, 2003: 3}",The Effect of Host Country Factors on the Internationalization of the U.S. Reinsurance Industry
2764934467,Iranian economic review,24,1,11,2018,2020,2,2020,2,"{2018: 6, 2020: 5}",Investigating the Effects of Contractual Factors and Arrangements on the Optimum Level of Production in Oil and Gas Projects: Evidence from the South Pars Phases 17 & 18 | Agricultural Economic Dynamics in a Bayesian DSGE Model for Iran
23254222,American Economic Review,64,6,5,2014,2016,2,2016,2,"{2014: 1, 2016: 4}",All for the Best: The Federal Reserve Board's 60th Annual Report
23218617,Journal of International Trade & Economic Development,22,2,7,2011,2013,2,2011,2,"{2011: 6, 2013: 1}",The Quest for Prosperity: How Developing Economies Can Take Off
44376543,Business & Society,54,3,6,2012,2014,2,2012,2,"{2012: 2, 2014: 4}",A Transactional Culture Analysis of Corporate Sustainability Reporting Practices | The Social Context of Corporate Social Responsibility
77308338,Corporate Governance An International Review,30,1,11,2020,2022,2,2022,2,"{2020: 1, 2021: 4, 2022: 6}",Financial literacy and security‐based crowdfunding
162525099,Financial Analysts Journal,68,4,10,2010,2012,2,2012,2,"{2010: 1, 2012: 9}",Emerging Local Currency Bond Markets
138645024,Journal of Comparative Economics,43,1,16,2013,2015,2,2015,2,"{2013: 2, 2014: 12, 2015: 2}",Growth-friendly dictatorships | Comparative political economy of regional transport infrastructure investment in Europe
22247924,Entrepreneurship and Regional Development,28,1-2,6,2014,2016,2,2016,2,"{2014: 1, 2015: 4, 2016: 1}",Informal entrepreneurship and institutional theory: explaining the varying degrees of (in)formalization of entrepreneurs in Pakistan
57667410,Annals of Operations Research,194,1,27,2010,2012,2,2010,2,"{2010: 20, 2011: 5, 2012: 2}",Solving the post enrolment course timetabling problem by ant colony optimization | Preface
86125002,Environmental and Resource Economics,63,4,5,2014,2016,2,2014,2,"{2014: 2, 2015: 1, 2016: 2}",The Political Game of European Fisheries Management
66510378,Critical Perspectives on Accounting,16,3,12,2003,2005,2,2003,2,"{2003: 8, 2004: 2, 2005: 2}",An ode to government accountants | Old Age
184816971,International Journal of Production Economics,142,2,18,2010,2012,2,2012,2,"{2010: 4, 2012: 14}",A decision-making tool to maximize chances of meeting project commitments | A framework for analysing supply chain performance evaluation models
57667410,Annals of Operations Research,337,2,9,2022,2024,2,2024,2,"{2022: 1, 2023: 6, 2024: 2}",MIP-based solution approaches for multi-site resource-constrained project scheduling
170137484,Review of Financial Studies,24,6,12,2009,2011,2,2011,2,"{2009: 1, 2010: 6, 2011: 5}",Understanding the Subprime Mortgage Crisis
50366009,Urban Studies,60,15,13,2021,2023,2,2023,2,"{2021: 1, 2022: 6, 2023: 6}",On the move in the (post)colonial metropolis: The Paris Metro in Francophone African and Afrodiasporic fiction
113497174,Human Resource Management Journal,24,3,7,2012,2014,2,2014,2,"{2012: 1, 2013: 1, 2014: 5}",The recruitment and selection of pension trustees: an integrative approach
180492355,Public Finance Review,47,2,7,2017,2019,2,2017,2,"{2017: 4, 2018: 2, 2019: 1}",Integrating Microsimulation Models of Tax Policy into a DGE Macroeconomic Model
76633192,Journal of Business Ethics,168,3,13,2019,2021,2,2019,2,"{2019: 11, 2020: 1, 2021: 1}","Review of Business, Power and Sustainability in a World of Global Value Chains by Stefano Ponte"
107859553,International Small Business Journal Researching Entrepreneurship,33,7,7,2013,2015,2,2013,2,"{2013: 1, 2014: 5, 2015: 1}",The contradictory consequences of regulation: The influence of filing abbreviated accounts on UK small company performance
86762183,Journal of Accounting and Public Policy,42,2,13,2021,2023,2,2023,2,"{2021: 1, 2022: 8, 2023: 4}",Financial literacy and the timing of tax-preferred savings account withdrawals
90149737,European Journal of Innovation Management,27,7,9,2022,2024,2,2022,2,"{2022: 4, 2023: 4, 2024: 1}",How relevant is the individual’s levels of innovativeness in the investment decisions in equity crowdfunding campaigns?
149240962,Journal of Financial Economics,142,2,19,2019,2021,2,2021,2,"{2019: 1, 2020: 3, 2021: 15}","Air pollution, behavioral bias, and the disposition effect in China"
57667410,Annals of Operations Research,343,3,10,2022,2024,2,2024,2,"{2022: 8, 2023: 1, 2024: 1}",Enhancing travel time prediction with deep learning on chronological and retrospective time order information of big traffic data
3593595,Australian Journal of Agricultural and Resource Economics,61,1,12,2015,2017,2,2017,2,"{2015: 1, 2016: 9, 2017: 2}",Resource reallocation and its contribution to productivity growth in Australian broadacre agriculture
323237,Accounting and Business Research,52,2,5,2020,2022,2,2022,2,"{2020: 3, 2021: 1, 2022: 1}",Controlling UK national museums and galleries: the pursuit of conflicting politico-economic and socio-cultural objectives
23254222,American Economic Review,107,9,10,2015,2017,2,2017,2,"{2015: 1, 2017: 9}","Culture, Ethnicity and Diversity"
149070780,Production and Operations Management,29,10,10,2018,2020,2,2020,2,"{2018: 1, 2020: 9}",A Manufacturer's New Product Preannouncement Decision and the Supplier's Response
960608072,Journal of International Management,27,1,28,2019,2021,2,2021,2,"{2019: 1, 2020: 13, 2021: 14}",How do agile organizations contribute to environmental collaboration? Evidence from MNEs in Turkey
84664706,Personnel Psychology,69,1,14,2014,2016,2,2016,2,"{2014: 1, 2015: 5, 2016: 8}",Cumulative Advantage: Conductors and Insulators of Heavy‐Tailed Productivity Distributions and Productivity Stars
57667410,Annals of Operations Research,229,1,35,2013,2015,2,2015,2,"{2013: 1, 2014: 13, 2015: 21}",Improved efficiency measures through directional distance formulation of data envelopment analysis
184816971,International Journal of Production Economics,134,2,19,2009,2011,2,2011,2,"{2009: 18, 2011: 1}",Robust supply chain management
149240962,Journal of Financial Economics,109,1,11,2011,2013,2,2013,2,"{2011: 1, 2013: 10}","Market Timing, Investment, and Risk Management"
66524056,Journal of Business Economics and Management,17,6,28,2014,2016,2,2016,2,"{2014: 1, 2015: 1, 2016: 26}",OWNERSHIP STRUCTURE AND DEBT AS CORPORATE GOVERNANCE MECHANISMS: AN EMPIRICAL ANALYSIS FOR SPANISH SMES
57667410,Annals of Operations Research,189,1,18,2009,2011,2,2009,2,"{2009: 13, 2010: 3, 2011: 2}",State-dependent importance sampling for a slowdown tandem queue | Setting gates for activities in the stochastic project scheduling problem through the cross entropy methodology
170137484,Review of Financial Studies,22,2,13,2006,2008,2,2008,2,"{2006: 1, 2007: 3, 2008: 9}",Hedge Funds as Investors of Last Resort?
120991925,Telecommunications Policy,37,4-5,16,2011,2013,2,2013,2,"{2011: 2, 2012: 6, 2013: 8}",Book review | Book Review
66510378,Critical Perspectives on Accounting,16,2,5,2003,2005,2,2003,2,"{2003: 4, 2005: 1}",Towards a dialectical interpretation of the contemporary mode of capitalist accounting
81159284,International Journal of Quality & Reliability Management,42,3,10,2022,2024,2,2024,2,"{2022: 1, 2024: 9}",Supply chain quality management 4.0: conceptual and maturity frameworks
79007945,Business Ethics A European Review,25,2,7,2014,2016,2,2016,2,"{2014: 3, 2016: 4}",A tangled web: views of deception from the customer's perspective | The ethical profile of global marketing negotiators
174413665,Review of Income and Wealth,59,2,12,2011,2013,2,2013,2,"{2011: 1, 2012: 7, 2013: 4}",SKEWNESS AND KURTOSIS PROPERTIES OF INCOME DISTRIBUTION MODELS
57667410,Annals of Operations Research,242,1,8,2014,2016,2,2014,2,"{2014: 2, 2015: 5, 2016: 1}",Machine reassignment problem: the ROADEF/EURO challenge 2012
82316188,European Journal of Finance,29,13,4,2020,2022,2,2022,2,"{2020: 2, 2021: 1, 2022: 1}",The effects of top management team strategic cognition on corporate financial health and value: an interactive multi-dimensional approach
145471836,Explorations in Economic History,45,4,9,2006,2008,2,2008,2,"{2006: 1, 2008: 8}",The Negative Trade-off Between Risk and Incentives: Evidence from the American Whaling Industry
57667410,Annals of Operations Research,320,2,19,2020,2022,2,2022,2,"{2020: 2, 2021: 9, 2022: 8}",Augmented simulation methods for discrete stochastic optimization with recourse | Long memory and regime switching in the stochastic volatility modelling
198892436,Accounting Organizations and Society,39,6,6,2012,2014,2,2014,2,"{2012: 1, 2013: 1, 2014: 4}",Governmentality in accounting and accountability: A case study of embedding sustainability in a supply chain
76633192,Journal of Business Ethics,149,1,18,2016,2018,2,2016,2,"{2016: 15, 2017: 1, 2018: 2}",Ethics of Resistance in Organisations: A Conceptual Proposal
61992289,Journal of Advertising Research,58,1,12,2016,2018,2,2018,2,"{2016: 2, 2017: 3, 2018: 7}",How a Smile Can Make a Difference:Enhancing the Persuasive Appeal Of Celebrity Endorsers | The Market Value Of Celebrity Endorsement
32361082,European Review of Agricultural Economics,51,3,10,2022,2024,2,2024,2,"{2022: 1, 2024: 9}","Market power, markup volatility and the role of cooperatives in the food value chain: evidence from Italy"
18095783,Journal of Business and Economic Statistics,36,4,17,2016,2018,2,2016,2,"{2016: 9, 2017: 2, 2018: 6}",Semiparametric Analysis of Network Formation | Can Business Owners Form Accurate Counterfactuals? Eliciting Treatment and Control Beliefs About Their Outcomes in the Alternative Treatment Status
95464858,Econometrica,74,6,9,2004,2006,2,2006,2,"{2004: 1, 2005: 1, 2006: 7}",Bounds in Competing Risks Models and the War on Cancer
151705444,Journal of Management Studies,62,5,10,2022,2024,2,2024,2,"{2022: 1, 2023: 4, 2024: 5}",Pace Layering as a Metaphor for Organizing in the Age of Intelligent Technologies: Considering the Future of Work by Theorizing the Future of Organizing
105799767,European Journal of the History of Economic Thought,22,2,11,2013,2015,2,2015,2,"{2013: 5, 2015: 6}",A comprehensive graphical exposition of the macroeconomic theory of Böhm-Bawerk | Behavioural economics: Classical and modern
35673206,International Marketing Review,40,5,18,2021,2023,2,2023,2,"{2021: 1, 2022: 9, 2023: 8}",Understanding firm survival in a global crisis
30207186,CESifo Economic Studies,60,1,9,2012,2014,2,2014,2,"{2012: 1, 2013: 4, 2014: 4}",On the Policy Implications of Changing Longevity
99768379,Management Learning,51,5,11,2018,2020,2,2020,2,"{2018: 5, 2020: 6}",Book Review: How to be a happy academic | Book Review: Heidegger and executive education: The management of time
95323914,Journal of Political Economy,132,7,9,2022,2024,2,2024,2,"{2022: 1, 2023: 3, 2024: 5}",Credible Persuasion
37173775,European Journal of Law and Economics,34,1,18,2010,2012,2,2010,2,"{2010: 8, 2011: 5, 2012: 5}","Consumers’ choices, infringements and market competition | Economic incongruities in the European patent system"
201928713,Review of Radical Political Economics,55,1,16,2021,2023,2,2023,2,"{2021: 2, 2022: 8, 2023: 6}",Where Exactly Does the Sexist Bias in the Official Measurement of Monetary Poverty in Europe Come From? | The Political Economy of Heteronormativity
4210168091,The Journal of Law Economics and Organization,27,1,7,2009,2011,2,2009,2,"{2009: 6, 2011: 1}",Editor's Note
105799767,European Journal of the History of Economic Thought,19,1,12,2010,2012,2,2012,2,"{2010: 4, 2011: 2, 2012: 6}",On Marshall's idealism | On Marshall's presumed idealism: A note on<i>The Intellectual Foundations of Alfred Marshall's Economic Science. A Rounded Globe of Knowledge</i>by Simon Cook
174413665,Review of Income and Wealth,60,4,21,2012,2014,2,2014,2,"{2012: 4, 2013: 12, 2014: 5}",Using Personal Car Register for Measuring Economic Inequality in Countries with a Large Share of Shadow Economy: Evidence for<scp>L</scp>atvia | How Does Fiscal Consolidation Impact on Income Inequality?
122073985,The Journal of Economic History,70,3,17,2008,2010,2,2010,2,"{2008: 1, 2010: 16}",Crossover Inventions And Knowledge Diffusion Of General Purpose Technologies? Evidence From The Electrical Technology
50366009,Urban Studies,62,3,7,2022,2024,2,2024,2,"{2022: 1, 2023: 3, 2024: 3}","Mesoamerican urbanism: Indigenous institutions, infrastructure, and resilience"
206124708,Organization Science,26,1,16,2013,2015,2,2015,2,"{2013: 1, 2014: 14, 2015: 1}",Mood at the Midpoint: Affect and Change in Exploratory Search Over Time in Teams That Face a Deadline
43637407,R and D Management,53,4,11,2021,2023,2,2023,2,"{2021: 1, 2022: 6, 2023: 4}",Impact of workspace environment on creativity and innovation: empirical evidence from a makerspace in China
182666042,Naval Research Logistics (NRL),65,8,7,2016,2018,2,2018,2,"{2016: 1, 2017: 3, 2018: 3}",Finite‐horizon Markov population decision chains with constant risk posture
4210181832,Total Quality Management & Business Excellence,26,3-4,15,2012,2014,2,2014,2,"{2012: 1, 2013: 13, 2014: 1}",Contribution to quality research: a literature review of Kano's model from 1998 to 2012
200274427,Pacific Economic Review,23,2,11,2016,2018,2,2016,2,"{2016: 6, 2018: 5}",Trusting banks in China | Renminbi central parity: An empirical investigation
107859553,International Small Business Journal Researching Entrepreneurship,32,4,8,2012,2014,2,2014,2,"{2012: 4, 2013: 1, 2014: 3}",Small and medium-sized enterprise internationalisation strategy and performance in times of market turbulence
133599136,Organizational Research Methods,24,4,7,2019,2021,2,2019,2,"{2019: 1, 2020: 5, 2021: 1}","Best Practices in Data Collection and Preparation: Recommendations for Reviewers, Editors, and Authors"
171424506,European Accounting Review,31,1,10,2020,2022,2,2020,2,"{2020: 4, 2021: 5, 2022: 1}","Thank you to Associate Editors, Editorial Board Members, Ad-hoc Associate Editors, Guest Editors and Reviewers 2021"
57667410,Annals of Operations Research,187,1,14,2009,2011,2,2009,2,"{2009: 8, 2010: 5, 2011: 1}","Port security/safety, risk analysis, and modeling"
2764810659,Journal of Small Business & Entrepreneurship,35,4,7,2020,2022,2,2020,2,"{2020: 1, 2021: 5, 2022: 1}","Antecedents, consequents and moderators of business models in SMEs: a meta-analytical research study"
6450948,Issues in Accounting Education,32,1,10,2015,2017,2,2017,2,"{2015: 8, 2016: 1, 2017: 1}",Analyzing Data for Decision Making: Integrating Spreadsheet Modeling and Database Querying
163774179,Labour Economics,18,5,14,2009,2011,2,2011,2,"{2009: 1, 2011: 13}",Curbing Cream-Skimming: Evidence on Enrolment Incentives
82262387,Journal of Information Systems,31,1,7,2015,2017,2,2017,2,"{2015: 1, 2016: 5, 2017: 1}",IT Governance and the Maturity of IT Risk Management Practices
141165859,Studies in Economics and Finance,38,2,18,2019,2021,2,2021,2,"{2019: 5, 2020: 9, 2021: 4}",The nexus between the exchange rates and interest rates: evidence from BRIICS economies during the COVID-19 pandemic | COVID-19 pandemic and cryptocurrency markets: an empirical analysis from a linear and nonlinear causal relationship
19358283,International Journal of Advertising,38,2,9,2017,2019,2,2019,2,"{2017: 2, 2018: 5, 2019: 2}",How brands appear in children's movies. A systematic content analysis of the past 25 Years | Advertising targeting young children: an overview of 10 years of research (2006–2016)
22315241,FinanzArchiv Public Finance Analysis,72,2,4,2014,2016,2,2016,2,"{2014: 1, 2016: 3}",Dividend Taxation and the Cost of New Share Issues
4210176348,Journal of Science and Technology Policy Management,15,4,10,2021,2023,2,2023,2,"{2021: 1, 2022: 3, 2023: 6}",Mental health innovative solutions in the context of the COVID-19 pandemic
78792899,Journal of Small Business Management,53,4,23,2013,2015,2,2013,2,"{2013: 4, 2014: 16, 2015: 3}","Entrepreneurship Everywhere… Across Campus, Across Communities, and Across Borders | Do Entrepreneurial Role Models Influence the Nascent Entrepreneurial Activity of Immigrants?"
5353659,The Journal of Finance,70,1,14,2013,2015,2,2015,2,"{2013: 2, 2014: 8, 2015: 4}",Taxes and Corporate Policies: Evidence from a Quasi Natural Experiment | Taking the Long Way Home: U.S. Tax Evasion and Offshore Investments in U.S. Equity and Debt Markets
76633192,Journal of Business Ethics,163,1,13,2018,2020,2,2018,2,"{2018: 9, 2019: 2, 2020: 2}","“Speaking on Behalf of…”: Leadership Ethics and the Collective Nature of Moral Reflection | Correction to: Leadership, the American Academy of Management, and President Trump’s Travel Ban: A Case Study in Moral Imagination"
134988049,Econometric Reviews,41,1,6,2020,2022,2,2022,2,"{2020: 3, 2021: 1, 2022: 2}","The MLE of Aigner, Amemiya, and Poirier is <i>not</i> the expectile MLE"
50631486,Journal of Knowledge Management,24,2,17,2018,2020,2,2020,2,"{2018: 1, 2019: 5, 2020: 11}","Strategic knowledge management: theory, practice and future challenges"
57667410,Annals of Operations Research,236,2,10,2013,2015,2,2013,2,"{2013: 5, 2014: 3, 2015: 2}",Variable neighborhood search for the stochastic and dynamic vehicle routing problem | Preface
163774179,Labour Economics,18,6,14,2009,2011,2,2011,2,"{2009: 1, 2010: 1, 2011: 12}","Adverse Workplace Conditions, High-Involvement Work Practices and Labor Turnover: Evidence from Danish Linked Employer-Employee Data"
127708089,Journal of Economic Literature,60,1,14,2020,2022,2,2022,2,"{2020: 1, 2022: 13}",Modern Infectious Diseases: Macroeconomic Impacts and Policy Responses
201533460,Applied Economics,54,8,7,2020,2022,2,2022,2,"{2020: 1, 2021: 5, 2022: 1}",Effectiveness of fertilizer policy reforms to enhance food security in Kenya: a macro–micro simulation analysis
203746597,The Annals of Regional Science,59,3,11,2015,2017,2,2017,2,"{2015: 1, 2016: 9, 2017: 1}",Dynamics of job satisfaction around internal migrations: a panel analysis of young people in Britain and Australia
4210218449,Business Ethics the Environment & Responsibility,31,3,19,2020,2022,2,2022,2,"{2020: 1, 2022: 18}",Specifically human: Human work and care in the age of machines
169699294,Accounting Education,19,1-2,11,2008,2010,2,2010,2,"{2008: 1, 2009: 8, 2010: 2}",Incorporating Sustainability into Accounting Curricula: Lessons Learnt From an Action Research Study
191005381,Defence and Peace Economics,29,5,6,2016,2018,2,2016,2,"{2016: 5, 2018: 1}",Political economic perspectives of the Israeli-Palestinian Conflict
26073974,Oxford Economic Papers,56,2,11,2002,2004,2,2004,2,"{2002: 1, 2004: 10}",Taxation of a Venture Capitalist with a Portfolio of Firms
122767448,Journal of Management,44,6,10,2016,2018,2,2016,2,"{2016: 2, 2017: 2, 2018: 6}","The Business Case for Women Leaders: Meta-Analysis, Research Critique, and Path Forward | Variations in Employee Performance in Response to Organizational Justice: The Sensitizing Effect of Socioeconomic Conditions"
184446198,Journal of Public Economic Theory,18,3,6,2014,2016,2,2016,2,"{2014: 3, 2015: 1, 2016: 2}",Quantifying Optimal Growth Policy
172526255,Finance and Stochastics,22,3,7,2016,2018,2,2018,2,"{2016: 1, 2018: 6}",Chebyshev Interpolation for Parametric Option Pricing (first version 2015)
7424199,Public Choice,180,1-2,10,2017,2019,2,2019,2,"{2017: 1, 2018: 8, 2019: 1}",How do federal regulations affect consumer prices? An analysis of the regressive effects of regulation
50631486,Journal of Knowledge Management,24,4,11,2018,2020,2,2020,2,"{2018: 1, 2020: 10}",Knowledge risk management in the public sector: insights into a Swedish municipality
22315241,FinanzArchiv Public Finance Analysis,70,1,5,2012,2014,2,2014,2,"{2012: 1, 2014: 4}",Foreign Aid and Revenue: Still a Crowding Out Effect?
131296671,Accounting Forum,42,1,13,2016,2018,2,2018,2,"{2016: 2, 2017: 5, 2018: 6}",The new public corruption: Old questions for new challenges | Anti-bribery disclosures: A response to networked governance
51113653,The Engineering Economist,61,3,6,2014,2016,2,2016,2,"{2014: 1, 2015: 2, 2016: 3}",Remanufacturing decision and sustainability under product life cycle uncertainty
4210168091,The Journal of Law Economics and Organization,28,3,9,2010,2012,2,2010,2,"{2010: 4, 2011: 4, 2012: 1}",Who Sits at the Table in the House of Labor? Rank-and-File Citizenship and the Unraveling of Confederal Organizations
161221442,Abacus,50,1,6,2012,2014,2,2014,2,"{2012: 1, 2014: 5}",Pacioli's Example Entries—a Conundrum Resolved?
149131268,Journal of Economic Theory,126,1,14,2004,2006,2,2004,2,"{2004: 6, 2005: 6, 2006: 2}",SPET Announcement | Recently Accepted Papers
38024979,Journal of International Business Studies,51,5,7,2018,2020,2,2020,2,"{2018: 3, 2019: 2, 2020: 2}",Highly skilled and well connected: Migrant inventors in cross-border M&amp;As | Social influence and MNE strategic response to political risk: A global network approach
39841227,International Journal of Forecasting,35,2,30,2017,2019,2,2019,2,"{2017: 1, 2018: 20, 2019: 9}",Wage against the machine: A generalized deep-learning market test of dataset value
149131268,Journal of Economic Theory,137,1,37,2005,2007,2,2007,2,"{2005: 3, 2006: 4, 2007: 30}",Knowledge hierarchies in the labor market | Why the marriage squeeze cannot cause dowry inflation
133335107,Mathematical Finance,22,4,9,2010,2012,2,2010,2,"{2010: 1, 2011: 6, 2012: 2}",ASYMPTOTICS OF IMPLIED VOLATILITY IN LOCAL VOLATILITY MODELS
113957626,International Journal of Political Economy,31,2,5,2001,2003,2,2001,2,"{2001: 4, 2003: 1}",The Social Impact of Economic Crisis in Latin America
206615888,Economic Inquiry,49,2,20,2008,2010,2,2010,2,"{2008: 1, 2010: 19}","PAYING MORE TO HIRE THE BEST? FOREIGN FIRMS, WAGES, AND WORKER MOBILITY"
197145128,Journal of Organizational Change Management,34,4,10,2019,2021,2,2021,2,"{2019: 3, 2020: 5, 2021: 2}",Draw your organization! A solution-focused theory-method for business school challenges and change | Theory as method: introduction to supertheoretical options for organization and management research
95323914,Journal of Political Economy,114,2,7,2004,2006,2,2006,2,"{2004: 1, 2006: 6}",Economics: An Emerging Small World
45992627,The Economic Journal,125,585,10,2013,2015,2,2015,2,"{2013: 5, 2014: 4, 2015: 1}",Convergence and Modernisation
65528657,Journal of Regional Science,55,1,15,2013,2015,2,2015,2,"{2013: 1, 2014: 6, 2015: 8}",THE SPATIAL DEVELOPMENT OF INDIA
22315241,FinanzArchiv Public Finance Analysis,59,1,6,2001,2003,2,2003,2,"{2001: 1, 2003: 5}",Redundancy Pay and Collective Dismissals
192266589,Group & Organization Management,49,2,9,2022,2024,2,2022,2,"{2022: 1, 2023: 1, 2024: 7}","More than Follow the Leader: Expectations, Behaviors, Stability, and Change in a Co-Created Leadership Process"
75845752,Auditing A Journal of Practice & Theory,35,1,11,2014,2016,2,2016,2,"{2014: 1, 2015: 9, 2016: 1}",Are Juries More Likely to Second-Guess Auditors under Imprecise Accounting Standards?
160573970,Journal of Organizational Behavior,39,5,10,2016,2018,2,2018,2,"{2016: 1, 2017: 3, 2018: 6}",Analyzing if and how international organizations contribute to the sustainable development goals: Combining power and behavior
107036887,Asia Pacific Journal of Management,28,4,11,2009,2011,2,2009,2,"{2009: 9, 2010: 1, 2011: 1}",Principal-principal conflicts during crisis
151220816,Post-Communist Economies,34,1,6,2019,2021,2,2021,2,"{2019: 3, 2020: 1, 2021: 2}",The post-soviet Moldovan capitalism: between oligarchic political economy and reciprocity
38024979,Journal of International Business Studies,53,3,8,2020,2022,2,2022,2,"{2020: 1, 2021: 4, 2022: 3}",National culture and international business: A path forward
37320504,Industrial Management & Data Systems,122,3,12,2020,2022,2,2022,2,"{2020: 1, 2022: 11}",Improving supply chain collaboration through operational excellence approaches: an IoT perspective
38350834,Journal of Business Logistics,42,2,6,2019,2021,2,2021,2,"{2019: 1, 2021: 5}",The Invisible Side of Managing Sustainability in Global Supply Chains: Evidence from Multitier Apparel Suppliers
116483603,Journal of Risk & Insurance,84,1,11,2015,2017,2,2015,2,"{2015: 9, 2016: 1, 2017: 1}","Computational Actuarial Science With R by Arthur Charpentier (editor), 2015, Boca Raton, FL: CRC Press, 618 pages, ISBN: 978‐1‐4665‐9259‐9."
199447588,Journal of Public Economics,88,1-2,17,2001,2003,2,2003,2,"{2001: 1, 2002: 10, 2003: 6}",Gerontocracy Revisited: Unilateral Transfer to the Young May Benefit the Middle-Aged
81022070,Journal of Policy Modeling,43,1,12,2019,2021,2,2021,2,"{2019: 1, 2020: 10, 2021: 1}",Differences in wage determination in the Eurozone: A challenge to the resilience of the common currency
201533460,Applied Economics,53,34,7,2019,2021,2,2021,2,"{2019: 1, 2021: 6}",Symmetric and Asymmetric Effects of Exchange Rates on Money Demand: Empirical Evidence From Vietnam
57667410,Annals of Operations Research,262,1,11,2016,2018,2,2016,2,"{2016: 6, 2017: 4, 2018: 1}",CVaR distance between univariate probability distributions and approximation problems
62110574,Review of Quantitative Finance and Accounting,65,1,16,2022,2024,2,2024,2,"{2022: 1, 2023: 8, 2024: 7}",Correction to: Risk premia in the term structure of crude oil futures: long‑run and short‑run volatility components
30207186,CESifo Economic Studies,58,1,9,2010,2012,2,2012,2,"{2010: 1, 2011: 6, 2012: 2}",Climate Treaties and Backstop Technologies
101788309,Papers of the Regional Science Association,96,2,12,2015,2017,2,2017,2,"{2015: 6, 2016: 1, 2017: 5}",Neighbour regions as the source of new industries
57667410,Annals of Operations Research,250,1,15,2015,2017,2,2015,2,"{2015: 12, 2016: 1, 2017: 2}",A complex adaptive systems approach for productive efficiency analysis: building blocks and associative inferences
187626162,Entrepreneurship Theory and Practice,35,2,11,2009,2011,2,2011,2,"{2009: 8, 2010: 1, 2011: 2}",A 2 × 2 Conceptual Foundation for Entrepreneurial Discovery Theory
44376543,Business & Society,59,6,7,2018,2020,2,2018,2,"{2018: 6, 2020: 1}",Business and Society Research in Times of the Corona Crisis
57667410,Annals of Operations Research,236,1,14,2013,2015,2,2013,2,"{2013: 5, 2014: 6, 2015: 3}",Value-based argumentation for policy decision analysis: methodology and an exploratory case study of a hydroelectric project in Québec | Modeling and mitigating the effects of supply chain disruption in a defender–attacker game
126936603,International Regional Science Review,40,5,5,2015,2017,2,2015,2,"{2015: 4, 2017: 1}",Scholarly Collaboration in Regional Science in Developing Countries
31690342,Strategic Entrepreneurship Journal,14,1,6,2018,2020,2,2020,2,"{2018: 1, 2019: 3, 2020: 2}",The household as a source of labor for entrepreneurs: Evidence from New York City during industrialization
131852005,European Financial Management,16,3,8,2008,2010,2,2008,2,"{2008: 5, 2009: 2, 2010: 1}",Executive Summaries
66510378,Critical Perspectives on Accounting,21,5,8,2008,2010,2,2010,2,"{2008: 3, 2009: 1, 2010: 4}",Accounting infrastructure and accountability in the management of public expenditure in developing countries: A focus on Nigeria
82316188,European Journal of Finance,30,16,8,2021,2023,2,2023,2,"{2021: 4, 2022: 3, 2023: 1}",Cryptocurrency research: future directions
92522684,Journal of the Academy of Marketing Science,47,3,10,2017,2019,2,2019,2,"{2017: 1, 2018: 3, 2019: 6}",Can attempts to delight customers with surprise gains boomerang? A test using low-price guarantees
52333995,Journal of Economic Methodology,31,4,10,2022,2024,2,2024,2,"{2022: 1, 2023: 1, 2024: 8}",Economic theories and their Dueling interpretations
4210190151,Omega,36,6,19,2006,2008,2,2006,2,"{2006: 10, 2007: 6, 2008: 3}",A linear formulation of the two-level DEA model | Two-level DEA approaches in research evaluation
151705444,Journal of Management Studies,49,3,8,2010,2012,2,2012,2,"{2010: 1, 2011: 6, 2012: 1}",Corporate Governance and the Environment: What Type of Governance Creates Greener Companies?
44376543,Business & Society,57,6,9,2016,2018,2,2016,2,"{2016: 3, 2017: 5, 2018: 1}","Value Creation, Appropriation, and Distribution: How Firms Contribute to Societal Economic Inequality"
57667410,Annals of Operations Research,246,1-2,19,2014,2016,2,2014,2,"{2014: 11, 2015: 7, 2016: 1}",Location analysis
105799767,European Journal of the History of Economic Thought,20,1,9,2011,2013,2,2013,2,"{2011: 4, 2012: 1, 2013: 4}",An unpublished letter of David Ricardo on the double standard of money
143806524,The Journal of Portfolio Management,35,5,22,2009,2011,2,2009,2,"{2009: 10, 2011: 12}",Style Analysis in Real Estate Markets: <i>Beyond the Sector and Region Dichotomy</i> | The Real Estate Risk Premium:<i>A Developed/Emerging Country Panel Data Analysis</i>
184446198,Journal of Public Economic Theory,22,2,11,2018,2020,2,2020,2,"{2018: 4, 2019: 6, 2020: 1}","An introduction to the second special issue commemorating works of James Andreoni, Theodore Bergstrom, Larry Blume, and Hal Varian"
65353606,International Journal of Retail & Distribution Management,48,5,6,2018,2020,2,2020,2,"{2018: 1, 2020: 5}",The impact of experiential augmented reality applications on fashion purchase intention
101209419,Journal of Development Economics,76,2,11,2002,2004,2,2004,2,"{2002: 1, 2004: 10}",Crime and Local Inequality in South Africa
4210207936,Schmalenbach Business Review,58,3,4,2004,2006,2,2006,2,"{2004: 1, 2006: 3}",Estimating Probabilities of Default for German Savings Banks and Credit Cooperatives
196919950,Family Business Review,34,2,6,2019,2021,2,2021,2,"{2019: 1, 2020: 4, 2021: 1}",Family Business Succession: What’s Motivation Got to Do With It?
4210168091,The Journal of Law Economics and Organization,27,3,8,2009,2011,2,2009,2,"{2009: 5, 2010: 1, 2011: 2}","Public Utility Ownership in 19th-Century America: The ""Aberrant"" Case of Water"
23254222,American Economic Review,112,4,9,2020,2022,2,2022,2,"{2020: 1, 2022: 8}",Public Procurement in Law and Practice
45992627,The Economic Journal,126,595,10,2014,2016,2,2014,2,"{2014: 6, 2015: 2, 2016: 2}",Changing Tastes and Effective Consistency | Trust and Cheating
43637407,R and D Management,50,1,10,2018,2020,2,2020,2,"{2018: 7, 2019: 2, 2020: 1}",Exploring open innovation in the digital age: A maturity model and future research directions
113497174,Human Resource Management Journal,34,1,13,2021,2023,2,2023,2,"{2021: 4, 2023: 9}",Building prediction models with grouped data: A case study on the prediction of turnover intention | Global norm‐making processes in contemporary multinationals
90392387,South African Journal of Economics,85,1,8,2015,2017,2,2017,2,"{2015: 1, 2016: 4, 2017: 3}","Asset Price Bubbles: Existence, Persistence and Migration"
126936603,International Regional Science Review,41,1,7,2016,2018,2,2016,2,"{2016: 5, 2017: 1, 2018: 1}",Modeling Regional Growth and Innovation
6711363,Journal of Monetary Economics,49,2,11,2000,2002,2,2002,2,"{2000: 1, 2002: 10}",The Conventional Treatment of Seasonality in Business Cycle Analysis: Does it Create Distortions?
136211407,Ecological Economics,69,4,25,2008,2010,2,2010,2,"{2008: 8, 2009: 14, 2010: 3}","Economists, time to team up with the ecologists! | Measuring sustainable welfare: A new approach to the ISEW"
122767448,Journal of Management,42,1,11,2013,2015,2,2013,2,"{2013: 3, 2015: 8}",Social Media in Employee-Selection-Related Decisions | Comparative International Entrepreneurship
107325288,Social Choice and Welfare,60,1-2,14,2020,2022,2,2022,2,"{2020: 2, 2021: 7, 2022: 5}",Ordinal allocation | Tailored recommendations
92522684,Journal of the Academy of Marketing Science,45,3,8,2015,2017,2,2017,2,"{2015: 3, 2016: 3, 2017: 2}",Executing on a customer engagement strategy | The role of climate: implications for service employee engagement and customer service performance
131852005,European Financial Management,20,4,7,2012,2014,2,2012,2,"{2012: 2, 2013: 4, 2014: 1}",Agency‐Based Asset Pricing and the Beta Anomaly
78792899,Journal of Small Business Management,56,2,10,2016,2018,2,2016,2,"{2016: 8, 2018: 2}",ICSB Information | ICSB Membership
4210237103,Indonesian Management and Accounting Research,21,1,6,2022,2024,2,2024,2,"{2022: 1, 2024: 5}",Determinants of Fraud Prevention in Village Fund Management with Organizational Justice as Moderator
143668711,Administrative Science Quarterly,65,3,8,2018,2020,2,2020,2,"{2018: 1, 2019: 6, 2020: 1}",Waking from Mao’s Dream: Communist Ideological Imprinting and the Internationalization of Entrepreneurial Ventures in China
2735890421,The World Bank Economic Review,29,3,7,2013,2015,2,2015,2,"{2013: 2, 2014: 3, 2015: 2}","Exchange Rate Volatility, Financial Constraints, and Trade: Empirical Evidence from Chinese Firms | Product Relatedness and Firm Exports in China"
135086714,Journal of Information Technology,32,1,6,2015,2017,2,2017,2,"{2015: 3, 2016: 2, 2017: 1}",Partners of Humans: A Realistic Assessment of the Role of Robots in the Foreseeable Future
66524056,Journal of Business Economics and Management,15,1,10,2012,2014,2,2014,2,"{2012: 1, 2013: 3, 2014: 6}",CHOOSING A TRAVEL AGENCY FRANCHISE BY MEAN OF A GLOBAL COMPOSITE INDICATOR: AN APPLICATION IN SPAIN
74096415,Journal of Economic Policy Reform,22,3,7,2017,2019,2,2017,2,"{2017: 1, 2018: 4, 2019: 2}",The multiple accountabilities of the European Banking Authority
185905316,The Journal of Technology Transfer,43,1,12,2015,2017,2,2017,2,"{2015: 4, 2016: 4, 2017: 4}",Does technological diversification spur university patenting? | Facilitators and inhibitors in sector wide technology transfer projects in developing economies: an empirical study
200274427,Pacific Economic Review,24,2,9,2017,2019,2,2017,2,"{2017: 2, 2018: 2, 2019: 5}",How fast can China grow? The Middle Kingdom's prospects to 2030 | Analysing Systemic Risk in the Chinese Banking System
44376543,Business & Society,49,2,9,2008,2010,2,2010,2,"{2008: 5, 2010: 4}",Conceptualizing and Measuring Ethical Work Climate | The Impact of Corporate Supplier Diversity Programs on Corporate Purchasers’ Intention to Purchase From Women-Owned Enterprises
5984737,Journal of Financial Intermediation,14,1,6,2003,2005,2,2005,2,"{2003: 2, 2004: 2, 2005: 2}",Talking up liquidity: insider trading and investor relations | Security analysis and market making
18727733,IMA Journal of Management Mathematics,34,4,10,2021,2023,2,2021,2,"{2021: 1, 2022: 6, 2023: 3}",Pricing double-barrier Parisian options
5353659,The Journal of Finance,62,6,16,2005,2007,2,2007,2,"{2005: 1, 2007: 15}",The Risk-Adjusted Cost of Financial Distress
107036887,Asia Pacific Journal of Management,28,3,10,2009,2011,2,2009,2,"{2009: 6, 2010: 3, 2011: 1}",A checklist for prospective authors of Asia Pacific Journal of Management
166264140,Emerging Markets Finance and Trade,57,15,19,2019,2021,2,2019,2,"{2019: 2, 2020: 15, 2021: 2}",Media-based Corporate Network and Its Effects on Stock Market | The Effects of Trust on Policyholders’ Purchase Intentions in an Online Insurance Platform
4210218449,Business Ethics the Environment & Responsibility,32,S1,7,2021,2023,2,2023,2,"{2021: 2, 2022: 4, 2023: 1}",Capitalism &amp; ethics
187270080,European Journal of Work and Organizational Psychology,33,2,9,2022,2024,2,2024,2,"{2022: 1, 2023: 5, 2024: 3}",People’s reactions to decisions by human vs. algorithmic decision-makers: the role of explanations and type of selection tests
4210181832,Total Quality Management & Business Excellence,36,1-2,10,2022,2024,2,2024,2,"{2022: 1, 2024: 9}",Correction
149070780,Production and Operations Management,34,5,14,2022,2024,2,2024,2,"{2022: 2, 2024: 12}",Volume Flexibility at Responsive Suppliers in Reshoring Decisions: Analysis of a Dual Sourcing Inventory Model | Mitigating Supply Risk with Limited Information: Emergency Supply and Responsive Pricing
133335107,Mathematical Finance,22,1,7,2010,2012,2,2010,2,"{2010: 6, 2012: 1}",THE MEANING OF MARKET EFFICIENCY
166621295,Journal of Health Economics,28,3,17,2007,2009,2,2009,2,"{2007: 1, 2008: 3, 2009: 13}",Anti-depressants and Suicide
145200904,Health Economics,15,3,6,2004,2006,2,2006,2,"{2004: 1, 2005: 4, 2006: 1}",Sometimes More Equal than Others: How Health Inequalities Depend on the Choice of Welfare Indicator
4210209709,Health Policy,124,6,11,2018,2020,2,2020,2,"{2018: 1, 2019: 2, 2020: 8}",“Stop talking around projects and talk about solutions”: Positioning health within infrastructure policy to achieve the sustainable development goals
166621295,Journal of Health Economics,23,1,11,2002,2004,2,2004,2,"{2002: 1, 2003: 6, 2004: 4}",The Interaction of Partial Public Insurance Programs and Residual Private Insurance Markets: Evidence from the U.S. Medicare Program
166621295,Journal of Health Economics,29,3,13,2008,2010,2,2010,2,"{2008: 1, 2010: 12}",The Effect of Medicare Coverage for the Disabled on the Market for Private Insurance
166621295,Journal of Health Economics,32,5,18,2011,2013,2,2013,2,"{2011: 1, 2013: 17}",Do Cost-Sharing and Entry Deregulation Curb Pharmaceutical Innovation?
579031,Economic Theory,77,4,9,2021,2023,2,2023,2,"{2021: 1, 2022: 1, 2023: 7}",Incentive and welfare implications of cross-holdings in oligopoly
4210186510,Journal of International Business Policy,6,2,7,2021,2023,2,2023,2,"{2021: 1, 2022: 2, 2023: 4}","Intergovernmental organizations, institutional schisms, and business environments"
107325288,Social Choice and Welfare,62,2,8,2021,2023,2,2023,2,"{2021: 1, 2023: 7}","Technological Advance, Social Fragmentation and Welfare"
194824457,The Geneva Risk and Insurance Review,48,1,4,2021,2023,2,2023,2,"{2021: 1, 2022: 2, 2023: 1}",Mental health changes and the willingness to take risks
127742747,Journal of Econometrics,227,2,4,2020,2022,2,2020,2,"{2020: 1, 2021: 2, 2022: 1}",Residual-augmented IVX predictive regression
125733402,Investigación Económica,28,2,5,2002,2004,2,2004,2,"{2002: 1, 2004: 4}",THE CONTRIBUTION OF ICT TO ECONOMIC ACTIVITY: A GROWTH ACCOUNTING EXERCISE WITH SPANISH FIRM-LEVEL DATA
2765032997,Indian Economic Review,49,1,6,2012,2014,2,2014,2,"{2012: 1, 2014: 5}",Food Price Inflation in India: Causes and Cures
41416626,Harvard business review,82,8,6,2002,2004,2,2004,2,"{2002: 1, 2004: 5}","No homogeneice, sincronice"
2764929533,South Asian Journal of Management,23,4,7,2014,2016,2,2016,2,"{2014: 1, 2016: 6}","Foreign Aid vs. Economic Development: Exploring the Empirical Linkage for India, Sri Lanka and Maldives"
105799767,European Journal of the History of Economic Thought,19,2,9,2010,2012,2,2012,2,"{2010: 2, 2011: 3, 2012: 4}","The reception of Lionel Robbins in Italy | The Spitalfields Acts and the classics: Ricardo, J.S. Mill, Bowring, and Senior on the London silk industry (1823 to 1841)"
158451771,Journal of Marketing Communications,25,5,6,2017,2019,2,2017,2,"{2017: 4, 2018: 1, 2019: 1}",Consumer-based brand equity (CBBE) and the role of social media communications: Qualitative findings from the Malaysian automotive industry
170231156,International Journal of Entrepreneurial Behaviour & Research,26,1,9,2018,2020,2,2020,2,"{2018: 7, 2019: 1, 2020: 1}",Where less is more: institutional voids and business families in Sub-Saharan Africa
18095783,Journal of Business and Economic Statistics,37,4,16,2017,2019,2,2017,2,"{2017: 9, 2018: 6, 2019: 1}",Editorial Collaborators
81159284,International Journal of Quality & Reliability Management,39,8,10,2019,2021,2,2021,2,"{2019: 1, 2020: 2, 2021: 7}",Application of graph-theoretic approach for the evaluation of lean-six-sigma (LSS) critical-success-factors (CSFs) facilitating quality-audits in Indian small &amp; medium enterprises (SMEs)
204305389,Journal of Management Development,40,3,7,2019,2021,2,2021,2,"{2019: 1, 2021: 6}",Combining interventions: an innovative leadership development program
38024979,Journal of International Business Studies,53,6,13,2020,2022,2,2022,2,"{2020: 5, 2021: 4, 2022: 4}",The impact of multinational enterprises on community informal institutions and rural poverty | Understanding the unwritten rules of the game: Government work experience and salary premiums in foreign MNC subsidiaries
126936603,International Regional Science Review,41,3,5,2016,2018,2,2016,2,"{2016: 4, 2018: 1}",Toblerâ€™s Law and Spatial Optimization
4210168091,The Journal of Law Economics and Organization,28,4,10,2010,2012,2,2010,2,"{2010: 3, 2011: 5, 2012: 2}",The Ecological and Civil Mainsprings of Property: An Experimental Economic History of Whalers' Rules of Capture | Acknowledgments
126936603,International Regional Science Review,35,4,4,2010,2012,2,2012,2,"{2010: 1, 2012: 3}",Comparing Multipliers from Survey and Non-Survey Based IO Models
171424506,European Accounting Review,21,1,8,2010,2012,2,2012,2,"{2010: 3, 2011: 3, 2012: 2}","Interviews – Learning the Craft of Qualitative Research Interviewing | Compensation and Organisational Performance: Theory, Research and Practice (1<sup>st</sup>Edition)"
166264140,Emerging Markets Finance and Trade,57,6,22,2019,2021,2,2019,2,"{2019: 4, 2021: 18}",Household Financial Portfolios in an Emerging Economy—The Case of Chile | Trade Liberalization and Labor Market Adjustments: Does Rent Sharing Matter?
2764726166,Asia Pacific Management Review,25,3,7,2018,2020,2,2020,2,"{2018: 1, 2019: 1, 2020: 5}",The dark and bright sides of agency problems: Evidence from insider compensation of family pyramidal firms
203860005,The Quarterly Journal of Economics,128,2,9,2011,2013,2,2013,2,"{2011: 1, 2012: 3, 2013: 5}",Proximity and Investment: Evidence from Plant-Level Data
107859553,International Small Business Journal Researching Entrepreneurship,33,4,6,2013,2015,2,2013,2,"{2013: 4, 2015: 2}",Book review: Organizing entrepreneurial judgment: A new approach to the firm | The evolution of the small business and entrepreneurship field: A bibliometric investigation of articles published in the <i>International Small Business Journal</i>
187626162,Entrepreneurship Theory and Practice,36,2,11,2010,2012,2,2012,2,"{2010: 9, 2012: 2}","Revising Manuscripts for Premier Entrepreneurship Journals | Instructor's Note: RHS, Inc.: Innovation “Guiding” Agriculture"
4210171597,Accounting and Finance,58,4,9,2016,2018,2,2016,2,"{2016: 5, 2017: 1, 2018: 3}",Adoption of international financial reporting standards and the cost of adverse selection
47824075,Global Economic Review,45,3,6,2014,2016,2,2016,2,"{2014: 1, 2016: 5}",FRAND Royalties and Injunctions for Standard Essential Patents
88935262,The Review of Economic Studies,71,3,11,2002,2004,2,2004,2,"{2002: 1, 2004: 10}",Wealth Inequality and Intergenerational Links
145200904,Health Economics,30,S1,8,2019,2021,2,2021,2,"{2019: 2, 2020: 4, 2021: 2}","Smoking, life expectancy, and chronic disease in South Korea, Singapore, and the United States: A microsimulation model | The effect of college education on health and mortality: Evidence from Canada"
124549413,Journal of Economic Surveys,18,3,8,2002,2004,2,2004,2,"{2002: 1, 2004: 7}",Macroeconomic Adjustment and the Poor: Analytical Issues and Cross-Country Evidence
131852005,European Financial Management,19,3,8,2011,2013,2,2013,2,"{2011: 1, 2013: 7}",Herding in a Concentrated Market: a Question of Intent
143995394,Journal of World Business,53,2,15,2016,2018,2,2018,2,"{2016: 3, 2017: 10, 2018: 2}",Contextualizing speed and cross-border acquisition performance: Labor market flexibility and efficiency effects | Business group reputation and affiliates’ internationalization strategies
4210173397,Journal of Public Finance and Public Choice,37,1,6,2020,2022,2,2022,2,"{2020: 1, 2021: 4, 2022: 1}",Health politics? Determinants of US states’ reactions to COVID-19
121026525,Journal of Evolutionary Economics,30,1,9,2018,2020,2,2020,2,"{2018: 7, 2019: 1, 2020: 1}",Technological unemployment and income inequality: a stock-flow consistent agent-based approach
44376543,Business & Society,59,7,7,2018,2020,2,2018,2,"{2018: 4, 2019: 2, 2020: 1}","The Elephant in the Room: The Nascent Research Agenda on Corporations, Social Responsibility, and Capitalism"
185905316,The Journal of Technology Transfer,44,5,13,2017,2019,2,2017,2,"{2017: 1, 2018: 4, 2019: 8}",Scientific and technological (human) social capital formation and Industry–University Cooperative Research Centers: a quasi-experimental evaluation of graduate student outcomes
166264140,Emerging Markets Finance and Trade,57,8,18,2019,2021,2,2019,2,"{2019: 13, 2020: 2, 2021: 3}",Spatial Differences in Emission Reduction Effect of Servitization of Manufacturing Industry Export in China | Predecessor versus Acquisition: Evidence of Business Combination under Common Control from China
149070780,Production and Operations Management,29,9,10,2018,2020,2,2020,2,"{2018: 1, 2020: 9}",Two Is Better Than One: A Dynamic Analysis of Value Co‐Creation
52333995,Journal of Economic Methodology,30,2,10,2021,2023,2,2023,2,"{2021: 2, 2022: 3, 2023: 5}",A deeper struggle for the soul of economics | The struggle for the soul of macroeconomics
2165841,International Finance,19,3,6,2014,2016,2,2016,2,"{2014: 1, 2016: 5}",External and Macroeconomic Adjustment in the Larger Euro Area Countries
206007305,Economic Systems,38,3,10,2012,2014,2,2014,2,"{2012: 1, 2014: 9}",Economic and Spatial Determinants of Interregional Migration in Kazakhstan
23254222,American Economic Review,96,5,26,2004,2006,2,2006,2,"{2004: 1, 2006: 25}",In the Right Place at the Wrong Time: The Role of Firms and Luck in Young Workers' Careers
39307421,Technological Forecasting and Social Change,71,9,10,2002,2004,2,2004,2,"{2002: 1, 2003: 3, 2004: 6}",FROM MY PERSPECTIVE
61992289,Journal of Advertising Research,57,4,11,2015,2017,2,2017,2,"{2015: 1, 2017: 10}",Improving the Effectiveness and Credibility Of Corporate Social Responsibility Messaging
171491724,Journal of Economics and Finance,35,4,7,2009,2011,2,2009,2,"{2009: 4, 2010: 2, 2011: 1}",Will export taxes replace VERs?
121026525,Journal of Evolutionary Economics,26,1,9,2014,2016,2,2016,2,"{2014: 1, 2015: 6, 2016: 2}",Rock Around the Clock: An Agent-Based Model of Low- and High-Frequency Trading
94552155,Organization & Environment,34,3,7,2019,2021,2,2019,2,"{2019: 3, 2020: 3, 2021: 1}",Tinkering With the Plumbing of Sustainable Enterprises: The Case for Field Experimental Research in Corporate Sustainability
105799767,European Journal of the History of Economic Thought,22,4,12,2013,2015,2,2015,2,"{2013: 5, 2015: 7}",Bernard Mandeville's vision of the social utility of pride and greed | Adam Smith on the subordination of wage-earners in the commercial society
76633192,Journal of Business Ethics,152,4,19,2016,2018,2,2016,2,"{2016: 12, 2018: 7}","Transformational Business Models, Grand Challenges, and Social Impact | Made in Carcere: Integral Human Development in Extreme Conditions"
95464858,Econometrica,71,5,13,2001,2003,2,2003,2,"{2001: 1, 2003: 12}",Estimation of a Dynamic Auction Game
199447588,Journal of Public Economics,96,9-10,19,2010,2012,2,2012,2,"{2010: 1, 2012: 18}",Evaluating the Efficiency and Equity of Federal Fiscal Equalization
192056284,Economics of Innovation and New Technology,17,5,6,2006,2008,2,2008,2,"{2006: 1, 2008: 5}",SCIENCE AND INDUSTRY: TRACING THE FLOW OF BASIC RESEARCH THROUGH MANUFACTURING AND TRADE
191005381,Defence and Peace Economics,30,1,8,2017,2019,2,2017,2,"{2017: 7, 2019: 1}",Editorial Announcement
35673206,International Marketing Review,40,1,8,2021,2023,2,2023,2,"{2021: 1, 2022: 6, 2023: 1}","Impact of nation brand experience on nation brand loyalty, and positive WOM in a changing environment: the role of nation brand love"
124549413,Journal of Economic Surveys,18,2,3,2002,2004,2,2004,2,"{2002: 1, 2004: 2}",Programme Evaluation with Multiple Treatments
12818680,Corporate Social Responsibility and Environmental Management,22,5,4,2013,2015,2,2013,2,"{2013: 3, 2015: 1}",The Effects of Climate Change Policy on the Business Community: A Corporate Environmental Accounting Perspective
107033909,Journal of Economics,131,1,4,2018,2020,2,2020,2,"{2018: 1, 2020: 3}","Downstream rivals’ competition, bargaining, and welfare"
192266589,Group & Organization Management,43,1,6,2016,2018,2,2018,2,"{2016: 1, 2017: 4, 2018: 1}",Conflict in Teams: Modeling Early and Late Conflict States and the Interactive Effects of Conflict Processes
7424199,Public Choice,195,3-4,10,2021,2023,2,2021,2,"{2021: 8, 2023: 2}",Standing on the shoulders of giants or science? Lessons from ordoliberalism | The Freiburg School and the Virginia School: introduction to the special issue
37173775,European Journal of Law and Economics,36,2,8,2011,2013,2,2011,2,"{2011: 4, 2012: 1, 2013: 3}",A microeconomic model of the demand of civil justice: is one institutional context better than another?
180061323,The Review of Economics and Statistics,106,6,19,2022,2024,2,2022,2,"{2022: 17, 2023: 1, 2024: 1}",Endogenous Firm Competition and the Cyclicality of Markups
27632631,Journal of Brand Management,17,2,6,2007,2009,2,2009,2,"{2007: 1, 2008: 3, 2009: 2}",Brand commitment in consumer–brand relationships: An investment model approach
4210220312,International Journal of Logistics Research and Applications,27,7,9,2022,2024,2,2022,2,"{2022: 7, 2024: 2}",The influence of supply chain leadership on innovation: the mediating role of team creativity climate and the moderating role of supply chain complexity | Involving purchasing and supply management in open ecological innovation: the moderating role of digital technologies
191005381,Defence and Peace Economics,30,4,8,2017,2019,2,2017,2,"{2017: 4, 2018: 3, 2019: 1}",Review of ‘The Emergence of EU Defense Research Policy: From Innovation to Militarization’
144747835,Australian Accounting Review,30,3,5,2018,2020,2,2018,2,"{2018: 3, 2020: 2}",Prudential Application of IFRS 9: (Un)Fair Reporting in COVID‐19 Crisis for Banks Worldwide?! | Executive Compensation and Financial Performance Measures: Evidence from Significant Financial Institutions
57667410,Annals of Operations Research,277,2,12,2017,2019,2,2017,2,"{2017: 5, 2018: 6, 2019: 1}",Preface: Queueing theory and network applications
165057322,Production Planning & Control,35,9,11,2022,2024,2,2022,2,"{2022: 9, 2023: 1, 2024: 1}","Exploring the potential of blockchain-enabled lean automation in supply chain management: a systematic literature review, classification taxonomy, and future research agenda"
42678134,Journal of Hospitality & Tourism Research,48,4,16,2022,2024,2,2022,2,"{2022: 2, 2023: 13, 2024: 1}",Responsible Tourism and Hospitality
76633192,Journal of Business Ethics,162,3,14,2018,2020,2,2018,2,"{2018: 13, 2020: 1}",Correction to: How do Consumers Reconcile Positive and Negative CSR-Related Information to Form an Ethical Brand Perception? A Mixed Method Inquiry
131852005,European Financial Management,15,3,9,2007,2009,2,2009,2,"{2007: 1, 2008: 2, 2009: 6}",The Impact of Managerial Entrenchment on Agency Costs: An Empirical Investigation Using UK Panel Data
76633192,Journal of Business Ethics,153,4,16,2016,2018,2,2016,2,"{2016: 5, 2017: 1, 2018: 10}",Multinational Tax Avoidance: Virtue Ethics and the Role of Accountants
196919950,Family Business Review,28,2,5,2013,2015,2,2015,2,"{2013: 1, 2014: 3, 2015: 1}",Sustaining the Family Business With Minimal Financial Rewards
131852005,European Financial Management,21,2,13,2013,2015,2,2013,2,"{2013: 5, 2014: 2, 2015: 6}","Investors' Judgments, Asset Pricing Factors and Sentiment | Higher‐moment Risk Exposures in Hedge Funds"
170137484,Review of Financial Studies,24,2,8,2009,2011,2,2011,2,"{2009: 1, 2010: 6, 2011: 1}",When Are Analyst Recommendation Changes Influential?
198098467,Journal of International Economics,60,2,11,2001,2003,2,2003,2,"{2001: 1, 2003: 10}",The Optimal Tax on Antebellum U.S. Cotton Exports
39307421,Technological Forecasting and Social Change,71,7,8,2002,2004,2,2004,2,"{2002: 1, 2003: 2, 2004: 5}",Institutional elasticity as a significant driver of IT functionality development
192056284,Economics of Innovation and New Technology,31,1-2,8,2020,2022,2,2020,2,"{2020: 6, 2021: 1, 2022: 1}",A gender study of principal investigator lead public R&amp;D centres and funding
4210177023,Brazilian Journal of Political Economy,42,1,15,2020,2022,2,2022,2,"{2020: 1, 2022: 14}",ERRATA Brazilian Journal of Political Economy Revista de Economia Política (2020)
2735890421,The World Bank Economic Review,34,1,11,2017,2019,2,2019,2,"{2017: 2, 2018: 8, 2019: 1}","Get Rich or Die Tryin’: Perceived Earnings, Perceived Mortality Rates, and Migration Decisions of Potential Work Migrants from Nepal"
105799767,European Journal of the History of Economic Thought,23,3,9,2014,2016,2,2016,2,"{2014: 6, 2016: 3}","<i>James Tobin</i>. Great Thinkers in Economics Series, by Robert Dimand | Mark Blaug: Rebel with Many Causes, edited by Marcel Boumans and Matthias Klaes"
95323914,Journal of Political Economy,118,6,5,2008,2010,2,2010,2,"{2008: 1, 2010: 4}",Dynamic Merger Review
149070780,Production and Operations Management,25,3,14,2014,2016,2,2016,2,"{2014: 2, 2015: 9, 2016: 3}",Bi‐level Programing Merger Evaluation and Application to Banking Operations | Buyer Behavior in Quality‐Dominated Multi‐Sourcing Recyclable‐Material Procurement of Green Supply Chains
39307421,Technological Forecasting and Social Change,71,3,7,2002,2004,2,2004,2,"{2002: 2, 2003: 3, 2004: 2}",Averting decision debacles | Exploring e-government futures through the application of scenario planning
122767448,Journal of Management,39,7,10,2011,2013,2,2011,2,"{2011: 1, 2012: 5, 2013: 4}",How Lead Founder Personality Affects New Venture Performance
9019866,Journal of Transnational Management,27,2,5,2020,2022,2,2022,2,"{2020: 2, 2022: 3}",The relationship of domestic institutional investors and India stock market returns: An ARDL bound testing approach | Remittance flows and banking sector development in emerging markets: Do institutions matter?
4210183127,Cuadernos de Economía,38,78,5,2017,2019,2,2019,2,"{2017: 1, 2019: 4}",Who Wants Violence? The Political Economy of Conflict and State Building in Colombia
3354691,Journal of Small Business and Enterprise Development,30,2,9,2021,2023,2,2023,2,"{2021: 1, 2022: 5, 2023: 3}","Algorithms and venture investment decisions: better, fairer or biased?"
44376543,Business & Society,60,1,8,2018,2020,2,2020,2,"{2018: 3, 2019: 3, 2020: 2}","Natural Sciences, Management Theory, and System Transformation for Sustainability | Sixty and Strong"
171424506,European Accounting Review,23,1,7,2012,2014,2,2014,2,"{2012: 1, 2013: 5, 2014: 1}",The Challenge of Assessing the Market Value of Private Companies Using a Standardised Combination Method for Tax Purposes – Lessons to be Learnt from Past Experience
197981039,Economics and Politics,24,1,4,2010,2012,2,2012,2,"{2010: 1, 2011: 1, 2012: 2}",The Role of the Judiciary in the Public Decision Making Process
41869786,Small Business Economics,37,3,6,2009,2011,2,2009,2,"{2009: 5, 2011: 1}",Candidate gene studies and the quest for the entrepreneurial gene
174413665,Review of Income and Wealth,60,2,10,2012,2014,2,2014,2,"{2012: 3, 2013: 3, 2014: 4}",The <scp>GDP</scp> Value of Twentieth‐Century Health Improvements in Developed Economies: Initial Estimates for <scp>E</scp>ngland | Non‐Linear Pricing and Price Indexes: Evidence and Implications from Scanner Data
122767448,Journal of Management,38,3,7,2010,2012,2,2010,2,"{2010: 6, 2012: 1}",Misconceptions of Traits Continue to Persist
4210190151,Omega,37,1,22,2006,2008,2,2008,2,"{2006: 12, 2007: 8, 2008: 2}","Essential properties of good OR/MS professionals | Acknowledgement to referees (From March 16, 2007 to March 31, 2008)"
201675752,Canadian Journal of Administrative Sciences / Revue Canadienne des Sciences de l Administration,34,1,8,2015,2017,2,2017,2,"{2015: 4, 2016: 3, 2017: 1}",Éditorial
151705444,Journal of Management Studies,57,2,7,2018,2020,2,2020,2,"{2018: 1, 2019: 5, 2020: 1}",Person or Job? Change in Person‐Job Fit and Its Impact on Employee Work Attitudes over Time
41869786,Small Business Economics,35,2,6,2008,2010,2,2008,2,"{2008: 2, 2009: 2, 2010: 2}",Gibrat’s law and persistence of growth in Greek manufacturing | One or more growth processes? Evidence from new Italian firms
38024979,Journal of International Business Studies,50,1,11,2017,2019,2,2019,2,"{2017: 1, 2018: 8, 2019: 2}",Does organizational formalization facilitate voice and helping organizational citizenship behaviors? It depends on (national) uncertainty norms
153861934,Journal of Marketing Education,42,2,8,2018,2020,2,2020,2,"{2018: 5, 2019: 1, 2020: 2}","Improv Comedy and Modern Marketing Education: Exploring Consequences for Divergent Thinking, Self-Efficacy, and Collaboration"
57667410,Annals of Operations Research,244,1,14,2014,2016,2,2016,2,"{2014: 4, 2015: 4, 2016: 6}",Double resource optimization for a robust computer network subject to a transmission budget | Optimal warranty policies considering repair service and replacement service under the manufacturer’s perspective
180061323,The Review of Economics and Statistics,88,3,13,2004,2006,2,2006,2,"{2004: 1, 2006: 12}",Foreign Lobbies and U.S. Trade Policy
4210222895,Meditari Accountancy Research,32,1,9,2022,2024,2,2024,2,"{2022: 1, 2023: 7, 2024: 1}",A narrative approach for reporting social and environmental accounting impacts in the mining sector – giving marginalized communities a voice
170231156,International Journal of Entrepreneurial Behaviour & Research,29,3,10,2021,2023,2,2023,2,"{2021: 2, 2022: 5, 2023: 3}",Ethnicity and bank lending before and during COVID-19 | Interfirm collaboration as a performance-enhancing survival strategy within the business models of ethnic minority-owned urban restaurants affected by COVID-19
2764837506,Indian Journal of Labour Economics,63,2,20,2018,2020,2,2020,2,"{2018: 1, 2020: 19}",Job Polarisation in India: Structural Causes and Policy Implications
132285554,Creativity and Innovation Management,25,3,9,2014,2016,2,2016,2,"{2014: 1, 2016: 8}",Managing Intellectual Capital in<scp>I</scp>talian Manufacturing<scp>SMEs</scp>
7345157,Eastern Economic Journal,43,2,14,2015,2017,2,2015,2,"{2015: 4, 2016: 7, 2017: 3}",Response to How to Market the Markets: The Trouble with Profit Maximization | Introduction to the Symposium on Agent-based Modeling
23254222,American Economic Review,112,7,9,2020,2022,2,2022,2,"{2020: 2, 2021: 1, 2022: 6}",Heterogeneous Global Booms and Busts
66510378,Critical Perspectives on Accounting,16,7,6,2003,2005,2,2003,2,"{2003: 1, 2004: 3, 2005: 2}",A critical perspective on the harmonisation of accounting in a globalising world
70698675,Technovation,34,11,7,2012,2014,2,2014,2,"{2012: 2, 2014: 5}",The insight-value-perception (iVP) model for user-centered design | Technology-based design and sustainable economic growth
4210241102,Innovation & Management Review,20,4,6,2021,2023,2,2021,2,"{2021: 1, 2022: 3, 2023: 2}",Exploring the impact of the COVID-19 pandemic on approaches to innovation in the consulting industry: a grounded theory pilot study
70698675,Technovation,27,3,7,2005,2007,2,2007,2,"{2005: 3, 2006: 2, 2007: 2}",The politics of innovation: Why innovations need a godfather | University to business technology transfer—UK and USA comparisons
166264140,Emerging Markets Finance and Trade,57,9,15,2019,2021,2,2019,2,"{2019: 10, 2020: 4, 2021: 1}",Does Guarantee Network Reduce Firms’ Earnings Management?
133599136,Organizational Research Methods,23,1,8,2017,2019,2,2019,2,"{2017: 2, 2018: 3, 2019: 3}","Condition 9 and 10 Tests of Model Confirmation: A Review of James, Mulaik, and Brett (1982) and Contemporary Alternatives | Not Aggressive or Just Faking It? Examining Faking and Faking Detection on the Conditional Reasoning Test of Aggression"
151705444,Journal of Management Studies,59,1,9,2019,2021,2,2021,2,"{2019: 1, 2020: 1, 2021: 7}",Toward a Theory of Activist‐Driven Responsible Innovation: How Activists Pressure Firms to Adopt More Responsible Practices
107036887,Asia Pacific Journal of Management,29,1,9,2010,2012,2,2010,2,"{2010: 6, 2011: 1, 2012: 2}",Tackling one-sidedness in equality and diversity research: Characteristics of the current dominant approach to managing diverse workgroups in Iran
160573970,Journal of Organizational Behavior,45,3,9,2022,2024,2,2024,2,"{2022: 4, 2023: 4, 2024: 1}",STEMming the tide: New perspectives on careers and turnover
4210209709,Health Policy,123,2,15,2017,2019,2,2019,2,"{2017: 3, 2018: 11, 2019: 1}",Thanks to Reviewers 2018
160393188,Journal of the Japanese and International Economies,24,3,7,2008,2010,2,2010,2,"{2008: 1, 2010: 6}","Top Wage Incomes in Japan, 1951-2005"
134988049,Econometric Reviews,64,2,6,2011,2013,2,2013,2,"{2011: 1, 2013: 5}",The Diamond-Rajan Bank Runs in a Production Economy
4306521912,Pakistan journal of applied economics,27,2,9,2017,2019,2,2017,2,"{2017: 6, 2018: 2, 2019: 1}",An Investigation of Economic Consequences of Family Control and Audit Quality of Firms: A Case Study of Pakistan
125733402,Investigación Económica,28,1,6,2002,2004,2,2004,2,"{2002: 1, 2004: 5}",UNDERSTANDING SPANISH DUAL INFLATION
106686155,Journal of Risk and Uncertainty,29,2,5,2002,2004,2,2004,2,"{2002: 1, 2004: 4}","Changes in the Value of Life, 1940–1980"
2058785,Journal of money credit and banking,53,2-3,8,2019,2021,2,2021,2,"{2019: 1, 2020: 1, 2021: 6}",Fiscal Consolidation and Public Wages
82316188,European Journal of Finance,22,12,7,2014,2016,2,2014,2,"{2014: 3, 2015: 2, 2016: 2}",Stock market prediction using evolutionary support vector machines: an application to the ASE20 index | The intraday determination of liquidity in the NYSE LIFFE equity option markets
18727733,IMA Journal of Management Mathematics,27,3,5,2014,2016,2,2014,2,"{2014: 1, 2015: 3, 2016: 1}",Predicting when the mass market starts to develop: the dual market model with delayed entry
76633192,Journal of Business Ethics,141,1,15,2015,2017,2,2015,2,"{2015: 12, 2016: 2, 2017: 1}",Reviewers 2016
2912564958,Journal of Public Budgeting Accounting & Financial Management,35,3,4,2021,2023,2,2023,2,"{2021: 1, 2022: 2, 2023: 1}",Adoption of the International Public Sector Accounting Standards in emerging economies and low-income countries: a structured literature review
138645024,Journal of Comparative Economics,39,2,10,2009,2011,2,2011,2,"{2009: 1, 2010: 4, 2011: 5}","Managerial incentives, CEO characteristics and corporate innovation in China’s private sector"
128223704,Economics and Philosophy,33,1,9,2015,2017,2,2017,2,"{2015: 1, 2016: 5, 2017: 3}",PROPERTY AND THE CREATION OF VALUE
960608072,Journal of International Management,26,1,11,2018,2020,2,2020,2,"{2018: 1, 2019: 9, 2020: 1}",Crossing Cultural Boundaries Using the Internet: Toward Building a Model of Swift Trust Formation in Global Virtual Teams
124549413,Journal of Economic Surveys,29,1,8,2012,2014,2,2014,2,"{2012: 1, 2013: 5, 2014: 2}",CHOOSING AMONG ALTERNATIVE LONG‐RUN EVENT‐STUDY TECHNIQUES
2165841,International Finance,14,1,7,2009,2011,2,2011,2,"{2009: 1, 2011: 6}",Rebalancing Growth in Asia
107859553,International Small Business Journal Researching Entrepreneurship,33,5,7,2013,2015,2,2013,2,"{2013: 3, 2014: 3, 2015: 1}",Book review: Necessity entrepreneurs: Microenterprise education and economic development
94552155,Organization & Environment,34,4,8,2019,2021,2,2019,2,"{2019: 5, 2020: 2, 2021: 1}",Regenerative Organizations: Introduction to the Special Issue
180492355,Public Finance Review,46,2,9,2016,2018,2,2016,2,"{2016: 6, 2017: 1, 2018: 2}","Economic Freedom, Race, and Health Disparities"
2764810659,Journal of Small Business & Entrepreneurship,33,1,5,2018,2020,2,2020,2,"{2018: 1, 2019: 2, 2020: 2}",Obstacles to firm performance in Nigeria: does size matter?
171424506,European Accounting Review,32,3,8,2021,2023,2,2021,2,"{2021: 4, 2022: 3, 2023: 1}",Innovative Data – Use-cases in Management Accounting Research and Practice
2764810659,Journal of Small Business & Entrepreneurship,37,5,5,2022,2024,2,2024,2,"{2022: 1, 2024: 4}",Organisation et gestion du travail créatif: spécificités des petites organisations créatives
42678134,Journal of Hospitality & Tourism Research,41,6,5,2014,2016,2,2014,2,"{2014: 4, 2016: 1}",Temporal Analysis of Tourism Research Collaboration Network
4210177123,Journal of Global Operations and Strategic Sourcing,17,4,4,2021,2023,2,2023,2,"{2021: 1, 2023: 3}",CEOs’ understanding of blockchain technology and its adoption in export-oriented companies in West Sweden: a survey
149070780,Production and Operations Management,33,6,10,2022,2024,2,2024,2,"{2022: 1, 2024: 9}",Implications of Blockchain-Powered Marketplace of Preowned Virtual Goods
126936603,International Regional Science Review,35,2,5,2010,2012,2,2012,2,"{2010: 1, 2012: 4}",Evaluating Administrative Efficiency Change in the Post-Merger Period
85739584,Journal of Applied Econometrics,27,3,6,2010,2012,2,2010,2,"{2010: 5, 2012: 1}",<i>Journal of Applied Econometrics</i> Dissertation Prize
131296671,Accounting Forum,42,2,4,2016,2018,2,2018,2,"{2016: 1, 2017: 1, 2018: 2}",Commentary: A proposal for theoretical models of stakeholder perceptions of a new financial reporting system
18095783,Journal of Business and Economic Statistics,27,1,9,2007,2009,2,2009,2,"{2007: 1, 2009: 8}",Semiparametric Analysis with Grouped Dependent Variables and Application to Physicians’ Provision of Charity Care
124549413,Journal of Economic Surveys,25,1,7,2009,2011,2,2011,2,"{2009: 1, 2010: 5, 2011: 1}",ALTERNATIVE ESTIMATING AND TESTING EMPIRICAL STRATEGIES FOR FRACTIONAL REGRESSION MODELS
57667410,Annals of Operations Research,352,3,18,2022,2024,2,2022,2,"{2022: 9, 2023: 7, 2024: 2}",The finance-growth nexus and public-private ownership of banks in Brazil since 1870 | Remembering Marco Tucci
136661304,Managerial Auditing Journal,36,2,7,2019,2021,2,2021,2,"{2019: 4, 2021: 3}",Research patterns and intellectual structure of <i>Managerial Auditing Journal</i>: a retrospective using bibliometric analysis during 1986-2019 | The institutional change in the role of the public sector accountant in facilitating accountability: a longitudinal study of Australian local councils
191005381,Defence and Peace Economics,28,3,6,2015,2017,2,2015,2,"{2015: 5, 2017: 1}",Carlos Pestana Barros
44376543,Business & Society,50,4,7,2009,2011,2,2011,2,"{2009: 2, 2011: 5}",Understanding Corporate Governance Reform in South Africa | Corporate Social Responsibility and Broad-Based Black Economic Empowerment Legislation in South Africa
181171746,Journal of Economic Growth,14,2,3,2007,2009,2,2009,2,"{2007: 1, 2009: 2}","Fertility, Female Labor Force Participation, and the Demographic Dividend"
31748134,Industrial Marketing Management,40,3,16,2009,2011,2,2011,2,"{2009: 1, 2010: 14, 2011: 1}",Antecedents and performance consequences of learning success in international joint ventures
168273071,International Review of Economics & Finance,16,4,14,2005,2007,2,2005,2,"{2005: 2, 2006: 9, 2007: 3}",Operational and financial hedging for exporting firms | Market power in input purchase and trade
149240962,Journal of Financial Economics,85,2,9,2005,2007,2,2007,2,"{2005: 1, 2006: 5, 2007: 3}",Business ties and proxy voting by mutual funds
51113653,The Engineering Economist,63,1,5,2016,2018,2,2018,2,"{2016: 2, 2017: 2, 2018: 1}",Engineering Economics
2912564958,Journal of Public Budgeting Accounting & Financial Management,35,4,6,2021,2023,2,2023,2,"{2021: 1, 2022: 3, 2023: 2}","Supreme audit institutions in Europe: synergies, institutional transparency, gender equality and sustainability engagement"
161221442,Abacus,54,4,6,2016,2018,2,2018,2,"{2016: 1, 2018: 5}",Open Market Share Repurchases in Germany: A Conditional Event Study Approach
191005381,Defence and Peace Economics,30,6,8,2017,2019,2,2017,2,"{2017: 4, 2018: 2, 2019: 2}","Better is the Neighbor? | Emotions, Risk Perceptions and Precautionary Actions of Citizens During a Military Operation Using a New Defence Technology: The Israeli Case of the Iron Dome"
36209479,Industry and Innovation,29,2,7,2020,2022,2,2022,2,"{2020: 1, 2021: 4, 2022: 2}",The Open Innovation in Science research field: a collaborative conceptualisation approach
43415676,Journal of Strategic Marketing,30,1,6,2020,2022,2,2020,2,"{2020: 5, 2022: 1}",Introduction to the special issue - service marketing
41869786,Small Business Economics,35,1,7,2008,2010,2,2008,2,"{2008: 4, 2009: 2, 2010: 1}",Genome-wide association studies in economics and entrepreneurship research: promises and limitations
6711363,Journal of Monetary Economics,55,4,13,2006,2008,2,2008,2,"{2006: 1, 2008: 12}",The Brevity and Violence of Contractions and Expansions
126936603,International Regional Science Review,40,4,4,2015,2017,2,2015,2,"{2015: 2, 2016: 1, 2017: 1}",Does EU Framework Program Participation Affect Regional Innovation? The Differentiating Role of Economic Development
122767448,Journal of Management,41,1,14,2012,2014,2,2014,2,"{2012: 1, 2013: 1, 2014: 12}",Assessing Managerial Power Theory
184446198,Journal of Public Economic Theory,18,2,10,2014,2016,2,2016,2,"{2014: 4, 2016: 6}",The Position Value for Partition Function Form Network Games | Homophily and Community Structure in Networks
105799767,European Journal of the History of Economic Thought,18,2,12,2009,2011,2,2011,2,"{2009: 1, 2010: 2, 2011: 9}","The Janus face of Eli Heckscher: theory, history and method"
161221442,Abacus,59,3,6,2021,2023,2,2023,2,"{2021: 2, 2022: 1, 2023: 3}",Risk Analysis of Pension Fund Investment Choices
23246025,Corporate Reputation Review,28,3,4,2022,2024,2,2024,2,"{2022: 2, 2024: 2}","An Examination of the Influence of Attitude, Perceived Quality, and Social Pressure on Place Likeability, Revisit Intention, and Intention to Recommend; a Study of Consumers’ Perceptions Towards Shopping Malls in Saudi Arabia | “It Broke My Heart When They Ripped the Old Logo Off the Wall”: Places, Uses and Meanings of the Rebranded Logo"
2764532243,Korean Economic Review/The Korean economic review,36,2,5,2018,2020,2,2020,2,"{2018: 1, 2020: 4}",Hollowing Out or Filling In? The Effects of Multinational Enterprises on Domestic Plant Turnover and Job Growth in Factory Asia
49389958,Econometric Theory,34,2,7,2015,2017,2,2017,2,"{2015: 1, 2016: 2, 2017: 4}",DYNAMIC PANEL ANDERSON-HSIAO ESTIMATION WITH ROOTS NEAR UNITY
136612413,Journal of Futures Markets,42,4,8,2020,2022,2,2022,2,"{2020: 1, 2021: 3, 2022: 4}",Information and the Arrival Rate of Option Trading Volume
76633192,Journal of Business Ethics,162,1,16,2018,2020,2,2018,2,"{2018: 14, 2020: 2}","Reviewers 2019 | Review of Give People Money: How a Basic Income Would End Poverty, Revolutionize Work, and Remake the World by Annie Lowrey"
162525099,Financial Analysts Journal,69,1,7,2011,2013,2,2013,2,"{2011: 1, 2013: 6}",Logical Implications of GASB's Methodology for Valuing Pension Liabilities
35673206,International Marketing Review,40,3,6,2021,2023,2,2023,2,"{2021: 2, 2022: 3, 2023: 1}","Decision-making in international marketing: past, present and future"
4210181832,Total Quality Management & Business Excellence,28,7-8,12,2015,2017,2,2015,2,"{2015: 5, 2016: 6, 2017: 1}",Impact of total quality services on financial performance: role of service profit chain
133335107,Mathematical Finance,22,3,8,2010,2012,2,2010,2,"{2010: 5, 2011: 1, 2012: 2}",TRANSIENT LINEAR PRICE IMPACT AND FREDHOLM INTEGRAL EQUATIONS
121026525,Journal of Evolutionary Economics,27,2,9,2015,2017,2,2017,2,"{2015: 4, 2016: 4, 2017: 1}",Rethinking the economic possibilities of our grandchildren: what is the future of consumption?
38024979,Journal of International Business Studies,50,5,9,2017,2019,2,2019,2,"{2017: 1, 2018: 5, 2019: 3}",The myth of the stay-at-home family firm: How family-managed SMEs can overcome their internationalization limitations
43415676,Journal of Strategic Marketing,28,6,5,2018,2020,2,2018,2,"{2018: 2, 2019: 2, 2020: 1}",Special Issue on Data Driven Marketing Strategies
105799767,European Journal of the History of Economic Thought,18,1,7,2009,2011,2,2011,2,"{2009: 3, 2011: 4}",The Anglo-Irish context for William Edward Hearn's economic beliefs and the ultimate failure of his <i>Plutology</i> | From the Great Depression to Bretton Woods: Jacob Viner and international monetary stabilization (1930–1945)
170913539,Bulletin of Economic Research,67,4,9,2013,2015,2,2013,2,"{2013: 6, 2014: 2, 2015: 1}",ACKNOWLEDGEMENT TO REFEREES
127742747,Journal of Econometrics,190,1,11,2013,2015,2,2015,2,"{2013: 1, 2015: 10}",Grouped effects estimators in fixed effects models
144747835,Australian Accounting Review,30,2,5,2018,2020,2,2018,2,"{2018: 3, 2020: 2}","Is an Auditor's Propensity to Issue Going Concern Opinions a Valid Measure of Audit Quality? | Fair Value Exposure, Changes in Fair Value and Audit Fees: Evidence from the Australian Real Estate Industry"
67638930,Structural Change and Economic Dynamics,19,3,6,2006,2008,2,2008,2,"{2006: 1, 2007: 1, 2008: 4}",Transition with Heterogeneous Labor
23343376,International Business Review,29,4,16,2018,2020,2,2020,2,"{2018: 2, 2019: 4, 2020: 10}",Ethno-national ties and international business opportunity exploitation: The role of environmental factors | Purchasing behaviour of ethnicities: Are they different?
4210179124,Review of Behavioral Economics,3,3-4,6,2014,2016,2,2016,2,"{2014: 1, 2016: 5}",Buying and Selling Risk -- An Experiment Investigating Evaluation Asymmetries
23218617,Journal of International Trade & Economic Development,16,4,6,2005,2007,2,2007,2,"{2005: 1, 2007: 5}",Trade and Growth in the Presence of Distortions
181517389,Spanish Economic Review,6,4,3,2002,2004,2,2004,2,"{2002: 1, 2004: 2}",Price Setting and the Steady-State Effects of Inflation
185905316,The Journal of Technology Transfer,37,5,11,2010,2012,2,2010,2,"{2010: 4, 2011: 6, 2012: 1}",Firm innovation in policy-driven parks and spontaneous clusters: the smaller firm the better?
4210231290,Financial markets and portfolio management,38,1,6,2022,2024,2,2024,2,"{2022: 1, 2023: 3, 2024: 2}",The palgrave handbook of FinTech and blockchain
122161766,Journal of Forecasting,30,3,3,2008,2010,2,2010,2,"{2008: 1, 2010: 2}",Is Forecasting with Large Models Informative? Assessing the Role of Judgement in Macroeconomic Forecasts
201533460,Applied Economics,42,26,8,2008,2010,2,2008,2,"{2008: 4, 2009: 3, 2010: 1}",Location intentions of immigrants at retirement: stay/return or go ‘back and forth’?
4306513120,Indian Journal of Economics & Business,4,1,3,2003,2005,2,2005,2,"{2003: 1, 2005: 2}","ASSESSMENT OF THE RISK MANAGEMENT POTENTIAL OF A RAINFALL BASED INSURANCE INDEX AND RAINFALL OPTIONS IN ANDHRA PRADESH, INDIA"
998097505,The Journal of Law and Economics,54,2,8,2009,2011,2,2011,2,"{2009: 1, 2011: 7}",Long Term Effects of Minimum Legal Drinking Age Laws on Adult Alcohol Use and Driving Fatalities
45992627,The Economic Journal,120,549,8,2008,2010,2,2010,2,"{2008: 1, 2009: 1, 2010: 6}",Forced to Be Rich? Returns to Compulsory Schooling in Britain
185905316,The Journal of Technology Transfer,39,2,7,2011,2013,2,2013,2,"{2011: 1, 2012: 2, 2013: 4}",Against the one-way-street: analyzing knowledge transfer from industry to science
161221442,Abacus,57,1,6,2019,2021,2,2021,2,"{2019: 1, 2020: 1, 2021: 4}",Choosing the Level of Significance: A Decision‐theoretic Approach
44376543,Business & Society,54,1,5,2012,2014,2,2012,2,"{2012: 4, 2014: 1}",A New Era for <i>Business &amp; Society</i>
23246025,Corporate Reputation Review,28,2,5,2022,2024,2,2024,2,"{2022: 1, 2024: 4}",The Impact of Employer Brand on Job Seekers’ Attitudes and Intentions: The Moderating Role of Value Congruence and Social Media
2764806082,China Journal of Accounting Research,11,1,4,2016,2018,2,2018,2,"{2016: 1, 2017: 1, 2018: 2}",Identifying M&amp;A targets and the information content of VC/PEs
4210218316,European Journal of Management and Business Economics,33,1,7,2021,2023,2,2023,2,"{2021: 1, 2022: 2, 2023: 4}","The learning effect on organizational performance during a crisis: a serial mediation analysis with knowledge creation, storage and sharing"
52333995,Journal of Economic Methodology,31,1,5,2022,2024,2,2024,2,"{2022: 1, 2023: 3, 2024: 1}","Crooked thinking or straight talk? Modernizing Epicurean scientific philosophy <b>Crooked thinking or straight talk? Modernizing Epicurean scientific philosophy</b> , by Ken Binmore, Cham, Springer, 2020, x + 130 pp., €25.99, ISBN: 978-3-030-39546-9"
113497174,Human Resource Management Journal,30,3,6,2018,2020,2,2020,2,"{2018: 1, 2019: 3, 2020: 2}",Career success schemas and their contextual embeddedness: A comparative configurational perspective
185930956,Contemporary Economic Policy,21,3,10,2001,2003,2,2003,2,"{2001: 1, 2003: 9}",Age Discrimination Legislation in the United States
66510378,Critical Perspectives on Accounting,16,4,7,2003,2005,2,2003,2,"{2003: 5, 2004: 1, 2005: 1}",I have a dream
126936603,International Regional Science Review,38,4,5,2013,2015,2,2013,2,"{2013: 4, 2015: 1}",Regional Air Quality and Happiness in Germany
199447588,Journal of Public Economics,94,7-8,9,2008,2010,2,2010,2,"{2008: 1, 2010: 8}",Heterogeneous Treatment and Self-Selection in a Wage Subsidy Experiment
23254222,American Economic Review,111,5,8,2019,2021,2,2021,2,"{2019: 1, 2021: 7}","Dynastic Human Capital, Inequality and Intergenerational Mobility"
200274427,Pacific Economic Review,23,5,4,2016,2018,2,2016,2,"{2016: 1, 2018: 3}","Diagnosing the Source of Financial Market Shocks: An Application to the Asian, Subprime and European Financial Crises"
131852005,European Financial Management,16,2,8,2008,2010,2,2008,2,"{2008: 6, 2009: 1, 2010: 1}",Passive Hedge Fund Replication – Beyond the Linear Case
126936603,International Regional Science Review,39,2,4,2013,2015,2,2015,2,"{2013: 1, 2014: 1, 2015: 2}",Testing the Reciprocal Relationship between Attitudes and Land Use in Relation to Trip Frequencies
2764768042,Journal of Economics Finance and Administrative Science,25,49,11,2018,2020,2,2020,2,"{2018: 1, 2019: 5, 2020: 5}",Model for assessing the quality of marketing-management education
200274427,Pacific Economic Review,25,3,5,2018,2020,2,2020,2,"{2018: 1, 2019: 3, 2020: 1}",Club convergence analysis of regional ecological efficiency in China
131852005,European Financial Management,19,4,9,2011,2013,2,2013,2,"{2011: 6, 2013: 3}",Bank Regulations after the Global Financial Crisis: Good Intentions and Unintended Evil | Regulating Banking Bonuses in the European Union: a Case Study in Unintended Consequences
124549413,Journal of Economic Surveys,27,2,9,2011,2013,2,2011,2,"{2011: 7, 2012: 1, 2013: 1}",THE DEBATE ABOUT THE REVIVED BRETTON‐WOODS REGIME: A SURVEY AND EXTENSION OF THE LITERATURE
125733402,Investigación Económica,27,2,5,2001,2003,2,2003,2,"{2001: 1, 2003: 4}",Quality adjusted prices: Hedonic methods and implications for national accounts
2764955566,The Indian Economic Journal,72,2,12,2022,2024,2,2024,2,"{2022: 1, 2023: 2, 2024: 9}",Price Impact of Derivatives Listing and Delisting: Evidence from India
133599136,Organizational Research Methods,26,1,6,2020,2022,2,2022,2,"{2020: 4, 2021: 1, 2022: 1}","Computational Literature Reviews: Method, Algorithms, and Roadmap"
153861934,Journal of Marketing Education,45,1,7,2021,2023,2,2023,2,"{2021: 4, 2022: 2, 2023: 1}",The (R)evolution of Marketing Education
101209419,Journal of Development Economics,67,2,9,2000,2002,2,2002,2,"{2000: 1, 2002: 8}",Determinants of Barter in Russia an Empirical Analysis
171424506,European Accounting Review,21,4,7,2010,2012,2,2012,2,"{2010: 1, 2011: 1, 2012: 5}",Formal Participation in the IASB's Due Process of Standard Setting: A Multi-issue/Multi-period Analysis
47864991,Applied Psychology,63,3,7,2012,2014,2,2012,2,"{2012: 4, 2013: 2, 2014: 1}",Applied Psychology: An International Review Special Issue
23254222,American Economic Review,112,12,8,2020,2022,2,2022,2,"{2020: 1, 2022: 7}",Convex Supply Curves
92565720,Oxford Bulletin of Economics and Statistics,64,3,4,2000,2002,2,2002,2,"{2000: 1, 2002: 3}",Business Fixed Investment: Evidence of a Financial Accelerator in Europe
6013065,Journal of Management & Governance,15,2,8,2009,2011,2,2009,2,"{2009: 6, 2011: 2}",Comment on ‘A political economy of accounting standard setting’ | Comment on ‘A political economy of accounting standard setting’: a reply
165492527,The Economic History Review,55,1,8,2000,2002,2,2002,2,"{2000: 1, 2002: 7}",Review of (post-1850) periodical literature published in 2000
323237,Accounting and Business Research,50,3,3,2018,2020,2,2020,2,"{2018: 1, 2019: 1, 2020: 1}","Bank accounting regulations, enforcement mechanisms, and financial statement informativeness: cross-country evidence"
31690342,Strategic Entrepreneurship Journal,13,1,6,2017,2019,2,2019,2,"{2017: 1, 2018: 4, 2019: 1}",Self‐selection of entrepreneurial firms in thin venture capital markets: Theory and empirical evidence
92565720,Oxford Bulletin of Economics and Statistics,71,4,6,2007,2009,2,2009,2,"{2007: 1, 2008: 1, 2009: 4}",On Testing Conditional Sigma – Convergence*
77308338,Corporate Governance An International Review,25,1,5,2015,2017,2,2017,2,"{2015: 1, 2016: 3, 2017: 1}",The Media and Firm Reputation Roles in Corporate Governance Improvements: Lessons from <scp>European</scp> Dual Class Share Unifications
145507837,Industrial and Corporate Change,26,5,6,2015,2017,2,2017,2,"{2015: 2, 2016: 2, 2017: 2}",Labor flexibility and innovation in new ventures | Financial constraints and the productivity–survival link: evidence from China’s firm-level data
136612413,Journal of Futures Markets,42,8,10,2020,2022,2,2022,2,"{2020: 1, 2022: 9}","Withdrawn: Yan, C, Zhao, B. (2018). A general jump‐diffusion process to price volatility derivatives. J Futures Markets, 39, 15–37. https://doi.org/10.1002/fut.21962"
166792937,Economics of Transition,10,1,8,2000,2002,2,2002,2,"{2000: 1, 2002: 7}",How Efficient is the East German Economy? An Exploration with Micro Data
160393188,Journal of the Japanese and International Economies,16,3,6,2000,2002,2,2002,2,"{2000: 1, 2002: 5}",On the Desirability of a Regional Basket Currency Arrangement
170913539,Bulletin of Economic Research,67,3,6,2013,2015,2,2013,2,"{2013: 4, 2014: 1, 2015: 1}",PARADIGM SHIFT: A MEAN FIELD GAME APPROACH
94552155,Organization & Environment,34,1,7,2019,2021,2,2019,2,"{2019: 3, 2020: 3, 2021: 1}","Leadership Forum on Organizations and Sustainability: Taking Stock, Looking Forward"
37173775,European Journal of Law and Economics,38,1,9,2012,2014,2,2012,2,"{2012: 4, 2013: 4, 2014: 1}",Institutional competition of optional codes in European contract law
44261207,Hitotsubashi journal of economics,57,2,5,2014,2016,2,2016,2,"{2014: 1, 2016: 4}",STRATEGIC TRADE POLICIES IN INTERNATIONAL RIVALRY WHEN COMPETITION MODE IS ENDOGENOUS
86301901,Revista de economía aplicada/Revista de economía aplicada,16,48,4,2006,2008,2,2008,2,"{2006: 1, 2008: 3}",Planificación fiscal con el impuesto dual sobre la renta
185325801,Journal of Korea Trade,14,2,3,2008,2010,2,2010,2,"{2008: 1, 2010: 2}",Northeast Asian Cluster through Business and Cultural Cooperation
42678134,Journal of Hospitality & Tourism Research,39,4,6,2013,2015,2,2013,2,"{2013: 5, 2015: 1}",JHTR Editorial
44376543,Business & Society,56,6,5,2015,2017,2,2015,2,"{2015: 4, 2017: 1}",Measuring Corporate Social Responsibility and Impact: Enhancing Quantitative Research Design and Methods in Business and Society Research
2735890421,The World Bank Economic Review,31,2,3,2015,2017,2,2017,2,"{2015: 1, 2016: 1, 2017: 1}",Political Connections and Tariff Evasion Evidence from Tunisia
135086714,Journal of Information Technology,25,1,6,2008,2010,2,2010,2,"{2008: 1, 2009: 3, 2010: 2}",Sponsorship and it Vendor Management of Projects
178258306,Empirical Economics,34,3,10,2005,2007,2,2007,2,"{2005: 1, 2007: 9}","Consumption, Wealth and Business Cycles in Germany"
4306526010,Review of Business,36,1,3,2013,2015,2,2015,2,"{2013: 1, 2015: 2}",To What Extent Are the Final Cost Objectives of Universities Subsidized
2764934467,Iranian economic review,25,1,12,2019,2021,2,2020,1,"{2019: 5, 2020: 4, 2021: 3}",Non-linear Relation between External Debt and Economic Growth in Nigeria: Does the Investment Channel Matter? | The Population Aging Effect on Pattern of Export (Case of Major Trade Partners of Iran)
166264140,Emerging Markets Finance and Trade,50,5,12,2013,2015,2,2014,1,"{2013: 1, 2015: 11}",Does 'Vote No' Change Corporate Governance and Firm Value? Evidence from the Shareholder Activism of the Korean National Pension Service
4210171597,Accounting and Finance,54,3,11,2012,2014,2,2013,1,"{2012: 1, 2013: 9, 2014: 1}",Are Multiple Directorships Beneficial in East Asia?
39841227,International Journal of Forecasting,36,3,26,2018,2020,2,2019,1,"{2018: 2, 2019: 3, 2020: 21}",Brexit: Tracking and disentangling the sentiment towards leaving the EU | Efficient big data model selection with applications to fraud detection
136211407,Ecological Economics,64,4,26,2006,2008,2,2007,1,"{2006: 1, 2007: 19, 2008: 6}",Implications of market orientation on the environmental transformation of industrial firms
127742747,Journal of Econometrics,129,1-2,12,2003,2005,2,2004,1,"{2003: 1, 2004: 9, 2005: 2}",Small Sample Properties of Forecasts from Autoregressive Models Under Structural Breaks
116483603,Journal of Risk & Insurance,83,3,11,2014,2016,2,2015,1,"{2014: 2, 2015: 7, 2016: 2}",The Impact of the Financial Crisis and Natural Catastrophes on CAT Bonds | A Test of Asymmetric Learning in Competitive Insurance With Partial Information Sharing
107036887,Asia Pacific Journal of Management,31,2,14,2012,2014,2,2013,1,"{2012: 1, 2013: 12, 2014: 1}",Business and regulators partnerships: Government transformational leadership for constructive conflict management
165253824,Scandinavian Journal of Economics,119,3,13,2015,2017,2,2016,1,"{2015: 1, 2016: 10, 2017: 2}",A Theory of Soft Capture
2735890421,The World Bank Economic Review,33,2,11,2016,2018,2,2017,1,"{2016: 5, 2017: 3, 2018: 3}","Income Mobility, Income Risk, and Welfare | Cash Transfers and Health: Evidence from Tanzania"
74096415,Journal of Economic Policy Reform,26,2,7,2021,2023,2,2022,1,"{2021: 3, 2022: 3, 2023: 1}",Trust and the behavioral economics of automatic enrollment in pensions: a comparison of the UK and Poland
44585919,Journal of Economic Dynamics and Control,28,8,11,2002,2004,2,2003,1,"{2002: 1, 2003: 8, 2004: 2}",Computing currency invariant indices with an application to minimum variance currency baskets
18095783,Journal of Business and Economic Statistics,40,2,36,2020,2022,2,2021,1,"{2020: 18, 2021: 12, 2022: 6}",Rejoinder: “Co-citation and Co-authorship Networks of Statisticians” | Data Come First: Discussion of “Co-citation and Co-authorship Networks of Statisticians”
76633192,Journal of Business Ethics,148,2,13,2015,2017,2,2016,1,"{2015: 1, 2016: 5, 2017: 7}","Sustainability in the Face of Institutional Adversity: Market Turbulence, Network Embeddedness, and Innovative Orientation"
2875300,Review of International Political Economy,30,2,17,2021,2023,2,2022,1,"{2021: 5, 2022: 11, 2023: 1}",States and new markets: the novelty problem in the IPE of finance
195297104,Organizational Dynamics,51,2,15,2020,2022,2,2021,1,"{2020: 4, 2021: 9, 2022: 2}",The virtues of effective crisis leadership: What managers can learn from how women heads of state led in the first wave of COVID-19 | Lessons from a Crisis
149131268,Journal of Economic Theory,127,1,13,2004,2006,2,2005,1,"{2004: 2, 2005: 9, 2006: 2}",Rational expectations equilibria of economies with local interactions | Optimal taxation with endogenously incomplete debt markets
174413665,Review of Income and Wealth,65,2,10,2017,2019,2,2018,1,"{2017: 2, 2018: 7, 2019: 1}",Announcements
23218617,Journal of International Trade & Economic Development,21,1,8,2010,2012,2,2011,1,"{2010: 3, 2012: 5}",Trade and market congestion: An explanation for widening skilled–unskilled wage differential | Temporal causality and the dynamics of foreign direct investment and trade in Vietnam
107036887,Asia Pacific Journal of Management,39,2,15,2020,2022,2,2021,1,"{2020: 10, 2021: 4, 2022: 1}",Correction to: Cross-border acquisition activity by Chinese multinationals and domestic-productivity upgrading
202934171,Journal of Mathematical Economics,45,9-10,15,2007,2009,2,2008,1,"{2007: 2, 2008: 11, 2009: 2}",A theory of time preferences over risky outcomes | A limit theorem for systems of social interactions
87328381,Journal of Occupational and Organizational Psychology,89,1,10,2014,2016,2,2015,1,"{2014: 2, 2015: 7, 2016: 1}",Editorial acknowledgement
191005381,Defence and Peace Economics,26,6,6,2013,2015,2,2014,1,"{2013: 1, 2014: 3, 2015: 2}",How Different Terrorist Attacks Affect Stock Markets
39332106,Journal of Food Products Marketing,23,3,7,2015,2017,2,2016,1,"{2015: 6, 2017: 1}",Food Values Applied to Livestock Products
43415676,Journal of Strategic Marketing,32,2,9,2022,2024,2,2023,1,"{2022: 4, 2023: 4, 2024: 1}",Reviving unorganized retail stores post-COVID-19
27632631,Journal of Brand Management,16,8,8,2007,2009,2,2008,1,"{2007: 1, 2008: 5, 2009: 2}",Beyond the logo: Brand management for cities
57667410,Annals of Operations Research,348,1,28,2022,2024,2,2023,1,"{2022: 10, 2023: 16, 2024: 2}",An integrated HPF-TODIM-MULTIMOORA approach for car selection through online reviews | Reconciling spatiotemporal conjunction with digital twin for sequential travel time prediction and intelligent routing
117778295,Academy of Management Journal,65,1,13,2020,2022,2,2021,1,"{2020: 12, 2022: 1}",Applying Coleman’s Boat in Management Research: Opportunities and Challenges in Bridging Macro and Micro Theory
157946625,Financial Management,44,2,8,2013,2015,2,2014,1,"{2013: 1, 2014: 5, 2015: 2}",The Value of Strategic Alliances in Acquisitions and IPOs
49396926,Thunderbird International Business Review,60,5,10,2016,2018,2,2017,1,"{2016: 1, 2017: 7, 2018: 2}","Circular economy business models in developing economies: Lessons from India on reduce, recycle, and reuse paradigms"
126936603,International Regional Science Review,47,5-6,5,2022,2024,2,2023,1,"{2022: 1, 2023: 3, 2024: 1}",Income Interdependence in the UK Multi-Regional Economy: A Meso-Level Analysis
122767448,Journal of Management,46,5,5,2018,2020,2,2019,1,"{2018: 4, 2020: 1}",Conducting Management Research in Latin America: Why and What’s in It for You?
65924262,Contemporary Accounting Research,32,1,17,2013,2015,2,2014,1,"{2013: 8, 2014: 7, 2015: 2}",Abstracts/Résumés | When Do Analysts Adjust for Biases in Management Guidance? Effects of Guidance Track Record and Analysts' Incentives
108845946,Economica,77,306,17,2008,2010,2,2009,1,"{2008: 5, 2009: 4, 2010: 8}",Does Job Search Monitoring Intensity Affect Unemployment? Evidence from Northern Ireland | Immigration and the Economic Status of African‐American Men
98984247,Computational Economics,54,1,17,2017,2019,2,2018,1,"{2017: 14, 2018: 2, 2019: 1}",Correction to: Introduction to Advanced Statistical Analyses for Computational Economics and Finance
50366009,Urban Studies,56,3,12,2017,2019,2,2018,1,"{2017: 1, 2018: 9, 2019: 2}",Cautious occupiers and restrained bureaucrats: Schwarzwohnen in the German Democratic Republic. Somewhat different from squatting
131852005,European Financial Management,18,2,6,2009,2011,2,2010,1,"{2009: 3, 2010: 2, 2011: 1}",Two Paradigms and Nobel Prizes in Economics: a Contradiction or Coexistence?
2875300,Review of International Political Economy,19,2,7,2010,2012,2,2011,1,"{2010: 2, 2011: 4, 2012: 1}","Special drawing rights, the dollar, and the institutionalist approach to reserve currency status"
180061323,The Review of Economics and Statistics,107,1,19,2022,2024,2,2023,1,"{2022: 13, 2023: 5, 2024: 1}",Deleting a Signal: Evidence from Pre-employment Credit Checks
76633192,Journal of Business Ethics,144,4,9,2014,2016,2,2015,1,"{2014: 1, 2016: 8}",What Would John Stuart Mill Say? A Utilitarian Perspective on Contemporary Neuroscience Debates in Leadership
78792899,Journal of Small Business Management,57,2,22,2017,2019,2,2018,1,"{2017: 9, 2018: 11, 2019: 2}",ICSB Membership | ICSB Information
7424199,Public Choice,159,1-2,23,2012,2014,2,2013,1,"{2012: 16, 2013: 5, 2014: 2}","Daron Acemoglu and James A. Robinson: Why nations fail: the origins of power, prosperity, and poverty | Editorial announcement"
44376543,Business & Society,63,4,10,2022,2024,2,2023,1,"{2022: 6, 2023: 3, 2024: 1}",COVID-19 and Management Scholarship: Lessons for Conducting Impactful Research
168273071,International Review of Economics & Finance,17,2,17,2006,2008,2,2007,1,"{2006: 7, 2007: 9, 2008: 1}",Market Microstructure and Implications for Regulatory Policies
37173775,European Journal of Law and Economics,31,2,7,2009,2011,2,2010,1,"{2009: 1, 2010: 3, 2011: 3}",EU VAT frauds
57667410,Annals of Operations Research,267,1-2,29,2016,2018,2,2017,1,"{2016: 11, 2017: 13, 2018: 5}","Non-permutation flowshop scheduling problem with minimal and maximal time lags: theoretical study and heuristic | Measuring incineration plants’ performance using combined data envelopment analysis, goal programming and mixed integer linear programming"
51113653,The Engineering Economist,62,2,6,2015,2017,2,2016,1,"{2015: 1, 2016: 3, 2017: 2}",Optimizing capital investments under technological change and deterioration: A case study on MRI machine replacement
4210230903,Engineering Management Journal,34,1,11,2020,2022,2,2021,1,"{2020: 3, 2021: 7, 2022: 1}",Editor’s Introduction for the March 2022 Issue
70698675,Technovation,25,5,23,2003,2005,2,2004,1,"{2003: 11, 2004: 2, 2005: 10}",Playing the collaboration game right—balancing trust and contracting | Financial success in biotechnology: company age versus company science
138400101,Managerial and Decision Economics,43,6,70,2020,2022,2,2021,1,"{2020: 1, 2021: 42, 2022: 27}",Test Sensitivity for Infection versus Infectiousness of SARS-CoV-2
184126201,British Journal of Management,30,4,12,2017,2019,2,2018,1,"{2017: 1, 2018: 9, 2019: 2}",Improving the Progress of Research &amp; Development (R&amp;D) Projects by Selecting an Optimal Alliance Structure and Partner Type
49396926,Thunderbird International Business Review,59,6,9,2015,2017,2,2016,1,"{2015: 1, 2016: 6, 2017: 2}",Multinational Enterprises’ Entry Mode Strategies in Syria and Jordan: The Impact of Ownership Advantages
185905316,The Journal of Technology Transfer,38,4,9,2011,2013,2,2012,1,"{2011: 2, 2012: 6, 2013: 1}",Proof of Concept Centers in the United States: an exploratory look
6014304,Journal of the American Taxation Association,45,1,8,2021,2023,2,2022,1,"{2021: 1, 2022: 5, 2023: 2}",Examining Tax Strategy Choice
185905316,The Journal of Technology Transfer,38,6,11,2011,2013,2,2012,1,"{2011: 1, 2012: 7, 2013: 3}",Redeploying Bayh-Dole: beyond Merely doing good to optimizing the potential in results of taxpayer-funded research
158451771,Journal of Marketing Communications,22,1,7,2013,2015,2,2014,1,"{2013: 4, 2014: 2, 2015: 1}",Variability in marketing communications research and an editorial request for replication studies
50366009,Urban Studies,56,11,11,2017,2019,2,2018,1,"{2017: 2, 2018: 3, 2019: 6}",Politicised nexus thinking in practice: Integrating urban wastewater utilities into regional energy markets | Integrating what and for whom? Financialisation and the Thames Tideway Tunnel
99768379,Management Learning,53,2,15,2020,2022,2,2021,1,"{2020: 1, 2021: 13, 2022: 1}","Book Review: A very short, fairly interesting and reasonable cheap book about globalization"
162526994,International Journal of Market Research,62,2,9,2018,2020,2,2019,1,"{2018: 2, 2019: 6, 2020: 1}","Research priorities for data, market research, and insights"
127742747,Journal of Econometrics,233,2,15,2021,2023,2,2022,1,"{2021: 1, 2022: 12, 2023: 2}",Employer policies and the immigrant–native earnings gap
45992627,The Economic Journal,128,610,11,2016,2018,2,2017,1,"{2016: 7, 2017: 1, 2018: 3}",Can Compulsory Dialogues Nudge Sick-Listed Workers Back to Work?
122767448,Journal of Management,44,2,16,2015,2017,2,2016,1,"{2015: 14, 2016: 1, 2017: 1}","Do Ethical, Authentic, and Servant Leadership Explain Variance Above and Beyond Transformational Leadership? A Meta-Analysis"
57667410,Annals of Operations Research,342,3,36,2022,2024,2,2023,1,"{2022: 13, 2023: 21, 2024: 2}",Classification and estimation of case-mix adjusted performance indices for binary outcomes | Statistical methods for decision making in public sector: from the quality assessment to the citizen satisfaction
50366009,Urban Studies,53,10,17,2014,2016,2,2015,1,"{2014: 1, 2015: 10, 2016: 6}","The emergence of portable private-personal territory: Smartphones, social conduct and public spaces"
149131268,Journal of Economic Theory,122,1,7,2003,2005,2,2004,1,"{2003: 1, 2004: 4, 2005: 2}",On the nonexistence of universal information structures
579031,Economic Theory,63,1,13,2015,2017,2,2016,1,"{2015: 3, 2016: 8, 2017: 2}",On the regularity of smooth production economies with externalities: competitive equilibrium à la Nash | General economic equilibrium with financial markets and retainability
107036887,Asia Pacific Journal of Management,27,4,10,2008,2010,2,2009,1,"{2008: 3, 2009: 5, 2010: 2}",Executive compensation in Asia: A critical review and outlook | Avoiding common missteps: Writing papers suitable for the Asia Pacific Journal of Management
184126201,British Journal of Management,35,1,30,2022,2024,2,2023,1,"{2022: 3, 2023: 25, 2024: 2}","Advancing Research Methodologies in Management: Revisiting Debates, Setting New Grounds for Pluralism | Theory‐Driven Perspectives on Generative Artificial Intelligence in Business and Management"
88935262,The Review of Economic Studies,89,6,9,2020,2022,2,2021,1,"{2020: 1, 2021: 1, 2022: 7}","Globalization, Gender, and the Family"
132210109,International Journal of Game Theory,41,4,12,2010,2012,2,2011,1,"{2010: 2, 2011: 2, 2012: 8}","WPO, COV and IIA bargaining solutions for non-convex bargaining problems | Continuity of the value and optimal strategies when common priors change"
57667410,Annals of Operations Research,296,1-2,34,2018,2020,2,2019,1,"{2018: 3, 2019: 21, 2020: 10}",Normalization in TOPSIS-based approaches with data of different nature: application to the ranking of mathematical videos | An intuition-based evaluation framework for social credit applications
1558358,Journal of Business Strategy,41,2,7,2018,2020,2,2019,1,"{2018: 2, 2019: 4, 2020: 1}",The trapdoor in the platform: will corporate purpose be enough?
78792899,Journal of Small Business Management,57,4,28,2017,2019,2,2018,1,"{2017: 4, 2018: 21, 2019: 3}",ICSB Information | ICSB Membership
39307421,Technological Forecasting and Social Change,72,7,9,2003,2005,2,2004,1,"{2003: 1, 2004: 4, 2005: 4}",Demand forecasting for multigenerational products combining discrete choice and dynamics of diffusion under technological trajectories
57667410,Annals of Operations Research,208,1,32,2011,2013,2,2012,1,"{2011: 6, 2012: 21, 2013: 5}",On the life and work of Cyrus Derman | A sequential predictor retraining algorithm and its application to market prediction
121026525,Journal of Evolutionary Economics,23,3,9,2011,2013,2,2012,1,"{2011: 5, 2013: 4}",Romulus-Catalin Damaceanu: Agent-based computational economics using netlogo | Evolution and market behavior in economics and finance: introduction to the special issue
57667410,Annals of Operations Research,266,1-2,23,2016,2018,2,2017,1,"{2016: 3, 2017: 17, 2018: 3}",The effects of sector reforms on the productivity of Greek banks: a step-by-step analysis of the pre-Euro era | Are financial ratios relevant for trading credit risk? Evidence from the CDS market
92565720,Oxford Bulletin of Economics and Statistics,77,1,8,2013,2015,2,2014,1,"{2013: 7, 2015: 1}",A Comparison of Sequential and Information‐based Methods for Determining the Co‐integration Rank in Heteroskedastic VAR Models
141478581,Journal of Enterprise Information Management,37,3,12,2022,2024,2,2023,1,"{2022: 2, 2023: 5, 2024: 5}",GA-BP neural network modeling for project portfolio risk prediction | Improving information alignment and coordination in humanitarian supply chain through blockchain technology
166264140,Emerging Markets Finance and Trade,54,4,15,2016,2018,2,2017,1,"{2016: 4, 2017: 8, 2018: 3}","A Multiple and Partial Wavelet Analysis of the Oil Price, Inflation, Exchange Rate, and Economic Growth Nexus in Saudi Arabia | Credit Risk Research: Review and Agenda"
140551370,Cornell Hospitality Quarterly,56,3,9,2013,2015,2,2014,1,"{2013: 1, 2014: 6, 2015: 2}",An Analysis of Spanish Hotel Efficiency
102949365,Strategic Management Journal,38,8,12,2015,2017,2,2016,1,"{2015: 1, 2016: 8, 2017: 3}",Strategic planning as a complex and enabling managerial tool
66510378,Critical Perspectives on Accounting,20,1,7,2007,2009,2,2008,1,"{2007: 6, 2009: 1}","1st Conference of Mediterranean Critical Studies in Accounting and Finance, International Conference on Financial Institutions, Organisations, and Technologies Should financial crises keep happening Understanding and remedying the current impasse"
57667410,Annals of Operations Research,190,1,21,2008,2010,2,2009,1,"{2008: 2, 2009: 18, 2010: 1}",Embedding a state space model into a Markov decision process
50366009,Urban Studies,54,9,12,2015,2017,2,2016,1,"{2015: 3, 2016: 6, 2017: 3}",Urban crisis: ‘Limits to governance of alienation’ | Interrogating the city: Comparing locally distinct crisis discourses
4210181832,Total Quality Management & Business Excellence,25,9-10,15,2012,2014,2,2013,1,"{2012: 3, 2013: 6, 2014: 6}",Exploring linkage of quality management to innovation | Modelling continuous improvement maturity in the public sector: key stages and indicators
1014724869,Economic Research-Ekonomska Istraživanja,34,1,168,2019,2021,2,2020,1,"{2019: 1, 2020: 128, 2021: 39}",Does the Pension System’s Income Statement Really Matter? A Proposal for An NDC Scheme with Disability and Minimum Pension Benefits
107036887,Asia Pacific Journal of Management,37,2,11,2018,2020,2,2019,1,"{2018: 3, 2019: 7, 2020: 1}","Correction to: Special Section of Familial Organizations and International Business: Individual, Organizational and Institutional Variety in and beyond Asia"
125977778,International Journal of Contemporary Hospitality Management,35,8,18,2021,2023,2,2022,1,"{2021: 1, 2022: 6, 2023: 11}",Attitudes toward service robots: analyses of explicit and implicit attitudes based on anthropomorphism and construal level theory
187626162,Entrepreneurship Theory and Practice,47,3,11,2021,2023,2,2022,1,"{2021: 7, 2022: 3, 2023: 1}","Crises, Covid-19, and Entrepreneurship"
157946625,Financial Management,45,1,10,2014,2016,2,2015,1,"{2014: 2, 2015: 6, 2016: 2}","Corporate Philanthropy, Research Networks, and Collaborative Innovation | CEO's Religious Affiliation and Managerial Conservatism"
187626162,Entrepreneurship Theory and Practice,41,4,14,2015,2017,2,2016,1,"{2015: 4, 2016: 3, 2017: 7}","Beyond Red Tape and Fools: Institutional Theory in Entrepreneurship Research, 1992-2014 | Temporal Change Patterns of Entrepreneurial Orientation: A Longitudinal Investigation of CEO Successions"
206615888,Economic Inquiry,58,2,26,2018,2020,2,2019,1,"{2018: 2, 2019: 20, 2020: 4}",EARLY EVIDENCE ON RECREATIONAL MARIJUANA LEGALIZATION AND TRAFFIC FATALITIES | GETTING INTO THE WEEDS: DOES LEGAL MARIJUANA ACCESS BLUNT ACADEMIC PERFORMANCE IN COLLEGE?
202812398,Information Systems Research,23,1,17,2010,2012,2,2011,1,"{2010: 6, 2011: 10, 2012: 1}",About Our Authors
201533460,Applied Economics,41,26,12,2007,2009,2,2008,1,"{2007: 2, 2008: 9, 2009: 1}",Threshold effects of financial status on the cost frontiers of financial institutions in nondynamic panels
76633192,Journal of Business Ethics,159,3,20,2017,2019,2,2018,1,"{2017: 1, 2018: 18, 2019: 1}",Transforming Good Intentions into Social Impact: A Case on the Creation and Evolution of a Social Enterprise
107036887,Asia Pacific Journal of Management,30,3,17,2011,2013,2,2012,1,"{2011: 2, 2012: 12, 2013: 3}",Why do venture capital firms exist: An institution-based rent-seeking perspective and Chinese evidence | The influence of intellectual capital on organizational performance—Knowledge management as moderator
149131268,Journal of Economic Theory,133,1,26,2005,2007,2,2006,1,"{2005: 8, 2006: 17, 2007: 1}",SPET Announcement
65528657,Journal of Regional Science,57,3,11,2015,2017,2,2016,1,"{2015: 1, 2016: 5, 2017: 5}",URBAN SPATIAL STRUCTURE AND MOTORIZATION IN CHINA
171424506,European Accounting Review,27,1,10,2016,2018,2,2017,1,"{2016: 9, 2018: 1}","Thank you to Associate Editors, Editorial Board Members, Ad hoc Associate Editors, Guest Editors and Reviewers 2017"
117778295,Academy of Management Journal,59,2,15,2014,2016,2,2015,1,"{2014: 1, 2015: 11, 2016: 3}",Friends and Profits Don’t Mix: The Performance Implications of Repeated Partnerships
49396926,Thunderbird International Business Review,59,3,12,2015,2017,2,2016,1,"{2015: 1, 2016: 8, 2017: 3}",Cross-Border M&amp;As by Chinese Companies in Advanced Countries: Antecedents and Implications
116483603,Journal of Risk & Insurance,83,2,13,2014,2016,2,2015,1,"{2014: 5, 2015: 3, 2016: 5}","Portfolio Choice in Retirement—What is The Optimal Home Equity Release Product? | Yes, No, Perhaps? Premium Risk and Guaranteed Renewable Insurance Contracts With Heterogeneous Incomplete Private Information"
206615888,Economic Inquiry,50,3,18,2010,2012,2,2011,1,"{2010: 5, 2011: 12, 2012: 1}","TOURNAMENTS, FAIRNESS AND THE PROUHET‐THUE‐MORSE SEQUENCE"
2764580720,Journal of Global Scholars of Marketing Science,33,2,8,2021,2023,2,2022,1,"{2021: 1, 2022: 4, 2023: 3}",Haute couture-to-table? A study of luxury fashion-brand restaurants/Cafés
107036887,Asia Pacific Journal of Management,37,1,13,2018,2020,2,2019,1,"{2018: 10, 2019: 2, 2020: 1}",Making contributions beyond theory-based studies: From the APJM editorial team
2912564958,Journal of Public Budgeting Accounting & Financial Management,34,6,13,2020,2022,2,2021,1,"{2020: 1, 2021: 6, 2022: 6}",Does fiscal decentralization promote economic growth? An empirical approach to the study of China and India
105567970,European Management Journal,32,1,15,2012,2014,2,2013,1,"{2012: 1, 2013: 13, 2014: 1}",The Resilience Architecture Framework: Four organizational archetypes
18095783,Journal of Business and Economic Statistics,29,3,9,2009,2011,2,2010,1,"{2009: 1, 2010: 6, 2011: 2}",Estimating Intertemporal and Intratemporal Substitutions When Both Income and Substitution Effects Are Present: The Role of Durable Goods
1558358,Journal of Business Strategy,42,2,8,2019,2021,2,2020,1,"{2019: 2, 2020: 5, 2021: 1}",Building a new resilience
180492355,Public Finance Review,45,2,6,2015,2017,2,2016,1,"{2015: 3, 2016: 2, 2017: 1}",Editorial by New Editor-in-Chief
157600745,International Journal of Productivity and Performance Management,71,4,25,2020,2022,2,2021,1,"{2020: 4, 2021: 20, 2022: 1}",The interplay between industry 4.0 maturity of manufacturing processes and performance measurement and management in SMEs
149131268,Journal of Economic Theory,144,6,15,2007,2009,2,2008,1,"{2007: 2, 2008: 7, 2009: 6}","Spatial Growth and Industry Age | Openness, Technology Capital, and Development"
57667410,Annals of Operations Research,237,1-2,15,2013,2015,2,2014,1,"{2013: 4, 2014: 7, 2015: 4}",Separation results for multi-product inventory hedging problems | Smoothing and parametric rules for stochastic mean-CVaR optimal execution strategy
157946625,Financial Management,46,2,10,2015,2017,2,2016,1,"{2015: 1, 2016: 6, 2017: 3}",Predictable Sports Sentiment and Local Trading
50366009,Urban Studies,56,7,10,2017,2019,2,2018,1,"{2017: 1, 2018: 4, 2019: 5}","Financialising urban water infrastructure: Extracting local value, distributing value globally"
184446198,Journal of Public Economic Theory,17,1,6,2013,2015,2,2014,1,"{2013: 2, 2014: 3, 2015: 1}",Introduction to the Special Issue on Public‐Private Partnerships
162526994,International Journal of Market Research,62,6,9,2018,2020,2,2019,1,"{2018: 1, 2019: 5, 2020: 3}",Why continue sharing: Determinants of behavior in ridesharing services
92522684,Journal of the Academy of Marketing Science,44,3,9,2014,2016,2,2015,1,"{2014: 4, 2015: 2, 2016: 3}",Re-conceptualizing cognitive and affective customer–company identification: the role of self-motives and different customer-based outcomes | Frontline employees’ collaboration in industrial service innovation: routes of co-creation’s effects on new service performance
105567970,European Management Journal,41,2,14,2021,2023,2,2022,1,"{2021: 7, 2022: 6, 2023: 1}",Closer than ever: Growing business-level connections between Australia and Europe
50366009,Urban Studies,61,4,9,2022,2024,2,2023,1,"{2022: 4, 2023: 3, 2024: 2}","Introduction: Verticality, radicalism, resistance | Afterword: Out there (or, do we have lift off?)"
57667410,Annals of Operations Research,336,1-2,40,2022,2024,2,2023,1,"{2022: 21, 2023: 17, 2024: 2}",Recent advances in mathematical methods for finance | MAD risk parity portfolios
180061323,The Review of Economics and Statistics,94,2,14,2010,2012,2,2011,1,"{2010: 8, 2011: 5, 2012: 1}",A Practical Asymptotic Variance Estimator for Two-Step Semiparametric Estimators
165253824,Scandinavian Journal of Economics,119,2,11,2015,2017,2,2016,1,"{2015: 6, 2016: 4, 2017: 1}",Editors’ Report
2735550652,Journal of the Association of Environmental and Resource Economists,9,4,6,2020,2022,2,2021,1,"{2020: 1, 2022: 5}",Nondogmatic Climate Policy
122767448,Journal of Management,43,5,13,2013,2015,2,2014,1,"{2013: 1, 2014: 11, 2015: 1}",Are Disruptive CEO Successions Viewed as a Governance Lapse? Evidence From Board Turnover
67103694,Cambridge Journal of Economics,34,1,18,2008,2010,2,2009,1,"{2008: 1, 2009: 15, 2010: 2}",Reality and technology
100134864,European Journal of Political Economy,22,4,16,2004,2006,2,2005,1,"{2004: 1, 2005: 4, 2006: 11}",Contests with Size Effects
127742747,Journal of Econometrics,228,1,8,2020,2022,2,2021,1,"{2020: 2, 2021: 5, 2022: 1}",High-dimensional linear models with many endogenous variables
170137484,Review of Financial Studies,21,1,14,2006,2008,2,2007,1,"{2006: 1, 2007: 10, 2008: 3}",Analyst Behavior Following IPOs: The “Bubble Period” Evidence
184126201,British Journal of Management,29,1,12,2016,2018,2,2017,1,"{2016: 1, 2017: 10, 2018: 1}",Team‐specific Human Capital and Performance
9435936,Long Range Planning,51,2,12,2016,2018,2,2017,1,"{2016: 1, 2017: 10, 2018: 1}","Examining Links between Pre and Post M&amp;A Value Creation Mechanisms — Exploitation, Exploration and Ambidexterity in Central European SMEs"
2913545599,Spanish Journal of Finance and Accounting / Revista Española de Financiación y Contabilidad,49,1,6,2018,2020,2,2019,1,"{2018: 3, 2019: 2, 2020: 1}",Special issue on recent developments in European corporate governance
50561683,International Review of Applied Economics,33,2,9,2017,2019,2,2018,1,"{2017: 4, 2018: 3, 2019: 2}",Special issue on alternative forms of corporations and business enterprise in the Global South in the context of globalisation and inequality | Finance and power – and Keynes’s relevance today
132950052,Journal of Interdisciplinary Economics,37,2,5,2022,2024,2,2023,1,"{2022: 1, 2023: 2, 2024: 2}",Rationally Inattentive Behaviour with A Priori Knowledge
57667410,Annals of Operations Research,247,2,23,2014,2016,2,2015,1,"{2014: 3, 2015: 17, 2016: 3}",Coupling input–output analysis with multiobjective linear programming models for the study of economy–energy–environment–social (E3S) trade-offs: a review | Operational and economic efficiency analysis of public hospitals in Greece
78792899,Journal of Small Business Management,57,3,27,2017,2019,2,2018,1,"{2017: 16, 2018: 9, 2019: 2}",ICSB Information | ICSB Membership
94499970,Energy Economics,30,4,37,2006,2008,2,2007,1,"{2006: 2, 2007: 18, 2008: 17}",Valuing flexibility: The case of an Integrated Gasification Combined Cycle power plant | A real options evaluation model for the diffusion prospects of new renewable power generation technologies
201533460,Applied Economics,43,13,12,2009,2011,2,2010,1,"{2009: 6, 2010: 4, 2011: 2}",The applied economics of trade: introduction and overview | The impact of trade liberalization and the fiscal equalization transfer policy on provincial income disparities in Canada: an application of GMM estimation
149131268,Journal of Economic Theory,142,1,15,2006,2008,2,2007,1,"{2006: 2, 2007: 9, 2008: 4}",Endogenous supply of fiat money | Injecting rational bubbles
171424506,European Accounting Review,25,1,9,2014,2016,2,2015,1,"{2014: 7, 2015: 1, 2016: 1}",How Audits Moderate the Effects of Incentives and Peer Behavior on Misreporting
100141487,Growth and Change,53,4,19,2020,2022,2,2021,1,"{2020: 1, 2021: 9, 2022: 9}",Davids versus Goliaths: Epigenetic dynamics and structural change in the Swedish innovation system
4210171597,Accounting and Finance,58,3,10,2015,2017,2,2016,1,"{2015: 1, 2016: 8, 2017: 1}",Dividend policies across multinational and domestic corporations – an international study
92522684,Journal of the Academy of Marketing Science,41,4,6,2011,2013,2,2012,1,"{2011: 1, 2012: 4, 2013: 1}",An introspective examination of single-unit versus multi-unit franchisees
143995394,Journal of World Business,55,5,10,2018,2020,2,2019,1,"{2018: 2, 2019: 3, 2020: 5}",Institutional logics and social enterprises: Entry mode choices of foreign hospitals in China | Compensating international mobility in a workers’ cooperative: An interpretive study
125273398,The Quarterly Review of Economics and Finance,49,3,32,2007,2009,2,2008,1,"{2007: 1, 2008: 17, 2009: 14}",The impacts of index options on the underlying stocks: The case of the S&amp;P 100
108845946,Economica,76,304,16,2007,2009,2,2008,1,"{2007: 1, 2008: 7, 2009: 8}",Water Expansions in Shantytowns: Health and Savings
2764516016,European journal of training and development,45,6/7,9,2019,2021,2,2020,1,"{2019: 2, 2020: 4, 2021: 3}",A metamodel for competence assessment | Text mining for human resources competencies: Taiwan example
132210109,International Journal of Game Theory,42,3,9,2011,2013,2,2012,1,"{2011: 5, 2012: 3, 2013: 1}",Introduction to the special issue
76633192,Journal of Business Ethics,138,4,10,2014,2016,2,2015,1,"{2014: 1, 2015: 8, 2016: 1}",CEO Accountability for Corporate Fraud: Evidence from the Split Share Structure Reform in China
187626162,Entrepreneurship Theory and Practice,40,2,10,2014,2016,2,2015,1,"{2014: 1, 2015: 5, 2016: 4}",CLIFTEX Theatre: Balancing Technology and Sustainability
36178057,Economics Letters,99,2,52,2006,2008,2,2007,1,"{2006: 1, 2007: 49, 2008: 2}",Supply Constraints and Housing Prices
92565720,Oxford Bulletin of Economics and Statistics,75,2,8,2011,2013,2,2012,1,"{2011: 3, 2012: 4, 2013: 1}",Does the Order and Timing of Active Labour Market Programmes Matter?
157946625,Financial Management,49,1,11,2018,2020,2,2019,1,"{2018: 5, 2019: 5, 2020: 1}",Announcements
203746597,The Annals of Regional Science,48,3,14,2009,2011,2,2010,1,"{2009: 1, 2010: 10, 2011: 3}",Financing roads and railways with decentralized real estate taxes: the case of Sweden
44376543,Business & Society,60,7,10,2019,2021,2,2020,1,"{2019: 3, 2020: 6, 2021: 1}",Governance and Business-Society Relations in Areas of Limited Statehood: An Introduction
57667410,Annals of Operations Research,347,1,28,2022,2024,2,2023,1,"{2022: 1, 2023: 21, 2024: 6}",Portfolio choice under loss aversion and diminishing sensitivity: a theoretical extension
61446109,Human Relations,74,3,6,2019,2021,2,2020,1,"{2019: 4, 2020: 1, 2021: 1}",Is ‘be yourself’ always the best advice? The moderating effect of team ethical climate and the mediating effects of vigor and demand–ability fit
121026525,Journal of Evolutionary Economics,28,3,9,2016,2018,2,2017,1,"{2016: 1, 2017: 6, 2018: 2}","Evolution of markets: a simulation with centralized, decentralized and posted offer formats"
141165859,Studies in Economics and Finance,41,2,10,2022,2024,2,2023,1,"{2022: 1, 2023: 7, 2024: 2}",The economic and environmental effects of an optimal emission reduction subsidy policy in the presence of business cycles
94499970,Energy Economics,29,2,12,2005,2007,2,2006,1,"{2005: 1, 2006: 10, 2007: 1}","Price elasticities, policy measures and actual developments in household energy consumption – A bottom up analysis for the Netherlands"
197396629,The British Accounting Review,53,2,8,2019,2021,2,2020,1,"{2019: 1, 2020: 6, 2021: 1}",Bridging the divide: The rise of the Indian Accountant from 1900 to 1932
177092143,Australian Journal of Management,48,2,12,2021,2023,2,2022,1,"{2021: 1, 2022: 9, 2023: 2}",The development of green enterprises: A literature review based on VOSviewer and Pajek
131852005,European Financial Management,20,1,7,2011,2013,2,2012,1,"{2011: 5, 2013: 2}",Has Europe Been Catching Up? An Industry Level Analysis of Venture Capital Success over 1985–2009 | The Economics of Donations and Enlightened Self‐interest
206124708,Organization Science,21,1,19,2008,2010,2,2009,1,"{2008: 8, 2009: 9, 2010: 2}",About Authors | From the Editor
99768379,Management Learning,45,1,12,2012,2014,2,2013,1,"{2012: 1, 2013: 5, 2014: 6}",Business pedagogy for social justice? An exploratory investigation of business faculty perspectives of social justice in business education
129650269,Open Economies Review,21,4,6,2008,2010,2,2009,1,"{2008: 3, 2009: 2, 2010: 1}","Deflation, Productivity Shocks and Gold: Evidence from the 1880–1914 Period"
152786945,Stochastics,84,2-3,22,2010,2012,2,2011,1,"{2010: 1, 2011: 19, 2012: 2}",The complex scaled Feynman–Kac formula for singular initial distributions
76633192,Journal of Business Ethics,154,4,19,2016,2018,2,2017,1,"{2016: 5, 2017: 3, 2018: 11}",The Heterogeneity of Board-Level Sustainability Committees and Corporate Social Performance | Corporate Social Responsibility Report Narratives and Analyst Forecast Accuracy
2764516016,European journal of training and development,48,1/2,15,2022,2024,2,2023,1,"{2022: 13, 2023: 1, 2024: 1}",Making sense of the digital badging landscape in education and workplace settings: a scoping review of the empirical literature
2913204857,Journal of Business Economics,89,7,7,2017,2019,2,2018,1,"{2017: 1, 2018: 2, 2019: 4}",Coordination contracts for reverse supply chains: a state-of-the-art review
74096415,Journal of Economic Policy Reform,23,2,8,2018,2020,2,2019,1,"{2018: 4, 2019: 3, 2020: 1}",Determinants of institutional quality: an empirical exploration
70698675,Technovation,26,2,14,2004,2006,2,2005,1,"{2004: 4, 2005: 9, 2006: 1}",Entrepreneurship today
111496547,Scottish Journal of Political Economy,68,4,4,2019,2021,2,2020,1,"{2019: 1, 2021: 3}",Performance pay and assortative matching
9435936,Long Range Planning,53,3,11,2018,2020,2,2019,1,"{2018: 1, 2019: 8, 2020: 2}",Rewiring the intrafirm network under downsizing: The role of tie loss on discretionary tie formation
152786945,Stochastics,85,2,8,2011,2013,2,2012,1,"{2011: 1, 2012: 6, 2013: 1}",Amplitude equations for SPDEs with cubic nonlinearities
177092143,Australian Journal of Management,41,1,8,2014,2016,2,2015,1,"{2014: 4, 2015: 3, 2016: 1}",Thanks to Reviewers
189751245,Journal of Consumer Affairs,51,1,11,2015,2017,2,2016,1,"{2015: 2, 2016: 8, 2017: 1}",ISSN Page
57667410,Annals of Operations Research,316,1,26,2020,2022,2,2021,1,"{2020: 5, 2021: 17, 2022: 4}",A decomposition method by interaction prediction for the optimization of maintenance scheduling | Scalable optimization and decision-making in operations research
125977778,International Journal of Contemporary Hospitality Management,36,2,15,2022,2024,2,2023,1,"{2022: 10, 2023: 4, 2024: 1}",Social network analysis in hospitality and tourism: Guest editorial
165973286,The Journal of Computational Finance,19,3,4,2014,2016,2,2015,1,"{2014: 1, 2016: 3}",Updating the Option Implied Probability of Default Methodology
17986141,Journal of Management Inquiry,28,4,9,2017,2019,2,2018,1,"{2017: 4, 2018: 3, 2019: 2}",Employers and the Reintegration of Formerly Incarcerated Persons | Twitter Women’s Tips on Academic Writing: A Female Response to Gioia’s Rules of the Game
57667410,Annals of Operations Research,310,2,13,2020,2022,2,2021,1,"{2020: 6, 2021: 6, 2022: 1}",Preface: Queues and related stochastic models
105567970,European Management Journal,42,1,15,2022,2024,2,2023,1,"{2022: 12, 2024: 3}",Best Paper and Best Reviewer Awards 2023 | Adam Smith: His continuing relevance for contemporary management thought
184126201,British Journal of Management,25,1,10,2012,2014,2,2013,1,"{2012: 9, 2014: 1}",Advancing Theory and Research and the <i>British Journal of Management</i>
133599136,Organizational Research Methods,21,3,9,2016,2018,2,2017,1,"{2016: 1, 2017: 7, 2018: 1}",Big Data Methods
163499366,Review of Economic Dynamics,14,3,8,2009,2011,2,2010,1,"{2009: 1, 2010: 4, 2011: 3}",Unique monetary equilibria with interest rate rules
61446109,Human Relations,74,7,8,2019,2021,2,2020,1,"{2019: 1, 2020: 6, 2021: 1}","Standardisation, disequilibrium, and crisis: The division of labour and financialisation"
70698675,Technovation,26,7,17,2004,2006,2,2005,1,"{2004: 2, 2005: 14, 2006: 1}",
182666042,Naval Research Logistics (NRL),68,5,8,2019,2021,2,2020,1,"{2019: 1, 2020: 6, 2021: 1}",Capacity choice game in a multiserver queue: Existence of a Nash equilibrium
67103694,Cambridge Journal of Economics,39,3,16,2013,2015,2,2014,1,"{2013: 3, 2014: 12, 2015: 1}","Financialisation, income distribution and the crisis"
11782782,Australasian Marketing Journal (AMJ),32,1,8,2022,2024,2,2023,1,"{2022: 5, 2023: 2, 2024: 1}",Reimagining How Meaningfulness Can be Reconciled With Marketing
98984247,Computational Economics,63,3,14,2022,2024,2,2023,1,"{2022: 3, 2023: 10, 2024: 1}",Does COVID-19 Outbreak Push Saudi Crude Oil to Connect with Selected GCC Equity Market? Insight of Time Varying Linkage
166264140,Emerging Markets Finance and Trade,56,5,13,2018,2020,2,2019,1,"{2018: 5, 2019: 7, 2020: 1}",Guest Editor’s Introduction
187270080,European Journal of Work and Organizational Psychology,24,2,11,2013,2015,2,2014,1,"{2013: 1, 2014: 9, 2015: 1}",The crossover of self-esteem: A longitudinal perspective
174413665,Review of Income and Wealth,67,1,11,2019,2021,2,2020,1,"{2019: 1, 2020: 9, 2021: 1}",The Importance of Economic Expectations for Retirement Entry*
43637407,R and D Management,47,2,13,2015,2017,2,2016,1,"{2015: 4, 2016: 8, 2017: 1}","Biopharma R&amp;D Partnerships: From David &amp; Goliath to Networked R&amp;D. By RobertThong, Phizz Rx Publishing: London, 2016, ISBN 978‐0993518102, paperback, £24, pp. 272."
191005381,Defence and Peace Economics,29,2,7,2015,2017,2,2016,1,"{2015: 2, 2016: 4, 2017: 1}","The Political Economy of Predation, Manhunting and the Economics of Escape"
39841227,International Journal of Forecasting,40,2,25,2022,2024,2,2023,1,"{2022: 7, 2023: 17, 2024: 1}",Acknowledgement to reviewers
157946625,Financial Management,49,2,10,2018,2020,2,2019,1,"{2018: 3, 2019: 6, 2020: 1}",Announcements
133599136,Organizational Research Methods,20,4,10,2015,2017,2,2016,1,"{2015: 2, 2016: 6, 2017: 2}",Accuracy of Parameter Estimates and Confidence Intervals in Moderated Mediation Models | Establishing Causal Order in Longitudinal Studies Combining Binary and Continuous Dependent Variables
67638930,Structural Change and Economic Dynamics,16,2,8,2003,2005,2,2004,1,"{2003: 1, 2004: 4, 2005: 3}","Technical progress, accumulation and financial constraints: is the productivity paradox really a paradox?"
144472306,Journal of Manufacturing Technology Management,30,6,6,2017,2019,2,2018,1,"{2017: 1, 2018: 4, 2019: 1}",Dynamic due date assignment method
140551370,Cornell Hospitality Quarterly,63,3,10,2020,2022,2,2021,1,"{2020: 5, 2021: 4, 2022: 1}",From the Editor—August 2022
184816971,International Journal of Production Economics,104,2,37,2004,2006,2,2005,1,"{2004: 5, 2005: 23, 2006: 9}",Inventory control in a multi-supplier system | Comparison of dynamic scheduling policies for hybrid make-to-order and make-to-stock production systems with stochastic demand
17986141,Journal of Management Inquiry,29,3,11,2018,2020,2,2019,1,"{2018: 5, 2019: 2, 2020: 4}",A Designer on Designing: A Conversation with Johannes Torpe | Playing the Game: Unpacking the Rationale for Organizational Corruption in MNCs
57667410,Annals of Operations Research,292,2,15,2018,2020,2,2019,1,"{2018: 2, 2019: 8, 2020: 5}","Solving joint chance constrained problems using regularization and Benders’ decomposition | The distortion principle for insurance pricing: properties, identification and robustness"
76633192,Journal of Business Ethics,165,4,11,2018,2020,2,2019,1,"{2018: 5, 2019: 5, 2020: 1}","Review of Whistleblowing, Toward a New Theory by Kate Kenny"
205793605,Business Strategy and the Environment,16,6,6,2005,2007,2,2006,1,"{2005: 3, 2006: 2, 2007: 1}",Current Issues in the Greening of Industry
7345157,Eastern Economic Journal,44,2,11,2015,2017,2,2016,1,"{2015: 2, 2016: 7, 2017: 2}",Closing the Deficit: How Much Can Later Retirement Help? | Austerity: The History of a Dangerous Idea
57667410,Annals of Operations Research,292,1,22,2018,2020,2,2019,1,"{2018: 1, 2019: 9, 2020: 12}",Mixture inventory model of lost sale and back-order with stochastic lead time demand on permissible delay in payments
7424199,Public Choice,199,3-4,11,2022,2024,2,2023,1,"{2022: 4, 2023: 5, 2024: 2}",The political economy of climate action in Indian Country | The political economy of American Indian policy: introduction to a special issue
197396629,The British Accounting Review,56,5,21,2022,2024,2,2023,1,"{2022: 1, 2023: 13, 2024: 7}",Megaprojects and hybridity. Accounting and performance challenges for multiple diverse actors and values
4210220312,International Journal of Logistics Research and Applications,25,4-5,28,2020,2022,2,2021,1,"{2020: 10, 2021: 17, 2022: 1}",Green and sustainable supply chain management in the platform economy
6013065,Journal of Management & Governance,24,3,11,2018,2020,2,2019,1,"{2018: 1, 2019: 9, 2020: 1}",Servitization strategy as a roadmap for the accounting machine
166264140,Emerging Markets Finance and Trade,58,12,19,2020,2022,2,2021,1,"{2020: 1, 2022: 18}",The Effect of Corporate Social Responsibility on Productivity: Firm-Level Evidence from Chinese Listed Companies
49396926,Thunderbird International Business Review,60,3,14,2016,2018,2,2017,1,"{2016: 8, 2017: 5, 2018: 1}",Thriving in Changing Times
57667410,Annals of Operations Research,269,1-2,36,2016,2018,2,2017,1,"{2016: 5, 2017: 26, 2018: 5}",A hybrid FA–SA algorithm for fuzzy portfolio selection with transaction costs | On optimality conditions and duality theorems for robust semi-infinite multiobjective optimization problems
117460449,Asia Pacific Business Review,20,1,11,2012,2014,2,2013,1,"{2012: 2, 2013: 7, 2014: 2}",Turnover intentions and organizational citizenship behaviours in Korean firms: the interactional effects of organizational and occupational commitment | International human resource management policies and practices of South Korean MNEs: a review of the literature
138645024,Journal of Comparative Economics,44,2,19,2014,2016,2,2015,1,"{2014: 1, 2015: 13, 2016: 5}",Workplace Democracy and Job Flows
41869786,Small Business Economics,40,2,17,2010,2012,2,2011,1,"{2010: 1, 2011: 9, 2012: 7}",School Competition and Students' Entrepreneurial Intentions: International Evidence Using Historical Catholic Roots of Private Schooling
130164084,Journal of financial reporting & accounting,23,1,20,2022,2024,2,2023,1,"{2022: 7, 2023: 11, 2024: 2}","Forensic accounting, socio-economic factors and value added tax evasion in emerging economies: evidence from Jordan | The influence of board and audit committee characteristics on CSR reporting in Bahrain: the legitimacy perspective"
99768379,Management Learning,50,3,12,2017,2019,2,2018,1,"{2017: 1, 2018: 6, 2019: 5}",Book review: Reflexive leadership: Organising in an imperfect world
82316188,European Journal of Finance,28,13-15,11,2020,2022,2,2021,1,"{2020: 4, 2021: 6, 2022: 1}",New measures for a new normal in finance and risk management
49396926,Thunderbird International Business Review,60,2,7,2016,2018,2,2017,1,"{2016: 5, 2017: 1, 2018: 1}",Coca‐Cola and the Fight against the Global Obesity Epidemic
168273071,International Review of Economics & Finance,14,2,11,2003,2005,2,2004,1,"{2003: 1, 2004: 8, 2005: 2}",Financial e-commerce under capital regulation and deposit insurance
57667410,Annals of Operations Research,253,2,12,2015,2017,2,2016,1,"{2015: 2, 2016: 9, 2017: 1}","Preface: logistics, optimization and transportation—in memory of the late Arne Løkketangen"
172526255,Finance and Stochastics,15,2,7,2009,2011,2,2010,1,"{2009: 1, 2010: 5, 2011: 1}",Gamma expansion of the Heston stochastic volatility model
171491724,Journal of Economics and Finance,40,3,12,2014,2016,2,2015,1,"{2014: 1, 2015: 10, 2016: 1}",Does investor sentiment impact the returns and volatility of Islamic equities?
178258306,Empirical Economics,46,1,17,2012,2014,2,2013,1,"{2012: 7, 2013: 9, 2014: 1}",Report of the Editors
184351885,Managerial Finance,46,5,12,2018,2020,2,2019,1,"{2018: 1, 2019: 10, 2020: 1}",Risk management in student-managed funds
67638930,Structural Change and Economic Dynamics,17,2,7,2004,2006,2,2005,1,"{2004: 1, 2005: 5, 2006: 1}",Localized technological change and factor markets: constraints and inducements to innovation
107036887,Asia Pacific Journal of Management,30,4,15,2011,2013,2,2012,1,"{2011: 3, 2012: 8, 2013: 4}",The impact of OEM supplier initiatives on buyer competence development: The moderating roles of collaborative relationship and competitive environment | A social network analysis of leading semiconductor companies’ knowledge flow network
117460449,Asia Pacific Business Review,28,2,12,2020,2022,2,2021,1,"{2020: 1, 2021: 5, 2022: 6}",Education in Japan: a comprehensive analysis of reforms and practices
39841227,International Journal of Forecasting,27,3,22,2009,2011,2,2010,1,"{2009: 2, 2010: 10, 2011: 10}",MLP ensembles improve long term prediction accuracy over single networks | Evaluating the forecasting performance of econometric models of air passenger traffic flows using multiple error measures
135086714,Journal of Information Technology,33,2,5,2016,2018,2,2017,1,"{2016: 1, 2017: 3, 2018: 1}",How do Requirements Evolve over Time? A Case Study Investigating the Role of Context and Experiences in the Evolution of Enterprise Software Requirements
74096415,Journal of Economic Policy Reform,23,3,6,2018,2020,2,2019,1,"{2018: 1, 2019: 2, 2020: 3}","Germany, the problem of leadership, and institution-building in EMU reform"
23343376,International Business Review,31,3,15,2020,2022,2,2021,1,"{2020: 1, 2021: 12, 2022: 2}",Strategic ambidexterity and its performance implications for emerging economies multinationals
180061323,The Review of Economics and Statistics,94,3,15,2010,2012,2,2011,1,"{2010: 2, 2011: 12, 2012: 1}",The Plight of Mixed-Race Adolescents
151705444,Journal of Management Studies,56,8,11,2017,2019,2,2018,1,"{2017: 1, 2018: 2, 2019: 8}",Evolving Reactions: 60 Years with March and Simon's ‘Organizations’
174413665,Review of Income and Wealth,61,1,15,2013,2015,2,2014,1,"{2013: 8, 2014: 4, 2015: 3}","International Association for Research in Income and Wealth—<scp>OECD</scp>W(h)ither the <scp>SNA</scp>? Conference to be held at <scp>OECD</scp> Conference Centre, <scp>P</scp>aris, April 16–17, 2015 | Measuring National Well‐Being: A <scp>UK</scp> Perspective"
136211407,Ecological Economics,68,6,38,2007,2009,2,2008,1,"{2007: 2, 2008: 20, 2009: 16}","Different scenarios for achieving radical reduction in carbon emissions: A decomposition analysis | Energy consumption, economic growth, and carbon emissions: Challenges faced by an EU candidate member"
7424199,Public Choice,158,3-4,13,2012,2014,2,2013,1,"{2012: 3, 2013: 5, 2014: 5}",Cycles and instability in politics. Evidence from the 2009 Danish municipal elections | A Danish killer amendment—when judicial review was banned from the 1849 Constitution
187626162,Entrepreneurship Theory and Practice,46,6,14,2020,2022,2,2021,1,"{2020: 4, 2021: 9, 2022: 1}",Laughing All the Way to the Bank: The Joint Roles of Shared Coping Humor and Entrepreneurial Team-Efficacy in New Venture Performance
184126201,British Journal of Management,31,3,16,2018,2020,2,2019,1,"{2018: 1, 2019: 5, 2020: 10}",Pay Dispersion and Executive Behaviour: Evidence from Innovation
145200904,Health Economics,24,3,10,2013,2015,2,2014,1,"{2013: 6, 2014: 3, 2015: 1}","In Memoriam: Willard G. Manning, 1946‐2014"
187200255,Competition & Change,26,3-4,11,2020,2022,2,2021,1,"{2020: 2, 2021: 8, 2022: 1}",Introduction
139232146,Personnel Review,51,1,22,2020,2022,2,2021,1,"{2020: 6, 2021: 15, 2022: 1}",Editor-in-Chief Note: Farewell
100134864,European Journal of Political Economy,26,3,12,2008,2010,2,2009,1,"{2008: 1, 2009: 9, 2010: 2}","Firms' Ethics, Consumer Boycotts, and Signalling"
174413665,Review of Income and Wealth,61,3,12,2013,2015,2,2014,1,"{2013: 1, 2014: 10, 2015: 1}",A Proposal to Compare Consistently the Inequality Among the Poor
84664706,Personnel Psychology,76,1,15,2021,2023,2,2022,1,"{2021: 2, 2022: 12, 2023: 1}",Anticipated Reviews*.
57667410,Annals of Operations Research,215,1,17,2012,2014,2,2013,1,"{2012: 4, 2013: 12, 2014: 1}","Mathematical modeling of electoral systems: analysis, evaluation, optimization. In memory of Bruno Simeone (1945–2010)"
184126201,British Journal of Management,32,3,18,2019,2021,2,2020,1,"{2019: 1, 2020: 10, 2021: 7}","Legal Systems, National Governance and Renewable Energy Investment: Evidence from Around the World"
108845946,Economica,85,339,10,2016,2018,2,2017,1,"{2016: 5, 2017: 4, 2018: 1}","Clientelism, Contagious Voting and Governance"
101788309,Papers of the Regional Science Association,97,2,14,2016,2018,2,2017,1,"{2016: 11, 2018: 3}",Handbook of research methods and applications in economic geography | A measure for identifying substantial geographic concentrations
117778295,Academy of Management Journal,58,2,13,2013,2015,2,2014,1,"{2013: 2, 2014: 9, 2015: 2}",Lessons from a Martial Arts Dojo: A Prolonged Process Model of High-Context Communication | Does West “Fit” with East? In Search of a Chinese Model of Person–Environment Fit
96544531,Applied Economics Letters,16,13,18,2007,2009,2,2008,1,"{2007: 1, 2008: 13, 2009: 4}",Agency in Health-Care: Are Medical Care-Givers Perfect Agents?
49396926,Thunderbird International Business Review,59,2,8,2015,2017,2,2016,1,"{2015: 1, 2016: 6, 2017: 1}",New Geography of M&amp;As: A Framing Device of Firms' Strategies
57667410,Annals of Operations Research,336,3,28,2022,2024,2,2023,1,"{2022: 6, 2023: 21, 2024: 1}",2021 European meeting on game theory (SING16)
162526994,International Journal of Market Research,63,2,9,2019,2021,2,2020,1,"{2019: 2, 2020: 4, 2021: 3}",How consumer involvement influences consumption-elicited emotions and satisfaction | Friendships through the style choice of virtual stickers: Young adults manage aesthetic identity and emotion on a social messaging line app
7345157,Eastern Economic Journal,42,3,15,2014,2016,2,2015,1,"{2014: 7, 2015: 6, 2016: 2}",The Economics Major is Not a Pipeline to Finance | An Alternative Model
57667410,Annals of Operations Research,268,1-2,25,2016,2018,2,2017,1,"{2016: 8, 2017: 15, 2018: 2}",Behavioral DEA model in evaluating the regional carrying states in China | Preface: Behavioral operations management in social networks
164923136,Environment and Development Economics,28,6,6,2021,2023,2,2022,1,"{2021: 1, 2023: 5}",Barren lives: drought shocks and agricultural vulnerability in the Brazilian Semi-Arid
187626162,Entrepreneurship Theory and Practice,40,3,10,2014,2016,2,2015,1,"{2014: 9, 2016: 1}",What Can Scholars of Entrepreneurship Learn from Sound Family Businesses?
185905316,The Journal of Technology Transfer,45,4,12,2018,2020,2,2019,1,"{2018: 2, 2019: 9, 2020: 1}",Institutional conditions and social innovations in emerging economies: insights from Mexican enterprises’ initiatives for protecting/preventing the effect of violent events
184816971,International Journal of Production Economics,131,1,46,2009,2011,2,2010,1,"{2009: 6, 2010: 37, 2011: 3}",Factors influencing employee perceptions in lean transformations | Modeling and simulation of order-driven planning policies in build-to-order automobile production
43637407,R and D Management,46,3,8,2014,2016,2,2015,1,"{2014: 1, 2015: 4, 2016: 3}",Business model innovation and owner–managers: the moderating role of competition
107859553,International Small Business Journal Researching Entrepreneurship,30,8,9,2010,2012,2,2011,1,"{2010: 1, 2011: 5, 2012: 3}",The equity funding of smaller growing companies and regional stock exchanges
174413665,Review of Income and Wealth,63,1,11,2015,2017,2,2016,1,"{2015: 8, 2016: 1, 2017: 2}",Has Greater Stock Market Participation Increased Wealth Inequality in the Us?
152282257,Journal of Corporate Finance,12,3,13,2004,2006,2,2005,1,"{2004: 1, 2005: 9, 2006: 3}",Are outsiders handicapped in CEO successions?
166264140,Emerging Markets Finance and Trade,56,12,14,2018,2020,2,2019,1,"{2018: 1, 2019: 12, 2020: 1}",Does Institutional Ownership Improve Firm Investment Efficiency?
117778295,Academy of Management Journal,63,1,13,2018,2020,2,2019,1,"{2018: 2, 2019: 10, 2020: 1}",<i>Academy of Management Journal</i> in 2020 and Beyond
184816971,International Journal of Production Economics,104,1,19,2004,2006,2,2005,1,"{2004: 2, 2005: 11, 2006: 6}",Strategic venture partner selection for collaborative innovation in production systems: A decision support system-based approach | Specifications and supplier development in the UK electrical transmission and distribution equipment industry
143995394,Journal of World Business,55,6,11,2018,2020,2,2019,1,"{2018: 2, 2019: 1, 2020: 8}",The emergence of a communication climate in global virtual teams
206615888,Economic Inquiry,50,4,17,2010,2012,2,2011,1,"{2010: 3, 2011: 13, 2012: 1}",2011 Editor's Report
57667410,Annals of Operations Research,222,1,29,2012,2014,2,2013,1,"{2012: 5, 2013: 22, 2014: 2}",Solution algorithms for unrelated machines minmax regret scheduling problem with interval processing times and the total flow time criterion | An overview of ORP $$^3$$ 3 -OR for young researchers and practitioners
184816971,International Journal of Production Economics,143,2,51,2011,2013,2,2012,1,"{2011: 24, 2012: 26, 2013: 1}",Preface
166264140,Emerging Markets Finance and Trade,57,1,18,2018,2020,2,2019,1,"{2018: 4, 2019: 12, 2020: 2}","Spillover Effects of Import Trade Fluctuations for China and the US: A Global Perspective | Guest Editor’s Introduction - Exchange Rate Pass-Through, Fiscal Decentralization, and the Gender Wealth Gap: Policy Implications for Vietnam"
19358283,International Journal of Advertising,37,3,10,2016,2018,2,2017,1,"{2016: 4, 2017: 2, 2018: 4}",Television advertising television: measuring the ability of television promos to deliver ratings for new programs using single-source data | Advertising to the masses: the effects of crowding on the attention to place-based advertising
35298862,Journal of Macromarketing,35,1,19,2013,2015,2,2014,1,"{2013: 1, 2014: 11, 2015: 7}",I Support Sustainability But Only When Doing So Reflects Fabulously on Me
117778295,Academy of Management Journal,61,1,16,2016,2018,2,2017,1,"{2016: 1, 2017: 14, 2018: 1}",Does Proactive Personality Matter in Leadership Transitions? Effects of Proactive Personality on New Leader Identification and Responses to New Leaders and their Change Agendas
50366009,Urban Studies,54,5,15,2015,2017,2,2016,1,"{2015: 2, 2016: 10, 2017: 3}",A different state of exception: Governing urban reconstruction in post-27F Chile | Urban political ecologies of housing and climate change: The ‘Coolest Block’ Contest in Philadelphia
99768379,Management Learning,46,1,10,2013,2015,2,2014,1,"{2013: 5, 2014: 1, 2015: 4}",<i>Imagine being asked to evaluate your CEO</i> …: Using the constructive controversy approach to teach gender and management in times of economic crisis
184126201,British Journal of Management,20,1,9,2007,2009,2,2008,1,"{2007: 3, 2008: 5, 2009: 1}",Corporate Reputation and Women on the Board
107325288,Social Choice and Welfare,37,4,17,2009,2011,2,2010,1,"{2009: 1, 2011: 16}",Contraction Consistent Stochastic Choice Correspondence
70698675,Technovation,24,5,6,2002,2004,2,2003,1,"{2002: 2, 2003: 2, 2004: 2}",Energy conservation in electric utilities: an opportunity for restorative economics at SaskPower | An innovation park in Hungary: INNOTECH of the Budapest University of Technology and Economics
165253824,Scandinavian Journal of Economics,123,2,11,2019,2021,2,2020,1,"{2019: 3, 2020: 7, 2021: 1}",Editors’ Report
119950638,Journal of Marketing Research,59,1,13,2020,2022,2,2021,1,"{2020: 3, 2021: 9, 2022: 1}","Education and Marketing: Decision Making, Spending, and Consumption"
57667410,Annals of Operations Research,322,1,19,2021,2023,2,2022,1,"{2021: 2, 2022: 16, 2023: 1}",OR in digital production and logistics management
127742747,Journal of Econometrics,232,1,9,2020,2022,2,2021,1,"{2020: 3, 2021: 5, 2022: 1}",Higher-order least squares inference for spatial autoregressions
19358283,International Journal of Advertising,36,2,10,2015,2017,2,2016,1,"{2015: 7, 2016: 2, 2017: 1}",Native Advertising: The Black Sheep of the Marketing Family
4210232136,Journal of Current Issues & Research in Advertising,42,1,7,2019,2021,2,2020,1,"{2019: 2, 2020: 4, 2021: 1}",Covid-19 and Advertising: The Case for a Paradigm Shift
99768379,Management Learning,46,3,9,2013,2015,2,2014,1,"{2013: 1, 2014: 5, 2015: 3}",‘You have to choose a novel’: The biopolitics of critical management education
37173775,European Journal of Law and Economics,44,2,9,2015,2017,2,2016,1,"{2015: 1, 2016: 5, 2017: 3}",Discretionary review and undesired cases
171424506,European Accounting Review,26,1,7,2015,2017,2,2016,1,"{2015: 4, 2016: 2, 2017: 1}","Thank you to Associate Editors, Editorial Board Members, Ad hoc Associate Editors, Guest Editors and Reviewers 2016"
2764393121,The American Economist,66,1,18,2019,2021,2,2020,1,"{2019: 1, 2020: 11, 2021: 6}",Do Teacher Credentials and Characteristics Affect Teacher Effectiveness in High School Economics?
6013065,Journal of Management & Governance,21,1,10,2015,2017,2,2016,1,"{2015: 6, 2016: 3, 2017: 1}",Redesigning the scope of ‘Reviews and Overviews’
74096415,Journal of Economic Policy Reform,20,1,5,2015,2017,2,2016,1,"{2015: 1, 2016: 3, 2017: 1}","Tax and transfer programs, retirement behavior, and work hours over the life cycle"
102949365,Strategic Management Journal,44,6,7,2021,2023,2,2022,1,"{2021: 5, 2022: 1, 2023: 1}",Artificial intelligence and the changing sources of competitive advantage
18095783,Journal of Business and Economic Statistics,29,2,11,2009,2011,2,2010,1,"{2009: 1, 2010: 9, 2011: 1}",Combining Disaggregate Forecasts or Combining Disaggregate Information to Forecast an Aggregate
39307421,Technological Forecasting and Social Change,72,6,8,2003,2005,2,2004,1,"{2003: 1, 2004: 2, 2005: 5}",Why we need a strategic plan for “spaceship earth”
41869786,Small Business Economics,38,2,7,2009,2011,2,2010,1,"{2009: 3, 2010: 3, 2011: 1}",Valuing an entrepreneurial enterprise
579031,Economic Theory,66,3,8,2016,2018,2,2017,1,"{2016: 2, 2017: 5, 2018: 1}",Special issue: supermodularity and monotone methods in economics
125273398,The Quarterly Review of Economics and Finance,47,2,10,2005,2007,2,2006,1,"{2005: 1, 2006: 6, 2007: 3}",The permanent-transitory decomposition of the stock markets of the G7 countries: A multivariate approach
66510378,Critical Perspectives on Accounting,17,2-3,22,2004,2006,2,2005,1,"{2004: 1, 2005: 20, 2006: 1}",Gamblingesque
102949365,Strategic Management Journal,37,5,11,2014,2016,2,2015,1,"{2014: 4, 2015: 5, 2016: 2}",Table of Contents | Copyright Page
79175213,Journal of Financial Services Research,56,1,4,2017,2019,2,2018,1,"{2017: 1, 2018: 2, 2019: 1}",Operational Risk and Risk Management Quality: Evidence from U.S. Bank Holding Companies
82262387,Journal of Information Systems,34,1,11,2018,2020,2,2019,1,"{2018: 2, 2019: 8, 2020: 1}",Editorial Policy
57667410,Annals of Operations Research,184,1,14,2009,2011,2,2010,1,"{2009: 2, 2010: 11, 2011: 1}",Foreword
108845946,Economica,77,307,11,2008,2010,2,2009,1,"{2008: 4, 2009: 3, 2010: 4}",The Impact of Internal Migration on Married Couples' Earnings in Britain | House Price Shocks and Household Indebtedness in the United Kingdom
43637407,R and D Management,48,4,8,2016,2018,2,2017,1,"{2016: 1, 2017: 4, 2018: 3}",The effect of the dynamics of knowledge base complexity on Schumpeterian patterns of innovation: the upstream petroleum industry
201533460,Applied Economics,43,22,11,2009,2011,2,2010,1,"{2009: 5, 2010: 5, 2011: 1}",The applied economics of industry: introduction and overview
98984247,Computational Economics,55,4,12,2018,2020,2,2019,1,"{2018: 7, 2019: 4, 2020: 1}",Macroeconomic Dynamics and Modelling on Chinese Economy
158451771,Journal of Marketing Communications,29,4,6,2021,2023,2,2022,1,"{2021: 2, 2022: 3, 2023: 1}",A wide dimensionality of subject matter
124549413,Journal of Economic Surveys,35,3,11,2019,2021,2,2020,1,"{2019: 3, 2020: 5, 2021: 3}","GROWTH ACCOUNTING IN ECONOMIC HISTORY: FINDINGS, LESSONS AND NEW DIRECTIONS | ECONOMIC GROWTH IN INDIA DURING 1950–2015: NEHRUVIAN SOCIALISM TO MARKET CAPITALISM"
43415676,Journal of Strategic Marketing,27,2,7,2017,2019,2,2018,1,"{2017: 6, 2019: 1}",Special issue of the journal of strategic marketing ‘the state of theory in strategic marketing research – reviews and prospects’
102949365,Strategic Management Journal,37,3,12,2014,2016,2,2015,1,"{2014: 10, 2016: 2}",Copyright Page | Table of Contents
70698675,Technovation,24,6,10,2002,2004,2,2003,1,"{2002: 2, 2003: 2, 2004: 6}",The multidimensionality of TQM practices in determining quality and innovation performance — an empirical examination | Technological learning in China’s colour TV (CTV) industry
26598852,Economia Politica,36,1,14,2017,2019,2,2018,1,"{2017: 1, 2018: 9, 2019: 4}",Corruption in environmental policy: the case of waste
57667410,Annals of Operations Research,239,1,18,2013,2015,2,2014,1,"{2013: 4, 2014: 13, 2015: 1}",The Practice and Theory of Automated Timetabling (2012)
149240962,Journal of Financial Economics,104,2,10,2010,2012,2,2011,1,"{2010: 1, 2011: 8, 2012: 1}",Measuring investor sentiment with mutual fund flows
4210181832,Total Quality Management & Business Excellence,25,11-12,15,2012,2014,2,2013,1,"{2012: 6, 2013: 5, 2014: 4}",Enhancing quality and employee well-being | Change of the quality management culture through health-promotion activities?
2875300,Review of International Political Economy,28,1,13,2019,2021,2,2020,1,"{2019: 10, 2020: 1, 2021: 2}",The changing dynamics of state–business relations and the politics of reform and capture in South Korea
101209419,Journal of Development Economics,81,1,12,2004,2006,2,2005,1,"{2004: 1, 2005: 10, 2006: 1}",Quantifying the Impact of Services Liberalization in a Developing Country
117685085,The World Bank Research Observer,35,2,4,2018,2020,2,2019,1,"{2018: 1, 2020: 3}",External Validity and Policy Adaptation: From Impact Evaluation to Policy Design
47864991,Applied Psychology,73,3,21,2022,2024,2,2023,1,"{2022: 2, 2023: 16, 2024: 3}","Physical workplace adjustments to support neurodivergent workers: A systematic review | A multilevel model of job inclusion of employees with disabilities: The role of organizational socialization tactics, coworkers social support, and an inclusive team context"
7345157,Eastern Economic Journal,42,2,12,2014,2016,2,2015,1,"{2014: 6, 2015: 4, 2016: 2}","The Tradeoff between Nuance and Clarity | Tools, Not Rules: Are We Teaching the Wrong Principles of Economics in the Introductory Course?"
579031,Economic Theory,64,4,11,2015,2017,2,2016,1,"{2015: 3, 2016: 5, 2017: 3}","The productivity cost of sovereign default: evidence from the European debt crisis | Sovereign borrowing, financial assistance, and debt repudiation"
205793605,Business Strategy and the Environment,16,3,6,2005,2007,2,2006,1,"{2005: 1, 2006: 4, 2007: 1}",Policy instruments for sustainability‐oriented organizational learning
117778295,Academy of Management Journal,66,1,13,2021,2023,2,2022,1,"{2021: 9, 2022: 3, 2023: 1}",From the Editors—An Innovative Journal during Transformational Times: Embarking on the 23<scp>rd</scp> Editorial Term
84664706,Personnel Psychology,74,1,12,2019,2021,2,2020,1,"{2019: 1, 2020: 6, 2021: 5}","Servant leadership, leader gender, and team gender role: Testing a female advantage in a cascading model of performance"
39841227,International Journal of Forecasting,38,2,19,2020,2022,2,2021,1,"{2020: 5, 2021: 13, 2022: 1}",Reply to commentaries on “Transparent modelling of influenza incidence”: Recency heuristics and psychological AI
92522684,Journal of the Academy of Marketing Science,46,3,10,2016,2018,2,2017,1,"{2016: 1, 2017: 8, 2018: 1}",Retail space invaders: when employees’ invasion of customer space increases purchase intentions
101209419,Journal of Development Economics,98,1,14,2010,2012,2,2011,1,"{2010: 3, 2011: 10, 2012: 1}",Preface for symposium on measurement and survey design
57667410,Annals of Operations Research,276,1-2,16,2017,2019,2,2018,1,"{2017: 6, 2018: 9, 2019: 1}",Preface: Computational biomedicine
170913539,Bulletin of Economic Research,71,3,23,2017,2019,2,2018,1,"{2017: 1, 2018: 12, 2019: 10}",EMPIRICAL PERFORMANCE OF GARCH MODELS WITH HEAVY‐TAILED INNOVATIONS
57667410,Annals of Operations Research,260,1-2,23,2015,2017,2,2016,1,"{2015: 2, 2016: 15, 2017: 6}",Contingent claim pricing through a continuous time variational bargaining scheme | Optimal Pricing of competing retailers under uncertain demand-a two layer supply chain model
39307421,Technological Forecasting and Social Change,74,3,13,2005,2007,2,2006,1,"{2005: 2, 2006: 9, 2007: 2}",The future of the mobile phone business | Combined forecast process: Combining scenario analysis with the technological substitution model
2764896919,Environmental Economics and Policy Studies,19,1,11,2015,2017,2,2016,1,"{2015: 3, 2016: 6, 2017: 2}","有効性,earmarkingと標識付け: 調査データにより炭素税の受容可能性をテストする | Rawalpindi市の借家料にNala Lai(開下水)が与える不快のインパクト"
151491554,The Geneva Papers on Risk and Insurance Issues and Practice,47,1,9,2020,2022,2,2021,1,"{2020: 3, 2021: 5, 2022: 1}","Extreme events, climate risks and insurance"
82262387,Journal of Information Systems,32,1,7,2016,2018,2,2017,1,"{2016: 2, 2017: 4, 2018: 1}",Editorial Policy
102949365,Strategic Management Journal,37,4,12,2014,2016,2,2015,1,"{2014: 3, 2015: 7, 2016: 2}",Copyright Page | Table of Contents
1076045,Culture and Organization,24,1,5,2015,2017,2,2016,1,"{2015: 1, 2016: 1, 2017: 3}",Becoming invisible: The ethics and politics of imperceptibility
1558358,Journal of Business Strategy,44,3,8,2021,2023,2,2022,1,"{2021: 2, 2022: 5, 2023: 1}",The leopard’s spots: changing change management
57667410,Annals of Operations Research,309,2,15,2020,2022,2,2021,1,"{2020: 10, 2021: 4, 2022: 1}",Preface: Data-driven operations research in transportation and logistics
116955675,Asia-Pacific Financial Markets,22,4,3,2013,2015,2,2014,1,"{2013: 1, 2015: 2}","Real Estate Pricing Models: Theory, Evidence, and Implementation"
197396629,The British Accounting Review,47,3,7,2013,2015,2,2014,1,"{2013: 1, 2014: 2, 2015: 4}","Uncertainty, irreversibility and the use of ‘rules of thumb’ in capital budgeting"
170137484,Review of Financial Studies,21,6,12,2006,2008,2,2007,1,"{2006: 3, 2007: 8, 2008: 1}","Momentum Profits, Factor Pricing, and Macroeconomic Risk"
185930956,Contemporary Economic Policy,36,3,10,2016,2018,2,2017,1,"{2016: 1, 2017: 8, 2018: 1}","THE 80% PENSION FUNDING TARGET, HIGH ASSUMED RETURNS, AND GENERATIONAL INEQUITY"
184126201,British Journal of Management,34,1,26,2021,2023,2,2022,1,"{2021: 10, 2022: 15, 2023: 1}",Correction to “Exploring the Impact of COVID‐19 on Employees’ Boundary Management and Work–Life Balance”
174413665,Review of Income and Wealth,63,2,12,2015,2017,2,2016,1,"{2015: 9, 2016: 2, 2017: 1}",Announcements
57667410,Annals of Operations Research,256,1,10,2015,2017,2,2016,1,"{2015: 1, 2016: 8, 2017: 1}",Tropical optimization problems with application to project scheduling with minimum makespan
40814766,Journal of Marketing for HIGHER EDUCATION,34,2,36,2021,2023,2,2022,1,"{2021: 1, 2022: 25, 2023: 10}",Understanding the relationships between B2C and C2C value co-creation in the universities: the mediating role of brand awareness
57667410,Annals of Operations Research,325,1,32,2021,2023,2,2022,1,"{2021: 4, 2022: 26, 2023: 2}",Estimation of player aging curves using regression and imputation | Clustering of variables methods and measurement models for soccer players’ performances
30207186,CESifo Economic Studies,61,1,12,2013,2015,2,2014,1,"{2013: 1, 2014: 10, 2015: 1}",Fighting Lone Mothers' Poverty Through In-Work Benefits - Methodological Issues and Policy Suggestions
65924262,Contemporary Accounting Research,30,1,14,2011,2013,2,2012,1,"{2011: 8, 2012: 5, 2013: 1}",Abstracts/Résumés
170137484,Review of Financial Studies,21,4,12,2006,2008,2,2007,1,"{2006: 2, 2007: 7, 2008: 3}",How Well Do Institutional Theories Explain Firms’ Perceptions of Property Rights? | A Theory of Board Control and Size
42678134,Journal of Hospitality & Tourism Research,42,1,6,2014,2016,2,2015,1,"{2014: 4, 2015: 1, 2016: 1}",Work or/and Life? An Exploratory Study of Respite Experience of Bed and Breakfast Innkeepers
47864991,Applied Psychology,69,3,18,2018,2020,2,2019,1,"{2018: 1, 2019: 14, 2020: 3}",Turning Daily Time Pressure into a Creative Day: The Interactionist Roles of Employee Neuroticism and Time Pressure Dispersion
9435936,Long Range Planning,48,3,8,2013,2015,2,2014,1,"{2013: 4, 2014: 3, 2015: 1}",Special Issues Dedicated to CSR and Corporate Sustainability: A Review and Commentary
26598852,Economia Politica,36,3,10,2017,2019,2,2018,1,"{2017: 4, 2018: 4, 2019: 2}",Equilibrium unemployment as a worker insurance device: wage setting in worker owned enterprises | The role of energy mix and financial development in greenhouse gas (GHG) emissions’ reduction: evidence from ten leading CO2 emitting countries
579031,Economic Theory,61,3,9,2014,2016,2,2015,1,"{2014: 1, 2015: 7, 2016: 1}",Reducible equilibrium properties: comments on recent existence results
107859553,International Small Business Journal Researching Entrepreneurship,34,5,9,2014,2016,2,2015,1,"{2014: 1, 2015: 7, 2016: 1}",Creation and destruction in transition economies: The SME sector in Slovakia
133599136,Organizational Research Methods,20,2,7,2015,2017,2,2016,1,"{2015: 2, 2016: 4, 2017: 1}",Mixed Methods in the Organizational Sciences
4210168539,Science and Public Policy,41,6,12,2012,2014,2,2013,1,"{2012: 1, 2014: 11}",EU innovation policy: One size doesn't fit all * Challenges for European Innovation Policy: Cohesion and Excellence from a Schumpeterian Perspective edited by Slavo Radosevic and Anna Kaderabkova
101209419,Journal of Development Economics,84,1,25,2005,2007,2,2006,1,"{2005: 1, 2006: 21, 2007: 3}",Are External Shocks Responsible For The Instability Of Output In Low Income Countries?
39307421,Technological Forecasting and Social Change,72,5,10,2003,2005,2,2004,1,"{2003: 1, 2004: 7, 2005: 2}",A variable P value rolling Grey forecasting model for Taiwan semiconductor industry production
57667410,Annals of Operations Research,284,2,9,2017,2019,2,2018,1,"{2017: 1, 2018: 6, 2019: 2}",Partition-based decomposition algorithms for two-stage Stochastic integer programs with continuous recourse
5984737,Journal of Financial Intermediation,24,4,9,2013,2015,2,2014,1,"{2013: 1, 2014: 5, 2015: 3}",Foreign bank ownership and household credit
199447588,Journal of Public Economics,88,7-8,15,2002,2004,2,2003,1,"{2002: 4, 2003: 10, 2004: 1}",The incidence of personal income taxation: evidence from the tax reform act of 1986
579031,Economic Theory,70,4,8,2018,2020,2,2019,1,"{2018: 2, 2019: 3, 2020: 3}",Aversion to risk of regret and preference for positively skewed risks | The value of a draw
189751245,Journal of Consumer Affairs,52,1,11,2016,2018,2,2017,1,"{2016: 2, 2017: 6, 2018: 3}",Consumer Risk Preferences and Higher Education Enrollment Decisions | The Rose‐Tinted Spectacles of Homeowners
122767448,Journal of Management,37,6,9,2009,2011,2,2010,1,"{2009: 2, 2010: 4, 2011: 3}","Performance Appraisal Procedural Justice: The Role of a Manager’s Implicit Person Theory | Legitimacy, Visibility, and the Antecedents of Corporate Social Performance: An Investigation of the Instrumental Perspective"
98984247,Computational Economics,59,4,23,2020,2022,2,2021,1,"{2020: 3, 2021: 15, 2022: 5}",Blockchain-Based Cryptocurrency Regulation: An Overview | A Computational Model to Predict Consumer Behaviour During COVID-19 Pandemic
170137484,Review of Financial Studies,21,5,13,2006,2008,2,2007,1,"{2006: 5, 2007: 2, 2008: 6}",The Dating Game: Do Managers Designate Option Grant Dates to Increase their Compensation? | Good IPOs Draw in Bad: Inelastic Banking Capacity and Hot Markets
199447588,Journal of Public Economics,87,5-6,19,2001,2003,2,2002,1,"{2001: 1, 2003: 18}",Population Mobility and Transboundary Environmental Problems
42678134,Journal of Hospitality & Tourism Research,46,8,10,2020,2022,2,2021,1,"{2020: 4, 2021: 5, 2022: 1}",Special issue: Trends in creative tourism
96544531,Applied Economics Letters,16,11,18,2007,2009,2,2008,1,"{2007: 1, 2008: 16, 2009: 1}",A Note on Allen-Uzawa Partial Elasticities of Substitution: The Case of the Translog Cost Function
140551370,Cornell Hospitality Quarterly,63,2,11,2020,2022,2,2021,1,"{2020: 7, 2021: 3, 2022: 1}",From the Editor
50366009,Urban Studies,52,11,8,2013,2015,2,2014,1,"{2013: 2, 2014: 5, 2015: 1}",Introduction: Urban revolutions in the age of global urbanism
107859553,International Small Business Journal Researching Entrepreneurship,30,4,5,2010,2012,2,2011,1,"{2010: 1, 2011: 2, 2012: 2}","The financial crisis and the gathering of political intelligence: A cross-country comparison of SMEs in France, Sweden and the UK"
76633192,Journal of Business Ethics,183,1,15,2021,2023,2,2022,1,"{2021: 2, 2022: 12, 2023: 1}",Reviewers 2022
115237062,Journal of Economics & Management Strategy,32,3,8,2021,2023,2,2022,1,"{2021: 5, 2022: 2, 2023: 1}",Inferno: A guide to field experiments in online display advertising
4210206464,International journal of organizational analysis,31,5,39,2021,2023,2,2022,1,"{2021: 29, 2022: 5, 2023: 5}",Mediating-moderating effect of employee creativity and team potency on expatriate innovative work behaviour | Impact of organizational dynamic capability on international expansion and the moderating role of environmental dynamism
175759345,Economic Development Quarterly,36,3,11,2020,2022,2,2021,1,"{2020: 1, 2021: 7, 2022: 3}",Natural Resource Dependence and Rural American Economic Prosperity From 2000 to 2015
174413665,Review of Income and Wealth,64,1,12,2016,2018,2,2017,1,"{2016: 10, 2018: 2}","Peter Hill (1929‐2017): In Memoriam | Program for the 35<sup>th</sup> General Conference of the International Association for Research in Income and Wealth, Copenhagen, Denmark, August 20–25, 2018"
43637407,R and D Management,54,4,14,2022,2024,2,2023,1,"{2022: 2, 2023: 8, 2024: 4}",Intellectual capital and R&amp;D performance improvement: the case of Italian public universities | Research centres and universities' intellectual capital: a quantitative empirical study of PhD holders' contributions
57667410,Annals of Operations Research,335,1,26,2022,2024,2,2023,1,"{2022: 1, 2023: 14, 2024: 11}",Retraction Note: Blockchain-based intelligent contract for factoring business in supply chains
4210171100,Strategic Management,29,3,5,2022,2024,2,2023,1,"{2022: 1, 2023: 3, 2024: 1}",Determining the investors' strategy during the COVID-19 crisis based on the S&amp;P 500 stock index
107036887,Asia Pacific Journal of Management,40,3,15,2021,2023,2,2022,1,"{2021: 2, 2022: 11, 2023: 2}",Workplace Diversity in the Asia-Pacific Region: A Review of Literature and Directions for Future Research | Do all female directors have the same impact on corporate social responsibility? The role of their political connection
2875300,Review of International Political Economy,30,1,17,2021,2023,2,2022,1,"{2021: 15, 2023: 2}",<i>RIPE</i> 2022 diversity statement | <i>RIPE</i> 30th anniversary special feature: looking back and looking forward in IPE
6013065,Journal of Management & Governance,27,3,14,2021,2023,2,2022,1,"{2021: 3, 2022: 9, 2023: 2}","Anchor practices that guide horizontal performance measurement: an interventionist case study of the financial aspect of new technology implementation in healthcare | Introduction to the special issue: “Performance, management and governance in the digital age”"
151705444,Journal of Management Studies,61,2,15,2022,2024,2,2023,1,"{2022: 9, 2023: 4, 2024: 2}",List of People Who Reviewed for <scp>JMS</scp> in 2023 | List of Reviewers for this Special Issue
99768379,Management Learning,52,4,9,2019,2021,2,2020,1,"{2019: 3, 2020: 1, 2021: 5}",Learning as moments of friction and opportunity: an autoethnography of ECR identities in queer time
17986141,Journal of Management Inquiry,29,4,12,2018,2020,2,2019,1,"{2018: 2, 2019: 7, 2020: 3}",Reconstructing Retirement as an Enterprising Endeavor | Does Organizational Nonsense Make Sense? Laughing and Learning From French Corporate Cultures
105567970,European Management Journal,41,1,14,2021,2023,2,2022,1,"{2021: 10, 2022: 3, 2023: 1}",Best Paper and Best Reviewer Awards 2022
149070780,Production and Operations Management,27,11,12,2016,2018,2,2017,1,"{2016: 3, 2017: 5, 2018: 4}",The Perils of Sharing Information in a Trade Association under a Strategic Wholesale Price | Impact of IT Capability on the Performance of Port Operation
579031,Economic Theory,77,1-2,14,2022,2024,2,2023,1,"{2022: 3, 2023: 10, 2024: 1}",Introduction to the special issue on mathematical economic epidemiology models
201533460,Applied Economics,42,9,11,2007,2009,2,2008,1,"{2007: 1, 2008: 9, 2009: 1}",An examination on the cost efficiency of the banking industry under multiple output prices’ uncertainty
42192170,International Tax and Public Finance,31,2,9,2022,2024,2,2023,1,"{2022: 3, 2023: 5, 2024: 1}",The long way to tax transparency: lessons from the early publishers of country-by-country reports
57667410,Annals of Operations Research,327,1,17,2021,2023,2,2022,1,"{2021: 7, 2022: 8, 2023: 2}",A critical analysis of the integration of blockchain and artificial intelligence for supply chain | Blockchain in operations and supply Chain Management
57667410,Annals of Operations Research,350,1,11,2021,2023,2,2022,1,"{2021: 1, 2022: 8, 2023: 2}",Mathematical models and heuristic algorithms for pallet building problems with practical constraints
105567970,European Management Journal,42,2,12,2022,2024,2,2023,1,"{2022: 9, 2023: 2, 2024: 1}",The impact factor-in-chief: Recollections of a former European Management Journal editor (2006–2012)
57667410,Annals of Operations Research,293,2,18,2018,2020,2,2019,1,"{2018: 5, 2019: 11, 2020: 2}",The potential learning effect of a MCDA approach on consumer preferences for alternative fuel vehicles | Preface: multiple criteria decision making for sustainable decisions
206124708,Organization Science,50,4,3,2015,2017,2,2016,1,"{2015: 1, 2017: 2}",強い監視による看過の増幅 : コミットメント・エスカレーションに役員が与える影響
61971679,The Journal of private enterprise,28,2,7,2011,2013,2,2012,1,"{2011: 1, 2013: 6}","Budget Deficits, Economic Freedom, and Economic Growth in OECD Nations: P2SLS Fixed-Effects Estimates, 2003-2008"
113509650,Journal of the Asia Pacific Economy,29,1,19,2021,2023,2,2022,1,"{2021: 7, 2022: 11, 2023: 1}",Can India universalize social insurance before its demographic dividend ends?
1558358,Journal of Business Strategy,42,3,8,2019,2021,2,2020,1,"{2019: 2, 2020: 5, 2021: 1}",Beyond the first nudge: behavioral science in corporate practice
579031,Economic Theory,71,3,13,2019,2021,2,2020,1,"{2019: 3, 2020: 7, 2021: 3}",Working alone and working with others: implications for the malthusian era | Oligopoly with network effects: firm-specific versus single network
157946625,Financial Management,50,3,10,2019,2021,2,2020,1,"{2019: 1, 2020: 5, 2021: 4}",Political connections and informed trading: Evidence from TARP
58171247,Journal of Product & Brand Management,30,3,10,2019,2021,2,2020,1,"{2019: 1, 2020: 8, 2021: 1}",Understanding customer brand engagement in user-initiated online brand communities: antecedents and consequences
39307421,Technological Forecasting and Social Change,73,2,11,2004,2006,2,2005,1,"{2004: 1, 2005: 5, 2006: 5}",Toward automatic forecasts for diffusion of innovations
50366009,Urban Studies,58,3,11,2019,2021,2,2020,1,"{2019: 2, 2020: 7, 2021: 2}","From smart to rebel city? Worlding, provincialising and the Barcelona Model | The frontier of digital opportunity: Smart city implementation in small, rural and remote communities in Canada"
57667410,Annals of Operations Research,161,1,9,2006,2008,2,2007,1,"{2006: 1, 2007: 7, 2008: 1}",Coordinating decentralized local schedulers in complex supply chain manufacturing
42678134,Journal of Hospitality & Tourism Research,46,7,10,2020,2022,2,2021,1,"{2020: 2, 2021: 7, 2022: 1}",Sustainable Tourism Destinations
41930762,Japanese Economic Review,73,2,9,2020,2022,2,2021,1,"{2020: 7, 2021: 1, 2022: 1}",Can nudges save lives?
103311983,Journal of Advertising,52,1,11,2021,2023,2,2022,1,"{2021: 10, 2023: 1}",Future of the <i>Journal of Advertising</i> in the Rapidly Changing World
85739584,Journal of Applied Econometrics,25,4,9,2008,2010,2,2009,1,"{2008: 1, 2010: 8}",Forecast Evaluation of Small Nested Model Sets
85739584,Journal of Applied Econometrics,26,5,10,2009,2011,2,2010,1,"{2009: 2, 2010: 6, 2011: 2}",Simulation estimation of two-tiered dynamic panel Tobit models with an application to the labor supply of married women | How does changing age distribution impact stock prices? a nonparametric approach
75845752,Auditing A Journal of Practice & Theory,34,1,9,2013,2015,2,2014,1,"{2013: 2, 2014: 6, 2015: 1}",Author Information
50366009,Urban Studies,53,7,10,2014,2016,2,2015,1,"{2014: 3, 2015: 4, 2016: 3}",Re-anchoring capital in disaster-devastated spaces: Financialisation and the Gulf Opportunity (GO) Zone programme | Reconstituting the state: City powers and exposures in Chicago’s infrastructure leases
17986141,Journal of Management Inquiry,28,3,18,2017,2019,2,2018,1,"{2017: 4, 2018: 2, 2019: 12}",Can It? On Expanding Institutional Theory by Disarming Critique | Heuristics to Navigate Uncertainties: Interview With Professor Kathleen M. Eisenhardt
101209419,Journal of Development Economics,89,2,11,2007,2009,2,2008,1,"{2007: 1, 2008: 8, 2009: 2}",Globalization and financial development
107859553,International Small Business Journal Researching Entrepreneurship,35,1,9,2015,2017,2,2016,1,"{2015: 5, 2016: 2, 2017: 2}",Migrant entrepreneurship: Reflections on research and practice | Bullying and harassment and work-related stressors: Evidence from British small and medium enterprises
185277049,Journal of Banking Regulation,21,1,9,2018,2020,2,2019,1,"{2018: 2, 2019: 6, 2020: 1}","Banking Law Symposium, regulatory responses to the global financial crisis: back to the future or back to the past? In honour of Professor David G. Mayes"
165253824,Scandinavian Journal of Economics,122,3,14,2018,2020,2,2019,1,"{2018: 1, 2019: 11, 2020: 2}",An Empirical Assessment of the Swedish Bullionist Controversy*
86125002,Environmental and Resource Economics,70,3,8,2016,2018,2,2017,1,"{2016: 3, 2017: 4, 2018: 1}",Managing Wildlife Faced with Pathogen Risks Involving Multi-Stable Outcomes
87328381,Journal of Occupational and Organizational Psychology,85,1,11,2010,2012,2,2011,1,"{2010: 5, 2011: 5, 2012: 1}",Editorial acknowledgement
3593595,Australian Journal of Agricultural and Resource Economics,59,1,10,2013,2015,2,2014,1,"{2013: 2, 2014: 6, 2015: 2}",An economic model of aboriginal fire‐stick farming | Non‐market valuation: usage and impacts in environmental policy and management in <scp>A</scp>ustralia
50366009,Urban Studies,54,2,17,2015,2017,2,2016,1,"{2015: 9, 2016: 7, 2017: 1}",Editorial announcement
122767448,Journal of Management,44,3,17,2015,2017,2,2016,1,"{2015: 16, 2017: 1}",Systematic Subjectivity: How Subtle Biases Infect the Scholarship Review Process
122767448,Journal of Management,37,3,11,2009,2011,2,2010,1,"{2009: 1, 2010: 7, 2011: 3}","Immigrant Entrepreneurs, the Ethnic Enclave Strategy, and Venture Performance"
132210109,International Journal of Game Theory,47,2,14,2016,2018,2,2017,1,"{2016: 1, 2017: 9, 2018: 4}",Impartial poker nim
1076045,Culture and Organization,30,3,7,2022,2024,2,2023,1,"{2022: 1, 2023: 5, 2024: 1}",Writing with silent bodies: a pandemic play in three scenes
90149737,European Journal of Innovation Management,25,6,49,2020,2022,2,2021,1,"{2020: 2, 2021: 20, 2022: 27}",Identifying contradictions in an incumbent–startup ecosystem–an activity theory approach | Data-driven innovation processes within federated networks
34280410,Journal of Productivity Analysis,38,1,8,2010,2012,2,2011,1,"{2010: 2, 2011: 5, 2012: 1}",On learning and the economics of firm efficiency: a state-contingent approach
171424506,European Accounting Review,22,1,8,2011,2013,2,2012,1,"{2011: 2, 2012: 4, 2013: 2}","Introduction of International Accounting Standards, Disclosure Quality and Accuracy of Analysts' Earnings Forecasts | Audits, Reputation, and Repeated Interaction in a Capital Budgeting Setting"
17986141,Journal of Management Inquiry,28,2,14,2017,2019,2,2018,1,"{2017: 4, 2018: 9, 2019: 1}",Uninhibited Institutionalisms
165253824,Scandinavian Journal of Economics,120,2,11,2016,2018,2,2017,1,"{2016: 3, 2017: 7, 2018: 1}",Editors’ Report
70698675,Technovation,25,10,12,2003,2005,2,2004,1,"{2003: 1, 2004: 10, 2005: 1}",Strategic planning—a comparison of high and low technology manufacturing small firms
86125002,Environmental and Resource Economics,57,4,5,2012,2014,2,2013,1,"{2012: 1, 2013: 3, 2014: 1}",Modeling Impact of Development Trajectories and a Global Agreement on Reducing Emissions from Deforestation on Congo Basin Forests by 2030
122767448,Journal of Management,36,3,10,2008,2010,2,2009,1,"{2008: 4, 2009: 3, 2010: 3}",Executive Incentive Schemes in Initial Public Offerings: The Effects of Multiple-Agency Conflicts and Corporate Governance | Reconsidering the Reputation—Performance Relationship: A Resource-Based View
149070780,Production and Operations Management,23,8,15,2012,2014,2,2013,1,"{2012: 3, 2013: 7, 2014: 5}",The Payback of Effective Innovation Programs: Empirical Evidence from Firms that Have Won Innovation Awards | The Effect of Competition on R&amp;D Portfolio Investments
165253824,Scandinavian Journal of Economics,122,2,14,2018,2020,2,2019,1,"{2018: 7, 2019: 6, 2020: 1}",Editors’ Report
127742747,Journal of Econometrics,239,2,28,2022,2024,2,2023,1,"{2022: 9, 2023: 16, 2024: 3}",Reprint: Hypothesis testing on high dimensional quantile regression | Reprint: Statistical inference for linear mediation models with high-dimensional mediators and application to studying stock reaction to COVID-19 pandemic
6013065,Journal of Management & Governance,26,1,15,2020,2022,2,2021,1,"{2020: 1, 2021: 9, 2022: 5}","Board demographic diversity, institutional context and corporate philanthropic giving"
67103694,Cambridge Journal of Economics,34,5,8,2008,2010,2,2009,1,"{2008: 1, 2009: 2, 2010: 5}","Limited liability, shareholder rights and the problem of corporate irresponsibility"
4210189013,Management Review Quarterly,73,2,15,2021,2023,2,2022,1,"{2021: 3, 2022: 9, 2023: 3}",Corporate tax risk: a literature review and future research directions | Artificial intelligence and HRM: identifying future research Agenda using systematic literature review and bibliometric analysis
180061323,The Review of Economics and Statistics,95,1,23,2011,2013,2,2012,1,"{2011: 14, 2012: 7, 2013: 2}",Partisan Representation in Congress and the Geographic Distribution of Federal Funds | Financial Incentives and Fertility
18727733,IMA Journal of Management Mathematics,21,4,8,2008,2010,2,2009,1,"{2008: 7, 2010: 1}",Modelling in industrial maintenance and reliability
70698675,Technovation,26,5-6,22,2004,2006,2,2005,1,"{2004: 6, 2005: 14, 2006: 2}",Book review | Relationship between total quality management (TQM) and continuous improvement of international project management (CIIPM)
107325288,Social Choice and Welfare,41,4,13,2011,2013,2,2012,1,"{2011: 1, 2012: 11, 2013: 1}",A Complete and Strongly Anonymous Leximin Relation on Infinite Streams
154010748,Management Decision,59,1,9,2019,2021,2,2020,1,"{2019: 7, 2020: 1, 2021: 1}",The contingent effect of political ties on post-entry performance
44376543,Business & Society,60,6,9,2019,2021,2,2020,1,"{2019: 2, 2020: 5, 2021: 2}",National Culture and Women Managers: Evidence From Microfinance Institutions Around the World | Toward a Value-Sensitive Absorptive Capacity Framework: Navigating Intervalue and Intravalue Conflicts to Answer the Societal Call for Health
203746597,The Annals of Regional Science,41,4,12,2005,2007,2,2006,1,"{2005: 1, 2007: 11}",Knowledge-Capital Meets New Economic Geography
85739584,Journal of Applied Econometrics,28,3,8,2011,2013,2,2012,1,"{2011: 3, 2012: 4, 2013: 1}",<i>JOURNAL OF APPLIED ECONOMETRICS</i> DISSERTATION PRIZE
127742747,Journal of Econometrics,234,1,15,2021,2023,2,2022,1,"{2021: 4, 2022: 10, 2023: 1}",Journal of Econometrics Awards Announcement
151705444,Journal of Management Studies,55,2,6,2016,2018,2,2017,1,"{2016: 3, 2017: 2, 2018: 1}",List of People Who Reviewed Papers for <i>JMS</i> in 2017
43637407,R and D Management,47,3,12,2015,2017,2,2016,1,"{2015: 4, 2016: 4, 2017: 4}",Beyond invention: the additive impact of incubation capabilities to firm value | Leveraging the benefits of exploratory learning and exploitative learning in <scp>NPD</scp>: the role of innovation field orientation
6450948,Issues in Accounting Education,31,1,10,2014,2016,2,2015,1,"{2014: 1, 2015: 8, 2016: 1}",The Power of Giving Feedback: Outcomes from Implementing an Online Peer Assessment System
174413665,Review of Income and Wealth,63,4,16,2015,2017,2,2016,1,"{2015: 1, 2016: 10, 2017: 5}",When the Centre Cannot Hold: Patterns of Polarization in<scp>N</scp>igeria
98984247,Computational Economics,56,1,13,2018,2020,2,2019,1,"{2018: 2, 2019: 5, 2020: 6}",Conditional Correlation Demand Systems | A Monte Carlo Study of Time Varying Coefficient (TVC) Estimation
65924262,Contemporary Accounting Research,31,1,12,2012,2014,2,2013,1,"{2012: 8, 2013: 3, 2014: 1}",Abstracts/Résumés
92522684,Journal of the Academy of Marketing Science,46,2,10,2016,2018,2,2017,1,"{2016: 1, 2017: 7, 2018: 2}",Hey big spender! A golden (color) atmospheric effect on tipping behavior
117460449,Asia Pacific Business Review,29,3,18,2021,2023,2,2022,1,"{2021: 16, 2022: 1, 2023: 1}",Generation Z job seekers in Vietnam: CSR-based employer attractiveness and job pursuit intention
9435936,Long Range Planning,49,1,11,2014,2016,2,2015,1,"{2014: 6, 2015: 3, 2016: 2}",List of Reviewers 2015 | List of Reviewers for the Special Issues
135086714,Journal of Information Technology,33,1,6,2016,2018,2,2017,1,"{2016: 2, 2017: 3, 2018: 1}",Financialization and Information Technology: A Multi-paradigmatic View of IT and Finance – Part II
144747835,Australian Accounting Review,29,2,12,2017,2019,2,2018,1,"{2017: 2, 2018: 6, 2019: 4}",An Empirical Evaluation of Investment Income under the Equity Method of Accounting | Strategic Responses to Changing Climate Change Policies: The Role Played by Carbon Accounting
92522684,Journal of the Academy of Marketing Science,51,6,10,2021,2023,2,2022,1,"{2021: 2, 2022: 4, 2023: 4}","The effect of financial scarcity on discretionary spending, borrowing, and investing | Correction to: The effect of financial scarcity on discretionary spending, borrowing, and investing"
57667410,Annals of Operations Research,313,1,21,2020,2022,2,2021,1,"{2020: 1, 2021: 15, 2022: 5}","Financial modelling, risk management of energy instruments and the role of cryptocurrencies"
131852005,European Financial Management,22,3,5,2014,2016,2,2015,1,"{2014: 1, 2015: 3, 2016: 1}",Media Endorsements of New Product Announcements: A New Marketing Strategy
32361082,European Review of Agricultural Economics,47,3,15,2018,2020,2,2019,1,"{2018: 1, 2019: 13, 2020: 1}",A global meta-analysis of groundwater quality valuation studies
143668711,Administrative Science Quarterly,64,1,8,2017,2019,2,2018,1,"{2017: 2, 2018: 5, 2019: 1}",Publications Received
4210177123,Journal of Global Operations and Strategic Sourcing,17,2,13,2022,2024,2,2023,1,"{2022: 7, 2023: 5, 2024: 1}",Role of information processing and digital supply chain in supply chain resilience through supply chain risk management
107631327,Regional Science and Urban Economics,35,1,6,2003,2005,2,2004,1,"{2003: 4, 2004: 1, 2005: 1}",City: Urbanism And Its End
125273398,The Quarterly Review of Economics and Finance,47,1,10,2005,2007,2,2006,1,"{2005: 1, 2006: 6, 2007: 3}",Does capital mobility finance or cause a current account imbalance?
197396629,The British Accounting Review,48,4,5,2014,2016,2,2015,1,"{2014: 1, 2015: 3, 2016: 1}",Do market predictions affect its reaction to UK listed industrial firms' corporate refocusing announcements?
85739584,Journal of Applied Econometrics,28,5,9,2011,2013,2,2012,1,"{2011: 1, 2012: 6, 2013: 2}",TAX‐LIMITED REACTION FUNCTIONS
162526994,International Journal of Market Research,62,3,9,2018,2020,2,2019,1,"{2018: 2, 2019: 3, 2020: 4}",Value-informed pricing for virtual digital products: Evidence from Chinese MMORPG industry | Predicting the helpfulness of online customer reviews: The role of title features
198098467,Journal of International Economics,95,2,12,2013,2015,2,2014,1,"{2013: 1, 2014: 9, 2015: 2}","Input-Trade Liberalization, Export Prices and Quality Upgrading"
107033909,Journal of Economics,111,3,7,2012,2014,2,2013,1,"{2012: 3, 2013: 3, 2014: 1}",Selected Books Received
74096415,Journal of Economic Policy Reform,23,4,5,2018,2020,2,2019,1,"{2018: 1, 2019: 2, 2020: 2}",The Sino-German alliance for the fourth industrial revolution: dynamics and policy implications
43637407,R and D Management,48,5,11,2016,2018,2,2017,1,"{2016: 3, 2017: 2, 2018: 6}",Vertical ally‐or‐acquire choice and technological performance: a resource dependence perspective | Who do you care about? Scientists’ personality traits and perceived impact on beneficiaries
117460449,Asia Pacific Business Review,21,4,16,2013,2015,2,2014,1,"{2013: 1, 2014: 12, 2015: 3}",On China
170137484,Review of Financial Studies,22,5,10,2007,2009,2,2008,1,"{2007: 2, 2008: 7, 2009: 1}",Ambiguity and Nonparticipation: The Role of Regulation
197396629,The British Accounting Review,53,6,6,2019,2021,2,2020,1,"{2019: 2, 2020: 1, 2021: 3}",The impact of religiosity on earnings quality: International evidence from the banking sector
50366009,Urban Studies,57,11,10,2018,2020,2,2019,1,"{2018: 3, 2019: 3, 2020: 4}","Urban parks and urban problems: An historical perspective on green space development as a cultural fix | Leveraging Bogotá: Sustainable development, global philanthropy and the rise of urban solutionism"
117778295,Academy of Management Journal,66,2,13,2021,2023,2,2022,1,"{2021: 1, 2022: 11, 2023: 1}",The Role of Attribution in Learning from Performance Feedback: Behavioral Perspective on the Choice between Alliances and Acquisitions
157946625,Financial Management,50,1,11,2019,2021,2,2020,1,"{2019: 2, 2020: 8, 2021: 1}",Announcements
9435936,Long Range Planning,53,6,11,2018,2020,2,2019,1,"{2018: 1, 2019: 7, 2020: 3}",Cultural differences in paradoxical tensions in strategy episodes
174413665,Review of Income and Wealth,61,2,10,2013,2015,2,2014,1,"{2013: 5, 2014: 2, 2015: 3}",Has <scp>S</scp>witzerland Really Been Marked by Low Productivity Growth? Hours Worked and Labor Productivity in <scp>S</scp>witzerland in a Long‐run Perspective | World Human Development: 1870–2007
170137484,Review of Financial Studies,33,5,10,2018,2020,2,2019,1,"{2018: 1, 2019: 3, 2020: 6}",Replicating Anomalies
2764516016,European journal of training and development,47,10,10,2021,2023,2,2022,1,"{2021: 2, 2022: 5, 2023: 3}",The moderating effect of coworkers’ training participation on the influence of peer support in the transfer process | How the validation of prior learning can be used to assess entrepreneurial human capital investments and outcomes
7424199,Public Choice,156,1-2,20,2011,2013,2,2012,1,"{2011: 8, 2012: 10, 2013: 2}","A tribute to Earl A. Thompson and, in his own words, a summary of his general economic and social theory | James Buchanan: in memoriam"
57667410,Annals of Operations Research,212,1,17,2011,2013,2,2012,1,"{2011: 1, 2012: 10, 2013: 6}",On the decomposition of the absolute ruin probability in a perturbed compound Poisson surplus process with debit interest
107036887,Asia Pacific Journal of Management,27,2,9,2008,2010,2,2009,1,"{2008: 3, 2009: 4, 2010: 2}",A multilevel model of affect and organizational commitment | Clearing the first hurdle at the Asia Pacific Journal of Management
49396926,Thunderbird International Business Review,61,3,9,2017,2019,2,2018,1,"{2017: 1, 2018: 4, 2019: 4}",International human resource management in an era of political nationalism
94552155,Organization & Environment,33,2,8,2018,2020,2,2019,1,"{2018: 5, 2019: 2, 2020: 1}","Special Issue of <i>Organization &amp; Environment</i> on “Nonfinancial Disclosure and Real Sustainable Change Within and Beyond Organizations: Mechanisms, Outcomes, and Complications”"
149131268,Journal of Economic Theory,128,1,15,2004,2006,2,2005,1,"{2004: 1, 2005: 8, 2006: 6}",Does it matter (for equilibrium determinacy) what price index the central bank targets?
19645890,China Economic Review,19,2,17,2006,2008,2,2007,1,"{2006: 2, 2007: 14, 2008: 1}",The bilateral real exchange rates and trade between China and the U.S.
187626162,Entrepreneurship Theory and Practice,43,3,9,2017,2019,2,2018,1,"{2017: 2, 2018: 6, 2019: 1}",The Enigma of the Family Successor–Firm Performance Relationship: A Methodological Reflection and Reconciliation Attempt
205793605,Business Strategy and the Environment,19,1,6,2008,2010,2,2009,1,"{2008: 2, 2009: 3, 2010: 1}","Global value chains, local collective action and corporate social responsibility: a review of empirical evidence"
127742747,Journal of Econometrics,228,2,9,2020,2022,2,2021,1,"{2020: 2, 2021: 5, 2022: 2}",Measuring news sentiment | An explainable attention network for fraud detection in claims management
113497174,Human Resource Management Journal,23,1,7,2011,2013,2,2012,1,"{2011: 1, 2012: 5, 2013: 1}",Corporate entrepreneurship and information technology towards employee retention: a study of New Zealand firms
19358283,International Journal of Advertising,41,2,8,2020,2022,2,2021,1,"{2020: 1, 2021: 5, 2022: 2}",Increasing company-cause fit: the effects of a relational ad message and consumers’ cause involvement on attitude toward the CSR activity
117778295,Academy of Management Journal,60,1,16,2015,2017,2,2016,1,"{2015: 9, 2016: 6, 2017: 1}",Moving Forward at <i>AMJ</i>
76633192,Journal of Business Ethics,143,2,11,2014,2016,2,2015,1,"{2014: 1, 2015: 9, 2016: 1}",Stakeholders Matter: How Social Enterprises Address Mission Drift
129650269,Open Economies Review,22,2,9,2009,2011,2,2010,1,"{2009: 6, 2010: 2, 2011: 1}",Ambulance Economics: The Pros and Cons of Fiscal Stimuli
99768379,Management Learning,46,2,8,2013,2015,2,2014,1,"{2013: 3, 2014: 1, 2015: 4}",Exploring managerial talk through metaphor: An opportunity to bridge rigour and relevance?
182651638,Economic Systems Research,35,4,8,2021,2023,2,2022,1,"{2021: 2, 2022: 5, 2023: 1}",Measuring what matters in value-added trade
4210220312,International Journal of Logistics Research and Applications,25,3,8,2020,2022,2,2021,1,"{2020: 5, 2021: 2, 2022: 1}",Infrastructure and innovation: selected papers from the CILT logistics Research Network Conference 2019
202812398,Information Systems Research,22,1,12,2009,2011,2,2010,1,"{2009: 2, 2010: 9, 2011: 1}",About Our Authors
82262387,Journal of Information Systems,33,2,11,2017,2019,2,2018,1,"{2017: 2, 2018: 8, 2019: 1}",Editorial Policy
145200904,Health Economics,16,4,9,2005,2007,2,2006,1,"{2005: 1, 2006: 6, 2007: 2}",Prenatal Drug Use and the Production of Infant Health
87745625,International Journal of Management Reviews,19,1,6,2015,2017,2,2016,1,"{2015: 5, 2017: 1}",Editors’ Statement
99768379,Management Learning,50,2,12,2017,2019,2,2018,1,"{2017: 2, 2018: 8, 2019: 2}",Book Review: Rethinking management: Confronting the roots and consequences of current theory and practice | Book review: A better way of doing business? Lessons from the John Lewis partnership
169699294,Accounting Education,31,2,5,2020,2022,2,2021,1,"{2020: 1, 2021: 2, 2022: 2}",The quality of accounting education and the integration of the international education standards: evidence from Middle Eastern and North African countries
41930762,Japanese Economic Review,68,3,7,2015,2017,2,2016,1,"{2015: 1, 2016: 3, 2017: 3}",Misspecification in Dynamic Panel Data Models and Model-Free Inferences
113497174,Human Resource Management Journal,22,2,7,2010,2012,2,2011,1,"{2010: 1, 2011: 4, 2012: 2}",From ‘tucked away’ to ‘joined at the hip’: understanding evolving relationships within the HRBP model in a regional energy company
187626162,Entrepreneurship Theory and Practice,46,5,13,2020,2022,2,2021,1,"{2020: 6, 2021: 5, 2022: 2}",Publication Notice | Gender Differences in Enterprise Performance During the COVID-19 Crisis: Do Public Policy Responses Matter?
57667410,Annals of Operations Research,273,1-2,26,2016,2018,2,2017,1,"{2016: 3, 2017: 18, 2018: 5}","The sightseeing bus schedule optimization under Park and Ride System in tourist attractions | Integrated districting, fleet composition, and inventory planning for a multi-retailer distribution system"
50366009,Urban Studies,55,4,16,2016,2018,2,2017,1,"{2016: 11, 2017: 1, 2018: 4}",Thinking through heterogeneous infrastructure configurations
151705444,Journal of Management Studies,58,4,9,2019,2021,2,2020,1,"{2019: 1, 2020: 5, 2021: 3}",A Relational‐Models View to Explain Peer‐to‐Peer Sharing
66510378,Critical Perspectives on Accounting,20,6,9,2007,2009,2,2008,1,"{2007: 1, 2008: 2, 2009: 6}","Rationalities, domination and accounting control: A case study from a traditional society"
202812398,Information Systems Research,22,2,12,2009,2011,2,2010,1,"{2009: 3, 2010: 8, 2011: 1}",About Our Authors
2764580720,Journal of Global Scholars of Marketing Science,33,1,9,2021,2023,2,2022,1,"{2021: 2, 2022: 5, 2023: 2}",Perceptions on services in Ceará-Brazil luxury hotels registered on <i>TripAdvisor</i> | The strange bedfellows of packaging cues and religiosity
57667410,Annals of Operations Research,335,2,8,2022,2024,2,2023,1,"{2022: 1, 2023: 5, 2024: 2}",Multi-period max flow network interdiction with restructuring for disrupting domestic sex trafficking networks
184126201,British Journal of Management,32,1,12,2019,2021,2,2020,1,"{2019: 3, 2020: 3, 2021: 6}",Forming Effective Employee Information and Consultation: A Five‐Stage Trust and Justice Process | Managing Risk as a Duality of Harm and Benefit: A Study of Organizational Risk Objects in the Global Insurance Industry
17986141,Journal of Management Inquiry,29,2,14,2018,2020,2,2019,1,"{2018: 5, 2019: 8, 2020: 1}",A Special “Provocations and Provocateurs” Section Honoring Jim March
42192170,International Tax and Public Finance,29,4,9,2020,2022,2,2021,1,"{2020: 1, 2021: 7, 2022: 1}",Inequality Measurement and Tax/Transfer Policy
170913539,Bulletin of Economic Research,68,4,7,2014,2016,2,2015,1,"{2014: 2, 2015: 4, 2016: 1}",ACKNOWLEDGEMENT TO REFEREES
57667410,Annals of Operations Research,200,1,19,2010,2012,2,2011,1,"{2010: 2, 2011: 13, 2012: 4}",Analyzing the quality of the expected value solution in stochastic programming | Pattern definition of the p-efficiency concept
101788309,Papers of the Regional Science Association,97,3,18,2016,2018,2,2017,1,"{2016: 13, 2017: 3, 2018: 2}",Masters of craft. Old jobs in the new urban economy | Understanding the location of foreign direct investment
9435936,Long Range Planning,53,4,11,2018,2020,2,2019,1,"{2018: 1, 2019: 8, 2020: 2}","Mapping, analyzing and designing innovation ecosystems: The Ecosystem Pie Model"
39307421,Technological Forecasting and Social Change,73,9,13,2004,2006,2,2005,1,"{2004: 1, 2005: 1, 2006: 11}",E-commerce critical success factors: East vs. West
184126201,British Journal of Management,30,3,14,2017,2019,2,2018,1,"{2017: 5, 2018: 7, 2019: 2}",Recognising the Service of our Reviewers | Beyond the Matrix: Visual Methods for Qualitative Network Research
44376543,Business & Society,53,6,5,2012,2014,2,2013,1,"{2012: 4, 2014: 1}",Editorial Announcement
28882882,Organization Studies,43,2,9,2020,2022,2,2021,1,"{2020: 1, 2021: 7, 2022: 1}","Media Review: David Graeber, <i>Bullshit Jobs: A Theory</i>"
39307421,Technological Forecasting and Social Change,72,2,13,2003,2005,2,2004,1,"{2003: 1, 2004: 8, 2005: 4}",The semiconductor silicon industry roadmap: Epochs driven by the dynamics between disruptive technologies and core competencies
39307421,Technological Forecasting and Social Change,73,5,9,2004,2006,2,2005,1,"{2004: 1, 2005: 7, 2006: 1}","Application of grey model GM(1, 1) to vehicle fatality risk estimation"
37173775,European Journal of Law and Economics,35,1,9,2010,2012,2,2011,1,"{2010: 5, 2011: 1, 2012: 3}",The law and economics of international sex slavery: prostitution laws and trafficking for sexual exploitation
170913539,Bulletin of Economic Research,69,4,8,2015,2017,2,2016,1,"{2015: 2, 2016: 5, 2017: 1}",ACKNOWLEDGEMENT TO REFEREES
7345157,Eastern Economic Journal,44,1,11,2015,2017,2,2016,1,"{2015: 3, 2016: 7, 2017: 1}",The Changing Pattern of Stock Ownership in the US: 1989–2013
171491724,Journal of Economics and Finance,36,1,16,2009,2011,2,2010,1,"{2009: 6, 2010: 7, 2011: 3}",Migration and public policies: a further empirical analysis | Relating economic infrastructure indexes to investor protection for selected emerging economies
166264140,Emerging Markets Finance and Trade,56,4,10,2018,2020,2,2019,1,"{2018: 1, 2019: 8, 2020: 1}",Volatility Spillovers and Risk Contagion Paths with Capital Flows across Multiple Financial Markets in China
44376543,Business & Society,61,8,7,2020,2022,2,2021,1,"{2020: 4, 2021: 1, 2022: 2}",Capabilities of Bottom of the Pyramid Organizations
174413665,Review of Income and Wealth,62,2,11,2014,2016,2,2015,1,"{2014: 1, 2015: 9, 2016: 1}",Understanding Changes in the Distribution and Redistribution of Income: A Unifying Decomposition Framework
1558358,Journal of Business Strategy,41,6,9,2018,2020,2,2019,1,"{2018: 1, 2019: 7, 2020: 1}","Corporate life and death: who succumbs, who survives during disruption?"
149064342,Mathematical Social Sciences,57,3,8,2007,2009,2,2008,1,"{2007: 1, 2008: 5, 2009: 2}",A characterization of the prudent order preference function
129650269,Open Economies Review,21,3,7,2008,2010,2,2009,1,"{2008: 4, 2010: 3}",Fiscal Shocks and The Sectoral Composition of Output | Some Unpleasant Consequences of EMU
39307421,Technological Forecasting and Social Change,72,4,8,2003,2005,2,2004,1,"{2003: 4, 2004: 2, 2005: 2}","Judgment change during Delphi-like procedures: The role of majority influence, expertise, and confidence | Politics and institutions: European parliamentary technology assessment"
166264140,Emerging Markets Finance and Trade,59,8,25,2021,2023,2,2022,1,"{2021: 3, 2022: 4, 2023: 18}","COVID-19 Shock and Interest Expense Stickiness: Evidence from Chinese Listed Firms | Management Earnings Forecasts Bias, Internal Control, and Stock Price Crash Risk: New Evidence from China"
185905316,The Journal of Technology Transfer,33,3,6,2006,2008,2,2007,1,"{2006: 1, 2007: 4, 2008: 1}",Spinouts from academic institutions: a literature review with suggestions for further research
107859553,International Small Business Journal Researching Entrepreneurship,31,2,10,2011,2013,2,2012,1,"{2011: 5, 2012: 1, 2013: 4}",Firm size and innovation policy
31748134,Industrial Marketing Management,36,2,12,2005,2007,2,2006,1,"{2005: 4, 2006: 7, 2007: 1}",
124549413,Journal of Economic Surveys,36,2,6,2020,2022,2,2021,1,"{2020: 1, 2021: 4, 2022: 1}",STATISTICAL EQUILIBRIUM METHODS IN ANALYTICAL POLITICAL ECONOMY
187626162,Entrepreneurship Theory and Practice,47,4,17,2021,2023,2,2022,1,"{2021: 1, 2022: 14, 2023: 2}",The Legitimization Effect of Crowdfunding Success: A Consumer Perspective
151705444,Journal of Management Studies,58,8,10,2019,2021,2,2020,1,"{2019: 1, 2020: 2, 2021: 7}",From Cultural Differences to Identity Politics: A Critical Discursive Approach to National Identity in Multinational Corporations
6013065,Journal of Management & Governance,24,2,12,2018,2020,2,2019,1,"{2018: 4, 2019: 6, 2020: 2}","Corporate growth, sustainability and business ethics in twenty-first century | Correction to: What do we lose when machines take the decisions?"
50366009,Urban Studies,52,7,8,2013,2015,2,2014,1,"{2013: 5, 2014: 2, 2015: 1}",Introduction: Governing for urban resilience
37738278,Knowledge and Process Management,30,2,8,2021,2023,2,2022,1,"{2021: 1, 2022: 4, 2023: 3}",Mindfulness and meaningfulness in managing knowledge: A theoretical model
17986141,Journal of Management Inquiry,27,3,8,2016,2018,2,2017,1,"{2016: 1, 2017: 5, 2018: 2}","Digital Organizational Storytelling on YouTube: Constructing Plausibility Through Network Protocols of Amateurism, Affinity, and Authenticity"
119950638,Journal of Marketing Research,61,4,11,2022,2024,2,2023,1,"{2022: 4, 2023: 6, 2024: 1}","Mitigation in Marketing: Concept, Definition, and Scope"
6013065,Journal of Management & Governance,23,1,10,2017,2019,2,2018,1,"{2017: 1, 2018: 8, 2019: 1}","CEO career horizons and when to go public: the relationship between risk-taking, speed and CEO power"
62110574,Review of Quantitative Finance and Accounting,35,3,6,2008,2010,2,2009,1,"{2008: 1, 2009: 4, 2010: 1}",The high-volume return premium: evidence from the Chinese stock market
142990027,Journal of Marketing,86,2,11,2020,2022,2,2021,1,"{2020: 1, 2021: 9, 2022: 1}",Carbon Footprinting and Pricing Under Climate Concerns
163774179,Labour Economics,14,3,16,2005,2007,2,2006,1,"{2005: 2, 2006: 13, 2007: 1}",The effect of a large expansion of pre-primary school facilities on preschool attendance and maternal employment
122767448,Journal of Management,44,1,13,2015,2017,2,2016,1,"{2015: 1, 2016: 1, 2017: 11}",An Assessment of Resource-Based Theorizing on Firm Growth and Suggestions for the Future
184126201,British Journal of Management,24,2,8,2011,2013,2,2012,1,"{2011: 2, 2012: 5, 2013: 1}",Open Access – the Wrong Response to a Complex Question: The Case of the Finch Report
1558358,Journal of Business Strategy,44,2,7,2021,2023,2,2022,1,"{2021: 1, 2022: 5, 2023: 1}",Why companies succeed or fail: corporate cycles and firm function in tandem
41930762,Japanese Economic Review,73,3,7,2020,2022,2,2021,1,"{2020: 1, 2021: 2, 2022: 4}",Minimum quality standards and benchmarking in differentiated duopoly
113497174,Human Resource Management Journal,33,4,16,2021,2023,2,2022,1,"{2021: 1, 2022: 4, 2023: 11}",Refugee recruitment and workplace integration: An opportunity for human resource management scholarship and impact
4210216222,Journal of Entrepreneurship in Emerging Economies,12,2,7,2018,2020,2,2019,1,"{2018: 2, 2019: 3, 2020: 2}",Small entrepreneurship development in Belarus | Institutions and firm growth in a transitional and post-conflict economy of Kosovo
50366009,Urban Studies,61,15,9,2022,2024,2,2023,1,"{2022: 1, 2023: 5, 2024: 3}","Heat, cold and climatic determinism in China’s urban epidemics"
185905316,The Journal of Technology Transfer,43,4,12,2016,2018,2,2017,1,"{2016: 9, 2017: 2, 2018: 1}","Conceptualizing academic entrepreneurship ecosystems: a review, analysis and extension of the literature"
180492355,Public Finance Review,52,6,7,2022,2024,2,2023,1,"{2022: 3, 2024: 4}","Corruption and the Burden of Regulation: National, Regional, and Firm-Level Evidence | If You Give Bureaucrats an Inch, Will They Take a Yard? Lessons from Threshold Regulatory Reform in Italy"
107859553,International Small Business Journal Researching Entrepreneurship,35,4,8,2015,2017,2,2016,1,"{2015: 1, 2016: 6, 2017: 1}","Bank market concentration, relationship banking, and small business liquidity"
4210171100,Strategic Management,29,4,6,2022,2024,2,2023,1,"{2022: 2, 2023: 1, 2024: 3}","Boards' strategic involvement models: Past, present, and future"
136999626,Journal of Property Investment and Finance,40,1,8,2020,2022,2,2021,1,"{2020: 1, 2021: 6, 2022: 1}",Education Briefing Property valuation: the hedonic pricing model: the application of search-and-matching models
34280410,Journal of Productivity Analysis,43,3,12,2013,2015,2,2014,1,"{2013: 1, 2014: 5, 2015: 6}",Are all firms inefficient?
129650269,Open Economies Review,20,2,6,2007,2009,2,2008,1,"{2007: 2, 2008: 3, 2009: 1}",Foreign Transfers and Real Exchange Rate Adjustments in a Financially Constrained Dependent Economy
70698675,Technovation,24,7,9,2002,2004,2,2003,1,"{2002: 2, 2003: 5, 2004: 2}",Complexity and learning behaviors in product innovation | The innovation systems of Taiwan and China: a comparative analysis
168273071,International Review of Economics & Finance,17,3,15,2006,2008,2,2007,1,"{2006: 4, 2007: 10, 2008: 1}","Takatoshi Ito and Andrew K. Rose, Editors, Monetary Policy with Very Low Inflation in the Pacific Rim, NBER -- East Asia Seminar on Economics Vol. 15, The University of Chicago Press (2006)"
42192170,International Tax and Public Finance,15,2,5,2006,2008,2,2007,1,"{2006: 1, 2007: 3, 2008: 1}",A case for taxing education
113497174,Human Resource Management Journal,34,3,16,2022,2024,2,2023,1,"{2022: 2, 2023: 13, 2024: 1}",Articulating scholarship in human resource management: Guidance for researchers
86125002,Environmental and Resource Economics,84,3,7,2021,2023,2,2022,1,"{2021: 2, 2022: 3, 2023: 2}","Population, Ecological Footprint and the Sustainable Development Goals | Valuing the Environment as Input, Ecosystem Services and Developing Countries"
166002381,Journal of Applied Psychology,108,2,10,2021,2023,2,2022,1,"{2021: 1, 2022: 8, 2023: 1}",Challenging conclusions about predictive bias against Hispanic test takers in personnel selection.
129650269,Open Economies Review,20,3,7,2007,2009,2,2008,1,"{2007: 4, 2009: 3}",Fear of Floating and Pegging: A Simultaneous Choice Model of De Jure and De Facto Exchange Rate Regimes in Developing Countries | Live or Let Die? Alternative Routes to Industry Exit
121026525,Journal of Evolutionary Economics,28,1,8,2016,2018,2,2017,1,"{2016: 1, 2017: 6, 2018: 1}",Firm age: a survey
151705444,Journal of Management Studies,61,3,13,2022,2024,2,2023,1,"{2022: 8, 2023: 4, 2024: 1}","Here, There and Everywhere: On the Responsible Use of Artificial Intelligence (AI) in Management Research and the Peer‐Review Process"
42192170,International Tax and Public Finance,30,5,9,2021,2023,2,2022,1,"{2021: 1, 2022: 7, 2023: 1}",The Fiscal Costs of Earthquakes in Japan
86125002,Environmental and Resource Economics,68,1,8,2015,2017,2,2016,1,"{2015: 1, 2017: 7}",Fuel Efficiency Improvements - Feedback Mechanisms and Distributional Effects in the Oil Market
183232449,International Journal of Industrial Organization,26,6,13,2006,2008,2,2007,1,"{2006: 1, 2008: 12}","The Economics of Cartels, Cartel Policy, and Collusion"
61413993,Journal of Business and Psychology,34,2,8,2017,2019,2,2018,1,"{2017: 1, 2018: 6, 2019: 1}",LMX and Attributions of Organizational Citizenship Behavior Motives: When is Citizenship Perceived as Brownnosing?
130699561,Technology Analysis and Strategic Management,33,3,7,2019,2021,2,2020,1,"{2019: 4, 2020: 1, 2021: 2}",Risk and regulatory culture: governing recombinant DNA technology in the UK from 1970–1980
42678134,Journal of Hospitality & Tourism Research,42,2,7,2014,2016,2,2015,1,"{2014: 3, 2015: 3, 2016: 1}",Tourism Impact and Stakeholders’ Quality of Life
49389958,Econometric Theory,39,2,8,2021,2023,2,2022,1,"{2021: 3, 2022: 4, 2023: 1}",THE <i>ECONOMETRIC THEORY</i> AWARDS 2023
129650269,Open Economies Review,22,4,10,2009,2011,2,2010,1,"{2009: 4, 2010: 5, 2011: 1}",Exchange-Rate Policies in Emerging Countries: Eleven Empirical Regularities From Latin America and East Asia
579031,Economic Theory,72,3,11,2019,2021,2,2020,1,"{2019: 2, 2020: 3, 2021: 6}",Competitive disclosure of correlated information | Information transmission and voting
132950052,Journal of Interdisciplinary Economics,33,1,6,2019,2021,2,2020,1,"{2019: 1, 2020: 4, 2021: 1}",Ego Depletion May Explain Gender Differences in Multitasking
151705444,Journal of Management Studies,60,7,10,2021,2023,2,2022,1,"{2021: 1, 2022: 6, 2023: 3}",Middle Managers' Struggle Over Their Subject Position in Open Strategy Processes
129650269,Open Economies Review,22,3,8,2009,2011,2,2010,1,"{2009: 5, 2010: 1, 2011: 2}",Financial Openness and Macroeconomic Instability in Emerging Market Economies
171424506,European Accounting Review,28,1,9,2017,2019,2,2018,1,"{2017: 3, 2018: 5, 2019: 1}","Thank you to Associate Editors, Editorial Board Members, Ad-hoc Associate Editors, Guest Editors and Reviewers 2018"
50366009,Urban Studies,57,7,14,2018,2020,2,2019,1,"{2018: 3, 2019: 9, 2020: 2}","Commentary: Inequality, precarity and sustainable ecosystems as elements of urban resilience | Governing resilient cities for planetary flourishing in the Asia-Pacific"
2764726166,Asia Pacific Management Review,24,2,11,2017,2019,2,2018,1,"{2017: 1, 2018: 7, 2019: 3}","Modeling route choice behavior of evacuees in highly urbanized area: A case study of Bagong Silangan, Quezon City, Philippines"
138400101,Managerial and Decision Economics,37,2,6,2014,2016,2,2015,1,"{2014: 4, 2015: 1, 2016: 1}",Location Choice and Contract Bargaining
61413993,Journal of Business and Psychology,29,2,11,2012,2014,2,2013,1,"{2012: 3, 2013: 7, 2014: 1}",When is Nothing Something? Editorial for the Null Results Special Issue of Journal of Business and Psychology
76633192,Journal of Business Ethics,172,1,12,2019,2021,2,2020,1,"{2019: 2, 2020: 9, 2021: 1}",Review of Honorable Business: A Framework for Business in a Just and Humane Society by James R. Otteson
50366009,Urban Studies,57,3,15,2018,2020,2,2019,1,"{2018: 1, 2019: 9, 2020: 5}",Housing career disparities in urban China: A comparison between skilled migrants and locals in Nanjing
4210171597,Accounting and Finance,52,2,15,2010,2012,2,2011,1,"{2010: 2, 2011: 11, 2012: 2}",IFRS adoption and analysts’ earnings forecasts: Australian evidence | The accrual anomaly: Australian evidence
57667410,Annals of Operations Research,230,1,8,2013,2015,2,2014,1,"{2013: 3, 2014: 4, 2015: 1}",Socially responsible service operations management: an overview
57667410,Annals of Operations Research,225,1,10,2012,2014,2,2013,1,"{2012: 4, 2013: 5, 2014: 1}",Coalition configurations and share functions
180492355,Public Finance Review,45,1,9,2015,2017,2,2016,1,"{2015: 6, 2016: 2, 2017: 1}",Mental Accounting and Tax Compliance
151705444,Journal of Management Studies,48,3,9,2009,2011,2,2010,1,"{2009: 1, 2010: 7, 2011: 1}",Too Good to be True: Board Structural Independence as a Moderator of CEO Pay-for-Firm-Performance
98984247,Computational Economics,52,3,11,2016,2018,2,2017,1,"{2016: 1, 2017: 9, 2018: 1}",Estimation of Sentiment Effects in Financial Markets: A Simulated Method of Moments Approach
57667410,Annals of Operations Research,265,2,9,2016,2018,2,2017,1,"{2016: 6, 2017: 2, 2018: 1}",Cognitive systems and operations research in big data and cloud computing
70698675,Technovation,26,3,15,2004,2006,2,2005,1,"{2004: 4, 2005: 9, 2006: 2}",Ranking of technology and innovation management journals | The role of technology in the investment of German firms in China
177092143,Australian Journal of Management,42,1,8,2015,2017,2,2016,1,"{2015: 6, 2016: 1, 2017: 1}",Default and naive diversification heuristics in annuity choice
102949365,Strategic Management Journal,37,2,13,2014,2016,2,2015,1,"{2014: 9, 2015: 1, 2016: 3}",Creating repeatable cumulative knowledge in strategic management
4210171597,Accounting and Finance,55,2,13,2013,2015,2,2014,1,"{2013: 4, 2014: 4, 2015: 5}",Performance measurement system use in generating psychological empowerment and individual creativity | Does news play an important role in the correction process of the accrual anomaly?
141600920,Fiscal Studies,38,1,7,2015,2017,2,2016,1,"{2015: 4, 2016: 1, 2017: 2}",The Fiscal Decentralisation and Economic Growth Nexus Revisited
171812798,Metroeconomica,68,2,7,2015,2017,2,2016,1,"{2015: 1, 2016: 4, 2017: 2}",The Monetary Circuit in the Age of Financialisation: A Stock‐Flow Consistent Model with A Twofold Banking Sector
133770707,Empirica,48,1,10,2019,2021,2,2020,1,"{2019: 1, 2020: 6, 2021: 3}",The long-run properties of the Kaldor–Verdoorn law: a bounds test approach to a panel of Central and East European (CEE) countries
133599136,Organizational Research Methods,13,2,12,2008,2010,2,2009,1,"{2008: 3, 2009: 7, 2010: 2}",New Editor Appointed | Reconnecting With the Spirit of Workplace Ethnography
4210171597,Accounting and Finance,52,1,13,2010,2012,2,2011,1,"{2010: 3, 2011: 9, 2012: 1}",The Global Financial Crisis: some attributes and responses
99768379,Management Learning,45,2,10,2012,2014,2,2013,1,"{2012: 1, 2013: 5, 2014: 4}",Employers’ views of learning and training for an ageing workforce
28882882,Organization Studies,40,2,9,2017,2019,2,2018,1,"{2017: 2, 2018: 6, 2019: 1}",In memoriam: James G. March
132210109,International Journal of Game Theory,36,3-4,17,2006,2008,2,2007,1,"{2006: 1, 2007: 14, 2008: 2}",Random paths to pairwise stability in many-to-many matching problems: a study on market equilibration
4210181832,Total Quality Management & Business Excellence,25,3-4,17,2012,2014,2,2013,1,"{2012: 2, 2013: 14, 2014: 1}",Different perspectives on management systems integration
199690760,Innovation,24,1,14,2020,2022,2,2021,1,"{2020: 2, 2021: 11, 2022: 1}",Where to from here? A note from the new editorial team
172526255,Finance and Stochastics,14,2,6,2008,2010,2,2009,1,"{2008: 1, 2009: 4, 2010: 1}",Can the implied volatility surface move by parallel shifts?
185930956,Contemporary Economic Policy,31,3,12,2011,2013,2,2012,1,"{2011: 1, 2012: 9, 2013: 2}",LABOR MARKET DISCRIMINATION AND CAPITAL: THE EFFECTS OF FAN DISCRIMINATION ON STADIUM AND ARENA CONSTRUCTION
57667410,Annals of Operations Research,258,2,30,2015,2017,2,2016,1,"{2015: 11, 2016: 17, 2017: 2}",Formulations for the orienteering problem with additional constraints | Operations research at CLAIO XVII (ALIO/SMIO Joint International Meeting)
49389958,Econometric Theory,32,1,8,2014,2016,2,2015,1,"{2014: 6, 2015: 1, 2016: 1}",CONSISTENT AND CONSERVATIVE MODEL SELECTION WITH THE ADAPTIVE LASSO IN STATIONARY AND NONSTATIONARY AUTOREGRESSIONS
117460449,Asia Pacific Business Review,20,4,9,2012,2014,2,2013,1,"{2012: 1, 2013: 3, 2014: 5}","Sequential internationalization, heterogeneous process and subsidiary roles: the case of Hyundai Motor Company<sup>*</sup>"
79175213,Journal of Financial Services Research,45,1,6,2012,2014,2,2013,1,"{2012: 2, 2013: 3, 2014: 1}",JFSR Referees 2013
82316188,European Journal of Finance,28,7,10,2020,2022,2,2021,1,"{2020: 5, 2021: 4, 2022: 1}",Hawkes processes in finance: market structure and impact
19358283,International Journal of Advertising,37,2,9,2016,2018,2,2017,1,"{2016: 7, 2017: 1, 2018: 1}","The effect of exposure to sexual appeals in advertisements on memory, attitude, and purchase intention: a meta-analytic review"
162526994,International Journal of Market Research,63,3,8,2019,2021,2,2020,1,"{2019: 5, 2020: 1, 2021: 2}",Can the youth materialism scale be used across different countries and cultures?
107859553,International Small Business Journal Researching Entrepreneurship,30,1,8,2010,2012,2,2011,1,"{2010: 1, 2011: 3, 2012: 4}",Entrepreneurial equity financing and securities regulation: An empirical analysis
140551370,Cornell Hospitality Quarterly,64,1,10,2021,2023,2,2022,1,"{2021: 7, 2022: 2, 2023: 1}",All Over the Map
91781374,Accounting History,25,2,11,2018,2020,2,2019,1,"{2018: 1, 2019: 5, 2020: 5}","Development of accounting in Fiji, 1801–2016"
122767448,Journal of Management,49,6,12,2021,2023,2,2022,1,"{2021: 1, 2022: 8, 2023: 3}",Purpose in the For-Profit Firm: A Review and Framework for Management Research
119908498,Journal of International Marketing,32,1,7,2022,2024,2,2023,1,"{2022: 1, 2023: 5, 2024: 1}",Enabling Comparability of Responses in International Sales Force Surveys: Evidence from a Cross-National Survey of Salespeople and Sales Managers
98984247,Computational Economics,47,4,6,2014,2016,2,2015,1,"{2014: 1, 2015: 4, 2016: 1}","Forecasting US Unemployment with Radial Basis Neural Networks, Kalman Filters and Support Vector Regressions"
2764580720,Journal of Global Scholars of Marketing Science,33,3,9,2021,2023,2,2022,1,"{2021: 2, 2022: 5, 2023: 2}",How do customers respond to external store environment? Analyzing the new luxury segment | Luxury product and brand purchasing behavior: A conceptual perspective.
31690342,Strategic Entrepreneurship Journal,15,1,7,2019,2021,2,2020,1,"{2019: 1, 2020: 5, 2021: 1}",The option value in Jack‐of‐all‐trades investment
1558358,Journal of Business Strategy,41,3,7,2018,2020,2,2019,1,"{2018: 1, 2019: 5, 2020: 1}",Family protocol: how it shapes succession in family firms
136999626,Journal of Property Investment and Finance,39,3,7,2019,2021,2,2020,1,"{2019: 2, 2020: 4, 2021: 1}",Editorial for special issue on infrastructure and real estate
187200255,Competition & Change,24,5,6,2018,2020,2,2019,1,"{2018: 3, 2019: 2, 2020: 1}",Convergent and divergent trajectories of corporate governance
4210218316,European Journal of Management and Business Economics,34,2,8,2022,2024,2,2023,1,"{2022: 2, 2023: 4, 2024: 2}","Rule with an iron hand: powerful CEOs, influential shareholders and corporate performance in Russia | Exploring the roles of self-determined motivation and perceived organizational support in organizational change"
57667410,Annals of Operations Research,198,1,9,2010,2012,2,2011,1,"{2010: 2, 2011: 5, 2012: 2}",A polling model with reneging at polling instants | Stability of a spatial polling system with greedy myopic service
131852005,European Financial Management,18,1,5,2009,2011,2,2010,1,"{2009: 2, 2010: 1, 2011: 2}",Long‐term Performance of Greek IPOs
116483603,Journal of Risk & Insurance,87,2,11,2018,2020,2,2019,1,"{2018: 3, 2019: 7, 2020: 1}","King William's Tontine: Why the Retirement Annuity of the Future Should Resemble Its Past, Moshe A. Milevsky (Ed.), 2015, Cambridge, UK: Cambridge University Press, 257 pages, ISBN: 978‐1‐107‐07612‐9 (Hardback)."
184126201,British Journal of Management,31,2,11,2018,2020,2,2019,1,"{2018: 2, 2019: 7, 2020: 2}",Network Embeddedness in Exploration and Exploitation of Joint R&amp;D Projects: A Structural Approach | When Many Davids Collaborate with One Goliath: How Inter‐organizational Networks (Fail to) Manage Size Differentials
579031,Economic Theory,67,3,8,2017,2019,2,2018,1,"{2017: 2, 2018: 5, 2019: 1}",Supermodularity and Complementarity in Economic Theory
140551370,Cornell Hospitality Quarterly,64,2,8,2021,2023,2,2022,1,"{2021: 2, 2022: 5, 2023: 1}",Service Innovation and Emerging Technologies in Tourism and Hospitality
82262387,Journal of Information Systems,33,1,9,2017,2019,2,2018,1,"{2017: 5, 2018: 3, 2019: 1}",Editorial Policy
65924262,Contemporary Accounting Research,29,2,14,2010,2012,2,2011,1,"{2010: 1, 2011: 11, 2012: 2}",Investor Reactions to Contrasts Between the Earnings Preannouncements of Peer Firms*
174413665,Review of Income and Wealth,68,1,10,2020,2022,2,2021,1,"{2020: 1, 2021: 8, 2022: 1}",Income Composition Inequality
117778295,Academy of Management Journal,66,6,13,2021,2023,2,2022,1,"{2021: 1, 2022: 4, 2023: 8}","Mother’s Reentry: A Relative Contribution Perspective of Dual-Earner Parents’ Roles, Resources, and Outcomes"
98984247,Computational Economics,58,3,15,2019,2021,2,2020,1,"{2019: 3, 2020: 11, 2021: 1}",Computational Aspects of Sustainability
170137484,Review of Financial Studies,32,9,9,2017,2019,2,2018,1,"{2017: 1, 2018: 6, 2019: 2}",Whatever It Takes: The Real Effects of Unconventional Monetary Policy
157600745,International Journal of Productivity and Performance Management,73,11,14,2022,2024,2,2023,1,"{2022: 2, 2023: 7, 2024: 5}",Output measurement in professional public organizations: insights from European justice systems | Resource Overall Equipment Cost Loss indicator to assess equipment performance and product cost
37173775,European Journal of Law and Economics,39,2,12,2012,2014,2,2013,1,"{2012: 3, 2013: 6, 2014: 3}",Valuing commercial radio licences | Piracy and creation: the case of the music industry
162583106,Health Marketing Quarterly,40,1,6,2021,2023,2,2022,1,"{2021: 3, 2022: 2, 2023: 1}",The impact of country image and patient cosmopolitanism on medical tourism
27632631,Journal of Brand Management,16,4,6,2007,2009,2,2008,1,"{2007: 2, 2008: 2, 2009: 2}",The Big Five and brand personality: Investigating the impact of consumer personality on preferences towards particular brand personality | Ownership effects in consumers' brand extension evaluations
154010748,Management Decision,58,7,11,2018,2020,2,2019,1,"{2018: 2, 2019: 2, 2020: 7}",Cross-country differences in innovative entrepreneurial activity | Entrepreneurial continuance logic
133599136,Organizational Research Methods,13,3,14,2008,2010,2,2009,1,"{2008: 2, 2009: 6, 2010: 6}","Book Review: Newman: Kenny, D. A., Kashy, D. A., &amp; Cook, W. L. (2006). Dyadic Data Analysis. New York: Guilford | Book Review: Book Review: Locke"
4210237103,Indonesian Management and Accounting Research,20,2,6,2021,2023,2,2022,1,"{2021: 1, 2022: 2, 2023: 3}",The Role of Strategic Management in Improving the Quality of Accounting Information Systems at Insurance Compenies in Indonesia
2898402987,Spanish Journal of Marketing - ESIC,28,2,6,2022,2024,2,2023,1,"{2022: 2, 2023: 3, 2024: 1}",Luxury fashion brand coolness: niche versus mass cool
7424199,Public Choice,199,1-2,9,2022,2024,2,2023,1,"{2022: 2, 2023: 6, 2024: 1}",Empirical and computational approaches to collective choice: introduction to a special issue
61446109,Human Relations,74,4,6,2019,2021,2,2020,1,"{2019: 3, 2020: 2, 2021: 1}",Contesting Social Responsibilities of Business: Experiences in Context
57667410,Annals of Operations Research,310,1,12,2020,2022,2,2021,1,"{2020: 4, 2021: 7, 2022: 1}","OR and analytics for digital, resilient, and sustainable manufacturing 4.0"
116483603,Journal of Risk & Insurance,82,1,9,2013,2015,2,2014,1,"{2013: 6, 2014: 1, 2015: 2}","Nonexclusivity, Linear Pricing, and Annuity Market Screening"
86125002,Environmental and Resource Economics,64,2,10,2014,2016,2,2015,1,"{2014: 2, 2015: 6, 2016: 2}",Compelling Evidence of an Environmental Kuznets Curve in the United Kingdom | Is Democracy Good for the Environment? Quasi-Experimental Evidence from Regime Transitions
145471836,Explorations in Economic History,43,4,7,2004,2006,2,2005,1,"{2004: 1, 2005: 5, 2006: 1}",The Impact of the Civil War on Capital Intensity and Labor Productivity in Southern Manufacturing
579031,Economic Theory,62,1-2,17,2014,2016,2,2015,1,"{2014: 2, 2015: 14, 2016: 1}",Editorial to the special issue in honor of Bernard Cornet
65924262,Contemporary Accounting Research,31,2,14,2012,2014,2,2013,1,"{2012: 2, 2013: 10, 2014: 2}",The Shapes of Scaled Earnings Histograms Are Not Due to Scaling and Sample Selection: Evidence from Distributions of Reported Earnings per Share | Accounting and Sweatshops: Enabling Coordination and Control in Low‐Price Apparel Production Chains
2764896919,Environmental Economics and Policy Studies,16,4,6,2012,2014,2,2013,1,"{2012: 2, 2013: 2, 2014: 2}",Preference constraint for sustainable development | Greenhouse gas emissions and the role of the Kyoto Protocol
2875300,Review of International Political Economy,29,1,14,2020,2022,2,2021,1,"{2020: 13, 2022: 1}",<i>RIPE</i> 2021 diversity statement
157946625,Financial Management,50,2,10,2019,2021,2,2020,1,"{2019: 1, 2020: 7, 2021: 2}",Interest rate risk of life insurers: Evidence from accounting data
98234996,Accounting Research Journal,35,1,6,2020,2022,2,2021,1,"{2020: 2, 2021: 3, 2022: 1}",Acknowledgments: thank you to our reviewers
107859553,International Small Business Journal Researching Entrepreneurship,31,1,9,2011,2013,2,2012,1,"{2011: 3, 2012: 2, 2013: 4}",Entrepreneurship and growth | Entrepreneurial orientation and market orientation as drivers of product innovation success: A study of exporters from a developing economy
36209479,Industry and Innovation,26,1,6,2017,2019,2,2018,1,"{2017: 5, 2019: 1}",Advancing large-scale R&D projects towards through involvement of organizational knowledge integrators
1558358,Journal of Business Strategy,43,2,8,2020,2022,2,2021,1,"{2020: 4, 2021: 3, 2022: 1}",The new not normal
66524056,Journal of Business Economics and Management,16,4,10,2013,2015,2,2014,1,"{2013: 1, 2014: 1, 2015: 8}",EMPIRICAL INSIGHTS ON UNDERSTANDING STAKEHOLDER INFLUENCE
92522684,Journal of the Academy of Marketing Science,51,3,12,2021,2023,2,2022,1,"{2021: 1, 2022: 10, 2023: 1}",The effect of positive anticipatory utility on product pre‑order evaluations and choices
76633192,Journal of Business Ethics,171,1,12,2019,2021,2,2020,1,"{2019: 4, 2020: 7, 2021: 1}",Review of Joy at Work: Organizing Your Professional Life by Marie Kondo and Scott Sonenshein
2913204857,Journal of Business Economics,89,6,6,2017,2019,2,2018,1,"{2017: 1, 2019: 5}",Correction to: When labor representatives join supervisory boards: empirical evidence of the relationship between the change to parity codetermination and working capital and operating cash flows
57667410,Annals of Operations Research,265,1,9,2016,2018,2,2017,1,"{2016: 1, 2017: 6, 2018: 2}",Combinatorial redundancy detection
70698675,Technovation,24,4,8,2002,2004,2,2003,1,"{2002: 4, 2003: 2, 2004: 2}",Technological foresight—the use of biotechnology in the development of new drugs against breast cancer | Sensor foresight—technology and market
94552155,Organization & Environment,33,3,8,2018,2020,2,2019,1,"{2018: 1, 2019: 6, 2020: 1}",SME Managers’ Perceptions of Competitive Pressure and the Adoption of Environmental Practices in Fragmented Industries: A Multi-Country Study in the Wine Industry
184126201,British Journal of Management,31,1,13,2018,2020,2,2019,1,"{2018: 2, 2019: 10, 2020: 1}",<i>British Journal of Management</i> in Retrospect and Prospect
43415676,Journal of Strategic Marketing,26,3,5,2016,2018,2,2017,1,"{2016: 4, 2018: 1}",Special issue relationship marketing in franchising and retailing
57667410,Annals of Operations Research,258,1,8,2015,2017,2,2016,1,"{2015: 1, 2016: 4, 2017: 3}",Structure preserving integration and model order reduction of skew-gradient reaction–diffusion systems
82316188,European Journal of Finance,28,4-5,11,2020,2022,2,2021,1,"{2020: 3, 2021: 7, 2022: 1}",Recent advances and future directions in macro-finance: macroeconomic conditions and corporate decisions
162526994,International Journal of Market Research,63,4,8,2019,2021,2,2020,1,"{2019: 1, 2020: 5, 2021: 2}",Maximizing participation from online survey panel members
107859553,International Small Business Journal Researching Entrepreneurship,31,5,6,2011,2013,2,2012,1,"{2011: 2, 2012: 3, 2013: 1}",The genetics of entrepreneurial performance
79175213,Journal of Financial Services Research,61,1,5,2020,2022,2,2021,1,"{2020: 2, 2021: 2, 2022: 1}",Retrospective on Twenty Years of the FDIC-JFSR Bank Research Conference
122767448,Journal of Management,50,4,11,2022,2024,2,2023,1,"{2022: 5, 2023: 4, 2024: 2}",Many Roads to Success: Broadening Our Views of Academic Career Paths and Advice | Breaking News: <i>JOM</i> Wants Your Theory Papers
107325288,Social Choice and Welfare,54,2-3,12,2018,2020,2,2019,1,"{2018: 3, 2019: 6, 2020: 3}",Limits on power and rationality | The theoretical Shapley–Shubik probability of an election inversion in a toy symmetric version of the US presidential electoral system
49131624,International Journal of Social Economics,51,12,10,2022,2024,2,2023,1,"{2022: 1, 2024: 9}",Why do the educated poor pay less price per calorie? Evidence from household-level calorie consumption data
127742747,Journal of Econometrics,239,1,10,2022,2024,2,2023,1,"{2022: 2, 2023: 6, 2024: 2}",Modelling cycles in climate series: The fractional sinusoidal waveform process | Sieve bootstrap inference for linear time-varying coefficient models
131852005,European Financial Management,23,4,8,2015,2017,2,2016,1,"{2015: 1, 2016: 2, 2017: 5}",<i>Retracted</i>: Portfolio Allocation and Asset Returns in an OLG Economy with Increasing Risk Aversion
129650269,Open Economies Review,21,2,7,2008,2010,2,2009,1,"{2008: 4, 2009: 1, 2010: 2}",Canada and the IMF: Trailblazer or Prodigal Son?
44376543,Business & Society,53,2,7,2012,2014,2,2013,1,"{2012: 3, 2013: 3, 2014: 1}",Editorial Announcement
107036887,Asia Pacific Journal of Management,26,2,10,2007,2009,2,2008,1,"{2007: 2, 2008: 7, 2009: 1}",APJM’s first Best Paper Award
2764516016,European journal of training and development,46,3/4,5,2020,2022,2,2021,1,"{2020: 3, 2021: 1, 2022: 1}",Challenges faced by youth social entrepreneurs in Malaysia: career transition to become a social entrepreneur
102949365,Strategic Management Journal,38,2,19,2015,2017,2,2016,1,"{2015: 15, 2016: 1, 2017: 3}",Response pattern analysis: Assuring data integrity in extreme research settings
151705444,Journal of Management Studies,48,5,8,2009,2011,2,2010,1,"{2009: 2, 2010: 5, 2011: 1}",Firms as Systems of Interdependent Choices
172526255,Finance and Stochastics,17,2,7,2011,2013,2,2012,1,"{2011: 1, 2012: 5, 2013: 1}",The dual optimizer for the growth-optimal portfolio under transaction costs
87745625,International Journal of Management Reviews,12,2,5,2008,2010,2,2009,1,"{2008: 3, 2009: 1, 2010: 1}",The Determinants of Retail Productivity: A Critical Review of the Evidence
2765038058,Human Systems Management,42,5,9,2021,2023,2,2022,1,"{2021: 1, 2022: 5, 2023: 3}",Retraction to: Mediation role of job satisfaction analysis on the effect of psychological ownership and organizational citizenship behavior
185905316,The Journal of Technology Transfer,43,5,12,2016,2018,2,2017,1,"{2016: 6, 2017: 5, 2018: 1}",Mapping the conceptual structure of science and technology parks
111496547,Scottish Journal of Political Economy,69,1,6,2020,2022,2,2021,1,"{2020: 2, 2021: 3, 2022: 1}",Special issue on the economics of the Middle East and North Africa
4210240690,Journal of Asian Business and Economic Studies,29,2,5,2020,2022,2,2021,1,"{2020: 1, 2021: 2, 2022: 2}",Motivations of guests contributing sWOM on social media: a case in Vietnam
166264140,Emerging Markets Finance and Trade,57,2,17,2018,2020,2,2019,1,"{2018: 3, 2019: 13, 2020: 1}",Listing Effect in Acquirer Returns and Economic Growth Uncertainty in the Target Country: The Case of Cross-border M&amp;A from Emerging Economies
4210171597,Accounting and Finance,54,2,13,2012,2014,2,2013,1,"{2012: 4, 2013: 7, 2014: 2}",Fifty years of finance research in the <scp>A</scp>sia <scp>P</scp>acific <scp>B</scp>asin | Vale to Colin Brian Ferguson 1949–2014
125273398,The Quarterly Review of Economics and Finance,48,3,10,2006,2008,2,2007,1,"{2006: 5, 2007: 1, 2008: 4}",The term structure of interest rates in a pure exchange economy where investors have heterogeneous recursive preferences
57667410,Annals of Operations Research,297,1-2,16,2019,2021,2,2020,1,"{2019: 6, 2020: 9, 2021: 1}","Preface: neural networks, nonlinear dynamics, and risk management in banking and finance"
197396629,The British Accounting Review,55,3,8,2021,2023,2,2022,1,"{2021: 1, 2022: 5, 2023: 2}",The blindfold witness? An accountant's response to slavery and atrocity in the Devil's Paradise
2764541937,Journal of Economics and Development,24,4,6,2020,2022,2,2021,1,"{2020: 1, 2022: 5}",Credit composition and income inequality in Vietnam: an empirical analysis
61446109,Human Relations,74,6,6,2019,2021,2,2020,1,"{2019: 3, 2020: 2, 2021: 1}",Contesting Social Responsibilities of Business: Experiences in Context
61446109,Human Relations,74,2,7,2019,2021,2,2020,1,"{2019: 1, 2020: 5, 2021: 1}",On the dynamics of failure in organizational change: A dialectical perspective
57667410,Annals of Operations Research,342,2,9,2022,2024,2,2023,1,"{2022: 1, 2023: 4, 2024: 4}",Can government policies help to achieve the pollutant emissions information disclosure target in the Industry 4.0 era?
139232146,Personnel Review,53,5,13,2022,2024,2,2023,1,"{2022: 1, 2023: 11, 2024: 1}",Should I pet or should I work? Human-animal interactions and (tele)work engagement: an exploration of the underlying within-level mechanisms
9435936,Long Range Planning,47,6,4,2012,2014,2,2013,1,"{2012: 1, 2013: 2, 2014: 1}",Preferences and Performance of International Strategies in Retail Sectors: An Empirical Study
84664706,Personnel Psychology,76,3,11,2021,2023,2,2022,1,"{2021: 1, 2022: 6, 2023: 4}",Digital connectivity for work after hours: Its curvilinear relationship with employee job performance
138400101,Managerial and Decision Economics,38,3,13,2015,2017,2,2016,1,"{2015: 7, 2016: 5, 2017: 1}",A Study of Effective Financial Support for SMEs to Improve Economic and Employment Conditions: Evidence from OECD Countries
4210168091,The Journal of Law Economics and Organization,29,3,8,2011,2013,2,2012,1,"{2011: 7, 2013: 1}",Occasionally Libertarian: Experimental Evidence of Self-Serving Omission Bias
85739584,Journal of Applied Econometrics,29,2,10,2012,2014,2,2013,1,"{2012: 2, 2013: 6, 2014: 2}",TIME VARIATION IN THE DYNAMICS OF WORKER FLOWS: EVIDENCE FROM NORTH AMERICA AND EUROPE | STATE DEPENDENCE AND HETEROGENEITY IN HEALTH USING A BIAS‐CORRECTED FIXED‐EFFECTS ESTIMATOR
108845946,Economica,85,338,8,2016,2018,2,2017,1,"{2016: 4, 2017: 3, 2018: 1}",Coase Lecture – The Glass Ceiling
174413665,Review of Income and Wealth,62,1,11,2014,2016,2,2015,1,"{2014: 9, 2015: 1, 2016: 1}",Review of JosephFishkin's Bottlenecks: A New Theory of Equal Opportunity
131852005,European Financial Management,17,2,8,2009,2011,2,2010,1,"{2009: 6, 2010: 1, 2011: 1}",Financial Research in the European Region: a Long‐Term Assessment (1990–2008)
132950052,Journal of Interdisciplinary Economics,33,2,6,2019,2021,2,2020,1,"{2019: 1, 2020: 2, 2021: 3}",The Gender Gap in Market Work Hours Among Canadians: Examining Essential(ist) Linkages to Parenting Time and Household Labour Hours
171424506,European Accounting Review,29,1,8,2018,2020,2,2019,1,"{2018: 1, 2019: 3, 2020: 4}",Readability of Narrative Disclosures in 10-K Reports: Does Managerial Ability Matter?
27632631,Journal of Brand Management,16,7,8,2007,2009,2,2008,1,"{2007: 5, 2009: 3}","Taking brand initiative: How companies can align strategy, culture, and identity through corporate branding | The concept of brand experience"
86125002,Environmental and Resource Economics,61,1,8,2013,2015,2,2014,1,"{2013: 3, 2014: 3, 2015: 2}",On the Contributions of Colin Clark to Fisheries Economics | Special Issue: Mathematical bioeconomics and beyond: essays in honour of Colin Clark.
6013065,Journal of Management & Governance,28,1,11,2022,2024,2,2023,1,"{2022: 4, 2023: 6, 2024: 1}",Embracing pluralism in the governance discourse: reflections on past activities and paving the way for future ideas
82316188,European Journal of Finance,19,7-8,11,2011,2013,2,2012,1,"{2011: 5, 2012: 4, 2013: 2}",Real options – introduction to the state of the art | Valuation of a spark spread: an LM6000 power plant
174413665,Review of Income and Wealth,69,1,9,2021,2023,2,2022,1,"{2021: 5, 2022: 3, 2023: 1}",Martin Ravallion (1952–2022): In Memoriam
94552155,Organization & Environment,33,1,7,2018,2020,2,2019,1,"{2018: 4, 2019: 1, 2020: 2}",Introduction to the Special Issue on “Social Movements and Private Environmental Governance”
201037040,International Journal of Manpower,44,6,11,2021,2023,2,2022,1,"{2021: 1, 2022: 8, 2023: 2}","A data set of comparable estimates of the private rate of return to schooling in the world, 1970–2014"
201533460,Applied Economics,49,49,7,2015,2017,2,2016,1,"{2015: 1, 2017: 6}","High School Experiences, the Gender Wage Gap, and the Selection of Occupation"
57667410,Annals of Operations Research,167,1,18,2007,2009,2,2008,1,"{2007: 4, 2008: 13, 2009: 1}",Preface
66510378,Critical Perspectives on Accounting,20,7,9,2007,2009,2,2008,1,"{2007: 1, 2008: 4, 2009: 4}",Accounting for People: A real step forward or more a case of wishing and hoping?
4210218316,European Journal of Management and Business Economics,33,4,7,2022,2024,2,2023,1,"{2022: 2, 2024: 5}","Zooming into paternalistic leadership: evidence from high power distance culture | Connectedness between cryptocurrencies, gold and stock markets in the presence of the COVID-19 pandemic"
117778295,Academy of Management Journal,57,1,13,2012,2014,2,2013,1,"{2012: 1, 2013: 11, 2014: 1}",Abusive Supervision and Retaliation: A Self-Control Framework
6450948,Issues in Accounting Education,31,2,8,2014,2016,2,2015,1,"{2014: 4, 2015: 3, 2016: 1}",Editorial Policy
113497174,Human Resource Management Journal,21,4,7,2009,2011,2,2010,1,"{2009: 1, 2011: 6}",Retraction
116483603,Journal of Risk & Insurance,81,1,9,2012,2014,2,2013,1,"{2012: 2, 2013: 6, 2014: 1}","Developing Econometrics, by HengqingTong, T. KrishnaKumar, and YangxinHuang, 2011, West Sussex, UK: John Wiley &amp; Sons, Ltd., 486 pages. ISBN: 978‐0470681770."
2058785,Journal of money credit and banking,56,5,9,2022,2024,2,2023,1,"{2022: 1, 2023: 7, 2024: 1}","Liquidity, the Mundell–Tobin Effect, and the Friedman Rule"
42192170,International Tax and Public Finance,31,5,9,2022,2024,2,2023,1,"{2022: 1, 2023: 7, 2024: 1}",Too Complex to Digest? Federal Tax Bills and Their Processing in US Financial Markets
30207186,CESifo Economic Studies,62,4,6,2014,2016,2,2015,1,"{2014: 1, 2015: 2, 2016: 3}",Fixed-Term Employment and Fertility: Evidence from German Micro Data
23218617,Journal of International Trade & Economic Development,23,4,7,2012,2014,2,2013,1,"{2012: 3, 2013: 3, 2014: 1}",Best Paper Prize 2013
145200904,Health Economics,20,2,8,2009,2011,2,2010,1,"{2009: 2, 2010: 5, 2011: 1}",Twentieth European Workshop on Econometrics and Health Economics
43637407,R and D Management,47,4,13,2015,2017,2,2016,1,"{2015: 1, 2016: 8, 2017: 4}",Open evaluation of new product concepts at the front end of innovation: objectives and contingency factors
171491724,Journal of Economics and Finance,39,1,10,2012,2014,2,2013,1,"{2012: 5, 2013: 4, 2014: 1}",On the demand for smoking quitlines
49389958,Econometric Theory,38,5,6,2020,2022,2,2021,1,"{2020: 3, 2021: 2, 2022: 1}",GUEST EDITORS’ INTRODUCTION PART ONE: SPECIAL DUAL ISSUE OF <i>ECONOMETRIC THEORY</i> ON YALE 2018 CONFERENCE IN HONOR OF PETER C. B. PHILLIPS
4210226649,Competitiveness Review An International Business Journal incorporating Journal of Global Competitiveness,32,7,5,2020,2022,2,2021,1,"{2020: 1, 2021: 3, 2022: 1}",Opening up to startup collaborations: open business models and value co-creation in SMEs
74096415,Journal of Economic Policy Reform,25,2,6,2019,2021,2,2020,1,"{2019: 1, 2020: 3, 2021: 2}",Public-private partnership tendering periods: an international comparative analysis
5984737,Journal of Financial Intermediation,18,4,7,2007,2009,2,2008,1,"{2007: 1, 2008: 2, 2009: 4}",A reconsideration of the Jensen-Meckling model of outside finance
74096415,Journal of Economic Policy Reform,26,3,5,2021,2023,2,2022,1,"{2021: 1, 2022: 2, 2023: 2}",Cyberspace and the protection of critical national infrastructure
57667410,Annals of Operations Research,333,1,19,2022,2024,2,2023,1,"{2022: 2, 2023: 14, 2024: 3}",Testing the animal spirits theory for ethical investments: further evidence from aggregated and disaggregated data | Financial and energy exchange traded funds futures: an evidence of spillover and portfolio hedging
158451771,Journal of Marketing Communications,24,1,7,2015,2017,2,2016,1,"{2015: 4, 2016: 2, 2017: 1}","Diversity, Dimensionality, Distinctiveness"
43415676,Journal of Strategic Marketing,28,3,5,2017,2019,2,2018,1,"{2017: 1, 2018: 3, 2019: 1}",The moderating effect of brand orientation on inter-firm market orientation and performance
160573970,Journal of Organizational Behavior,38,2,7,2015,2017,2,2016,1,"{2015: 3, 2016: 2, 2017: 2}","Where there is light, there is dark: A review of the detrimental outcomes of high organizational identification | The selection, optimization, and compensation model in the work context: A systematic review and meta‐analysis of two decades of research"
205793605,Business Strategy and the Environment,16,8,5,2005,2007,2,2006,1,"{2005: 2, 2006: 2, 2007: 1}",Bringing the needs of the poor into the BOP debate
79175213,Journal of Financial Services Research,66,2,4,2022,2024,2,2023,1,"{2022: 3, 2024: 1}",Bank Market Value and Loan Supply
70698675,Technovation,24,8,8,2002,2004,2,2003,1,"{2002: 3, 2003: 1, 2004: 4}",A domain-based reference model for the conceptualization of factory loading allocation problems in multi-site manufacturing supply chains
4210226649,Competitiveness Review An International Business Journal incorporating Journal of Global Competitiveness,32,2,6,2020,2022,2,2021,1,"{2020: 3, 2021: 2, 2022: 1}",Book review
44376543,Business & Society,55,6,5,2014,2016,2,2015,1,"{2014: 3, 2015: 1, 2016: 1}",Strategic Philanthropy
30207186,CESifo Economic Studies,59,3,7,2011,2013,2,2012,1,"{2011: 1, 2012: 3, 2013: 3}",A Fiscal Union for the Euro: Some Lessons from History
134988049,Econometric Reviews,38,7,6,2016,2018,2,2017,1,"{2016: 1, 2017: 2, 2018: 3}",Revisiting the Transitional Dynamics of Business-Cycle Phases with Mixed Frequency Data
42192170,International Tax and Public Finance,19,6,6,2010,2012,2,2011,1,"{2010: 1, 2011: 2, 2012: 3}","Economic conditions, enforcement, and criminal activities in the district of Abidjan"
187626162,Entrepreneurship Theory and Practice,41,5,8,2015,2017,2,2016,1,"{2015: 1, 2016: 5, 2017: 2}","Borjo Coffeehouse: Franchise, Independence, and Starbucks"
149070780,Production and Operations Management,35,1,7,2022,2024,2,2023,1,"{2022: 2, 2023: 3, 2024: 2}",Industry 4.0 Technologies: Empirical Impacts and Decision Framework | Newsvendors with Customer Referrals
205793605,Business Strategy and the Environment,16,4,5,2005,2007,2,2006,1,"{2005: 3, 2006: 1, 2007: 1}",Time horizons of environmental versus non‐environmental costs: evidence from US tort lawsuits
