community,community_size,source_name,unit_idx,v_0110,v_1000,a_p
0,878,Journal of Interactive Marketing,92709572,4.432044002222787,3.1957297485273606,74.0
0,878,Business Ethics A European Review,79007945,3.071522635141727,2.2004929091561003,38.0
0,878,Family Business Review,196919950,2.5938324111992506,1.756362379654206,88.0
0,878,California Management Review,172782825,2.5325798875206837,1.499843160927399,131.0
0,878,International Journal of Management Reviews,87745625,2.502696535905795,1.4185934746744637,145.0
0,878,Journal of service management,107183665,2.247353613291413,1.0694570391925,220.0
0,878,Human Resource Management Review,185253248,2.1325644749107564,1.4003310249529888,159.0
0,878,Human Resource Management Journal,113497174,1.967155680395814,1.1684360079780662,269.0
0,878,BuR - Business Research,956737788,1.9498886074678228,0.6763038704939341,31.0
0,878,Journal of Business Research,93284759,1.940675163745322,0.9135883905664484,3572.0
0,878,Industrial Marketing Management,31748134,1.9184154081741809,0.8770087078344311,946.0
0,878,International Business Review,23343376,1.8644908638241326,0.9350803106997976,408.0
0,878,Journal of Family Business Strategy,118119388,1.848713284681817,0.9181151161609454,135.0
0,878,Critical Perspectives on Accounting,66510378,1.8159123514930895,0.9111234979937902,251.0
0,878,International Journal of Operations & Production Management,164321952,1.6493836865642686,0.6398350479217557,454.0
0,878,International Journal of Contemporary Hospitality Management,125977778,1.6308716386029256,0.726291197398548,1022.0
0,878,Accounting Auditing & Accountability Journal,4210224324,1.5789385502485567,0.6484094411110419,486.0
0,878,Psychology and Marketing,102896891,1.5219371132498605,0.6995949079178627,776.0
0,878,International Journal of Hospitality Management,148599315,1.4984204374201946,0.6317627791411806,1174.0
0,878,Journal of Small Business Management,78792899,1.4967497821912785,0.5995820896598556,352.0
0,878,Review of Corporate Finance,4210235420,1.4824528985670777,1.0961675757456915,65.0
0,878,Business Strategy and the Environment,205793605,1.4807843905149973,0.5969718963497312,1584.0
0,878,Journal of Hospitality Marketing & Management,118298121,1.4784480390190955,0.6368037730942705,211.0
0,878,Schmalenbach Business Review,4210207936,1.4615367297947885,0.702633950994927,24.0
0,878,Journal of Purchasing and Supply Management,55239356,1.4451551786937675,0.44298977285543617,152.0
0,878,International Small Business Journal Researching Entrepreneurship,107859553,1.4120647146692795,0.6039160151284317,214.0
0,878,Journal of Retailing and Consumer Services,25235501,1.405754684666349,0.6185500864078468,1740.0
0,878,Foundations and Trends® in Entrepreneurship,73201759,1.397265791339928,1.026247289632551,32.0
0,878,Australasian Marketing Journal (AMJ),11782782,1.393227974318288,0.5699525468994912,205.0
0,878,Journal of Research in Interactive Marketing,45224653,1.3493691149752896,0.596431456725486,236.0
0,878,European Journal of Marketing,89389284,1.3436729615150982,0.6175183409872418,582.0
0,878,Supply Chain Management An International Journal,59007373,1.3160975676770525,0.48195478283949983,256.0
0,878,Journal of International Management,960608072,1.3149790525324607,0.7212257668667331,281.0
0,878,Journal of Behavioral and Experimental Finance,2764372386,1.2918690773660637,0.6269884557815336,417.0
0,878,International Journal of Consumer Studies,173807628,1.2877060206521729,0.4907019235811656,503.0
0,878,Production Planning & Control,165057322,1.2863278436542611,0.47938284825322564,536.0
0,878,Technovation,70698675,1.2845309309230994,0.48025575053164643,632.0
0,878,International Journal of Accounting Information Systems,38901890,1.2651486156296061,0.4008213422832377,110.0
0,878,Business Horizons,113237667,1.252335775300308,0.5175684054743693,238.0
0,878,Journal of Macromarketing,35298862,1.2431757393358551,0.9418471648184434,256.0
0,878,Journal of Marketing Management,14291815,1.239413844594295,0.5574619124848268,384.0
0,878,Research-Technology Management,152897404,1.186686246984165,0.3383658331607289,7.0
0,878,Journal of Marketing Education,153861934,1.1798984912585566,0.3246740491462422,119.0
0,878,Journal of Public Budgeting Accounting & Financial Management,2912564958,1.1635325317172724,0.38762425196223105,214.0
0,878,Journal of Intellectual Capital,191556934,1.1462105807180976,0.4306293851351399,263.0
0,878,Journal of Knowledge Management,50631486,1.14575642185894,0.4597532792391459,653.0
0,878,Service Industries Journal,49331332,1.106694601631361,0.4650022830545027,215.0
0,878,Entrepreneurship and Regional Development,22247924,1.091229941656759,0.47121439586922537,249.0
0,878,International journal of information systems and project management,2737541009,1.0903167587561962,0.7849658659687598,154.0
0,878,R and D Management,43637407,1.0879058148381808,0.3956691872704005,287.0
0,878,Financial Accountability and Management,178634671,1.0864117703742053,0.34688037591672827,158.0
0,878,European Management Journal,105567970,1.082526217143536,0.46161670053749365,411.0
0,878,Journal of Accounting Education,6243863,1.0822107872002749,0.336149578058773,110.0
0,878,Journal of Services Marketing,180851279,1.0780589406487073,0.5067292860469566,364.0
0,878,The Journal of Technology Transfer,185905316,1.074789481909198,0.4335741092563525,385.0
0,878,The British Accounting Review,197396629,1.0613676986429126,0.3968036400315169,278.0
0,878,International Journal of Physical Distribution & Logistics Management,41302103,1.0454430120446394,0.3070107201429702,207.0
0,878,Accounting in Europe,31181851,1.0325251886095967,0.4492419448589218,86.0
0,878,Australian Accounting Review,144747835,1.0300470199021448,0.26553330321254115,96.0
0,878,International Entrepreneurship and Management Journal,36547454,1.0203852087085707,0.3560966754232445,420.0
0,878,Accounting Education,169699294,1.0174096548727858,0.3181469202507394,181.0
0,878,Journal of Product & Brand Management,58171247,1.016060635724267,0.4222203325470457,351.0
0,878,Journal of Policy Modeling,81022070,1.014508971323105,0.5838315930146942,321.0
0,878,The Journal of Risk,4210171086,1.0092745025247656,0.7558622674916015,12.0
0,878,Cornell Hospitality Quarterly,140551370,1.0077746332964355,0.29437526409654435,174.0
0,878,International Journal of Entrepreneurial Behaviour & Research,170231156,1.0049876997374343,0.3070971364573285,524.0
0,878,Creativity and Innovation Management,132285554,1.001270785031404,0.35428667948305803,255.0
0,878,Triple Helix Journal,2738087221,1.0010644435127032,0.15061559089535836,58.0
0,878,Journal of Strategic Marketing,43415676,0.9901041926076609,0.36293358588092306,274.0
0,878,Journal of Service Theory and Practice,4210224898,0.9853970956020539,0.4454775244374674,172.0
0,878,Corporate Social Responsibility and Environmental Management,12818680,0.978241216855543,0.32657543534919553,1110.0
0,878,International Journal of Gender and Entrepreneurship,4162551,0.9748986630681253,0.3583068600743275,107.0
0,878,Review of Managerial Science,203071086,0.9741804576898802,0.3382446277248779,439.0
0,878,Social Marketing Quarterly,182227784,0.9548781573188124,0.37708011981699996,90.0
0,878,Management International Review,128478731,0.9477799325883747,0.4424644320831964,144.0
0,878,Qualitative Research in Accounting & Management,76239586,0.9469621337416168,0.3044985537891307,131.0
0,878,Journal of Brand Management,27632631,0.9465595353433501,0.3496359707059547,177.0
0,878,Journal of Property Research,23257470,0.9431780567182487,0.2653309893232148,83.0
0,878,Journal of Post Keynesian Economics,151404345,0.933750157787731,0.33401709158447557,18.0
0,878,Managerial Auditing Journal,136661304,0.9326004907114054,0.2796695855524285,194.0
0,878,Journal of Global Fashion Marketing,2764400943,0.9240338869476469,0.26361843357044246,132.0
0,878,The Journal of Investment Strategies,4210195752,0.9190176614579836,0.07808832663752718,4.0
0,878,Journal of Competitiveness,4210186250,0.9176411071950364,0.2775205354162398,90.0
0,878,Accounting Forum,131296671,0.9164198796560009,0.27842812925020544,135.0
0,878,The International Journal of Logistics Management,97048498,0.9152631849811558,0.26964059384601874,349.0
0,878,BRQ Business Research Quarterly,2898409089,0.9120710557233754,0.3971268840404921,148.0
0,878,European Management Review,172313144,0.9106638708389612,0.34162785367569193,294.0
0,878,Journal of Hospitality and Tourism Management,187788904,0.9078147014814395,0.35779434802532323,822.0
0,878,Entrepreneurship Education and Pedagogy,4210233507,0.9008725443138628,0.16444720798312107,151.0
0,878,Eurasian Economic Review,2764805720,0.8975581599351763,0.3736488991567608,132.0
0,878,Economic Notes,206364101,0.8889618734679554,0.36946826230389884,62.0
0,878,Journal of Small Business & Entrepreneurship,2764810659,0.8872624341826798,0.2771712253178709,160.0
0,878,Journal of International Accounting Auditing and Taxation,132432621,0.8855496207465291,0.2612391215781656,166.0
0,878,Journal of Enterprise Information Management,141478581,0.8844642234297851,0.3173703830956169,354.0
0,878,Journal of Sustainable Finance & Investment,4210206470,0.883106244171102,0.3043773916106918,253.0
0,878,Marketing Education Review,67177122,0.8811643463579215,0.19718554345382286,141.0
0,878,Technology Innovation Management Review,2764884217,0.8795250333595079,0.3461375999074902,23.0
0,878,Management Review Quarterly,4210189013,0.8780491554629332,0.35670285509341326,286.0
0,878,Career Development International,182336501,0.8761491153676209,0.39626828785161744,190.0
0,878,Journal of Advertising Research,61992289,0.8670214518922188,0.48771102775555014,132.0
0,878,Journal of Property Investment and Finance,136999626,0.865971556869546,0.17152933721614336,154.0
0,878,International Marketing Review,35673206,0.8613493132151617,0.3402599553698115,253.0
0,878,Journal of International Entrepreneurship,175138789,0.8482652606773805,0.2637092751451143,105.0
0,878,Journal of Manufacturing Technology Management,144472306,0.8398633546015251,0.2585131766817179,343.0
0,878,Journal of Fashion Marketing and Management,191114782,0.8383888367641845,0.2228341543047968,249.0
0,878,International Journal of Retail & Distribution Management,65353606,0.8313366676519195,0.2820353372184628,388.0
0,878,Cross Cultural & Strategic Management,4210210387,0.8304976480641222,0.3425687086166055,165.0
0,878,International Journal of Auditing,152372256,0.830365609094817,0.29739408414649854,153.0
0,878,Journal of Air Transport Management,99242495,0.8297743043090806,0.28112072204757255,539.0
0,878,Journal of Marketing for HIGHER EDUCATION,40814766,0.827816776664772,0.1579059042714362,153.0
0,878,The International journal of accounting/International journal of accounting,4210202311,0.824206639819741,0.2800905623184355,111.0
0,878,The Journal of Marketing Theory and Practice,42468459,0.8175977131378812,0.3103209323758,208.0
0,878,Corporate Governance,173789977,0.8144001731829339,0.24161120350580012,403.0
0,878,Journal of Economic Structures,2736629167,0.8138091576881681,0.32179274980255745,149.0
0,878,European Business Review,94775995,0.812946548887973,0.2646734877858218,229.0
0,878,International Journal of Accounting and Information Management,86375777,0.8083877172134944,0.24299683806622321,189.0
0,878,Journal of Business and Industrial Marketing,119587767,0.8047532409587742,0.31737015410143926,814.0
0,878,European Research on Management and Business Economics,2898275063,0.795121943784706,0.24993980099956983,127.0
0,878,Journal of Management Analytics,4210210207,0.7932053022241814,0.29986744127805465,111.0
0,878,Multinational Business Review,2764892107,0.7912027256590296,0.41900155842808817,125.0
0,878,Meditari Accountancy Research,4210222895,0.791038276002141,0.2197370615876386,368.0
0,878,Journal of Global Marketing,121852782,0.7874022844489258,0.2665053994349843,115.0
0,878,Journal of Social Marketing,2764583656,0.7868579709690917,0.26166253326727007,128.0
0,878,Journal of Hospitality & Tourism Research,42678134,0.7853780143293492,0.25005320165882655,453.0
0,878,Personnel Review,139232146,0.7850978338352814,0.35275088642559455,539.0
0,878,International Journal of Bank Marketing,170810187,0.7841648851609805,0.2137888905290345,355.0
0,878,Journal of Promotion Management,203223212,0.781979021618321,0.2821891095681392,214.0
0,878,Journal of Industrial and Business Economics,4306508649,0.7795974216517868,0.355260185920527,168.0
0,878,Action Learning Research and Practice,60010591,0.7633551899981365,0.4740478198852139,129.0
0,878,Sustainability Accounting Management and Policy Journal,183939566,0.7558566409672323,0.22603872248363377,263.0
0,878,Journal of Management & Governance,6013065,0.7476040463329536,0.2927323446621105,220.0
0,878,Journal of Co-operative Organization and Management,2898493639,0.7463428270621002,0.1700734079507564,72.0
0,878,Journal of Asian Finance Economics and Business,4210232956,0.7385173237079257,0.565932412916172,454.0
0,878,Journal of Humanitarian Logistics and Supply Chain Management,4210172729,0.7369899359688747,0.2630510120121723,122.0
0,878,International Economics,2764850437,0.7360542839236671,0.41558139217377965,254.0
0,878,Journal of Consumer Behaviour,41958068,0.7347185882722035,0.28697487589849063,591.0
0,878,The International Journal of Management Education,135394783,0.7335665480520854,0.1812950427599317,507.0
0,878,Journal of Management Control,4210176106,0.7117603284496864,0.20303049848159685,87.0
0,878,The Geneva Papers on Risk and Insurance Issues and Practice,151491554,0.7105788083707881,0.2874322928371558,163.0
0,878,Accounting History,91781374,0.7069550291899801,0.2166504892086991,120.0
0,878,International Journal of Market Research,162526994,0.700745158336467,0.21769800577319026,188.0
0,878,Journal of Management Development,204305389,0.7001712174192055,0.21840740500244293,168.0
0,878,European Journal of Innovation Management,90149737,0.6992236988984669,0.22840398673399254,575.0
0,878,Journal of Work and Organizational Psychology,2898581472,0.6990853672401721,0.2674266682708976,87.0
0,878,Journal of Central Banking Theory and Practice,2737155129,0.6966781673059749,0.19157265405383275,129.0
0,878,Information Systems Management,124504522,0.6865057009340453,0.20269471241576179,141.0
0,878,Accounting Research Journal,98234996,0.6863692440700088,0.18759333992800137,176.0
0,878,Management Decision,154010748,0.6700425074087913,0.2626745520298945,821.0
0,878,Central Bank Review,4210184829,0.6629092495551331,0.22871600941384948,60.0
0,878,Supply Chain Forum an International Journal,4210188437,0.6497634622339552,0.15906580261664746,167.0
0,878,Qualitative Market Research An International Journal,139289085,0.6479309921881119,0.2200159101293745,180.0
0,878,Service Business,3409213,0.6477111264371255,0.21128332298111197,152.0
0,878,Asia Pacific Management Review,2764726166,0.6473143732771723,0.17220208605403636,152.0
0,878,Journal of Applied Accounting Research,144250037,0.6469037847167786,0.15682409362070648,231.0
0,878,The TQM Journal,48957891,0.6460738255129629,0.15809631612211744,591.0
0,878,International Journal of Manpower,201037040,0.6447638206628236,0.2345370067223199,384.0
0,878,Sustainable Technology and Entrepreneurship,4220650898,0.6394844572844378,0.28889195106209853,61.0
0,878,Strategic Change,141901250,0.6393728959370748,0.2088238214603248,242.0
0,878,Journal of Business and Socio-economic Development,4210211088,0.6380176768636424,0.15940161289630617,69.0
0,878,ACRN Journal of Finance and Risk Perspectives,4210186880,0.6364035889104541,0.1281313553876066,31.0
0,878,Corporate Communications An International Journal,193408319,0.6324314097725557,0.11210813035031172,254.0
0,878,Journal of Small Business and Enterprise Development,3354691,0.6279973057838263,0.16390144726043554,301.0
0,878,European journal of training and development,2764516016,0.618950405467062,0.23652271802163008,250.0
0,878,Journal of Accounting & Organizational Change,161977297,0.61811737751728,0.2045158326080814,197.0
0,878,Australian Journal of Management,177092143,0.6154634384386347,0.22905776095721692,196.0
0,878,Spanish Journal of Marketing - ESIC,2898402987,0.6106280394469696,0.21069704346293852,120.0
0,878,Marketing Intelligence & Planning,29817978,0.6102235786280966,0.2217124882564012,298.0
0,878,Journal of Accounting in Emerging Economies,4210169731,0.6096202364565638,0.14268021047339152,180.0
0,878,Journal of International Consumer Marketing,148814761,0.6089208080904722,0.2029888308213119,165.0
0,878,Journal of Consumer Marketing,165789823,0.6084286654288975,0.2579932205703027,306.0
0,878,Journal of Hospitality & Tourism Education,4210230881,0.6069213664347975,0.06966170516219278,142.0
0,878,The Journal of Economic Asymmetries,2764587561,0.6062813976054131,0.19863783109832572,175.0
0,878,Journal of Management History,148189957,0.6035246241630211,0.14356751677787966,141.0
0,878,Global Journal of Flexible Systems Management,2764879640,0.6030648447097553,0.14040472715135593,182.0
0,878,Venture Capital,34941771,0.6017140170188777,0.3005997022744008,104.0
0,878,Margin The Journal of Applied Economic Research,7006481,0.5961823935437471,0.20985859952878616,15.0
0,878,International Journal of Engineering Business Management,2764773172,0.5943396517966518,0.13588713195575935,119.0
0,878,Global Business and Organizational Excellence,55433255,0.589796970244857,0.1509645787175853,128.0
0,878,Knowledge Management Research & Practice,192723185,0.5853887835399737,0.1883068294165947,295.0
0,878,Journal of Organizational Change Management,197145128,0.5843281388324004,0.19884819433845397,316.0
0,878,Journal of Food Products Marketing,39332106,0.5840504363550617,0.1797311001196694,105.0
0,878,Journal of strategy and management,14764538,0.5830654655100397,0.20312733126619786,183.0
0,878,The Journal of Risk Finance,61561007,0.581528799409767,0.20655381516988067,148.0
0,878,International Journal of Fashion Design Technology and Education,160156518,0.5756665301901999,0.07399048107101432,217.0
0,878,Social and Environmental Accountability Journal,2764680368,0.5726359601262425,0.237422325804547,119.0
0,878,Modern Supply Chain Research and Applications,4210202938,0.5706496892629006,0.17489820931163222,66.0
0,878,Benchmarking An International Journal,20489460,0.5679838229314952,0.16197952412222244,714.0
0,878,Journal of Asian Business and Economic Studies,4210240690,0.5677782431854386,0.1766169080865927,82.0
0,878,Thunderbird International Business Review,49396926,0.5657446569171855,0.17159109114279736,238.0
0,878,International Journal of Management Science and Engineering Management,2764415137,0.5655373884699993,0.09584129035018246,115.0
0,878,Entrepreneurship Research Journal,2764465404,0.5641215791927559,0.18885129739608483,167.0
0,878,Journal of European real estate research,58276920,0.5637875346393039,0.10877282238953412,102.0
0,878,Journal of Evolutionary Economics,121026525,0.5628967605886106,0.3319551799940959,211.0
0,878,International Journal of Lean Six Sigma,152972827,0.556500441397706,0.11358286511491299,262.0
0,878,Journal of Revenue and Pricing Management,58438227,0.5546392319419529,0.17892393859924682,206.0
0,878,Journal of Family Business Management,2765013869,0.5514805304479301,0.18954250858517932,277.0
0,878,Journal of Workplace Learning,161695446,0.5504750151095813,0.15244680381196332,225.0
0,878,Management Research The Journal of the Iberoamerican Academy of Management,4210175454,0.5449180152168661,0.22167690552937036,82.0
0,878,Journal of Agribusiness in Developing and Emerging Economies,4210198543,0.5448466543314062,0.15307373738209035,274.0
0,878,Competitiveness Review An International Business Journal incorporating Journal of Global Competitiveness,4210226649,0.5444761505940114,0.1670838110242439,254.0
0,878,Asia Pacific Journal of Marketing and Logistics,191031105,0.5441809310432996,0.16176532886594752,640.0
0,878,Annals of Public and Cooperative Economics,4394735553,0.5434263888901099,0.17089699331735056,186.0
0,878,Journal of Economics and Development,2764541937,0.5397644673000974,0.15670878216445824,93.0
0,878,Operations Management Research,62905163,0.5346650688116791,0.1823197590064833,336.0
0,878,Journal of Decision System,119153320,0.5346359203505552,0.14869962602924838,235.0
0,878,International Journal of Productivity and Performance Management,157600745,0.5317731408215783,0.15411149215033437,615.0
0,878,Journal of Hospitality Leisure Sport & Tourism Education,137554564,0.5315010887276417,0.08873791872683076,174.0
0,878,Review of Behavioral Finance,35075559,0.5310915090980297,0.17088368079660513,178.0
0,878,World Journal of Science Technology and Sustainable Development,4210184227,0.5305532948199142,0.14756648691339166,36.0
0,878,Journal of Environmental Economics and Policy,2764883386,0.5298236010113335,0.24794584544458378,111.0
0,878,Baltic Journal of Management,153849593,0.5296426414378127,0.177072480359396,185.0
0,878,IEEE Engineering Management Review,60973665,0.5289528665384046,0.11005185192673465,358.0
0,878,Eurasian economic review :,4210169982,0.5262179135501518,0.16737310350713214,133.0
0,878,Total Quality Management & Business Excellence,4210181832,0.5240776131428971,0.13558637191412018,289.0
0,878,The Learning Organization,102624508,0.5217243776295307,0.21155835994194294,225.0
0,878,EuroMed Journal of Business,164338815,0.5206250493766283,0.14783110109762918,225.0
0,878,Journal of Marketing Communications,158451771,0.517953223704141,0.16195728558662062,227.0
0,878,Measuring Business Excellence,34649780,0.5176934088802647,0.14292648891395895,141.0
0,878,International Journal of Wine Business Research,187179583,0.5176167919759812,0.10547696701425933,129.0
0,878,Journal of Entrepreneurship in Emerging Economies,4210216222,0.5156139773158381,0.14423778918293492,290.0
0,878,Journal of Historical Research in Marketing,107261186,0.5125712133222576,0.1553520167364477,70.0
0,878,Journal of Business Strategy,1558358,0.5089258807383863,0.20823216990888868,187.0
0,878,The International Review of Retail Distribution and Consumer Research,4210205650,0.5006793625372293,0.134707540768281,141.0
0,878,Knowledge and Process Management,37738278,0.500185314583434,0.13603647301202007,147.0
0,878,Post-Communist Economies,151220816,0.499021270148949,0.15170622691742572,190.0
0,878,Asia Pacific Journal of Innovation and Entrepreneurship,4210193709,0.49615326836007284,0.12481240015309059,72.0
0,878,Journal of Asia Business Studies,202264103,0.4951893318302045,0.15234884317560168,248.0
0,878,Operations and Supply Chain Management An International Journal,4210226436,0.494276747718411,0.11051107782590415,183.0
0,878,Transnational Corporation Review,2764639155,0.49222854283606554,0.13461777213380374,138.0
0,878,Social enterprise journal,68817889,0.48806558398256994,0.10481986593652831,159.0
0,878,Africa Journal of Management,4210168767,0.4854929697470177,0.13306114509728906,107.0
0,878,Journal of Open Innovation Technology Market and Complexity,4210222123,0.4840509837790902,0.13262400524074128,956.0
0,878,International Journal of Emerging Markets,116345831,0.4837253889413022,0.1558991285852614,879.0
0,878,Journal of Global Operations and Strategic Sourcing,4210177123,0.4809760408138978,0.1089555881052182,128.0
0,878,Journal of Social Entrepreneurship,124851215,0.48071044224274917,0.12356833156500453,201.0
0,878,Journal of Economic Studies,158705510,0.47985263597188205,0.16141292828466045,484.0
0,878,Journal of risk and financial management,4210217951,0.4790824888681822,0.15521889372760503,2434.0
0,878,Oeconomia Copernicana,2738677470,0.4769929632340246,0.1470698106081479,170.0
0,878,Organization Management Journal,68754933,0.47667104385621256,0.16936778706461872,59.0
0,878,Journal of Enterprising Communities People and Places in the Global Economy,4210171430,0.47599774323465827,0.1215291449869424,228.0
0,878,Young Consumers Insight and Ideas for Responsible Marketers,46472734,0.4747829314230235,0.10219139423507628,179.0
0,878,Journal of Teaching in Travel & Tourism,154838382,0.47254721354930385,0.0567625872496781,108.0
0,878,Society and Business Review,178563901,0.47240856357546923,0.15619437331706773,133.0
0,878,Journal of Organizational Effectiveness People and Performance,4210188240,0.47141011926772325,0.13079296269613847,191.0
0,878,Quality Management Journal,2764812334,0.4668780560979951,0.17858852156604882,74.0
0,878,Journal of Global Scholars of Marketing Science,2764580720,0.46228314861066455,0.19513195252482696,161.0
0,878,International Journal of Managerial Finance,79989894,0.46133626185116816,0.12221474672896311,197.0
0,878,Business Process Management Journal,2508752,0.45992940231015583,0.12682271995598074,464.0
0,878,Journal of Teaching in International Business,187295728,0.4568819845637961,0.10056990357171514,56.0
0,878,PSU Research Review,4210188424,0.4566627826506078,0.10063387126656743,79.0
0,878,Risks,4210214252,0.4540356452345062,0.13139657091226303,945.0
0,878,World Journal of Entrepreneurship Management and Sustainable Development,4210181022,0.4477878631681103,0.11487490122177589,74.0
0,878,Asia-Pacific Journal of Business Administration,38196630,0.44735937864362346,0.11403442522845891,197.0
0,878,Cleaner Logistics and Supply Chain,4210223519,0.44591193005904417,0.1421886753157234,146.0
0,878,Review of Accounting and Finance,95074589,0.4454739604486826,0.1435642582168115,106.0
0,878,Business and Society Review,155589366,0.44523553414132494,0.1628807201892079,144.0
0,878,Studies in Economics and Finance,141165859,0.4446420588534441,0.11043420089427694,210.0
0,878,Journal of Hospitality and Tourism Insights,4210226067,0.4436359386125681,0.12744626760820746,431.0
0,878,Journal of Creating Value,4210183343,0.44294820059841933,0.11127509850472712,75.0
0,878,International Journal of Quality and Service Sciences,103309803,0.4399567685267334,0.13763498433491908,136.0
0,878,Asian Review of Accounting,164507624,0.43944792349732875,0.0837061423728455,159.0
0,878,Markets Globalization & Development Review,4210186721,0.43651711607352767,0.046683855551680524,38.0
0,878,Pacific Accounting Review,66624660,0.43378972023904305,0.11175853038689948,149.0
0,878,South Asian Journal of Business Studies,4210181806,0.433099182155511,0.12740852169271719,110.0
0,878,International Journal of Islamic and Middle Eastern Finance and Management,157427695,0.4324406635253294,0.111422168884563,291.0
0,878,International Review on Public and Nonprofit Marketing,98232940,0.43117185814786235,0.11016301962394233,167.0
0,878,Journal of Innovation and Entrepreneurship,2764797014,0.4293758162059939,0.13409846628615835,242.0
0,878,Journal of Business Economics and Management,66524056,0.42822935558212677,0.11514424773909096,328.0
0,878,The International Journal of Entrepreneurship and Innovation,2764807727,0.42702767329882335,0.08747013650415172,170.0
0,878,AIS Educator Journal,4210208962,0.4239601628540166,0.004635758010526637,20.0
0,878,International journal of organizational analysis,4210206464,0.42326717554782717,0.12889640779177616,590.0
0,878,Industry and Higher Education,2764925558,0.422947371540219,0.10514669239378936,290.0
0,878,International Hospitality Review,4210224398,0.4214797307254993,0.12418064948777177,108.0
0,878,Journal of Industrial Integration and Management,4210231679,0.41996142281698334,0.119541393630069,136.0
0,878,International Journal of Disclosure and Governance,71351135,0.41979044891327455,0.10289952243399679,198.0
0,878,Journal of Management & Organization,8124760,0.4195425601056845,0.1493831321164188,341.0
0,878,Journal of Relationship Marketing,167126396,0.41533356506476576,0.10876225181899767,61.0
0,878,International Studies of Management and Organization,55766468,0.41442893519948687,0.14237919806104027,97.0
0,878,Journal of Entrepreneurship and Public Policy,2764875035,0.4132546246431792,0.10684691764038894,88.0
0,878,Journal of financial reporting & accounting,130164084,0.41125638196738046,0.08874526164196328,401.0
0,878,Journal of International Education in Business,4210195776,0.40759661393804764,0.087921174095185,102.0
0,878,International Review of Economics,166595748,0.40538390090138443,0.22708211492894753,119.0
0,878,Engineering Management Journal,4210230903,0.40173815661438933,0.06979100256910993,162.0
0,878,Entrepreneurial Business and Economics Review,2736601860,0.40132703686183313,0.10419424421692305,172.0
0,878,Journal of Foodservice Business Research,207176912,0.4011753983204487,0.090797784090652,244.0
0,878,Journal of Education for Business,4210206027,0.40096186445247706,0.08190379232919004,203.0
0,878,Portuguese Economic Journal,112983894,0.4007296467770584,0.3220180040671124,84.0
0,878,Managerial Finance,184351885,0.39888430131359665,0.12578941043737207,447.0
0,878,REVESCO Revista de Estudios Cooperativos,2737328910,0.39631215064387737,0.040436576088574226,138.0
0,878,Organizational Dynamics,195297104,0.394765823092084,0.2112310681743748,111.0
0,878,Social Responsibility Journal,146918421,0.3936593573664341,0.11986803603276687,370.0
0,878,International Journal of Quality & Reliability Management,81159284,0.3928960227664378,0.10641674294880535,443.0
0,878,Qualitative Research in Organizations and Management An International Journal,199127151,0.3911418899192991,0.18007241496466428,107.0
0,878,Journal of Advances in Management Research,61350954,0.39018564953670654,0.13024627510413467,152.0
0,878,Review of Financial Economics,105710273,0.38656542699021523,0.22276525261710708,107.0
0,878,Innovation & Management Review,4210241102,0.3852287892247993,0.11154662201898877,101.0
0,878,New England journal of entrepreneurship,2764933238,0.3843821303771656,0.08060409622538155,39.0
0,878,Journal of Small Business Strategy,2764516800,0.38431564088073317,0.0858145393204461,112.0
0,878,Business Ethics the Environment & Responsibility,4210218449,0.38168482428846473,0.10088712670949763,429.0
0,878,Journal of Economics and Finance,171491724,0.38105816793623526,0.17107824900269364,181.0
0,878,Global Business Review,967494592,0.3801278775645011,0.11432466467162589,526.0
0,878,Asian Journal of Business Ethics,4210189212,0.3790631258576963,0.08059080003413872,105.0
0,878,Journal of Research in Marketing and Entrepreneurship,127482291,0.3790428887967871,0.06198861650212823,93.0
0,878,European Journal of Management and Business Economics,4210218316,0.37889102421301224,0.11332599202311566,160.0
0,878,Journal of Business-to-Business Marketing,139478629,0.3783467660347077,0.09621689562245761,138.0
0,878,Journal of Innovation Economics & Management,141081643,0.37305799505910564,0.15821585867591031,136.0
0,878,Journal of Nonprofit & Public Sector Marketing,157001289,0.37136580417089615,0.08354645493705569,113.0
0,878,European Journal of Family Business,2898365741,0.37124068120679826,0.07940018856887207,70.0
0,878,International Journal of Housing Markets and Analysis,194468602,0.3709690461515151,0.08520770300323702,330.0
0,878,Journal of Islamic marketing,141552693,0.3651018867637727,0.1036371733705202,531.0
0,878,International Journal of Industrial Engineering and Management,4210178803,0.364121012960754,0.12257382729540348,76.0
0,878,Journal of African Business,114724389,0.36304364188204585,0.1093995856801656,180.0
0,878,Asian Journal of Accounting Research,4210190667,0.36274558064916895,0.08156483172706278,116.0
0,878,Services Marketing Quarterly,61474858,0.36261519238290474,0.07932069065961565,94.0
0,878,Entrepreneurship Education,4210180758,0.3598867330705915,0.06570789487341479,94.0
0,878,Journal of Financial Regulation and Compliance,58879488,0.35948915262508246,0.10422193253509418,124.0
0,878,Small Enterprise Research,4210187585,0.35892751513875776,0.09953281730977506,82.0
0,878,The Electronic Journal of Business Research Methods,4210192427,0.3571169702378939,0.02011515026068617,43.0
0,878,Italian Journal of Marketing,4210215428,0.3553261909018078,0.08398947467509675,103.0
0,878,Journal of Marketing Analytics,4210182956,0.354332543992715,0.07186328286321925,273.0
0,878,Review of Business Management,2738281210,0.35389631619784506,0.06284226412034152,85.0
0,878,Logforum,4210176701,0.3536467707703498,0.08367224506202313,41.0
0,878,Journal of Emerging Market Finance,150848784,0.3521210528235545,0.07741403772244887,66.0
0,878,Management Science Letters,2737251451,0.34907916324825955,0.21995786697790762,483.0
0,878,The Journal of High Technology Management Research,1234856,0.3490153198274812,0.11225574854843764,70.0
0,878,Foreign Trade Review,4394735609,0.348191624320899,0.12868713124413575,104.0
0,878,Journal of Economics Finance and Administrative Science,2764768042,0.34783770011683274,0.09830696328737261,107.0
0,878,Journal of Developmental Entrepreneurship,158129444,0.346745640014302,0.10156013473290086,132.0
0,878,Global economy journal,89611103,0.34573115933521104,0.08115924649828321,57.0
0,878,Equilibrium Quarterly Journal of Economics and Economic Policy,2738413198,0.34423565934616385,0.09241838843553142,172.0
0,878,International Journal of Innovation Studies,2898418539,0.3439371075681535,0.08931278274589859,86.0
0,878,Journal of Interdisciplinary Economics,132950052,0.3438022045166491,0.05224614051426215,52.0
0,878,The Journal of Entrepreneurship,62069514,0.3426130415372583,0.08660652206447328,105.0
0,878,Journal of Islamic accounting and business research,129963087,0.34256710542101476,0.09308234273673212,490.0
0,878,Journal of Entrepreneurship Management and Innovation,2764665428,0.33867838334212463,0.07571615829790326,90.0
0,878,ASIA MARKETING JOURNAL,2764933780,0.33654701302164636,0.03372609292008693,79.0
0,878,Islamic Economic Studies,2764477379,0.3357449517937456,0.09269296935349353,29.0
0,878,International Journal of Global Business and Competitiveness,4210168278,0.3352918813368069,0.10433600825368364,83.0
0,878,Journal of Global Responsibility,34975756,0.334928422883803,0.07345814144561418,125.0
0,878,Cleaner and Responsible Consumption,4210227184,0.33455264850628863,0.09963510617900853,194.0
0,878,Journal of Derivatives and Quantitative Studies 선물연구,4210238075,0.3345362294518468,0.2024388127777666,72.0
0,878,Qualitative Research in Financial Markets,32948690,0.33451970859840735,0.08917780440734173,190.0
0,878,Canadian Journal of Administrative Sciences / Revue Canadienne des Sciences de l Administration,201675752,0.333961330686415,0.12571265648149219,157.0
0,878,ISRA International Journal of Islamic Finance,4210184380,0.3337373084608879,0.08645089183660906,114.0
0,878,Journal of International Food & Agribusiness Marketing,192372812,0.3332417178492358,0.07127761422582082,153.0
0,878,Journal of the International Council for Small Business,4210181789,0.32958197192326105,0.049660762603260446,159.0
0,878,American Journal of Business,17774442,0.32825819676141293,0.047808535798413376,45.0
0,878,South Asian Journal of Macroeconomics and Public Finance,4210190792,0.32788810023460396,0.10354418170225504,38.0
0,878,History of Retailing and Consumption,4210196589,0.32576985358507904,0.13945827106863506,73.0
0,878,CIRIEC-España revista de economía pública social y cooperativa,4306506326,0.3254786067604292,0.03944953360071209,124.0
0,878,International Economic Journal,22431819,0.3247859717683029,0.1641316594573156,121.0
0,878,Journal of Indian Business Research,136286870,0.321887555409092,0.10561602692328927,93.0
0,878,International Journal of Financial Studies,2764827305,0.319493962391401,0.099423611730469,497.0
0,878,Journal of Economic Integration,2764651625,0.31786844281223786,0.09476360105232724,134.0
0,878,East Asian Economic Review,2737238315,0.31759709434020866,0.20449824269481764,37.0
0,878,Latin American Business Review,18469005,0.31655680046446577,0.11895943222542744,64.0
0,878,Journal of Entrepreneurship and Innovation in Emerging Economies,4210191735,0.3163418092551733,0.05712621512163435,75.0
0,878,Property Management,173896063,0.3158512266891097,0.06225671826920946,194.0
0,878,Journal of Financial Services Marketing,126354654,0.31547080550855144,0.07214385806267895,204.0
0,878,Journal of Financial Economic Policy,181870614,0.3087904646304849,0.0764665986682081,162.0
0,878,International Journal of Innovation Management,181388337,0.30818163842007795,0.0856467502517856,349.0
0,878,Information Systems and e-Business Management,56271844,0.30810522833681925,0.06941229005961033,176.0
0,878,South African Journal of Economics,90392387,0.3063871287968211,0.11028767867941702,107.0
0,878,Logistics,4210191619,0.30558055042182397,0.05404079787436659,399.0
0,878,Journal of Capital Markets Studies,4210223722,0.3052911155060987,0.09426302977824583,44.0
0,878,The Journal of Operational Risk,183802457,0.30508587597281234,0.022121665927422658,4.0
0,878,Real Estate Management and Valuation,2764824119,0.3047309286018658,0.1479733910419219,160.0
0,878,Future Business Journal,2898392467,0.3034876247285104,0.08536572369388254,360.0
0,878,Corporate Ownership and Control,2798341630,0.3025640382284616,0.034312506932571825,329.0
0,878,Risk Management,4210191937,0.3022686709596418,0.12903402870522637,81.0
0,878,International Journal of Organization Theory and Behavior,45044709,0.2993932615815959,0.09919046331749443,76.0
0,878,Management & Marketing,2736877889,0.2993657891287454,0.07520269640957002,146.0
0,878,Administrative Sciences,2738355984,0.2989091767166998,0.06952563724817137,958.0
0,878,Applied Economic Analysis,4210191200,0.2948329746655504,0.1314716765421859,64.0
0,878,Journal of Modelling in Management,15925821,0.2929768624651976,0.09721194574161117,312.0
0,878,Corporate Reputation Review,23246025,0.29272223056210267,0.0531526182985607,101.0
0,878,Journal of Industrial Engineering and Management,80357293,0.2916968445220216,0.11684695036927845,164.0
0,878,WPOM - Working Papers on Operations Management,4210207244,0.2893524613774642,0.04062459392685393,33.0
0,878,Forum Scientiae Oeconomia,4306510824,0.2866003150210022,0.04035058899900992,23.0
0,878,International Journal of Innovation Science,188742231,0.28652744520160905,0.09021470434311532,232.0
0,878,International Journal of Innovation and Technology Management,149146142,0.2860065968627785,0.06951481069614683,295.0
0,878,Journal of International Trade Law and Policy,83882168,0.28415062333019886,0.06696084364734634,48.0
0,878,Revista de Contabilidad,2898542531,0.28389700351419495,0.08444073518007862,114.0
0,878,Journal of Banking Regulation,185277049,0.28379658525585716,0.07199406381943081,119.0
0,878,Journal of Chinese Economic and Foreign Trade Studies,125379575,0.2832898796026617,0.06430950588915782,64.0
0,878,Polish Journal of Management Studies,2764538546,0.2818845647802677,0.05937156739463975,37.0
0,878,Wine Economics and Policy,2898343181,0.28092258632944944,0.04894037124012061,71.0
0,878,Journal of Financial Management of Property and Construction,57658676,0.2795962483454543,0.07760562229352008,112.0
0,878,Human Systems Management,2765038058,0.2777245694476947,0.06562689154816388,277.0
0,878,International Journal of Economic Sciences,4210219127,0.27695482255476905,0.028370576956967316,57.0
0,878,International Journal of Entrepreneurial Venturing,47854491,0.2749282679305315,0.1565017303950599,138.0
0,878,Economics and Business Letters,2764865913,0.272997745743991,0.11115691440924733,150.0
0,878,Industrial and Commercial Training,29659387,0.2729725613214176,0.07606155178621557,123.0
0,878,GLOBAL BUSINESS & FINANCE REVIEW,4210192575,0.27282353463391057,0.05814624624963113,56.0
0,878,Asia-Pacific Journal of Risk and Insurance,4210180518,0.2722646272998516,0.15870059749140628,40.0
0,878,International Journal of Integrated Supply Management,207627288,0.27168245159692817,0.10868441634692415,111.0
0,878,Review of Marketing Science,69604123,0.2695896539573403,0.1091281002278803,46.0
0,878,International Journal of Social Economics,49131624,0.2694715056103435,0.08645183032052992,484.0
0,878,International Journal of Economic Policy Studies,4210216953,0.26919357232775076,0.0689049143059133,93.0
0,878,International Journal of Service Science Management Engineering and Technology,149715497,0.2689611610641701,0.03851289408421929,124.0
0,878,FIIB Business Review,4210195452,0.2678738104783525,0.06081359969297986,284.0
0,878,The Engineering Economist,51113653,0.265536504488794,0.13428469408622443,60.0
0,878,Journal of Quality Assurance in Hospitality & Tourism,108158533,0.26516105050204164,0.07803072013925062,330.0
0,878,Journal of General Management,4210183922,0.26396794072754026,0.053027736648384255,196.0
0,878,Cogent Economics & Finance,2765075218,0.26354389027905073,0.06921336301009628,1201.0
0,878,Journal of East-West Business,55432613,0.26198199880400636,0.0589917981503055,79.0
0,878,International Journal of Enterprise Information Systems,59995812,0.26105322088563954,0.04104697013766745,46.0
0,878,Journal of Corporate Accounting & Finance,28703636,0.25855958867704637,0.09088031707628383,289.0
0,878,Business Strategy & Development,4210179146,0.25821999629037645,0.07270350890974887,320.0
0,878,Economies,2737296559,0.25637088648285045,0.07046707183217132,1153.0
0,878,Journal of Innovation Management,4210232391,0.2546086825066852,0.062393151500905596,113.0
0,878,South East European Journal of Economics and Business,4210187131,0.2544386881809504,0.07652432175275643,92.0
0,878,Journal of Human Resources in Hospitality & Tourism,109960688,0.25406326735526996,0.08218775538664073,128.0
0,878,American Business Review,4210171825,0.25289388916976785,0.08203568475170867,114.0
0,878,Economic Papers A journal of applied economics and policy,82178847,0.2528351104280987,0.07301664438574088,104.0
0,878,Agricultural Economics (Zemědělská ekonomika),980556082,0.25039100574746986,0.07935156922996708,199.0
0,878,International Journal of Law and Management,161389873,0.24834083684567312,0.055919220650115384,183.0
0,878,Millennial Asia,2765039173,0.24791956811440655,0.08940351306147859,117.0
0,878,South African Journal of Accounting Research,4210219434,0.24786698671656043,0.06257005818260142,63.0
0,878,ECONOMIA AGRO-ALIMENTARE,4210203985,0.24767163219045457,0.0660551572373675,45.0
0,878,Asian Journal of Business Research,4210210758,0.24716767355394376,0.04579957193186011,72.0
0,878,Australasian Accounting Business and Finance Journal,2765036513,0.24694809505151552,0.0567913149464973,211.0
0,878,Journal of Real Estate Portfolio Management,2764953858,0.2449020058629013,0.045232570171641395,58.0
0,878,Economics & Sociology,61727081,0.24472564331372457,0.05884172081190005,281.0
0,878,Journal of Korea Trade,185325801,0.24462394436852666,0.10878918872706955,3.0
0,878,The International Trade Journal,88045947,0.24235436303068097,0.09977429172995367,165.0
0,878,International Journal of Development Issues,80197860,0.24174324974074132,0.07440539951667341,104.0
0,878,Contemporary Management Research,2764423627,0.24040205330823028,0.061173348257602476,42.0
0,878,Revista de Economía Mundial,140389752,0.24038406472694457,0.10309923796017134,197.0
0,878,Contemporary Economics,2738848155,0.23964186597955392,0.07625654487452008,102.0
0,878,Development in Learning Organizations An International Journal,196593774,0.23657142463271955,0.04938013145560491,173.0
0,878,Spanish Journal of Finance and Accounting / Revista Española de Financiación y Contabilidad,2913545599,0.23645071423431976,0.05004710532922589,90.0
0,878,World,4210212964,0.23606508074673518,0.04542777298581594,203.0
0,878,Verslas teorija ir praktika,4306505307,0.23579157128552444,0.05445404604669625,255.0
0,878,International Journal of Pharmaceutical and Healthcare Marketing,203894561,0.23513426734223067,0.04320174809236615,155.0
0,878,South Asian Journal of Human Resources Management,4210226929,0.23267969497811608,0.051311903424012234,93.0
0,878,Cogent Business & Management,2738076829,0.23144049051482485,0.05757804262642481,2143.0
0,878,Sustainable Futures,4210222494,0.23118119328485942,0.04563913434016638,286.0
0,878,Journal of Science and Technology Policy Management,4210176348,0.2310581438360529,0.04752963974185493,285.0
0,878,Arthaniti-Journal of Economic Theory and Practice,4210182043,0.2304503840834408,0.072422503435958,53.0
0,878,International Journal of Ethics and Systems,4210237825,0.22972508336520803,0.054622871092917455,223.0
0,878,Journal of Economics and Management,4210180246,0.2296274176929767,0.06524892726641376,65.0
0,878,Academia Revista Latinoamericana de Administración,4210179427,0.22751581284339845,0.07316912928045356,123.0
0,878,Evidence-based HRM a Global Forum for Empirical Scholarship,4210173805,0.22676207293661732,0.06684752840081651,187.0
0,878,Systèmes d information & management,2765043386,0.22665182500854003,0.050690393630362325,53.0
0,878,Middle East Development Journal,80614181,0.22576443954991116,0.068429700346272,63.0
0,878,Production,2764708084,0.22374404875187726,0.05577175641702736,154.0
0,878,RAUSP Management Journal,2898603574,0.22365950599301354,0.05667634573280202,105.0
0,878,Studies in Microeconomics,4210239553,0.22211709148325923,0.051855854563170704,70.0
0,878,JOURNAL OF INTERNATIONAL STUDIES,4210173366,0.2219769891369132,0.05050814132456673,283.0
0,878,Journal of technology management & innovation,72326750,0.22164100005298773,0.04101976683428889,133.0
0,878,Acta Oeconomica,104354167,0.2174220026932752,0.05889348721021205,159.0
0,878,DECISION,4210186315,0.21586064660970997,0.16389628662043293,138.0
0,878,Eastern European Economics,149339240,0.21574870960744547,0.07373078414883842,158.0
0,878,Review of Pacific Basin Financial Markets and Policies,183776795,0.21562455897077198,0.04609030589539205,149.0
0,878,Indian Growth and Development Review,132932317,0.21431157609419316,0.04979859157251675,58.0
0,878,REVISTA PROCESOS DE MERCADO,4210240452,0.21214329120508163,0.2530163612069531,84.0
0,878,Engineering Economics,2764594251,0.21188365825772804,0.08162148644378556,198.0
0,878,Central European Business Review,2764472888,0.21012585972438072,0.06057916018072923,57.0
0,878,International Journal of Management Studies,4386621735,0.2097806358632665,0.03489674857788869,81.0
0,878,Health Marketing Quarterly,162583106,0.20898490386218227,0.03533298394063257,105.0
0,878,Cleaner Production Letters,4210204090,0.20859964150573396,0.06492916395723627,64.0
0,878,Accounting,4210175690,0.20848780475761308,0.10814700277530821,308.0
0,878,Journal of Entrepreneurship and Sustainability Issues,2764670390,0.20548040394068773,0.0686853185412714,593.0
0,878,Prague Economic Papers,4210214909,0.20457373370637336,0.051071613526661334,95.0
0,878,National Accounting Review,4210219734,0.20434781542835204,0.04059755836781816,101.0
0,878,Aestimum,2737950648,0.20386444936523104,0.01879605430155941,27.0
0,878,Organizacija,191612999,0.20386330705421588,0.05349438925979228,100.0
0,878,Journal of Financial Management Markets and Institutions,4210219052,0.20369142352995726,0.07349087592518587,48.0
0,878,Journal of Modern Accounting and Auditing,2764978665,0.20358899048210363,0.1730129264071234,7.0
0,878,International Advances in Economic Research,25359449,0.19934214177506077,0.10001131075221889,136.0
0,878,Zeitschrift für die gesamte Versicherungswissenschaft,4210178946,0.19813744918631881,0.07759949145715066,60.0
0,878,Environmental Economics,2764830693,0.1968957956936985,0.05388420738550907,81.0
0,878,Journal of Asia-Pacific Business,196955526,0.19543826053521138,0.0637886644793655,71.0
0,878,The Southern African Journal of Entrepreneurship and Small Business Management,4210222536,0.19428267339829203,0.029308126615398205,75.0
0,878,South African Journal of Economic and Management Sciences,157344451,0.1936873964819381,0.045502569097480024,161.0
0,878,Research in Globalization,4210234539,0.1927321334472286,0.0711686944573987,193.0
0,878,Strategic Direction,21668869,0.19087408103947798,0.045981408949730046,12.0
0,878,South Asia Economic Journal,69024147,0.18990946660276187,0.06641836246572724,43.0
0,878,Journal of King Abdulaziz University-Islamic Economics,4210190049,0.18882794885610352,0.030675324758296096,7.0
0,878,Macroeconomics and Finance in Emerging Market Economies,46803900,0.18772524325903261,0.0660478072686629,140.0
0,878,Journal of Accounting Literature,2898124213,0.186198574174471,0.040600217385605084,144.0
0,878,Management and Labour Studies,2764472780,0.18545057890804706,0.032470740851204834,125.0
0,878,JWEE,4210207284,0.18528227270170355,0.008642367779971903,86.0
0,878,Quality Innovation Prosperity,2764416040,0.18491265217063896,0.03438303155537214,117.0
0,878,Brazilian Journal of Political Economy,4210177023,0.18407259976420848,0.05258390595527567,222.0
0,878,Journal of Economic and Financial Sciences,2764853111,0.18374136009315006,0.05316830216169942,125.0
0,878,Business Systems Research Journal,2737763312,0.183195641055066,0.02953305617958398,120.0
0,878,Russian Journal of Economics,2898117752,0.18284823382879112,0.04246495499229296,83.0
0,878,International Journal of Economics and Business Administration,4210230980,0.18153723007830974,0.04485144713819335,235.0
0,878,Eurasian Journal of Business and Economics,4210175344,0.18020449151588375,0.03607128993932985,17.0
0,878,Journal of Islamic Monetary Economics and Finance,2737324406,0.1800646705621641,0.046651623828211634,162.0
0,878,Journal of Transnational Management,9019866,0.1773717498835089,0.03420396484642351,44.0
0,878,International journal of production management and engineering,4210186323,0.1755678821227487,0.03357233859920965,53.0
0,878,IIMB Management Review,144946686,0.17276811310003587,0.05263443778835112,116.0
0,878,European Journal of Management Studies,4393918960,0.17186942895912163,0.09089451200336893,51.0
0,878,Organizations and Markets in Emerging Economies,4210221741,0.169950960841269,0.03540894839014321,108.0
0,878,Amfiteatru Economic,1027187413,0.16877148212287382,0.058941620243022866,263.0
0,878,Production Engineering Archives,4210176665,0.16830480805730366,0.02426890715639858,192.0
0,878,ESIC MARKET Economic and Business Journal,2765029640,0.1678035022945098,0.07098466793953707,48.0
0,878,Journal of Evolutionary Studies in Business-JESB,4210226428,0.16685702107150474,0.056356471270020865,71.0
0,878,Journal of Quantitative Economics,4210218909,0.16554835532054138,0.05661698873231704,187.0
0,878,Journal of Enterprising Culture,132368879,0.1652805144655223,0.056439359059885355,64.0
0,878,OPSEARCH,100702818,0.16478859433025114,0.04049413896167155,342.0
0,878,Gestion 2000,4210200126,0.1647116464579891,0.02577675768195761,121.0
0,878,African Journal of Economic and Management Studies,42260610,0.1642091451814274,0.041512477213704116,184.0
0,878,TEC Empresarial,4210230920,0.1640588876126625,0.052017743589048766,49.0
0,878,Risk Governance and Control Financial Markets & Institutions,2799221473,0.16392117063101505,0.016178970625070597,121.0
0,878,BAR - Brazilian Administration Review,71487352,0.16358382232541047,0.03397320376638237,140.0
0,878,International Journal of Applied Behavioral Economics,4210194271,0.16344663534429676,0.03779903247446496,44.0
0,878,Indian Journal of Corporate Governance,4210198837,0.16267905544171612,0.042993369254560564,50.0
0,878,Journal of Intelligence Studies in Business,4210229491,0.1611807835420392,0.02978496725632244,79.0
0,878,South African Journal of Business Management,4210215964,0.16114942794576959,0.0428887336076876,177.0
0,878,International Journal of Rural Management,72072742,0.16032869466737684,0.048320031649362126,76.0
0,878,Journal of Indonesian Economy and Business,2736975137,0.1590355919863091,0.034123472838622396,61.0
0,878,Investment Management and Financial Innovations,2764412428,0.1590292102216891,0.030815965547574,547.0
0,878,Corporate Governance and Sustainability Review,2798922386,0.15877623129086302,0.011859657740643462,78.0
0,878,Cuadernos de Gestión,4210226106,0.1584830073629134,0.037524565935777666,69.0
0,878,IIM Kozhikode Society & Management Review,2764466227,0.15783418392362092,0.039315163842043616,86.0
0,878,Southern African Business Review,2764696161,0.15722379092853891,0.019926010350187547,42.0
0,878,Revue de l’Entrepreneuriat,4210183210,0.15662995145897424,0.04024292067154955,120.0
0,878,Asian Journal of Accounting and Governance,4210203263,0.15533906782186302,0.03700428970271887,29.0
0,878,Sinergie Italian Journal of Management,2764723101,0.15517195671206888,0.026808550939406872,144.0
0,878,SA Journal of Human Resource Management,4210205215,0.15486260430054694,0.02895471641607588,287.0
0,878,International Journal of Energy Economics and Policy,2764470041,0.15298533382576154,0.05268236822736215,1611.0
0,878,Asian Economic and Financial Review,2764525551,0.15287119689159154,0.039569605530243135,253.0
0,878,Vision The Journal of Business Perspective,2765024836,0.15263267093470684,0.04287192265647115,439.0
0,878,Health Care Management Review,160034077,0.15005947930385774,0.0824349649157586,7.0
0,878,MONTENEGRIN JOURNAL OF ECONOMICS,2764647440,0.14774226678115626,0.03874476239508772,228.0
0,878,Management Systems in Production Engineering,2764495062,0.1471249497221263,0.024447809551033147,204.0
0,878,Retos,2736647864,0.14687855099429284,0.014828826081612144,59.0
0,878,International Journal of Human Capital and Information Technology Professionals,193803878,0.14685108409227146,0.04362087426838243,51.0
0,878,South Asian Journal of Business and Management Cases,2764507295,0.14638224353262072,0.04258770463980936,80.0
0,878,Studies of Applied Economics,4210209765,0.14574196650739432,0.05181539717938439,942.0
0,878,International Journal of Financial Research,2764950559,0.14516508388025745,0.031162270007743586,324.0
0,878,Intangible Capital,88920680,0.14393320439205484,0.01826482895118529,86.0
0,878,Business Information Review,200161079,0.14349029099858515,0.02957913778983376,68.0
0,878,Scientific Annals of Economics and Business,2739380121,0.14341625190178423,0.024185195275140268,138.0
0,878,International Journal of Banking and Finance,4210227866,0.14166294536875815,0.06615151077299763,44.0
0,878,The Journal of Prediction Markets,4210199549,0.14107046236282972,0.04247016983710845,57.0
0,878,Brazilian Journal of Operations & Production Management,2764900618,0.14092751820719768,0.024302158235790586,112.0
0,878,AFRICAN JOURNAL OF BUSINESS MANAGEMENT,180126918,0.14069102176329126,0.026345412007748134,21.0
0,878,Panoeconomicus,147126554,0.1406198165272046,0.036574892671251844,118.0
0,878,International Journal of Customer Relationship Marketing and Management,1034618884,0.13955430592756032,0.028688205127026953,79.0
0,878,Journal of Accounting Ethics & Public Policy,4387997814,0.13946750919816128,0.021227473625776445,40.0
0,878,Nova Economia,29581992,0.13943338160852747,0.045597386216657716,153.0
0,878,European J of International Management,118637542,0.13888879992130024,0.06839269721665955,322.0
0,878,Business Ethics and Leadership,4210216338,0.1385886069741287,0.02145708542044771,159.0
0,878,SN Business & Economics,4210236701,0.13833548104287202,0.04889573578392991,600.0
0,878,Logistique & Management,4210228953,0.1379179538737843,0.01133005422209337,95.0
0,878,International Journal of Entrepreneurship and Innovation Management,95636294,0.13768582677494529,0.05473261095726065,129.0
0,878,Management international,2764449526,0.1373113963407499,0.03813819765569849,362.0
0,878,International Journal for Quality Research,4210179092,0.13692358754303793,0.03448505219338473,240.0
0,878,Banks and Bank Systems,2764465937,0.1368710270254639,0.027108863793293633,344.0
0,878,Economic Journal of Emerging Markets,2738123342,0.1364787394514263,0.022446261900656028,71.0
0,878,Brazilian Business Review,2764758797,0.13622318947398837,0.01924544166781193,159.0
0,878,Strategic Management,4210171100,0.13474862937574605,0.029964995521734396,91.0
0,878,Estudios Gerenciales,2898340276,0.1333236381091494,0.01818917694905678,66.0
0,878,Universal Journal of Accounting and Finance,4210192656,0.13332095265017835,0.025099081581042657,212.0
0,878,Management & Sustainability An Arab Review,4387279325,0.13305987475415562,0.0315638408323158,67.0
0,878,Terra Economicus,4306531871,0.132111655169328,0.02047018798236685,102.0
0,878,International Journal of Entrepreneurship and Small Business,123914889,0.13195956281722088,0.05529731193356797,464.0
0,878,International Journal of Managerial and Financial Accounting,59777368,0.13168868506039305,0.06024418433614135,113.0
0,878,Zbornik radova Ekonomskog fakulteta u Rijeci,2738796003,0.13141711847607515,0.05164874003371274,49.0
0,878,Journal of Eastern European and Central Asian Research (JEECAR),4210205371,0.12945654316494898,0.021296551395754638,312.0
0,878,Engineering Management in Production and Services,4210227174,0.12938830492568154,0.02284116607856721,163.0
0,878,Problems and Perspectives in Management,2764989054,0.12861981777074477,0.028203250237146867,832.0
0,878,ECONOMIC COMPUTATION AND ECONOMIC CYBERNETICS STUDIES AND RESEARCH,2494413385,0.12830532162392816,0.021991723076916426,249.0
0,878,Foresight-Russia,4210214681,0.12763787496258935,0.034587646666810266,110.0
0,878,Journal of Transport and Supply Chain Management,2764671874,0.12715993221346547,0.024191431278582788,115.0
0,878,Business Perspectives and Research,4210184796,0.12692482788989978,0.0405323614982766,175.0
0,878,Ekonomski horizonti,4210187686,0.12660682698075568,0.013983044404769924,59.0
0,878,Studia Universitatis „Vasile Goldis” Arad – Economics Series,2738428943,0.12616971376638453,0.01791154896678214,79.0
0,878,Geographica Pannonica,4210181460,0.12584666310184126,0.010617758151899541,90.0
0,878,Technological Sustainability,4210237766,0.12582984422614557,0.024656432772621178,52.0
0,878,Fórum Empresarial,4210176329,0.12539405305238052,0.013668848228469707,16.0
0,878,Acta Commercii,4210226909,0.12475255885958361,0.019368662527692586,116.0
0,878,International Journal of Operations Research and Information Systems,176018216,0.12474573959585253,0.023244410700617824,42.0
0,878,International Journal of Business Analytics,4210200043,0.12454066884787672,0.026372652113190214,70.0
0,878,Corporate Board role duties and composition,2798767114,0.12453309568564587,0.002843062186738357,66.0
0,878,Human Resource Management International Digest,69799158,0.12446419131001513,0.010648315575970842,4.0
0,878,Central European Economic Journal,4210180889,0.12310503536683508,0.04015482614510871,101.0
0,878,Electronic Journal of Knowledge Management,123977160,0.122209877051236,0.020989072777862335,60.0
0,878,Consumer Behavior in Tourism and Hospitality,4210219179,0.12210511657179798,0.020141915275239074,100.0
0,878,Argumenta Oeconomica,175723052,0.12110105233189959,0.0790969950556161,66.0
0,878,Public and Municipal Finance,4210189231,0.1204691282315325,0.02154821765843083,78.0
0,878,Revista Brasileira de Inovação,2736497804,0.11884208049766971,0.01689561293755289,86.0
0,878,Revista Contabilidade & Finanças,2736592181,0.11860099797813521,0.01761666675669894,239.0
0,878,International Journal of Business and Society,2764773711,0.11779231835993165,0.026510628743485882,384.0
0,878,Investigación Económica,125733402,0.11747588703888188,0.04757031475200597,91.0
0,878,Journal of Health Management,184789190,0.11642045513314785,0.03269063103619784,272.0
0,878,European Journal of Government and Economics,2738808782,0.11631426865275435,0.03016867629767385,51.0
0,878,Gadjah Mada International Journal of Business,2765057965,0.11568437582115516,0.02857502263680766,58.0
0,878,Journal of global entrepreneurship research,4210183232,0.11552934738825481,0.020098727413509123,121.0
0,878,The Indian Economic Journal,2764955566,0.11359791513479361,0.0264524942457771,249.0
0,878,Marketing and Management of Innovations,4210204559,0.11127695525718076,0.020482123645064597,344.0
0,878,Journal of Governance and Regulation,2764670738,0.10983140289264501,0.015561221518970264,448.0
0,878,Agris on-line Papers in Economics and Informatics,4210192013,0.10822697255951233,0.024989034457636842,176.0
0,878,ETIKONOMI,2738441059,0.10720164564734781,0.021145147647746266,122.0
0,878,Innovar,1043165204,0.10666155956859524,0.02741836305802473,168.0
0,878,BRICS Journal of Economics,4210171981,0.10640084031498219,0.02632856207833314,78.0
0,878,Décisions Marketing,4210174900,0.10601256025711941,0.016753349029647396,76.0
0,878,Revue de gestion des ressources humaines,4210214961,0.10556195009495524,0.004127792005251616,60.0
0,878,International Journal of Business Governance and Ethics,85792242,0.10533172919570738,0.03377385544452076,163.0
0,878,Russian Management Journal,4210178345,0.10518348519932375,0.01195272701565117,29.0
0,878,International Journal of Technology Management and Sustainable Development,196354030,0.10438815965619111,0.025677662434467022,72.0
0,878,International Journal of Management and Enterprise Development,93195727,0.10375305399683192,0.021204961574144043,86.0
0,878,Gestão & Produção,4210186494,0.10322395229578646,0.02849344169331093,208.0
0,878,Journal of Business & Retail Management Research,4306515389,0.10317287833478844,0.01964501866132097,45.0
0,878,International Journal of Business and Management,4210230633,0.10224572919141632,0.01935246935398932,418.0
0,878,Accounting and Finance Research,2764678689,0.1006319151141405,0.006653157460699485,90.0
0,878,The Irish Journal of Management,2911234051,0.10040628423714267,0.02635105848246931,47.0
0,878,Knowledge and Performance Management,4210193175,0.10022740818095582,0.015064763230626953,47.0
0,878,International Journal of Asian Business and Information Management,164447516,0.09973175960315021,0.027377194477371587,142.0
0,878,The Journal of Energy Markets,4210188400,0.09876692215349783,0.10178341892506353,5.0
0,878,Jurnal Ekonomi Malaysia,4210238195,0.09860231844208985,0.012237549386508098,62.0
0,878,Virtual Economics,4210195480,0.09814762289790319,0.022167644779369826,96.0
0,878,International Journal of Business Environment,43391031,0.09755539167475004,0.0306625455537099,127.0
0,878,Ekonomika,4210203272,0.09689022303986111,0.040818845407968866,87.0
0,878,Journal of Accounting Business and Management (JABM),4210206337,0.09638636666274501,0.008783917424443111,73.0
0,878,International Journal of Knowledge Management Studies,137166528,0.09575794852281948,0.0328067318251034,112.0
0,878,Business Informatics,4210217336,0.0955962031075894,0.0074685455413639554,67.0
0,878,Innovative Marketing,4210208616,0.09533460463739481,0.017922281607642775,300.0
0,878,International Journal of Sustainable Economy,445011,0.09457284187028372,0.08329948472260948,128.0
0,878,International Journal of Economics and Financial Issues,2737777163,0.09453054652583119,0.018587496246549963,494.0
0,878,Asian Journal of Business and Accounting,2764783623,0.09432231119325012,0.018391820139859273,50.0
0,878,Economic Alternatives,2764709238,0.09385167991491825,0.0770734908170252,89.0
0,878,European Journal of Sustainable Development,2737349555,0.09373693893968528,0.026132537549300967,438.0
0,878,Business and Economic Research,2764388120,0.09359400171378814,0.015547715290507986,154.0
0,878,Asian Journal of Empirical Research,2764958792,0.09314065054106645,0.024696994300641914,38.0
0,878,Uncertain Supply Chain Management,2764616245,0.09243116339110838,0.03586344005408945,616.0
0,878,Studies in Business and Economics,2737582874,0.09219683477263246,0.021899574468531618,254.0
0,878,Economics and Business Review/The Poznań University of Economics Review,2764846857,0.09198151397146141,0.09400295520297185,113.0
0,878,Asian Academy of Management Journal,2736787908,0.09189593150019675,0.031094943193826476,97.0
0,878,Economic Annals,119469219,0.09166041347905404,0.01862372637315099,84.0
0,878,Economics,2737372166,0.09069944000377388,0.01282735366537084,119.0
0,878,International Business Research,2764927701,0.08997593124162023,0.02498934664390309,290.0
0,878,International Journal of Innovation,2737109034,0.08968753520814494,0.016066192479451003,123.0
0,878,Journal of Service Science and Management,186483588,0.08915492066835963,0.01845784435467947,137.0
0,878,Management,2736730828,0.08867621691434953,0.01459510736561093,156.0
0,878,International Journal of Marketing Studies,2764742558,0.08778977659319447,0.016899980805116406,77.0
0,878,RAM. Revista de Administração Mackenzie,2738683535,0.08725744311502437,0.017262859343971725,209.0
0,878,Jurnal Pengurusan,4210186234,0.08697648787504206,0.011201168365244436,68.0
0,878,New Perspectives on Political Economy,959550399,0.08628217335475256,0.012700460738884665,24.0
0,878,Society and Economy,127898814,0.08612110781027917,0.02803216138124737,120.0
0,878,International Journal of Procurement Management,55416568,0.08566673414960498,0.024117067866676473,233.0
0,878,International Journal of Globalisation and Small Business,34937439,0.08557567189308639,0.09211250538957305,88.0
0,878,Economic and business review,4210210210,0.08534136724518729,0.02500482345522621,69.0
0,878,Serbian Journal of Management,2764883772,0.0849157229897622,0.010418650489528957,78.0
0,878,Indonesian Journal of Sustainability Accounting and Management,4210240749,0.08473345230242679,0.018591229232369954,151.0
0,878,International Journal of Organizational Leadership,4210227841,0.08332597521177473,0.018879718138630916,160.0
0,878,Inquietud Empresarial,2737892326,0.08305598861545484,0.007438033276703763,45.0
0,878,International Journal of Business and Social Science,2764440250,0.08257239492642778,0.02926049770278535,102.0
0,878,Central European Management Journal,4210197709,0.08256078760784202,0.02083124690944413,317.0
0,878,Journal of Management and Sustainability,4210172326,0.08252910906030649,0.009311468655424291,84.0
0,878,Agricultural and Resource Economics International Scientific E-Journal,4210216073,0.08243484264311925,0.011718903221029581,143.0
0,878,Vikalpa The Journal for Decision Makers,4210172426,0.08241994551211117,0.019193684489140005,67.0
0,878,Dirección y Organización,4210208307,0.08239529776673334,0.011562157898952501,77.0
0,878,Journal of Comparative International Management,2764354898,0.08146267686582931,0.04684169297074007,44.0
0,878,Comparative Economic Research Central and Eastern Europe,187998666,0.08033732315719593,0.016616348495947328,168.0
0,878,Journal of Applied Economic Sciences (JAES),2764454290,0.08011004049388269,0.01026057722256273,73.0
0,878,Journal of Applied Business and Economics,4210192355,0.08006163700931258,0.01190755789426376,400.0
0,878,International Review,4210176635,0.0796569392972485,0.011517076372021737,71.0
0,878,Research in World Economy,2764714755,0.0794247384850356,0.01712530227168014,206.0
0,878,Insurance Markets and Companies,4210199069,0.07922586761893727,0.015505849466684632,51.0
0,878,International Journal of Business Innovation and Research,155657779,0.0790939930371915,0.02516479490143702,369.0
0,878,Asian Academy of Management Journal of Accounting and Finance,2764704972,0.0781411525076518,0.018611628116023467,81.0
0,878,Lecturas de Economía,2737657525,0.07805561224446339,0.02666541547293432,65.0
0,878,Management,4210171712,0.07803305352260087,0.01323396189226778,62.0
0,878,Indian Journal of Commerce & Management Studies,4210183118,0.07603117301769961,0.009106446253871426,27.0
0,878,AD-minister,2739385614,0.07573005677323028,0.011320740021051514,38.0
0,878,Journal of Economic Policy Researches / İktisat Politikası Araştırmaları Dergisi,4210190158,0.07569582382631511,0.010481641156530684,26.0
0,878,Zagreb international review of economics and business/Zagreb international review of economics & business,2737221291,0.07564394641060965,0.017860431730865885,49.0
0,878,International Journal of Accounting Auditing and Performance Evaluation,62246846,0.07503996918729731,0.01971277010552798,118.0
0,878,International Journal of E-Entrepreneurship and Innovation,4210191280,0.07446036641165334,0.0132705451812613,31.0
0,878,Asia-Pacific Management Accounting Journal,4210218165,0.07371379282518116,0.014193405383855356,121.0
0,878,Journal of Chinese Human Resource Management,81297664,0.07370559122725422,0.010941803521720299,38.0
0,878,Studies in Economics and Econometrics,2764755811,0.07339567291902294,0.019483614724976936,68.0
0,878,Malaysian Journal of Economic Studies,4210191712,0.0732478058201007,0.01864951186296649,63.0
0,878,Finance Contrôle Stratégie,4210186947,0.07312842777857252,0.012408811087111195,39.0
0,878,Acta Innovations,2764688742,0.07249435044822124,0.04796295007343037,84.0
0,878,International Journal of Human Resource Studies,2764848322,0.0724484775903702,0.014592842522731212,135.0
0,878,International Journal of Business Excellence,51184730,0.07240371641168175,0.0465401519001742,377.0
0,878,International Journal of Services Economics and Management,196118188,0.07143700910910243,0.0385234511326127,126.0
0,878,Corporate Governance and Organizational Behavior Review,2798529314,0.07128137974222841,0.005536134201062192,276.0
0,878,Asian Journal of Finance & Accounting,2764774255,0.07099971229295264,0.013704385772821046,26.0
0,878,"Scientific Papers of the University of Pardubice. Series D, Faculty of Economics and Administration",4210196335,0.07097605266181851,0.01031379794151893,142.0
0,878,European Journal of Business Science and Technology,4210179226,0.07067744450799739,0.01418854935945037,52.0
0,878,Jordan Journal of Business Administration,2764969724,0.07057329005265399,0.016170501103459037,61.0
0,878,International Journal of Technological Learning Innovation and Development,75434068,0.07046730493438368,0.016937779135238456,75.0
0,878,Investigaciones de Historia Económica,2898476603,0.06863419213565404,0.06065977040582295,154.0
0,878,Journal of Organisational Studies and Innovation,4210228534,0.06840226405476377,0.004155443429140136,28.0
0,878,International Journal of Monetary Economics and Finance,98077829,0.06838078463795377,0.025690624416170923,202.0
0,878,Our Economy Journal of Contemporary Issues in Economics and Business,2737537699,0.06823877330028397,0.0061391150562313266,94.0
0,878,Journal of the Geographical Institute Jovan Cvijic SASA,2736834300,0.06791303575323951,0.020718083141891868,87.0
0,878,Global Business and Economics Review,121651287,0.06721109016759223,0.01600063934091296,272.0
0,878,Cuadernos de Economía,4210183127,0.0670135772023809,0.031789574898457705,122.0
0,878,International Journal of Logistics Systems and Management,52125040,0.06686537450591397,0.02226731440602537,342.0
0,878,International Journal of Business Intelligence Research,184213297,0.06629650235562093,0.03270417546406238,23.0
0,878,African Journal of Business and Economic Research,2764873792,0.06626756266344468,0.020055076977117427,44.0
0,878,J for Global Business Advancement,4210185932,0.06568899046854665,0.01841060336545908,185.0
0,878,Journal of Public Administration and Governance,2765072615,0.06545663879447738,0.03431441597308867,141.0
0,878,Revista Brasileira de Economia,98174993,0.06517838084213351,0.020413320139832568,78.0
0,878,Información tecnológica,4210213702,0.06514208056705792,0.003933528493903213,264.0
0,878,International Journal of Economics and Business Research,187151359,0.0634229893378466,0.0158813703464031,289.0
0,878,Business Management and Economics Engineering,4210211241,0.06289480726069992,0.011584338573631283,62.0
0,878,Revista de Economia Contemporânea,2737940734,0.06263883352122657,0.010537265504874613,103.0
0,878,International Journal of Business Information Systems,146555279,0.06042664195363249,0.03574383715068662,341.0
0,878,World Review of Entrepreneurship Management and Sustainable Development,126582591,0.0598364849916065,0.022503807732794402,202.0
0,878,Folia Oeconomica Stetinensia,60441335,0.05981438240564604,0.013990716570294957,152.0
0,878,International Journal of Services Operations and Informatics,9940815,0.05971675752225186,0.029722826336566536,58.0
0,878,Revue internationale P M E Économie et gestion de la petite et moyenne entreprise,4210210868,0.05970882062496945,0.009565135194052294,127.0
0,878,TRANSNATIONAL MARKETING JOURNAL,4210173803,0.05928117263419222,0.02460833401103228,62.0
0,878,Management and Accounting Review,4210219166,0.059166164017106955,0.011753767317755029,107.0
0,878,Journal of Reviews on Global Economics,2764719117,0.058537465292213334,0.012372909918892096,40.0
0,878,Review of Business and Economics Studies,4210204310,0.05766843076954232,0.01010400169021979,87.0
0,878,Ekonomia i Prawo,4210226746,0.057649978646163044,0.006657193382677415,211.0
0,878,Gospodarka Narodowa,4210232703,0.05764341062911191,0.006952694903607057,90.0
0,878,Management Theory and Studies for Rural Business and Infrastructure Development,2764734295,0.05740629980995802,0.011302277117506199,237.0
0,878,Journal of Globalization Competitiveness and Governability,4387284526,0.05725446434447181,0.009800088084963503,64.0
0,878,EUROPEAN RESEARCH STUDIES JOURNAL,2764563877,0.05715332022376301,0.011173845827144945,821.0
0,878,Economía Agraria y Recursos Naturales,4210186146,0.056980012508783644,0.006514259843256623,49.0
0,878,International Journal of Applied Economics Finance and Accounting,4210237048,0.0564613049549356,0.006665562898147751,168.0
0,878,Cuadernos de Administración,4210179731,0.055794371398626856,0.015658935530805527,88.0
0,878,International Journal of Advanced Operations Management,155832970,0.055690891407519844,0.016159345876071814,75.0
0,878,Revista Finanzas y Política Económica,2737685543,0.05566783765003957,0.017116131999414554,81.0
0,878,International Journal of Services and Operations Management,178202027,0.055480339240177354,0.01930112438550374,383.0
0,878,REGEPE Entrepreneurship and Small Business Journal,4387287903,0.055053928755467905,0.014834085740007982,96.0
0,878,Baltic Journal of Economic Studies,2764640640,0.05484306848638222,0.013296941871653352,528.0
0,878,International Journal of Logistics Economics and Globalisation,56187647,0.054750772755798136,0.013715081368211752,54.0
0,878,International Journal of Productivity and Quality Management,83511262,0.05462616443494654,0.03279788790761415,401.0
0,878,International Journal of Services Technology and Management,154565395,0.05422880941013449,0.010367249396748175,86.0
0,878,ReMark - Revista Brasileira de Marketing,4210240795,0.05395794567691415,0.009229284848097727,176.0
0,878,International Journal of Business and Emerging Markets,146380144,0.05371907565140395,0.011824172820680842,147.0
0,878,Contaduría Universidad de Antioquia,4306506978,0.05357018026410427,0.011024850566855086,56.0
0,878,De Computis - Revista Española de Historia de la Contabilidad,4210240632,0.05296519181367069,0.014805376277120242,87.0
0,878,Corporate and Business Strategy Review,4210237355,0.05283842422587508,0.005681486044716807,213.0
0,878,Business Management and Strategy,2764984103,0.05235603464276065,0.007235508225804796,92.0
0,878,ABAC Journal,4394735610,0.052183905674541876,0.001634497426327917,82.0
0,878,Southern African Journal of Accountability and Auditing Research,2764581894,0.05212635825286625,0.010045222739470042,31.0
0,878,Revista Mexicana de Economía y Finanzas,4210220067,0.052074415909845434,0.00752666676232415,173.0
0,878,Upravlenets,4210191463,0.05143490177649261,0.009096142443687838,143.0
0,878,puntOorg International Journal,4210177744,0.051271156820421715,0.009140870487747614,85.0
0,878,Sosyoekonomi,4210228924,0.05100258107523919,0.023908297861062133,336.0
0,878,International Journal of Operations and Quantitative Management,4210201278,0.05075364107459223,0.02026102013989566,28.0
0,878,Humanities and Social Sciences Letters,4210214964,0.05053871713718606,0.022327179982849547,170.0
0,878,Ekonomický časopis,992988095,0.049441877723509386,0.0233569369285479,74.0
0,878,Revista Universidad y Empresa,2739118867,0.049019149301031704,0.004545159579320399,65.0
0,878,Eskişehir Osmangazi Üniversitesi İktisadi ve İdari Bilimler Dergisi,4306509737,0.04875442129365609,0.00812546191226925,182.0
0,878,Politická ekonomie,976474146,0.04726412155997681,0.013021405009220915,140.0
0,878,International Journal of Banking Accounting and Finance,164875865,0.04677304631124621,0.03822611643649965,103.0
0,878,Danube,2739275877,0.04640173265179543,0.0017354568163883179,24.0
0,878,International Journal of Technology Policy and Management,36660284,0.04613991997887673,0.029018923376274302,129.0
0,878,International Journal of Financial Markets and Derivatives,28881989,0.04563993139071019,0.011952581730909219,50.0
0,878,Higher School of Economics Economic Journal,2764443954,0.04558413217027803,0.020318848652586863,16.0
0,878,Mediterranean Journal of Social Sciences,2764887140,0.04548792711990758,0.01029129750745333,205.0
0,878,Contaduría y Administración,2737535994,0.04540944243445179,0.009005250077392132,196.0
0,878,International Journal of Business and Globalisation,52048951,0.045171680856375664,0.014755360686037347,469.0
0,878,Recherches en Sciences de Gestion,4210185306,0.04511966525236431,0.00882360043436304,182.0
0,878,Prabandhan Indian Journal of Management,2764632409,0.044752900050978046,0.008821323937561628,167.0
0,878,DLSU Business & Economics Review,4210189729,0.044098401978990245,0.008225041183772739,51.0
0,878,International Journal of Intellectual Property Management,8424357,0.04373313181500908,0.012096846392960893,142.0
0,878,International Journal of Trade and Global Markets,138197279,0.04320977174767849,0.0382945894557342,188.0
0,878,Innovative technologies and scientific solutions for industries,4210241083,0.042996517430653615,0.014561009136795552,144.0
0,878,Foundations of Management,2764761084,0.04297671884083352,0.008863065232431482,79.0
0,878,International Journal of Economic Policy in Emerging Economies,42911722,0.04296060387509537,0.013340257592602092,253.0
0,878,Managing Global Transitions,2764682067,0.04293442394778357,0.0071672204137960185,67.0
0,878,International Journal of Business Performance Management,113338421,0.0428123740543183,0.03171036956392883,162.0
0,878,International Journal of Business Administration,2764494274,0.042501810763877435,0.007040846398710664,96.0
0,878,Asian Social Science,2765046590,0.041949161148167956,0.02156537573211204,307.0
0,878,Asian Development Policy Review,4210200455,0.041715363852045884,0.005626673165918534,60.0
0,878,Revista de Métodos Cuantitativos para la Economía y la Empresa,2737989190,0.04158453794931149,0.006915355864732979,133.0
0,878,International Journal of Management and Decision Making,105584983,0.04133528394251545,0.005543411385254836,118.0
0,878,Revista de estudios empresariales,2738303727,0.041033224532243874,0.008726177886932219,87.0
0,878,International Journal of Value Chain Management,149838422,0.04089401608585693,0.012007287319528066,97.0
0,878,Corporate Law & Governance Review,4210222027,0.04070788105777881,0.005071930217733085,93.0
0,878,Zeszyty Teoretyczne Rachunkowości,2738140372,0.040214922507322184,0.003806023527704583,161.0
0,878,Theoretical and Practical Research in Economic Fields,4210221031,0.03999511194601053,0.0017889839759192936,120.0
0,878,International Journal of Management Practice,73818033,0.03999480980371297,0.012833111097359894,191.0
0,878,Revista Venezolana de Gerencia,4210234276,0.03998015824984709,0.003200107464520586,627.0
0,878,Problemy Zarządzania - Management Issues,4210225597,0.03988880747076173,0.011524470990703369,96.0
0,878,The South East Asian Journal of Management,2738214312,0.03955916710728994,0.0026555068867517954,20.0
0,878,Journal of Corporate Finance Research / Корпоративные Финансы | ISSN 2073-0438,2764598072,0.039435906586461476,0.005900385042613078,84.0
0,878,"Contabilidade, Gestão e Governança/UNB Contábil",2736327412,0.03926712963476511,0.002633742204739278,88.0
0,878,International Journal of Management and Sustainability,2765032965,0.039171367381657676,0.009659860271773676,124.0
0,878,Suma de Negocios,4393918062,0.038303752587757624,0.0027904993832092717,58.0
0,878,Economic Annals-ХХI,4210227272,0.0379803881419029,0.006047094842906087,99.0
0,878,Ekonomski vjesnik,2737293501,0.036852262942289514,0.004750654540343629,94.0
0,878,Financial and credit activity problems of theory and practice,4210175534,0.03581163652057346,0.006160692958770394,499.0
0,878,Economia Aplicada,173331177,0.035793435481341215,0.010297796390164846,88.0
0,878,EMC Review - Časopis za ekonomiju - APEIRON,4210193298,0.03535322941659432,0.003326474495506666,142.0
0,878,Human Resources Management and Services,4387291481,0.03492043161745362,0.0008390552203354816,71.0
0,878,Economics and Culture,4210230566,0.03477134651868679,0.0099900207303668,71.0
0,878,International Journal of Public Policy and Administration Research,4210224827,0.034652598182486664,0.004767916800246205,22.0
0,878,Statistika Statistics and Economy Journal,4210174932,0.03446228744705045,0.007879534216653885,22.0
0,878,Cuadernos de Administración,4210239805,0.03395594248884189,0.004300667326240643,32.0
0,878,Bankers Markets & Investors,4387279745,0.03324915286722979,0.015846816856863382,32.0
0,878,International journal of institutions and economies/Institutions and economies,2765075093,0.031887654348893575,0.009534511979674792,67.0
0,878,Financial Internet Quarterly,4210180908,0.0318478441331469,0.006593556147393478,88.0
0,878,Journal of Cases on Information Technology,133138818,0.03162204279439868,0.019215722722241754,80.0
0,878,International Journal of Critical Accounting,1086168,0.03121961165393956,0.010219853832318498,99.0
0,878,Bank i Kredyt.,4404674962,0.030467261099092847,0.0017707962566495506,50.0
0,878,Economics of Development,2764503137,0.03021864201754179,0.006249274665799883,70.0
0,878,International Journal of Academic Research in Accounting Finance and Management Sciences,4210192748,0.03002346499599982,0.0077571259567567365,471.0
0,878,Economics ecology socium,4210215609,0.029316990524143226,0.003731850911228462,98.0
0,878,Revista Electrónica de Comunicaciones y Trabajos de ASEPUMA,4210199374,0.029170515728678657,0.003682797135056242,46.0
0,878,NMIMS Management Review,4210187713,0.029155645941597932,0.006226422459169764,27.0
0,878,Journal of business & entrepreneurship,2764482395,0.028787473092875337,0.006711603835757892,7.0
0,878,Economic and Regional Studies / Studia Ekonomiczne i Regionalne,2765029338,0.02788445677835846,0.0015906899049247115,111.0
0,878,Ekonomska misao i praksa,2737717374,0.02735754349375063,0.005078639737280978,120.0
0,878,Journal on Innovation and Sustainability RISUS,4210234983,0.02706501708709082,0.00391218483883507,186.0
0,878,Economics and Mathematical Methods,4210193511,0.0268901178136359,0.00039817343851321574,86.0
0,878,Journal of Hospitality & Tourism Cases,4389158097,0.026682912774527955,0.002710359511577225,129.0
0,878,International Journal of Academic Research in Economics and Management Sciences,2764998092,0.026366430600717083,0.003039358835061649,350.0
0,878,International Journal of Economics and Management,4387283367,0.02600847999783498,0.0068113155169987685,69.0
0,878,International Journal of Learning and Change,21322974,0.025921563739448712,0.015067160182705054,182.0
0,878,INTERNATIONAL JOURNAL OF MANAGEMENT,4210178298,0.02506488151849576,0.010235309213407939,172.0
0,878,Emerald Emerging Markets Case Studies,2764837548,0.02466099774562847,0.0043350577382156984,594.0
0,878,Ekonomika APK,4210197281,0.0241787489124452,0.00594467272047352,124.0
0,878,International Journal of Business and Systems Research,12497220,0.02407717915361171,0.009895835961354505,165.0
0,878,Indonesian Management and Accounting Research,4210237103,0.0238372898090386,0.0024230911766536614,34.0
0,878,VISIÓN GERENCIAL,4210169265,0.023642356674364328,0.0001320143588066734,33.0
0,878,International Journal of Indian Culture and Business Management,166797808,0.023172265055025214,0.006983884543985894,328.0
0,878,Public Governance Administration and Finances Law Review,4210187992,0.023003650927722472,0.000261877786208015,48.0
0,878,JOURNAL OF EUROPEAN ECONOMY,4210199182,0.02186404182876027,0.006935429876533567,124.0
0,878,Asian Journal of Management Cases,168387291,0.021712954556960602,0.0024675362833942067,128.0
0,878,Ekonomista,167383514,0.021537459846357167,0.008337159655967576,119.0
0,878,International Journal of Management Concepts and Philosophy,44088940,0.0214614054729158,0.005734742845397276,98.0
0,878,Psihologia Resurselor Umane,4306524859,0.020850157541654753,0.009624134887898192,120.0
0,878,Business and Management Horizons,4210220799,0.020744933436526704,0.0015468404222896397,26.0
0,878,International Journal of Technology Transfer and Commercialisation,52073566,0.02025326808493962,0.004362974423357734,71.0
0,878,Review of Economics and Finance,2764906524,0.020017459485960325,0.003587478339201517,126.0
0,878,Asian Journal of Interdisciplinary Research,4210205570,0.01909053238565667,0.003385378139898105,48.0
0,878,Contabilidad y Negocios,2736886050,0.018230597463359508,0.0004635352287600511,59.0
0,878,SMART Journal of Business Management Studies,2764982749,0.017501124607435803,0.00373107154459508,5.0
0,878,UCJC Business and Society Review (formerly known as Universia Business Review),5407017802,0.01737463009175524,0.0032087864608449025,63.0
0,878,Revista Gestión de las Personas y Tecnología,4210188556,0.01726980623402339,0.0010357244817702739,23.0
0,878,Dynamic Relationships Management Journal,4210191098,0.0157665126429511,0.004632457905041678,9.0
0,878,Gurukul Business Review,4210217359,0.015629298428069746,9.52046963839209e-05,28.0
0,878,Mehmet Akif Ersoy Üniversitesi İktisadi ve İdari Bilimler Fakültesi Dergisi,4210223036,0.01519728066843908,0.0017937386986249066,312.0
0,878,RAN Revistas Academia y Negocios,4210179423,0.01453654125015134,0.0009652872592153613,46.0
0,878,Организационная психология,4210169571,0.014304814839609343,0.0013863756193286864,38.0
0,878,Public Policy And Administration,4210208887,0.014259059241165571,0.0032527403674722996,82.0
0,878,Journal of Research Innovation and Technologies (JoRIT),4387285363,0.014046596992862809,0.0015065632175532272,10.0
0,878,Intellectual Economics,2764701209,0.013728000086441075,0.0011888682200954705,13.0
0,878,Science and innovation,4210171040,0.013559554214246445,0.0021885512780157883,103.0
0,878,Revista de Economia,4210239895,0.0135012832127233,0.0032204510951722356,84.0
0,878,Scientific Bulletin of Mukachevo State University Series “Economics”,4210174903,0.013334851988996406,0.002693815097607392,103.0
0,878,International Journal of Business,2764555313,0.012940325225711525,0.004735516979510365,43.0
0,878,Strategy and Leadership,137473582,0.012376795904257592,0.0033796183070297745,44.0
0,878,International Journal of Environment Workplace and Employment,63345707,0.011905767912286083,0.002171531958394084,66.0
0,878,International Review of Management and Business Research,2764953695,0.011418664221943558,0.0010320193095954022,22.0
0,878,Technology audit and production reserves,4210231895,0.011308873711111375,0.0017306688572121744,616.0
0,878,Management of Sustainable Development,4210186269,0.01121059835058786,0.0019876654328311056,48.0
0,878,BANCO Jurnal Manajemen dan Perbankan Syariah,4210213499,0.011078598711641985,0.0009442686794539203,5.0
0,878,International Journal of Diplomacy and Economy,4210219837,0.010966075721117203,0.0034942981068992883,52.0
0,878,Revista RIVAR,4210226681,0.010798388951373633,0.00040925476892583355,29.0
0,878,Economy of Ukraine,4210178198,0.009167260782821311,4.821971191432117e-05,27.0
0,878,Academic Review,4210190232,0.008592902611801628,0.002385108444870021,94.0
0,878,Interdisciplinary Environmental Review,4210227574,0.007954655257304453,0.0036586137895646405,50.0
0,878,Journal of Management and Strategy,4210213948,0.0078841686587128,0.00259967498144062,37.0
0,878,International Journal of Intelligent Enterprise,137885350,0.006960836240726478,0.002173644429687299,122.0
0,878,Mercados y Negocios,4210191595,0.006673146002790237,0.001343546256938046,78.0
0,878,Revista de Economia Mackenzie,4210185081,0.006373233457924159,0.002520614198298525,71.0
0,878,European Journal of Management,2764594977,0.006115048347095507,0.0009962460920269708,32.0
0,878,International Journal of Finance,4210196821,0.0056823110104923255,0.0010274439967871943,52.0
0,878,International Journal of Knowledge-Based Development,145054062,0.0055736643394123115,0.0015840798948438821,75.0
0,878,The CASE Journal,4210203671,0.005272899289776226,0.0007618394269091091,203.0
0,878,Journal of Management Research,4210234043,0.005087556147681429,0.0034272473248709912,19.0
0,878,Journal of Central Banking Law and Institutions,4387280895,0.0048868783494103105,0.001445732116755003,47.0
0,878,International Journal of Small Business and Entrepreneurship Research,4210201828,0.004651969982200204,0.0006904162181182427,26.0
0,878,REICE Revista Electrónica de Investigación en Ciencias Económicas,4210225772,0.0037343945249216923,0.0006578690607406241,82.0
0,878,Economics and Environment,4394906813,0.003211773912740728,8.520590617233812e-05,96.0
0,878,International Journal of Economics,4210231152,0.0027354297876228764,0.0003265041861787438,20.0
0,878,Journal of Business Administration Research,2764469589,0.002465516615272389,0.001167097936092855,19.0
0,878,Revista Perspectiva Empresarial,4210175380,0.00242144270890479,0.0004689363278733138,42.0
0,878,Journal Of Organizational Behavior Research,4210182145,0.002270439452345889,0.00034625256313470365,27.0
0,878,Central European Journal of Economic Modelling and Econometrics,2764922153,0.0009983108817936078,0.00016195791054322609,19.0
1,606,American Economic Review,23254222,17.870697985759488,55.01826405361456,488.0
1,606,The Quarterly Journal of Economics,203860005,17.539799134926085,59.52874400146087,209.0
1,606,Econometrica,95464858,14.523298711836624,52.45542111904146,326.0
1,606,The Journal of Finance,5353659,10.96753600027317,26.623994798188626,192.0
1,606,Journal of Marketing,142990027,9.973412127055923,11.44923801886695,42.0
1,606,Brookings Papers on Economic Activity,4210173904,9.819557578772669,14.051122935204043,17.0
1,606,Journal of Political Economy,95323914,9.783954713449248,31.215946727720322,319.0
1,606,Journal of Economic Literature,127708089,9.750159107991944,19.70156946001616,146.0
1,606,Journal of Financial Economics,149240962,9.544119633405375,20.075406558070057,630.0
1,606,Research in Organizational Behavior,55099511,9.13748225531248,7.723690810363956,36.0
1,606,Academy of Management Annals,27614628,8.721276271690046,9.306954323210622,107.0
1,606,Review of Financial Studies,170137484,8.288136628722159,18.978139911882014,513.0
1,606,The Review of Economic Studies,88935262,7.881625787639846,24.108370490020715,415.0
1,606,Annual Review of Economics,196715598,7.461728997964815,19.887012381519746,127.0
1,606,American Economic Journal Macroeconomics,170166683,7.365897843877765,19.583700264396445,227.0
1,606,The Journal of Financial Market Infrastructures,4210213268,7.194575093744778,3.131419503943485,2.0
1,606,American Economic Review Insights,4210174288,7.1102336369678705,19.00479796618894,151.0
1,606,American Economic Journal Economic Policy,158011328,6.855450049599841,17.012656767010334,263.0
1,606,Journal of Accounting and Economics,62142384,6.209011794062265,8.402386085115381,235.0
1,606,The Review of Asset Pricing Studies,2735409286,6.1476250951845115,11.970481087136486,99.0
1,606,The RAND Journal of Economics,34139249,5.937828143034202,16.00302811424509,135.0
1,606,Organization Theory,4210193178,5.740740506519456,6.262688389172148,120.0
1,606,Strategic Management Journal,102949365,5.649492836823686,6.6486757434666135,478.0
1,606,Administrative Science Quarterly,143668711,5.500294025695176,7.009172326162495,110.0
1,606,Academy of Management Journal,117778295,5.462619253363637,6.426891824118715,309.0
1,606,Academy of Management Review,46763546,5.375214586449062,5.963081396956882,260.0
1,606,Journal of Public Economics,199447588,5.372967543485601,10.121457819111594,640.0
1,606,Journal of Accounting Research,111116695,5.195882920231962,6.716274820698254,202.0
1,606,Marketing Science,163534328,4.890903613947057,8.725010167169575,329.0
1,606,Review of Accounting Studies,11853582,4.844365067220578,5.249927163364648,339.0
1,606,The Review of Corporate Finance Studies,2736251538,4.78465196593386,6.351434554271373,129.0
1,606,Annual Review of Organizational Psychology and Organizational Behavior,4210200923,4.646243936144774,3.683200014724566,87.0
1,606,Journal of Economic Issues,93666758,4.541712428059189,8.875358343362539,37.0
1,606,Journal of Econometrics,127742747,4.4236935162450575,12.497649224288462,792.0
1,606,Organizational Research Methods,133599136,4.400980378625337,4.736166074630121,117.0
1,606,National Tax Journal,116184629,4.362827109999511,9.173817621386599,22.0
1,606,Journal of Monetary Economics,6711363,4.353622631019572,10.439465150048717,380.0
1,606,Quantitative Economics,156003414,4.3520532660360365,13.807911379334904,174.0
1,606,European Finance Review,49857371,4.312480741067901,7.172200021499337,233.0
1,606,Journal of Management,122767448,4.181328272721822,3.8630304073783193,460.0
1,606,Organization Science,206124708,4.164631328480676,4.9899438475975035,515.0
1,606,Journal of Urban Economics,147692640,4.153151458467409,7.608053035199653,229.0
1,606,Journal of International Economics,198098467,4.111344628953842,8.220589031524979,431.0
1,606,Management Science,33323087,4.065670914912446,6.444232476812909,2062.0
1,606,Annual Review of Financial Economics,4210170931,3.9836508740119485,6.577900749259716,102.0
1,606,Entrepreneurship Theory and Practice,187626162,3.9533627188438034,2.7355694620071027,266.0
1,606,The Accounting Review,160506855,3.8793282805493607,4.155185262900739,496.0
1,606,The Leadership Quarterly,152304618,3.8532797288761884,3.959357910776469,179.0
1,606,Journal of the European Economic Association,165087003,3.783724039503475,11.726368714629642,284.0
1,606,Journal of Supply Chain Management,97320426,3.7292955162323755,1.947696422651085,90.0
1,606,Journal of Consumer Research,145429826,3.6432979366942155,3.395138261525152,208.0
1,606,NBER Macroeconomics Annual,127060114,3.5450498978219196,11.234272413949915,73.0
1,606,Review of Environmental Economics and Policy,140842003,3.504731471449047,4.13826184344502,88.0
1,606,Journal of International Business Studies,38024979,3.498350037609172,2.8007993350269085,435.0
1,606,Accounting Organizations and Society,198892436,3.474474507047451,2.651301653806519,166.0
1,606,Manufacturing & Service Operations Management,81410195,3.4445961167728796,3.6087810240805984,587.0
1,606,Journal of Labor Economics,8557221,3.3709139952792313,10.423171262239155,175.0
1,606,Strategic Entrepreneurship Journal,31690342,3.3100554198559813,2.3880596653500246,162.0
1,606,Journal of Marketing Research,119950638,3.2977715597349637,4.16158604772276,36.0
1,606,IMF Economic Review,21260181,3.2826429203487226,5.268392595564458,152.0
1,606,Review of Economic Dynamics,163499366,3.209406644577204,7.700138890229337,251.0
1,606,Journal of Management Studies,151705444,3.1819060483511192,2.5670021895820723,504.0
1,606,Strategy Science,4210183760,3.1511999111667324,3.2235679569730395,132.0
1,606,Journal of Applied Psychology,166002381,3.1402785282133254,3.4505733380240273,369.0
1,606,Journal of Business Venturing,66201313,3.1301692858385213,2.1938626781571537,228.0
1,606,Journal of Service Research,125608309,3.1218173353625778,1.9536199143489348,205.0
1,606,The Review of Economics and Statistics,180061323,3.121553063767881,7.116001944005764,561.0
1,606,The Economic Journal,45992627,3.100880125434541,8.243114026385605,503.0
1,606,Strategic Management Review,4210227337,3.045623632004618,9.275543964738828,61.0
1,606,Journal of Financial Reporting,4210219378,3.0214371248987124,3.2903450932356177,60.0
1,606,Journal of World Business,143995394,3.0080402982874506,2.0881678547176,242.0
1,606,Journal of the Academy of Marketing Science,92522684,2.9870718587295433,1.903692246144417,346.0
1,606,Journal of Retailing,159120381,2.9776211662670784,1.9556785573263518,183.0
1,606,Journal of the Association of Environmental and Resource Economists,2735550652,2.8745439860584967,5.539152327122943,42.0
1,606,Oxford Review of Economic Policy,106098198,2.8595224994880075,3.603942829068386,210.0
1,606,Academy of Management Perspectives,33741590,2.853033974151555,2.0461889281198355,139.0
1,606,Journal of International Business Policy,4210186510,2.814432045806278,1.7412031812557,139.0
1,606,The Journal of Economic Perspectives,72880728,2.784280453159416,4.482927785579174,39.0
1,606,Journal of Economic Theory,149131268,2.780204784215124,9.614850527399755,541.0
1,606,Research Policy,9731383,2.7770435527172355,1.9685486651615725,744.0
1,606,Contemporary Accounting Research,65924262,2.771134301950485,2.460921113968995,376.0
1,606,AEA Papers and Proceedings,4210213798,2.6561019600432543,5.978241474042824,542.0
1,606,The Journal of Human Resources,62957338,2.6290368558840855,6.663677912900473,159.0
1,606,The Journal of Law and Economics,998097505,2.6179996730580886,5.997958144415963,136.0
1,606,Journal of Health Economics,166621295,2.6126028463672823,4.710285232694872,375.0
1,606,Global Strategy Journal,2765008422,2.5974192491094557,1.7466827566605658,126.0
1,606,Journal of Financial and Quantitative Analysis,193228710,2.5937542562144533,4.463013440618667,335.0
1,606,Journal of Operations Management,142306484,2.5436642084214482,1.5557302660017824,220.0
1,606,Organization Studies,28882882,2.527377118337452,2.6692849112157346,412.0
1,606,Journal of Development Economics,101209419,2.503805842009559,5.174067795535752,604.0
1,606,Operations Research,125775545,2.4808522992345705,3.471676254971788,751.0
1,606,Strategic Organization,11394615,2.4800688633163515,2.115371787358963,176.0
1,606,Annual Review of Resource Economics,76844451,2.4544479671445143,1.850594404299956,116.0
1,606,AMS Review,4210173453,2.4312529788478656,1.156285899078098,131.0
1,606,International Economic Review,179979277,2.424955561103561,7.162826506607795,247.0
1,606,Journal of Advertising,103311983,2.3971127613224175,1.0321378953250018,229.0
1,606,Information Systems Research,202812398,2.362748899399497,2.4319495256092885,480.0
1,606,Journal of money credit and banking,2058785,2.346399700394896,4.06573018008977,124.0
1,606,International Journal of Research in Marketing,11810700,2.3371368320967365,1.5623210807960832,273.0
1,606,American Journal of Health Economics,4210173595,2.3092198202345027,4.204613440575393,23.0
1,606,Critical Finance Review,4210226497,2.2855210840243836,4.007576988132828,66.0
1,606,Human Relations,61446109,2.2507073029579856,1.788520814229612,310.0
1,606,Fiscal Studies,141600920,2.2497730010975308,4.011206062746893,131.0
1,606,Journal of Financial Intermediation,5984737,2.1961043813983685,2.542226712638173,117.0
1,606,Review of International Political Economy,2875300,2.1863536656618145,1.2884608621481823,336.0
1,606,Mathematical Finance,133335107,2.1792002414584735,1.863379947381085,134.0
1,606,Journal of Risk and Uncertainty,106686155,2.150002155429485,2.927114381924325,122.0
1,606,Journal of Environmental Economics and Management,200872515,2.106540138825464,2.4515309637093954,449.0
1,606,Journal of Organizational Behavior,160573970,2.1024654963122646,1.5708278505615485,360.0
1,606,Organizational Psychology Review,2764940387,2.078378318270843,1.5341165610822693,89.0
1,606,Economic Geography,38825547,2.0741400048391267,0.9245105293973197,120.0
1,606,Journal of Business Logistics,38350834,2.0606927771980263,0.7589833993462906,151.0
1,606,Quantitative Marketing and Economics,4210206015,2.059686715080561,5.703167569341805,59.0
1,606,Auditing A Journal of Practice & Theory,75845752,2.036443165919289,1.2947098971511024,173.0
1,606,Academy of Management Discoveries,4210202650,1.9916030796291655,1.8566769045673048,157.0
1,606,Econometrics Journal,33519306,1.9607186691818452,3.59648998281472,127.0
1,606,European Economic Review,69338747,1.9545209003888042,3.526018791627059,801.0
1,606,The Journal of Economic History,122073985,1.954411668403392,4.0170657155487515,203.0
1,606,Journal of Economic Growth,181171746,1.9295947312037711,5.049017666611354,65.0
1,606,Economy and Society,25250876,1.909520514639552,1.0581759617241453,67.0
1,606,Journal of Economic Surveys,124549413,1.88653511287421,1.7217351484450625,272.0
1,606,Journal of Applied Econometrics,85739584,1.8843088185507912,3.344805375466812,275.0
1,606,Business & Society,44376543,1.882705596611146,0.9890807708082124,262.0
1,606,Econometric Theory,49389958,1.8788252609861822,6.7253923181502095,174.0
1,606,Journal of Business and Economic Statistics,18095783,1.8672159052100719,5.588793215221681,434.0
1,606,Journal of Banking & Finance,2876017,1.853383310264757,1.6075468791332104,907.0
1,606,Production and Operations Management,149070780,1.8298942807330725,1.5675012783202993,1140.0
1,606,Canadian Journal of Agricultural Economics/Revue canadienne d agroeconomie,179517972,1.8071063785720942,0.5694799123255516,140.0
1,606,Journal of Risk & Insurance,116483603,1.7863440027418673,1.4884396210832218,138.0
1,606,Journal of Global Economic Analysis,4210214325,1.7704520898491065,1.6335824619611277,24.0
1,606,Milbank Quarterly,1650206,1.769550895107084,0.9506802933231859,215.0
1,606,Journal of Institutional Economics,146268463,1.766098932830775,1.0879807706936733,239.0
1,606,Information Economics and Policy,169221615,1.7654658813854966,3.448379066048505,104.0
1,606,Asian Economic Policy Review,23010633,1.764705750844931,0.4460655928986698,139.0
1,606,Journal of Product Innovation Management,93630570,1.762187167040637,0.8048898398480092,204.0
1,606,Journal of Business Venturing Insights,2898242091,1.743567806587992,0.8523976232888988,313.0
1,606,Economic Theory,579031,1.738402814603659,3.652965805869895,347.0
1,606,Academy of Management Learning and Education,45682993,1.7374781061300955,1.126483101821072,224.0
1,606,Labour Economics,163774179,1.7077729491893154,3.5451344810079535,500.0
1,606,International Journal of Forecasting,39841227,1.7027661103436054,1.7461958088043223,450.0
1,606,New Political Economy,146242404,1.6953313990603969,0.8374205743356794,271.0
1,606,Journal of Management Inquiry,17986141,1.6901474500887381,1.352885588110281,129.0
1,606,Management Accounting Research,114140714,1.687075139289591,0.8803810175101943,72.0
1,606,Personnel Psychology,84664706,1.6827648815517087,1.805404692288745,194.0
1,606,Journal of Financial Stability,121634618,1.665719788315366,1.0673814030201858,361.0
1,606,Long Range Planning,9435936,1.663992131444657,1.0170763155797518,220.0
1,606,Advances in Developing Human Resources,49321836,1.6518114054784145,0.4927115295344303,108.0
1,606,Explorations in Economic History,145471836,1.6469686728625577,2.7701152961389046,127.0
1,606,Cambridge Journal of Regions Economy and Society,97316453,1.6465631041527726,0.5844164488440647,191.0
1,606,The Journal of Law Economics and Organization,4210168091,1.6440345226422635,4.006827068378413,129.0
1,606,Small Business Economics,41869786,1.6423977929069422,0.870272855714692,651.0
1,606,Environment and Planning A Economy and Space,87933477,1.6398862574617707,0.6976549258374443,523.0
1,606,Journal of Business Ethics,76633192,1.637108250821752,0.9122913422432901,1436.0
1,606,Human Resource Management,134094273,1.6229478511787123,1.1069259276210612,230.0
1,606,Accounting Horizons,181356434,1.5994879984431165,1.0189425256333398,231.0
1,606,Finance and Stochastics,172526255,1.5978274646348596,0.7011098147212015,99.0
1,606,Financial Management,157946625,1.5908653184489072,1.815421541845617,134.0
1,606,Journal of Comparative Economics,138645024,1.5730900877837461,1.8427385988781755,237.0
1,606,Accounting and Business Research,323237,1.5672827996033882,0.683521740865782,163.0
1,606,Real Estate Economics,129086836,1.567226005233073,1.1860508804751753,171.0
1,606,American Journal of Agricultural Economics,91754907,1.5442755856116483,1.058732572234036,273.0
1,606,Marketing Letters,148909191,1.5330824502870906,0.9254096006905282,246.0
1,606,International Journal of Advertising,19358283,1.5214794983347377,0.555329740370889,335.0
1,606,European Accounting Review,171424506,1.5137834274438304,0.8119609235975674,270.0
1,606,Organization & Environment,94552155,1.5111290449788386,0.7950392746208723,93.0
1,606,Regional Science and Urban Economics,107631327,1.509152837642817,1.7057772860726994,279.0
1,606,Applied Economic Perspectives and Policy,4210201861,1.5029201989814849,0.6569085026877004,362.0
1,606,Journal of Economic Geography,46039370,1.4994323078498686,1.809844822904997,184.0
1,606,Organization,72915307,1.4891028067655552,1.1687062076047696,297.0
1,606,The Journal of Applied Behavioral Science,168717511,1.4717761394679618,0.7981852530793634,170.0
1,606,Contributions to Political Economy,137360237,1.470359150533204,0.7996363709869881,67.0
1,606,The World Bank Research Observer,117685085,1.4667079693278169,3.1238166997583408,38.0
1,606,Leadership,95314075,1.4623767321191012,0.8635202324091943,168.0
1,606,The Journal of Strategic Information Systems,6144335,1.459588586649855,0.6708619380599105,109.0
1,606,Journal of Industrial Economics,99067594,1.4547845408145665,3.5247308490434035,153.0
1,606,Journal of Business Finance &amp Accounting,48254654,1.4466843222022165,0.817546611465255,330.0
1,606,Human Resource Development Review,37660120,1.4460370336746033,0.4688133313559691,115.0
1,606,Review of Industrial Organization,3416249,1.4349984837502552,2.120741694606379,221.0
1,606,Industrial and Corporate Change,145507837,1.430090505332592,0.8160388889235812,297.0
1,606,Journal of Accounting and Public Policy,86762183,1.418459083946798,0.866138295945258,268.0
1,606,Regulation & Governance,108218269,1.4147780905388687,0.5805414297026716,315.0
1,606,British Journal of Management,184126201,1.407426794054013,0.7387133478220396,464.0
1,606,Management Learning,99768379,1.402300633661304,1.0239324003205432,222.0
1,606,Journal of Organization Design,3035068822,1.3979963114338398,0.8336004114136388,101.0
1,606,The Journal of Economic Education,128621090,1.3924306209586967,0.3853656536694183,157.0
1,606,Journal of Economic Dynamics and Control,44585919,1.3865409660319346,2.114273895250574,603.0
1,606,PharmacoEconomics,43019230,1.3828179152787692,1.1421752982480702,439.0
1,606,Human Resource Development International,140059072,1.382585810255483,0.4313117592572409,201.0
1,606,European Review of Economic History,176820844,1.3734281944950963,1.8634036519030424,118.0
1,606,Journal of Financial Counseling and Planning,2912066455,1.3495310243855185,0.23721681008366965,141.0
1,606,Journal of Public Policy & Marketing,37376905,1.344035969049638,0.5986159069337584,17.0
1,606,Issues in Accounting Education,6450948,1.3379874057806767,0.5241728347689631,191.0
1,606,Journal of Housing Economics,57862637,1.3208122331106842,1.284634779457706,149.0
1,606,Journal of Responsible Innovation,2764399430,1.3153104354148284,0.3307244541636224,204.0
1,606,Urban Studies,50366009,1.3069536533413424,0.5846769276706357,889.0
1,606,National Institute Economic Review,114571967,1.2990586310753527,0.9280992985657075,129.0
1,606,Environmental and Resource Economics,86125002,1.2861721732783025,1.0289461815235657,499.0
1,606,Journal of Management Accounting Research,16069442,1.284982986002475,1.0306173796864246,135.0
1,606,Marketing Theory,195188575,1.2838950980396049,0.6900567935472985,173.0
1,606,Journal of Professions and Organization,2735620406,1.2694295074134392,0.7713866930132072,104.0
1,606,Economic Development Quarterly,175759345,1.2672042003151203,0.5275554355513815,121.0
1,606,Journal of Benefit-Cost Analysis,87209429,1.2671814469569056,0.9974158601757617,111.0
1,606,Journal of International Money and Finance,10747938,1.2577988359817356,0.9678329547500947,633.0
1,606,Financial Review,9351053,1.2537800468285114,1.7648030385620541,175.0
1,606,Health Economics,145200904,1.2506959515208154,1.5976770644209408,703.0
1,606,Journal of Economic Methodology,52333995,1.2405275533806843,1.6862087050413948,134.0
1,606,Economic Inquiry,206615888,1.2361264935543066,1.5536581916265748,347.0
1,606,SIAM Journal on Financial Mathematics,75627377,1.234563704046473,0.48912080157291543,78.0
1,606,Human Resource Development Quarterly,191693275,1.2339713441937212,0.5378321583460127,123.0
1,606,Journal of Economics & Management Strategy,115237062,1.2335416323395239,1.7525393240584946,227.0
1,606,European Journal of Work and Organizational Psychology,187270080,1.2210877866534102,0.7569952308970392,304.0
1,606,Finance and Society,4210168463,1.215714353704139,0.46992973055904963,88.0
1,606,Management and Organization Review,70175541,1.2113417385386924,0.43014151544440554,245.0
1,606,Economic Policy,99606308,1.210431930792021,1.633247636636188,141.0
1,606,Journal of Change Management,38613568,1.2101025763069657,0.3275426871555139,90.0
1,606,Group & Organization Management,192266589,1.2064037413965139,0.7101923435735228,279.0
1,606,Oxford Bulletin of Economics and Statistics,92565720,1.2058777299574879,1.202493116495847,240.0
1,606,Journal of International Marketing,119908498,1.1980538296780756,0.5700975354092573,16.0
1,606,Corporate Governance An International Review,77308338,1.1978736536885182,0.6501087496188787,211.0
1,606,European Journal of Political Economy,100134864,1.196248382772834,1.43557067723558,445.0
1,606,The Journal of Real Estate Finance and Economics,202178085,1.187328291123255,0.6807265101186485,253.0
1,606,International Journal of Industrial Organization,183232449,1.1844152990881414,2.782591845673457,245.0
1,606,Journal of Financial Markets,127646213,1.1810729521329555,1.608926474334449,193.0
1,606,Journal of Financial Econometrics,207154782,1.1766217659205298,2.461745405416186,157.0
1,606,Competition & Change,187200255,1.173261956424208,0.5843186090606088,163.0
1,606,Regional Studies,175672440,1.169379398716257,0.5557786151914446,763.0
1,606,Zeitschrift für schweizerische Statistik und Volkswirtschaft/Schweizerische Zeitschrift für Volkswirtschaft und Statistik/Swiss journal of economics and statistics,2764405874,1.1562880319913607,0.8350856098756887,72.0
1,606,Applied Psychology,47864991,1.1539513397511607,0.5841543213066521,323.0
1,606,Journal of Public Economic Theory,184446198,1.1366753705432326,1.8526220992118485,237.0
1,606,Cambridge Journal of Economics,67103694,1.135651394401716,0.6441074668065561,212.0
1,606,Ecological Economics,136211407,1.1255259107487174,0.5422587453882097,1267.0
1,606,Journal of Business and Psychology,61413993,1.1207954237928843,0.9282837493031408,321.0
1,606,Journal of Geographical Systems,144150890,1.1206239919073835,0.2572202145093948,116.0
1,606,Journal of Sports Economics,49327401,1.0994436969810044,0.7257694282426693,190.0
1,606,Journal of Emerging Technologies in Accounting,116843975,1.098131993846857,0.34321386373080004,139.0
1,606,Journal of Competition Law & Economics,4210186350,1.0978253141331398,1.7146819859395892,34.0
1,606,Journal of Industry Competition and Trade,160194987,1.0894890668849408,1.2796551611938898,98.0
1,606,Journal of Current Issues & Research in Advertising,4210232136,1.078968561420678,0.33422300654127546,123.0
1,606,Journal of the Japanese and International Economies,160393188,1.072249019177696,0.7729411390325964,107.0
1,606,Scandinavian Journal of Economics,165253824,1.0685332187132979,1.7593472755259947,133.0
1,606,Health Care Management Science,59475652,1.0658463685727015,0.5926536834373096,169.0
1,606,Southern Economic Journal,16296580,1.0647519469972142,0.8243279286395555,251.0
1,606,Journal of Real Estate Research,52721111,1.0602648192510977,0.3419397920605178,113.0
1,606,The Geneva Risk and Insurance Review,194824457,1.0565326706104101,0.8781164563451761,57.0
1,606,Quantitative Finance,182689569,1.0539097803475488,0.5591781789352394,485.0
1,606,Accounting Economics and Law - A Convivium,4210169096,1.0376132402460543,0.30045573901060657,108.0
1,606,Journal of Governmental & Nonprofit Accounting,4210172931,1.0357437787813764,0.9333403906567753,27.0
1,606,Economica,108845946,1.0287000797405974,1.867142297153824,191.0
1,606,Open Economies Review,129650269,1.027957175867547,0.5169465667235189,199.0
1,606,Canadian Journal of Economics/Revue canadienne d économique,76440981,1.0274452179351532,1.789758745437178,245.0
1,606,Journal of Personal Selling and Sales Management,968139600,1.0236639830830547,0.44701638843823993,125.0
1,606,Public Choice,7424199,1.020965766629432,0.8319980039177872,428.0
1,606,Journal of Regional Science,65528657,1.0190650041007219,0.6321696910534129,225.0
1,606,The American Economist,2764393121,1.0154780845571978,0.33087866443170727,100.0
1,606,Papers of the Regional Science Association,101788309,1.0126724806875824,0.42106862995980054,252.0
1,606,Forum for Health Economics & Policy,81639433,1.0122518977572752,0.2076976176449741,21.0
1,606,Resource and Energy Economics,165058066,1.0114580160084274,0.7842573851686289,162.0
1,606,International Journal of Selection and Assessment,148368070,1.0080901629311276,0.5226420451282783,204.0
1,606,Journal of Financial Services Research,79175213,1.0066840143195992,0.7933178088317439,97.0
1,606,Financial Analysts Journal,162525099,1.003828655793001,0.6972123297763692,23.0
1,606,Journal of Macroeconomics,176795851,0.9996808485230279,0.9133434202178305,224.0
1,606,Journal of Accounting Auditing & Finance,107181468,0.9931488150065143,0.7525882309063837,189.0
1,606,Cliometrica,7241030,0.9920005847222956,1.2725390963266077,94.0
1,606,Review of Income and Wealth,174413665,0.9919104734772688,1.129306722598724,195.0
1,606,European Review of Agricultural Economics,32361082,0.9769305230166118,0.447510626026448,188.0
1,606,Journal of the American Taxation Association,6014304,0.9758859404707275,0.6479830503732613,72.0
1,606,The World Bank Economic Review,2735890421,0.972866321871881,1.666524980026209,165.0
1,606,Management Communication Quarterly,176497116,0.9680946159088867,0.32416547258911577,159.0
1,606,Journal of Empirical Finance,145875555,0.9651614869875761,1.125963975279639,342.0
1,606,Asian Economic Papers,4210209722,0.963658011920648,0.38374304890759803,85.0
1,606,Journal of Cultural Economy,206312523,0.9635545832798051,0.4408730263524392,320.0
1,606,Contemporary Economic Policy,185930956,0.9587310974552261,0.9727315727346701,181.0
1,606,Electronic Markets,137519996,0.9587243804496274,0.33142034283496824,332.0
1,606,World Economy,45372229,0.9561999919394111,0.6120053468906272,630.0
1,606,Journal of Public Finance and Public Choice,4210173397,0.9487450915031106,0.26002974265711326,63.0
1,606,Economics and Philosophy,128223704,0.9462764192919244,1.707294809633668,147.0
1,606,Industry and Innovation,36209479,0.9426804174900109,0.42656804859277236,240.0
1,606,Journal of Information Systems,82262387,0.9382408030945643,0.3337279018151306,117.0
1,606,Financial Markets Institutions and Instruments,39811122,0.9366800108562312,0.9451456002538015,50.0
1,606,Journal of Pensions Economics and Finance,73680622,0.93618325559529,0.9093171203476232,123.0
1,606,Journal of Productivity Analysis,34280410,0.9345039213447166,0.5443552398234323,165.0
1,606,Journal of Occupational and Organizational Psychology,87328381,0.930287766242645,0.5737309194452408,237.0
1,606,Journal of Housing Research,2764665883,0.9283293222382463,0.4861527540449402,61.0
1,606,Econometric Reviews,134988049,0.9276351560248838,1.8977845562013846,186.0
1,606,Journal of Information Technology,135086714,0.9210966766346839,0.35329622795040955,138.0
1,606,Review of Social Economy,14568501,0.9204775248580978,0.4254229767914179,106.0
1,606,Journal of Leadership & Organizational Studies,64831726,0.9165568235452181,0.4838941711960997,122.0
1,606,Land Economics,149285975,0.9071191774184619,0.6466922730531924,251.0
1,606,European Financial Management,131852005,0.8996767880078977,0.4985991322880867,249.0
1,606,Journal of Economic Policy Reform,74096415,0.8991524523303792,0.31485284894802507,90.0
1,606,Mathematics and Financial Economics,124412575,0.8863815115144537,0.638856090999694,102.0
1,606,The Economic History Review,165492527,0.8842537389923287,0.9726107924956588,397.0
1,606,Frontiers of Mathematical Finance,4210235754,0.8794482879440282,0.5267560932992492,47.0
1,606,Journal of Mathematical Economics,202934171,0.8769277262729089,2.136909238842296,364.0
1,606,Journal of Time Series Econometrics,90027464,0.8699878187681037,0.2519054141653084,30.0
1,606,Financial Planning Review,4210200979,0.8687582822417437,0.155609439314487,69.0
1,606,American Law and Economics Review,53993439,0.8640871901246566,1.4537740872822629,44.0
1,606,Review of Evolutionary Political Economy,4210198095,0.862534337676402,0.31464498903473387,114.0
1,606,The Journal of Finance and Data Science,2898431940,0.8582112450751447,0.3552633886232741,51.0
1,606,Tijdschrift voor Economische en Sociale Geografie,167074060,0.8547749527015978,0.2564364882020746,217.0
1,606,Naval Research Logistics (NRL),182666042,0.8533262678278828,0.6657137819860013,305.0
1,606,Applied Health Economics and Health Policy,194514787,0.8490622623972387,0.5803820636567274,300.0
1,606,Journal of the Association for Consumer Research,2735010472,0.8436475947766248,0.5688435197169841,25.0
1,606,International Tax and Public Finance,42192170,0.8376431056297459,1.14239501062732,246.0
1,606,The Journal of Index Investing,85985498,0.8341623858995774,0.46322017106724966,24.0
1,606,The European Journal of Health Economics,16530434,0.832403053350115,0.654619909136517,494.0
1,606,Abacus,161221442,0.8303478841156282,0.4041787553751717,143.0
1,606,Queueing Systems,148503350,0.8264345258117869,0.5762121099381421,245.0
1,606,International Regional Science Review,126936603,0.8242733555511687,0.19958537033660206,113.0
1,606,Decision Sciences Journal of Innovative Education,168561851,0.8240936081970304,0.1217226824069172,102.0
1,606,Journal of Consumer Affairs,189751245,0.8225333305041083,0.2808644287581747,286.0
1,606,German Journal of Human Resource Management Zeitschrift für Personalforschung,3022066471,0.821635906613253,0.3693191703917138,86.0
1,606,Review of Derivatives Research,100711025,0.8216205091078509,0.5453874112732324,40.0
1,606,Journal of Wine Economics,2764449665,0.8212201646875009,0.15854968321683305,143.0
1,606,Organizational Behavior Teaching Review,190363454,0.8206252077175382,0.17885220620584477,186.0
1,606,The Journal of Financial Data Science,4210236412,0.8176906247127464,0.3336392792638366,106.0
1,606,Constitutional Political Economy,166113629,0.8122053355193011,0.35745229990524596,126.0
1,606,Econometrics and Statistics,2898363556,0.8078130737641895,1.0637976606997595,236.0
1,606,Financial History Review,100930738,0.8014221372507558,0.5543338044380836,74.0
1,606,Local Economy The Journal of the Local Economy Policy Unit,201731998,0.801310828286427,0.15988707395247292,191.0
1,606,Journal of Government and Economics,4210238878,0.7989457039693962,0.28009848761483574,76.0
1,606,European Business Organization Law Review,9871798,0.7986339246942248,0.5282319741460042,146.0
1,606,Journal of Economics and Business,145099083,0.7967913646742412,0.45173914099148704,124.0
1,606,Journal of Human Capital,196716848,0.7951729586944634,1.1076122186772424,82.0
1,606,Service Science,2764807039,0.7935269593670303,0.5158873266181646,88.0
1,606,Social Choice and Welfare,107325288,0.793187764718383,1.240489206719716,308.0
1,606,Journal of Choice Modelling,2764690196,0.788481748391138,0.5099500673885082,154.0
1,606,Review of Keynesian Economics,2764655866,0.7813642153749188,0.4814578072014707,149.0
1,606,Critical Perspectives on International Business,45303301,0.7732619918651059,0.33598926007928626,124.0
1,606,Quarterly Journal of Finance,4210208451,0.7723360500403756,1.2470991019436497,94.0
1,606,Review of Political Economy,15356059,0.7651937459405975,0.5426749536090366,387.0
1,606,Intereconomics,59289252,0.764519462244846,0.2831573879711637,213.0
1,606,Economics of Innovation and New Technology,192056284,0.7627536273137545,0.5256778976267535,226.0
1,606,The Journal of Retirement,2764767644,0.7555062356302386,0.6963162165770459,73.0
1,606,Economics Letters,36178057,0.7488563647042172,0.8304277823767713,1876.0
1,606,Behavioral Research in Accounting,41393910,0.742079159242539,0.38801982757260756,60.0
1,606,International Environmental Agreements Politics Law and Economics,54467454,0.7405874089644774,0.3599719813508026,165.0
1,606,Humanistic Management Journal,4210202791,0.7387617728852806,0.08932164471190544,99.0
1,606,Human Performance,3835251,0.7357424693364428,0.3478645633683943,75.0
1,606,Advances in Accounting,27001385,0.7347764064929518,0.23175551067848127,135.0
1,606,Journal of Participation and Employee Ownership,4210235391,0.7290466274846558,0.21863872013656946,43.0
1,606,Spatial Economic Analysis,7161550,0.7232317217447595,0.3834554434617673,135.0
1,606,Management & Organizational History,168697966,0.7213850866741651,0.25238751993836867,71.0
1,606,SERIEs,204467137,0.7199040912819727,1.0389433027140973,82.0
1,606,FinanzArchiv Public Finance Analysis,22315241,0.7144185812123406,0.4710254883003805,9.0
1,606,Review of Network Economics,6772833,0.7115096268661234,0.6245589236444737,36.0
1,606,Review of International Economics,71783669,0.7054901379219615,0.5344908432657868,265.0
1,606,Scandinavian Journal of Management,171971387,0.7006875346590453,0.3413375104748389,132.0
1,606,Journal of Consumer Policy,99990550,0.7006604805716742,0.31319385435451375,124.0
1,606,Journal of Agricultural and Applied Economics,2739393555,0.69964988964449,0.1670539213352124,156.0
1,606,"Intelligent systems in accounting, finance and management/Intelligent systems in accounting, finance & management",4394735491,0.6967039349928157,0.131471725199006,66.0
1,606,ZFW – Advances in Economic Geography,4210235882,0.6943379693919444,0.19179069934929519,51.0
1,606,Journal of Agricultural & Food Industrial Organization,173627905,0.6942938527358363,0.2169078935506252,61.0
1,606,International Review of Law and Economics,121409115,0.693116594535993,0.4393491033466472,181.0
1,606,Empirical Economics,178258306,0.6921132817159136,0.5029095023427579,779.0
1,606,Foundations and Trends® in Technology Information and Operations Management,154432073,0.6900208806988182,0.7185073666928452,43.0
1,606,Review of World Economics,78091837,0.678662585167833,0.4282577802773801,159.0
1,606,The Journal of Portfolio Management,143806524,0.6784272650695808,0.3521848808694041,289.0
1,606,Journal of Law Finance and Accounting,4210191553,0.6781459983322956,0.9008580698436696,25.0
1,606,Applied Mathematical Finance,126012839,0.6764570041268649,0.36745122572526934,62.0
1,606,Customer Needs and Solutions,4210191533,0.6763364675841959,1.19985219573782,41.0
1,606,Oxford Economic Papers,26073974,0.6725312384334545,0.830867413672423,232.0
1,606,INFORMS Journal on Applied Analytics,4210202212,0.6722798864865421,0.6578800520628143,166.0
1,606,Science and Public Policy,4210168539,0.6716935321657955,0.18134712612781195,388.0
1,606,Eastern Economic Journal,7345157,0.6704104748167027,0.2727644458020995,86.0
1,606,Journal of Globalization and Development,11701373,0.6687393669300946,0.18418762633077534,44.0
1,606,German Economic Review,13669392,0.6654198034068837,0.45932112110905043,70.0
1,606,Public Budgeting &amp Finance,184729184,0.665093377501782,0.15561532011993462,85.0
1,606,International Journal of Theoretical and Applied Finance,173574685,0.6634575609998481,0.27530227975893845,152.0
1,606,World Trade Review,182519303,0.6632003813820956,0.2580584341563431,180.0
1,606,Defence and Peace Economics,191005381,0.6585054158105401,0.2840154149877966,227.0
1,606,Journal of Behavioral Finance,94083415,0.6563853248922439,0.30150208762821257,163.0
1,606,Journal of Business Cycle Research,68463970,0.6557970422116067,0.34901674396801535,53.0
1,606,Innovation,199690760,0.6528194819800529,0.2544924588313167,124.0
1,606,Family and Consumer Sciences Research Journal,173589923,0.6463984073648632,0.10896352888552359,122.0
1,606,Annals of Finance,146522396,0.6327928953149876,0.25164966593221966,89.0
1,606,Business and Politics,99707577,0.6303461497743871,0.2857027119623267,110.0
1,606,Asian Development Review,2764835697,0.6221557049679732,0.20275284821891673,88.0
1,606,Low Carbon Economy,2764434733,0.6209920067187141,0.16229067981835568,15.0
1,606,Economics and Politics,197981039,0.6146976763255099,0.4667249094089602,152.0
1,606,Journal of Asset Management,206916388,0.6145793499958503,0.21576102750559414,206.0
1,606,IZA Journal of Labor Policy,2764684190,0.6093644585996061,0.4828220189201989,39.0
1,606,Review of Quantitative Finance and Accounting,62110574,0.6089641820546454,0.24559998130021005,499.0
1,606,Health Policy,4210209709,0.6083969024235658,0.34155263353076715,685.0
1,606,European Journal of Law and Economics,37173775,0.6076567246575244,0.3988302897840359,173.0
1,606,Economic Theory Bulletin,2764804572,0.605075338639209,1.7828943989431802,95.0
1,606,International Economics and Economic Policy,5486590,0.6023415971698077,0.3271157086066694,145.0
1,606,Metroeconomica,171812798,0.6015867155338512,0.3151037114635688,165.0
1,606,ACM Transactions on Management Information Systems,4210170305,0.5997177207993865,0.07150713992313304,161.0
1,606,Macroeconomic Dynamics,136745531,0.5947642698188602,0.5184222190158028,264.0
1,606,De Economist,37814254,0.5936634374336461,0.29339180701418976,79.0
1,606,Accounting Historians Journal,2764889392,0.589980886637615,0.1466424998352335,79.0
1,606,Economia Politica,26598852,0.5896903302980613,0.3021341710847563,168.0
1,606,The B E Journal of Theoretical Economics,165881774,0.589514768023693,0.9618010499222792,112.0
1,606,Accounting History Review,2764833774,0.587971036132065,0.2731127053320709,52.0
1,606,Journal of Personnel Psychology,29210485,0.586854818554772,0.2558987910186784,109.0
1,606,Japan and the World Economy,70935693,0.5842998449511723,0.43585187153953087,107.0
1,606,International Review of Applied Economics,50561683,0.5762796934539146,0.1639988587049641,228.0
1,606,Latin American Journal of Central Banking,4210214005,0.5750747116658078,0.2768082929669221,105.0
1,606,Atlantic Economic Journal,120518121,0.5744439929545516,0.2393547706168429,130.0
1,606,Environment and Development Economics,164923136,0.5726272066396375,0.3366080594019351,125.0
1,606,Financial markets and portfolio management,4210231290,0.5712723115540794,0.3156517324522804,99.0
1,606,Journal of Real Estate Literature,10615428,0.5672372592793601,0.21194561055239863,40.0
1,606,Journal of Business Economics,2913204857,0.5666600450507115,0.22651276339930676,229.0
1,606,Business History,942037226,0.5651451629135525,0.2323387442776881,406.0
1,606,Innovation and Development,4210191457,0.562998827654174,0.1939369686850407,129.0
1,606,The Journal of Computational Finance,165973286,0.557587480170847,0.3924461681951225,14.0
1,606,Agribusiness,180723199,0.5570625235803226,0.11997469106933648,337.0
1,606,Manchester School,200838492,0.5567936076785285,0.5364700154360005,162.0
1,606,International Journal of Political Economy,113957626,0.5555399008143768,0.22988987578291573,106.0
1,606,Journal of International Accounting Research,127536956,0.5553791209882373,0.19752947672511395,122.0
1,606,Econometrics,2737431740,0.5552186367108145,0.8370350547756866,163.0
1,606,Culture and Organization,1076045,0.5486490151759181,0.3027520639009456,154.0
1,606,Journal of Institutional and Theoretical Economics JITE,4210172902,0.5466589950277266,1.0750601362398358,14.0
1,606,Journal of applied corporate finance,4394735563,0.544074278491073,0.48712466403927807,139.0
1,606,Kyklos,91661715,0.5422463236421263,0.3444741439146312,159.0
1,606,The Journal of Financial Research,74917840,0.542018836638988,0.40131447004574944,211.0
1,606,Italian Economic Journal,4210239487,0.5303942781341158,0.5721639068649921,147.0
1,606,Bulletin of Indonesian Economic Studies,203364070,0.5295149028544529,0.28174210948841266,79.0
1,606,Public Finance Review,180492355,0.5290883080512929,0.6102452853898562,118.0
1,606,Sports Economics Review,4387281774,0.5186281579441575,0.1508295735076702,28.0
1,606,Business Economics,162611689,0.5175817403355151,0.587717776145286,151.0
1,606,Accounting Perspectives,4210188630,0.5159884815471752,0.20954923383185478,96.0
1,606,Mathematical Social Sciences,149064342,0.5146202590976475,1.0891206633318768,246.0
1,606,The Annals of Regional Science,203746597,0.5111289298982421,0.21049321777442614,348.0
1,606,History of Political Economy,83145862,0.5108539429363866,0.5576148283571465,188.0
1,606,Empirica,133770707,0.5102736706501912,0.2048251759881602,151.0
1,606,Journal of Regulatory Economics,114801022,0.510029873131671,0.3069831050724011,80.0
1,606,Journal of Financial Therapy,2737115228,0.5097502060889698,0.04647465920209883,47.0
1,606,Revista de Historia Económica / Journal of Iberian and Latin American Economic History,50758683,0.5074058783413995,0.43154511048417904,63.0
1,606,History of Economics Review,2764531464,0.5067594600215248,0.49835926745460685,113.0
1,606,Japanese Economic Review,41930762,0.5036044826435898,0.45102196276711526,125.0
1,606,The Review of Austrian Economics,172297888,0.5005250990021531,0.2735787174178382,148.0
1,606,European Journal of the History of Economic Thought,105799767,0.49994948017263846,0.40943004091628377,275.0
1,606,Australian Economic Review,149486094,0.4998067721831007,0.4166343656426613,129.0
1,606,International Journal of the Economics of Business,35090897,0.496220402954359,0.2055514384851676,68.0
1,606,International Finance,2165841,0.49381394780087134,0.24115888154381818,71.0
1,606,Journal of Strategic Contracting and Negotiation,4210216314,0.4929810989564432,0.004600726446454631,32.0
1,606,Extremes,120391282,0.49253261974542106,0.6640794804298087,105.0
1,606,Review of Economics,4210177222,0.492075701789886,0.28182006918581515,48.0
1,606,Erasmus Journal for Philosophy and Economics,4210214382,0.48724684656853356,0.19592656238522327,158.0
1,606,Zeitschrift für Arbeits- und Organisationspsychologie A&O,181049350,0.48495246324209507,0.1381231862099573,85.0
1,606,European Journal of Economics and Economic Policies Intervention,2765073605,0.480725893119226,0.5083112094585699,151.0
1,606,Economics of Governance,156716048,0.4805285131170579,0.22526928083301279,82.0
1,606,Regional Studies Regional Science,2764536234,0.4794621904170597,0.13585291107896838,211.0
1,606,Business and Human Rights Journal,4210229067,0.4792646277210465,0.09225541350420868,115.0
1,606,Journal of International Economic Law,197191252,0.4789682333437366,0.2545803334902577,39.0
1,606,Review of Radical Political Economics,201928713,0.4780408190623069,0.16303333750814553,163.0
1,606,Journal of Real Estate Practice and Education,2764693117,0.47507919175218244,0.1128452810265128,27.0
1,606,Review of Law & Economics,180332110,0.47404958023600086,0.21682841235261732,75.0
1,606,Compensation & Benefits Review,113426170,0.467385985166625,0.12358420497362818,71.0
1,606,Scandinavian Economic History Review,170287006,0.46508245559912864,0.271411805387368,108.0
1,606,International Journal of Health Economics and Management,4210173643,0.46217428758054707,0.3667944221185134,96.0
1,606,Journal of Advertising Education,79974643,0.45858027278456404,0.03989200913179635,61.0
1,606,Journal of Service Management Research,4210181162,0.45828041930055025,0.32174251020630207,12.0
1,606,Economics of Transportation,2898237991,0.4552602408441493,0.6615733474616867,71.0
1,606,Gruppe Interaktion Organisation Zeitschrift für Angewandte Organisationspsychologie (GIO),4210192666,0.4546335140679599,0.07538806694192017,185.0
1,606,Accounting and the Public Interest,127111275,0.44794555600587993,0.12189441830296963,26.0
1,606,Journal of Healthcare Management,105625036,0.44474375019647416,0.02498775085175629,113.0
1,606,Digital Finance,4210211077,0.4429110809818301,0.13408462441134056,84.0
1,606,CESifo Economic Studies,30207186,0.4411926978947602,0.3435803760716236,69.0
1,606,The B E Journal of Macroeconomics,196564809,0.4400402941050166,0.5744649254273247,97.0
1,606,Indian Economic Review,2765032997,0.4355046118630736,0.23549083164805532,128.0
1,606,Comparative Economic Studies,120949314,0.4327727158912125,0.17999125264959967,118.0
1,606,International Review of Environmental and Resource Economics,191007255,0.4290180296946012,0.2524092697808413,47.0
1,606,Agricultural and Resource Economics Review,2764593300,0.4274088915059869,0.19883219500284102,109.0
1,606,Public Works Management & Policy,62940521,0.4268410398258341,0.1375389466971694,111.0
1,606,The Journal of Fixed Income,99789271,0.4256498265214226,0.5750033997547748,87.0
1,606,Review of Regional Research,4210170851,0.4223450798122498,0.16699481995728288,63.0
1,606,Capital Markets Law Journal,4060489,0.41404041024001514,0.20994295943008176,73.0
1,606,Decisions in Economics and Finance,4210167455,0.4079261445587258,1.0891447425146135,207.0
1,606,Indian Journal of Labour Economics,2764837506,0.40547904513409055,0.08320817368206672,230.0
1,606,International Journal of Game Theory,132210109,0.3999319165584752,0.6581362092627614,173.0
1,606,Current Issues in Auditing,80375752,0.39759316563786473,0.1606482406740269,81.0
1,606,Journal of the History of Economic Thought,4210168092,0.3965246063567349,0.25898784970527794,218.0
1,606,Risk Management and Insurance Review,2764347203,0.3827558546874576,0.12366064360501687,79.0
1,606,M n gement,4210168739,0.38200204223030604,0.17955711092252283,132.0
1,606,Journal of Organizational Ethnography,2764820791,0.37974176304303486,0.18125521846185122,97.0
1,606,Review of Regional Studies,2737866954,0.37940527740655383,0.10558349924223087,64.0
1,606,Homo Oeconomicus,138712653,0.37935193022420327,0.12727992498353832,52.0
1,606,Scottish Journal of Political Economy,111496547,0.3780418313027027,0.2602079904727254,121.0
1,606,Journal of Leadership Studies,135706173,0.3752198668917747,0.04524318810504881,149.0
1,606,Accounting Finance & Governance Review/Accounting finance & governance review,4210185427,0.3737514243754525,0.07424391579771629,22.0
1,606,Philosophy of Management,68051293,0.3726678642816212,0.05737915023521574,127.0
1,606,The B E Journal of Economic Analysis & Policy,55074384,0.36957149361819885,0.3652322899604455,213.0
1,606,Comptabilité - Contrôle - Audit,4210172125,0.3659331337284512,0.10112831451870635,45.0
1,606,Economía,4210175713,0.36376691381311366,0.15686760151027404,36.0
1,606,Baltic Journal of Economics,71377650,0.36356913680734493,0.1700557813181843,40.0
1,606,Communications of the Association for Information Systems,4210239688,0.35879868295172923,0.08855913206788582,122.0
1,606,The Journal of Investing,118000741,0.3587282087978495,0.3555408027844099,143.0
1,606,Transportation Journal,121321708,0.3560779040934956,0.10760827833572414,85.0
1,606,Annals of Economics and Statistics,2764518860,0.3477450536925199,0.5500170388593781,37.0
1,606,Research in Economics,156260212,0.3283807953984356,0.3272432505326113,144.0
1,606,New Zealand Economic Papers,4210201856,0.3257170243158414,0.1089257180412689,101.0
1,606,Journal of Economic Interaction and Coordination,146534985,0.32064642742621297,0.1483162260962055,137.0
1,606,The Journal of Alternative Investments,38909374,0.3206422501726041,0.4453922473837974,122.0
1,606,Economic Affairs,3030835295,0.3172360519666245,0.09020855896509164,177.0
1,606,NIM Marketing Intelligence Review,4210216864,0.31652411728977625,0.052399983982995675,57.0
1,606,Review of Behavioral Economics,4210179124,0.30345491199860986,0.19081772158284002,74.0
1,606,Cost Effectiveness and Resource Allocation,22361854,0.3032450612230741,0.17952486651903818,307.0
1,606,The Economists Voice,91213080,0.3028621410144512,0.04874900196249677,87.0
1,606,Journal of Entrpreneurial and Organizational Diversity,4210188189,0.3015662748500482,0.04055504006570198,32.0
1,606,Labour,184239247,0.3008234860887356,0.29379227059975443,83.0
1,606,Journal of Political Institutions and Political Economy,4210191152,0.3004603698854695,0.3386801105789533,109.0
1,606,International Journal of Economic Theory,16146169,0.29958161657670573,0.22913542373612936,106.0
1,606,REGION,4210188833,0.29774294931111933,0.05362953573328389,76.0
1,606,The journal of structured finance,4210200142,0.2974459688789541,0.262881022511841,33.0
1,606,Management Teaching Review,4210185842,0.29681550998128625,0.025163479300953643,116.0
1,606,Studies in Nonlinear Dynamics and Econometrics,193530623,0.2954047948743224,0.23628370091438236,176.0
1,606,PharmacoEconomics - Open,4210206322,0.29470809538135034,0.22525886874927398,248.0
1,606,Economic Record,130179515,0.29422729688872684,0.3860928914665288,245.0
1,606,Public Sector Economics,4210183797,0.29216256793075174,0.03695031048823303,79.0
1,606,Mathematical Methods of Operations Research,126160977,0.2885883733135888,0.21350881197639515,158.0
1,606,International Journal of Empirical Economics,4387278734,0.28682856286528335,0.1579988730065748,33.0
1,606,Health Economics Review,2738551320,0.284221609323976,0.1618789411752075,257.0
1,606,Revue d économie politique,945769174,0.28392686631279135,0.28498342543238275,86.0
1,606,Journal of Forensic Accounting Research,4210206678,0.2838406340812639,0.08523616619355534,91.0
1,606,The Economics of Peace and Security Journal,2765001115,0.2824667326601606,0.14869587736843262,21.0
1,606,Enterprise & Society,16035445,0.27812844866243736,0.20368472931634846,81.0
1,606,The Quarterly Journal of Austrian Economics,64915403,0.27543927579346533,0.07866451658720065,94.0
1,606,Journal of Sustainable Marketing,4210217165,0.27367661848923613,0.02504343693924678,47.0
1,606,Health Services Management Research,166753014,0.27226420125061324,0.06270443652788689,135.0
1,606,International Real Estate Review,4394736890,0.2702528051067471,0.07521093852694206,32.0
1,606,Schmalenbach Journal of Business Research,4210230847,0.26993779728634043,0.06962098626312098,104.0
1,606,The Japanese Political Economy,4210201520,0.26862294404002474,0.04491698740267073,66.0
1,606,Financial Services Review,102700472,0.26850412939458995,0.04561592375672388,116.0
1,606,Review of Economic Analysis,2737852900,0.2653998626593943,0.15356557288811898,82.0
1,606,Computational Management Science,28822639,0.26310479216314253,0.10486900914377145,145.0
1,606,Evolutionary and Institutional Economics Review,2764889080,0.26247495597197507,0.08187495374084831,102.0
1,606,Complex Systems Informatics and Modeling Quarterly,4210218084,0.24836969890783284,0.0221140778065841,100.0
1,606,Latin American Economic Review,2737251658,0.2481052416160203,0.10096424289338533,16.0
1,606,European Company and Financial Law Review,94967567,0.24693559416239397,0.08838406208406847,104.0
1,606,Pacific Rim Property Research Journal,2765045378,0.24454915587976767,0.02090948402301439,27.0
1,606,Wirtschaftsdienst,11350316,0.2343038553287887,0.040750152279802714,556.0
1,606,EconomiA,4210229507,0.23320672940202886,0.14084995511101978,76.0
1,606,List Forum für Wirtschafts- und Finanzpolitik,4210226616,0.23100227592508293,0.037003825808741495,69.0
1,606,Health Services and Outcomes Research Methodology,24290265,0.21948238829964742,0.07314985989162492,107.0
1,606,Competition and Regulation in Network Industries,2764802715,0.2162311944154666,0.11095130669644673,55.0
1,606,The Journal of World Investment & Trade,4210226457,0.21094560970244192,0.22210631062717465,144.0
1,606,Innovations,4210226904,0.20818206400513142,0.023569012579139747,110.0
1,606,International Journal of Sport Finance,126021079,0.2069022183497276,0.09750092687032826,40.0
1,606,management revue,4210230127,0.1963703176119155,0.018599179162711435,6.0
1,606,Finance,4210180542,0.19483305605406606,0.12112394052024371,41.0
1,606,Journal of Business Models,4306515390,0.19307620216934243,0.019696800674010986,55.0
1,606,The Developing Economies,128035191,0.1883318038266079,0.08792844661335734,144.0
1,606,Vierteljahrshefte zur Wirtschaftsforschung,4210197436,0.18812424357604615,0.018013531633674612,33.0
1,606,Asian Economic Journal,116662517,0.18652830880733923,0.07138567371620895,64.0
1,606,Forum for Social Economics,99304778,0.18215163455134487,0.03335325054978017,120.0
1,606,Stochastics,152786945,0.17920730331607262,0.07218217902070467,193.0
1,606,The Business History Review,88020226,0.16794370604909722,0.12883823224848634,139.0
1,606,International Insolvency Review,178953182,0.15992836490102097,0.09022944682532748,142.0
1,606,Revue de l'OFCE/La Revue de l'OFCE,4210228954,0.1597513123780539,0.21005446338549943,52.0
1,606,Journal of Design Business & Society,4210197808,0.1591720359013724,0.015148372310852424,51.0
1,606,Applied Econometrics,2764852000,0.1521285727048527,0.08782448411361599,19.0
1,606,European Competition Journal,171954068,0.14980413464165288,0.18544479174525436,106.0
1,606,Korean Journal of Financial Studies,4210206116,0.14819908750151328,0.027066188200422996,98.0
1,606,The ATA Journal of Legal Tax Research,4210175456,0.1472731487367766,0.0038220235943704313,16.0
1,606,Value in Health,678965,0.14433857449715334,0.11639000756734579,8032.0
1,606,Review of Economic Perspectives,132340323,0.1428099905459268,0.049651936695112926,52.0
1,606,Asian Journal of Law and Economics,36524903,0.1412736875716945,0.06943067368984093,66.0
1,606,Notas Económicas,4210205797,0.14124374413556873,0.21309001116287365,40.0
1,606,Journal of Financial Regulation,2734559656,0.14067047123152557,0.029457866761058587,10.0
1,606,OEconomia,4210230148,0.13573963141498363,0.09071192487934551,35.0
1,606,Revista de historia industrial,48393686,0.1341027753532926,0.07202915147995308,86.0
1,606,SOCIOLOGIA DEL LAVORO,4210228947,0.13188209970087986,0.06881668779501132,12.0
1,606,El Trimestre Económico,175963831,0.13171857911458587,0.11373074265463018,111.0
1,606,The Journal of Philosophical Economics,2738004809,0.12862045932168986,0.005605971965507295,48.0
1,606,Journal of Customer Behaviour,30370390,0.12803565221950933,0.014722483701181635,82.0
1,606,Financial and Economic Review,4210179870,0.12681050428347196,0.017434871565111146,17.0
1,606,International Journal of Automotive Technology and Management,147000529,0.1264504812739552,0.18060994234683053,129.0
1,606,ClinicoEconomics and Outcomes Research,2736382696,0.12300843513380813,0.06506198236700539,199.0
1,606,Prometheus,4210215475,0.12260347082053229,0.01813952803540634,68.0
1,606,The International Journal of Digital Accounting Research,148936004,0.11977756000520315,0.02227595072463296,17.0
1,606,Asia and the Global Economy,4210198794,0.11727814964313567,0.02554959734167488,54.0
1,606,Estudos Econômicos (São Paulo),4210223136,0.11270955611138646,0.0804668767555609,109.0
1,606,The Philippine Review of Economics,2764980737,0.11255098595870205,0.007383234802272178,65.0
1,606,Progress in Economic Geography,4387285873,0.10752184673012531,0.03886541571564391,28.0
1,606,Journal of health economics and outcomes research,4210194146,0.09752572624457574,0.036877546520782095,135.0
1,606,Journal of Media Economics,76295336,0.09308504720424934,0.02285418855475795,23.0
1,606,Marketing ZFP,4210170805,0.09292515473355999,0.06887669735108436,3.0
1,606,Economía,4210195359,0.09097848629130648,0.14376583816770022,25.0
1,606,Value in Health Regional Issues,2764833115,0.08915675064778805,0.09110973912792904,599.0
1,606,Journal of Accounting and Finance,4210230096,0.08710186604153142,0.0217825261194896,179.0
1,606,Croatian Economic Survey,2736872555,0.08467010287250029,0.015303627423086148,21.0
1,606,Journal of Business and Economic Studies,4210172557,0.08124235904719865,0.010704107524066097,8.0
1,606,Estudios de economía,4210197148,0.08066466675474818,0.027396343714472724,45.0
1,606,Cahiers d économie politique,4210234314,0.07999988702251665,0.06985776296082266,26.0
1,606,American Journal of Economics and Sociology,97548893,0.0720968108490308,0.020882099707918593,102.0
1,606,Intertax,2042836,0.06818425425453886,0.032848321727401424,20.0
1,606,APUNTES DEL CENES,2737009078,0.059830878356114225,0.007055844083968061,56.0
1,606,Journal of Hospital Management and Health Policy,4210218959,0.05903278898333265,0.00523768189939973,117.0
1,606,International Journal of Pluralism and Economics Education,170367418,0.055744764897738074,0.021875341717862585,88.0
1,606,Journal of Applied Business Research (JABR),2764593888,0.05523745357860942,0.01560812572695388,35.0
1,606,TSEG/ Low Countries Journal of Social and Economic History,4210183623,0.04347165328667049,0.03343244732487454,235.0
1,606,International Journal of Computational Economics and Econometrics,112489639,0.039659746874314665,0.008297916889707432,101.0
1,606,China Finance and Economic Review,2737575852,0.03541504961679066,0.007387495804774139,87.0
1,606,Asian Case Research Journal,135812718,0.035152741859659796,0.008790281505862715,75.0
1,606,Journal des Économistes et des Études Humaines,59505519,0.03457341667089837,0.058532010456848714,24.0
1,606,Revista de Economía Institucional,4210172834,0.034515895622530934,0.014256725513478317,65.0
1,606,Revista de análisis económico,4210218825,0.028085867509633034,0.024302874202265137,24.0
1,606,International Journal of Quality and Innovation,83383069,0.02257150652890884,0.0035827818213840525,21.0
1,606,Journal of Income Distribution,44544138,0.014748817287681328,0.0088678531893019,30.0
1,606,Revista de Economía del Rosario,2738725880,0.012804266550271262,0.006173906103782656,21.0
1,606,The Journal of Social Sciences Research,4210197040,0.005419885392806271,0.00030783849050837426,32.0
1,606,Arbitration International,124430719,0.004139111781527839,0.0007669041728769174,36.0
1,606,Actual Problems of Economics,32895864,0.0018639146968079958,0.0004029845710051963,83.0
2,158,Journal of Corporate Finance,152282257,3.120732951641636,2.619686513226313,825.0
2,158,Decision Sciences,177792750,1.5981511557331447,0.8928764685110002,180.0
2,158,Energy Economics,94499970,1.488364058468071,0.8277596658759508,2635.0
2,158,International Journal of Production Economics,184816971,1.4291164365719289,0.6330989652042032,1256.0
2,158,Technological Forecasting and Social Change,39307421,1.3835830614664273,0.5792761046236367,3123.0
2,158,China Finance Review International,2764509274,1.3053405297734872,0.7737560696561844,139.0
2,158,Omega,4210190151,1.2274061966015615,0.6577299434043116,659.0
2,158,Energy RESEARCH LETTERS,4210197708,1.216900476830745,0.46281905042422716,135.0
2,158,International Journal of Electronic Commerce,18436875,1.175019502293631,0.8083287420164916,86.0
2,158,Technology in Society,149100181,1.091807344146887,0.4020948663519802,1233.0
2,158,Telecommunications Policy,120991925,1.0598427954721021,0.5133625406184549,424.0
2,158,Frontiers of Business Research in China,71564990,1.0286761022124904,0.42576495194627456,35.0
2,158,Emerging Markets Review,197112600,1.0186808968670198,0.3990385136623211,353.0
2,158,International Review of Financial Analysis,145572626,1.0098909751781584,0.4256269900637478,1845.0
2,158,Economic Modelling,141184754,1.0064601169090641,0.49749659995656964,1384.0
2,158,Journal of International Financial Markets Institutions and Money,82743730,0.9624512986084767,0.36843608364535163,582.0
2,158,China Economic Review,19645890,0.9533832086644004,0.47905243607878645,631.0
2,158,Journal of Multinational Financial Management,92422469,0.9519804949723227,0.38762949251680595,118.0
2,158,Economic Systems Research,182651638,0.9397096852890585,0.46611071284415306,122.0
2,158,Journal of International Financial Management and Accounting,83262020,0.9068964318142283,0.2862004153416731,93.0
2,158,Finance research letters,88577320,0.8813130949443533,0.3461874392556764,3922.0
2,158,European Journal of Finance,82316188,0.8745579899835454,0.45069896782389723,420.0
2,158,Structural Change and Economic Dynamics,67638930,0.8745430095709965,0.3953752295217442,644.0
2,158,Journal of Futures Markets,136612413,0.8637102095034385,0.44929980326033886,374.0
2,158,Pacific-Basin Finance Journal,29049940,0.8530500823045565,0.32703274262208687,1004.0
2,158,Journal of Cleaner Production,58516903,0.8496434920522106,0.4349414713778142,21014.0
2,158,China Journal of Accounting Research,2764806082,0.8458658423397316,0.36170251254282276,127.0
2,158,Journal of Innovation & Knowledge,2898307581,0.8455562898112771,0.31368654387834694,425.0
2,158,Research in International Business and Finance,8133038,0.8237310491132085,0.2938004883722296,1212.0
2,158,Journal of Contemporary Accounting & Economics,142725411,0.8062151464829729,0.2931246555525682,130.0
2,158,Financial Innovation,3034727917,0.8046048147610251,0.29934394568875916,477.0
2,158,Journal of Managerial Psychology,53726244,0.7940519495220434,0.4233188141319766,240.0
2,158,Asia Pacific Journal of Management,107036887,0.792523434471152,0.39138851079565834,304.0
2,158,Leadership & Organization Development Journal,4210189271,0.7817580020360795,0.30315585204800977,340.0
2,158,Economic Systems,206007305,0.7782140143924248,0.3528350952596335,288.0
2,158,Resources Policy,194185345,0.771895645612145,0.3256536721030164,3096.0
2,158,China & World Economy,48661868,0.7551535762585517,0.3157064422363474,217.0
2,158,International Journal of Logistics Research and Applications,4210220312,0.7451812698196087,0.22002650522064596,386.0
2,158,Journal of Engineering and Technology Management,47993699,0.7267373838464164,0.22728254903972825,146.0
2,158,The Quarterly Review of Economics and Finance,125273398,0.7208641722840265,0.34176292624734644,518.0
2,158,Industrial Management & Data Systems,37320504,0.7173394658456315,0.24319475055645162,561.0
2,158,Global Finance Journal,150702451,0.7123644162711699,0.26639704322978647,329.0
2,158,Accounting and Finance,4210171597,0.7061272670146207,0.2550362354936955,741.0
2,158,The North American Journal of Economics and Finance,155526628,0.7035763523831177,0.3059044519553695,815.0
2,158,Economic Analysis and Policy,2898574612,0.6991156533570175,0.30223313872226537,1124.0
2,158,Journal of Management Science and Engineering,4210176257,0.6891345413233693,0.2836714023357866,146.0
2,158,Climate Change Economics,26772273,0.6867061944890425,0.370530032870116,123.0
2,158,International Journal of Finance & Economics,146099957,0.6799020663805356,0.3174129637764764,1206.0
2,158,International Review of Economics & Finance,168273071,0.6655458468399053,0.2844691596191793,1641.0
2,158,IEEE Transactions on Engineering Management,154533451,0.6617818117195653,0.19979761708667923,1637.0
2,158,Annals of Operations Research,57667410,0.6516306289090186,0.28195583120555573,2654.0
2,158,International Transactions in Operational Research,267729,0.6195290684526792,0.20917664010722037,697.0
2,158,Chinese Economy,114193083,0.6150644276495046,0.23486872650611812,153.0
2,158,Asia-Pacific Journal of Financial Studies,4210190745,0.6069191965591951,0.40791942755883076,148.0
2,158,Journal of Economics,107033909,0.6051790204806327,0.7005501337026586,184.0
2,158,IMA Journal of Management Mathematics,18727733,0.5989287394651047,0.3655641050960004,140.0
2,158,Electronic Commerce Research and Applications,187709482,0.5895816186952444,0.21850294100380688,430.0
2,158,Journal of Forecasting,122161766,0.5881612997706777,0.42045848561784016,526.0
2,158,Economic and Political Studies,4210192771,0.5825079358898964,0.31704112805873963,126.0
2,158,Journal of commodity markets,2898531903,0.5809814241405012,0.29457573125712,155.0
2,158,Australian Journal of Agricultural and Resource Economics,3593595,0.5771462322459466,0.25401961340782253,163.0
2,158,Asian Business & Management,82593474,0.5575136377780187,0.19794669086708788,161.0
2,158,Asia Pacific Journal of Human Resources,206927904,0.5528606216528602,0.22508045668218682,154.0
2,158,Journal of Asian Economics,69458508,0.5515887673758949,0.25375765639826336,395.0
2,158,Growth and Change,100141487,0.5417210353536995,0.18598855981334214,356.0
2,158,Borsa Istanbul Review,2764882396,0.5337435650956797,0.17978219963626452,390.0
2,158,Journal of Environmental Management,44455300,0.5334513981583829,0.24794171102914364,11512.0
2,158,Quantitative Finance and Economics,4210226759,0.5226966096099409,0.159339629926975,143.0
2,158,Emerging Markets Finance and Trade,166264140,0.518330000984286,0.18179562325290843,947.0
2,158,International Review of Finance,35246616,0.5179488956666323,0.2104897286190678,167.0
2,158,The Journal of Derivatives,173901576,0.5031988486032589,0.3216128062486552,100.0
2,158,Economic Research-Ekonomska Istraživanja,1014724869,0.4942536864862795,0.1564425917005385,1156.0
2,158,China Economic Journal,204649255,0.48737789263186043,0.18417799386286962,99.0
2,158,Journal of International Trade & Economic Development,23218617,0.482571919696777,0.1720822326004038,322.0
2,158,Journal of Chinese Economic and Business Studies,149050951,0.4712409379815529,0.12168250455558587,122.0
2,158,Environmental Economics and Policy Studies,2764896919,0.4394368577119725,0.19836597383219653,147.0
2,158,Asian Journal of Technology Innovation,116778711,0.435545582343316,0.12664762208701455,160.0
2,158,Innovation and Green Development,4387283849,0.4350897428208615,0.15271364255687273,86.0
2,158,Asia Pacific Business Review,117460449,0.4331583772933361,0.11502530299825323,324.0
2,158,Operations Research Perspectives,2898359650,0.42916648472925123,0.2368311255353501,130.0
2,158,Pacific Economic Review,200274427,0.4290194907427949,0.1719617031954091,100.0
2,158,Technology Analysis and Strategic Management,130699561,0.42165666396359186,0.13642908405530904,935.0
2,158,Applied Economics,201533460,0.40781337739126133,0.17156594069327968,2560.0
2,158,Review of Development Economics,95496512,0.4063385931918809,0.16067827207550983,470.0
2,158,Green Finance,4210209416,0.4047499339594924,0.13338189644707582,109.0
2,158,Journal of Applied Economics,40285785,0.39837939171546416,0.1653115541325118,209.0
2,158,Economic Change and Restructuring,4210193400,0.3887603021553577,0.13443972104988847,450.0
2,158,Electronic Commerce Research,205929853,0.3875211895177195,0.11435496884768713,496.0
2,158,China Economic Quarterly International,4210203057,0.38545410067962194,0.2704969698548299,85.0
2,158,Australian Economic Papers,57522439,0.3831576644718198,0.14952947976150158,175.0
2,158,Managerial and Decision Economics,138400101,0.3768845095230924,0.13837833926154708,1254.0
2,158,Operational Research,140563256,0.3634921042071135,0.14636761428512418,318.0
2,158,Computational Economics,98984247,0.3609217539925909,0.19495421645476077,778.0
2,158,International Journal of Systems Science Operations & Logistics,2764706523,0.35602296255577337,0.08347572484009015,212.0
2,158,Annals of Financial Economics,2764777187,0.3496166628889909,0.07583536267155862,106.0
2,158,Letters in Spatial and Resource Sciences,180512645,0.3367655203189951,0.10884752852141412,133.0
2,158,Science Technology and Society,202144432,0.32608632593283704,0.06341399549500051,15.0
2,158,OPEC Energy Review,4210208553,0.31700991013698543,0.09151585250337207,93.0
2,158,Journal of Data Information and Management,4210233850,0.31048384275848084,0.05568252983129274,110.0
2,158,Asia-Pacific Financial Markets,116955675,0.2924407899117214,0.10363263662882681,185.0
2,158,Journal of the Asia Pacific Economy,113509650,0.2911425792605449,0.09792432733632311,306.0
2,158,Applied Economics Letters,96544531,0.28569291946736486,0.14252218702153854,2131.0
2,158,Chinese Management Studies,149205526,0.2815158970077,0.10836081990531192,333.0
2,158,International Journal of Financial Engineering,4210202595,0.28047037374600375,0.09149759418824624,214.0
2,158,International Journal of Strategic Property Management,101163346,0.2736408116352761,0.07918803180140324,148.0
2,158,Asia-Pacific Journal of Accounting & Economics,4210203108,0.2727968217482062,0.12967145693905607,249.0
2,158,Journal of the Knowledge Economy,60370010,0.2631220620175305,0.05791544492779891,1375.0
2,158,Asia-Pacific Journal of Regional Science,4210175221,0.25668836845825593,0.08578495106928498,185.0
2,158,Bulletin of Economic Research,170913539,0.25193918075004573,0.150563323164949,221.0
2,158,International Game Theory Review,130757258,0.25099248644071825,0.15520836380615172,126.0
2,158,The Singapore Economic Review,62126747,0.2501436828509159,0.0787298599214685,555.0
2,158,Global Economic Review,47824075,0.24790918869560175,0.06309404459297348,80.0
2,158,Environment Development and Sustainability,155209994,0.24656622482789983,0.0735244321514613,4538.0
2,158,Global Journal of Emerging Market Economies,120011570,0.23878966030187082,0.05911151946952516,86.0
2,158,Resources Conservation & Recycling Advances,4210240235,0.23456438689595563,0.07843763452542872,150.0
2,158,Bulletin of Monetary Economics and Banking,4210240883,0.22687003726740573,0.059682227169332185,140.0
2,158,Investment Analysts Journal,2764792399,0.22676440701338063,0.07009818744222188,118.0
2,158,Humanities and Social Sciences Communications,4210206302,0.2189513280395546,0.04861435362270301,3400.0
2,158,Journal of Climate Finance,4387285669,0.2023937414697666,0.09674822711408995,42.0
2,158,Journal of International Commerce Economics and Policy,49164534,0.19102545089447126,0.043326845798247006,86.0
2,158,China Journal of Accounting Studies,4210169699,0.19013048770836002,0.08040189753285927,134.0
2,158,Economics,4210220385,0.18617803866338287,0.147761115060156,134.0
2,158,Nankai Business Review International,4210192138,0.17217962733563472,0.06422287016866475,139.0
2,158,China Accounting and Finance Review,4210217054,0.1674507615091806,0.05056178513411092,73.0
2,158,The Journal of developing areas,14567820,0.16353009094109508,0.03982780047528793,9.0
2,158,Journal of International Logistics and Trade,2764794650,0.15989783099064367,0.03720134310526385,67.0
2,158,St Petersburg University Journal of Economic Studies,4210225395,0.15385452102383074,0.007141975583391095,21.0
2,158,Asian-Pacific Economic Literature,59042063,0.139960211174988,0.04852588544662376,126.0
2,158,International Journal of Information Systems and Supply Chain Management,62270215,0.13910451159502996,0.018451185519345468,91.0
2,158,Credit and Capital Markets – Kredit und Kapital,4210192821,0.13424398410928232,0.13961545775128723,52.0
2,158,Applied Finance Letters,4210189494,0.1290055545742713,0.037954789027698256,72.0
2,158,系统科学与信息学报(英文),4210170797,0.12625532236169437,0.016702838227165326,121.0
2,158,Journal of Industrial and Management Optimization,114365116,0.1224493232720301,0.024882116472538962,633.0
2,158,Asian Journal of Economic Modelling,4210173693,0.11726923161914274,0.027388287617456784,53.0
2,158,Information Resources Management Journal,114639657,0.11229165332859144,0.03682957695882366,71.0
2,158,The International Food and Agribusiness Management Review,12132826,0.10773752989335385,0.023160102053919485,112.0
2,158,International Journal of Technology Management,171720814,0.09921686855199087,0.04496621992386164,260.0
2,158,International Studies of Economics,4387281549,0.0967371014265588,0.17530352295134938,88.0
2,158,International Journal of Green Economics,44763245,0.08018751990333732,0.033454897701411905,120.0
2,158,Chinese Journal of Urban and Environmental Studies,2764742078,0.07721750608947259,0.01147073262396456,91.0
2,158,The Economics and Finance Letters,4210189864,0.0671585150801906,0.014104299387733978,65.0
2,158,Development and sustainability in economics and finance.,4404669160,0.06515739500057095,8.946228998583598e-05,22.0
2,158,Journal of East European Management Studies,91071628,0.062131620870453874,0.01643527035315007,11.0
2,158,World Review of Political Economy,2764431486,0.05568477345818187,0.009784220887284376,45.0
2,158,Data Science in Finance and Economics,4210231521,0.05209674148949399,0.013804840446037315,64.0
2,158,Journal of Tax Reform,2739303216,0.04650108044413507,0.013906644127593739,31.0
2,158,Ekonomi Politika ve Finans Arastirmalari Dergisi,4210237676,0.04031887647186064,0.001531323685498096,167.0
2,158,Green and Low-Carbon Economy,4387287911,0.037590998561332516,0.008408142764610351,82.0
2,158,Journal of Academy of Business and Economics,2764480295,0.03260108973357218,0.01000435981896984,16.0
2,158,Indonesian Capital Market Review,2737963727,0.024042308681911054,0.0083073870382174,6.0
2,158,China and WTO Review,4210219030,0.02347365639427339,0.0018489028256985687,37.0
2,158,Ege Akademik Bakis (Ege Academic Review),2764951333,0.02087195358359399,0.00808508065918037,127.0
2,158,Journal of Entrepreneurship and Business Innovation,4210225012,0.020502048030662075,0.0008073175411927946,16.0
2,158,Journal of International Business Research and Marketing,4210177368,0.01900404948434088,0.00592893003970842,48.0
2,158,Istanbul Business Research,4210235745,0.009716382736325675,0.005172644863451658,21.0
2,158,International Journal of Business and Economic Studies,4210228474,0.00833199506852937,0.003849429891294152,38.0
2,158,Frontiers in Environmental Economics,4387281381,0.005998739910979209,0.0021125385327592358,38.0
2,158,Pakistan journal of commerce and social sciences,2738088027,0.002911951019412008,7.165842501226175e-05,82.0
