ISSN,Journal,categories,Subject_areas,source_id,display_name
0004-8992,Australian Economic History Review,[ECONOMICS],Bus Hist,https://openalex.org/S108455820,Australian Economic History Review
1467-2227,Enterprise and Society,[BUSINESS],Bus Hist,https://openalex.org/S16035445,Enterprise & Society
0007-6791,Business History,[BUSINESS],Bus Hist,https://openalex.org/S942037226,Business History
2155-2851,Accounting History Review,,Bus Hist,https://openalex.org/S2764833774,Accounting History Review
0007-6805,Business History Review,[BUSINESS],Bus Hist,https://openalex.org/S88020226,The Business History Review
0013-0117,Economic History Review,[ECONOMICS],Bus Hist,https://openalex.org/S165492527,The Economic History Review
1368-4221,Econometrics Journal,[ECONOMICS],Economics,https://openalex.org/S33519306,Econometrics Journal
1573-9414,Economic Change and Restructuring,[ECONOMICS],Economics,https://openalex.org/S4210193400,Economic Change and Restructuring
0144-8188,International Review of Law and Economics,[ECONOMICS],Economics,https://openalex.org/S121409115,International Review of Law and Economics
0922-680X,Journal of Regulatory Economics,[ECONOMICS],Economics,https://openalex.org/S114801022,Journal of Regulatory Economics
1479-8409,Journal of Financial Econometrics,"['BUSINESS, FINANCE', ECONOMICS]",Economics,https://openalex.org/S207154782,Journal of Financial Econometrics
1569-5239,Review of Economics of the Household,[ECONOMICS],Economics,https://openalex.org/S120253869,Review of Economics of the Household
0266-2671,Economics and Philosophy,,Economics,https://openalex.org/S128223704,Economics and Philosophy
0160-3477,Journal of Post Keynesian Economics,[ECONOMICS],Economics,https://openalex.org/S151404345,Journal of Post Keynesian Economics
0143-831X,Economic and Industrial Democracy,,Economics,https://openalex.org/S5195456,Economic and Industrial Democracy
1569-5239,Review of Economics of the Household,,Economics,https://openalex.org/S120253869,Review of Economics of the Household
2214-8043,Journal of Behavioral and Experimental Economics,[ECONOMICS],Economics,https://openalex.org/S4210233753,Journal of Behavioral and Experimental Economics
0960-3107,Applied Financial Economics,,Economics,https://openalex.org/S35128040,Applied Financial Economics
0004-900X,Australian Economic Papers,[ECONOMICS],Economics,https://openalex.org/S57522439,Australian Economic Papers
0967-2567,European Journal of the History of Economic Thought,[ECONOMICS],Economics,https://openalex.org/S105799767,European Journal of the History of Economic Thought
1744-1374,Journal of Institutional Economics,[ECONOMICS],Economics,https://openalex.org/S146268463,Journal of Institutional Economics
1465-6485,German Economic Review,[ECONOMICS],Economics,https://openalex.org/S13669392,German Economic Review
1941-1383,Annual Review of Economics,[ECONOMICS],Economics,https://openalex.org/S196715598,Annual Review of Economics
1815-4654,International Journal of Central Banking,"['BUSINESS, FINANCE']",Economics,https://openalex.org/S9551102,International journal of central banking
1933-6837,Theoretical Economics,,Economics,https://openalex.org/S10997704,Theoretical Economics
2640-205X,American Economic Review: Insights,[ECONOMICS],Economics,https://openalex.org/S4210174288,American Economic Review Insights
0018-2702,History of Political Economy,[ECONOMICS],Economics,https://openalex.org/S83145862,History of Political Economy
0012-9682,Econometrica,[ECONOMICS],Economics,https://openalex.org/S95464858,Econometrica
0015-2218,FinanzArchiv,,Economics,https://openalex.org/S22315241,FinanzArchiv Public Finance Analysis
0895-3309,Journal of Economic Perspectives,[ECONOMICS],Economics,https://openalex.org/S72880728,The Journal of Economic Perspectives
1945-7707,American Economic Journal: Macroeconomics,[ECONOMICS],Economics,https://openalex.org/S170166683,American Economic Journal Macroeconomics
0022-037X,Journal of Developing Areas,,Economics,https://openalex.org/S14567820,The Journal of developing areas
0034-6764,Review of Social Economy,,Economics,https://openalex.org/S14568501,Review of Social Economy
0160-0176,International Regional Science Review,,Economics,https://openalex.org/S126936603,International Regional Science Review
0020-6598,International Economic Review,[ECONOMICS],Economics,https://openalex.org/S179979277,International Economic Review
0022-2186,Journal of Law and Economics,[ECONOMICS],Economics,https://openalex.org/S998097505,The Journal of Law and Economics
0020-8183,International Organization,,Economics,https://openalex.org/S160686149,International Organization
0734-306X,Journal of Labor Economics,"[ECONOMICS, INDUSTRIAL RELATIONS & LABOR]",Economics,https://openalex.org/S8557221,Journal of Labor Economics
1051-1377,Journal of Housing Economics,"[ECONOMICS, URBAN STUDIES]",Economics,https://openalex.org/S57862637,Journal of Housing Economics
0257-3032,World Bank Research Observer,"[DEVELOPMENT STUDIES, ECONOMICS]",Economics,https://openalex.org/S117685085,The World Bank Research Observer
1364-985X,Australian Journal of Agricultural and Resource Economics,,Economics,https://openalex.org/S3593595,Australian Journal of Agricultural and Resource Economics
0889-938X,Review of Industrial Organization,"[ECONOMICS, MANAGEMENT]",Economics,https://openalex.org/S3416249,Review of Industrial Organization
1935-1690,B.E. Journal of Macroeconomics,,Economics,https://openalex.org/S196564809,The B E Journal of Macroeconomics
1935-1704,B.E. Journal of Theoretical Economics,,Economics,https://openalex.org/S165881774,The B E Journal of Theoretical Economics
0269-2171,International Review of Applied Economics,,Economics,https://openalex.org/S50561683,International Review of Applied Economics
1361-374X,Pacific Economic Review,[ECONOMICS],Economics,https://openalex.org/S200274427,Pacific Economic Review
1357-1516,International Journal of the Economics of Business,,Economics,https://openalex.org/S35090897,International Journal of the Economics of Business
0967-0750,Economics of Transition,,Economics,https://openalex.org/S166792937,Economics of Transition
0391-5115,Journal of European Economic History,,Economics,https://openalex.org/S2764747635,Journal of European economic history/The Journal of European economic history
1941-1367,Annual Review of Financial Economics,"['BUSINESS, FINANCE', ECONOMICS]",Economics,https://openalex.org/S4210170931,Annual Review of Financial Economics
1011-6702,Journal of World Trade,[ECONOMICS],Economics,https://openalex.org/S105430050,Journal of World Trade
0378-5920,World Economy,"['BUSINESS, FINANCE', ECONOMICS]",Economics,https://openalex.org/S45372229,World Economy
1121-7081,Labour,,Economics,https://openalex.org/S184239247,Labour
1945-7782,American Economic Journal: Applied Economics,[ECONOMICS],Economics,https://openalex.org/S42893225,American Economic Journal Applied Economics
0007-4918,Bulletin of Indonesian Economic Studies,"[AREA STUDIES, ECONOMICS]",Economics,https://openalex.org/S203364070,Bulletin of Indonesian Economic Studies
1053-8372,Journal of the History of Economic Thought,,Economics,https://openalex.org/S4210168092,Journal of the History of Economic Thought
0028-0283,National Tax Journal,"['BUSINESS, FINANCE', ECONOMICS]",Economics,https://openalex.org/S116184629,National Tax Journal
0013-0249,Economic Record,[ECONOMICS],Economics,https://openalex.org/S130179515,Economic Record
1479-2931,Maritime Economics and Logistics,,Economics,https://openalex.org/S2764994788,Maritime Economics & Logistics
1097-3923,Journal of Public Economic Theory,[ECONOMICS],Economics,https://openalex.org/S184446198,Journal of Public Economic Theory
0933-1433,Journal of Population Economics,"[DEMOGRAPHY, ECONOMICS]",Economics,https://openalex.org/S18284184,Journal of Population Economics
0013-0095,Economic Geography,,Economics,https://openalex.org/S38825547,Economic Geography
0004-9018,Australian Economic Review,[ECONOMICS],Economics,https://openalex.org/S149486094,Australian Economic Review
1350-178X,Journal of Economic Methodology,[ECONOMICS],Economics,https://openalex.org/S52333995,Journal of Economic Methodology
0022-5258,Journal of Transport Economics and Policy,"[ECONOMICS, TRANSPORTATION]",Economics,https://openalex.org/S90477801,Journal of transport economics and policy
0013-0427,Economica,[ECONOMICS],Economics,https://openalex.org/S108845946,Economica
0307-3378,Bulletin of Economic Research,[ECONOMICS],Economics,https://openalex.org/S170913539,Bulletin of Economic Research
1475-1461,Socio-Economic Review,,Economics,https://openalex.org/S147547362,Socio-Economic Review
0266-4666,Econometric Theory,[ECONOMICS],Economics,https://openalex.org/S49389958,Econometric Theory
1463-6786,Manchester School,[ECONOMICS],Economics,https://openalex.org/S200838492,Manchester School
0306-8293,International Journal of Social Economics,,Economics,https://openalex.org/S49131624,International Journal of Social Economics
1932-8575,Journal of Human Capital,[ECONOMICS],Economics,https://openalex.org/S196716848,Journal of Human Capital
0927-5371,Labour Economics,[ECONOMICS],Economics,https://openalex.org/S163774179,Labour Economics
0347-0520,Scandinavian Journal of Economics,[ECONOMICS],Economics,https://openalex.org/S165253824,Scandinavian Journal of Economics
0570-1864,Annals of Regional Science,,Economics,https://openalex.org/S203746597,The Annals of Regional Science
0195-6574,Energy Journal,"[ECONOMICS, ENVIRONMENTAL STUDIES]",Economics,https://openalex.org/S102805530,The Energy Journal
0377-7332,Empirical Economics,[ECONOMICS],Economics,https://openalex.org/S178258306,Empirical Economics
1370-4788,Annals of Public and Cooperative Economics,[ECONOMICS],Economics,https://openalex.org/S4394735553,Annals of Public and Cooperative Economics
0960-6491,Industrial and Corporate Change,"[BUSINESS, ECONOMICS, MANAGEMENT]",Economics,https://openalex.org/S145507837,Industrial and Corporate Change
0013-0133,Economic Journal,[ECONOMICS],Economics,https://openalex.org/S45992627,The Economic Journal
0020-8833,International Studies Quarterly,,Economics,https://openalex.org/S91639875,International Studies Quarterly
0095-2583,Economic Inquiry,[ECONOMICS],Economics,https://openalex.org/S206615888,Economic Inquiry
0030-7653,Oxford Economic Papers,[ECONOMICS],Economics,https://openalex.org/S26073974,Oxford Economic Papers
0924-6460,Environmental and Resource Economics,"[ECONOMICS, ENVIRONMENTAL STUDIES]",Economics,https://openalex.org/S86125002,Environmental and Resource Economics
0165-4896,Mathematical Social Sciences,,Economics,https://openalex.org/S149064342,Mathematical Social Sciences
1057-9230,Health Economics (United Kingdom),"[ECONOMICS, HEALTH CARE SCIENCES & SERVICES, HEALTH POLICY & SERVICES]",Economics,https://openalex.org/S145200904,Health Economics
0167-4870,Journal of Economic Psychology,,Economics,https://openalex.org/S71968408,Journal of Economic Psychology
0022-4146,Journal of Regional Science,,Economics,https://openalex.org/S65528657,Journal of Regional Science
0258-6770,World Bank Economic Review,"['BUSINESS, FINANCE', DEVELOPMENT STUDIES, ECONOMICS]",Economics,https://openalex.org/S2735890421,The World Bank Economic Review
0308-5147,Economy and Society,,Economics,https://openalex.org/S25250876,Economy and Society
0021-3624,Journal of Economic Issues,[ECONOMICS],Economics,https://openalex.org/S93666758,Journal of Economic Issues
0002-9092,American Journal of Agricultural Economics,"[AGRICULTURAL ECONOMICS & POLICY, ECONOMICS]",Economics,https://openalex.org/S91754907,American Journal of Agricultural Economics
0938-2259,Economic Theory,[ECONOMICS],Economics,https://openalex.org/S579031,Economic Theory
0747-4938,Econometric Reviews,[ECONOMICS],Economics,https://openalex.org/S134988049,Econometric Reviews
0309-166X,Cambridge Journal of Economics,[ECONOMICS],Economics,https://openalex.org/S67103694,Cambridge Journal of Economics
0164-0704,Journal of Macroeconomics,[ECONOMICS],Economics,https://openalex.org/S176795851,Journal of Macroeconomics
0176-2680,European Journal of Political Economy,[ECONOMICS],Economics,https://openalex.org/S100134864,European Journal of Political Economy
1753-0350,Journal of Cultural Economy,,Economics,https://openalex.org/S206312523,Journal of Cultural Economy
0954-1748,Journal of International Development,,Economics,https://openalex.org/S96563387,Journal of International Development
0301-4215,Energy Policy,,Economics,https://openalex.org/S175056054,Energy Policy
1350-4851,Applied Economics Letters,[ECONOMICS],Economics,https://openalex.org/S96544531,Applied Economics Letters
1061-8600,Journal of Computational and Graphical Statistics,,Economics,https://openalex.org/S76159266,Journal of Computational and Graphical Statistics
0007-2303,Brookings Papers on Economic Activity,[ECONOMICS],Economics,https://openalex.org/S4210173904,Brookings Papers on Economic Activity
0022-0507,Journal of Economic History,[ECONOMICS],Economics,https://openalex.org/S122073985,The Journal of Economic History
0301-4797,Journal of Environmental Management,,Economics,https://openalex.org/S44455300,Journal of Environmental Management
0167-6296,Journal of Health Economics,"[ECONOMICS, HEALTH CARE SCIENCES & SERVICES, HEALTH POLICY & SERVICES]",Economics,https://openalex.org/S166621295,Journal of Health Economics
0022-1821,Journal of Industrial Economics,"['BUSINESS, FINANCE', ECONOMICS]",Economics,https://openalex.org/S99067594,Journal of Industrial Economics
0264-9993,Economic Modelling,[ECONOMICS],Economics,https://openalex.org/S141184754,Economic Modelling
8756-6222,"Journal of Law, Economics, and Organization",,Economics,https://openalex.org/S4210168091,The Journal of Law Economics and Organization
0305-750X,World Development,,Economics,https://openalex.org/S85457386,World Development
1094-2025,Review of Economic Dynamics,[ECONOMICS],Economics,https://openalex.org/S163499366,Review of Economic Dynamics
1610-2878,Review of World Economics,[ECONOMICS],Economics,https://openalex.org/S78091837,Review of World Economics
1386-4157,Experimental Economics,[ECONOMICS],Economics,https://openalex.org/S181493553,Experimental Economics
0020-7276,International Journal of Game Theory,[ECONOMICS],Economics,https://openalex.org/S132210109,International Journal of Game Theory
0883-7252,Journal of Applied Econometrics,[ECONOMICS],Economics,https://openalex.org/S85739584,Journal of Applied Econometrics
0305-9049,Oxford Bulletin of Economics and Statistics,[ECONOMICS],Economics,https://openalex.org/S92565720,Oxford Bulletin of Economics and Statistics
0167-6245,Information Economics and Policy,[ECONOMICS],Economics,https://openalex.org/S169221615,Information Economics and Policy
1056-8190,Papers in Regional Science,,Economics,https://openalex.org/S101788309,Papers of the Regional Science Association
1569-1721,Journal of Economic Inequality,[ECONOMICS],Economics,https://openalex.org/S90873577,The Journal of Economic Inequality
1945-7669,American Economic Journal: Microeconomics,[ECONOMICS],Economics,https://openalex.org/S96919139,American Economic Journal Microeconomics
2041-4161,IMF Economic Review,"['BUSINESS, FINANCE', ECONOMICS]",Economics,https://openalex.org/S21260181,IMF Economic Review
0169-5150,Agricultural Economics,"[AGRICULTURAL ECONOMICS & POLICY, ECONOMICS]",Economics,https://openalex.org/S154775064,Agricultural Economics
0308-597X,Marine Policy,,Economics,https://openalex.org/S56205983,Marine Policy
0895-5646,Journal of Risk and Uncertainty,"['BUSINESS, FINANCE', ECONOMICS]",Economics,https://openalex.org/S106686155,Journal of Risk and Uncertainty
0266-4658,Economic Policy,[ECONOMICS],Economics,https://openalex.org/S99606308,Economic Policy
1468-2702,Journal of Economic Geography,,Economics,https://openalex.org/S46039370,Journal of Economic Geography
0034-6586,Review of Income and Wealth,[ECONOMICS],Economics,https://openalex.org/S174413665,Review of Income and Wealth
1088-1980,Journal of Industrial Ecology,,Economics,https://openalex.org/S203731762,Journal of Industrial Ecology
0023-5962,Kyklos,[ECONOMICS],Economics,https://openalex.org/S91661715,Kyklos
1381-4338,Journal of Economic Growth,[ECONOMICS],Economics,https://openalex.org/S181171746,Journal of Economic Growth
0033-5533,Quarterly Journal of Economics,[ECONOMICS],Economics,https://openalex.org/S203860005,The Quarterly Journal of Economics
0090-0036,American Journal of Public Health,,Economics,https://openalex.org/S168049282,American Journal of Public Health
0162-1459,Journal of the American Statistical Association,,Economics,https://openalex.org/S4394736638,Journal of the American Statistical Association
1618-7598,European Journal of Health Economics,"[ECONOMICS, HEALTH POLICY & SERVICES]",Economics,https://openalex.org/S16530434,The European Journal of Health Economics
1058-6407,Journal of Economics and Management Strategy,"[ECONOMICS, MANAGEMENT]",Economics,https://openalex.org/S115237062,Journal of Economics & Management Strategy
1062-9769,Quarterly Review of Economics and Finance,[ECONOMICS],Economics,https://openalex.org/S125273398,The Quarterly Review of Economics and Finance
1043-951X,China Economic Review,[ECONOMICS],Economics,https://openalex.org/S19645890,China Economic Review
0304-4068,Journal of Mathematical Economics,[ECONOMICS],Economics,https://openalex.org/S202934171,Journal of Mathematical Economics
1059-0560,International Review of Economics and Finance,"['BUSINESS, FINANCE', ECONOMICS]",Economics,https://openalex.org/S168273071,International Review of Economics & Finance
0023-7639,Land Economics,,Economics,https://openalex.org/S149285975,Land Economics
0002-8282,American Economic Review,[ECONOMICS],Economics,https://openalex.org/S23254222,American Economic Review
0304-4076,Journal of Econometrics,[ECONOMICS],Economics,https://openalex.org/S127742747,Journal of Econometrics
0165-1587,European Review of Agricultural Economics,"[AGRICULTURAL ECONOMICS & POLICY, ECONOMICS]",Economics,https://openalex.org/S32361082,European Review of Agricultural Economics
0048-7333,Research Policy,,Economics,https://openalex.org/S9731383,Research Policy
0034-6535,Review of Economics and Statistics,[ECONOMICS],Economics,https://openalex.org/S180061323,The Review of Economics and Statistics
0921-8009,Ecological Economics,"[ECOLOGY, ECONOMICS, ENVIRONMENTAL STUDIES]",Economics,https://openalex.org/S136211407,Ecological Economics
0936-9937,Journal of Evolutionary Economics,[ECONOMICS],Economics,https://openalex.org/S121026525,Journal of Evolutionary Economics
0038-0121,Socio-Economic Planning Sciences,"[ECONOMICS, MANAGEMENT, OPERATIONS RESEARCH & MANAGEMENT SCIENCE]",Economics,https://openalex.org/S153485742,Socio-Economic Planning Sciences
0034-6527,Review of Economic Studies,[ECONOMICS],Economics,https://openalex.org/S88935262,The Review of Economic Studies
0022-3808,Journal of Political Economy,[ECONOMICS],Economics,https://openalex.org/S95323914,Journal of Political Economy
1049-0078,Journal of Asian Economics,[ECONOMICS],Economics,https://openalex.org/S69458508,Journal of Asian Economics
0140-9883,Energy Economics,[ECONOMICS],Economics,https://openalex.org/S94499970,Energy Economics
1091-1421,Public Finance Review,,Economics,https://openalex.org/S180492355,Public Finance Review
0038-4038,Southern Economic Journal,[ECONOMICS],Economics,https://openalex.org/S16296580,Southern Economic Journal
0014-4983,Explorations in Economic History,[ECONOMICS],Economics,https://openalex.org/S145471836,Explorations in Economic History
0965-7576,Review of International Economics,[ECONOMICS],Economics,https://openalex.org/S71783669,Review of International Economics
0047-2727,Journal of Public Economics,[ECONOMICS],Economics,https://openalex.org/S199447588,Journal of Public Economics
0304-3932,Journal of Monetary Economics,"['BUSINESS, FINANCE', ECONOMICS]",Economics,https://openalex.org/S6711363,Journal of Monetary Economics
0954-1985,Economics and Politics,[ECONOMICS],Economics,https://openalex.org/S197981039,Economics and Politics
0022-1996,Journal of International Economics,[ECONOMICS],Economics,https://openalex.org/S198098467,Journal of International Economics
0022-0531,Journal of Economic Theory,[ECONOMICS],Economics,https://openalex.org/S149131268,Journal of Economic Theory
0304-3878,Journal of Development Economics,[ECONOMICS],Economics,https://openalex.org/S101209419,Journal of Development Economics
1365-1005,Macroeconomic Dynamics,[ECONOMICS],Economics,https://openalex.org/S136745531,Macroeconomic Dynamics
0022-0515,Journal of Economic Literature,[ECONOMICS],Economics,https://openalex.org/S127708089,Journal of Economic Literature
0095-0696,Journal of Environmental Economics and Management,"[BUSINESS, ECONOMICS, ENVIRONMENTAL STUDIES]",Economics,https://openalex.org/S200872515,Journal of Environmental Economics and Management
0008-4085,Canadian Journal of Economics,[ECONOMICS],Economics,https://openalex.org/S76440981,Canadian Journal of Economics/Revue canadienne d économique
0165-1765,Economics Letters,[ECONOMICS],Economics,https://openalex.org/S36178057,Economics Letters
0931-8658,Journal of Economics/ Zeitschrift fur Nationalokonomie,[ECONOMICS],Economics,https://openalex.org/S107033909,Journal of Economics
1542-4766,Journal of the European Economic Association,[ECONOMICS],Economics,https://openalex.org/S165087003,Journal of the European Economic Association
0167-2681,Journal of Economic Behavior and Organization,[ECONOMICS],Economics,https://openalex.org/S62201805,Journal of Economic Behavior & Organization
0741-6261,RAND Journal of Economics,[ECONOMICS],Economics,https://openalex.org/S34139249,The RAND Journal of Economics
0266-903X,Oxford Review of Economic Policy,[ECONOMICS],Economics,https://openalex.org/S106098198,Oxford Review of Economic Policy
0014-2921,European Economic Review,[ECONOMICS],Economics,https://openalex.org/S69338747,European Economic Review
0094-1190,Journal of Urban Economics,"[ECONOMICS, URBAN STUDIES]",Economics,https://openalex.org/S147692640,Journal of Urban Economics
0003-6846,Applied Economics,[ECONOMICS],Economics,https://openalex.org/S201533460,Applied Economics
1361-4916,European Review of Economic History,[ECONOMICS],Economics,https://openalex.org/S176820844,European Review of Economic History
0021-9886,Journal of Common Market Studies,[ECONOMICS],Economics,https://openalex.org/S122406424,JCMS Journal of Common Market Studies
0950-0804,Journal of Economic Surveys,[ECONOMICS],Economics,https://openalex.org/S124549413,Journal of Economic Surveys
0036-9292,Scottish Journal of Political Economy,[ECONOMICS],Economics,https://openalex.org/S111496547,Scottish Journal of Political Economy
1945-7731,American Economic Journal: Economic Policy,[ECONOMICS],Economics,https://openalex.org/S158011328,American Economic Journal Economic Policy
0166-0462,Regional Science and Urban Economics,,Economics,https://openalex.org/S107631327,Regional Science and Urban Economics
1080-8620,Real Estate Economics,"['BUSINESS, FINANCE', ECONOMICS, URBAN STUDIES]",Economics,https://openalex.org/S129086836,Real Estate Economics
0168-8510,Health Policy,,Economics,https://openalex.org/S4210209709,Health Policy
0022-0388,Journal of Development Studies,,Economics,https://openalex.org/S61808140,The Journal of Development Studies
0735-0015,Journal of Business and Economic Statistics,[ECONOMICS],Economics,https://openalex.org/S18095783,Journal of Business and Economic Statistics
0070-3370,Demography,,Economics,https://openalex.org/S30543418,Demography
0169-2070,International Journal of Forecasting,"[ECONOMICS, MANAGEMENT]",Economics,https://openalex.org/S39841227,International Journal of Forecasting
0147-5967,Journal of Comparative Economics,[ECONOMICS],Economics,https://openalex.org/S138645024,Journal of Comparative Economics
2333-5955,Journal of the Association of Environmental and Resource,"[ECONOMICS, ENVIRONMENTAL STUDIES]",Economics,https://openalex.org/S2735550652,Journal of the Association of Environmental and Resource Economists
0305-7410,China Quarterly,,Economics,https://openalex.org/S12189451,The China Quarterly
0932-4569,Journal of Institutional and Theoretical Economics,[ECONOMICS],Economics,https://openalex.org/S4210172902,Journal of Institutional and Theoretical Economics JITE
0899-8256,Games and Economic Behavior,[ECONOMICS],Economics,https://openalex.org/S94044085,Games and Economic Behavior
1759-7323,Quantitative Economics,[ECONOMICS],Economics,https://openalex.org/S156003414,Quantitative Economics
0165-1889,Journal of Economic Dynamics and Control,[ECONOMICS],Economics,https://openalex.org/S44585919,Journal of Economic Dynamics and Control
0143-6570,Managerial and Decision Economics,"[ECONOMICS, MANAGEMENT]",Economics,https://openalex.org/S138400101,Managerial and Decision Economics
1555-0494,B.E. Journal of Economic Analysis and Policy,,Economics,,
1014-9562,Transnational Corporations,,"Economics, IB",https://openalex.org/S4210181465,Transnational corporations
1537-260X,Academy of Management Learning and Education,[MANAGEMENT],Education,https://openalex.org/S45682993,Academy of Management Learning and Education
0022-0485,Journal of Economic Education,[ECONOMICS],Education,https://openalex.org/S128621090,The Journal of Economic Education
2352-6734,Journal of Business Venturing Insights,,Entrep,https://openalex.org/S2898242091,Journal of Business Venturing Insights
0047-2778,Journal of Small Business Management,[MANAGEMENT],Entrep,https://openalex.org/S78792899,Journal of Small Business Management
1465-7503,International Journal of Entrepreneurship and Innovation,,Entrep,https://openalex.org/S2764807727,The International Journal of Entrepreneurship and Innovation
1462-6004,Journal of Small Business and Enterprise Development,,Entrep,https://openalex.org/S3354691,Journal of Small Business and Enterprise Development
0898-5626,Entrepreneurship and Regional Development,"[BUSINESS, DEVELOPMENT STUDIES]",Entrep,https://openalex.org/S22247924,Entrepreneurship and Regional Development
0883-9026,Journal of Business Venturing,[BUSINESS],Entrep,https://openalex.org/S66201313,Journal of Business Venturing
1043-8599,Economics of Innovation and New Technology,[ECONOMICS],Entrep,https://openalex.org/S192056284,Economics of Innovation and New Technology
1042-2587,Entrepreneurship Theory and Practice,[BUSINESS],Entrep,https://openalex.org/S187626162,Entrepreneurship Theory and Practice
0266-2426,International Small Business Journal,"[BUSINESS, MANAGEMENT]",Entrep,https://openalex.org/S107859553,International Small Business Journal Researching Entrepreneurship
0921-898X,Small Business Economics,"[BUSINESS, ECONOMICS, MANAGEMENT]",Entrep,https://openalex.org/S41869786,Small Business Economics
1074-1240,Journal of Derivatives,"['BUSINESS, FINANCE']",F&A,https://openalex.org/S173901576,The Journal of Derivatives
0888-7985,Journal of Information Systems,"['BUSINESS, FINANCE']",F&A,https://openalex.org/S82262387,Journal of Information Systems
1474-7871,Advances in Management Accounting,,F&A,https://openalex.org/S4210196836,Advances in management accounting
1262-2788,Comptabilité - Contrôle - Audit,"['BUSINESS, FINANCE']",F&A,https://openalex.org/S4210172125,Comptabilité - Contrôle - Audit
1351-847X,European Journal of Finance,"['BUSINESS, FINANCE']",F&A,https://openalex.org/S82316188,European Journal of Finance
1542-6297,Journal of International Accounting Research,,F&A,https://openalex.org/S127536956,Journal of International Accounting Research
1061-9518,"Journal of International Accounting, Auditing and Taxation",,F&A,https://openalex.org/S132432621,Journal of International Accounting Auditing and Taxation
1059-8596,Journal of Fixed Income,,F&A,https://openalex.org/S99789271,The Journal of Fixed Income
1058-3300,Review of Financial Economics,,F&A,https://openalex.org/S105710273,Review of Financial Economics
1815-5669,Journal of Contemporary Accounting and Economics,"['BUSINESS, FINANCE', ECONOMICS]",F&A,https://openalex.org/S142725411,Journal of Contemporary Accounting & Economics
1030-9616,Accounting Research Journal,,F&A,https://openalex.org/S98234996,Accounting Research Journal
0967-5426,Journal of Applied Accounting Research,,F&A,https://openalex.org/S144250037,Journal of Applied Accounting Research
0219-0249,International Journal of Theoretical and Applied Finance,,F&A,https://openalex.org/S173574685,International Journal of Theoretical and Applied Finance
0020-7063,International Journal of Accounting,,F&A,https://openalex.org/S5835822,The International Journal of Accounting
1049-2127,Journal of Management Accounting Research,,F&A,https://openalex.org/S16069442,Journal of Management Accounting Research
1460-1559,Journal of Computational Finance,"['BUSINESS, FINANCE']",F&A,https://openalex.org/S165973286,The Journal of Computational Finance
1044-5005,Management Accounting Research,"['BUSINESS, FINANCE', MANAGEMENT]",F&A,https://openalex.org/S114140714,Management Accounting Research
1386-4181,Journal of Financial Markets,"['BUSINESS, FINANCE']",F&A,https://openalex.org/S127646213,Journal of Financial Markets
1743-9132,International Journal of Managerial Finance,,F&A,https://openalex.org/S79989894,International Journal of Managerial Finance
1078-1196,Journal of Applied Corporate Finance,,F&A,https://openalex.org/S144611220,Journal of Applied Corporate Finance
2045-9920,Review of Asset Pricing Studies,,F&A,https://openalex.org/S2735409286,The Review of Asset Pricing Studies
1554-964X,Geneva Risk and Insurance Review,"['BUSINESS, FINANCE', ECONOMICS]",F&A,https://openalex.org/S194824457,The Geneva Risk and Insurance Review
0148-558X,"Journal of Accounting, Auditing and Finance",,F&A,https://openalex.org/S107181468,Journal of Accounting Auditing & Finance
1350-486X,Applied Mathematical Finance,,F&A,https://openalex.org/S126012839,Applied Mathematical Finance
1042-444X,Journal of Multinational Financial Management,"['BUSINESS, FINANCE']",F&A,https://openalex.org/S92422469,Journal of Multinational Financial Management
0267-4424,Financial Accountability and Management,,F&A,https://openalex.org/S178634671,Financial Accountability and Management
2191-4761,Journal of Management Control,,F&A,https://openalex.org/S4210176106,Journal of Management Control
0015-198X,Financial Analysts Journal,"['BUSINESS, FINANCE']",F&A,https://openalex.org/S162525099,Financial Analysts Journal
0920-8550,Journal of Financial Services Research,"['BUSINESS, FINANCE']",F&A,https://openalex.org/S79175213,Journal of Financial Services Research
1052-0457,Research in Accounting Regulation,,F&A,https://openalex.org/S62850545,Research in Accounting Regulation
0515-0361,Astin Bulletin,[ECONOMICS],F&A,https://openalex.org/S92223472,Astin Bulletin
1380-6645,Review of Derivatives Research,"['BUSINESS, FINANCE', ECONOMICS]",F&A,https://openalex.org/S100711025,Review of Derivatives Research
0198-9073,Journal of the American Taxation Association,,F&A,https://openalex.org/S6014304,Journal of the American Taxation Association
0022-4367,Journal of Risk and Insurance,"['BUSINESS, FINANCE', ECONOMICS]",F&A,https://openalex.org/S116483603,Journal of Risk & Insurance
0963-8008,"Financial Markets, Institutions and Instruments",,F&A,https://openalex.org/S39811122,Financial Markets Institutions and Instruments
1032-3732,Accounting History,,F&A,https://openalex.org/S91781374,Accounting History
1050-4753,Behavioral Research in Accounting,,F&A,https://openalex.org/S41393910,Behavioral Research in Accounting
2380-2154,Journal of Financial Reporting,,F&A,https://openalex.org/S4210219378,Journal of Financial Reporting
1042-9573,Journal of Financial Intermediation,"['BUSINESS, FINANCE']",F&A,https://openalex.org/S5984737,Journal of Financial Intermediation
2164-5744,Critical Finance Review,,F&A,https://openalex.org/S4210226497,Critical Finance Review
0963-8180,European Accounting Review,"['BUSINESS, FINANCE']",F&A,https://openalex.org/S171424506,European Accounting Review
1542-7560,Journal of Behavioral Finance,"['BUSINESS, FINANCE', ECONOMICS]",F&A,https://openalex.org/S94083415,Journal of Behavioral Finance
1748-4995,Annals of Actuarial Science,,F&A,https://openalex.org/S2764823410,Annals of Actuarial Science
0951-3574,"Accounting, Auditing and Accountability Journal","['BUSINESS, FINANCE']",F&A,https://openalex.org/S4210224324,Accounting Auditing & Accountability Journal
1572-3097,Review of Finance,"['BUSINESS, FINANCE', ECONOMICS]",F&A,https://openalex.org/S131117787,Review of Finance
1544-6123,Finance Research Letters,"['BUSINESS, FINANCE']",F&A,https://openalex.org/S88577320,Finance research letters
1092-0277,North American Actuarial Journal,,F&A,https://openalex.org/S2764463436,North American Actuarial Journal
1380-6653,Review of Accounting Studies,"['BUSINESS, FINANCE']",F&A,https://openalex.org/S11853582,Review of Accounting Studies
1176-6093,Qualitative Research in Accounting and Management,"['BUSINESS, FINANCE', MANAGEMENT]",F&A,https://openalex.org/S76239586,Qualitative Research in Accounting & Management
1369-412X,International Review of Finance,"['BUSINESS, FINANCE']",F&A,https://openalex.org/S35246616,International Review of Finance
1934-4554,Financial Markets and Portfolio Management,,F&A,https://openalex.org/S4210231290,Financial markets and portfolio management
0268-6902,Managerial Auditing Journal,"['BUSINESS, FINANCE', MANAGEMENT]",F&A,https://openalex.org/S136661304,Managerial Auditing Journal
0949-2984,Finance and Stochastics,"['BUSINESS, FINANCE']",F&A,https://openalex.org/S172526255,Finance and Stochastics
0270-2592,Journal of Financial Research,"['BUSINESS, FINANCE']",F&A,https://openalex.org/S74917840,The Journal of Financial Research
0022-1082,Journal of Finance,"['BUSINESS, FINANCE', ECONOMICS]",F&A,https://openalex.org/S5353659,The Journal of Finance
0155-9982,Accounting Forum,"['BUSINESS, FINANCE']",F&A,https://openalex.org/S131296671,Accounting Forum
1471-7727,Information and Organization,[MANAGEMENT],F&A,https://openalex.org/S35363033,Information and Organization
0927-5398,Journal of Empirical Finance,"['BUSINESS, FINANCE', ECONOMICS]",F&A,https://openalex.org/S145875555,Journal of Empirical Finance
1608-1625,Asia-Pacific Journal of Accounting and Economics,"['BUSINESS, FINANCE', ECONOMICS]",F&A,https://openalex.org/S4210203108,Asia-Pacific Journal of Accounting & Economics
1057-5219,International Review of Financial Analysis,"['BUSINESS, FINANCE']",F&A,https://openalex.org/S145572626,International Review of Financial Analysis
0895-5638,Journal of Real Estate Finance and Economics,"['BUSINESS, FINANCE', ECONOMICS, URBAN STUDIES]",F&A,https://openalex.org/S202178085,The Journal of Real Estate Finance and Economics
0165-4101,Journal of Accounting and Economics,"['BUSINESS, FINANCE', ECONOMICS]",F&A,https://openalex.org/S62142384,Journal of Accounting and Economics
0732-8516,Financial Review,,F&A,https://openalex.org/S9351053,Financial Review
0278-4254,Journal of Accounting and Public Policy,"['BUSINESS, FINANCE', PUBLIC ADMINISTRATION]",F&A,https://openalex.org/S86762183,Journal of Accounting and Public Policy
0927-538X,Pacific Basin Finance Journal,"['BUSINESS, FINANCE']",F&A,https://openalex.org/S29049940,Pacific-Basin Finance Journal
0882-6110,Advances in Accounting,,F&A,https://openalex.org/S27001385,Advances in Accounting
0924-865X,Review of Quantitative Finance and Accounting,,F&A,https://openalex.org/S62110574,Review of Quantitative Finance and Accounting
1572-3089,Journal of Financial Stability,"['BUSINESS, FINANCE', ECONOMICS]",F&A,https://openalex.org/S121634618,Journal of Financial Stability
1469-7688,Quantitative Finance,"['BUSINESS, FINANCE', ECONOMICS]",F&A,https://openalex.org/S182689569,Quantitative Finance
0960-1627,Mathematical Finance,"['BUSINESS, FINANCE', ECONOMICS]",F&A,https://openalex.org/S133335107,Mathematical Finance
0361-3682,"Accounting, Organizations and Society","['BUSINESS, FINANCE']",F&A,https://openalex.org/S198892436,Accounting Organizations and Society
0022-2879,"Journal of Money, Credit and Banking","['BUSINESS, FINANCE', ECONOMICS]",F&A,https://openalex.org/S2058785,Journal of money credit and banking
0278-0380,Auditing,"['BUSINESS, FINANCE']",F&A,https://openalex.org/S75845752,Auditing A Journal of Practice & Theory
0095-4918,Journal of Portfolio Management,"['BUSINESS, FINANCE']",F&A,https://openalex.org/S143806524,The Journal of Portfolio Management
0307-4358,Managerial Finance,,F&A,https://openalex.org/S184351885,Managerial Finance
1045-2354,Critical Perspectives on Accounting,"['BUSINESS, FINANCE']",F&A,https://openalex.org/S66510378,Critical Perspectives on Accounting
0823-9150,Contemporary Accounting Research,"['BUSINESS, FINANCE']",F&A,https://openalex.org/S65924262,Contemporary Accounting Research
1090-6738,International Journal of Auditing,"['BUSINESS, FINANCE']",F&A,https://openalex.org/S152372256,International Journal of Auditing
1566-0141,Emerging Markets Review,"['BUSINESS, FINANCE', ECONOMICS]",F&A,https://openalex.org/S197112600,Emerging Markets Review
2405-8513,Journal of Commodity Markets,,F&A,https://openalex.org/S2898531903,Journal of commodity markets
0304-405X,Journal of Financial Economics,"['BUSINESS, FINANCE', ECONOMICS]",F&A,https://openalex.org/S149240962,Journal of Financial Economics
0810-5391,Accounting and Finance,"['BUSINESS, FINANCE']",F&A,https://openalex.org/S4210171597,Accounting and Finance
0890-8389,British Accounting Review,"['BUSINESS, FINANCE']",F&A,https://openalex.org/S197396629,The British Accounting Review
0148-4184,Accounting Historians Journal,,F&A,https://openalex.org/S2764889392,Accounting Historians Journal
1744-9480,Accounting in Europe,,F&A,https://openalex.org/S31181851,Accounting in Europe
2046-9128,Review of Corporate Finance Studies,,F&A,https://openalex.org/S2736251538,The Review of Corporate Finance Studies
0737-4607,Journal of Accounting Literature,,F&A,https://openalex.org/S2898124213,Journal of Accounting Literature
0378-4266,Journal of Banking and Finance,"['BUSINESS, FINANCE', ECONOMICS]",F&A,https://openalex.org/S2876017,Journal of Banking & Finance
1475-1488,Advances in Accounting Behavioral Research,,F&A,https://openalex.org/S4210216216,Advances in accounting behavioral research
0893-9454,Review of Financial Studies,"['BUSINESS, FINANCE', ECONOMICS]",F&A,https://openalex.org/S170137484,Review of Financial Studies
0001-3072,Abacus,"['BUSINESS, FINANCE']",F&A,https://openalex.org/S161221442,Abacus
0022-1090,Journal of Financial and Quantitative Analysis,"['BUSINESS, FINANCE', ECONOMICS]",F&A,https://openalex.org/S193228710,Journal of Financial and Quantitative Analysis
0021-8456,Journal of Accounting Research,"['BUSINESS, FINANCE']",F&A,https://openalex.org/S111116695,Journal of Accounting Research
0261-5606,Journal of International Money and Finance,"['BUSINESS, FINANCE']",F&A,https://openalex.org/S10747938,Journal of International Money and Finance
1035-6908,Australian Accounting Review,"['BUSINESS, FINANCE']",F&A,https://openalex.org/S144747835,Australian Accounting Review
0046-3892,Financial Management,"['BUSINESS, FINANCE']",F&A,https://openalex.org/S157946625,Financial Management
0001-4826,Accounting Review,"['BUSINESS, FINANCE']",F&A,https://openalex.org/S160506855,The Accounting Review
0888-7993,Accounting Horizons,"['BUSINESS, FINANCE']",F&A,https://openalex.org/S181356434,Accounting Horizons
0001-4788,Accounting and Business Research,"['BUSINESS, FINANCE']",F&A,https://openalex.org/S323237,Accounting and Business Research
0306-686X,Journal of Business Finance and Accounting,"['BUSINESS, FINANCE']",F&A,https://openalex.org/S48254654,Journal of Business Finance &amp Accounting
0143-5671,Fiscal Studies,"['BUSINESS, FINANCE', ECONOMICS]",F&A,https://openalex.org/S141600920,Fiscal Studies
1044-0283,Global Finance Journal,"['BUSINESS, FINANCE']",F&A,https://openalex.org/S150702451,Global Finance Journal
0270-7314,Journal of Futures Markets,"['BUSINESS, FINANCE']",F&A,https://openalex.org/S136612413,Journal of Futures Markets
1094-4060,International Journal of Accounting Information Systems,,F&A,https://openalex.org/S4210202311,The International journal of accounting/International journal of accounting
0929-1199,Journal of Corporate Finance,"['BUSINESS, FINANCE']",F&A,https://openalex.org/S152282257,Journal of Corporate Finance
1076-9307,International Journal of Finance and Economics,"['BUSINESS, FINANCE']",F&A,https://openalex.org/S146099957,International Journal of Finance & Economics
0275-5319,Research in International Business and Finance,"['BUSINESS, FINANCE']",F&A,https://openalex.org/S8133038,Research in International Business and Finance
1354-7798,European Financial Management,"['BUSINESS, FINANCE']","F&A
Economics;",https://openalex.org/S131852005,European Financial Management
1751-1348,Journal of Management History,,Gen & Strat,https://openalex.org/S148189957,Journal of Management History
2042-5791,Global Strategy Journal,"[BUSINESS, MANAGEMENT]",Gen & Strat,https://openalex.org/S2765008422,Global Strategy Journal
1385-3457,Journal of Management and Governance,,Gen & Strat,https://openalex.org/S6013065,Journal of Management & Governance
0306-3070,Journal of General Management,,Gen & Strat,https://openalex.org/S4210183922,Journal of General Management
2168-1007,Academy of Management Discoveries,,Gen & Strat,https://openalex.org/S4210202650,Academy of Management Discoveries
1740-4754,European Management Review,,Gen & Strat,https://openalex.org/S172313144,European Management Review
0893-3189,Management Communication Quarterly,"[COMMUNICATION, MANAGEMENT]",Gen & Strat,https://openalex.org/S176497116,Management Communication Quarterly
0149-2063,Journal of Management,"[BUSINESS, MANAGEMENT]",Gen & Strat,https://openalex.org/S122767448,Journal of Management
0024-6301,Long Range Planning,"[BUSINESS, DEVELOPMENT STUDIES, MANAGEMENT]",Gen & Strat,https://openalex.org/S9435936,Long Range Planning
0312-8962,Australian Journal of Management,"[BUSINESS, MANAGEMENT]",Gen & Strat,https://openalex.org/S177092143,Australian Journal of Management
1740-8776,Management and Organization Review,[MANAGEMENT],Gen & Strat,https://openalex.org/S70175541,Management and Organization Review
1558-9080,Academy of Management Perspectives,"[BUSINESS, MANAGEMENT]",Gen & Strat,https://openalex.org/S33741590,Academy of Management Perspectives
1094-4281,Organizational Research Methods,[MANAGEMENT],Gen & Strat,https://openalex.org/S133599136,Organizational Research Methods
0044-2372,Journal of Business Economics,,Gen & Strat,https://openalex.org/S2913204857,Journal of Business Economics
0017-8012,Harvard Business Review,"[BUSINESS, MANAGEMENT]",Gen & Strat,https://openalex.org/S41416626,Harvard business review
1286-4692,M@n@gement,,Gen & Strat,https://openalex.org/S4210168739,M n gement
0263-2764,"Theory, Culture and Society",,Gen & Strat,https://openalex.org/S77333486,Theory Culture & Society
1439-2917,Schmalenbach Business Review,,Gen & Strat,https://openalex.org/S4210207936,Schmalenbach Business Review
1460-8545,International Journal of Management Reviews,"[BUSINESS, MANAGEMENT]",Gen & Strat,https://openalex.org/S87745625,International Journal of Management Reviews
2333-2050,Strategy Science,,Gen & Strat,https://openalex.org/S4210183760,Strategy Science
0007-6503,Business and Society,[BUSINESS],Gen & Strat,https://openalex.org/S44376543,Business & Society
0023-6942,Labour History,,Gen & Strat,https://openalex.org/S2047265,Labour History
1089-2699,Group Dynamics,,Gen & Strat,https://openalex.org/S20082545,Group Dynamics Theory Research and Practice
1045-3172,British Journal of Management,"[BUSINESS, MANAGEMENT]",Gen & Strat,https://openalex.org/S184126201,British Journal of Management
0263-2373,European Management Journal,"[BUSINESS, MANAGEMENT]",Gen & Strat,https://openalex.org/S105567970,European Management Journal
0001-8392,Administrative Science Quarterly,"[BUSINESS, MANAGEMENT]",Gen & Strat,https://openalex.org/S143668711,Administrative Science Quarterly
0956-5221,Scandinavian Journal of Management,[MANAGEMENT],Gen & Strat,https://openalex.org/S171971387,Scandinavian Journal of Management
1350-5076,Management Learning,[MANAGEMENT],Gen & Strat,https://openalex.org/S99768379,Management Learning
0742-3322,Advances in Strategic Management,,Gen & Strat,https://openalex.org/S4210174510,Advances in strategic management
0338-4551,Revue Francaise de Gestion,,Gen & Strat,https://openalex.org/S4210225646,Revue française de gestion
1086-0266,Organization and Environment,,Gen & Strat,https://openalex.org/S94552155,Organization & Environment
0008-1256,California Management Review,"[BUSINESS, MANAGEMENT]",Gen & Strat,https://openalex.org/S172782825,California Management Review
1441-3523,Sport Management Review,,Gen & Strat,https://openalex.org/S121058368,Sport Management Review
1941-6520,Academy of Management Annals,,Gen & Strat,https://openalex.org/S27614628,Academy of Management Annals
1472-0701,Corporate Governance: The International Journal of Busin,,Gen & Strat,https://openalex.org/S173789977,Corporate Governance
0888-4773,Journal of Sport Management,,Gen & Strat,https://openalex.org/S165879012,Journal of Sport Management
0025-1747,Management Decision,"[BUSINESS, MANAGEMENT]",Gen & Strat,https://openalex.org/S154010748,Management Decision
1086-1718,Strategic Change,,Gen & Strat,https://openalex.org/S141901250,Strategic Change
0953-7325,Technology Analysis and Strategic Management,[MANAGEMENT],Gen & Strat,https://openalex.org/S130699561,Technology Analysis and Strategic Management
0953-4814,Journal of Organizational Change Management,[MANAGEMENT],Gen & Strat,https://openalex.org/S197145128,Journal of Organizational Change Management
0363-7425,Academy of Management Review,"[BUSINESS, MANAGEMENT]",Gen & Strat,https://openalex.org/S46763546,Academy of Management Review
0277-6693,Journal of Forecasting,"[ECONOMICS, MANAGEMENT]",Gen & Strat,https://openalex.org/S122161766,Journal of Forecasting
0143-2095,Strategic Management Journal,"[BUSINESS, MANAGEMENT]",Gen & Strat,https://openalex.org/S102949365,Strategic Management Journal
2041-1723,Nature Communications,,Gen & Strat,https://openalex.org/S64187185,Nature Communications
0143-7739,Leadership and Organization Development Journal,[MANAGEMENT],Gen & Strat,https://openalex.org/S4210189271,Leadership & Organization Development Journal
0001-4273,Academy of Management Journal,"[BUSINESS, MANAGEMENT]",Gen & Strat,https://openalex.org/S117778295,Academy of Management Journal
0275-6668,Journal of Business Strategy,,Gen & Strat,https://openalex.org/S1558358,Journal of Business Strategy
1476-1270,Strategic Organization,"[BUSINESS, MANAGEMENT]",Gen & Strat,https://openalex.org/S11394615,Strategic Organization
8756-9728,Project Management Journal,,Gen & Strat,https://openalex.org/S196205230,Project Management Journal
0022-2380,Journal of Management Studies,"[BUSINESS, MANAGEMENT]",Gen & Strat,https://openalex.org/S151705444,Journal of Management Studies
0007-6813,Business Horizons,[BUSINESS],Gen & Strat,https://openalex.org/S113237667,Business Horizons
1863-6683,Review of Managerial Science,[MANAGEMENT],Gen & Strat,https://openalex.org/S203071086,Review of Managerial Science
0926-2644,Group Decision and Negotiation,[MANAGEMENT],Gen & Strat,https://openalex.org/S149709236,Group Decision and Negotiation
0748-4526,Negotiation Journal,[MANAGEMENT],Gen & Strat,https://openalex.org/S57049600,Negotiation Journal
0955-534X,European Business Review,,Gen & Strat,https://openalex.org/S94775995,European Business Review
1044-4068,International Journal of Conflict Management,,Gen & Strat,https://openalex.org/S78280016,International Journal of Conflict Management
1056-4926,Journal of Management Inquiry,[MANAGEMENT],Gen & Strat,https://openalex.org/S17986141,Journal of Management Inquiry
1932-4391,Strategic Entrepreneurship Journal,"[BUSINESS, MANAGEMENT]",Gen & Strat,https://openalex.org/S31690342,Strategic Entrepreneurship Journal
1833-3672,Journal of Management and Organization,[MANAGEMENT],Gen & Strat,https://openalex.org/S8124760,Journal of Management & Organization
0964-4733,Business Strategy and the Environment,"[BUSINESS, ENVIRONMENTAL STUDIES, MANAGEMENT]",Gen & Strat,https://openalex.org/S205793605,Business Strategy and the Environment
1532-9194,MIT Sloan Management Review,,Gen & Strat,,
2049-8799,Journal of Global Mobility,,HRM/IR,https://openalex.org/S4210214832,Journal of Global Mobility The Home of Expatriate Management Research
2397-0022,German Journal of Human Resource Management,[MANAGEMENT],HRM/IR,https://openalex.org/S3022066471,German Journal of Human Resource Management Zeitschrift für Personalforschung
0958-5192,International Journal of Human Resource Management,[MANAGEMENT],"HRM/IR, IB",https://openalex.org/S184846731,The International Journal of Human Resource Management
0020-8825,International Studies of Management and Organization,,IB,https://openalex.org/S55766468,International Studies of Management and Organization
1751-6757,European Journal of International Management,[MANAGEMENT],IB,https://openalex.org/S118637542,European J of International Management
0938-8249,Management International Review,[MANAGEMENT],IB,https://openalex.org/S128478731,Management International Review
1090-9516,Journal of World Business,[BUSINESS],IB,https://openalex.org/S143995394,Journal of World Business
0969-5931,International Business Review,"[BUSINESS, MANAGEMENT]",IB,https://openalex.org/S23343376,International Business Review
1742-2043,Critical Perspectives on International Business,,IB,https://openalex.org/S45303301,Critical Perspectives on International Business
0964-8410,Corporate Governance: An International Review,"[BUSINESS, 'BUSINESS, FINANCE', MANAGEMENT]",IB,https://openalex.org/S77308338,Corporate Governance An International Review
1075-4253,Journal of International Management,[MANAGEMENT],IB,https://openalex.org/S960608072,Journal of International Management
1096-4762,Thunderbird International Business Review,,IB,https://openalex.org/S49396926,Thunderbird International Business Review
2522-0705,Journal of International Business Policy,,IB,https://openalex.org/S4210186510,Journal of International Business Policy
1468-2621,African Affairs,,IB,https://openalex.org/S33869021,African Affairs
0966-8136,Europe-Asia Studies,,IB,https://openalex.org/S115434995,Europe Asia Studies
0047-2506,Journal of International Business Studies,"[BUSINESS, MANAGEMENT]",IB,https://openalex.org/S38024979,Journal of International Business Studies
0217-4561,Asia Pacific Journal of Management,[MANAGEMENT],IB,https://openalex.org/S107036887,Asia Pacific Journal of Management
1360-2381,Asia Pacific Business Review,"[BUSINESS, MANAGEMENT]",IB,https://openalex.org/S117460449,Asia Pacific Business Review
1525-383X,Multinational Business Review,[BUSINESS],IB,https://openalex.org/S2764892107,Multinational Business Review
1363-9196,International Journal of Innovation Management,,Innovation,https://openalex.org/S181388337,International Journal of Innovation Management
0737-6782,Journal of Product Innovation Management,"[BUSINESS, MANAGEMENT]",Innovation,https://openalex.org/S93630570,Journal of Product Innovation Management
1366-2716,Industry and Innovation,"[ECONOMICS, MANAGEMENT]",Innovation,https://openalex.org/S36209479,Industry and Innovation
1047-8310,Journal of High Technology Management Research,,Innovation,https://openalex.org/S1234856,The Journal of High Technology Management Research
0162-2439,Science Technology and Human Values,,Innovation,https://openalex.org/S2181421,Science Technology & Human Values
0306-3127,Social Studies of Science,,Innovation,https://openalex.org/S68632876,Social Studies of Science
0963-6625,Public Understanding of Science,,Innovation,https://openalex.org/S124907306,Public Understanding of Science
0267-5730,International Journal of Technology Management,"[MANAGEMENT, OPERATIONS RESEARCH & MANAGEMENT SCIENCE]",Innovation,https://openalex.org/S171720814,International Journal of Technology Management
0016-3287,Futures,[ECONOMICS],Innovation,https://openalex.org/S130638383,Futures
0033-6807,R and D Management,"[BUSINESS, MANAGEMENT]",Innovation,https://openalex.org/S43637407,R and D Management
0040-1625,Technological Forecasting and Social Change,,Innovation,https://openalex.org/S39307421,Technological Forecasting and Social Change
0138-9130,Scientometrics,,Innovation,https://openalex.org/S148561398,Scientometrics
0166-4972,Technovation,,Innovation,https://openalex.org/S70698675,Technovation
0963-1690,Creativity and Innovation Management,[MANAGEMENT],Innovation,https://openalex.org/S132285554,Creativity and Innovation Management
1460-1060,European Journal of Innovation Management,"[BUSINESS, MANAGEMENT]",Innovation,https://openalex.org/S90149737,European Journal of Innovation Management
1042-4431,"Journal of International Financial Markets, Institutions and","['BUSINESS, FINANCE', ECONOMICS]",MF&A,https://openalex.org/S82743730,Journal of International Financial Markets Institutions and Money
1449-8618,Australasian Journal of Information Systems,,"MIS, KM",https://openalex.org/S105581714,AJIS. Australasian journal of information systems/AJIS. Australian journal of information systems/Australian journal of information systems
1526-6133,Journal of Electronic Commerce Research,[BUSINESS],"MIS, KM",https://openalex.org/S114268679,Journal of electronic commerce research
1385-951X,Information Technology and Management,[MANAGEMENT],"MIS, KM",https://openalex.org/S122922407,Information Technology and Management
1086-4415,International Journal of Electronic Commerce,[BUSINESS],"MIS, KM",https://openalex.org/S18436875,International Journal of Electronic Commerce
0004-5411,Journal of the ACM,,"MIS, KM",https://openalex.org/S118992489,Journal of the ACM
0905-0167,Scandinavian Journal of Information Systems,,"MIS, KM",https://openalex.org/S136415702,Scandinavian Journal of Information Systems
1350-1917,Information Systems Journal,,"MIS, KM",https://openalex.org/S92260147,Information Systems Journal
1063-8016,Journal of Database Management,,"MIS, KM",https://openalex.org/S73024538,Journal of Database Management
1944-3900,AIS Transactions on Human-Computer Interaction,,"MIS, KM",https://openalex.org/S4210193050,AIS Transactions on Human-Computer Interaction
0960-085X,European Journal of Information Systems,,"MIS, KM",https://openalex.org/S116712389,European Journal of Information Systems
0737-0024,Human-Computer Interaction,,"MIS, KM",https://openalex.org/S2481449237,Human-Computer Interaction
1536-9323,Journal of the Association for Information Systems,,"MIS, KM",https://openalex.org/S30879505,Journal of the Association for Information Systems
1541-1672,IEEE Intelligent Systems,,"MIS, KM",https://openalex.org/S114241109,IEEE Intelligent Systems
1540-1960,MIS Quarterly Executive,,"MIS, KM",https://openalex.org/S48312676,MIS Quarterly Executive
1540-1960,MIS Quarterly Executive,[MANAGEMENT],"MIS, KM",https://openalex.org/S48312676,MIS Quarterly Executive
0197-2243,Information Society,,"MIS, KM",https://openalex.org/S144363146,The Information Society
0740-817X,IISE Transactions (Institute of Industrial Engineers),,"MIS, KM",https://openalex.org/S63835026,IIE Transactions
0169-023X,Data and Knowledge Engineering,,"MIS, KM",https://openalex.org/S136993123,Data & Knowledge Engineering
1066-2243,Internet Research,,"MIS, KM",https://openalex.org/S63576417,Internet Research
0098-3500,ACM Transactions on Mathematical Software,,"MIS, KM",https://openalex.org/S163326656,ACM Transactions on Mathematical Software
1058-0530,Information Systems Management,,"MIS, KM",https://openalex.org/S124504522,Information Systems Management
0167-9236,Decision Support Systems,,"MIS, KM",https://openalex.org/S11479521,Decision Support Systems
0276-7783,MIS Quarterly: Management Information Systems,,"MIS, KM",https://openalex.org/S57293258,MIS Quarterly
0950-7051,Knowledge-Based Systems,,"MIS, KM",https://openalex.org/S10169007,Knowledge-Based Systems
0306-4379,Information Systems,,"MIS, KM",https://openalex.org/S193006928,Information Systems
0308-5961,Telecommunications Policy,,"MIS, KM",https://openalex.org/S120991925,Telecommunications Policy
0268-4012,International Journal of Information Management,,"MIS, KM",https://openalex.org/S189354248,International Journal of Information Management
0747-5632,Computers in Human Behavior,,"MIS, KM",https://openalex.org/S204030396,Computers in Human Behavior
0959-3845,Information Technology and People,,"MIS, KM",https://openalex.org/S185256354,Information Technology and People
0144-929X,Behaviour and Information Technology,,"MIS, KM",https://openalex.org/S123849098,Behaviour and Information Technology
0001-0782,Communications of the ACM,,"MIS, KM",https://openalex.org/S103482838,Communications of the ACM
1389-5753,Electronic Commerce Research,"[BUSINESS, MANAGEMENT]","MIS, KM",https://openalex.org/S205929853,Electronic Commerce Research
0268-3962,Journal of Information Technology,,"MIS, KM",https://openalex.org/S135086714,Journal of Information Technology
0165-5515,Journal of Information Science,,"MIS, KM",https://openalex.org/S68913162,Journal of Information Science
1529-3181,Communications of the Association for Information,,"MIS, KM",https://openalex.org/S4210239688,Communications of the Association for Information Systems
1567-4223,Electronic Commerce Research and Applications,[BUSINESS],"MIS, KM",https://openalex.org/S187709482,Electronic Commerce Research and Applications
1073-0516,ACM Transactions on Computer-Human Interaction,,"MIS, KM",https://openalex.org/S89276529,ACM Transactions on Computer-Human Interaction
1041-4347,IEEE Transactions on Knowledge and Data Engineering,,"MIS, KM",https://openalex.org/S30698027,IEEE Transactions on Knowledge and Data Engineering
1047-7047,Information Systems Research,,"MIS, KM",https://openalex.org/S202812398,Information Systems Research
0887-4417,Journal of Computer Information Systems,,"MIS, KM",https://openalex.org/S83133229,Journal of Computer Information Systems
0742-1222,Journal of Management Information Systems,,"MIS, KM",https://openalex.org/S9954729,Journal of Management Information Systems
1367-3270,Journal of Knowledge Management,,"MIS, KM",https://openalex.org/S50631486,Journal of Knowledge Management
0963-8687,Journal of Strategic Information Systems,,"MIS, KM",https://openalex.org/S6144335,The Journal of Strategic Information Systems
1046-8188,ACM Transactions on Information Systems,,"MIS, KM",https://openalex.org/S4394735545,ACM Transactions on Information Systems
0378-7206,Information and Management,,"MIS, KM",https://openalex.org/S38883057,Information & Management
0167-6687,Insurance: Mathematics and Economics,[ECONOMICS],"MIS, KM",https://openalex.org/S198325475,Insurance Mathematics and Economics
1387-3326,Information Systems Frontiers,,"MIS, KM",https://openalex.org/S181659395,Information Systems Frontiers
0097-5397,SIAM Journal on Computing,,"MIS, KM",https://openalex.org/S153560523,SIAM Journal on Computing
0098-5589,IEEE Transactions on Software Engineering,,"MIS, KM",https://openalex.org/S8351582,IEEE Transactions on Software Engineering
0957-4174,Expert Systems with Applications,,"MIS, KM",https://openalex.org/S13144211,Expert Systems with Applications
0018-9286,IEEE Transactions on Automatic Control,,"MIS, KM",https://openalex.org/S184954342,IEEE Transactions on Automatic Control
1386-9620,Health Care Management Science,,"MIS, KM",https://openalex.org/S59475652,Health Care Management Science
1019-6781,Electronic Markets,"[BUSINESS, MANAGEMENT]","MIS, KM",https://openalex.org/S137519996,Electronic Markets
0950-5849,Information and Software Technology,,"MIS, KM",https://openalex.org/S205010575,Information and Software Technology
1741-0398,Journal of Enterprise Information Management,,"MIS, KM",https://openalex.org/S141478581,Journal of Enterprise Information Management
0360-0300,ACM Computing Surveys,,"MIS, KM",https://openalex.org/S157921468,ACM Computing Surveys
0004-3702,Artificial Intelligence,,"MIS, KM",https://openalex.org/S196139623,Artificial Intelligence
0022-4065,Journal of Quality Technology,,"MIS, KM",https://openalex.org/S166831694,Journal of Quality Technology
0306-4573,Information Processing and Management,,"MIS, KM",https://openalex.org/S174847851,Information Processing & Management
1062-7375,Journal of Global Information Management,,"MIS, KM",https://openalex.org/S83591844,Journal of Global Information Management
1049-3301,ACM Transactions on Modeling and Computer Simulation,,"MIS, KM",https://openalex.org/S38703467,ACM Transactions on Modeling and Computer Simulation
1467-9868,Journal of the Royal Statistical Society. Series B: Statistical,,"MOR,MS,POM",https://openalex.org/S145009937,Journal of the Royal Statistical Society Series B (Statistical Methodology)
0960-0035,International Journal of Physical Distribution and Logistics,[MANAGEMENT],"MOR,MS,POM",https://openalex.org/S41302103,International Journal of Physical Distribution & Logistics Management
1094-6705,Journal of Service Research,[BUSINESS],Marketing,https://openalex.org/S125608309,Journal of Service Research
1094-9968,Journal of Interactive Marketing,[BUSINESS],Marketing,https://openalex.org/S92709572,Journal of Interactive Marketing
0021-8499,Journal of Advertising Research,"[BUSINESS, COMMUNICATION]",Marketing,https://openalex.org/S61992289,Journal of Advertising Research
1069-6679,Journal of Marketing Theory and Practice,,Marketing,https://openalex.org/S42468459,The Journal of Marketing Theory and Practice
1350-231X,Journal of Brand Management,"[BUSINESS, MANAGEMENT]",Marketing,https://openalex.org/S27632631,Journal of Brand Management
1470-5931,Marketing Theory,[BUSINESS],Marketing,https://openalex.org/S195188575,Marketing Theory
1352-2752,Qualitative Market Research,,Marketing,https://openalex.org/S139289085,Qualitative Market Research An International Journal
1051-712X,Journal of Business-to-Business Marketing,[BUSINESS],Marketing,https://openalex.org/S139478629,Journal of Business-to-Business Marketing
2055-6225,Journal of Service Theory and Practice,"[BUSINESS, MANAGEMENT]",Marketing,https://openalex.org/S4210224898,Journal of Service Theory and Practice
1069-031X,Journal of International Marketing,[BUSINESS],Marketing,https://openalex.org/S119908498,Journal of International Marketing
0923-0645,Marketing Letters,[BUSINESS],Marketing,https://openalex.org/S148909191,Marketing Letters
0743-9156,Journal of Public Policy and Marketing,[BUSINESS],Marketing,https://openalex.org/S37376905,Journal of Public Policy & Marketing
0885-3134,Journal of Personal Selling and Sales Management,,Marketing,https://openalex.org/S968139600,Journal of Personal Selling and Sales Management
0267-257X,Journal of Marketing Management,"[BUSINESS, MANAGEMENT]",Marketing,https://openalex.org/S14291815,Journal of Marketing Management
0167-8116,International Journal of Research in Marketing,[BUSINESS],Marketing,https://openalex.org/S11810700,International Journal of Research in Marketing
0965-254X,Journal of Strategic Marketing,,Marketing,https://openalex.org/S43415676,Journal of Strategic Marketing
1061-0421,Journal of Product and Brand Management,"[BUSINESS, MANAGEMENT]",Marketing,https://openalex.org/S58171247,Journal of Product & Brand Management
1355-5855,Asia Pacific Journal of Marketing and Logistics,[BUSINESS],Marketing,https://openalex.org/S191031105,Asia Pacific Journal of Marketing and Logistics
1057-7408,Journal of Consumer Psychology,,Marketing,https://openalex.org/S163545350,Journal of Consumer Psychology
1470-7853,International Journal of Market Research,[BUSINESS],Marketing,https://openalex.org/S162526994,International Journal of Market Research
0033-362X,Public Opinion Quarterly,,Marketing,https://openalex.org/S135539873,Public Opinion Quarterly
2212-571X,Journal of Destination Marketing and Management,,Marketing,https://openalex.org/S2764801966,Journal of Destination Marketing & Management
0022-2429,Journal of Marketing,[BUSINESS],Marketing,https://openalex.org/S142990027,Journal of Marketing
0265-0487,International Journal of Advertising,"[BUSINESS, COMMUNICATION]",Marketing,https://openalex.org/S19358283,International Journal of Advertising
1471-6909,International Journal of Public Opinion Research,,Marketing,https://openalex.org/S12175909,International Journal of Public Opinion Research
0265-2323,International Journal of Bank Marketing,[BUSINESS],Marketing,https://openalex.org/S170810187,International Journal of Bank Marketing
0148-2963,Journal of Business Research,[BUSINESS],Marketing,https://openalex.org/S93284759,Journal of Business Research
1352-7266,Journal of Marketing Communications,,Marketing,https://openalex.org/S158451771,Journal of Marketing Communications
0265-1335,International Marketing Review,[BUSINESS],Marketing,https://openalex.org/S35673206,International Marketing Review
0736-3761,Journal of Consumer Marketing,,Marketing,https://openalex.org/S165789823,Journal of Consumer Marketing
0732-2399,Marketing Science,[BUSINESS],Marketing,https://openalex.org/S163534328,Marketing Science
0887-6045,Journal of Services Marketing,[BUSINESS],Marketing,https://openalex.org/S180851279,Journal of Services Marketing
0091-3367,Journal of Advertising,"[BUSINESS, COMMUNICATION]",Marketing,https://openalex.org/S103311983,Journal of Advertising
1070-5511,Structural Equation Modeling,,Marketing,https://openalex.org/S78020522,Structural Equation Modeling A Multidisciplinary Journal
0891-1762,Journal of Global Marketing,,Marketing,https://openalex.org/S121852782,Journal of Global Marketing
0092-0703,Journal of the Academy of Marketing Science,[BUSINESS],Marketing,https://openalex.org/S92522684,Journal of the Academy of Marketing Science
1533-2667,Journal of Relationship Marketing,,Marketing,https://openalex.org/S167126396,Journal of Relationship Marketing
0022-4359,Journal of Retailing,[BUSINESS],Marketing,https://openalex.org/S159120381,Journal of Retailing
0309-0566,European Journal of Marketing,[BUSINESS],Marketing,https://openalex.org/S89389284,European Journal of Marketing
1472-0817,Journal of Consumer Behaviour,[BUSINESS],Marketing,https://openalex.org/S41958068,Journal of Consumer Behaviour
0969-6989,Journal of Retailing and Consumer Services,[BUSINESS],Marketing,https://openalex.org/S25235501,Journal of Retailing and Consumer Services
0093-5301,Journal of Consumer Research,[BUSINESS],Marketing,https://openalex.org/S145429826,Journal of Consumer Research
0022-2437,Journal of Marketing Research,[BUSINESS],Marketing,https://openalex.org/S119950638,Journal of Marketing Research
0019-8501,Industrial Marketing Management,"[BUSINESS, MANAGEMENT]",Marketing,https://openalex.org/S31748134,Industrial Marketing Management
0263-4503,Marketing Intelligence and Planning,[BUSINESS],Marketing,https://openalex.org/S29817978,Marketing Intelligence & Planning
0742-6046,Psychology and Marketing,,Marketing,https://openalex.org/S102896891,Psychology and Marketing
0022-0078,Journal of Consumer Affairs,"[BUSINESS, ECONOMICS]",Marketing,https://openalex.org/S189751245,Journal of Consumer Affairs
0276-1467,Journal of Macromarketing,[BUSINESS],Marketing,https://openalex.org/S35298862,Journal of Macromarketing
0950-3293,Food Quality and Preference,,Marketing,https://openalex.org/S194662844,Food Quality and Preference
1570-7156,Quantitative Marketing and Economics,"[BUSINESS, ECONOMICS]",Marketing,https://openalex.org/S4210206015,Quantitative Marketing and Economics
1441-3582,Australasian Marketing Journal,,Marketing,https://openalex.org/S11782782,Australasian Marketing Journal (AMJ)
0885-8624,Journal of Business and Industrial Marketing,[BUSINESS],Marketing,https://openalex.org/S119587767,Journal of Business and Industrial Marketing
0825-0383,Canadian Journal of Administrative Sciences,"[BUSINESS, MANAGEMENT]",Multidisciplinary,https://openalex.org/S201675752,Canadian Journal of Administrative Sciences / Revue Canadienne des Sciences de l Administration
1094-6136,Journal of Scheduling,,"OR,MS,POM",https://openalex.org/S91278097,Journal of Scheduling
0257-0130,Queueing Systems,,"OR,MS,POM",https://openalex.org/S148503350,Queueing Systems
1757-5818,Journal of Service Management,[MANAGEMENT],"OR,MS,POM",https://openalex.org/S107183665,Journal of service management
0036-1445,SIAM review,,"OR,MS,POM",https://openalex.org/S160107561,SIAM Review
0264-2069,Service Industries Journal,[MANAGEMENT],"OR,MS,POM",https://openalex.org/S49331332,Service Industries Journal
0364-765X,Mathematics of Operations Research,,"OR,MS,POM",https://openalex.org/S55826652,Mathematics of Operations Research
0041-1655,Transportation Science,,"OR,MS,POM",https://openalex.org/S130252234,Transportation Science
0090-5364,Annals of Statistics,,"OR,MS,POM",https://openalex.org/S119757635,The Annals of Statistics
0091-1798,Annals of Probability,,"OR,MS,POM",https://openalex.org/S40212770,The Annals of Probability
1092-4604,Knowledge and Process Management,,"OR,MS,POM",https://openalex.org/S37738278,Knowledge and Process Management
0092-2102,INFORMS Journal on Applied Analytics (formerly Interfaces),,"OR,MS,POM",https://openalex.org/S140455145,INFORMS Journal on Applied Analytics
0171-6468,OR Spectrum,,"OR,MS,POM",https://openalex.org/S2502551423,OR Spectrum
0254-5330,Annals of Operations Research,,"OR,MS,POM",https://openalex.org/S57667410,Annals of Operations Research
1071-5819,International Journal of Human Computer Studies,,"OR,MS,POM",https://openalex.org/S4210190811,International Journal of Human-Computer Studies
1741-038X,Journal of Manufacturing Technology Management,,"OR,MS,POM",https://openalex.org/S144472306,Journal of Manufacturing Technology Management
0191-2615,Transportation Research Part B: Methodological,,"OR,MS,POM",https://openalex.org/S96305778,Transportation Research Part B Methodological
0263-5577,Industrial Management and Data Systems,,"OR,MS,POM",https://openalex.org/S37320504,Industrial Management & Data Systems
1936-6582,Flexible Services and Manufacturing Journal,,"OR,MS,POM",https://openalex.org/S124739764,Flexible Services and Manufacturing Journal
0025-5610,Mathematical Programming,,"OR,MS,POM",https://openalex.org/S193920097,Mathematical Programming
0025-1909,Management Science,"[MANAGEMENT, OPERATIONS RESEARCH & MANAGEMENT SCIENCE]","OR,MS,POM",https://openalex.org/S33323087,Management Science
0895-6308,Research Technology Management,"[BUSINESS, MANAGEMENT]","OR,MS,POM",https://openalex.org/S152897404,Research-Technology Management
0144-3577,International Journal of Operations and Production Manag,[MANAGEMENT],"OR,MS,POM",https://openalex.org/S164321952,International Journal of Operations & Production Management
0894-069X,Naval Research Logistics,,"OR,MS,POM",https://openalex.org/S182666042,Naval Research Logistics (NRL)
0951-8320,Reliability Engineering and System Safety,,"OR,MS,POM",https://openalex.org/S202403813,Reliability Engineering & System Safety
0030-364X,Operations Research,,"OR,MS,POM",https://openalex.org/S125775545,Operations Research
0895-562X,Journal of Productivity Analysis,"[BUSINESS, ECONOMICS]","OR,MS,POM",https://openalex.org/S34280410,Journal of Productivity Analysis
0272-6963,Journal of Operations Management,"[MANAGEMENT, OPERATIONS RESEARCH & MANAGEMENT SCIENCE]","OR,MS,POM",https://openalex.org/S142306484,Journal of Operations Management
0022-3239,Journal of Optimization Theory and Applications,,"OR,MS,POM",https://openalex.org/S52430896,Journal of Optimization Theory and Applications
0965-8564,Transportation Research Part A: Policy and Practice,,"OR,MS,POM",https://openalex.org/S159637997,Transportation Research Part A Policy and Practice
0966-6923,Journal of Transport Geography,,"OR,MS,POM",https://openalex.org/S80150607,Journal of Transport Geography
1463-7154,Business Process Management Journal,"[BUSINESS, MANAGEMENT]","OR,MS,POM",https://openalex.org/S2508752,Business Process Management Journal
0735-3766,Journal of Business Logistics,[MANAGEMENT],"OR,MS,POM",https://openalex.org/S38350834,Journal of Business Logistics
0967-070X,Transport Policy,,"OR,MS,POM",https://openalex.org/S186558940,Transport Policy
0049-4488,Transportation,,"OR,MS,POM",https://openalex.org/S62009534,Transportation
1359-8546,Supply Chain Management,"[BUSINESS, MANAGEMENT]","OR,MS,POM",https://openalex.org/S59007373,Supply Chain Management An International Journal
0278-6125,Journal of Manufacturing Systems,,"OR,MS,POM",https://openalex.org/S201698446,Journal of Manufacturing Systems
0011-7315,Decision Sciences,[MANAGEMENT],"OR,MS,POM",https://openalex.org/S177792750,Decision Sciences
0953-7287,Production Planning and Control,,"OR,MS,POM",https://openalex.org/S165057322,Production Planning & Control
0969-6016,International Transactions in Operational Research,"[MANAGEMENT, OPERATIONS RESEARCH & MANAGEMENT SCIENCE]","OR,MS,POM",https://openalex.org/S267729,International Transactions in Operational Research
0263-7863,International Journal of Project Management,[MANAGEMENT],"OR,MS,POM",https://openalex.org/S69872077,International Journal of Project Management
0167-6377,Operations Research Letters,,"OR,MS,POM",https://openalex.org/S27769002,Operations Research Letters
1367-5567,International Journal of Logistics Research and Application,[MANAGEMENT],"OR,MS,POM",https://openalex.org/S4210220312,International Journal of Logistics Research and Applications
0040-5833,Theory and Decision,[ECONOMICS],"OR,MS,POM",https://openalex.org/S134979503,Theory and Decision
1057-9214,Journal of Multi-Criteria Decision Analysis,,"OR,MS,POM",https://openalex.org/S197149224,Journal of Multi-Criteria Decision Analysis
1478-4092,Journal of Purchasing and Supply Management,[MANAGEMENT],"OR,MS,POM",https://openalex.org/S55239356,Journal of Purchasing and Supply Management
0925-7535,Safety Science,,"OR,MS,POM",https://openalex.org/S123149298,Safety Science
0305-0483,OMEGA,"[MANAGEMENT, OPERATIONS RESEARCH & MANAGEMENT SCIENCE]","OR,MS,POM",https://openalex.org/S4210190151,Omega
1523-2409,Journal of Supply Chain Management,[MANAGEMENT],"OR,MS,POM",https://openalex.org/S97320426,Journal of Supply Chain Management
0377-2217,European Journal of Operational Research,,"OR,MS,POM",https://openalex.org/S103321696,European Journal of Operational Research
0006-3444,Biometrika,,"OR,MS,POM",https://openalex.org/S172180718,Biometrika
0047-259X,Journal of Multivariate Analysis,,"OR,MS,POM",https://openalex.org/S133905466,Journal of Multivariate Analysis
1467-9876,Journal of the Royal Statistical Society. Series C: Applied St,,"OR,MS,POM",https://openalex.org/S2764642956,Journal of the Royal Statistical Society Series C (Applied Statistics)
0040-1706,Technometrics,,"OR,MS,POM",https://openalex.org/S985303,Technometrics
0305-0548,Computers and Operations Research,,"OR,MS,POM",https://openalex.org/S173256270,Computers & Operations Research
0160-5682,Journal of the Operational Research Society,,"OR,MS,POM",https://openalex.org/S169988927,Journal of the Operational Research Society
1432-2994,Mathematical Methods of Operations Research,,"OR,MS,POM",https://openalex.org/S126160977,Mathematical Methods of Operations Research
1467-985X,Journal of the Royal Statistical Society. Series A: Statistics in,,"OR,MS,POM",https://openalex.org/S185328345,Journal of the Royal Statistical Society Series A (Statistics in Society)
0968-090X,Transportation Research Part C: Emerging Technologies,,"OR,MS,POM",https://openalex.org/S64511102,Transportation Research Part C Emerging Technologies
1524-9050,IEEE Transactions on Intelligent Transportation Systems,,"OR,MS,POM",https://openalex.org/S144771191,IEEE Transactions on Intelligent Transportation Systems
0363-0129,SIAM Journal on Control and Optimization,,"OR,MS,POM",https://openalex.org/S897311980,SIAM Journal on Control and Optimization
0003-1305,American Statistician,,"OR,MS,POM",https://openalex.org/S4179095,The American Statistician
0925-5273,International Journal of Production Economics,,"OR,MS,POM",https://openalex.org/S184816971,International Journal of Production Economics
0018-9391,IEEE Transactions on Engineering Management,"[BUSINESS, MANAGEMENT]","OR,MS,POM",https://openalex.org/S154533451,IEEE Transactions on Engineering Management
0020-7543,International Journal of Production Research,,"OR,MS,POM",https://openalex.org/S65690446,International Journal of Production Research
1478-3363,Total Quality Management and Business Excellence,[MANAGEMENT],"OR,MS,POM",https://openalex.org/S4210181832,Total Quality Management & Business Excellence
1361-9209,Transportation Research Part D: Transport and Environme,,"OR,MS,POM",https://openalex.org/S45181156,Transportation Research Part D Transport and Environment
0144-1647,Transport Reviews,,"OR,MS,POM",https://openalex.org/S194388667,Transport Reviews
1052-6234,SIAM Journal on Optimization,,"OR,MS,POM",https://openalex.org/S928796702,SIAM Journal on Optimization
1091-9856,INFORMS Journal on Computing,,"OR,MS,POM",https://openalex.org/S165318533,INFORMS journal on computing
1523-4614,Manufacturing and Service Operations Management,"[MANAGEMENT, OPERATIONS RESEARCH & MANAGEMENT SCIENCE]","OR,MS,POM",https://openalex.org/S81410195,Manufacturing & Service Operations Management
1059-1478,Production and Operations Management,,"OR,MS,POM",https://openalex.org/S149070780,Production and Operations Management
0360-8352,Computers and Industrial Engineering,,"OR,MS,POM",https://openalex.org/S196821226,Computers & Industrial Engineering
0957-4093,International Journal of Logistics Management,[MANAGEMENT],"OR,MS,POM",https://openalex.org/S97048498,The International Journal of Logistics Management
2051-8803,Journal of Professions and Organization,,OS/OB,https://openalex.org/S2735620406,Journal of Professions and Organization
2059-5794,Cross Cultural and Strategic Management,[MANAGEMENT],"OS/OB,HRM/IR",https://openalex.org/S4210210387,Cross Cultural & Strategic Management
0959-6801,European Journal of Industrial Relations,,"OS/OB,HRM/IR",https://openalex.org/S630694,European Journal of Industrial Relations
2040-7157,"Equality, Diversity, and Inclusion: An International Review",,"OS/OB,HRM/IR",https://openalex.org/S97033246,Equality Diversity and Inclusion An International Journal
1742-7150,Leadership,[MANAGEMENT],"OS/OB,HRM/IR",https://openalex.org/S95314075,Leadership
1382-340X,International Negotiation,,"OS/OB,HRM/IR",https://openalex.org/S205778772,International Negotiation
0195-3613,Journal of Labor Research,,"OS/OB,HRM/IR",https://openalex.org/S18354546,Journal of Labor Research
0090-4848,Human Resource Management,[MANAGEMENT],"OS/OB,HRM/IR",https://openalex.org/S134094273,Human Resource Management
0962-8770,"Business Ethics, the Environment & Reponsibility",,"OS/OB,HRM/IR",https://openalex.org/S79007945,Business Ethics A European Review
0267-8373,Work and Stress,,"OS/OB,HRM/IR",https://openalex.org/S141527467,Work & Stress
0894-4865,Family Business Review,[BUSINESS],"OS/OB,HRM/IR",https://openalex.org/S196919950,Family Business Review
0022-166X,Journal of Human Resources,"[ECONOMICS, INDUSTRIAL RELATIONS & LABOR]","OS/OB,HRM/IR",https://openalex.org/S62957338,The Journal of Human Resources
1360-3736,International Journal of Training and Development,,"OS/OB,HRM/IR",https://openalex.org/S114439130,International Journal of Training and Development
0001-8791,Journal of Vocational Behavior,,"OS/OB,HRM/IR",https://openalex.org/S25746158,Journal of Vocational Behavior
0022-1856,Journal of Industrial Relations,,"OS/OB,HRM/IR",https://openalex.org/S123955271,Journal of Industrial Relations
1362-0436,Career Development International,[MANAGEMENT],"OS/OB,HRM/IR",https://openalex.org/S182336501,Career Development International
0019-7939,ILR Review,,"OS/OB,HRM/IR",https://openalex.org/S192274990,Industrial and Labor Relations Review
1044-8004,Human Resource Development Quarterly,"[INDUSTRIAL RELATIONS & LABOR, MANAGEMENT]","OS/OB,HRM/IR",https://openalex.org/S191693275,Human Resource Development Quarterly
0361-6843,Psychology of Women Quarterly,,"OS/OB,HRM/IR",https://openalex.org/S30211177,Psychology of Women Quarterly
1350-5084,Organization,[MANAGEMENT],"OS/OB,HRM/IR",https://openalex.org/S72915307,Organization
1359-432X,European Journal of Work and Organizational Psychology,,"OS/OB,HRM/IR",https://openalex.org/S187270080,European Journal of Work and Organizational Psychology
0007-1080,British Journal of Industrial Relations,,"OS/OB,HRM/IR",https://openalex.org/S61595665,British Journal of Industrial Relations
1052-150X,Business Ethics Quarterly,[BUSINESS],"OS/OB,HRM/IR",https://openalex.org/S9702615,Business Ethics Quarterly
2631-7877,Organization Theory,,"OS/OB,HRM/IR",https://openalex.org/S4210193178,Organization Theory
1053-4822,Human Resource Management Review,[MANAGEMENT],"OS/OB,HRM/IR",https://openalex.org/S185253248,Human Resource Management Review
0022-0027,Journal of Conflict Resolution,,"OS/OB,HRM/IR",https://openalex.org/S20177303,Journal of Conflict Resolution
1038-4111,Asia Pacific Journal of Human Resources,"[INDUSTRIAL RELATIONS & LABOR, MANAGEMENT]","OS/OB,HRM/IR",https://openalex.org/S206927904,Asia Pacific Journal of Human Resources
0950-0170,"Work, Employment and Society",,"OS/OB,HRM/IR",https://openalex.org/S60510972,Work Employment and Society
1470-5958,International Journal of Cross Cultural Management,,"OS/OB,HRM/IR",https://openalex.org/S3650429,International Journal of Cross Cultural Management
1532-3005,Stress and Health,,"OS/OB,HRM/IR",https://openalex.org/S53429330,Stress and Health
0002-7642,American Behavioral Scientist,,"OS/OB,HRM/IR",https://openalex.org/S20589029,American Behavioral Scientist
0167-7187,International Journal of Industrial Organization,[ECONOMICS],"OS/OB,HRM/IR",https://openalex.org/S183232449,International Journal of Industrial Organization
0090-2616,Organizational Dynamics,"[BUSINESS, MANAGEMENT]","OS/OB,HRM/IR",https://openalex.org/S195297104,Organizational Dynamics
0968-6673,"Gender, Work and Organization",,"OS/OB,HRM/IR",https://openalex.org/S172342871,Gender Work and Organization
0143-7720,International Journal of Manpower,"[INDUSTRIAL RELATIONS & LABOR, MANAGEMENT]","OS/OB,HRM/IR",https://openalex.org/S201037040,International Journal of Manpower
0730-8884,Work and Occupations,,"OS/OB,HRM/IR",https://openalex.org/S51211322,Work and Occupations
0167-4544,Journal of Business Ethics,[BUSINESS],"OS/OB,HRM/IR",https://openalex.org/S76633192,Journal of Business Ethics
2397-3374,Nature Human Behavior,,"OS/OB,HRM/IR",https://openalex.org/S2764866340,Nature Human Behaviour
0142-5455,Employee Relations,"[INDUSTRIAL RELATIONS & LABOR, MANAGEMENT]","OS/OB,HRM/IR",https://openalex.org/S34542846,Employee Relations
1048-9843,Leadership Quarterly,[MANAGEMENT],"OS/OB,HRM/IR",https://openalex.org/S152304618,The Leadership Quarterly
0749-5978,Organizational Behavior and Human Decision Processes,[MANAGEMENT],"OS/OB,HRM/IR",https://openalex.org/S64744539,Organizational Behavior and Human Decision Processes
0954-5395,Human Resource Management Journal,"[INDUSTRIAL RELATIONS & LABOR, MANAGEMENT]","OS/OB,HRM/IR",https://openalex.org/S113497174,Human Resource Management Journal
0268-1072,"New Technology, Work and Employment",[MANAGEMENT],"OS/OB,HRM/IR",https://openalex.org/S175747132,New Technology Work and Employment
1059-6011,Group and Organization Management,[MANAGEMENT],"OS/OB,HRM/IR",https://openalex.org/S192266589,Group & Organization Management
2041-3866,Organizational Psychology Review,,"OS/OB,HRM/IR",https://openalex.org/S2764940387,Organizational Psychology Review
0018-7267,Human Relations,[MANAGEMENT],"OS/OB,HRM/IR",https://openalex.org/S61446109,Human Relations
0889-3268,Journal of Business and Psychology,,"OS/OB,HRM/IR",https://openalex.org/S61413993,Journal of Business and Psychology
0020-7780,International Labour Review,"[ECONOMICS, INDUSTRIAL RELATIONS & LABOR]","OS/OB,HRM/IR",https://openalex.org/S50174339,International Labour Review
0170-8406,Organization Studies,[MANAGEMENT],"OS/OB,HRM/IR",https://openalex.org/S28882882,Organization Studies
0894-3796,Journal of Organizational Behavior,,"OS/OB,HRM/IR",https://openalex.org/S160573970,Journal of Organizational Behavior
0023-656X,Labor History,,"OS/OB,HRM/IR",https://openalex.org/S176330965,Labor History
0019-8692,Industrial Relations Journal,,"OS/OB,HRM/IR",https://openalex.org/S140218963,Industrial Relations Journal
0191-3085,Research in Organizational Behavior,[MANAGEMENT],"OS/OB,HRM/IR",https://openalex.org/S55099511,Research in Organizational Behavior
1047-7039,Organization Science,[MANAGEMENT],"OS/OB,HRM/IR",https://openalex.org/S206124708,Organization Science
0963-1798,Journal of Occupational and Organizational Psychology,,"OS/OB,HRM/IR",https://openalex.org/S87328381,Journal of Occupational and Organizational Psychology
0019-8676,Industrial Relations,,"OS/OB,HRM/IR",https://openalex.org/S174105208,Industrial Relations A Journal of Economy and Society
0147-1767,International Journal of Intercultural Relations,,"OS/OB,HRM/IR",https://openalex.org/S174538591,International Journal of Intercultural Relations
0268-3946,Journal of Managerial Psychology,,"OS/OB,HRM/IR",https://openalex.org/S53726244,Journal of Managerial Psychology
0018-7259,Human Organization,,"OS/OB,HRM/IR",https://openalex.org/S100638937,Human Organization
0003-6870,Applied Ergonomics,,"OS/OB,HRM/IR",https://openalex.org/S94432539,Applied Ergonomics
0965-075X,International Journal of Selection and Assessment,,"OS/OB,HRM/IR",https://openalex.org/S148368070,International Journal of Selection and Assessment
0895-9285,Human Performance,,"OS/OB,HRM/IR",https://openalex.org/S3835251,Human Performance
1547-8181,Human Factors,,"OS/OB,HRM/IR",https://openalex.org/S83386566,Human Factors The Journal of the Human Factors and Ergonomics Society
0889-4019,Career Development Quarterly,,"OS/OB,HRM/IR",https://openalex.org/S105044966,The Career Development Quarterly
1046-4964,Small Group Research,,"OS/OB,HRM/IR",https://openalex.org/S133913429,Small Group Research
0160-8061,Journal of Organizational Behavior Management,[MANAGEMENT],"OS/OB,HRM/IR",https://openalex.org/S97886924,Journal of Organizational Behavior Management
0048-3486,Personnel Review,,"OS/OB,HRM/IR",https://openalex.org/S139232146,Personnel Review
0262-1711,Journal of Management Development,,"OS/OB,HRM/IR",https://openalex.org/S204305389,Journal of Management Development
0031-5826,Personnel Psychology,,"OS/OB,HRM/IR",https://openalex.org/S84664706,Personnel Psychology
0300-3930,Local Government Studies,,PSM,https://openalex.org/S171234518,Local Government Studies
0032-3292,Politics and Society,,PSM,https://openalex.org/S49968029,Politics & Society
0190-292X,Policy Studies Journal,,PSM,https://openalex.org/S119514724,Policy Studies Journal
0263-774X,Environment and Planning C: Government and Policy,,PSM,https://openalex.org/S5352200,Environment and Planning C Government and Policy
0265-8135,Environment and Planning B: Planning and Design,,PSM,https://openalex.org/S4210169418,Environment and Planning B Planning and Design
0927-5940,International Tax and Public Finance,[ECONOMICS],PSM,https://openalex.org/S42192170,International Tax and Public Finance
1048-6682,Nonprofit Management and Leadership,"[MANAGEMENT, PUBLIC ADMINISTRATION]",PSM,https://openalex.org/S70709366,Nonprofit Management and Leadership
0269-0942,Local Economy,,PSM,https://openalex.org/S201731998,Local Economy The Journal of the Local Economy Policy Unit
0275-0740,American Review of Public Administration,,PSM,https://openalex.org/S106702950,The American Review of Public Administration
0951-4848,Health Services Management Research,,PSM,https://openalex.org/S166753014,Health Services Management Research
0891-2432,Gender and Society,,PSM,https://openalex.org/S113116626,Gender & Society
0305-5736,Policy and Politics,,PSM,https://openalex.org/S17167983,Policy & Politics
0313-6647,Australian Journal of Public Administration,,PSM,https://openalex.org/S128357121,Australian Journal of Public Administration
0048-5829,Public Choice,,PSM,https://openalex.org/S7424199,Public Choice
0034-3404,Regional Studies,,PSM,https://openalex.org/S175672440,Regional Studies
0032-2687,Policy Sciences,,PSM,https://openalex.org/S197895017,Policy Sciences
0965-4313,European Planning Studies,,PSM,https://openalex.org/S175414165,European Planning Studies
0041-0020,Town Planning Review,,PSM,https://openalex.org/S127305097,Town Planning Review
0263-7758,Environment and Planning D: Society and Space,,PSM,https://openalex.org/S4210219814,Environment and Planning D Society and Space
0276-8739,Journal of Policy Analysis and Management,,PSM,https://openalex.org/S25370267,Journal of Policy Analysis and Management
0271-2075,Public Administration and Development,,PSM,https://openalex.org/S189395249,Public Administration and Development
0308-518X,Environment and Planning A,,PSM,https://openalex.org/S87933477,Environment and Planning A Economy and Space
1229-4659,International Review of Public Administration,,PSM,https://openalex.org/S2764770023,International Review of Public Administration
0899-7640,Nonprofit and Voluntary Sector Quarterly,,PSM,https://openalex.org/S168572994,Nonprofit and Voluntary Sector Quarterly
0954-0962,Public Money and Management,,PSM,https://openalex.org/S87681011,Public Money & Management
0161-8938,Journal of Policy Modeling,[ECONOMICS],PSM,https://openalex.org/S81022070,Journal of Policy Modeling
0003-0554,American Political Science Review,,PSM,https://openalex.org/S176007004,American Political Science Review
1356-3890,Evaluation,,PSM,https://openalex.org/S13632289,Evaluation
1748-5991,Regulation and Governance,,PSM,https://openalex.org/S108218269,Regulation & Governance
0190-0692,International Journal of Public Administration,,PSM,https://openalex.org/S39541053,International Journal of Public Administration
0951-5224,Higher Education Quarterly,,PSM,https://openalex.org/S184445340,Higher Education Quarterly
0952-1895,Governance,,PSM,https://openalex.org/S62375027,Governance
0958-9287,Journal of European Social Policy,,PSM,https://openalex.org/S187013691,Journal of European Social Policy
0966-0410,Health and Social Care in the Community,,PSM,https://openalex.org/S176659572,Health & Social Care in the Community
1053-1858,Journal of Public Administration Research and Theory,,PSM,https://openalex.org/S169433491,Journal of Public Administration Research and Theory
0734-9149,Public Administration Quarterly,,PSM,https://openalex.org/S2764451528,Public Administration Quarterly
0047-2794,Journal of Social Policy,,PSM,https://openalex.org/S178021067,Journal of Social Policy
0033-3352,Public Administration Review,,PSM,https://openalex.org/S76877748,Public Administration Review
1350-1763,Journal of European Public Policy,,PSM,https://openalex.org/S22371039,Journal of European Public Policy
0144-5596,Social Policy and Administration,,PSM,https://openalex.org/S31120751,Social Policy and Administration
0042-0980,Urban Studies,,PSM,https://openalex.org/S50366009,Urban Studies
0887-378X,Milbank Quarterly,,PSM,https://openalex.org/S1650206,Milbank Quarterly
0095-3997,Administration and Society,,PSM,https://openalex.org/S5465880,Administration & Society
0891-2424,Economic Development Quarterly,"[DEVELOPMENT STUDIES, ECONOMICS, URBAN STUDIES]",PSM,https://openalex.org/S175759345,Economic Development Quarterly
1471-9037,Public Management Review,"[MANAGEMENT, PUBLIC ADMINISTRATION]",PSM,https://openalex.org/S37623806,Public Management Review
0743-0167,Journal of Rural Studies,,PSM,https://openalex.org/S28036099,Journal of Rural Studies
0007-1234,British Journal of Political Science,,PSM,https://openalex.org/S95691132,British Journal of Political Science
0033-3298,Public Administration,,PSM,https://openalex.org/S201221823,Public Administration
0020-8523,International Review of Administrative Sciences,,PSM,https://openalex.org/S16140064,International Review of Administrative Sciences
0951-3558,International Journal of Public Sector Management,,PSM,https://openalex.org/S90998793,International Journal of Public Sector Management
0957-8765,VOLUNTAS,,"PSM
OS/OB,",https://openalex.org/S80347152,VOLUNTAS International Journal of Voluntary and Nonprofit Organizations
1072-5245,International Journal of Stress Management,,"Psych, OS/OB",https://openalex.org/S61509166,International Journal of Stress Management
2327-0616,Annual Review of Organizational Psychology and Organiza,,"Psych, OS/OB",https://openalex.org/S4210200923,Annual Review of Organizational Psychology and Organizational Behavior
0959-3969,"International Review of Retail, Distribution and Consumer",,RMarketing,https://openalex.org/S4210205650,The International Review of Retail Distribution and Consumer Research
1024-5294,Competition and Change,"[BUSINESS, ECONOMICS, GEOGRAPHY]",Sociology,https://openalex.org/S187200255,Competition & Change
1475-9551,Culture and Organization,[MANAGEMENT],Sociology,https://openalex.org/S1076045,Culture and Organization
0923-4748,Journal of Engineering and Technology Management - JE,,TInnovation,https://openalex.org/S47993699,Journal of Engineering and Technology Management
2156-8316,Tourism Planning and Development,,Tourism,https://openalex.org/S2764838396,Tourism Planning & Development
1083-5423,Tourism Analysis,,Tourism,https://openalex.org/S36206217,Tourism Analysis
0047-2875,Journal of Travel Research,,Tourism,https://openalex.org/S157485431,Journal of Travel Research
1502-2250,Scandinavian Journal of Hospitality and Tourism,,Tourism,https://openalex.org/S127704935,Scandinavian Journal of Hospitality and Tourism
0278-4319,International Journal of Hospitality Management,,Tourism,https://openalex.org/S148599315,International Journal of Hospitality Management
0261-5177,Tourism Management,,Tourism,https://openalex.org/S6814119,Tourism Management
1094-1665,Asia Pacific Journal of Tourism Research,,Tourism,https://openalex.org/S171614947,Asia Pacific Journal of Tourism Research
2211-9736,Tourism Management Perspectives,,Tourism,https://openalex.org/S2764590662,Tourism Management Perspectives
1054-8408,Journal of Travel and Tourism Marketing,,Tourism,https://openalex.org/S132310603,Journal of Travel & Tourism Marketing
1096-3480,Journal of Hospitality and Tourism Research,,Tourism,https://openalex.org/S42678134,Journal of Hospitality & Tourism Research
1099-2340,International Journal of Tourism Research,,Tourism,https://openalex.org/S172501620,International Journal of Tourism Research
1354-8166,Tourism Economics,,Tourism,https://openalex.org/S201197719,Tourism Economics
1368-3500,Current Issues in Tourism,,Tourism,https://openalex.org/S171183513,Current Issues in Tourism
0149-0400,Leisure Sciences,,Tourism,https://openalex.org/S122498148,Leisure Sciences
1447-6770,Journal of Hospitality and Tourism Management,[MANAGEMENT],Tourism,https://openalex.org/S187788904,Journal of Hospitality and Tourism Management
0966-9582,Journal of Sustainable Tourism,,Tourism,https://openalex.org/S167854760,Journal of Sustainable Tourism
0160-7383,Annals of Tourism Research,,Tourism,https://openalex.org/S51885707,Annals of Tourism Research
1936-8623,Journal of Hospitality Marketing and Management,"[BUSINESS, MANAGEMENT]",Tourism,https://openalex.org/S118298121,Journal of Hospitality Marketing & Management
1018-5895,Geneva Papers on Risk and Insurance: Issues and Practic,"['BUSINESS, FINANCE']",eEconomics,https://openalex.org/S151491554,The Geneva Papers on Risk and Insurance Issues and Practice
1091-9392,Journal of Organizational Computing and Electronic Comm,,"eMIS, KM",https://openalex.org/S128779766,Journal of Organizational Computing and Electronic Commerce
1532-2882,Systems Journal of the Association for Information Science and Tec,,"hMIS, KM",https://openalex.org/S80113298,Journal of the American Society for Information Science and Technology
1366-5545,Transportation Research Part E: Logistics and Transportat,,"iOR,MS,POM",https://openalex.org/S173966628,Transportation Research Part E Logistics and Transportation Review
0959-6119,International Journal of Contemporary Hospitality Manage,,mTourism,https://openalex.org/S125977778,International Journal of Contemporary Hospitality Management
0954-1314,Journal of International Financial Management and Accou,"['BUSINESS, FINANCE']",nF&A,https://openalex.org/S83262020,Journal of International Financial Management and Accounting
0959-0552,International Journal of Retail and Distribution Manageme,"[BUSINESS, MANAGEMENT]",nMarketing,https://openalex.org/S65353606,International Journal of Retail & Distribution Management
1355-2554,International Journal of Entrepreneurial Behaviour and Re,"[BUSINESS, MANAGEMENT]",sEntrep,https://openalex.org/S170231156,International Journal of Entrepreneurial Behaviour & Research
0265-671X,International Journal of Quality and Reliability Managemen,,"tOR,MS,POM",https://openalex.org/S81159284,International Journal of Quality & Reliability Management
1864-6042,,[ECONOMICS],,https://openalex.org/S4210220385,Economics
2577-6975,,[ECONOMICS],,https://openalex.org/S4210198644,Economics of Transition and Institutional Change
1367-0271,,"['BUSINESS, FINANCE', ECONOMICS]",,https://openalex.org/S2165841,International Finance
2040-4166,,[MANAGEMENT],,https://openalex.org/S152972827,International Journal of Lean Six Sigma
2214-8450,,"['BUSINESS, FINANCE', ECONOMICS]",,https://openalex.org/S2764882396,Borsa Istanbul Review
2214-6350,,"['BUSINESS, FINANCE', ECONOMICS]",,https://openalex.org/S2764372386,Journal of Behavioral and Experimental Finance
0939-3625,,[ECONOMICS],,https://openalex.org/S206007305,Economic Systems
0486-6134,,[ECONOMICS],,https://openalex.org/S201928713,Review of Radical Political Economics
1309-4297,,"[BUSINESS, ECONOMICS, MANAGEMENT]",,https://openalex.org/S2764805720,Eurasian Economic Review
0217-5908,,[ECONOMICS],,https://openalex.org/S62126747,The Singapore Economic Review
1467-0895,,"[BUSINESS, 'BUSINESS, FINANCE', MANAGEMENT]",,https://openalex.org/S38901890,International Journal of Accounting Information Systems
1535-3516,,[ECONOMICS],,https://openalex.org/S4210209722,Asian Economic Papers
1570-677X,,[ECONOMICS],,https://openalex.org/S19927788,Economics & Human Biology
2083-1277,,[ECONOMICS],,https://openalex.org/S2738677470,Oeconomia Copernicana
1748-7870,,"[DEVELOPMENT STUDIES, ECONOMICS]",,https://openalex.org/S74096415,Journal of Economic Policy Reform
2212-828X,,"[DEMOGRAPHY, ECONOMICS]",,https://openalex.org/S2764905104,The Journal of the Economics of Ageing
0373-2630,,[ECONOMICS],,https://openalex.org/S945769174,Revue d économie politique
1120-2890,,[ECONOMICS],,https://openalex.org/S26598852,Economia Politica
1754-9957,,[BUSINESS],,https://openalex.org/S164333781,The Journal of World Energy Law & Business
0338-0599,,[ECONOMICS],,https://openalex.org/S15976965,Revue d’études comparatives Est-Ouest
2382-624X,,"[ECONOMICS, ENVIRONMENTAL STUDIES]",,https://openalex.org/S2764718648,Water Economics and Policy
0739-8859,,"[ECONOMICS, TRANSPORTATION]",,https://openalex.org/S39263009,Research in Transportation Economics
2054-4650,,,,https://openalex.org/S4210193058,Work Aging and Retirement
1529-7373,,[ECONOMICS],,https://openalex.org/S168680943,Annals of economics and finance
0929-1261,,[ECONOMICS],,https://openalex.org/S37173775,European Journal of Law and Economics
0018-280X,,[ECONOMICS],,https://openalex.org/S44261207,Hitotsubashi journal of economics
1671-2234,,[ECONOMICS],,https://openalex.org/S48661868,China & World Economy
1068-5502,,"[AGRICULTURAL ECONOMICS & POLICY, ECONOMICS]",,https://openalex.org/S185653637,Journal of agricultural and resource economics
1086-1653,,[ECONOMICS],,https://openalex.org/S104160329,The independent review
0156-5826,,[ECONOMICS],,https://openalex.org/S170200280,Journal of Australian political economy
0254-3737,,[ECONOMICS],,https://openalex.org/S2764532243,Korean Economic Review/The Korean economic review
1648-4460,,"[BUSINESS, ECONOMICS]",,https://openalex.org/S7397502,Transformations in business & economics
0012-9984,,[ECONOMICS],,https://openalex.org/S47389216,Economic and social review
1808-2882,,"[AGRICULTURAL ECONOMICS & POLICY, BUSINESS, ECONOMICS]",,https://openalex.org/S2484743993,Custos e @gronegócio online
0340-5370,,"[BUSINESS, MANAGEMENT]",,https://openalex.org/S4210235487,Betriebswirtschaftliche Forschung und Praxis
1470-6423,,[BUSINESS],,https://openalex.org/S173807628,International Journal of Consumer Studies
1554-7191,,"[BUSINESS, MANAGEMENT]",,https://openalex.org/S36547454,International Entrepreneurship and Management Journal
1756-137X,,"[AGRICULTURAL ECONOMICS & POLICY, ECONOMICS]",,https://openalex.org/S171031257,China Agricultural Economic Review
1472-4782,,"[BUSINESS, MANAGEMENT]",,https://openalex.org/S82593474,Asian Business & Management
1104-6899,,"[ECONOMICS, FORESTRY]",,https://openalex.org/S27827792,Journal of Forest Economics
1545-8490,,[MANAGEMENT],,https://openalex.org/S33235364,Decision Analysis
2444-8834,,"[BUSINESS, ECONOMICS, MANAGEMENT]",,https://openalex.org/S2898275063,European Research on Management and Business Economics
1945-497X,,"['BUSINESS, FINANCE']",,https://openalex.org/S75627377,SIAM Journal on Financial Mathematics
0012-8775,,[ECONOMICS],,https://openalex.org/S149339240,Eastern European Economics
0251-2920,,[ECONOMICS],,https://openalex.org/S200768828,CEPAL review
0212-6109,,,,https://openalex.org/S50758683,Revista de Historia Económica / Journal of Iberian and Latin American Economic History
1744-6414,,[ECONOMICS],,https://openalex.org/S4210186350,Journal of Competition Law & Economics
2164-3962,,"[BUSINESS, MANAGEMENT]",,https://openalex.org/S2764807039,Service Science
2042-6763,,[BUSINESS],,https://openalex.org/S2764583656,Journal of Social Marketing
1933-527X,,[ECONOMICS],,https://openalex.org/S188292526,Econ journal watch
2194-5993,,[ECONOMICS],,https://openalex.org/S6772833,Review of Network Economics
1356-3467,,[ECONOMICS],,https://openalex.org/S146242404,New Political Economy
0889-3365,,[ECONOMICS],,https://openalex.org/S127060114,NBER Macroeconomics Annual
1331-677X,,,,https://openalex.org/S1014724869,Economic Research-Ekonomska Istraživanja
1354-5701,,[ECONOMICS],,https://openalex.org/S148397273,Feminist Economics
1548-0518,,[MANAGEMENT],,https://openalex.org/S64831726,Journal of Leadership & Organizational Studies
1058-0476,,[ECONOMICS],,https://openalex.org/S4210224032,Journal of Family and Economic Issues
1471-0358,,"[DEVELOPMENT STUDIES, ECONOMICS]",,https://openalex.org/S17004734,Journal of Agrarian Change
1750-6816,,"[ECONOMICS, ENVIRONMENTAL STUDIES]",,https://openalex.org/S140842003,Review of Environmental Economics and Policy
0038-2280,,[ECONOMICS],,https://openalex.org/S90392387,South African Journal of Economics
0896-5803,,"['BUSINESS, FINANCE', ECONOMICS]",,https://openalex.org/S52721111,Journal of Real Estate Research
0885-2545,,[ECONOMICS],,https://openalex.org/S31225034,Journal of Cultural Economics
1938-9655,,[MANAGEMENT],,https://openalex.org/S140551370,Cornell Hospitality Quarterly
1527-0025,,[ECONOMICS],,https://openalex.org/S49327401,Journal of Sports Economics
0738-1360,,"[ECONOMICS, ENVIRONMENTAL STUDIES]",,https://openalex.org/S155153587,Marine Resource Economics
2199-4730,,,,https://openalex.org/S3034727917,Financial Innovation
1753-8378,,"[BUSINESS, MANAGEMENT]",,https://openalex.org/S81125728,International Journal of Managing Projects in Business
2010-0078,,"[ECONOMICS, ENVIRONMENTAL STUDIES]",,https://openalex.org/S26772273,Climate Change Economics
1452-595X,,[ECONOMICS],,https://openalex.org/S147126554,Panoeconomicus
1976-1597,,"[BUSINESS, ECONOMICS]",,https://openalex.org/S116778711,Asian Journal of Technology Innovation
1617-982X,,[ECONOMICS],,https://openalex.org/S112983894,Portuguese Economic Journal
1226-508X,,[ECONOMICS],,https://openalex.org/S47824075,Global Economic Review
0185-1667,,[ECONOMICS],,https://openalex.org/S125733402,Investigación Económica
1756-6517,,"[MANAGEMENT, TRANSPORTATION]",,https://openalex.org/S52328560,International Journal of Shipping and Transport Logistics
1212-3609,,"[ECONOMICS, MANAGEMENT]",,https://openalex.org/S4210214577,E+M Ekonomie a Management
1806-4892,,"[BUSINESS, MANAGEMENT]",,https://openalex.org/S2738281210,Review of Business Management
1750-4708,,[MANAGEMENT],,https://openalex.org/S100149336,Negotiation and Conflict Management Research
1582-9146,,"[BUSINESS, ECONOMICS, MANAGEMENT]",,https://openalex.org/S1027187413,Amfiteatru Economic
0949-6181,,[MANAGEMENT],,https://openalex.org/S91071628,Journal of East European Management Studies
2194-6175,,[BUSINESS],,https://openalex.org/S2764465404,Entrepreneurship Research Journal
2194-6116,,[ECONOMICS],,https://openalex.org/S196564809,The B E Journal of Macroeconomics
2194-6124,,[ECONOMICS],,https://openalex.org/S165881774,The B E Journal of Theoretical Economics
2194-5888,,[ECONOMICS],,https://openalex.org/S87209429,Journal of Benefit-Cost Analysis
1024-2694,,[ECONOMICS],,https://openalex.org/S191005381,Defence and Peace Economics
1369-1066,,"['BUSINESS, FINANCE']",,https://openalex.org/S34941771,Venture Capital
1025-3866,,[BUSINESS],,https://openalex.org/S189738091,Consumption Markets & Culture
0963-8199,,[ECONOMICS],,https://openalex.org/S23218617,Journal of International Trade & Economic Development
1061-6934,,[BUSINESS],,https://openalex.org/S2765057658,Sport Marketing Quarterly
1447-9338,,[MANAGEMENT],,https://openalex.org/S199690760,Innovation
0884-1241,,[BUSINESS],,https://openalex.org/S40814766,Journal of Marketing for HIGHER EDUCATION
2049-5323,,[ECONOMICS],,https://openalex.org/S2764655866,Review of Keynesian Economics
0210-2412,,,,https://openalex.org/S2913545599,Spanish Journal of Finance and Accounting / Revista Española de Financiación y Contabilidad
0424-267X,,[ECONOMICS],,https://openalex.org/S2494413385,ECONOMIC COMPUTATION AND ECONOMIC CYBERNETICS STUDIES AND RESEARCH
0210-2412,,"['BUSINESS, FINANCE']",,https://openalex.org/S2913545599,Spanish Journal of Finance and Accounting / Revista Española de Financiación y Contabilidad
0012-1533,,"[DEVELOPMENT STUDIES, ECONOMICS]",,https://openalex.org/S128035191,The Developing Economies
0026-1386,,[ECONOMICS],,https://openalex.org/S171812798,Metroeconomica
1465-1211,,"['BUSINESS, FINANCE']",,https://openalex.org/S4210171086,The Journal of Risk
0013-791X,,"[BUSINESS, MANAGEMENT, OPERATIONS RESEARCH & MANAGEMENT SCIENCE]",,https://openalex.org/S51113653,The Engineering Economist
2632-7627,,,,https://openalex.org/S4210191200,Applied Economic Analysis
1869-4187,,[ECONOMICS],,https://openalex.org/S204467137,SERIEs
1744-6619,,"['BUSINESS, FINANCE']",,https://openalex.org/S60036207,The Journal of Credit Risk
1742-7355,,[ECONOMICS],,https://openalex.org/S16146169,International Journal of Economic Theory
0041-3011,,[ECONOMICS],,https://openalex.org/S175963831,El Trimestre Económico
0340-8744,,[ECONOMICS],,https://openalex.org/S133770707,Empirica
1474-7472,,"['BUSINESS, FINANCE', ECONOMICS]",,https://openalex.org/S73680622,Journal of Pensions Economics and Finance
1082-5983,,[OPERATIONS RESEARCH & MANAGEMENT SCIENCE],,https://openalex.org/S4210205092,Military Operations Research
1744-6740,,"['BUSINESS, FINANCE']",,https://openalex.org/S183802457,The Journal of Operational Risk
1582-6163,,[ECONOMICS],,https://openalex.org/S82530445,Romanian Journal of Economic Forecasting
1576-0162,,[ECONOMICS],,https://openalex.org/S140389752,Revista de Economía Mundial
2196-436X,,,,https://openalex.org/S2737251658,Latin American Economic Review
2054-0892,,"[DEMOGRAPHY, ECONOMICS]",,https://openalex.org/S4210218653,Journal of Demographic Economics
1229-828X,,,,https://openalex.org/S185325801,Journal of Korea Trade
1862-8516,,"[BUSINESS, MANAGEMENT]",,https://openalex.org/S3409213,Service Business
0303-5247,,,,https://openalex.org/S153975964,Rivista Internazionale di Economia dei Trasporti
2644-0865,,"[MANAGEMENT, OPERATIONS RESEARCH & MANAGEMENT SCIENCE]",,https://openalex.org/S4210202212,INFORMS Journal on Applied Analytics
0718-5286,,[ECONOMICS],,https://openalex.org/S4210197148,Estudios de economía
1753-9579,,"['BUSINESS, FINANCE']",,https://openalex.org/S2765036361,The Journal of Risk Model Validation
0013-3035,,[ECONOMICS],,https://openalex.org/S992988095,Ekonomický časopis
1233-5835,,[ECONOMICS],,https://openalex.org/S175723052,Argumenta Oeconomica
0014-9187,,"['BUSINESS, FINANCE', ECONOMICS]",,https://openalex.org/S43156200,Review
1933-6837,,[ECONOMICS],,https://openalex.org/S10997704,Theoretical Economics
1356-7667,,[BUSINESS],,https://openalex.org/S83271458,Journal Of Vacation Marketing
0883-7066,,[MANAGEMENT],,https://openalex.org/S84101701,System Dynamics Review
1514-0326,,[ECONOMICS],,https://openalex.org/S40285785,Journal of Applied Economics
1035-3046,,"[ECONOMICS, INDUSTRIAL RELATIONS & LABOR]",,https://openalex.org/S159137118,The Economic and Labour Relations Review
2327-0012,,"[BUSINESS, MANAGEMENT]",,https://openalex.org/S4210210207,Journal of Management Analytics
1138-4891,,"['BUSINESS, FINANCE']",,https://openalex.org/S2898542531,Revista de Contabilidad
1532-8937,,,,https://openalex.org/S196034224,MIT Sloan management review
0953-5314,,[ECONOMICS],,https://openalex.org/S182651638,Economic Systems Research
0889-1583,,[ECONOMICS],,https://openalex.org/S160393188,Journal of the Japanese and International Economies
1094-429X,,[MANAGEMENT],,https://openalex.org/S69790668,Systemic Practice and Action Research
1941-1340,,"[AGRICULTURAL ECONOMICS & POLICY, ECONOMICS, ENVIRONMENTAL STUDIES]",,https://openalex.org/S76844451,Annual Review of Resource Economics
2040-8021,,"['BUSINESS, FINANCE', ENVIRONMENTAL STUDIES, MANAGEMENT]",,https://openalex.org/S183939566,Sustainability Accounting Management and Policy Journal
1617-9846,,"[BUSINESS, MANAGEMENT]",,https://openalex.org/S56271844,Information Systems and e-Business Management
1392-2785,,[ECONOMICS],,https://openalex.org/S2764594251,Engineering Economics
1804-171X,,"[BUSINESS, ECONOMICS, MANAGEMENT]",,https://openalex.org/S4210186250,Journal of Competitiveness
1750-614X,,[MANAGEMENT],,https://openalex.org/S149205526,Chinese Management Studies
1352-4739,,[ECONOMICS],,https://openalex.org/S41930762,Japanese Economic Review
1744-9359,,[MANAGEMENT],,https://openalex.org/S168697966,Management & Organizational History
1029-3523,,"['BUSINESS, FINANCE']",,https://openalex.org/S2764792399,Investment Analysts Journal
2199-9023,,"['BUSINESS, FINANCE', ECONOMICS, HEALTH POLICY & SERVICES]",,https://openalex.org/S4210173643,International Journal of Health Economics and Management
8756-9728,,[MANAGEMENT],,https://openalex.org/S196205230,Project Management Journal
2340-9444,,"[BUSINESS, MANAGEMENT]",,https://openalex.org/S2898409089,BRQ Business Research Quarterly
2194-6108,,[ECONOMICS],,https://openalex.org/S55074384,The B E Journal of Economic Analysis & Policy
0021-857X,,"[AGRICULTURAL ECONOMICS & POLICY, ECONOMICS]",,https://openalex.org/S14468722,Journal of Agricultural Economics
1355-770X,,"[ECONOMICS, ENVIRONMENTAL STUDIES]",,https://openalex.org/S164923136,Environment and Development Economics
0008-3976,,"[AGRICULTURAL ECONOMICS & POLICY, ECONOMICS]",,https://openalex.org/S179517972,Canadian Journal of Agricultural Economics/Revue canadienne d agroeconomie
1534-4843,,[MANAGEMENT],,https://openalex.org/S37660120,Human Resource Development Review
2029-4913,,[ECONOMICS],,https://openalex.org/S115091506,Technological and Economic Development of Economy
1746-8809,,"[BUSINESS, ECONOMICS, MANAGEMENT]",,https://openalex.org/S116345831,International Journal of Emerging Markets
1611-1699,,"[BUSINESS, ECONOMICS]",,https://openalex.org/S66524056,Journal of Business Economics and Management
2040-5790,,"[AGRICULTURAL ECONOMICS & POLICY, ECONOMICS]",,https://openalex.org/S4210201861,Applied Economic Perspectives and Policy
2040-7122,,[BUSINESS],,https://openalex.org/S45224653,Journal of Research in Interactive Marketing
1754-2413,,"[BUSINESS, MANAGEMENT]",,https://openalex.org/S175013504,Gender in Management An International Journal
1936-9735,,[MANAGEMENT],,https://openalex.org/S62905163,Operations Management Research
1081-1826,,[ECONOMICS],,https://openalex.org/S193530623,Studies in Nonlinear Dynamics and Econometrics
1746-5265,,[MANAGEMENT],,https://openalex.org/S153849593,Baltic Journal of Management
1015-8812,,"[ECONOMICS, MANAGEMENT]",,https://openalex.org/S157344451,South African Journal of Economic and Management Sciences
1463-1377,,[ECONOMICS],,https://openalex.org/S151220816,Post-Communist Economies
1755-5345,,[ECONOMICS],,https://openalex.org/S2764690196,Journal of Choice Modelling
1351-3958,,[ECONOMICS],,https://openalex.org/S116662517,Asian Economic Journal
1210-0455,,[ECONOMICS],,https://openalex.org/S4210214909,Prague Economic Papers
0032-3233,,[ECONOMICS],,https://openalex.org/S976474146,Politická ekonomie
2332-3493,,"[ECONOMICS, HEALTH POLICY & SERVICES]",,https://openalex.org/S4210173595,American Journal of Health Economics
0210-1173,,[ECONOMICS],,https://openalex.org/S948502762,Revista Hacienda Pública Española
1941-6520,,"[BUSINESS, MANAGEMENT]",,https://openalex.org/S27614628,Academy of Management Annals
1092-7026,,[MANAGEMENT],,https://openalex.org/S126013225,Systems Research and Behavioral Science
1363-6669,,"[DEVELOPMENT STUDIES, ECONOMICS]",,https://openalex.org/S95496512,Review of Development Economics
1752-1378,,"[DEVELOPMENT STUDIES, ECONOMICS, GEOGRAPHY]",,https://openalex.org/S97316453,Cambridge Journal of Regions Economy and Society
0966-0879,,[MANAGEMENT],,https://openalex.org/S117541660,Journal of Contingencies and Crisis Management
1877-8585,,"[BUSINESS, MANAGEMENT]",,https://openalex.org/S118119388,Journal of Family Business Strategy
1753-8394,,"['BUSINESS, FINANCE', MANAGEMENT]",,https://openalex.org/S157427695,International Journal of Islamic and Middle Eastern Finance and Management
0013-063X,,[ECONOMICS],,https://openalex.org/S37814254,De Economist
0021-4027,,[ECONOMICS],,https://openalex.org/S97042997,Jahrbücher für Nationalökonomie und Statistik
1354-7860,,[ECONOMICS],,https://openalex.org/S113509650,Journal of the Asia Pacific Economy
1610-241X,,[ECONOMICS],,https://openalex.org/S30207186,CESifo Economic Studies
1742-1772,,[ECONOMICS],,https://openalex.org/S7161550,Spatial Economic Analysis
1435-6104,,[ECONOMICS],,https://openalex.org/S156716048,Economics of Governance
1648-715X,,[MANAGEMENT],,https://openalex.org/S101163346,International Journal of Strategic Property Management
0818-9935,,[ECONOMICS],,https://openalex.org/S59042063,Asian-Pacific Economic Literature
1406-099X,,[ECONOMICS],,https://openalex.org/S71377650,Baltic Journal of Economics
2530-7614,,"[BUSINESS, MANAGEMENT]",,https://openalex.org/S2898307581,Journal of Innovation & Knowledge
1535-3958,,"[BUSINESS, ENVIRONMENTAL STUDIES, MANAGEMENT]",,https://openalex.org/S12818680,Corporate Social Responsibility and Environmental Management
1469-1930,,"[BUSINESS, MANAGEMENT]",,https://openalex.org/S191556934,Journal of Intellectual Capital
0892-9912,,[MANAGEMENT],,https://openalex.org/S185905316,The Journal of Technology Transfer
0969-2290,,[ECONOMICS],,https://openalex.org/S2875300,Review of International Political Economy
1540-496X,,"[BUSINESS, ECONOMICS]",,https://openalex.org/S166264140,Emerging Markets Finance and Trade
0954-349X,,[ECONOMICS],,https://openalex.org/S67638930,Structural Change and Economic Dynamics
0313-5926,,[ECONOMICS],,https://openalex.org/S2898574612,Economic Analysis and Policy
0928-7655,,"[ECONOMICS, ENVIRONMENTAL STUDIES]",,https://openalex.org/S165058066,Resource and Energy Economics
0034-7590,,"[BUSINESS, MANAGEMENT]",,https://openalex.org/S203848637,Revista de Administração de Empresas
0969-9988,,[MANAGEMENT],,https://openalex.org/S120049674,Engineering Construction & Architectural Management
1062-9408,,"['BUSINESS, FINANCE', ECONOMICS]",,https://openalex.org/S155526628,The North American Journal of Economics and Finance
1868-7865,,,,https://openalex.org/S60370010,Journal of the Knowledge Economy
1361-2026,,"[BUSINESS, MANAGEMENT]",,https://openalex.org/S191114782,Journal of Fashion Marketing and Management
1170-7690,,"[ECONOMICS, HEALTH CARE SCIENCES & SERVICES, HEALTH POLICY & SERVICES]",,https://openalex.org/S43019230,PharmacoEconomics
1074-3529,,"[ECONOMICS, PUBLIC ADMINISTRATION]",,https://openalex.org/S185930956,Contemporary Economic Policy
0927-7099,,"[ECONOMICS, MANAGEMENT]",,https://openalex.org/S98984247,Computational Economics
0718-1876,,[BUSINESS],,https://openalex.org/S27967161,Journal of theoretical and applied electronic commerce research
0923-7992,,[ECONOMICS],,https://openalex.org/S129650269,Open Economies Review
0922-1425,,[ECONOMICS],,https://openalex.org/S70935693,Japan and the World Economy
0139-570X,,"[AGRICULTURAL ECONOMICS & POLICY, ECONOMICS]",,https://openalex.org/S980556082,Agricultural Economics (Zemědělská ekonomika)
2191-1991,,"[ECONOMICS, HEALTH POLICY & SERVICES]",,https://openalex.org/S2738551320,Health Economics Review
8756-6222,,[ECONOMICS],,https://openalex.org/S4210168091,The Journal of Law Economics and Organization
1465-7252,,[ECONOMICS],,https://openalex.org/S53993439,American Law and Economics Review
2078-5585,,"[BUSINESS, MANAGEMENT]",,https://openalex.org/S4210215964,South African Journal of Business Management
0971-7218,,[MANAGEMENT],,https://openalex.org/S202144432,Science Technology and Society
1434-4742,,[ECONOMICS],,https://openalex.org/S72258428,Review of Economic Design
1860-711X,,[ECONOMICS],,https://openalex.org/S146534985,Journal of Economic Interaction and Coordination
2694-6416,,[BUSINESS],,https://openalex.org/S4210218449,Business Ethics the Environment & Responsibility
2212-0122,,"[ECONOMICS, TRANSPORTATION]",,https://openalex.org/S2898237991,Economics of Transportation
0001-6373,,[ECONOMICS],,https://openalex.org/S104354167,Acta Oeconomica
1012-8255,,"[BUSINESS, MANAGEMENT]",,https://openalex.org/S4210179427,Academia Revista Latinoamericana de Administración
2405-8513,,"['BUSINESS, FINANCE', ECONOMICS]",,https://openalex.org/S2898531903,Journal of commodity markets
1862-9679,,"['BUSINESS, FINANCE', ECONOMICS]",,https://openalex.org/S124412575,Mathematics and Financial Economics
2041-9945,,"['BUSINESS, FINANCE']",,https://openalex.org/S4210190745,Asia-Pacific Journal of Financial Studies
1832-8105,,[ECONOMICS],,https://openalex.org/S23010633,Asian Economic Policy Review
0306-9192,,"[AGRICULTURAL ECONOMICS & POLICY, ECONOMICS]",,https://openalex.org/S63571384,Food Policy
0963-8024,,[ECONOMICS],,https://openalex.org/S36588791,Journal of African Economies
0015-1920,,,,,
1480-8986,,,,,
