unit_idx,unit_type,name,issn,field_eb,country_code,v,rank_v,a_p
1341575764,institution,Federal Reserve Bank of Minneapolis,,,US,19.287768048528672,1,44.13888888888889
23254222,source,American Economic Review,0002-8282,E,,15.327967840026425,2,484.0
203860005,source,The Quarterly Journal of Economics,0033-5533,E,,15.198883633070265,3,208.0
95464858,source,Econometrica,0012-9682,E,,12.522021187661906,4,324.0
1321305853,institution,National Bureau of Economic Research,,,US,11.525750104580352,5,300.1747204184704
5353659,source,The Journal of Finance,0022-1082,A,,9.633815234003235,6,188.0
1279858714,institution,Center for Economic and Policy Research,,,US,9.101587683742054,7,199.6938492063492
127708089,source,Journal of Economic Literature,0022-0515,E,,8.492498108780103,8,138.0
95323914,source,Journal of Political Economy,0022-3808,E,,8.47975856188376,9,319.0
4210173904,source,Brookings Papers on Economic Activity,0007-2303,E,,8.439891125089872,10,17.0
142990027,source,Journal of Marketing,0022-2429,B,,8.424655368862012,11,42.0
149240962,source,Journal of Financial Economics,0304-405X,A,,8.182422697121503,12,629.0
40347166,institution,University of Chicago,,,US,7.733471041667754,13,527.5862329174093
27614628,source,Academy of Management Annals,1941-6067,B,,7.580741887313571,14,106.0
154570441,institution,"University of California, Santa Barbara",,,US,7.311255668381825,15,126.55005851439677
170137484,source,Review of Financial Studies,0893-9454,A,,7.148342892821036,16,513.0
97018004,institution,Stanford University,,,US,6.9632781522050875,17,485.02313921372735
20089843,institution,Princeton University,,,US,6.958588359184028,18,263.3609758297259
88935262,source,The Review of Economic Studies,0034-6527,E,,6.760810087783193,19,411.0
170166683,source,American Economic Journal Macroeconomics,1945-7707,E,,6.451446673263963,20,223.0
4210174288,source,American Economic Review Insights,2640-205X,E,,6.19073827427251,21,148.0
2801851002,institution,Harvard University Press,,,US,6.1588558763680075,22,227.12597306795243
196715598,source,Annual Review of Economics,1941-1383,E,,6.124725899871899,23,127.0
57502794,institution,Federal Reserve Bank of Philadelphia,,,US,6.119733712807703,24,52.56349206349206
32971472,institution,Yale University,,,US,5.855411569273496,25,343.967066675155
158011328,source,American Economic Journal Economic Policy,1945-7731,E,,5.853867486477781,26,255.0
43638361,institution,Federal Reserve Bank of New York,,,US,5.54010477290045,27,65.38068181818181
61544103,institution,London Business School,,,GB,5.513620741981078,28,162.8007410503203
62142384,source,Journal of Accounting and Economics,0165-4101,A,,5.407587089858239,29,234.0
2735409286,source,The Review of Asset Pricing Studies,2045-9920,A,,5.406149402957304,30,98.0
2802905149,institution,Federal Reserve Board of Governors,,,US,5.381786359174075,31,250.6461108336108
136199984,institution,Harvard University,,,US,5.337440428977999,32,325.77657376575087
19990318,institution,Federal Reserve Bank of San Francisco,,,US,5.309898325294578,33,57.144444444444446
4210140326,institution,Centre for Economic Policy Research,,,GB,5.244471298763686,34,209.43611111111107
4210193178,source,Organization Theory,2631-7877,B,,5.166488145494993,35,118.0
95457486,institution,"University of California, Berkeley",,,US,5.160229746499035,36,483.141811586895
63966007,institution,Massachusetts Institute of Technology,,,US,5.0912857714656345,37,367.33114548849835
79576946,institution,University of Pennsylvania,,,US,5.05021818652001,38,419.7733494640035
102949365,source,Strategic Management Journal,0143-2095,B,,4.998961274428411,39,477.0
34139249,source,The RAND Journal of Economics,0741-6261,E,,4.986247506303084,40,134.0
103531236,institution,Boston College,,,US,4.943542101897679,41,224.44097275273742
77697173,institution,Federal Reserve Bank of Chicago,,,US,4.891363515191656,42,62.31369047619049
143668711,source,Administrative Science Quarterly,0001-8392,B,,4.841815818408262,43,110.0
46763546,source,Academy of Management Review,0363-7425,B,,4.7144526607744925,44,255.0
117778295,source,Academy of Management Journal,0001-4273,B,,4.64082498733237,45,307.0
111116695,source,Journal of Accounting Research,0021-8456,A,,4.584460793074141,46,202.0
199447588,source,Journal of Public Economics,0047-2727,E,,4.506430360933912,47,628.0
36788626,institution,California University of Pennsylvania,,,US,4.383631697376561,48,74.3727564102564
2800403580,institution,University of Minnesota System,,,US,4.375293532749623,49,43.323412698412696
592451,institution,Indiana University,,,US,4.283583621357901,50,117.78189033189035
170897317,institution,Duke University,,,US,4.259459901934885,51,383.9794843666826
5388228,institution,University of Rochester,,,US,4.243338841868675,52,124.08382352941176
2801613365,institution,Mitchell Institute,,,US,4.2419976537150506,53,28.466636997478123
2800817003,institution,Southern California University for Professional Studies,,,US,4.240286143043655,54,34.792827473668595
57206974,institution,New York University,,,US,4.221115715928695,55,494.79154007409636
161318765,institution,"University of California, Los Angeles",,,US,4.154299763410824,56,193.69028078403076
163534328,source,Marketing Science,0732-2399,B,,4.111561221549865,57,327.0
11853582,source,Review of Accounting Studies,1380-6653,A,,4.110846005531752,58,338.0
111088046,institution,Boston University,,,US,4.082768371966924,59,267.45719088839803
2736251538,source,The Review of Corporate Finance Studies,2046-9128,A,,4.078695308108718,60,127.0
4210152270,institution,INSEAD,,,SG,3.9935189853957116,61,53.95003607503609
36258959,institution,"University of California, San Diego",,,US,3.983716788667085,62,180.97260394576182
1333512998,institution,United States Census Bureau,,,US,3.9598285944766123,63,49.85039682539683
4210096112,institution,Rutgers Sexual and Reproductive Health and Rights,,,NL,3.9217476122465835,64,53.54563492063492
4210096135,institution,Ross School,,,US,3.8779627684104887,65,61.68670634920636
1317239608,institution,Federal Reserve,,,US,3.8523195936765657,66,99.63020174270174
115283149,institution,Brookings Institution,,,US,3.8439680013291855,67,50.1
127742747,source,Journal of Econometrics,0304-4076,E,,3.7945377569143,68,789.0
200399037,institution,University of Puerto Rico System,,,PR,3.775278355019652,69,39.123657796451916
78577930,institution,Columbia University,,,US,3.7609660262601317,70,577.5406639169796
156003414,source,Quantitative Economics,1759-7323,E,,3.72517296989517,71,169.0
92709572,source,Journal of Interactive Marketing,1094-9968,B,,3.712171940929288,72,74.0
107672454,institution,Dartmouth College,,,US,3.7046331830506936,73,118.89796592296594
107639228,institution,University of Notre Dame,,,US,3.684384809045293,74,225.27329402165847
6711363,source,Journal of Monetary Economics,0304-3932,A,,3.673770454652019,75,375.0
111979921,institution,Northwestern University,,,US,3.6702670328469864,76,280.5547451516491
114027177,institution,University of North Carolina at Chapel Hill,,,US,3.6578669055369213,77,270.6030358461709
1321605679,institution,Statistics Norway,,,NO,3.6414740221640884,78,51.03333333333334
206124708,source,Organization Science,1047-7039,B,,3.6273687538470356,79,514.0
46860202,institution,Bank of England,,,GB,3.6041085633371197,80,110.67076224429164
133599136,source,Organizational Research Methods,1094-4281,B,,3.597251700338392,81,117.0
33323087,source,Management Science,0025-1909,B,,3.5642238655346943,82,2051.0
122767448,source,Journal of Management,0149-2063,B,,3.5519002688466315,83,459.0
198098467,source,Journal of International Economics,0022-1996,E,,3.5433704015770644,84,425.0
147692640,source,Journal of Urban Economics,0094-1190,E,,3.5125592225354736,85,225.0
74973139,institution,Carnegie Mellon University,,,US,3.5039041520211187,86,180.21528096086922
4210170931,source,Annual Review of Financial Economics,1941-1367,A,,3.489523573480047,87,101.0
27837315,institution,University of Michigan–Ann Arbor,,,US,3.466830094519512,88,399.85984500063046
150468666,institution,Emory University,,,US,3.445065050683753,89,172.24005439005438
4210136188,institution,European Corporate Governance Institute,,,BE,3.429011972336663,90,31.215277777777775
93666758,source,Journal of Economic Issues,0021-3624,E,,3.41936883180142,91,36.0
116184629,source,National Tax Journal,0028-0283,A,,3.4041636600150764,92,21.0
151321946,institution,Center for Economic Research and Graduate Education – Economics Institute,,,CZ,3.382929942220893,93,29.2625
71675930,institution,Frankfurt School of Finance & Management,,,DE,3.379147407043895,94,94.05018939393938
160506855,source,The Accounting Review,0001-4826,A,,3.3582919578269212,95,495.0
187626162,source,Entrepreneurship Theory and Practice,1042-2587,B,,3.354549474383747,96,265.0
84218800,institution,"University of California, Davis",,,US,3.344103418690912,97,187.30663988788987
202697423,institution,University of Zurich,,,CH,3.3319773580906036,98,256.8695156232656
100005738,institution,Brigham Young University,,,US,3.328862104996873,99,131.92466150153064
42134832,institution,Barcelona School of Economics,,,ES,3.2925993774234072,100,104.06154956154957
2799283415,institution,Fisher College,,,US,3.2789696557907893,101,55.172997835497824
898769471,institution,Bank of Canada,,,CA,3.2654458390756482,102,130.8827380952381
204465549,institution,Washington University in St. Louis,,,US,3.2569263741081445,103,212.86620177918124
185103710,institution,"University of California, Santa Cruz",,,US,3.237891061845551,104,56.984523809523814
165087003,source,Journal of the European Economic Association,1542-4766,E,,3.2214066807987765,105,281.0
140842003,source,Review of Environmental Economics and Policy,1750-6816,E,,3.195772653658584,106,83.0
102272798,institution,INSEAD,,,FR,3.155516273506471,107,111.97028598336647
4210092408,institution,Toulouse School of Economics,,,FR,3.1329789022350956,108,127.58633838383835
145429826,source,Journal of Consumer Research,0093-5301,B,,3.121948280054364,109,206.0
4210121976,institution,Centro de Estudios Monetarios y Financieros,,,ES,3.0960355977225973,110,38.00662337662337
74775410,institution,Rice University,,,US,3.0736085109950313,111,155.62679858840846
38024979,source,Journal of International Business Studies,0047-2506,B,,3.050012674530809,112,435.0
152304618,source,The Leadership Quarterly,1048-9843,B,,3.036026635458711,113,176.0
81410195,source,Manufacturing & Service Operations Management,1523-4614,B,,3.033586917286944,114,586.0
135310074,institution,University of Wisconsin–Madison,,,US,3.026602294233249,115,318.4079284340844
127060114,source,NBER Macroeconomics Annual,0889-3365,E,,3.021249737328,116,72.0
170486558,institution,Pompeu Fabra University,,,ES,2.9717838463690196,117,118.67782999164577
54157616,institution,Swiss Finance Institute,,,CH,2.958433536984577,118,102.01313131313132
1174212,institution,University of Southern California,,,US,2.956534305305967,119,418.26249623083737
119950638,source,Journal of Marketing Research,0022-2437,B,,2.9559603537257515,120,36.0
4210119109,institution,Indiana University Bloomington,,,US,2.9505464054968193,121,299.4208642746143
198892436,source,Accounting Organizations and Society,0361-3682,A,,2.9478687938248047,122,166.0
184565670,institution,Georgetown University,,,US,2.941814736002165,123,207.36849765731344
205783295,institution,Cornell University,,,US,2.94047572948342,124,491.0534129760562
77793887,institution,Federal Reserve Bank of St. Louis,,,US,2.925808467499273,125,65.96944444444445
8557221,source,Journal of Labor Economics,0734-306X,E,,2.915370535487697,126,171.0
5124864,institution,École Polytechnique Fédérale de Lausanne,,,CH,2.9134696180307493,127,63.57965298637914
21260181,source,IMF Economic Review,2041-4161,A,,2.864364033685666,128,150.0
31690342,source,Strategic Entrepreneurship Journal,1932-4391,B,,2.844971832568549,129,162.0
66946132,institution,"University of Maryland, College Park",,,US,2.8395440789780353,130,308.65555944055944
4210183760,source,Strategy Science,2333-2050,B,,2.8394894222853897,131,132.0
185261750,institution,University of Toronto,,,CA,2.7814737692663,132,554.4918766539138
163499366,source,Review of Economic Dynamics,1094-2025,E,,2.774371969841079,133,247.0
141945490,institution,University of British Columbia,,,CA,2.7367221704810025,134,342.1199554289879
4210116924,institution,"Chinese University of Hong Kong, Shenzhen",,,CN,2.734822387620554,135,126.61646825396825
180061323,source,The Review of Economics and Statistics,0034-6535,E,,2.7098672452253387,136,540.0
66201313,source,Journal of Business Venturing,0883-9026,B,,2.7015052633160956,137,227.0
130238516,institution,University of Minnesota,,,US,2.700548247678885,138,345.3962647951464
151705444,source,Journal of Management Studies,0022-2380,B,,2.694848908057541,139,496.0
187481652,institution,Instituto Tecnológico Autónomo de México,,,MX,2.68848338553004,140,57.04076479076479
153515283,institution,European Central Bank,,,DE,2.679696477032729,141,222.24197746697746
909854389,institution,London School of Economics and Political Science,,,GB,2.676910401276081,142,720.2564680716889
125608309,source,Journal of Service Research,1094-6705,B,,2.6764550266295677,143,205.0
45992627,source,The Economic Journal,0013-0133,E,,2.631450968058245,144,497.0
181233156,institution,University of Oregon,,,US,2.6314012213032436,145,107.5242784992785
200769079,institution,Hong Kong University of Science and Technology,,,HK,2.6284944464217883,146,143.36169386169385
152282257,source,Journal of Corporate Finance,0929-1199,A,,2.623116821628966,147,817.0
83860666,institution,HEC Paris,,,FR,2.613485863823583,148,96.04260184260185
6902469,institution,Brandeis University,,,US,2.6104542167514304,149,54.10878427128428
68415526,institution,Federal Reserve Bank of Dallas,,,US,2.6060433356945203,150,58.99444444444445
204250578,institution,"University of California, Irvine",,,US,2.594673464034562,151,196.85529603838427
201448701,institution,University of Washington,,,US,2.5928800409273576,152,369.4395888130357
170201317,institution,University of Pittsburgh,,,US,2.591739046467102,153,188.5664617486893
1309849503,institution,RAND Corporation,,,US,2.571941450550237,154,62.36765873015874
92522684,source,Journal of the Academy of Marketing Science,0092-0703,B,,2.541721609435337,155,346.0
166002381,source,Journal of Applied Psychology,0021-9010,B,,2.5385770300338013,156,364.0
130701444,institution,Georgia Institute of Technology,,,US,2.5379205723880025,157,200.59268833018837
159120381,source,Journal of Retailing,0022-4359,B,,2.537580908285407,158,183.0
128956969,institution,Texas Christian University,,,US,2.5350748868948747,159,129.88412698412696
143995394,source,Journal of World Business,1090-9516,B,,2.5347303356045616,160,242.0
86519309,institution,The University of Texas at Austin,,,US,2.533925701835059,161,414.85301924153976
106098198,source,Oxford Review of Economic Policy,0266-903X,E,,2.511121425284891,162,205.0
188538660,institution,University of Colorado Boulder,,,US,2.508200171640953,163,162.78302745934326
39555362,institution,University of Warwick,,,GB,2.4886925042454346,164,448.37095515489045
52989892,institution,Bank for International Settlements,,,CH,2.4409092545005513,165,90.47637085137083
57995698,institution,Paris School of Economics,,,FR,2.4204465628811715,166,125.51058201058201
157725225,institution,University of Illinois Urbana-Champaign,,,US,2.413471758361788,167,454.703227004753
33741590,source,Academy of Management Perspectives,1558-9080,B,,2.406657197697749,168,138.0
149131268,source,Journal of Economic Theory,0022-0531,E,,2.4041639290263337,169,528.0
72816309,institution,Drexel University,,,US,2.4030059198594222,170,161.35364357864356
79891267,institution,Singapore Management University,,,SG,2.395821976378064,171,295.2214682539682
55521800,institution,Goldsmiths University of London,,,GB,2.388612453892877,172,64.97344877344878
4210186510,source,Journal of International Business Policy,2522-0691,B,,2.3719435145369383,173,139.0
9731383,source,Research Policy,0048-7333,A,,2.3609956238279413,174,728.0
71209653,institution,Bocconi University,,,IT,2.3597854586546436,175,480.06557630171756
1850255,institution,University of Basel,,,CH,2.349960977982573,176,79.24467893217894
83909951,institution,Morgan State University,,,US,2.348759060999727,177,53.51799621717846
200719446,institution,Vanderbilt University,,,US,2.3414391228783766,178,175.20413475413474
27804330,institution,Brown University,,,US,2.3375895814570615,179,63.58158369408368
72880728,source,The Journal of Economic Perspectives,0895-3309,E,,2.3357895893497984,180,39.0
998097505,source,The Journal of Law and Economics,0022-2186,E,,2.3248818331797647,181,131.0
65924262,source,Contemporary Accounting Research,0823-9150,A,,2.3183349677090805,182,376.0
2735550652,source,Journal of the Association of Environmental and Resource Economists,2333-5955,E,,2.3077228327317933,183,42.0
51556381,institution,University of Virginia,,,US,2.297231406759319,184,250.42967767526588
47251452,institution,Wake Forest University,,,US,2.274781604183769,185,63.91487511671334
62957338,source,The Journal of Human Resources,0022-166X,E,,2.2465494747225967,186,156.0
4210213798,source,AEA Papers and Proceedings,2574-0768,X,,2.2459774727446757,187,528.0
45129253,institution,University College London,,,GB,2.2377621387307305,188,514.3025914598709
2765008422,source,Global Strategy Journal,2042-5791,B,,2.236289438204465,189,126.0
193228710,source,Journal of Financial and Quantitative Analysis,0022-1090,A,,2.222919458190323,190,334.0
125775545,source,Operations Research,0030-364X,B,,2.2201380736532013,191,746.0
87216513,institution,Michigan State University,,,US,2.208547863110465,192,413.968417897462
28882882,source,Organization Studies,0170-8406,B,,2.199804751568614,193,408.0
193531525,institution,George Washington University,,,US,2.1943881395188387,194,230.69242139290097
47508984,institution,Imperial College London,,,GB,2.173090810920189,195,224.48653878416658
11394615,source,Strategic Organization,1476-1270,B,,2.169335581635746,196,170.0
145311948,institution,Johns Hopkins University,,,US,2.167037619302138,197,270.122395578278
145608581,institution,University of Miami,,,US,2.164779905396754,198,181.43779779588604
166337079,institution,Queen Mary University of London,,,GB,2.16385575022922,199,205.06174793460505
142306484,source,Journal of Operations Management,0272-6963,B,,2.133788480934257,200,220.0
110152177,institution,University of Akron,,,US,2.131624406583397,201,105.26666666666668
166621295,source,Journal of Health Economics,0167-6296,E,,2.130627781923549,202,370.0
124055696,institution,University of Copenhagen,,,DK,2.1271016721198865,203,220.14638222500784
76844451,source,Annual Review of Resource Economics,1941-1340,E,,2.124444425205609,204,115.0
55769427,institution,Indiana University – Purdue University Indianapolis,,,US,2.1035651549799472,205,49.37969877344878
889458895,institution,University of Hong Kong,,,HK,2.1019059947900427,206,578.6235730734644
101209419,source,Journal of Development Economics,0304-3878,E,,2.0954560071512924,207,593.0
4210173453,source,AMS Review,1869-814X,B,,2.0901946207030293,208,120.0
4210173595,source,American Journal of Health Economics,2332-3493,E,,2.0802273170085614,209,23.0
125068653,institution,IE University,,,ES,2.0703147180422317,210,125.20110546087592
172782825,source,California Management Review,0008-1256,B,,2.0693697080454427,211,130.0
87745625,source,International Journal of Management Reviews,1460-8545,B,,2.0692994955885906,212,145.0
103311983,source,Journal of Advertising,0091-3367,B,,2.0675188398904947,213,221.0
223532165,institution,University of Utah,,,US,2.0616630921332395,214,252.68157390705346
130769515,institution,Pennsylvania State University,,,US,2.04782565601147,215,636.9681224798047
202812398,source,Information Systems Research,1047-7047,B,,2.0403122430851655,216,480.0
91045830,institution,Texas A&M University,,,US,2.0393501399029086,217,373.8943356675681
179979277,source,International Economic Review,0020-6598,E,,2.0351778094900865,218,242.0
2058785,source,Journal of money credit and banking,0022-2879,A,,2.024645043643798,219,115.0
121934306,institution,Tufts University,,,US,2.0231004030638355,220,55.56113932363933
180519160,institution,Copenhagen Business School,,,DK,2.017594461591245,221,651.655079536286
126307644,institution,University of Iowa,,,US,2.015040687774691,222,144.43412698412695
168864056,institution,Bilkent University,,,TR,2.012184509585439,223,97.1202380952381
11810700,source,International Journal of Research in Marketing,0167-8116,B,,2.0081319530293467,224,271.0
178169726,institution,Southern Methodist University,,,US,1.99768233355865,225,123.99487239655461
887064364,institution,University of Amsterdam,,,NL,1.9626457580629868,226,401.41158604283606
107077323,institution,Worcester Polytechnic Institute,,,US,1.9586641137881586,227,53.01788302277433
181565077,institution,Georgia State University,,,US,1.956219049880003,228,250.8599132462278
155660961,institution,University of Turku,,,FI,1.9540607535266286,229,179.14789377289372
55732556,institution,Arizona State University,,,US,1.9458385667954512,230,488.86941433409464
186143895,institution,Lehigh University,,,US,1.9443380173617024,231,90.55277777777776
52357470,institution,The Ohio State University,,,US,1.9339854557211584,232,334.3314967626113
2802236040,institution,University of Colorado System,,,US,1.933700149216147,233,30.17222222222222
161593684,institution,Stockholm University,,,SE,1.9247346127497367,234,197.44797242325163
114457229,institution,University of Geneva,,,CH,1.9219604934126497,235,124.02463924963925
106686155,source,Journal of Risk and Uncertainty,0895-5646,A,,1.919658361906559,236,121.0
86501945,institution,University of Delaware,,,US,1.9158158072402158,237,169.7909223106928
135140700,institution,University of Bonn,,,DE,1.9129026129434932,238,169.0465219421102
5984737,source,Journal of Financial Intermediation,1042-9573,A,,1.9082121203627023,239,116.0
141600920,source,Fiscal Studies,0143-5671,E,,1.907790251509269,240,127.0
165932596,institution,National University of Singapore,,,SG,1.9046966916932235,241,621.137829754668
114395901,institution,University of Nebraska–Lincoln,,,US,1.904034198073413,242,170.26478056310074
241749,institution,University of Cambridge,,,GB,1.8989400441889182,243,523.4522712010213
180242103,institution,Stockholm School of Economics,,,SE,1.8957299581523643,244,245.74577852027636
40120149,institution,University of Oxford,,,GB,1.8899050484581792,245,677.8599057519361
2875300,source,Review of International Political Economy,0969-2290,X,,1.8809498619573004,246,329.0
61446109,source,Human Relations,0018-7267,B,,1.875920642514365,247,308.0
107183665,source,Journal of service management,1757-5818,B,,1.8699850768327921,248,217.0
57201433,institution,Università della Svizzera italiana,,,CH,1.8684230696444326,249,72.08199855699856
177725633,institution,Chinese University of Hong Kong,,,CN,1.844091322202811,250,365.43559010434
181046868,institution,BI Norwegian Business School,,,NO,1.8440004506302103,251,249.64237228405452
180825142,institution,"City, University of London",,,GB,1.8412174872648137,252,260.2807955932956
96062909,institution,Babson College,,,US,1.8396682087875182,253,105.52045480931098
197251160,institution,Hebrew University of Jerusalem,,,IL,1.821742146887963,254,164.63151154401154
165733156,institution,University of Georgia,,,US,1.8132569864329073,255,341.221835794924
16391192,institution,Tel Aviv University,,,IL,1.8115461708493898,256,182.11984126984123
59553526,institution,Stony Brook University,,,US,1.8087494396940629,257,71.8953463203463
114832834,institution,Tulane University,,,US,1.8063943803982165,258,148.1587219061132
16269868,institution,Santa Clara University,,,US,1.7942501246573326,259,92.3843253968254
70983195,institution,Syracuse University,,,US,1.7938801141594947,260,198.49566802620194
874792244,institution,European University Institute,,,IT,1.7932085338086552,261,124.66578282828284
162577319,institution,The University of Texas at Dallas,,,US,1.7898202194250803,262,268.0272366522367
12912129,institution,Northeastern University,,,US,1.778942174216663,263,189.5462665112665
185253248,source,Human Resource Management Review,1053-4822,B,,1.7777836715440363,264,156.0
158012942,institution,University of Richmond,,,US,1.7733270458353732,265,90.85535714285712
180923762,institution,University of Cologne,,,DE,1.7714227174506387,266,164.93186029656619
155781252,institution,University of South Carolina,,,US,1.7678365009551802,267,313.4558319925143
124261006,institution,École Supérieure des Sciences Économiques et Commerciales,,,FR,1.7654529783705775,268,88.72758769008767
103635307,institution,"University of California, Riverside",,,US,1.7586405366627271,269,94.63333333333335
153718931,institution,University of Ottawa,,,CA,1.7552020316050125,270,225.40413406758088
133335107,source,Mathematical Finance,0960-1627,E,,1.7543677077152418,271,132.0
39422238,institution,University of Illinois Chicago,,,US,1.7497632926997444,272,206.39413071070427
192455969,institution,York University,,,CA,1.7300193902492211,273,328.39511255050195
193662353,institution,Utrecht University,,,NL,1.7183644184307079,274,341.68103283555644
122073985,source,The Journal of Economic History,0022-0507,E,,1.7161445354060325,275,199.0
204722609,institution,Queen's University,,,CA,1.7150277044649072,276,161.13801557919206
125749732,institution,Western University,,,CA,1.7136776001185081,277,320.03215604103946
202963720,institution,University of St. Gallen,,,CH,1.71133724226228,278,335.5017857142858
200872515,source,Journal of Environmental Economics and Management,0095-0696,E,,1.7100254156961108,279,440.0
931913249,institution,Norwegian School of Economics,,,NO,1.7091922200150513,280,217.97681466481274
49389958,source,Econometric Theory,0266-4666,E,,1.7006121683194984,281,173.0
4432739,institution,University of Bergen,,,NO,1.6960943210598987,282,73.09491341991342
189712700,institution,University of Konstanz,,,DE,1.6912911299411286,283,62.080555555555556
5023651,institution,McGill University,,,CA,1.6908773095987155,284,237.8320802248434
75845752,source,Auditing A Journal of Practice & Theory,0278-0380,A,,1.6906393155955788,285,172.0
99065089,institution,Tsinghua University,,,CN,1.6885720661016501,286,588.3617229366492
108192572,institution,HEC Montréal,,,CA,1.6873671603062943,287,353.51310606060605
56441308,institution,Libera Università Internazionale degli Studi Sociali Guido Carli,,,IT,1.6810022354660563,288,196.62400793650792
160573970,source,Journal of Organizational Behavior,0894-3796,B,,1.6787404885329547,289,358.0
4210202650,source,Academy of Management Discoveries,2168-1007,B,,1.6774601632039827,290,156.0
84392919,institution,Temple University,,,US,1.6662457121180232,291,244.53222502056613
113497174,source,Human Resource Management Journal,0954-5395,B,,1.6631842350723842,292,265.0
4210089966,institution,London School of Hygiene & Tropical Medicine,,,GB,1.6615281504449453,293,48.63617958216608
96413208,institution,Swinburne University of Technology Sarawak Campus,,,MY,1.6613532213053501,294,54.06234737484737
43968019,institution,Karlstad University,,,SE,1.6612897744955175,295,62.978012265512255
38350834,source,Journal of Business Logistics,0735-3766,B,,1.6600143596620283,296,148.0
38825547,source,Economic Geography,0013-0095,E,,1.659974332807654,297,115.0
154425047,institution,University of Alberta,,,CA,1.6548390011385783,298,235.8962024087024
197518295,institution,IZA - Institute of Labor Economics,,,DE,1.6511385606774582,299,169.96670634920636
69338747,source,European Economic Review,0014-2921,E,,1.6500857681717023,300,787.0
25250876,source,Economy and Society,0308-5147,E,,1.64810719887306,301,63.0
168635309,institution,University of Calgary,,,CA,1.6455305346128524,302,237.2736823361824
25169866,institution,Universidade Católica Portuguesa,,,PT,1.6365075373643734,303,125.36441798941799
50310733,institution,Banco de Portugal,,,PT,1.6314226919220784,304,43.01303418803419
102248843,institution,Vienna University of Economics and Business,,,AT,1.63107307392134,305,322.4100952736451
193700539,institution,Tilburg University,,,NL,1.6228905831984342,306,358.59815691160173
114090438,institution,Goethe University Frankfurt,,,DE,1.615722117964917,307,225.30479747729748
5593406,institution,Universitat Ramon Llull,,,ES,1.611317039216761,308,151.10614560792808
149070780,source,Production and Operations Management,1059-1478,B,,1.610408298208407,309,1135.0
24603500,institution,University of Massachusetts Amherst,,,US,1.6095506922116807,310,242.5822453247687
171543936,institution,Free University of Bozen-Bolzano,,,IT,1.6038954143409692,311,153.93056402534665
18095783,source,Journal of Business and Economic Statistics,0735-0015,E,,1.601448495484885,312,433.0
8204097,institution,Ludwig-Maximilians-Universität München,,,DE,1.5974654751129742,313,182.6872184820011
31748134,source,Industrial Marketing Management,0019-8501,B,,1.595307697198098,314,933.0
1310145890,institution,International Monetary Fund,,,US,1.5945330294577906,315,423.37090548340547
44376543,source,Business & Society,0007-6503,B,,1.5895502473812562,316,258.0
172675005,institution,Nanyang Technological University,,,SG,1.5874551820955927,317,292.0521825396825
177802217,institution,University of Mannheim,,,DE,1.5859297312425857,318,217.7092427049971
913958620,institution,Erasmus University Rotterdam,,,NL,1.5846884372534833,319,766.4566552277895
138006243,institution,University of Arizona,,,US,1.584508144990746,320,241.7796661671662
9927081,institution,Aalto University,,,FI,1.5815933673812763,321,294.91703106834683
209991678,institution,Maastricht School of Management,,,NL,1.5789302115007011,322,46.00267857142856
33519306,source,Econometrics Journal,1368-4221,E,,1.57849895946654,323,124.0
168719708,institution,City University of Hong Kong,,,HK,1.5760983881875374,324,324.5946611721611
2802706902,institution,Knoxville College,,,US,1.574945723477395,325,32.282936507936505
23010633,source,Asian Economic Policy Review,1748-3131,E,,1.5704087783582639,326,126.0
1334329717,institution,World Bank,,,US,1.5695987487581178,327,277.6109599364136
85739584,source,Journal of Applied Econometrics,0883-7252,E,,1.56924547180734,328,268.0
66510378,source,Critical Perspectives on Accounting,1045-2354,A,,1.568925384661161,329,248.0
98635879,institution,American University of Beirut,,,LB,1.5671771964390455,330,77.5346560846561
23343376,source,International Business Review,0969-5931,B,,1.5615780068157794,331,406.0
2876017,source,Journal of Banking & Finance,0378-4266,E,,1.5604053829857638,332,887.0
1650206,source,Milbank Quarterly,0887-378X,X,,1.5599043540246482,333,211.0
64175962,institution,China Europe International Business School,,,CN,1.558407068639639,334,102.68218575718578
51601045,institution,University of Bath,,,GB,1.5563037311956276,335,280.97873349866956
93284759,source,Journal of Business Research,0148-2963,B,,1.5562076818894317,336,3502.0
889315371,institution,Agricultural & Applied Economics Association,,,US,1.5514268217972509,337,62.559156097314
97565354,institution,University of Lausanne,,,CH,1.549051859454529,338,190.7327932009511
197323543,institution,Johannes Gutenberg University Mainz,,,DE,1.5480669224137922,339,52.22335164835164
921990950,institution,University of Colorado Denver,,,US,1.547253856367488,340,81.8441489066489
75027704,institution,University of Tennessee at Knoxville,,,US,1.5471331126582706,341,247.3288520918317
120250893,institution,New York University Abu Dhabi,,,AE,1.545768735103865,342,44.341666666666676
169221615,source,Information Economics and Policy,0167-6245,E,,1.54449324510722,343,96.0
124549413,source,Journal of Economic Surveys,0950-0804,E,,1.5344891976911448,344,265.0
84340266,institution,WHU – Otto Beisheim School of Management,,,DE,1.5337427286680867,345,188.58260774714873
146416000,institution,University of Kansas,,,US,1.5276449405901324,346,134.72408596076824
50357001,institution,Universidad Carlos III de Madrid,,,ES,1.5247781258229924,347,239.31424963924962
205892228,institution,Berlin School of Economics and Law,,,DE,1.5217389753922141,348,98.99251253132834
184564680,institution,Inter-American Development Bank,,,US,1.5150879604577798,349,87.62738095238095
35440088,institution,ETH Zurich,,,CH,1.5078821370416209,350,295.95835455394274
141810926,institution,Baruch College,,,US,1.5057596611881245,351,161.02517514935738
31746571,institution,UNSW Sydney,,,AU,1.5024102692035444,352,475.39187239468805
16285277,institution,William & Mary,,,US,1.5013313259937138,353,45.32114621489622
179517972,source,Canadian Journal of Agricultural Economics/Revue canadienne d agroeconomie,0008-3976,X,,1.496509599521479,354,139.0
2898242091,source,Journal of Business Venturing Insights,2352-6734,B,,1.4957249010948364,355,301.0
121820613,institution,Louisiana State University,,,US,1.491158305868857,356,162.72666703753148
116483603,source,Journal of Risk & Insurance,0022-4367,A,,1.49068117418289,357,136.0
18436875,source,International Journal of Electronic Commerce,1086-4415,B,,1.4892729799643096,358,56.0
579031,source,Economic Theory,0938-2259,E,,1.48158892448765,359,340.0
162525099,source,Financial Analysts Journal,0015-198X,A,,1.4806273248968858,360,12.0
162608824,institution,University of Sussex,,,GB,1.476918254744482,361,337.17325036075033
146268463,source,Journal of Institutional Economics,1744-1374,E,,1.4766131624466197,362,230.0
28290843,institution,University of Surrey,,,GB,1.4765567203901957,363,235.32027041585866
190249584,institution,Universität Innsbruck,,,AT,1.475441628776209,364,168.19760938604807
146242404,source,New Political Economy,1356-3467,E,,1.4737137016150597,365,262.0
121847817,institution,"The Graduate Center, CUNY",,,US,1.469094587072651,366,36.82559523809524
93630570,source,Journal of Product Innovation Management,0737-6782,B,,1.4680508009015536,367,203.0
133738476,institution,University of Massachusetts Lowell,,,US,1.4648979579290449,368,102.28376623376623
118564535,institution,University of Bern,,,CH,1.4647686279250958,369,148.45079365079366
1330701686,institution,Collegio Carlo Alberto,,,IT,1.4646934535509544,370,55.62331349206349
110002522,institution,University of Essex,,,GB,1.4637784172555648,371,364.2429111429112
56590836,institution,Monash University,,,AU,1.4622805431565495,372,722.5330116016859
103163165,institution,Florida State University,,,US,1.4602243048994543,373,278.0029981413006
39841227,source,International Journal of Forecasting,0169-2070,E,,1.459798183985239,374,440.0
35566140,institution,Loyola Marymount University,,,US,1.4570644162383208,375,59.30574684374488
71052956,institution,University of Reading,,,GB,1.456998055002657,376,322.8596921123775
118119388,source,Journal of Family Business Strategy,1877-8585,B,,1.4565955987967736,377,133.0
102322142,institution,"Rutgers, The State University of New Jersey",,,US,1.4562264115776646,378,422.55908679169033
18014758,institution,Simon Fraser University,,,CA,1.4554892249872233,379,213.55771558766997
87933477,source,Environment and Planning A Economy and Space,0308-518X,X,,1.444958600807634,380,509.0
100930933,institution,University College Dublin,,,IE,1.4392494276821193,381,249.5043213649096
143302722,institution,University of Kentucky,,,US,1.4383017902159163,382,187.13197959447956
877107187,institution,University of Roehampton,,,GB,1.437772982451324,383,40.48452380952381
1319597252,institution,Center for Global Development,,,US,1.4328235161998615,384,34.4797619047619
1288051870,institution,Organisation de Coopération et de Développement Economiques,,,FR,1.4293010435610471,385,91.7890984015984
34771391,institution,University of Cyprus,,,CY,1.4281144294938752,386,85.29100529100529
163774179,source,Labour Economics,0927-5371,E,,1.4214714391745473,387,479.0
131249849,institution,Oregon State University,,,US,1.418614163776554,388,118.90261544011544
97316453,source,Cambridge Journal of Regions Economy and Society,1752-1378,E,,1.418292805791605,389,188.0
5085271,institution,Hanken School of Economics,,,FI,1.4178135266951881,390,198.65638528138527
98677209,institution,University of Edinburgh,,,GB,1.4170756541971516,391,360.27933114991936
4210168091,source,The Journal of Law Economics and Organization,1465-7341,E,,1.4085456185894634,392,129.0
16835326,institution,University of St Andrews,,,GB,1.4068582819512692,393,101.71516516516516
23732399,institution,Montana State University,,,US,1.4030354886483367,394,50.81468253968254
134094273,source,Human Resource Management,0090-4848,B,,1.399750741158554,395,226.0
83205935,institution,Malaviya National Institute of Technology Jaipur,,,IN,1.3974462081197938,396,142.2544719169719
33213144,institution,University of Florida,,,US,1.392760535074121,397,433.78665383014106
4210119896,institution,King's College School,,,GB,1.3926735835314117,398,58.41299715402038
34352273,institution,Maastricht University,,,NL,1.3903830908072783,399,289.21165671320716
1282776028,institution,German Institute for Economic Research,,,DE,1.3886021885816564,400,90.79305555555558
58956616,institution,Case Western Reserve University,,,US,1.3883526216249629,401,105.52047258297257
185071736,institution,Chapman University,,,US,1.3868276916200717,402,101.24408369408367
17986141,source,Journal of Management Inquiry,1056-4926,B,,1.3865785909815833,403,124.0
78715868,institution,University of Arkansas at Fayetteville,,,US,1.3862113679112045,404,210.25570822825497
45682993,source,Academy of Management Learning and Education,1537-260X,B,,1.386129535531844,405,214.0
137902535,institution,North Carolina State University,,,US,1.385977082536629,406,239.91344093021723
108468826,institution,Stevens Institute of Technology,,,US,1.3825067041542696,407,82.62970085470086
201298700,institution,Banque de France,,,FR,1.3786215134808923,408,87.5909223712795
84664706,source,Personnel Psychology,0031-5826,B,,1.377286197714115,409,193.0
8692664,institution,University of Oklahoma,,,US,1.3745696297668741,410,184.72518486186712
164321952,source,International Journal of Operations & Production Management,0144-3577,B,,1.3744585186100715,411,451.0
148909191,source,Marketing Letters,0923-0645,B,,1.3729490813183587,412,241.0
123946342,institution,Binghamton University,,,US,1.372762587781096,413,90.0485680985681
9435936,source,Long Range Planning,0024-6301,B,,1.3707824734867409,414,217.0
162148367,institution,Pontificia Universidad Católica de Chile,,,CL,1.3701641097734074,415,134.03385122048914
76633192,source,Journal of Business Ethics,0167-4544,B,,1.3682450928778676,416,1411.0
186354981,institution,University of Passau,,,DE,1.3651095248999594,417,77.61630906080116
165799507,institution,Rensselaer Polytechnic Institute,,,US,1.3632938948512132,418,68.46944444444445
190082696,institution,Durham University,,,GB,1.3615111576568883,419,363.3918397143397
41869786,source,Small Business Economics,0921-898X,A,,1.3612102621886324,420,634.0
121634618,source,Journal of Financial Stability,1572-3089,A,,1.3549322702902824,421,352.0
198488067,institution,Tinbergen Institute,,,NL,1.35466366703687,422,99.80781024531025
142476485,institution,École Polytechnique,,,FR,1.354267064028851,423,47.257480158730154
12834331,institution,University of Wyoming,,,US,1.3534357484207182,424,94.822244746427
157946625,source,Financial Management,0046-3892,A,,1.3518181650804018,425,133.0
91136226,institution,University of Sheffield,,,GB,1.351746570552652,426,427.61903621326576
865915315,institution,Vrije Universiteit Amsterdam,,,NL,1.3504121193918444,427,451.0238261541936
4210148300,institution,Institut d'Economie Scientifique Et de Gestion,,,FR,1.3485705301938349,428,154.24771241830067
165779595,institution,University of Melbourne,,,AU,1.346882654059842,429,617.5599645778649
145471836,source,Explorations in Economic History,0014-4983,E,,1.3466681948524653,430,126.0
4210224324,source,Accounting Auditing & Accountability Journal,0951-3574,A,,1.3417439593990759,431,478.0
66862912,institution,Chalmers University of Technology,,,SE,1.341476784293459,432,136.99880952380954
125977778,source,International Journal of Contemporary Hospitality Management,0959-6119,B,,1.3394960427067584,433,985.0
4210131537,institution,Montpellier Business School,,,FR,1.337741868290222,434,188.40511519132207
90803817,institution,Universidad del Rosario,,,CO,1.3376332123002332,435,69.58165584415583
177364143,institution,Centre for European Economic Research,,,DE,1.3375977140485846,436,84.38809523809522
91754907,source,American Journal of Agricultural Economics,0002-9092,E,,1.3333461625111087,437,271.0
181401687,institution,American University,,,US,1.3328896697906703,438,144.56011192310993
323237,source,Accounting and Business Research,0001-4788,A,,1.3314417228001085,439,161.0
113456305,institution,Leuphana University of Lüneburg,,,DE,1.3277928750904007,440,178.26550728964526
33434090,institution,University of Massachusetts Boston,,,US,1.3264813662978796,441,109.52255008063831
17301866,institution,University of Alabama,,,US,1.3252026085280442,442,263.4540346068933
36234482,institution,University of Bristol,,,GB,1.3241251025156933,443,306.2321572041793
4210149577,institution,ESCP Business School,,,FR,1.3225171595785425,444,78.13277041585864
76835614,institution,University of Missouri,,,US,1.321308185558305,445,203.72207602339182
185763367,institution,Bank of Spain,,,ES,1.320850089548698,446,124.11271367521366
173911158,institution,Iowa State University,,,US,1.320324344786142,447,266.9684744902035
129086836,source,Real Estate Economics,1080-8620,A,,1.320318348581246,448,167.0
181356434,source,Accounting Horizons,0888-7993,A,,1.3197889124986635,449,226.0
190632392,institution,Luleå University of Technology,,,SE,1.3190310312485232,450,100.82599206349207
4210201861,source,Applied Economic Perspectives and Policy,2040-5790,E,,1.3187038316242348,451,357.0
177792750,source,Decision Sciences,0011-7315,B,,1.3139092450743042,452,180.0
134113660,institution,"University of Nevada, Reno",,,US,1.304561214557539,453,95.89632594300818
28407311,institution,University of Manchester,,,GB,1.3018465735445837,454,601.2989566009246
77432436,institution,Research Institute of Industrial Economics,,,SE,1.2988029420223663,455,65.1686507936508
72915307,source,Organization,1350-5084,B,,1.2983850956826797,456,293.0
42775652,institution,Link Campus University,,,IT,1.2963422220313052,457,31.042460317460318
219193219,institution,Purdue University West Lafayette,,,US,1.2953764459111645,458,388.19398656898653
143804889,institution,Loughborough University,,,GB,1.2945616496075558,459,291.4621031746032
54009628,institution,University of Bayreuth,,,DE,1.2935739876124273,460,190.12288259836214
157394403,institution,Baylor University,,,US,1.29199469437145,461,126.23648263043538
107631327,source,Regional Science and Urban Economics,0166-0462,E,,1.2905873041254203,462,275.0
46039370,source,Journal of Economic Geography,1468-2702,E,,1.2902777672512238,463,178.0
1351752,institution,Koç University,,,TR,1.2893003973029218,464,64.78441346235465
62916508,institution,Technical University of Munich,,,DE,1.2891004922220535,465,294.44696032725443
23923803,institution,University of Exeter,,,GB,1.2890056336530253,466,268.694210631448
884043246,institution,Hamburg University of Technology,,,DE,1.2860188565811779,467,26.782656926406926
70931966,institution,Université de Montréal,,,CA,1.2812573181974771,468,100.80622895622895
79619799,institution,University of Birmingham,,,GB,1.2810611118707482,469,375.8165129591919
102896891,source,Psychology and Marketing,0742-6046,B,,1.2809551269258128,470,762.0
19358283,source,International Journal of Advertising,0265-0487,B,,1.2786061148938874,471,329.0
95314075,source,Leadership,1742-7150,B,,1.2779182712657142,472,161.0
3035068822,source,Journal of Organization Design,2245-408X,B,,1.271401226611879,473,97.0
139924743,institution,Bentley University,,,US,1.267510443363369,474,144.77433149982951
74623043,institution,Deutsche Bundesbank,,,DE,1.2662524911539959,475,127.54580142080144
185443292,institution,Wayne State University,,,US,1.2657373947033368,476,106.77144660894659
2801952686,institution,Erasmus MC,,,NL,1.2655990701298334,477,30.560893916872175
94552155,source,Organization & Environment,1086-0266,B,,1.2606177497758337,478,91.0
140172145,institution,University of Connecticut,,,US,1.2603451178677414,479,217.24870037370042
8078737,institution,Clemson University,,,US,1.2569579606495815,480,177.1948490143721
43019230,source,PharmacoEconomics,1170-7690,E,,1.2548471734473763,481,433.0
212119943,institution,University of Victoria,,,CA,1.2539321659255855,482,120.7500634813135
171424506,source,European Accounting Review,0963-8180,A,,1.2496778921768326,483,269.0
75951250,institution,Freie Universität Berlin,,,DE,1.2485717503870455,484,139.2661264896559
181188550,institution,Bank of Finland,,,FI,1.247024637780348,485,44.68333333333334
172526255,source,Finance and Stochastics,0949-2984,E,,1.2458476283133753,486,97.0
83328450,institution,Miami University,,,US,1.244292511543606,487,156.23531746031742
155976169,institution,Witten/Herdecke University,,,DE,1.244031152277404,488,57.754589371980686
67415387,institution,Lancaster University,,,GB,1.2427144346492816,489,360.40307018854975
951315,institution,Graduate Institute of International and Development Studies,,,CH,1.242188860937069,490,50.57500000000001
48254654,source,Journal of Business Finance &amp Accounting,0306-686X,A,,1.2398594439435746,491,324.0
128621090,source,The Journal of Economic Education,0022-0485,X,,1.238554746636486,492,144.0
129774422,institution,University of Vienna,,,AT,1.2379453657621038,493,202.84948257019676
123044942,institution,Universitat Autònoma de Barcelona,,,ES,1.2372480935506467,494,206.23396070303963
145507837,source,Industrial and Corporate Change,0960-6491,A,,1.2365316337306755,495,291.0
14243506,institution,Hong Kong Polytechnic University,,,HK,1.2363211868195587,496,731.646060883561
43439940,institution,University of Southampton,,,GB,1.2361516723265584,497,346.50883462942284
124357947,institution,University of London,,,GB,1.2350403037550512,498,80.37731481481481
4210150763,institution,Gran Sasso Science Institute,,,IT,1.2338891081373982,499,41.756746031746026
168717511,source,The Journal of Applied Behavioral Science,0021-8863,B,,1.2296795736419375,500,167.0
859038795,institution,Virginia Tech,,,US,1.228986911210068,501,279.0441386295948
162290304,institution,Scuola Superiore Sant'Anna,,,IT,1.22066483785334,502,202.98580627705633
74656192,institution,University of Göttingen,,,DE,1.2193305125271257,503,221.7372211122211
7863295,institution,Villanova University,,,US,1.217795722036679,504,194.41291486291487
123387679,institution,Uppsala University,,,SE,1.2176639354061374,505,249.09090834993754
99768379,source,Management Learning,1350-5076,B,,1.2171337588074869,506,218.0
183935753,institution,King's College London,,,GB,1.2164546263770506,507,353.2562022006078
37660120,source,Human Resource Development Review,1534-4843,B,,1.2161220211792745,508,111.0
63548447,institution,Lappeenranta-Lahti University of Technology,,,FI,1.2154569900737329,509,218.90624999999994
32021983,institution,Kiel University,,,DE,1.2149789749840683,510,115.93433621933623
4210166174,institution,Joint Research Center,,,ES,1.2135481639599974,511,81.03429348429349
141568987,institution,Hong Kong Baptist University,,,HK,1.2120805717711638,512,151.05555152363976
130828816,institution,University of Leeds,,,GB,1.2119509951703848,513,430.8876557528763
42934936,institution,Dublin City University,,,IE,1.2118297330526138,514,152.6600950498776
138645024,source,Journal of Comparative Economics,0147-5967,E,,1.2088935165920778,515,235.0
88155538,institution,Universidad de Navarra,,,ES,1.2076460307132602,516,138.66948028673835
26538001,institution,San Diego State University,,,US,1.2071213105572565,517,137.76765873015873
187531555,institution,Lund University,,,SE,1.2068908060278507,518,386.7148265517305
148599315,source,International Journal of Hospitality Management,0278-4319,B,,1.2058656341223182,519,1139.0
129604602,institution,University of Sydney,,,AU,1.203754246449318,520,626.1653590947037
95674353,institution,UCLouvain,,,BE,1.2028165678203666,521,172.1853320970968
122328836,institution,Indian School of Business,,,IN,1.2014344958711565,522,86.87747805736937
118298121,source,Journal of Hospitality Marketing & Management,1936-8623,B,,1.1982162344612015,523,207.0
72951846,institution,Washington State University,,,US,1.1911207725262756,524,177.61233243651466
55106644,institution,Amsterdam University of Applied Sciences,,,NL,1.190161388315381,525,45.1234126984127
205793605,source,Business Strategy and the Environment,0964-4733,B,,1.1891526743075338,526,1538.0
99464096,institution,KU Leuven,,,BE,1.1889947983087237,527,434.17191975230776
2764399430,source,Journal of Responsible Innovation,2329-9037,X,,1.188987552288787,528,193.0
894721429,institution,EAE Business School,,,ES,1.1884617417921948,529,124.04962121212121
78792899,source,Journal of Small Business Management,0047-2778,B,,1.1881059942555203,530,346.0
106157433,institution,University of Kassel,,,DE,1.186958901695593,531,143.44537518037515
102502594,institution,Northern Illinois University,,,US,1.1846067695628806,532,79.40202149875049
392282,institution,"University at Albany, State University of New York",,,US,1.182353048715295,533,85.55856782106784
93860229,institution,Politecnico di Milano,,,IT,1.1816415462560494,534,447.68113724384745
6144335,source,The Journal of Strategic Information Systems,0963-8687,B,,1.18099903682711,535,109.0
1332873766,institution,Banco de la República Colombia,,,CO,1.1796096129595979,536,64.23809523809524
107859553,source,International Small Business Journal Researching Entrepreneurship,0266-2426,B,,1.1793927888033393,537,211.0
11782782,source,Australasian Marketing Journal (AMJ),1441-3582,B,,1.1783676214437024,538,203.0
169381384,institution,University of Groningen,,,NL,1.177146696921199,539,513.1165340052104
44585919,source,Journal of Economic Dynamics and Control,0165-1889,E,,1.176793991015189,540,583.0
4210158000,institution,ILMA University,,,PK,1.1759668221097768,541,36.73880952380952
2735620406,source,Journal of Professions and Organization,2051-8803,B,,1.1756115562035996,542,102.0
57093077,institution,Swinburne University of Technology,,,AU,1.174543555641949,543,259.8857503607503
184840846,institution,Virginia Commonwealth University,,,US,1.1737211581245666,544,121.38996420246421
129162050,institution,École Supérieure de Commerce de Toulouse,,,FR,1.1729839078781625,545,166.5647139696053
184126201,source,British Journal of Management,1045-3172,B,,1.1729117165496217,546,463.0
118353179,institution,DePaul University,,,US,1.1723949243762672,547,116.63869047619049
4210092681,institution,Antwerp Management School,,,BE,1.1685947184565333,548,26.12083333333333
107640659,institution,South Ural State University,,,RU,1.160646738712533,549,51.505674603174604
3416249,source,Review of Industrial Organization,0889-938X,E,,1.1603810792646982,550,209.0
44461941,institution,University of Houston,,,US,1.158738428576035,551,398.08188948306594
186903577,institution,University of Luxembourg,,,LU,1.1575608314991324,552,135.56468253968254
63072094,institution,University of Portsmouth,,,GB,1.1575190654554184,553,304.2541491596638
146655781,institution,University of Liverpool,,,GB,1.1566066488446647,554,320.6768215459026
68618741,institution,Polytechnic University of Bari,,,IT,1.1555647540947955,555,67.18194444444445
78757542,institution,University of Newcastle Australia,,,AU,1.1545741383008055,556,198.63640150698976
86762183,source,Journal of Accounting and Public Policy,0278-4254,A,,1.1523869941103917,557,266.0
94271068,institution,ESCP Business School,,,DE,1.1511659682739916,558,86.21401135414291
22465464,institution,University of Münster,,,DE,1.1491087300621694,559,164.4834406334406
195188575,source,Marketing Theory,1470-5931,B,,1.14904167381381,560,172.0
4210146410,institution,Science Oxford,,,GB,1.1474578409112421,561,27.212037037037035
204337017,institution,Aarhus University,,,DK,1.1470688434553298,562,453.68085041624306
207789805,institution,Lahore University of Management Sciences,,,PK,1.146507014591699,563,132.14482924482925
103737770,institution,Bank of Italy,,,IT,1.1450796140663948,564,263.03890415140415
55239356,source,Journal of Purchasing and Supply Management,1478-4092,B,,1.1449893946339376,565,146.0
119908498,source,Journal of International Marketing,1069-031X,B,,1.1438199927641313,566,15.0
99067594,source,Journal of Industrial Economics,0022-1821,E,,1.1433378405917904,567,149.0
117965899,institution,University of Hawaiʻi at Mānoa,,,US,1.1425241810546545,568,106.7382535982536
206895457,institution,University of Siegen,,,DE,1.1381295152398232,569,93.66944444444445
37376905,source,Journal of Public Policy & Marketing,0743-9156,B,,1.1377386324067966,570,17.0
2799429437,institution,ICMA Centre,,,GB,1.1372302879516674,571,35.32032828282828
25235501,source,Journal of Retailing and Consumer Services,0969-6989,B,,1.1370175595513379,572,1665.0
152897404,source,Research-Technology Management,0895-6308,B,,1.1358693009046876,573,6.0
65644108,institution,Adam Smith Institute,,,GB,1.134716008714573,574,109.85756373256373
159176309,institution,Universität Hamburg,,,DE,1.1345835017350567,575,316.8160420656219
1118541,institution,University of East Anglia,,,GB,1.1344607600593748,576,162.1819596050479
94499970,source,Energy Economics,0140-9883,E,,1.134242859550384,577,2599.0
184816971,source,International Journal of Production Economics,0925-5273,B,,1.1337385090980494,578,1229.0
51195161,institution,École de management de Lyon,,,FR,1.1325207453478674,579,194.78259657009656
4210092722,institution,Office Of Health Economics,,,GB,1.1292296979955272,580,48.95005411255411
89389284,source,European Journal of Marketing,0309-0566,B,,1.1275846318346077,581,576.0
140059072,source,Human Resource Development International,1367-8868,B,,1.127206409553721,582,184.0
169199633,institution,Aston University,,,GB,1.1258943554952907,583,210.72988178275256
176453806,institution,University of Potsdam,,,DE,1.1253775826583148,584,71.75007936507936
177969490,institution,University of Southern Denmark,,,DK,1.1242904695293723,585,303.75269415812636
84884186,institution,Newcastle University,,,GB,1.124173000318054,586,336.49694552617507
141649914,institution,Nanchang University,,,CN,1.1218360895663144,587,183.0289682539683
14500998,institution,International University of Monaco,,,MC,1.1194264328145145,588,61.646312727989745
6450948,source,Issues in Accounting Education,0739-3172,B,,1.1176445645975932,589,178.0
145872427,institution,Radboud University Nijmegen,,,NL,1.114784745550681,590,168.33432489540422
4210142324,institution,CY Cergy Paris Université,,,FR,1.112122101857853,591,83.06613109113111
90326151,institution,Ecole des Hautes Etudes Commerciales du Nord,,,FR,1.1114523009895354,592,178.24206664539247
79765343,institution,University of Vaasa,,,FI,1.111338787433215,593,232.12833694083693
108218269,source,Regulation & Governance,1748-5983,B,,1.1097221430050086,594,306.0
160856358,institution,University of San Diego,,,US,1.1092897787194078,595,64.8544815387105
50366009,source,Urban Studies,0042-0980,X,,1.1075606771063256,596,860.0
878454856,institution,Hasselt University,,,BE,1.1071744899079476,597,85.16963904151403
165143802,institution,University of Queensland,,,AU,1.1070637658120657,598,580.5208437594466
3131550300,institution,Université Toulouse-I-Capitole,,,FR,1.1063745350469527,599,27.69453523328523
114571967,source,National Institute Economic Review,0027-9501,E,,1.1046817224604497,600,101.0
4210118689,institution,Joint Research Centre,,,IT,1.1036434763575442,601,75.83112176938708
1289910757,institution,NEOMA Business School,,,FR,1.10022869508365,602,310.5161754003314
176820844,source,European Review of Economic History,1361-4916,E,,1.0984046917883108,603,115.0
52099693,institution,University of York,,,GB,1.097862021141515,604,367.93409565997734
20121455,institution,Bielefeld University,,,DE,1.0953898590003817,605,114.68195045695045
89864525,institution,Universität Trier,,,DE,1.0939568491057396,606,91.95257936507934
142263535,institution,University of Nottingham,,,GB,1.0922472324582184,607,343.78457070707066
63190737,institution,"University at Buffalo, State University of New York",,,US,1.0914751737181847,608,102.69047619047619
184558857,institution,Royal Holloway University of London,,,GB,1.0912453545354734,609,199.53780663780665
960608072,source,Journal of International Management,1075-4253,B,,1.0911731038917527,610,277.0
39307421,source,Technological Forecasting and Social Change,0040-1625,B,,1.0905508548538185,611,3015.0
106165777,institution,University of Central Florida,,,US,1.0888421251266762,612,298.6752779931367
20581793,institution,University of Kent,,,GB,1.0874984580812839,613,192.56920622950034
2764509274,source,China Finance Review International,2044-1398,A,,1.087429911525351,614,133.0
44260953,institution,Heinrich Heine University Düsseldorf,,,DE,1.0818352287167257,615,129.3488736263736
115237062,source,Journal of Economics & Management Strategy,1058-6407,A,,1.0802701609149281,616,217.0
14291815,source,Journal of Marketing Management,0267-257X,B,,1.0801887177955816,617,372.0
35298862,source,Journal of Macromarketing,0276-1467,B,,1.0791885151321554,618,241.0
188760350,institution,Ollscoil na Gaillimhe – University of Galway,,,IE,1.0787157352661265,619,127.74945321562967
32625721,institution,University of Saskatchewan,,,CA,1.074491023881725,620,137.05064935064934
161463649,institution,Audencia Business School,,,FR,1.0741095752636876,621,170.0132584806498
9351053,source,Financial Review,0732-8516,A,,1.0716976094685136,622,169.0
165057322,source,Production Planning & Control,0953-7287,B,,1.0714758335168433,623,530.0
205640436,institution,Curtin University,,,AU,1.0697428750589073,624,356.63558749933645
8087733,institution,University of Tübingen,,,DE,1.0695018293419531,625,82.18568931068928
170239107,institution,University of South Australia,,,AU,1.0685371267873414,626,282.47166305916306
173807628,source,International Journal of Consumer Studies,1470-6423,B,,1.0679352225799414,627,461.0
38613568,source,Journal of Change Management,1469-7017,B,,1.0677684151065925,628,87.0
39586589,institution,Swansea University,,,GB,1.0677621080540356,629,166.31204791832695
2912066455,source,Journal of Financial Counseling and Planning,1052-3073,B,,1.0669813516676052,630,129.0
27963644,institution,HHL Leipzig Graduate School of Management,,,DE,1.0653204417832922,631,119.58937908496733
86125002,source,Environmental and Resource Economics,0924-6460,E,,1.0633811916623255,632,481.0
1925986,institution,Loyola University Chicago,,,US,1.0618638628055763,633,91.43290133779263
24943067,institution,Fudan University,,,CN,1.0617704439037257,634,508.27391141266133
110079840,institution,University of Hohenheim,,,DE,1.061663335647098,635,164.9592643467644
83019370,institution,Eindhoven University of Technology,,,NL,1.0599706430632505,636,160.26734644582473
174458059,institution,National Technical University of Athens,,,GR,1.0596963469124865,637,71.7705488955489
59007373,source,Supply Chain Management An International Journal,1359-8546,B,,1.0596050845827345,638,248.0
92446798,institution,Colorado State University,,,US,1.054350156892113,639,193.38665435642483
99043593,institution,Macquarie University,,,AU,1.0541420173203377,640,596.1419270343183
154130895,institution,University of Auckland,,,NZ,1.0528641779665475,641,436.51538200613777
113237667,source,Business Horizons,0007-6813,B,,1.0515511378200557,642,230.0
11701301,institution,Griffith University,,,AU,1.0513108883643745,643,530.5495879572733
181418319,institution,SKEMA Business School,,,FR,1.0507195191323033,644,98.10151833460658
121883995,institution,Johannes Kepler University of Linz,,,AT,1.0495560987052919,645,158.55938505938508
78650965,institution,TU Dresden,,,DE,1.0493797023323037,646,137.46474713026436
131651094,institution,University of Denver,,,US,1.0492224033098512,647,113.6726551226551
207154782,source,Journal of Financial Econometrics,1479-8409,A,,1.047924456092077,648,156.0
145200904,source,Health Economics,1057-9230,E,,1.0474836650035255,649,693.0
100191712,institution,Pepperdine University,,,US,1.0455772036966315,650,93.1686507936508
82951845,institution,RMIT University,,,AU,1.044798444670816,651,488.9859879036042
200650556,institution,University of Agder,,,NO,1.0445450168161978,652,137.21117373458213
2801299839,institution,Collins College,,,US,1.0437863236328004,653,27.24722222222222
38901890,source,International Journal of Accounting Information Systems,1467-0895,B,,1.0436059714764723,654,108.0
149704539,institution,Deakin University,,,AU,1.04122846638574,655,337.1456306199688
82497590,institution,Auburn University,,,US,1.038784995853022,656,333.01421278185296
111236770,institution,University of Vermont,,,US,1.0352051840008312,657,68.39009013404926
16069442,source,Journal of Management Accounting Research,1049-2127,A,,1.0345269018858108,658,132.0
31575130,institution,SOAS University of London,,,GB,1.0341022831481157,659,58.91064814814817
114017466,institution,University of Technology Sydney,,,AU,1.033453605034804,660,437.7909134572053
2764372386,source,Journal of Behavioral and Experimental Finance,2214-6350,A,,1.03335617416019,661,403.0
127591826,institution,University of Dayton,,,US,1.0331654402155632,662,89.07295653463875
17389662,institution,University of Nicosia,,,CY,1.0327086621202273,663,137.9586507936508
70175541,source,Management and Organization Review,1740-8776,B,,1.032386305658139,664,244.0
102179633,institution,New School,,,US,1.031603319426763,665,72.7420634920635
9360294,institution,University of Bologna,,,IT,1.0299588145380394,666,476.06590844506445
153861934,source,Journal of Marketing Education,0273-4753,B,,1.0290575432046523,667,112.0
60158472,institution,Concordia University,,,CA,1.0267540104504471,668,227.90582611832616
149213910,institution,University of Antwerp,,,BE,1.02598978701263,669,167.83282134532135
118347636,institution,Australian National University,,,AU,1.025571089722732,670,558.3218564005329
179225836,institution,University of Augsburg,,,DE,1.0225216793502543,671,91.0504329004329
55633929,institution,World Bank Group,,,US,1.0195789492711327,672,110.84793650793652
92008406,institution,University of Stavanger,,,NO,1.019553250266386,673,145.35255454794247
99606308,source,Economic Policy,0266-4658,E,,1.0190932882151715,674,137.0
200763008,institution,University of Giessen,,,DE,1.0186269841733468,675,97.38603896103896
181647926,institution,University of Strathclyde,,,GB,1.0182052718757215,676,237.38122535107564
132053463,institution,Université Libre de Bruxelles,,,BE,1.0177784487458263,677,93.96750992063491
117841876,institution,Université Paris-Panthéon-Assas,,,FR,1.0154473439491871,678,47.89563492063491
139894009,institution,University of Bradford,,,GB,1.0153431614461805,679,111.98957749766572
70698675,source,Technovation,0166-4972,B,,1.0149993056605227,680,617.0
98251732,institution,McMaster University,,,CA,1.014268685666365,681,242.1497571872572
191693275,source,Human Resource Development Quarterly,1044-8004,B,,1.0130203384766305,682,113.0
90697900,institution,EBS University of Business and Law,,,DE,1.0126036108471503,683,56.37619047619048
206615888,source,Economic Inquiry,0095-2583,E,,1.0097550166932656,684,334.0
183232449,source,International Journal of Industrial Organization,0167-7187,A,,1.0077807554244176,685,240.0
75627377,source,SIAM Journal on Financial Mathematics,1945-497X,E,,1.007108026130427,686,77.0
187200255,source,Competition & Change,1024-5294,E,,1.0067573794682174,687,150.0
57862637,source,Journal of Housing Economics,1051-1377,E,,1.004214395808871,688,145.0
130785548,institution,Clark University,,,US,1.0038399747264493,689,48.47882205513784
102149020,institution,University of North Carolina at Charlotte,,,US,1.003512633685769,690,141.87327681451214
163151358,institution,Cyprus University of Technology,,,CY,1.003354905760457,691,73.56626984126983
76766440,institution,University of San Francisco,,,US,1.0031355786187657,692,68.60337301587302
205274468,institution,Trinity College Dublin,,,IE,1.0028375575649078,693,239.33793717353504
2613432,institution,University of South Florida,,,US,1.0013798657600899,694,210.12904903404132
1314466530,institution,Tokai University,,,JP,1.0006408285339095,695,29.5968253968254
2801380234,institution,University of South-Eastern Norway,,,NO,0.9991083771813043,696,95.99822755877231
12079687,institution,Edith Cowan University,,,AU,0.9964888549089268,697,184.52708461773864
4210232136,source,Journal of Current Issues & Research in Advertising,1064-1734,B,,0.9956016623486792,698,118.0
77308338,source,Corporate Governance An International Review,0964-8410,B,,0.9955831251512129,699,208.0
10747938,source,Journal of International Money and Finance,0261-5606,A,,0.9955712012372482,700,619.0
92565720,source,Oxford Bulletin of Economics and Statistics,0305-9049,E,,0.9949295171770928,701,238.0
4210190151,source,Omega,0305-0483,B,,0.9948116576602305,702,641.0
196829312,institution,La Trobe University,,,AU,0.9946067710731419,703,240.33568376068376
87209429,source,Journal of Benefit-Cost Analysis,2152-2812,E,,0.9944959520878862,704,104.0
24306055,institution,Suffolk University,,,US,0.9942055453699454,705,97.96785714285713
45224653,source,Journal of Research in Interactive Marketing,2040-7122,B,,0.9933856158908957,706,221.0
223822909,institution,Heidelberg University,,,DE,0.9933011587918482,707,79.06232531114111
166825849,institution,Tampere University,,,FI,0.9932414989962595,708,180.71072193522855
16733864,institution,National Taiwan University,,,TW,0.9915125390605526,709,244.22697196365425
39854758,institution,Auckland University of Technology,,,NZ,0.9911027273163558,710,329.2730880230879
59475652,source,Health Care Management Science,1386-9620,X,,0.9899788034626787,711,164.0
127646213,source,Journal of Financial Markets,1386-4181,A,,0.9898555309450348,712,187.0
52333995,source,Journal of Economic Methodology,1350-178X,E,,0.9894340775681024,713,129.0
94722563,institution,University of Jyväskylä,,,FI,0.9846445091821343,714,155.13551587301586
133999245,institution,"University of Nevada, Las Vegas",,,US,0.9844243658187914,715,186.7033869851159
169335092,institution,University of North Carolina at Greensboro,,,US,0.9833144883578664,716,151.4338934012847
123185442,institution,Reykjavík University,,,IS,0.981508300927464,717,40.21753246753247
186335123,institution,East Carolina University,,,US,0.9801397007514897,718,111.20122442458891
192266589,source,Group & Organization Management,1059-6011,B,,0.9782291266121058,719,277.0
102335020,institution,Karlsruhe Institute of Technology,,,DE,0.9759119773632754,720,126.05449134199135
106938459,institution,University of New Brunswick,,,CA,0.9753407342461096,721,56.44444444444444
193524592,institution,Tianjin University of Finance and Economics,,,CN,0.9753155318609515,722,154.2891339869281
63772739,institution,Florida Atlantic University,,,US,0.9731241185790298,723,207.63711298004523
2764393121,source,The American Economist,0569-4345,E,,0.9721445708863165,724,82.0
181827316,institution,Université Catholique de Lille,,,FR,0.9719696128687906,725,24.832936507936505
66943878,institution,De Montfort University,,,GB,0.9693688334095683,726,178.96760461760462
187270080,source,European Journal of Work and Organizational Psychology,1359-432X,B,,0.9678944711303141,727,299.0
96120398,institution,De Nederlandsche Bank,,,NL,0.9662237250728115,728,53.25252525252527
2800387288,institution,European Commission,,,BE,0.9633068699029296,729,85.68926073926075
19700959,institution,Florida International University,,,US,0.9626371040734031,730,280.14886964886966
181369854,institution,Friedrich-Alexander-Universität Erlangen-Nürnberg,,,DE,0.9616221856673796,731,211.7027167277167
162714631,institution,George Mason University,,,US,0.9616004356251019,732,413.263712483483
184446198,source,Journal of Public Economic Theory,1097-3923,E,,0.9611724438669375,733,225.0
102134673,institution,Linköping University,,,SE,0.960918122991763,734,180.7087773337773
2912564958,source,Journal of Public Budgeting Accounting & Financial Management,1096-3367,B,,0.9589408070960892,735,205.0
91712215,institution,Saarland University,,,DE,0.9583734643737155,736,63.94799950452125
75381157,institution,Wilfrid Laurier University,,,CA,0.9569602091954397,737,185.90878517617645
100134864,source,European Journal of Political Economy,0176-2680,E,,0.9562109265092755,738,430.0
4210166741,institution,University of Klagenfurt,,,AT,0.9560493380893595,739,76.14880952380953
881427289,institution,University of Gothenburg,,,SE,0.9555526756090412,740,285.6843453682174
126345244,institution,Portland State University,,,US,0.9549997290534491,741,111.97634994807892
368840534,institution,University of Mississippi,,,US,0.952670941762003,742,177.87311364647812
175672440,source,Regional Studies,0034-3404,E,,0.9508670185450495,743,739.0
95793202,institution,Otto-von-Guericke University Magdeburg,,,DE,0.9487972616851889,744,41.54087301587301
204136569,institution,The Open University,,,GB,0.948746546103968,745,124.94500291422905
17626003,institution,University of Rhode Island,,,US,0.9475295739838625,746,133.1913059163059
123534392,institution,University of North Texas,,,US,0.9444358106890615,747,277.8910301277124
10052268,institution,New Mexico State University,,,US,0.9423582608635669,748,82.52301587301588
63135867,institution,University of Cincinnati,,,US,0.942253064796421,749,86.67399626517272
52179390,institution,University of Waikato,,,NZ,0.9418759367073261,750,246.81771987174912
142910587,institution,University of Salento,,,IT,0.9417107046837945,751,153.6138026224983
20231570,institution,Peking University,,,CN,0.9398509407433947,752,763.6409937284935
83558840,institution,Universidade Nova de Lisboa,,,PT,0.9394246218029126,753,227.9509431027813
165253824,source,Scandinavian Journal of Economics,0347-0520,E,,0.9393019765105953,754,129.0
1317774081,institution,International Institute for Applied Systems Analysis,,,AT,0.9388420167447975,755,32.243539031774326
8606887,institution,Grand Valley State University,,,US,0.9378851401498838,756,57.79121050289274
175759345,source,Economic Development Quarterly,0891-2424,E,,0.93751835506586,757,114.0
94616838,institution,Jönköping University,,,SE,0.9362480890056397,758,174.13216089466096
4210099530,institution,IPAG Business School,,,FR,0.9353757573032191,759,137.08415286404417
164389053,institution,Fordham University,,,US,0.9332094900595302,760,171.61736928104577
67031392,institution,Carleton University,,,CA,0.9331011761806235,761,176.52738095238092
94624287,institution,University of Twente,,,NL,0.9317593186808705,762,210.8397006316124
149461666,institution,Ca' Foscari University of Venice,,,IT,0.9308691035234051,763,201.38322829131656
39343248,institution,Humboldt-Universität zu Berlin,,,DE,0.9299743021949907,764,124.74147500375442
51205905,institution,Kedge Business School,,,FR,0.9296590671807942,765,219.45398757589166
9300472,institution,Bournemouth University,,,GB,0.9291541291708689,766,119.76489621489621
184942183,institution,University of Oslo,,,NO,0.9268981283328112,767,169.0123593726535
153901656,institution,University of North Carolina Wilmington,,,US,0.9261756749180242,768,78.95178284851181
13955877,institution,Bar-Ilan University,,,IL,0.9249514941592546,769,124.4921795309953
21250087,institution,Charles University,,,CZ,0.924130706535475,770,152.362028978933
94658018,institution,University of Memphis,,,US,0.9241262304640453,771,113.23077436582108
169521973,institution,University of New Mexico,,,US,0.9231132208148392,772,126.69226190476192
82509713,institution,Mälardalen University,,,SE,0.9225044750636477,773,66.26093073593074
180851279,source,Journal of Services Marketing,0887-6045,B,,0.9224859519135319,774,350.0
178712713,institution,Bryant University,,,US,0.9220718173715209,775,61.294024355706604
1294671590,institution,Centre National de la Recherche Scientifique,,,FR,0.9218383735381791,776,415.768639998795
83809506,institution,University of South Alabama,,,US,0.9207938001141328,777,49.36626984126984
160993911,institution,Queensland University of Technology,,,AU,0.9198357273891643,778,388.311482961483
49331332,source,Service Industries Journal,0264-2069,B,,0.9188098664689973,779,204.0
7882870,institution,University of Glasgow,,,GB,0.9179159208446275,780,257.5848636929519
887968799,institution,RWTH Aachen University,,,DE,0.9138270825711031,781,147.02071857880682
47605537,institution,The Hang Seng University of Hong Kong,,,CN,0.9137042088560708,782,57.20996031746033
80281795,institution,University of Otago,,,NZ,0.9135016364626426,783,288.4601088525002
43637407,source,R and D Management,0033-6807,B,,0.9135005198166163,784,277.0
200332995,institution,TU Dortmund University,,,DE,0.9134171211723284,785,117.005772005772
81365321,institution,Old Dominion University,,,US,0.9110735774635983,786,172.59577228327225
16296580,source,Southern Economic Journal,0038-4038,E,,0.9067083300333254,787,239.0
115475287,institution,Oklahoma State University,,,US,0.905448338114894,788,206.82987012987013
71422933,institution,Sheffield Hallam University,,,GB,0.9044263476913725,789,89.15396825396827
53276908,institution,Marymount University,,,US,0.9037207953655778,790,53.046825396825405
92834545,institution,École Supérieure de Commerce de Rennes,,,FR,0.9030079843742829,791,130.06388888888893
4210106879,institution,Ohio University,,,US,0.9019621689462264,792,89.05430574098799
177877127,institution,University of Western Australia,,,AU,0.900394171662142,793,369.2150938637352
50631486,source,Journal of Knowledge Management,1367-3270,B,,0.9003936206024533,794,619.0
191556934,source,Journal of Intellectual Capital,1469-1930,B,,0.9003175627174657,795,247.0
120156002,institution,Boise State University,,,US,0.8996230068993829,796,68.9982114199404
67103694,source,Cambridge Journal of Economics,0309-166X,E,,0.8973594764359555,797,203.0
153473198,institution,North China Electric Power University,,,CN,0.8971197857791359,798,76.70711233211232
101788309,source,Papers of the Regional Science Association,1056-8190,E,,0.8959089369568412,799,238.0
49327401,source,Journal of Sports Economics,1527-0025,E,,0.8910252405646285,800,179.0
178634671,source,Financial Accountability and Management,0267-4424,A,,0.8910131737517543,801,155.0
68666633,institution,Grenoble Ecole de Management,,,FR,0.8908008026198381,802,192.70712135134744
4210147161,institution,Mudra Institute of Communications Ahmedabad,,,IN,0.8904338439225533,803,44.356084656084654
60488453,institution,Middlesex University,,,GB,0.8898142265088755,804,142.1795518207283
202178085,source,The Journal of Real Estate Finance and Economics,0895-5638,A,,0.8897589755557878,805,243.0
891191580,institution,Aalborg University,,,DK,0.8884038891517682,806,227.56466250038235
82284825,institution,Cranfield University,,,GB,0.8876665805211037,807,149.6665046164407
96673099,institution,Technical University of Denmark,,,DK,0.8869737298031594,808,119.13645967059759
11039511,institution,University of Bergamo,,,IT,0.8868354712648786,809,206.95742451992453
47838141,institution,Saint Louis University,,,US,0.8838380848481656,810,52.02255799755801
136211407,source,Ecological Economics,0921-8009,E,,0.8830214671963237,811,1203.0
74801974,institution,The University of Tokyo,,,JP,0.8826136787232478,812,255.68696581196582
12315562,institution,Texas Tech University,,,US,0.880890855566238,813,320.04533586870036
968139600,source,Journal of Personal Selling and Sales Management,0885-3134,B,,0.8807170655450801,814,121.0
120991925,source,Telecommunications Policy,0308-5961,X,,0.880227830535898,815,406.0
61413993,source,Journal of Business and Psychology,0889-3268,B,,0.8796520272194012,816,316.0
138689650,institution,University of Padua,,,IT,0.8781425892101475,817,277.94422083227226
79510175,institution,Cardiff University,,,GB,0.8776124100089964,818,404.3552303976216
195460627,institution,University of Aberdeen,,,GB,0.8775383115727301,819,171.17693736002556
84027002,institution,Leeds Beckett University,,,GB,0.8774818149944812,820,97.50673117731942
105567970,source,European Management Journal,0263-2373,B,,0.8772821463598592,821,398.0
98259816,institution,"Birkbeck, University of London",,,GB,0.8767820398631584,822,123.38894110275689
22247924,source,Entrepreneurship and Regional Development,0898-5626,B,,0.8754719188829082,823,244.0
56934997,institution,Changsha University of Science and Technology,,,CN,0.8747486359450044,824,95.52002525252526
129650269,source,Open Economies Review,0923-7992,E,,0.8746632155810946,825,189.0
183638586,institution,Parthenope University of Naples,,,IT,0.8741690514279347,826,244.56686507936504
191208505,institution,Xiamen University,,,CN,0.8726995088754137,827,680.0770171495171
78037679,institution,UiT The Arctic University of Norway,,,NO,0.8722454564596731,828,49.88555877305877
206312523,source,Journal of Cultural Economy,1753-0350,E,,0.8718486385254992,829,299.0
144747835,source,Australian Accounting Review,1035-6908,A,,0.8718308503945766,830,92.0
15766117,institution,University of Graz,,,AT,0.870713397807461,831,137.0887491150554
2699952,institution,Pontifical Catholic University of Rio de Janeiro,,,BR,0.8698939172060446,832,104.38888888888889
904495901,institution,Ruhr University Bochum,,,DE,0.8693115341734171,833,109.59067460317462
52977244,institution,Insper,,,BR,0.8691200252671273,834,87.49976053639847
185930956,source,Contemporary Economic Policy,1074-3529,E,,0.8683865960707787,835,168.0
47864991,source,Applied Psychology,0269-994X,X,,0.8682468171541062,836,317.0
160393188,source,Journal of the Japanese and International Economies,0889-1583,E,,0.8681537850493162,837,94.0
13591777,institution,University of Nottingham Ningbo China,,,CN,0.8680267060320522,838,242.35808682058678
41302103,source,International Journal of Physical Distribution & Logistics Management,0960-0035,B,,0.8673855956429801,839,203.0
180437899,institution,University of Bremen,,,DE,0.867030393257261,840,108.44698592116818
65528657,source,Journal of Regional Science,0022-4146,E,,0.86544962745028,841,219.0
169699294,source,Accounting Education,0963-9284,B,,0.8610319382238047,842,171.0
108845946,source,Economica,0013-0427,E,,0.8605843665323815,843,188.0
66890659,institution,Saint Mary's University,,,CA,0.8601650980178152,844,96.83988095238094
197396629,source,The British Accounting Review,0890-8389,A,,0.8597444991366274,845,277.0
32597200,institution,Ghent University,,,BE,0.8595637865136181,846,287.42844215969205
51101395,institution,Université Paris 1 Panthéon-Sorbonne,,,FR,0.8592315429290511,847,152.6555122655123
45084792,institution,University of Florence,,,IT,0.8585614227314599,848,231.83671153902927
182227784,source,Social Marketing Quarterly,1524-5004,B,,0.8578958511718014,849,76.0
182651638,source,Economic Systems Research,0953-5314,E,,0.8577671676994968,850,117.0
55060895,institution,University of Greenwich,,,GB,0.8573254129208797,851,130.40087301587303
183533211,institution,University of Wisconsin–Whitewater,,,US,0.8563438912237411,852,86.76035825545169
107181468,source,Journal of Accounting Auditing & Finance,0148-558X,A,,0.8560838430892558,853,186.0
71637028,institution,University of Brighton,,,GB,0.8554858206396765,854,45.6770202020202
182689569,source,Quantitative Finance,1469-7688,E,,0.8554312114339803,855,472.0
176497116,source,Management Communication Quarterly,0893-3189,B,,0.8537945312144328,856,156.0
185905316,source,The Journal of Technology Transfer,0892-9912,B,,0.8531530260976112,857,380.0
139660479,institution,Central South University,,,CN,0.852769829972613,858,372.6934611684611
76198965,institution,Friedrich Schiller University Jena,,,DE,0.8507740277015835,859,69.7824963924964
161548249,institution,Bangor University,,,GB,0.8505751193050105,860,59.50286796536797
60559429,institution,Nazarbayev University,,,KZ,0.8502651763371574,861,52.806944444444454
32361082,source,European Review of Agricultural Economics,0165-1587,E,,0.8501102108766089,862,185.0
181679659,institution,Shanghai University of Finance and Economics,,,CN,0.84886827284687,863,594.8680305805308
161046081,institution,University of Freiburg,,,DE,0.8476396110065418,864,92.78266518505649
47301684,institution,Illinois State University,,,US,0.8469529439310269,865,134.46865079365082
13511017,institution,Texas State University,,,US,0.8454456670817485,866,137.21351794340924
2801696985,institution,France Business School,,,FR,0.8454159125153013,867,48.15892857142856
4210160754,institution,Vlerick Business School,,,BE,0.8446999778492797,868,25.83472222222222
133837150,institution,University of Huddersfield,,,GB,0.8443709047312947,869,149.7214199880579
169541294,institution,Flinders University,,,AU,0.8436952270007383,870,75.18412641280287
132285554,source,Creativity and Innovation Management,0963-1690,B,,0.8416968946005685,871,244.0
864998749,institution,National Institute of Industrial Engineering,,,IN,0.8414236708063956,872,158.9380952380952
195939026,institution,Glasgow Caledonian University,,,GB,0.8405861376124502,873,57.52653318903319
25217355,institution,University of Pavia,,,IT,0.8397421818917435,874,116.74044566544568
4210224898,source,Journal of Service Theory and Practice,2055-6225,B,,0.839213589750909,875,159.0
4210166444,institution,Institut de Recherche pour le Développement,,,FR,0.8389390671715284,876,20.25648050090277
76440981,source,Canadian Journal of Economics/Revue canadienne d économique,0008-4085,E,,0.838655772071474,877,240.0
160194987,source,Journal of Industry Competition and Trade,1566-1679,E,,0.8383556150938334,878,89.0
125839683,institution,Beijing Institute of Technology,,,CN,0.8378519551243803,879,313.35085211085214
2799858192,institution,London School of Business and Management,,,GB,0.8374486821691319,880,55.603968253968254
14568501,source,Review of Social Economy,0034-6764,E,,0.8370820239463123,881,97.0
129043915,institution,University of Udine,,,IT,0.8370279636589106,882,93.08809523809524
114112103,institution,Leibniz University Hannover,,,DE,0.8362860922616238,883,162.51381992190815
12097938,institution,West Virginia University,,,US,0.8359359839312298,884,258.6837770027297
119003972,institution,Roma Tre University,,,IT,0.8330243325857196,885,195.7484126984127
2802326326,institution,The University of Texas Rio Grande Valley,,,US,0.830447851417998,886,153.8422619047619
197112600,source,Emerging Markets Review,1566-0141,A,,0.8304091320452358,887,342.0
36547454,source,International Entrepreneurship and Management Journal,1554-7191,B,,0.8302733366432221,888,392.0
4577782,institution,Technische Universität Berlin,,,DE,0.8302497919948646,889,157.14720688668064
6243863,source,Journal of Accounting Education,0748-5751,B,,0.8290404255835496,890,99.0
4210169096,source,Accounting Economics and Law - A Convivium,2152-2820,B,,0.8282466385518984,891,99.0
44265643,institution,Rowan University,,,US,0.8258936890273781,892,61.62896825396827
201324441,institution,University of Ferrara,,,IT,0.8256421855427548,893,83.04677579365077
76239586,source,Qualitative Research in Accounting & Management,1176-6093,A,,0.8247875384811579,894,130.0
4401200333,institution,ESIC Business & Marketing School,,,,0.824171164034253,895,46.649007936507935
94339441,institution,Western Kentucky University,,,US,0.8234220383086175,896,54.10000000000001
43415676,source,Journal of Strategic Marketing,0965-254X,B,,0.8230995745956814,897,261.0
79940851,institution,University of Brescia,,,IT,0.8217142633881654,898,112.68142135642134
4210209722,source,Asian Economic Papers,1535-3516,E,,0.8214950320257406,899,80.0
145572626,source,International Review of Financial Analysis,1057-5219,A,,0.8207408493916842,900,1809.0
4162551,source,International Journal of Gender and Entrepreneurship,1756-6266,B,,0.820533015806957,901,98.0
128649747,institution,Libera Università Maria SS. Assunta,,,IT,0.8205022011251577,902,89.71944444444445
185492890,institution,University of Canterbury,,,NZ,0.8198564896871211,903,178.81224810213942
2746051580,institution,Université Paris Sciences et Lettres,,,FR,0.8196118710407397,904,36.121957671957674
134988049,source,Econometric Reviews,0747-4938,E,,0.818901674787162,905,181.0
58171247,source,Journal of Product & Brand Management,1061-0421,B,,0.818883047733509,906,338.0
82880672,institution,Beihang University,,,CN,0.8180837147089167,907,205.26873355402768
157485424,institution,Korea Advanced Institute of Science and Technology,,,KR,0.8180267857114802,908,220.14880952380952
230495080,institution,University of Limerick,,,IE,0.8179156041287007,909,100.15020541549953
51532219,institution,University of Lincoln,,,GB,0.8167312263820458,910,151.04359886466662
145875555,source,Journal of Empirical Finance,0927-5398,A,,0.8164353688089887,911,336.0
176795851,source,Journal of Macroeconomics,0164-0704,E,,0.8152263332032021,912,209.0
140551370,source,Cornell Hospitality Quarterly,1938-9655,B,,0.8130285976584474,913,171.0
2735010472,source,Journal of the Association for Consumer Research,2378-1815,B,,0.8123710289034775,914,24.0
133599470,institution,Universidad del Desarrollo,,,CL,0.8117433679847501,915,64.38189634439635
55143463,institution,University of Turin,,,IT,0.8101589927339833,916,383.1265079365079
2735890421,source,The World Bank Economic Review,0258-6770,E,,0.8098153011750874,917,159.0
73417466,institution,Coventry University,,,GB,0.8096853035327586,918,232.36025641025637
2764400943,source,Journal of Global Fashion Marketing,2093-2685,B,,0.8090890059242336,919,123.0
75421653,institution,University of Missouri–Kansas City,,,US,0.8066091382791295,920,61.35220293724967
141184754,source,Economic Modelling,0264-9993,E,,0.806319317315249,921,1338.0
36209479,source,Industry and Innovation,1366-2716,B,,0.8058263918367207,922,233.0
59897056,institution,"California State University, Long Beach",,,US,0.8041683934597138,923,87.90952380952379
255234318,institution,Universidad de Zaragoza,,,ES,0.8031228183995435,924,348.05853174603175
98947143,institution,California State Polytechnic University,,,US,0.8030514793263096,925,63.188910338910325
1335884394,institution,Economic Research Service,,,US,0.8029742516992696,926,83.73928571428573
177477856,institution,Polytechnic University of Turin,,,IT,0.8009026303294713,927,120.29662698412702
120125038,institution,Bond University,,,AU,0.8000879288002989,928,85.07992530345473
13469542,institution,Vrije Universiteit Brussel,,,BE,0.7996279624968509,929,123.37675595238095
102607778,institution,Cleveland State University,,,US,0.7974614230416697,930,65.94166666666666
69737025,institution,University of Chile,,,CL,0.7971638901350634,931,135.96369047619046
167360494,institution,University of Wuppertal,,,DE,0.796958411662583,932,68.7078588078588
124227911,institution,Ben-Gurion University of the Negev,,,IL,0.7967168577691565,933,135.4511754248167
62318514,institution,University of Duisburg-Essen,,,DE,0.7967127200499443,934,191.09546971719868
174413665,source,Review of Income and Wealth,0034-6586,E,,0.7962829272668535,935,199.0
116843975,source,Journal of Emerging Technologies in Accounting,1554-1908,B,,0.7962566764050849,936,128.0
135086714,source,Journal of Information Technology,0268-3962,B,,0.7954435179136791,937,137.0
59433898,institution,Brunel University of London,,,GB,0.7953248574673926,938,276.697788730877
90267481,institution,Umeå University,,,SE,0.7950347220466196,939,129.31238898929303
2802079931,institution,Nord University,,,NO,0.7943487266222908,940,86.17415223665225
170231156,source,International Journal of Entrepreneurial Behaviour & Research,1355-2554,B,,0.7941529462381608,941,501.0
92422469,source,Journal of Multinational Financial Management,1042-444X,A,,0.7933123642067964,942,111.0
4210186350,source,Journal of Competition Law & Economics,1744-6414,E,,0.792082186077863,943,33.0
178535277,institution,University of the West of England,,,GB,0.791475823503638,944,115.5611111111111
12870472,institution,Birmingham City University,,,GB,0.7913410119863996,945,69.06520013802621
159129438,institution,Université du Québec à Montréal,,,CA,0.79082374576165,946,220.34659181398314
151746483,institution,University of Waterloo,,,CA,0.7901368222648981,947,265.81430980960636
57913696,institution,Istanbul Medeniyet University,,,TR,0.789857371124376,948,55.28217893217894
119439378,institution,University of Verona,,,IT,0.7895215552116669,949,195.11028138528135
137519996,source,Electronic Markets,1019-6781,B,,0.7887885634494378,950,315.0
148368070,source,International Journal of Selection and Assessment,0965-075X,B,,0.7887232028433278,951,198.0
12818680,source,Corporate Social Responsibility and Environmental Management,1535-3958,B,,0.787404721759719,952,1055.0
82743730,source,Journal of International Financial Markets Institutions and Money,1042-4431,A,,0.7862803823359984,953,569.0
198089087,institution,Ball State University,,,US,0.7856150467759303,954,72.21924603174602
204778367,institution,Norwegian University of Science and Technology,,,NO,0.7830880723389908,955,314.08686623604854
180670191,institution,"University of California, San Francisco",,,US,0.782147737554836,956,29.684957607751723
134235054,institution,Sabancı Üniversitesi,,,TR,0.7818269856307599,957,74.16785714285714
46247651,institution,University of Manitoba,,,CA,0.7808431635462875,958,137.10547267060426
73680622,source,Journal of Pensions Economics and Finance,1474-7472,A,,0.7806926590354235,959,118.0
128478731,source,Management International Review,0938-8249,B,,0.7802656571830715,960,144.0
90871651,institution,University of Toledo,,,US,0.7786168724278163,961,77.19060814028842
27632631,source,Journal of Brand Management,1350-231X,B,,0.7778979173124269,962,162.0
34280410,source,Journal of Productivity Analysis,0895-562X,A,,0.7763092899266406,963,159.0
157286207,institution,"National University of Ireland, Maynooth",,,IE,0.7760886591520508,964,82.33661050278697
881766915,institution,Nanjing University,,,CN,0.7756519965113037,965,335.66849652254075
43579087,institution,University of Wisconsin–Milwaukee,,,US,0.7749125269625325,966,129.3357142857143
6014304,source,Journal of the American Taxation Association,0198-9073,A,,0.77303058011696,967,71.0
146563203,institution,University of International Business and Economics,,,CN,0.772838789333035,968,626.9044139194137
142823887,institution,St. John's University,,,US,0.7723294446117874,969,90.503373015873
148503350,source,Queueing Systems,0257-0130,B,,0.7710404175420998,970,231.0
116953780,institution,Tongji University,,,CN,0.7707702668723144,971,332.1707548850931
86987016,institution,KTH Royal Institute of Technology,,,SE,0.7706774568344631,972,116.67828187893977
11983389,institution,Manchester Metropolitan University,,,GB,0.7689343620351994,973,173.51760132568955
150744194,institution,Waseda University,,,JP,0.7680893831176872,974,223.80092309651135
191240316,institution,University of Hull,,,GB,0.7674758624988659,975,84.88423423423424
79175213,source,Journal of Financial Services Research,0920-8550,A,,0.7670234962287898,976,93.0
1315541505,institution,Austrian Institute of Economic Research,,,AT,0.7659269767572882,977,47.19751082251082
203071086,source,Review of Managerial Science,1863-6683,B,,0.765919794023235,978,428.0
204824540,institution,University of Wollongong,,,AU,0.7653294002357041,979,307.93227850845494
189158943,institution,University of Milan,,,IT,0.7650904337891087,980,188.30190203315203
7424199,source,Public Choice,0048-5829,X,,0.7649349764614871,981,407.0
157638225,institution,"California State University, Northridge",,,US,0.7644688542940163,982,75.097595784278
3045169105,institution,Southern University of Science and Technology,,,CN,0.7641819974289568,983,127.00099206349203
151404345,source,Journal of Post Keynesian Economics,0160-3477,E,,0.7641723979002841,984,17.0
199440890,institution,American University of Sharjah,,,AE,0.7636081262492316,985,158.8959706959707
223464139,institution,Linnaeus University,,,SE,0.7633937145565126,986,96.50567460317457
870178186,institution,Nyenrode Business University,,,NL,0.7628660817882627,987,65.5253787878788
157674565,institution,University of Liège,,,BE,0.762697207447622,988,88.1976602101602
51504820,institution,San Jose State University,,,US,0.7621628890667625,989,63.964285714285715
64831726,source,Journal of Leadership & Organizational Studies,1548-0518,B,,0.7618301518865646,990,119.0
108688024,institution,Qingdao University,,,CN,0.7618271732798498,991,194.28773448773444
32062511,institution,Heriot-Watt University,,,GB,0.7606299611977033,992,125.04162283401415
182666042,source,Naval Research Logistics (NRL),0894-069X,B,,0.7578809942251745,993,300.0
28777354,institution,Sejong University,,,KR,0.7572365274222382,994,142.68824925074924
155173764,institution,Rochester Institute of Technology,,,US,0.7569980104102102,995,86.79999999999997
192396691,institution,University of New Orleans,,,US,0.7564197084176377,996,98.56408767245215
149285975,source,Land Economics,0023-7639,E,,0.7542594956763787,997,248.0
87328381,source,Journal of Occupational and Organizational Psychology,0963-1798,B,,0.7536657611154456,998,234.0
186995768,institution,Università degli studi di Cassino e del Lazio Meridionale,,,IT,0.7534303493987035,999,60.538492063492065
61992289,source,Journal of Advertising Research,0021-8499,B,,0.7531749015616795,1000,128.0
108290504,institution,University of Pisa,,,IT,0.7530849542375934,1001,219.4083599149388
19645890,source,China Economic Review,1043-951X,E,,0.7529193305673927,1002,625.0
913481162,institution,Wageningen University & Research,,,NL,0.752788759810983,1003,228.4578791856765
201726411,institution,United Arab Emirates University,,,AE,0.7524563489772652,1004,149.1354548229548
204831749,institution,Southwestern University of Finance and Economics,,,CN,0.7511816828255414,1005,862.9791666666667
81022070,source,Journal of Policy Modeling,0161-8938,E,,0.7503707438888453,1006,290.0
131296671,source,Accounting Forum,0155-9982,A,,0.750268592224831,1007,134.0
4210162190,institution,"China University of Petroleum, East China",,,CN,0.7490108376248705,1008,56.18051948051949
4400600934,institution,ICN Business School,,,,0.7481921002299372,1009,36.67075396825397
94626330,institution,University of Bamberg,,,DE,0.7478989344616687,1010,124.37579365079364
9364636,institution,Salisbury University,,,US,0.7476121631318604,1011,57.89642857142857
51158804,institution,Massey University,,,NZ,0.746583538036252,1012,405.43945637695634
121980950,institution,Utah State University,,,US,0.7463141465592613,1013,120.49496087375756
59944920,institution,Yaşar University,,,TR,0.7462717210754481,1014,93.31642857142856
11883440,institution,James Madison University,,,US,0.7459098801701849,1015,90.94755970924193
12093191,institution,University of Stirling,,,GB,0.745871387540905,1016,119.74128787878789
45438204,institution,The University of Texas at San Antonio,,,US,0.7455884923571733,1017,130.75180268848493
159948400,institution,Jinan University,,,CN,0.7455124914533299,1018,423.4410353535353
2800207870,institution,Høyskolen Kristiania,,,NO,0.7453407375252398,1019,50.32619047619048
124261462,institution,Oxford Brookes University,,,GB,0.7449604798507283,1020,104.04805194805195
22128151,institution,University of Derby,,,GB,0.744813246693643,1021,120.31785714285712
90840245,institution,Rollins College,,,US,0.7442544491844401,1022,44.676623376623375
430192,institution,Appalachian State University,,,US,0.7432481328164009,1023,88.76898828067053
36515993,institution,Eastern Mediterranean University,,,CY,0.7428549252629356,1024,115.29166666666669
191114782,source,Journal of Fashion Marketing and Management,1361-2026,B,,0.7426922702526686,1025,223.0
41156924,institution,Victoria University of Wellington,,,NZ,0.7425351252052027,1026,239.84835801453448
97048498,source,The International Journal of Logistics Management,0957-4093,B,,0.7394255467170266,1027,334.0
19820366,institution,Chinese Academy of Sciences,,,CN,0.7392235584546628,1028,255.70501787564285
39387349,institution,University of Chieti-Pescara,,,IT,0.739128544650711,1029,164.3235994397759
175138789,source,Journal of International Entrepreneurship,1570-7385,B,,0.7381225843253927,1030,101.0
78988378,institution,Renmin University of China,,,CN,0.7372275083816663,1031,876.2267388167386
5681781,institution,University of Adelaide,,,AU,0.7371756104646466,1032,268.62283549783547
172313144,source,European Management Review,1740-4754,B,,0.7367532471539281,1033,284.0
128223704,source,Economics and Philosophy,0266-2671,E,,0.7367316079935065,1034,139.0
897542642,institution,University of Plymouth,,,GB,0.7364523869005681,1035,61.20843733343733
194514787,source,Applied Health Economics and Health Policy,1175-5652,E,,0.7364468381194568,1036,291.0
189196454,institution,The University of Texas at Arlington,,,US,0.7357378723330761,1037,116.11468253968253
2737541009,source,International journal of information systems and project management,2182-7788,B,,0.7344950453171945,1038,133.0
16609230,institution,Hunan University,,,CN,0.733256133105692,1039,475.0264649239649
90259746,institution,Capital University of Economics and Business,,,CN,0.7332409681445997,1040,377.27503607503604
43313876,institution,Dalian Maritime University,,,CN,0.7324711077224382,1041,99.74880952380956
124412575,source,Mathematics and Financial Economics,1862-9660,A,,0.7321975251001605,1042,96.0
202934171,source,Journal of Mathematical Economics,0304-4068,E,,0.7321944587855242,1043,354.0
52590639,institution,Nottingham Trent University,,,GB,0.7320307727304759,1044,190.96376262626265
2764449665,source,Journal of Wine Economics,1931-4361,A,,0.7316893063999182,1045,143.0
143578492,institution,Asia University,,,TW,0.7316750174351054,1046,54.66657356532357
122266389,institution,University of Nebraska at Omaha,,,US,0.7301049360398809,1047,93.3294115163796
133731052,institution,University of Helsinki,,,FI,0.7293630679137169,1048,177.36832932279916
45372229,source,World Economy,0378-5920,E,,0.7289759522594821,1049,603.0
131852005,source,European Financial Management,1354-7798,A,,0.7264970911029653,1050,247.0
22265921,institution,National Central University,,,TW,0.7261817812064572,1051,125.24803391053389
165058066,source,Resource and Energy Economics,0928-7655,E,,0.7258482990714467,1052,156.0
42192170,source,International Tax and Public Finance,0927-5940,A,,0.7249665532711498,1053,237.0
4210142311,institution,Excelia Business School,,,FR,0.7246604054509834,1054,167.29682539682543
136612413,source,Journal of Futures Markets,0270-7314,A,,0.7244618931437798,1055,362.0
43406934,institution,Université Laval,,,CA,0.723801241729825,1056,256.2414954928113
2898363556,source,Econometrics and Statistics,2452-3062,E,,0.7235961425153001,1057,229.0
2898409089,source,BRQ Business Research Quarterly,2340-9436,B,,0.7222047452755492,1058,146.0
74413500,institution,University of Windsor,,,CA,0.7220205283931229,1059,82.08730158730158
67177122,source,Marketing Education Review,1052-8008,B,,0.7220003564423131,1060,121.0
109173049,institution,Beijing Foreign Studies University,,,CN,0.7215660277972524,1061,52.150000000000006
27357992,institution,Dalian University of Technology,,,CN,0.7213205429611276,1062,243.82229853479856
899713450,institution,Air University,,,PK,0.7211735813263339,1063,52.84801587301586
52721111,source,Journal of Real Estate Research,0896-5803,A,,0.7211056088927756,1064,111.0
82316188,source,European Journal of Finance,1351-847X,A,,0.7210027712996934,1065,414.0
174216632,institution,City University of New York,,,US,0.7206491027801871,1066,86.58333333333334
91203450,institution,University of Haifa,,,IL,0.720546508556759,1067,114.59188311688312
157773358,institution,Sun Yat-sen University,,,CN,0.7197788531529621,1068,580.546175074925
35673206,source,International Marketing Review,0265-1335,B,,0.7197530448895316,1069,247.0
82262387,source,Journal of Information Systems,0888-7985,E,,0.719738052600021,1070,113.0
174025329,institution,University of the Sunshine Coast,,,AU,0.7185950192180058,1071,87.59761904761903
2764690196,source,Journal of Choice Modelling,1755-5345,E,,0.7183585016241139,1072,146.0
187788904,source,Journal of Hospitality and Tourism Management,1447-6770,B,,0.7175511010548429,1073,783.0
16530434,source,The European Journal of Health Economics,1618-7598,E,,0.7174994823460437,1074,481.0
32394136,institution,Northumbria University,,,GB,0.7168497003906177,1075,287.2684890572391
2764805720,source,Eurasian Economic Review,1309-4297,B,,0.7160353309175752,1076,128.0
149919469,institution,California Polytechnic State University,,,US,0.715091081888121,1077,67.56715784215784
87354575,institution,National Chengchi University,,,TW,0.7139390661419327,1078,175.83834586466165
2764767644,source,The Journal of Retirement,2326-6899,B,,0.7139205024630182,1079,60.0
167074060,source,Tijdschrift voor Economische en Sociale Geografie,0040-747X,E,,0.7137577461575345,1080,204.0
2764810659,source,Journal of Small Business & Entrepreneurship,0827-6331,B,,0.7114438308474726,1081,141.0
201731998,source,Local Economy The Journal of the Local Economy Policy Unit,0269-0942,E,,0.7113242863958568,1082,173.0
116067653,institution,University of Rome Tor Vergata,,,IT,0.7106012029144438,1083,305.250931013431
4405392,institution,Boğaziçi University,,,TR,0.7101063102563805,1084,73.39944546194546
98358874,institution,Delft University of Technology,,,NL,0.7094655219743183,1085,170.81598031598028
126193024,institution,London Metropolitan University,,,GB,0.7085743081001371,1086,44.159920634920624
183067930,institution,Shanghai Jiao Tong University,,,CN,0.708108326353207,1087,527.3139595117535
848706,institution,Sungkyunkwan University,,,KR,0.7080697862695402,1088,318.98809523809524
19648265,institution,Wright State University,,,US,0.708054221703849,1089,60.67930402930403
88577320,source,Finance research letters,1544-6123,A,,0.7079730675031599,1090,3720.0
2802304065,institution,University Carlo Cattaneo,,,IT,0.7070807385953223,1091,89.78275058275058
47720641,institution,Huazhong University of Science and Technology,,,CN,0.7056631730144481,1092,513.9407106782106
189751245,source,Journal of Consumer Affairs,0022-0078,B,,0.7051421976935103,1093,279.0
121797337,institution,Leiden University,,,NL,0.7047709192913867,1094,92.609058996559
111428342,institution,Hitotsubashi University,,,JP,0.7047107449730914,1095,191.19940476190476
161221442,source,Abacus,0001-3072,A,,0.7043977008950035,1096,143.0
4210210387,source,Cross Cultural & Strategic Management,2059-5794,B,,0.7036713419989998,1097,155.0
189590672,institution,Kansas State University,,,US,0.7035431244777965,1098,193.75444310362533
132432621,source,Journal of International Accounting Auditing and Taxation,1061-9518,A,,0.7032412309431955,1099,165.0
6498739,institution,Indian Statistical Institute,,,IN,0.7021021145325956,1100,84.66590909090908
99041443,institution,Mississippi State University,,,US,0.7008691907270247,1101,131.40309338209283
2764806082,source,China Journal of Accounting Research,1755-3091,B,,0.6989914362823851,1102,127.0
71838634,institution,San Francisco State University,,,US,0.6983607796756917,1103,74.06891116130247
102461120,institution,Marquette University,,,US,0.6982258006953955,1104,74.89636752136752
76130692,institution,Zhejiang University,,,CN,0.6972441590909325,1105,549.7027961852963
165492527,source,The Economic History Review,0013-0117,E,,0.6946174557488224,1106,385.0
136661304,source,Managerial Auditing Journal,0268-6902,A,,0.69314342263521,1107,182.0
221716585,institution,The University of Texas at Tyler,,,US,0.69172871109055,1108,78.4625
100532134,institution,Université Claude Bernard Lyon 1,,,FR,0.6908001339815463,1109,80.79011493136494
44925452,institution,Özyeğin University,,,TR,0.690534674871567,1110,66.82549019607843
154338468,institution,University of Fribourg,,,CH,0.6902616154545569,1111,78.4108645983646
107325288,source,Social Choice and Welfare,0176-1714,E,,0.6890856987277536,1112,297.0
157614274,institution,University of Cape Town,,,ZA,0.6873286988443057,1113,242.81711958277359
29049940,source,Pacific-Basin Finance Journal,0927-538X,A,,0.6868794796369112,1114,985.0
98381234,institution,University of Oulu,,,FI,0.6868343646525962,1115,179.4210197843092
19894307,institution,Université de Montpellier,,,FR,0.6866346319535185,1116,118.28051032325153
48566637,institution,Ulsan National Institute of Science and Technology,,,KR,0.6865142397611507,1117,51.20773809523809
21491767,institution,Aix-Marseille Université,,,FR,0.6864576257083042,1118,137.00459420209418
54108979,institution,Norwegian University of Life Sciences,,,NO,0.6863384432341405,1119,57.675733043124346
4210208451,source,Quarterly Journal of Finance,2010-1392,A,,0.6857355550630473,1120,91.0
91044093,institution,Zayed University,,,AE,0.6856307798213479,1121,172.5636311378134
7345157,source,Eastern Economic Journal,0094-5056,E,,0.6851589272496671,1122,75.0
141478581,source,Journal of Enterprise Information Management,1741-0398,B,,0.6850351220299652,1123,339.0
206945453,institution,Paderborn University,,,DE,0.6848192457140732,1124,87.38638583638583
4210097214,institution,Shandong Management University,,,CN,0.6845247817016274,1125,82.46938108038914
56435720,institution,Université Paris Dauphine-PSL,,,FR,0.6844730029229888,1126,110.77887159137158
59649739,institution,Jiangxi University of Finance and Economics,,,CN,0.6837816194542624,1127,239.38313492063497
182336501,source,Career Development International,1362-0436,B,,0.6836482739778434,1128,182.0
4210115145,institution,"University of Minnesota, Duluth",,,US,0.6836407077443694,1129,54.11167582417582
2802331213,institution,Paris School of Business,,,FR,0.6830808414571566,1130,183.89853174603178
65353606,source,International Journal of Retail & Distribution Management,0959-0552,B,,0.6830223667760347,1131,360.0
201799495,institution,Middle East Technical University,,,TR,0.6829956848519619,1132,70.92518453768453
900890020,institution,University of Palermo,,,IT,0.6824815968287625,1133,159.92358496978062
40814766,source,Journal of Marketing for HIGHER EDUCATION,0884-1241,B,,0.682465082943288,1134,133.0
144472306,source,Journal of Manufacturing Technology Management,1741-038X,B,,0.682045328422505,1135,317.0
152372256,source,International Journal of Auditing,1090-6738,A,,0.6817897237188177,1136,150.0
14140830,institution,Shih Chien University,,,TW,0.6815124086124362,1137,50.80833333333332
4210088668,institution,"Institut National de Recherche pour l'Agriculture, l'Alimentation et l'Environnement",,,FR,0.6803268291353112,1138,100.0989969999982
116292333,institution,National Graduate Institute for Policy Studies,,,JP,0.6802763233531378,1139,60.108333333333334
131948415,institution,National Taichung University of Science and Technology,,,TW,0.6801297384052934,1140,75.79444444444442
196272386,institution,Providence College,,,US,0.6801129281421255,1141,65.44910413660415
11874761,institution,University of North Florida,,,US,0.6798903016921162,1142,82.75162337662339
119587767,source,Journal of Business and Industrial Marketing,0885-8624,B,,0.679749076118041,1143,772.0
153648349,institution,University of Leicester,,,GB,0.6793757190569786,1144,175.826409007659
60668342,institution,University of Regensburg,,,DE,0.6787690854654693,1145,121.98962703962701
4210206470,source,Journal of Sustainable Finance & Investment,2043-0795,B,,0.6775717961635155,1146,219.0
71267560,institution,University of Naples Federico II,,,IT,0.6774191338206156,1147,322.5855516656583
86375777,source,International Journal of Accounting and Information Management,1758-9037,B,,0.6763829818122395,1148,174.0
73142707,institution,Athens University of Economics and Business,,,GR,0.6756894329610836,1149,261.2316409897292
2898307581,source,Journal of Innovation & Knowledge,2444-569X,B,,0.6756775716387803,1150,399.0
139264467,institution,Seoul National University,,,KR,0.675065480872264,1151,371.95419141184857
94775995,source,European Business Review,0955-534X,B,,0.6746413875304108,1152,212.0
122534668,institution,Marche Polytechnic University,,,IT,0.6715249208551503,1153,186.6039878599661
2764807039,source,Service Science,2164-3962,B,,0.6704928891381522,1154,83.0
186803428,institution,Brock University,,,CA,0.6703025422671902,1155,176.92857142857144
192056284,source,Economics of Innovation and New Technology,1043-8599,E,,0.6702593099369079,1156,209.0
2802355861,institution,Australian Institute of Business,,,AU,0.6700684717243615,1157,42.186904761904756
4210171086,source,The Journal of Risk,1465-1211,E,,0.6681037251704157,1158,12.0
9871798,source,European Business Organization Law Review,1566-7529,B,,0.666399790323619,1159,143.0
206777745,institution,Nanjing Audit University,,,CN,0.6662454918615468,1160,199.61051587301588
99242495,source,Journal of Air Transport Management,0969-6997,B,,0.6659721979526745,1161,477.0
110378019,institution,Southern Illinois University Carbondale,,,US,0.6656014704492402,1162,63.5435321168966
42468459,source,The Journal of Marketing Theory and Practice,1069-6679,B,,0.6653631903195567,1163,194.0
4210202311,source,The International journal of accounting/International journal of accounting,1094-4060,A,,0.664939852828165,1164,108.0
150314799,institution,International Food Policy Research Institute,,,US,0.6649135876074289,1165,74.59940476190475
2764583656,source,Journal of Social Marketing,2042-6763,B,,0.6647563489338479,1166,118.0
2279609970,institution,Université de Lille,,,FR,0.6642702329854401,1167,144.5006458697248
67638930,source,Structural Change and Economic Dynamics,0954-349X,E,,0.663008575428859,1168,616.0
162096671,institution,Universidad de Los Andes,,,CO,0.6628780698196536,1169,90.00765031265031
129826125,institution,Södertörn University,,,SE,0.6615827424552848,1170,32.1015873015873
161057412,institution,University of New Hampshire,,,US,0.6605163380246405,1171,89.49050207039336
861853513,institution,Sapienza University of Rome,,,IT,0.6601549687134354,1172,469.2334706959707
126231945,institution,Queen's University Belfast,,,GB,0.6586071120904167,1173,193.1609898614694
41073452,institution,Management Center Innsbruck,,,AT,0.6582703065025131,1174,45.97519841269842
118118575,institution,New Jersey Institute of Technology,,,US,0.6579543958830416,1175,52.3234126984127
165102784,institution,Duquesne University,,,US,0.6572439222001668,1176,54.772222222222226
194348271,institution,"Government College University, Faisalabad",,,PK,0.6568510134347633,1177,55.60955988455987
63098007,institution,Liverpool John Moores University,,,GB,0.6568178026343523,1178,91.79920634920634
79189158,institution,University of Castilla-La Mancha,,,ES,0.6562385670554186,1179,238.81508162316985
184813773,institution,"California State University, East Bay",,,US,0.6556124802233007,1180,52.00865800865801
45303301,source,Critical Perspectives on International Business,1742-2043,B,,0.6550198440817196,1181,117.0
4306508649,source,Journal of Industrial and Business Economics,0391-2078,E,,0.6549534848284856,1182,160.0
172980758,institution,Kennesaw State University,,,US,0.6539801438554803,1183,166.41380253275523
121852782,source,Journal of Global Marketing,0891-1762,B,,0.6533758379814146,1184,105.0
131221577,institution,Bucknell University,,,US,0.6522002389103716,1185,55.958862108542384
4210222895,source,Meditari Accountancy Research,2049-372X,B,,0.6516838429398454,1186,360.0
170810187,source,International Journal of Bank Marketing,0265-2323,B,,0.650828759256382,1187,331.0
4800084,institution,Southwest Jiaotong University,,,CN,0.6506377947237798,1188,387.5321428571429
126520041,institution,University of Science and Technology of China,,,CN,0.6490194775159736,1189,421.0023809523809
98461037,institution,Tecnológico de Monterrey,,,MX,0.648995166950498,1190,227.11479978354987
125768316,institution,Northampton Community College,,,US,0.6472135929571007,1191,57.34166666666667
190363454,source,Organizational Behavior Teaching Review,1052-5629,X,,0.6448231599921311,1192,165.0
530967,institution,Toronto Metropolitan University,,,CA,0.6446308301481365,1193,263.28643578643585
161515732,institution,University of St. Thomas - Minnesota,,,US,0.6437018966733118,1194,56.817658730158726
107707843,institution,Roskilde University,,,DK,0.6430801950583765,1195,78.31065323565323
25846049,institution,National Tsing Hua University,,,TW,0.6409354308748232,1196,91.99761904761904
874055015,institution,Teesside University,,,GB,0.6404429835747035,1197,75.74365079365079
107036887,source,Asia Pacific Journal of Management,0217-4561,B,,0.6396936479357507,1198,299.0
55712492,institution,Zhejiang University of Technology,,,CN,0.6394467075509129,1199,209.69291680541681
8133038,source,Research in International Business and Finance,0275-5319,A,,0.638885926062839,1200,1168.0
135598925,institution,Kyushu University,,,JP,0.6387276200912371,1201,128.59694837326418
119942284,institution,Missouri State University,,,US,0.6380881430634288,1202,54.37265984275329
56306041,institution,Lebanese American University,,,LB,0.637977840056252,1203,209.13589285714284
169108374,institution,University of the Basque Country,,,ES,0.6368575558570436,1204,221.68996512746511
49185572,institution,Yunnan University of Finance And Economics,,,CN,0.6366679059149875,1205,104.19047619047619
31512782,institution,Technical University of Darmstadt,,,DE,0.6364487020207619,1206,147.76031746031745
162868743,institution,Tianjin University,,,CN,0.636144338377433,1207,569.5716144966144
94951947,institution,University of Westminster,,,GB,0.6357674853258319,1208,88.42323232323234
16097986,institution,Universitat de València,,,ES,0.6349412087984146,1209,561.964687079738
184999862,institution,Universidad de Salamanca,,,ES,0.6337691850899128,1210,132.0527077497666
142725411,source,Journal of Contemporary Accounting & Economics,1815-5669,A,,0.6337391488047743,1211,129.0
130480701,institution,Dongbei University of Finance and Economics,,,CN,0.6336415965410974,1212,322.79166666666663
79817857,institution,University of Guelph,,,CA,0.633500894981881,1213,201.32627690936513
7876267,institution,Open University of the Netherlands,,,NL,0.6330627750057796,1214,96.1984683140933
44666525,institution,University of the South Pacific,,,FJ,0.6329263173009553,1215,60.102406832298136
87547150,institution,Southern Illinois University Edwardsville,,,US,0.6324424909867731,1216,58.00416666666668
2764884217,source,Technology Innovation Management Review,1927-0321,B,,0.6323841070836332,1217,22.0
2764892107,source,Multinational Business Review,1525-383X,B,,0.6322615338765695,1218,121.0
136999626,source,Journal of Property Investment and Finance,1463-578X,A,,0.6320712785988655,1219,146.0
42678134,source,Journal of Hospitality & Tourism Research,1096-3480,B,,0.6319156480173175,1220,434.0
27001385,source,Advances in Accounting,0882-6110,A,,0.6299854568007841,1221,129.0
4210121459,institution,Pôle Universitaire Léonard de Vinci,,,FR,0.6299534016311229,1222,86.79444444444445
150229711,institution,University of Electronic Science and Technology of China,,,CN,0.6294805635177844,1223,186.47440476190474
130438778,institution,Memorial University of Newfoundland,,,CA,0.6293113729639482,1224,100.80850677100676
139290212,institution,Hofstra University,,,US,0.6285965392201398,1225,58.333191393238124
4387153298,institution,École de management de Normandie,,,,0.6275008069800643,1226,107.63452380952381
4210091279,institution,Université Sorbonne Paris Nord,,,FR,0.627479058938792,1227,36.14599206349207
200284239,institution,Universidade de Santiago de Compostela,,,ES,0.6267729249451598,1228,188.33095143160935
15356059,source,Review of Political Economy,0953-8259,E,,0.6263660440310799,1229,365.0
4210118524,institution,Université Bourgogne Franche-Comté,,,FR,0.6262275503966872,1230,71.65157106782107
4210165038,institution,University of Chinese Academy of Sciences,,,CN,0.6261556744932273,1231,248.64062351999848
180726961,institution,Shenzhen University,,,CN,0.625585480552758,1232,255.2972462722462
139232146,source,Personnel Review,0048-3486,B,,0.6254274496143915,1233,509.0
177721651,institution,Oakland University,,,US,0.6252613822395056,1234,77.66388888888888
11662577,institution,Monash University Malaysia,,,MY,0.6251355638726237,1235,114.81780904280903
149910238,institution,Kent State University,,,US,0.6248779313042511,1236,117.11342007207865
83816512,institution,University of Genoa,,,IT,0.6235818247997845,1237,139.15902660141788
179026463,institution,Beijing Technology and Business University,,,CN,0.622627975086273,1238,177.38035714285715
40434647,institution,Université Paris Nanterre,,,FR,0.6220882949205989,1239,52.050595238095234
4210189013,source,Management Review Quarterly,2198-1620,B,,0.6199291403957464,1240,268.0
155093810,institution,University of Idaho,,,US,0.619870375836327,1241,49.645773994956244
26437253,institution,Örebro University,,,SE,0.6191143348581889,1242,100.04906015037596
100066346,institution,University of Stuttgart,,,DE,0.6186706302081728,1243,73.45386904761905
858936495,institution,ZHAW Zurich University of Applied Sciences,,,CH,0.618555932736824,1244,40.94914529914529
181727666,institution,University of Economics Ho Chi Minh City,,,VN,0.6184584833613627,1245,580.7388033737176
205237279,institution,Nankai University,,,CN,0.6182160162893006,1246,390.4267857142856
277688954,institution,Université Paris-Saclay,,,FR,0.6180571235555631,1247,88.31504921213569
4322298,institution,Towson University,,,US,0.6164633440635957,1248,90.91904761904763
2739393555,source,Journal of Agricultural and Applied Economics,1074-0708,E,,0.6162413347903936,1249,151.0
4210189271,source,Leadership & Organization Development Journal,0143-7739,B,,0.6150339634015546,1250,313.0
208333798,institution,University of Missouri–St. Louis,,,US,0.613957534657814,1251,66.1183541017653
173789977,source,Corporate Governance,1472-0701,B,,0.6120817764495032,1252,362.0
27577105,institution,University College Cork,,,IE,0.6116193863759508,1253,165.60879877203405
4210095297,institution,MIT University,,,MK,0.6115727915906037,1254,34.313799881323256
53726244,source,Journal of Managerial Psychology,0268-3946,B,,0.6113842958398678,1255,235.0
159247623,institution,Mansoura University,,,EG,0.6108621503260592,1256,62.6357202982203
3123212020,institution,Universidad Politécnica de Cartagena,,,ES,0.6101150656461213,1257,88.58207070707071
46176106,institution,Universidad de Burgos,,,ES,0.6100159277351092,1258,68.10357142857143
143806524,source,The Journal of Portfolio Management,0095-4918,A,,0.6089034285450493,1259,262.0
4575257,institution,Hanyang University,,,KR,0.6082805618953584,1260,246.61150793650796
137867983,institution,Central University of Finance and Economics,,,CN,0.6078912862206491,1261,615.5934523809523
130194489,institution,University of Alicante,,,ES,0.6078697494180048,1262,176.82146464646465
126936603,source,International Regional Science Review,0160-0176,E,,0.6076916225512342,1263,110.0
4210220312,source,International Journal of Logistics Research and Applications,1367-5567,B,,0.6075368115033005,1264,367.0
3124059619,institution,China University of Geosciences,,,CN,0.6073387556241785,1265,105.51853618603619
131729948,institution,University of Salerno,,,IT,0.6071433887011322,1266,269.6576279714438
58610484,institution,Seattle University,,,US,0.6068482478637974,1267,45.21326358826358
45204951,institution,University of Calabria,,,IT,0.6065739479003305,1268,149.67678571428573
193223587,institution,University of Trento,,,IT,0.6064440085107695,1269,188.89067724556858
54467454,source,International Environmental Agreements Politics Law and Economics,1567-9764,E,,0.6059465300081842,1270,155.0
130217899,institution,Åbo Akademi University,,,FI,0.6058911753078241,1271,54.89021672771673
32389192,institution,University of Alabama at Birmingham,,,US,0.6058063134048832,1272,52.92166305916306
60053951,institution,Universitat Politècnica de València,,,ES,0.6051423458577205,1273,250.33521181199754
158934434,institution,Zhongnan University of Economics and Law,,,CN,0.6051335094873039,1274,611.026388888889
2610724,institution,Chemnitz University of Technology,,,DE,0.6050182392553826,1275,53.78666666666667
57328836,institution,North Dakota State University,,,US,0.6043777862400207,1276,103.9229862038273
39815113,institution,Georgia Southern University,,,US,0.6033306357254331,1277,100.09194481530928
111277659,institution,Chonnam National University,,,KR,0.6030961753269979,1278,60.12619047619048
67328108,institution,"California State University, Fresno",,,US,0.6028467812583695,1279,49.33611111111111
201841394,institution,Université Côte d'Azur,,,FR,0.602765450012294,1280,54.68042881032012
74899385,institution,Central Queensland University,,,AU,0.6010089203830943,1281,83.4734126984127
193775966,institution,Yonsei University,,,KR,0.6001793662539856,1282,359.43834947216527
198244214,institution,Université Clermont Auvergne,,,FR,0.5997572578153312,1283,35.13100288600289
177097968,institution,University of Tennessee at Chattanooga,,,US,0.5997138406796169,1284,66.13712357217031
204512498,institution,University of Macau,,,MO,0.599032022896237,1285,298.46336996337004
54459138,institution,University of Salford,,,GB,0.5989518517950361,1286,45.7219696969697
142934699,institution,"California State University, Fullerton",,,US,0.5984017918701614,1287,145.11069102237326
6013065,source,Journal of Management & Governance,1385-3457,B,,0.5981856144556982,1288,214.0
36399199,institution,Nanjing University of Science and Technology,,,CN,0.5974763682232991,1289,202.11468253968255
184983240,institution,Northeast Normal University,,,CN,0.597246096482783,1290,62.24229242979243
130692619,institution,Bern University of Applied Sciences,,,CH,0.5971473847375471,1291,33.957258064516125
170164250,institution,Elon University,,,US,0.594894686303372,1292,52.42619047619047
3034727917,source,Financial Innovation,2199-4730,A,,0.5943180130334679,1293,441.0
27483092,institution,University of Perugia,,,IT,0.5941088915548444,1294,97.3730339105339
168416876,institution,Northern Kentucky University,,,US,0.593942430426212,1295,54.561111111111124
106785703,institution,Institut polytechnique de Grenoble,,,FR,0.5931442385542197,1296,27.39912698412698
36178057,source,Economics Letters,0165-1765,E,,0.592519285927028,1297,1810.0
113306721,institution,Hiroshima University,,,JP,0.5919119179905638,1298,87.5452380952381
41958068,source,Journal of Consumer Behaviour,1472-0817,B,,0.5910207636092247,1299,562.0
90727586,institution,Zhejiang University of Finance and Economics,,,CN,0.590569553560505,1300,370.1998015873016
905225518,institution,Shanghai University of International Business and Economics,,,CN,0.589769601882856,1301,123.55892857142858
206007305,source,Economic Systems,0939-3625,E,,0.5887190529540042,1302,268.0
55952717,institution,Universidad Rovira i Virgili,,,ES,0.5885174755940552,1303,91.12718253968255
204730241,institution,Université Paris Cité,,,FR,0.588455409568956,1304,70.61454775645178
169615421,institution,Middle Tennessee State University,,,US,0.586415068891862,1305,109.60508514719965
143593769,institution,East China University of Science and Technology,,,CN,0.5861448371731172,1306,169.8306207681208
39804081,institution,Sorbonne Université,,,FR,0.5858833056468655,1307,36.03460292144503
60342839,institution,Qatar University,,,QA,0.5856966382329161,1308,330.0111111111112
17145004,institution,Northwestern Polytechnical University,,,CN,0.5852003831483915,1309,214.22910052910052
173439891,institution,HES-SO University of Applied Sciences and Arts Western Switzerland,,,CH,0.5851557605004811,1310,91.60142912642911
150702451,source,Global Finance Journal,1044-0283,A,,0.5841323355916411,1311,320.0
138216421,institution,Eastern Michigan University,,,US,0.5839420446401813,1312,65.0921568627451
2736629167,source,Journal of Economic Structures,2193-2409,E,,0.5826334731627557,1313,120.0
926574661,institution,Leipzig University,,,DE,0.5811863511274354,1314,136.2808694083694
15057530,institution,Université de Bordeaux,,,FR,0.5809576589776343,1315,92.5440494227994
4210144888,institution,Business France,,,FR,0.5809290876449487,1316,43.82142857142858
171971387,source,Scandinavian Journal of Management,0956-5221,B,,0.5801509610921227,1317,123.0
4210143550,institution,Taylor's University,,,MY,0.5800561680701697,1318,161.66916666666668
164936912,institution,The University of Texas at El Paso,,,US,0.5784606551259097,1319,126.98361148197596
66752286,institution,University of Milano-Bicocca,,,IT,0.5774075843394623,1320,208.82981915427567
4210171597,source,Accounting and Finance,0810-5391,A,,0.5772146771762914,1321,728.0
2799600557,institution,Japan External Trade Organization,,,JP,0.577116747183192,1322,63.86527777777777
13134134,institution,Universidad de Cantabria,,,ES,0.5771023894252344,1323,87.49630230880231
197809005,institution,"University of Campania ""Luigi Vanvitelli""",,,IT,0.5767966806461942,1324,128.30436507936508
4210202212,source,INFORMS Journal on Applied Analytics,2644-0865,B,,0.5765957246381977,1325,149.0
142024983,institution,Prince Sultan University,,,SA,0.5759358392779449,1326,80.57519841269841
132286405,institution,Kadir Has University,,,TR,0.5753624396346474,1327,64.75277777777778
35777872,institution,North Carolina Agricultural and Technical State University,,,US,0.5753262673341308,1328,57.11178992347216
135394783,source,The International Journal of Management Education,1472-8117,B,,0.5741138074422392,1329,448.0
193408319,source,Corporate Communications An International Journal,1356-3289,X,,0.5738406437194726,1330,235.0
211433327,institution,Ministry of Natural Resources,,,CN,0.5735834892352224,1331,22.45898453398453
21067949,institution,Adolfo Ibáñez University,,,CL,0.5732378868922603,1332,80.1561111111111
151201029,institution,Consejo Nacional de Investigaciones Científicas y Técnicas,,,AR,0.5727998350060426,1333,93.23308368362714
91781374,source,Accounting History,1032-3732,A,,0.571909958851048,1334,115.0
32574673,institution,Shantou University,,,CN,0.5715193659931093,1335,64.69007936507936
28166907,institution,Karolinska Institutet,,,SE,0.5711180589250502,1336,40.380644424222005
204593131,institution,College of Charleston,,,US,0.5703097432099806,1337,58.20952380952381
37320504,source,Industrial Management & Data Systems,0263-5577,X,,0.5698117360325093,1338,548.0
48661868,source,China & World Economy,1671-2234,E,,0.5696418802147949,1339,211.0
66867065,institution,East China Normal University,,,CN,0.5691428315663685,1340,207.71174242424237
71783669,source,Review of International Economics,0965-7576,E,,0.5689424998430935,1341,258.0
183939566,source,Sustainability Accounting Management and Policy Journal,2040-8021,B,,0.5667264914395055,1342,250.0
7161550,source,Spatial Economic Analysis,1742-1772,E,,0.5663842258845484,1343,130.0
194028371,institution,University of Regina,,,CA,0.5661625551380146,1344,70.91691919191918
120691247,institution,University of Hagen,,,DE,0.566020910717397,1345,95.62499999999999
145099083,source,Journal of Economics and Business,0148-6195,A,,0.5653682533878525,1346,108.0
162526994,source,International Journal of Market Research,1470-7853,B,,0.5653434575470982,1347,183.0
59289252,source,Intereconomics,0020-5346,E,,0.5648227721794624,1348,152.0
2764804572,source,Economic Theory Bulletin,2196-1085,E,,0.5646328210308882,1349,89.0
251738,institution,Edinburgh Napier University,,,GB,0.5643298630458827,1350,76.78857531357531
899635006,institution,Université Grenoble Alpes,,,FR,0.5636585146902127,1351,80.22565295815296
155526628,source,The North American Journal of Economics and Finance,1062-9408,A,,0.5636579035453628,1352,768.0
47993699,source,Journal of Engineering and Technology Management,0923-4748,B,,0.5634705532303116,1353,138.0
70900168,institution,Université Savoie Mont Blanc,,,FR,0.5634219891264733,1354,51.6695634920635
173304897,institution,Universidad de Granada,,,ES,0.5632131981415709,1355,282.6141585266585
166088655,institution,Montclair State University,,,US,0.5620019650477169,1356,84.86944444444443
151491554,source,The Geneva Papers on Risk and Insurance Issues and Practice,1018-5895,A,,0.5614903336895727,1357,153.0
205051169,institution,Kingston University,,,GB,0.5610019727837651,1358,77.34678513917643
170658231,institution,Osnabrück University,,,DE,0.5606666400349574,1359,73.69407993966819
26772273,source,Climate Change Economics,2010-0078,E,,0.5606169927696438,1360,111.0
83436808,institution,Hankuk University of Foreign Studies,,,KR,0.5604309381291245,1361,92.475
125273398,source,The Quarterly Review of Economics and Finance,1062-9769,E,,0.5598216163621912,1362,474.0
119045251,institution,Huaqiao University,,,CN,0.559777710593147,1363,146.03373015873012
184746854,institution,Lincoln University,,,NZ,0.5588724265786175,1364,120.17202380952382
4210130704,institution,University of Michigan–Dearborn,,,US,0.557777600826199,1365,43.65165755297334
11923345,institution,Wrocław University of Science and Technology,,,PL,0.5577299572247978,1366,42.87321428571428
868834043,institution,University of the West of Scotland,,,GB,0.5576306638325144,1367,58.22896825396825
190397597,institution,University of Urbino,,,IT,0.5559940526895057,1368,104.2388888888889
191005381,source,Defence and Peace Economics,1024-2694,E,,0.5557368824034276,1369,212.0
919208787,institution,Louisiana Tech University,,,US,0.555015931457678,1370,65.78333333333333
142974352,institution,National Sun Yat-sen University,,,TW,0.5545592870409205,1371,136.6294427794428
114150738,institution,Fu Jen Catholic University,,,TW,0.5540798416113377,1372,67.88849206349207
197854408,institution,University of Malta,,,MT,0.5536532495539086,1373,57.97146464646465
121409115,source,International Review of Law and Economics,0144-8188,E,,0.5535615102130826,1374,173.0
9224756,institution,Northeastern University,,,CN,0.5531733976506366,1375,251.7977564102564
4921948,institution,Pusan National University,,,KR,0.5528687826969996,1376,140.5734126984127
4210186250,source,Journal of Competitiveness,1804-171X,B,,0.5526354567442737,1377,90.0
4210129130,institution,Asian Development Bank,,,PH,0.5507408716788392,1378,59.188888888888904
2764850437,source,International Economics,2110-7017,E,,0.5501159667733583,1379,235.0
16337185,institution,University of Sannio,,,IT,0.5499776053562678,1380,60.84166666666667
12449238,institution,Université d'Orléans,,,FR,0.5491059029133857,1381,48.59765512265512
113940042,institution,Shanghai University,,,CN,0.5489532438292316,1382,358.4887085137085
37461747,institution,Wuhan University,,,CN,0.5487295169534898,1383,512.4785654160654
99682543,institution,University of Minho,,,PT,0.5479455181077365,1384,221.1242424242425
4210176257,source,Journal of Management Science and Engineering,2096-2320,E,,0.5472494059131275,1385,143.0
2764655866,source,Review of Keynesian Economics,2049-5323,E,,0.5457744303249504,1386,143.0
124601658,institution,University of Parma,,,IT,0.545297169054634,1387,124.18246204521613
48957891,source,The TQM Journal,1754-2731,B,,0.5451549804306175,1388,530.0
135117807,institution,Université de Sherbrooke,,,CA,0.545067623996081,1389,72.23266594516595
16076960,institution,COMSATS University Islamabad,,,PK,0.5449637079059564,1390,311.1273773448774
204823248,institution,Huazhong Agricultural University,,,CN,0.5441548058050469,1391,118.97048702343056
129902397,institution,Dalhousie University,,,CA,0.5430865475092875,1392,133.55219191913733
90149737,source,European Journal of Innovation Management,1460-1060,B,,0.5430864586725944,1393,530.0
118501908,institution,National Research University Higher School of Economics,,,RU,0.542485023519175,1394,466.52820048309184
129801699,institution,University of Tasmania,,,AU,0.5422156776288938,1395,167.0416579059532
87482320,institution,University of Management and Technology,,,PK,0.5417796952401461,1396,104.04400432900434
87208437,institution,University of Tulsa,,,US,0.5416043082536621,1397,49.64980158730158
154533451,source,IEEE Transactions on Engineering Management,0018-9391,B,,0.5413689657024942,1398,1570.0
90610280,institution,South China University of Technology,,,CN,0.5413089150295998,1399,378.62097734781565
182534213,institution,Universidade do Porto,,,PT,0.5409623003861104,1400,322.355179033929
38631343,institution,EM Strasbourg Business School,,,FR,0.5409413597549854,1401,60.45517676767677
51216347,institution,Anglia Ruskin University,,,GB,0.539831008480105,1402,56.94285714285715
4210210207,source,Journal of Management Analytics,2327-0012,B,,0.5395470853922948,1403,94.0
10902133,institution,Universitat Jaume I,,,ES,0.5390998449855016,1404,176.2463450292398
173574685,source,International Journal of Theoretical and Applied Finance,0219-0249,E,,0.5389371327253999,1405,140.0
115752224,institution,University of Insubria,,,IT,0.5380217487873472,1406,60.85763888888889
68891433,institution,Indian Institute of Technology Delhi,,,IN,0.537985439995084,1407,325.47225829725824
150870154,institution,Indian Institute of Management Ahmedabad,,,IN,0.5379482730708081,1408,279.58636363636367
3409213,source,Service Business,1862-8508,B,,0.5378700182357016,1409,143.0
4210209709,source,Health Policy,0168-8510,E,,0.5376967323008353,1410,667.0
175051016,institution,Universidad Publica de Navarra,,,ES,0.5372773242547019,1411,114.26111111111112
2898275063,source,European Research on Management and Business Economics,2444-8834,A,,0.537226529537161,1412,116.0
106296451,institution,University of Foggia,,,IT,0.5368622015381794,1413,66.97157415597819
65837984,institution,Kobe University,,,JP,0.5367611638838097,1414,226.7313492063492
4210154111,institution,Université Gustave Eiffel,,,FR,0.5366480125117954,1415,34.88218253968253
98285908,institution,Osaka University,,,JP,0.5365293958251763,1416,53.322588522588525
103320735,institution,Università Cattolica del Sacro Cuore,,,IT,0.5362082455374446,1417,330.36302756697495
162838928,institution,National Chung Hsing University,,,TW,0.5360609882175718,1418,71.80119047619048
181631907,institution,University of Ibadan,,,NG,0.535324348024811,1419,101.3429894179894
178258306,source,Empirical Economics,0377-7332,E,,0.5350289637446084,1420,740.0
929597975,institution,National University of Sciences and Technology,,,PK,0.5350284117378848,1421,94.93910256410258
26073974,source,Oxford Economic Papers,0030-7653,E,,0.5348997017593291,1422,223.0
142740786,institution,University of Louisville,,,US,0.5346874912094433,1423,93.74722222222222
89652312,institution,Northwest A&F University,,,CN,0.5346812158416895,1424,121.24906001256808
161321875,institution,University of Beira Interior,,,PT,0.534036287151263,1425,241.97003968253966
35928602,institution,Kyung Hee University,,,KR,0.5339925199318057,1426,233.21193376068373
146099957,source,International Journal of Finance & Economics,1076-9307,A,,0.533977290094105,1427,1137.0
111245572,institution,Indian Institute of Management Raipur,,,IN,0.5336015856807962,1428,153.60277777777776
102064193,institution,University of Siena,,,IT,0.5323623614901225,1429,141.37741702741704
746986,institution,Halmstad University,,,SE,0.5323397703284349,1430,41.766684704184705
154099455,institution,Shandong University,,,CN,0.5317463559733684,1431,379.4105318740398
154010748,source,Management Decision,0025-1747,B,,0.5304724896503711,1432,777.0
79516672,institution,University of Louisiana at Lafayette,,,US,0.5304524840464642,1433,55.599242424242426
25254941,institution,Beijing Normal University,,,CN,0.5304317316290875,1434,406.2171328671329
112862951,institution,University of Messina,,,IT,0.5295885465036477,1435,102.85277777777777
98234996,source,Accounting Research Journal,1030-9616,A,,0.5293055022757989,1436,166.0
25757504,institution,China University of Mining and Technology,,,CN,0.5291110064039822,1437,180.45134078884075
94588446,institution,Hongik University,,,KR,0.5290039909049269,1438,74.51944444444445
87445476,institution,Xi'an Jiaotong University,,,CN,0.52874828992752,1439,773.6288780663781
161103922,institution,Philipps University of Marburg,,,DE,0.5282924483405868,1440,105.30098039215686
176790772,institution,Murdoch University,,,AU,0.5282058049541943,1441,54.56645719871526
199690760,source,Innovation,1447-9338,B,,0.5279551060221432,1442,120.0
126863827,institution,Pace University,,,US,0.5279160936199312,1443,54.67973864142088
2802166871,institution,Universidad Católica del Norte,,,CL,0.527726089596572,1444,47.337373737373746
204305389,source,Journal of Management Development,0262-1711,B,,0.5275663548098781,1445,145.0
162611689,source,Business Economics,0007-666X,E,,0.5274254538548168,1446,122.0
187400657,institution,South China Normal University,,,CN,0.5273059043934331,1447,108.72420634920636
56067802,institution,Université de Rennes,,,FR,0.526984139900711,1448,31.786970497825756
203951103,institution,Keio University,,,JP,0.5265162410387707,1449,161.41248196248193
22248866,institution,AgroParisTech,,,FR,0.5260592604349534,1450,18.300260685082115
123338534,institution,Università degli Studi del Piemonte Orientale “Amedeo Avogadro”,,,IT,0.5256510524589931,1451,58.30262972321795
188935350,institution,Anhui University of Finance and Economics,,,CN,0.5256423115015112,1452,147.2029761904762
205490536,institution,Dongguk University,,,KR,0.5252776530023141,1453,69.80278332778335
130442723,institution,Universidade Federal do Rio Grande do Sul,,,BR,0.5248539865167977,1454,228.44421176649436
148189957,source,Journal of Management History,1751-1348,B,,0.5248439200010108,1455,131.0
50441567,institution,Universitat de les Illes Balears,,,ES,0.5243438538541355,1456,88.57499999999997
21193070,institution,Beijing Jiaotong University,,,CN,0.522456416387182,1457,169.4845238095238
5561750,institution,University of Bari Aldo Moro,,,IT,0.5224467358789634,1458,166.58371579400992
95013407,institution,Universidad Pablo de Olavide,,,ES,0.5219949319912476,1459,169.61101499831085
22299242,institution,Kyoto University,,,JP,0.5215210212294091,1460,173.62339153416735
4210156332,institution,Chinese Research Academy of Environmental Sciences,,,CN,0.5214155468028471,1461,58.35311765032352
175532246,institution,University of Eastern Finland,,,FI,0.5211989738880787,1462,107.33580655455654
57667410,source,Annals of Operations Research,0254-5330,B,,0.5210546803408576,1463,2545.0
138847295,institution,Universitat Oberta de Catalunya,,,ES,0.5207083233344305,1464,50.98154761904762
97188460,institution,Nantes Université,,,FR,0.5199883557655592,1465,34.236854339617494
153806059,institution,Shanghai Business School,,,CN,0.519747491016381,1466,81.6626984126984
148751991,institution,Sogang University,,,KR,0.5189466237049195,1467,122.84810606060606
27825529,institution,California State University Los Angeles,,,US,0.518845745352108,1468,82.79285714285716
39063666,institution,University of Catania,,,IT,0.5187842295238767,1469,132.18895502645503
141649380,institution,Western Michigan University,,,US,0.5185767294236202,1470,76.64285714285714
107033909,source,Journal of Economics,0931-8658,E,,0.5183288183801871,1471,174.0
37987034,institution,Guangzhou University,,,CN,0.5181911726729129,1472,159.23130341880338
190134885,institution,Helmut Schmidt University,,,DE,0.51759693420749,1473,73.46388888888886
4210155236,institution,National Research Council,,,IT,0.5171042309315551,1474,45.19984521531494
155043079,institution,University of Nottingham Malaysia Campus,,,MY,0.5169501221793121,1475,80.49880952380954
37173775,source,European Journal of Law and Economics,0929-1261,E,,0.5167251639649931,1476,167.0
191879574,institution,Inha University,,,KR,0.5166931192360984,1477,95.72023809523807
67900169,institution,Chung-Ang University,,,KR,0.5162286324649671,1478,134.78739495798322
4210190745,source,Asia-Pacific Journal of Financial Studies,2041-6156,B,,0.5160718055729389,1479,140.0
24906876,institution,Institut Agro Montpellier,,,FR,0.5159217559052638,1480,11.710738795518207
2764516016,source,European journal of training and development,2046-9012,B,,0.5150041380302306,1481,215.0
4210168539,source,Science and Public Policy,0302-3427,X,,0.514848508863575,1482,366.0
3125743391,institution,China University of Geosciences (Beijing),,,CN,0.5145880055798056,1483,67.7009108946609
68947357,institution,Université de Strasbourg,,,FR,0.5135061896609386,1484,100.27412900939215
134161618,institution,National Taiwan Normal University,,,TW,0.513478285943662,1485,40.26904761904761
168273071,source,International Review of Economics & Finance,1059-0560,A,,0.5128400475837861,1486,1568.0
4394735563,source,Journal of applied corporate finance,1745-6622,A,,0.5114343790293262,1487,115.0
111753288,institution,Fujian Normal University,,,CN,0.5107726836221539,1488,45.676497113997115
197347611,institution,Korea University,,,KR,0.5103609639469154,1489,270.8310994560994
4210166615,institution,INESC TEC,,,PT,0.5102276642073476,1490,52.36952711640212
158248296,institution,Amirkabir University of Technology,,,IR,0.5099920301838746,1491,67.42638888888888
4210172729,source,Journal of Humanitarian Logistics and Supply Chain Management,2042-6747,B,,0.5093045721192214,1492,105.0
2764879640,source,Global Journal of Flexible Systems Management,0972-2696,B,,0.5090744989994881,1493,167.0
139289085,source,Qualitative Market Research An International Journal,1352-2752,B,,0.5090063725373322,1494,163.0
96908189,institution,Xinjiang University,,,CN,0.5086591536210504,1495,43.34040959040959
184843921,institution,Hebei University of Technology,,,CN,0.5086203200900505,1496,83.82539682539681
25355098,institution,Chang'an University,,,CN,0.5084386156415562,1497,70.22242063492064
71270174,institution,Victoria University,,,AU,0.5083741783851536,1498,83.10104617604617
79238269,institution,Universidad de Sevilla,,,ES,0.5081926543762135,1499,309.65168544175117
208081647,institution,Coastal Carolina University,,,US,0.5072122544630032,1500,27.288095238095238
12832649,institution,Gachon University,,,KR,0.506941550302047,1501,80.03333333333335
71495548,institution,Indian Institute of Management Calcutta,,,IN,0.5067738329122055,1502,110.19444444444441
88060688,institution,Universidad Politécnica de Madrid,,,ES,0.5067374284963614,1503,109.26823308270677
55285296,institution,UCSI University,,,MY,0.5067260400615543,1504,108.27724799710093
99908691,institution,Yuan Ze University,,,TW,0.5065789018626099,1505,63.831679894179906
69356397,institution,Xi’an Jiaotong-Liverpool University,,,CN,0.506556003205239,1506,235.40122655122656
204291657,institution,Hosei University,,,JP,0.5063545341419188,1507,68.87063492063491
29817978,source,Marketing Intelligence & Planning,0263-4503,B,,0.5062716652687351,1508,280.0
171812798,source,Metroeconomica,0026-1386,E,,0.5062566521245169,1509,152.0
111950717,institution,Macau University of Science and Technology,,,MO,0.5053845504043406,1510,156.81587301587302
11406153,institution,Shanghai International Studies University,,,CN,0.5047793922124414,1511,97.675
43369023,institution,"California State University, San Bernardino",,,US,0.5046848194983721,1512,44.559418767507
2898531903,source,Journal of commodity markets,2405-8505,A,,0.5046796016038356,1513,150.0
100633361,institution,University of Massachusetts Dartmouth,,,US,0.5045775687930321,1514,59.96507936507937
153976015,institution,University of Ljubljana,,,SI,0.5044309820685611,1515,230.1050607255325
4210149618,institution,Guangdong University of Finance,,,CN,0.5037018143357854,1516,142.7232142857143
75059550,institution,Zhejiang Gongshang University,,,CN,0.5033797101192052,1517,349.4027777777777
122346577,institution,University of Modena and Reggio Emilia,,,IT,0.5024297837924344,1518,146.428953889248
47818738,institution,Sultan Qaboos University,,,OM,0.501997432266393,1519,153.37558954203692
2764726166,source,Asia Pacific Management Review,1029-3132,B,,0.5015053454851423,1520,128.0
4210150398,institution,Hunan University of Finance and Economics,,,CN,0.5010959324462941,1521,87.63015873015873
44430492,institution,Indian Institute of Management Bangalore,,,IN,0.5010640714020791,1522,150.95589133089138
2898402987,source,Spanish Journal of Marketing - ESIC,2444-9695,X,,0.49967790448839094,1523,109.0
63634437,institution,Universidad Autónoma de Madrid,,,ES,0.4988103191722728,1524,180.03131914381916
192723185,source,Knowledge Management Research & Practice,1477-8238,B,,0.49857604552196944,1525,271.0
2803079837,institution,American University of the Middle East,,,KW,0.49855441968033987,1526,75.57222222222222
2764680368,source,Social and Environmental Accountability Journal,0969-160X,B,,0.49827689790013546,1527,117.0
9842412,institution,Nanjing University of Aeronautics and Astronautics,,,CN,0.49707111581174496,1528,229.37718253968254
120518121,source,Atlantic Economic Journal,0197-4254,E,,0.49679510472458666,1529,116.0
201037040,source,International Journal of Manpower,0143-7720,B,,0.49655489085460375,1530,361.0
4210183343,source,Journal of Creating Value,2394-9643,B,,0.4963663174659918,1531,55.0
99990550,source,Journal of Consumer Policy,0168-7034,X,,0.4959770307637033,1532,109.0
31419693,institution,Kyungpook National University,,,KR,0.4959720733575129,1533,65.20380591630591
144250037,source,Journal of Applied Accounting Research,0967-5426,A,,0.49569012837084797,1534,218.0
354108,institution,Minjiang University,,,CN,0.49527806115150547,1535,39.23540816326531
159665162,institution,National Institute of Development Administration,,,TH,0.49485145031237177,1536,117.67896825396825
75900474,institution,Hubei University,,,CN,0.4948228005435394,1537,35.124423539423546
204983213,institution,Harbin Institute of Technology,,,CN,0.4943921081600681,1538,366.08117179117176
182519303,source,World Trade Review,1474-7456,X,,0.49360461209078704,1539,169.0
179311214,institution,Gulf University for Science & Technology,,,KW,0.49343287358133686,1540,80.2170138888889
3593595,source,Australian Journal of Agricultural and Resource Economics,1364-985X,E,,0.49334505800841366,1541,158.0
4210197888,source,Review of International Business and Strategy,2059-6014,B,,0.49314197054619846,1542,137.0
159650629,institution,University of Sassari,,,IT,0.4930446114307935,1543,44.40053155781416
55133342,institution,University of Macerata,,,IT,0.4930157548409776,1544,95.93576097105509
3354691,source,Journal of Small Business and Enterprise Development,1462-6004,B,,0.4930016052998074,1545,280.0
2898574612,source,Economic Analysis and Policy,0313-5926,E,,0.49297510842024783,1546,1066.0
24185976,institution,Sichuan University,,,CN,0.492550979880393,1547,461.2805916305916
148366613,institution,National Yang Ming Chiao Tung University,,,TW,0.49192183220864866,1548,122.16305555555556
71503853,institution,University of Algarve,,,PT,0.49187511302656156,1549,54.1888888888889
2764889392,source,Accounting Historians Journal,0148-4184,A,,0.4918657888510091,1550,70.0
230915877,institution,The American College of Greece,,,GR,0.49116263853563935,1551,44.4468253968254
200838492,source,Manchester School,1463-6786,E,,0.4910231815809315,1552,155.0
4210116649,institution,Inland Norway University of Applied Sciences,,,NO,0.49099254879916554,1553,71.83344155844154
148814761,source,Journal of International Consumer Marketing,0896-1530,B,,0.49044648907764465,1554,139.0
4210141702,institution,University of Gävle,,,SE,0.4902250006433081,1555,61.358333333333334
3923682,institution,Soochow University,,,CN,0.490202681398947,1556,118.26890142021722
93320256,institution,University of Tampa,,,US,0.4902025607599425,1557,91.18936545022993
124504522,source,Information Systems Management,1058-0530,B,,0.48977652932619337,1558,133.0
63525965,institution,Western Sydney University,,,AU,0.48977475392032294,1559,182.7948412698413
122161766,source,Journal of Forecasting,0277-6693,A,,0.4894762293363514,1560,501.0
57664883,institution,Ajou University,,,KR,0.489270855785784,1561,58.63690476190478
174731842,institution,Islamia University of Bahawalpur,,,PK,0.48870653625359456,1562,54.015187590187594
200845125,institution,Nanjing University of Information Science and Technology,,,CN,0.48812963491983724,1563,134.71587301587303
173589923,source,Family and Consumer Sciences Research Journal,1077-727X,X,,0.4869446493987897,1564,113.0
39332106,source,Journal of Food Products Marketing,1045-4446,B,,0.4869187943861614,1565,92.0
146613903,institution,Shanghai Lixin University of Accounting and Finance,,,CN,0.4868073508657731,1566,114.82857142857146
3131870445,institution,Woxsen School of Business,,,IN,0.48604346266906545,1567,33.23829365079364
177092143,source,Australian Journal of Management,0312-8962,B,,0.4857031901709816,1568,192.0
62110574,source,Review of Quantitative Finance and Accounting,0924-865X,A,,0.48537830771012924,1569,486.0
145894827,institution,Indian Institute of Technology Kharagpur,,,IN,0.4851688474846559,1570,345.0029040404041
90183372,institution,Université de Lorraine,,,FR,0.48511513454640126,1571,114.03045416571732
37574244,institution,Sichuan Agricultural University,,,CN,0.4850745637954763,1572,116.89744144744141
162030827,institution,Thapar Institute of Engineering & Technology,,,IN,0.48472163289270703,1573,76.46944444444445
189109744,institution,Indian Institute of Technology Dhanbad,,,IN,0.4846155556244357,1574,78.9202380952381
141596103,institution,University of Lisbon,,,PT,0.4845996638337462,1575,442.75848444641025
4210156205,institution,Indian Institute of Management Visakhapatnam,,,IN,0.4845174671358464,1576,58.35833333333334
34941771,source,Venture Capital,1369-1066,B,,0.48434973234788686,1577,104.0
160156518,source,International Journal of Fashion Design Technology and Education,1754-3266,X,,0.4838395541079481,1578,205.0
102624508,source,The Learning Organization,0969-6474,B,,0.4837695633878564,1579,194.0
165339363,institution,Universidad de Oviedo,,,ES,0.48357606126650704,1580,200.24267900142513
4210214005,source,Latin American Journal of Central Banking,2666-1438,E,,0.4834706520475673,1581,72.0
5486590,source,International Economics and Economic Policy,1612-4804,E,,0.4832495372999314,1582,127.0
149672521,institution,Federation University,,,AU,0.483196862049928,1583,49.18730158730158
94083415,source,Journal of Behavioral Finance,1542-7560,A,,0.4828748361527696,1584,151.0
180723199,source,Agribusiness,0742-4477,E,,0.4822566407374384,1585,330.0
2737431740,source,Econometrics,2225-1146,E,,0.4818333145753274,1586,152.0
4210191457,source,Innovation and Development,2157-930X,X,,0.4816073164022117,1587,117.0
267729,source,International Transactions in Operational Research,0969-6016,B,,0.4814307917140078,1588,656.0
165789823,source,Journal of Consumer Marketing,0736-3761,B,,0.4813059346288113,1589,288.0
96733725,institution,Shanghai Maritime University,,,CN,0.48076989112747337,1590,98.49702380952382
158842170,institution,Chongqing University,,,CN,0.48076040547461707,1591,399.1912129537128
201459984,institution,Guangdong University Of Finances and Economics,,,CN,0.4803331708487796,1592,78.36369047619047
1629065,institution,Central Michigan University,,,US,0.4794198757555863,1593,71.117292753975
147962203,institution,Democritus University of Thrace,,,GR,0.4792743906327664,1594,79.87063492063491
197681013,institution,Université Paris-Est Créteil,,,FR,0.4788712132082118,1595,32.03880425130425
174878644,institution,University of Patras,,,GR,0.4780581946012759,1596,140.03730158730156
2799289540,institution,Indian Institute of Management Kashipur,,,IN,0.4780457312716564,1597,133.96666666666667
18727733,source,IMA Journal of Management Mathematics,1471-678X,X,,0.47802097397917737,1598,132.0
111112146,institution,Tallinn University of Technology,,,EE,0.47772487449788853,1599,107.6827395752396
43566213,institution,National Taipei University of Business,,,TW,0.4773601042532721,1600,66.94722222222222
192703390,institution,Ming Chuan University,,,TW,0.47715434003734153,1601,89.31408730158728
194450716,institution,Jilin University,,,CN,0.476964831994274,1602,185.91914936914938
136040515,institution,Universidad de Deusto,,,ES,0.47679277206635917,1603,119.35149572649574
44202434,institution,Fundação Getulio Vargas,,,BR,0.4764281675153352,1604,213.6858849579539
108103353,institution,Universidad de Valladolid,,,ES,0.47633467206412666,1605,109.5548131080389
157417397,institution,Bowling Green State University,,,US,0.4763275318422239,1606,79.37691197691197
185808892,institution,Polytechnic Institute of Cávado and Ave,,,PT,0.4759954268425986,1607,44.12609890109889
176601375,institution,Khalifa University of Science and Technology,,,AE,0.47565279006319927,1608,74.2565046065046
201384688,institution,National University of Computer and Emerging Sciences,,,PK,0.4750943694701045,1609,57.60119047619048
137056471,institution,Nanjing University of Finance and Economics,,,CN,0.4748049903618533,1610,428.5977564102563
29891158,institution,University of Sharjah,,,AE,0.4746580425704859,1611,225.64662698412695
142108993,institution,Southwest University,,,CN,0.4742983728531498,1612,87.54707792207792
1076045,source,Culture and Organization,1475-9551,B,,0.4737934232922259,1613,149.0
138801177,institution,University of Ulster,,,GB,0.47327693890786654,1614,92.50780423280425
124633538,institution,University of Seoul,,,KR,0.47269746213629593,1615,72.60595238095237
197981039,source,Economics and Politics,0954-1985,E,,0.47255610280833066,1616,149.0
197145128,source,Journal of Organizational Change Management,0953-4814,B,,0.47130578422175146,1617,283.0
158451771,source,Journal of Marketing Communications,1352-7266,B,,0.4710763028170752,1618,199.0
201537933,institution,Tohoku University,,,JP,0.47012051598025434,1619,94.88932178932177
51077184,institution,Saint Joseph's University,,,US,0.46908707913477504,1620,49.20873015873015
141445968,institution,Ton Duc Thang University,,,VN,0.46888099972718306,1621,85.82499999999999
105454292,institution,Guru Gobind Singh Indraprastha University,,,IN,0.4688160635942756,1622,117.09801587301585
61561007,source,The Journal of Risk Finance,1526-5943,A,,0.46831919798217747,1623,133.0
4210131560,institution,Université Mohammed VI Polytechnique,,,MA,0.46736860916761214,1624,31.157707570207574
71999127,institution,Universitat de Barcelona,,,ES,0.46726071823012555,1625,260.50048384155525
114193083,source,Chinese Economy,1097-1475,E,,0.46700245029603416,1626,137.0
4210169731,source,Journal of Accounting in Emerging Economies,2042-1168,B,,0.4661081719033011,1627,162.0
172446870,institution,University of Cagliari,,,IT,0.46569189061573457,1628,111.7463675213675
206916388,source,Journal of Asset Management,1470-8272,A,,0.4656575631337193,1629,189.0
141901250,source,Strategic Change,1086-1718,B,,0.4653432320017665,1630,224.0
157386601,institution,North South University,,,BD,0.4652384863697309,1631,84.45873015873018
127536956,source,Journal of International Accounting Research,1542-6297,A,,0.46515982188454646,1632,118.0
107949126,institution,University of Lethbridge,,,CA,0.4646161254825333,1633,55.37216463647846
148128674,institution,University of Shanghai for Science and Technology,,,CN,0.46458561530189624,1634,81.12936507936507
113957626,source,International Journal of Political Economy,0891-1916,E,,0.4639364220488038,1635,100.0
47844,institution,Al Akhawayn University,,,MA,0.4637345026174543,1636,60.348611111111104
58438227,source,Journal of Revenue and Pricing Management,1476-6930,A,,0.4637192941807463,1637,184.0
70935693,source,Japan and the World Economy,0922-1425,E,,0.46246337127483006,1638,97.0
4210226649,source,Competitiveness Review An International Business Journal incorporating Journal of Global Competitiveness,1059-5422,B,,0.46242163182414703,1639,222.0
55990551,institution,University of Wollongong in Dubai,,,AE,0.4623972712469142,1640,50.99206349206349
14314212,institution,Osaka University of Economics,,,JP,0.46235564056529777,1641,85.51785714285714
142444530,institution,University of Trieste,,,IT,0.4615217088852911,1642,44.65744047619047
152972827,source,International Journal of Lean Six Sigma,2040-4166,B,,0.46147692350527497,1643,221.0
4210152127,institution,Conway School of Landscape Design,,,US,0.4613139748506266,1644,31.71587301587302
184693016,institution,China Medical University,,,TW,0.4606162521432104,1645,15.572539682539684
165881774,source,The B E Journal of Theoretical Economics,1935-1704,E,,0.45963239084030755,1646,108.0
52158045,institution,China Agricultural University,,,CN,0.45877988274608933,1647,162.96123214748212
185940356,institution,Soochow University,,,TW,0.4583041101209099,1648,84.28015873015872
56007636,institution,Keele University,,,GB,0.45818812414581034,1649,41.92062324929972
177639307,institution,University of Dundee,,,GB,0.45803038603566637,1650,104.38629426129427
121243025,institution,"International Islamic University, Islamabad",,,PK,0.4568943543511173,1651,87.44523809523811
192756129,institution,University of Macedonia,,,GR,0.45685633731657793,1652,215.7616666666667
28615091,institution,Kyonggi University,,,KR,0.4566498894533201,1653,46.244913419913416
136745531,source,Macroeconomic Dynamics,1365-1005,E,,0.4564653402895761,1654,247.0
4210106663,institution,International University of Rabat,,,MA,0.45642386184341754,1655,81.28406593406594
173901576,source,The Journal of Derivatives,1074-1240,E,,0.4562196698611668,1656,89.0
59225215,institution,Bahria University,,,PK,0.45560040657197093,1657,71.18174603174603
153230381,institution,Charles Sturt University,,,AU,0.45510971268561384,1658,47.06666666666666
91720666,institution,École Supérieure des Sciences Commerciales d’Angers,,,FR,0.45462583224996145,1659,152.87023809523808
188771183,institution,Iqra University,,,PK,0.4543594099863807,1660,127.95873015873015
21370196,institution,Aristotle University of Thessaloniki,,,GR,0.45403003291077737,1661,87.89627560822541
154864474,institution,National Taiwan University of Science and Technology,,,TW,0.453950968079948,1662,92.24305555555557
119635470,institution,Universidad de Las Palmas de Gran Canaria,,,ES,0.4538602032109432,1663,113.6086691086691
78091837,source,Review of World Economics,1610-2878,E,,0.45353173232958083,1664,151.0
170172562,institution,Guizhou University of Finance and Economics,,,CN,0.4534935910936962,1665,73.08571428571429
26598852,source,Economia Politica,1120-2890,E,,0.4534579729612996,1666,160.0
21945476,institution,Shanghai Normal University,,,CN,0.453174954118681,1667,92.98531746031746
4210188437,source,Supply Chain Forum an International Journal,1624-6039,B,,0.4531255459676608,1668,156.0
121748325,institution,Universidad Complutense de Madrid,,,ES,0.4531136453636053,1669,345.17458236208233
132357854,institution,Indian Institute of Management Kozhikode,,,IN,0.4529210377753316,1670,168.97805250305248
4210229067,source,Business and Human Rights Journal,2057-0198,B,,0.4528841163763398,1671,105.0
8991828,institution,Pukyong National University,,,KR,0.452101679729862,1672,46.161111111111126
4210099437,institution,Hubei University Of Economics,,,CN,0.4519694298452596,1673,62.57460317460317
48825208,institution,Université Paris 8,,,FR,0.4507516825225704,1674,53.0595238095238
4210231290,source,Financial markets and portfolio management,1934-4554,A,,0.45050326246638367,1675,94.0
68288478,institution,Sukkur IBA University,,,PK,0.44922576868389624,1676,90.31468253968255
80180929,institution,Universidad de Murcia,,,ES,0.4487974881535549,1677,206.04632166079534
187709482,source,Electronic Commerce Research and Applications,1567-4223,B,,0.44734157361015126,1678,411.0
185163786,institution,King Abdulaziz University,,,SA,0.4469293945156656,1679,211.93027152585972
4210205650,source,The International Review of Retail Distribution and Consumer Research,0959-3969,B,,0.44638956643115457,1680,129.0
88830068,institution,Shaanxi Normal University,,,CN,0.4459607438395992,1681,66.00925925925925
158867519,institution,International Management Institute,,,IN,0.4452313705995865,1682,239.8736111111111
106778892,institution,Princess Nourah bint Abdulrahman University,,,SA,0.44492983512672946,1683,50.44484126984127
942037226,source,Business History,0007-6791,B,,0.4449091980134333,1684,383.0
35246616,source,International Review of Finance,1369-412X,A,,0.44419327140038595,1685,162.0
2764465404,source,Entrepreneurship Research Journal,2157-5665,B,,0.4441616940703387,1686,157.0
4394735553,source,Annals of Public and Cooperative Economics,1370-4788,E,,0.4426933467711882,1687,172.0
145581781,institution,Chongqing Technology and Business University,,,CN,0.44265732870294994,1688,121.2256349206349
298625061,institution,Swedish University of Agricultural Sciences,,,SE,0.4426077719491963,1689,96.4815063275741
4210169982,source,Eurasian economic review :,2147-429X,E,,0.4423767509439875,1690,123.0
84339108,institution,Sunway University,,,MY,0.44233127475928447,1691,167.45749811035523
2764835697,source,Asian Development Review,0116-1105,E,,0.44222072263285606,1692,83.0
172828483,institution,University of Sri Jayewardenepura,,,LK,0.4416692348499619,1693,56.188113275613276
50561683,source,International Review of Applied Economics,0269-2171,E,,0.44092416153227343,1694,210.0
919628346,institution,University of the Pacific,,,PE,0.4401858124699325,1695,60.62222222222222
4210111616,institution,Wuhan Business University,,,CN,0.43976852063947186,1696,24.625529100529103
110026055,institution,Iscte – Instituto Universitário de Lisboa,,,PT,0.43971268442829287,1697,331.8811525974026
172297888,source,The Review of Austrian Economics,0889-3047,E,,0.4391728458780295,1698,128.0
105799767,source,European Journal of the History of Economic Thought,0967-2567,E,,0.43837524150910356,1699,213.0
186272606,institution,Guangdong University of Foreign Studies,,,CN,0.4379556504239717,1700,238.78750000000002
53592917,institution,Jiangxi Normal University,,,CN,0.4371991876457123,1701,55.25806878306878
20942203,institution,Hainan University,,,CN,0.43713922524593235,1702,151.08488128157242
149486094,source,Australian Economic Review,0004-9018,E,,0.4367101915012905,1703,127.0
49396926,source,Thunderbird International Business Review,1096-4762,B,,0.4364142849798696,1704,223.0
4210214382,source,Erasmus Journal for Philosophy and Economics,1876-9098,E,,0.43623610075839464,1705,149.0
25112270,institution,Universidade Federal de Pernambuco,,,BR,0.4359208310470982,1706,139.89090909090908
82593474,source,Asian Business & Management,1472-4782,B,,0.43583424471499155,1707,159.0
206651237,institution,Texas A&M University – Commerce,,,US,0.4357625783482139,1708,72.02619047619048
62905163,source,Operations Management Research,1936-9735,B,,0.4356034274020155,1709,317.0
161977297,source,Journal of Accounting & Organizational Change,1832-5912,B,,0.4355035288729942,1710,179.0
4210181832,source,Total Quality Management & Business Excellence,1478-3363,B,,0.4351564816213472,1711,269.0
56308077,institution,Indian Institute of Management Rohtak,,,IN,0.4349422578394412,1712,119.18452380952381
35075559,source,Review of Behavioral Finance,1940-5979,A,,0.4348981028465858,1713,158.0
164923136,source,Environment and Development Economics,1355-770X,E,,0.4346638515870342,1714,120.0
49934816,institution,Hunan University of Technology,,,CN,0.4341192588980089,1715,54.45425685425686
58276920,source,Journal of European real estate research,1753-9269,A,,0.4339933384607351,1716,99.0
121026525,source,Journal of Evolutionary Economics,0936-9937,E,,0.43390870996948316,1717,206.0
111398093,institution,Kozminski University,,,PL,0.4334830664195569,1718,151.2300467076783
201928713,source,Review of Radical Political Economics,0486-6134,X,,0.4333077538497352,1719,144.0
74917840,source,The Journal of Financial Research,0270-2592,A,,0.43320389251663505,1720,207.0
166264140,source,Emerging Markets Finance and Trade,1540-496X,A,,0.4331073737267827,1721,915.0
191031105,source,Asia Pacific Journal of Marketing and Logistics,1355-5855,B,,0.4330885501619956,1722,572.0
196699116,institution,Wuhan University of Technology,,,CN,0.4328787653206508,1723,131.89960872460873
69050122,institution,Near East University,,,CY,0.43253981954003723,1724,54.904648526077104
3129629310,institution,Ho Chi Minh University of Banking,,,VN,0.43143506779398105,1725,145.99166666666667
145722265,institution,University of Thessaly,,,GR,0.4314181154072532,1726,146.37619047619052
16365422,institution,Hefei University of Technology,,,CN,0.43138217821264524,1727,259.0474927849928
4210198543,source,Journal of Agribusiness in Developing and Emerging Economies,2044-0839,X,,0.43070871093308566,1728,228.0
40963666,institution,Central China Normal University,,,CN,0.4305065270395953,1729,76.19146825396825
83145862,source,History of Political Economy,0018-2702,E,,0.43030546696955124,1730,167.0
188329596,institution,University of Canberra,,,AU,0.4300922478695956,1731,106.89071435100847
20489460,source,Benchmarking An International Journal,1463-5771,B,,0.42994934192411616,1732,647.0
173899330,institution,Henan University,,,CN,0.429697496142222,1733,130.37335164835164
155381812,institution,University of Trás-os-Montes and Alto Douro,,,PT,0.4293707680201543,1734,65.42902236652237
119050109,institution,Ahlia University,,,BH,0.4270748942159357,1735,64.49071428571428
2765032997,source,Indian Economic Review,0019-4670,E,,0.42625109051363763,1736,108.0
6469544,institution,City University of Macau,,,MO,0.426184239839727,1737,132.55651709401712
76903346,institution,University of Coimbra,,,PT,0.4260812627021429,1738,213.20705241396035
86467917,institution,James Cook University,,,AU,0.42586601310263367,1739,58.249816849816845
3125347698,institution,Babeș-Bolyai University,,,RO,0.4241127934791443,1740,192.23550194931772
4387154394,institution,National Kaohsiung University of Science and Technology,,,,0.423312302189941,1741,116.24404761904763
206927904,source,Asia Pacific Journal of Human Resources,1038-4111,B,,0.42301866696409196,1742,147.0
4654613,institution,University of Warsaw,,,PL,0.4225746006727368,1743,252.96371674163467
332035737,institution,National Institute for Health and Care Excellence,,,GB,0.42232856857174844,1744,55.17363563652265
4210239487,source,Italian Economic Journal,2199-322X,E,,0.4222225412600286,1745,167.0
4210226436,source,Operations and Supply Chain Management An International Journal,2579-9363,B,,0.421434030400199,1746,157.0
33003672,institution,Indian Institute of Management Indore,,,IN,0.4207613433534555,1747,194.23928571428573
111599522,institution,Jiangnan University,,,CN,0.4203288305615042,1748,139.9613303363303
172901346,institution,St Petersburg University,,,RU,0.42029424638385826,1749,125.38472222222221
127362389,institution,Murray State University,,,US,0.4198264460086408,1750,44.85833333333334
115592961,institution,Jiangsu University,,,CN,0.4194971749783147,1751,228.00164742664745
1285402005,institution,World Trade Organization,,,CH,0.41942443510914773,1752,98.57660256410257
200777214,institution,National and Kapodistrian University of Athens,,,GR,0.41829033310731817,1753,175.4153822055138
59475050,institution,Jamia Millia Islamia,,,IN,0.41803211956772324,1754,97.08178210678211
59483232,institution,Shandong University of Finance and Economics,,,CN,0.41759138701282067,1755,211.86610750360754
4210188630,source,Accounting Perspectives,1911-382X,B,,0.4174136158646151,1756,96.0
686019,institution,AGH University of Krakow,,,PL,0.41643604525052424,1757,87.4382275132275
110930757,institution,Management Development Institute,,,IN,0.41638034231634036,1758,247.75263157894736
180492355,source,Public Finance Review,1091-1421,E,,0.41603220477684394,1759,110.0
141576021,institution,Université Le Havre Normandie,,,FR,0.4157200993170005,1760,55.05238095238096
96679780,institution,Chuo University,,,JP,0.41568221143347084,1761,80.6345238095238
181877577,institution,Shanxi University,,,CN,0.4149056051302848,1762,49.282972582972604
185523456,institution,University of Southern Queensland,,,AU,0.41469000782365134,1763,130.8926587301587
94625822,institution,Northern University of Malaysia,,,MY,0.4145515679447611,1764,436.3259637188208
931278978,institution,College of Business Administration,,,LV,0.4139719892587254,1765,70.75535714285715
25399158,institution,Mahidol University,,,TH,0.4139639820599833,1766,136.08945915195912
46472734,source,Young Consumers Insight and Ideas for Responsible Marketers,1747-3616,B,,0.41379396642485594,1767,160.0
117222138,institution,Abu Dhabi University,,,AE,0.4134751065942989,1768,208.17132936507937
157600745,source,International Journal of Productivity and Performance Management,1741-0401,B,,0.41322339728456503,1769,551.0
100141487,source,Growth and Change,0017-4815,X,,0.41297379699092085,1770,338.0
173759888,institution,Hunan Normal University,,,CN,0.4129526263437734,1771,75.02415223665224
69458508,source,Journal of Asian Economics,1049-0078,E,,0.41200759475397564,1772,376.0
13669392,source,German Economic Review,1465-6485,E,,0.41195498792546625,1773,69.0
130823665,institution,Ural Federal University,,,RU,0.41120806474877175,1774,124.66349206349207
4880106,institution,Feng Chia University,,,TW,0.410724377623162,1775,141.42757936507937
2764531464,source,History of Economics Review,1037-0196,E,,0.40987018179424783,1776,99.0
61722147,institution,Universidade do Vale do Rio dos Sinos,,,BR,0.40972771069721825,1777,142.9240079365079
41930762,source,Japanese Economic Review,1352-4739,E,,0.40972241247681124,1778,118.0
68817889,source,Social enterprise journal,1750-8533,B,,0.4095486078309056,1779,137.0
203364070,source,Bulletin of Indonesian Economic Studies,0007-4918,E,,0.4094474375375577,1780,79.0
52170813,institution,Ariel University,,,IL,0.4090082371601024,1781,82.97857142857143
917184967,institution,Bank of China,,,CN,0.4085217638900471,1782,31.936111111111114
4210134189,institution,Xiamen University Malaysia,,,MY,0.40848556058283925,1783,39.11647143705968
4210129200,institution,O. P. Jindal Global University,,,IN,0.40843217724406655,1784,219.29945697577278
154757721,institution,University of Piraeus,,,GR,0.40817794635684207,1785,167.4117063492063
83259278,institution,Manouba University,,,TN,0.40640630841705366,1786,134.33888888888887
76214153,institution,Lanzhou University,,,CN,0.4062602094995613,1787,131.3254223300594
143868143,institution,Anhui University,,,CN,0.40580051032321796,1788,99.37658730158728
187179583,source,International Journal of Wine Business Research,1751-1062,B,,0.40488331110285164,1789,116.0
182000528,institution,Ajman University,,,AE,0.40473617808502066,1790,57.09277777777778
182083151,institution,Universidad Rey Juan Carlos,,,ES,0.40437712690022826,1791,334.4289432789433
23218617,source,Journal of International Trade & Economic Development,0963-8199,E,,0.40221308795219074,1792,283.0
34649780,source,Measuring Business Excellence,1368-3047,B,,0.4007495883824279,1793,118.0
2765073605,source,European Journal of Economics and Economic Policies Intervention,2052-7764,E,,0.4004168318293458,1794,143.0
28006308,institution,Shandong Normal University,,,CN,0.4003746645848654,1795,55.070670995671
139024713,institution,Guangdong University of Technology,,,CN,0.399839940738546,1796,156.84213564213564
29894533,institution,Charles Darwin University,,,AU,0.3989239996442619,1797,57.007936507936506
119856527,institution,Cadi Ayyad University,,,MA,0.3982232382900718,1798,56.02662337662337
1558358,source,Journal of Business Strategy,0275-6668,B,,0.3981676050335286,1799,176.0
124851215,source,Journal of Social Entrepreneurship,1942-0676,B,,0.3978836734873671,1800,183.0
52354020,institution,University of Almería,,,ES,0.3977025000217921,1801,137.62662337662337
44854399,institution,University of Southern Mississippi,,,US,0.3970586751966445,1802,54.398576097105504
4210168767,source,Africa Journal of Management,2332-2373,B,,0.3970332539272595,1803,100.0
203899302,institution,Universiti Teknologi Petronas,,,MY,0.3970094380057216,1804,68.26660006660008
164338815,source,EuroMed Journal of Business,1450-2194,B,,0.39695370042086464,1805,205.0
14764538,source,Journal of strategy and management,1755-425X,B,,0.3964154499843278,1806,158.0
91661715,source,Kyklos,0023-5962,E,,0.39592657849871005,1807,152.0
81020251,institution,Great Lakes Institute of Management,,,IN,0.39578517340441116,1808,54.75952380952382
1334415907,institution,University Medical Center Groningen,,,NL,0.39566327344272556,1809,46.89430889159151
102913810,institution,Universiti Malaysia Pahang Al-Sultan Abdullah,,,MY,0.39559020774920717,1810,75.6111111111111
2765013869,source,Journal of Family Business Management,2043-6238,B,,0.39544318871022305,1811,246.0
251424209,institution,University of Girona,,,ES,0.3935384468359319,1812,75.24531412523403
151220816,source,Post-Communist Economies,1463-1377,E,,0.39340797462369204,1813,173.0
59028903,institution,Ocean University of China,,,CN,0.3925585725923628,1814,120.34883658008656
931681460,institution,Universiti Tunku Abdul Rahman,,,MY,0.39197734357492203,1815,114.12994597839136
2801014300,institution,Florida Gulf Coast University,,,US,0.39169303007153333,1816,63.70172576162782
48912391,institution,Istanbul Technical University,,,TR,0.3912952372849398,1817,134.77837301587303
37738278,source,Knowledge and Process Management,1092-4604,B,,0.39114071870357237,1818,130.0
4210217951,source,Journal of risk and financial management,1911-8066,E,,0.3908268439428788,1819,2163.0
33849332,institution,University of Malaya,,,MY,0.3907799414418593,1820,422.41858974358973
82767444,institution,Universidad de Málaga,,,ES,0.39047255382993645,1821,208.47974155474157
8408910,institution,Cardiff Metropolitan University,,,GB,0.39008465187206737,1822,50.44007936507937
149050951,source,Journal of Chinese Economic and Business Studies,1476-5284,E,,0.3896662345690272,1823,113.0
3130814776,institution,University of Okara,,,PK,0.38958249309839915,1824,30.47060439560439
126145234,institution,Chaoyang University of Technology,,,TW,0.3895771393295081,1825,104.98146825396825
24027795,institution,University of Johannesburg,,,ZA,0.3894882314149352,1826,650.0265787540787
177955009,institution,China University of Political Science and Law,,,CN,0.3894759265259793,1827,56.71190476190477
1328775524,institution,Zhejiang Sci-Tech University,,,CN,0.3889458624184754,1828,90.61626984126984
101479585,institution,South China Agricultural University,,,CN,0.3888823301435365,1829,124.27591297591295
2764593300,source,Agricultural and Resource Economics Review,1068-2805,E,,0.38862726249206103,1830,102.0
114493937,institution,Creighton University,,,US,0.38831133226530795,1831,62.20708351876576
4210226759,source,Quantitative Finance and Economics,2573-0134,E,,0.388055077269466,1832,125.0
44455300,source,Journal of Environmental Management,0301-4797,E,,0.3878334705234837,1833,10423.0
75390827,institution,Beijing University of Chemical Technology,,,CN,0.38753427916575767,1834,93.01911976911975
2764812334,source,Quality Management Journal,1068-6967,B,,0.3870521731135988,1835,63.0
6289922,institution,Universidade de Vigo,,,ES,0.38611023919979826,1836,159.19602364010257
135237710,institution,Zhejiang Normal University,,,CN,0.3858682228952505,1837,49.159920634920645
197610006,institution,University of Lagos,,,NG,0.3857196693376742,1838,79.66930014430014
154851008,institution,Indian Institute of Technology Roorkee,,,IN,0.3856992139255474,1839,232.10479797979798
179324530,institution,Jilin University of Finance and Economics,,,CN,0.38541296402149133,1840,117.72797619047621
119454577,institution,Nanjing Agricultural University,,,CN,0.3847874645601104,1841,142.43924686424685
133770707,source,Empirica,0340-8744,E,,0.3838132034828774,1842,140.0
23946033,institution,University of Tehran,,,IR,0.3837019954345415,1843,393.6478849367007
91807558,institution,National Cheng Kung University,,,TW,0.3834310875405681,1844,183.2232940216585
2913204857,source,Journal of Business Economics,0044-2372,B,,0.3832195754851772,1845,212.0
132210109,source,International Journal of Game Theory,0020-7276,E,,0.3826634655800691,1846,162.0
2764773172,source,International Journal of Engineering Business Management,1847-9790,B,,0.3823899569268052,1847,102.0
2764882396,source,Borsa Istanbul Review,2214-8450,A,,0.38216282862000384,1848,353.0
181326427,institution,Donghua University,,,CN,0.3810389539534712,1849,116.2898508898509
48018076,institution,Christ University,,,IN,0.3810351118045428,1850,196.24242424242422
118000741,source,The Journal of Investing,1068-0896,A,,0.38049844123612164,1851,102.0
46597724,institution,Poznań University of Technology,,,PL,0.3799597412486372,1852,75.375
98232940,source,International Review on Public and Nonprofit Marketing,1865-1984,B,,0.3793294100256174,1853,140.0
1287339526,institution,Reserve Bank of India,,,IN,0.3790091668471361,1854,69.86868686868686
4210214252,source,Risks,2227-9091,B,,0.3786946741080639,1855,876.0
8696757,institution,Singapore University of Social Sciences,,,SG,0.3786849220456553,1856,65.86626602564102
37802460,institution,Northwest University,,,CN,0.37784654855605376,1857,73.1782509157509
39147953,institution,Universidad de Cádiz,,,ES,0.3776616777052899,1858,109.09920634920633
56085075,institution,University of Tartu,,,EE,0.37763883689092204,1859,105.97794150294149
4210151987,institution,Ministry of Agriculture and Rural Affairs,,,CN,0.3770749208916793,1860,42.274257594257584
4210230413,source,Management Research Review,2040-8269,B,,0.3770577562993538,1861,319.0
4210138731,institution,ICFAI Foundation for Higher Education,,,IN,0.37699216737536206,1862,50.77698412698414
166533956,institution,Institute of Management Technology,,,IN,0.37680848454752003,1863,315.35217086834734
64032852,institution,Pan-Atlantic University,,,NG,0.37663987925159687,1864,59.9893217893218
108714496,institution,Tunis University,,,TN,0.37580919910197036,1865,98.60694444444444
63341726,institution,Université du Québec à Trois-Rivières,,,CA,0.37575398287884126,1866,56.21896825396826
169333911,institution,Gdańsk University of Technology,,,PL,0.37410110660572493,1867,108.4208513708514
177233841,institution,"Vietnam National University, Hanoi",,,VN,0.37361200520142746,1868,138.60497835497833
189268942,institution,Universidad de Alcalá,,,ES,0.37351968844451905,1869,137.27369940001518
196564809,source,The B E Journal of Macroeconomics,1935-1690,E,,0.37317562552078876,1870,93.0
153849593,source,Baltic Journal of Management,1746-5265,B,,0.3725534706883258,1871,173.0
28257850,institution,London South Bank University,,,GB,0.37251338967584835,1872,56.893020541549944
139759216,institution,Beijing University of Posts and Telecommunications,,,CN,0.37248582282374715,1873,63.270634920634926
4210188240,source,Journal of Organizational Effectiveness People and Performance,2051-6614,B,,0.3723871400146271,1874,175.0
134085113,institution,King Fahd University of Petroleum and Minerals,,,SA,0.3721822595201461,1875,108.08343776106935
202899961,institution,Bank Indonesia,,,ID,0.37195053725909,1876,82.17896825396824
4210165760,institution,College of Accounting,,,SI,0.37115984067284613,1877,49.366984126984136
199127151,source,Qualitative Research in Organizations and Management An International Journal,1746-5648,B,,0.37066145589347804,1878,94.0
4210138501,institution,Chinese Academy of Agricultural Sciences,,,CN,0.37062536080348685,1879,32.61274304399305
120238654,institution,Saudi Electronic University,,,SA,0.3702409000400248,1880,67.40811688311689
27765905,institution,North-West University,,,ZA,0.3697953370097809,1881,308.8898935786435
177909021,institution,Universidade Federal de São Carlos,,,BR,0.36960710181550654,1882,130.7563750862664
2508752,source,Business Process Management Journal,1463-7154,B,,0.369086902267794,1883,416.0
69552723,institution,University of Pretoria,,,ZA,0.3683041265356239,1884,484.8462232212232
203746597,source,The Annals of Regional Science,0570-1864,E,,0.36784891134828696,1885,332.0
145487455,institution,Cairo University,,,EG,0.3675895793399744,1886,143.1965984015984
1283613182,institution,Universidade Tecnológica Federal do Paraná,,,BR,0.3656598582319322,1887,68.4688492063492
4210144925,institution,Technological University Dublin,,,IE,0.36483693236618303,1888,57.420218253968265
149594827,institution,Xidian University,,,CN,0.3647114027966222,1889,54.377380952380946
116345831,source,International Journal of Emerging Markets,1746-8809,B,,0.3642269996125445,1890,793.0
96749437,institution,Texas A&M University – Corpus Christi,,,US,0.36363704746512865,1891,81.33176748176747
92403157,institution,University of Science and Technology Beijing,,,CN,0.3632656212053819,1892,199.64844183594187
207176912,source,Journal of Foodservice Business Research,1537-8020,B,,0.3631226124019795,1893,214.0
48379061,institution,Shahid Beheshti University,,,IR,0.36247194036527214,1894,89.7154761904762
4210131919,institution,Xi'an University of Technology,,,CN,0.3623043539569637,1895,104.56850649350649
202264103,source,Journal of Asia Business Studies,1558-7894,B,,0.3622888948515561,1896,219.0
178450904,institution,National University of Distance Education,,,ES,0.36210040109821306,1897,88.20885885885885
108108428,institution,Thammasat University,,,TH,0.36134444773282104,1898,150.1701587301587
12615008,institution,Beijing Normal University - Hong Kong Baptist University United International College,,,CN,0.3612791935646259,1899,65.66210317460317
149064342,source,Mathematical Social Sciences,0165-4896,E,,0.36052622530651895,1900,225.0
193615760,institution,Dokuz Eylül University,,,TR,0.360271653688135,1901,90.63600928659756
74796645,institution,"Birla Institute of Technology and Science, Pilani",,,IN,0.35960394788538763,1902,176.26468253968252
142204992,institution,University of Lahore,,,PK,0.35948773960655184,1903,103.194797979798
91699865,institution,Indian Institute of Management Lucknow,,,IN,0.3589041344880551,1904,286.46700244200247
96580804,institution,Comillas Pontifical University,,,ES,0.35759973619761154,1905,69.84444444444445
170238339,institution,Duy Tan University,,,VN,0.3560145786615189,1906,39.53939393939394
4210171430,source,Journal of Enterprising Communities People and Places in the Global Economy,1750-6204,B,,0.35557118673960636,1907,192.0
95074589,source,Review of Accounting and Finance,1475-7702,B,,0.3554171871480333,1908,98.0
99613584,institution,National Taipei University,,,TW,0.35540668555661115,1909,135.3230158730159
103309803,source,International Journal of Quality and Service Sciences,1756-669X,B,,0.3553628492326673,1910,116.0
4210226067,source,Journal of Hospitality and Tourism Insights,2514-9792,B,,0.3551609643709851,1911,361.0
2737155129,source,Journal of Central Banking Theory and Practice,1800-9581,E,,0.35515855502906907,1912,91.0
4210206027,source,Journal of Education for Business,0883-2323,B,,0.3542766624584888,1913,146.0
31683504,institution,Beijing Forestry University,,,CN,0.35391771392066534,1914,86.0406295093795
45643870,institution,Pontifícia Universidade Católica do Rio Grande do Sul,,,BR,0.35376394211869805,1915,56.735094072594066
213512949,institution,T A Pai Management Institute,,,IN,0.3536914559736851,1916,53.79962462462462
191420491,institution,Universidad de Jaén,,,ES,0.35317629969493824,1917,106.01739926739927
141165859,source,Studies in Economics and Finance,1086-7376,A,,0.35317307319284846,1918,180.0
37796252,institution,Beijing University of Technology,,,CN,0.3527291287141479,1919,146.51888528138528
120949314,source,Comparative Economic Studies,0888-7233,E,,0.3522298548916914,1920,106.0
162827531,institution,Indian Institute of Technology Bombay,,,IN,0.35218966511544736,1921,151.31457431457434
55766468,source,International Studies of Management and Organization,0020-8825,B,,0.35212989627418106,1922,94.0
2764807727,source,The International Journal of Entrepreneurship and Innovation,1465-7503,B,,0.35146875069796174,1923,153.0
79989894,source,International Journal of Managerial Finance,1743-9132,A,,0.35091545810118796,1924,184.0
26092322,institution,Stellenbosch University,,,ZA,0.3501999484850027,1925,277.29704184704184
4210216222,source,Journal of Entrepreneurship in Emerging Economies,2053-4604,B,,0.3499035106098212,1926,259.0
4210172902,source,Journal of Institutional and Theoretical Economics JITE,0932-4569,E,,0.34959075158900427,1927,14.0
24062138,institution,Konkuk University,,,KR,0.34955684624116234,1928,69.7690476190476
1014724869,source,Economic Research-Ekonomska Istraživanja,1331-677X,E,,0.3495497669496362,1929,1069.0
178331978,institution,Université de Dschang,,,CM,0.3494325954839393,1930,97.35694444444445
163340411,institution,Hohai University,,,CN,0.3493452708578002,1931,180.02176434676431
99789271,source,The Journal of Fixed Income,1059-8596,A,,0.3488027835366496,1932,79.0
155589366,source,Business and Society Review,0045-3609,X,,0.348613714374425,1933,124.0
38909374,source,The Journal of Alternative Investments,1520-3255,A,,0.3483963690887772,1934,90.0
4210162014,institution,Indian Institute of Management Ranchi,,,IN,0.34839209454663217,1935,198.48452380952378
148099405,institution,Xi'an University of Architecture and Technology,,,CN,0.347715507830316,1936,71.00092592592591
24354313,institution,University of Buenos Aires,,,AR,0.3456968417597927,1937,68.41858706913055
192619145,institution,University of the Witwatersrand,,,ZA,0.34561232596544045,1938,374.67835497835495
132806614,institution,University of Dubai,,,AE,0.34536002299105545,1939,67.13275613275613
60134161,institution,Nagoya University,,,JP,0.3448658741734349,1940,90.48472222222219
170751988,institution,Shanxi University of Finance and Economics,,,CN,0.34480518377861774,1941,56.61666666666667
4210222123,source,Journal of Open Innovation Technology Market and Complexity,2199-8531,B,,0.34429714409787465,1942,798.0
36893310,institution,University of Hyderabad,,,IN,0.34405191492805015,1943,79.65
8124760,source,Journal of Management & Organization,1833-3672,B,,0.34372328400083346,1944,324.0
152031979,institution,Nanjing Normal University,,,CN,0.3431453044081982,1945,113.57349439775908
137554564,source,Journal of Hospitality Leisure Sport & Tourism Education,1473-8376,B,,0.34300271867907994,1946,153.0
9617848,institution,Universitat Politècnica de Catalunya,,,ES,0.3428845958992825,1947,77.54657470146601
158705510,source,Journal of Economic Studies,0144-3585,E,,0.34284904890991397,1948,418.0
2764896919,source,Environmental Economics and Policy Studies,1432-847X,E,,0.3422789882343953,1949,138.0
189462010,institution,Universiti Brunei Darussalam,,,BN,0.3419119521218656,1950,121.82619047619048
4210155994,institution,Zhengzhou Business University,,,CN,0.34158130119217855,1951,48.288492063492065
301324184,institution,Xavier School of Management,,,IN,0.34142193580745434,1952,148.225
156216236,institution,Qassim University,,,SA,0.3413620395937265,1953,81.77864357864357
2764580720,source,Journal of Global Scholars of Marketing Science,2163-9159,B,,0.34098017507957257,1954,146.0
4210177123,source,Journal of Global Operations and Strategic Sourcing,2398-5364,B,,0.34059279289079075,1955,108.0
167027274,institution,Nanjing Forestry University,,,CN,0.3404960144559143,1956,69.56229437229437
90745801,institution,University of New England,,,AU,0.3404573319586824,1957,84.7718253968254
879563668,institution,Universidade Estadual Paulista (Unesp),,,BR,0.3396015760559601,1958,107.06584478323606
135768898,institution,Ritsumeikan University,,,JP,0.33922481254546666,1959,110.13142135642136
117460449,source,Asia Pacific Business Review,1360-2381,B,,0.3390228435076257,1960,300.0
1516879,institution,Tarbiat Modares University,,,IR,0.3388613623331595,1961,105.13963924963925
2764820791,source,Journal of Organizational Ethnography,2046-6749,B,,0.3386824753026294,1962,91.0
65285256,institution,Pontifical Catholic University of Peru,,,PE,0.3380831380710007,1963,153.17777777777778
4210100043,institution,Superior University,,,PK,0.33741237827130877,1964,51.8984126984127
145897649,institution,Minzu University of China,,,CN,0.3369100890824975,1965,65.86309523809524
33096239,institution,National Dong Hwa University,,,TW,0.33680678747909626,1966,53.59166666666667
138938424,institution,Università degli Studi della Tuscia,,,IT,0.3367144948518849,1967,55.35338203463204
2738677470,source,Oeconomia Copernicana,2083-1277,E,,0.3366251117785294,1968,157.0
183898223,institution,International Hellenic University,,,GR,0.3365466146646319,1969,86.85674603174603
50632499,institution,Chongqing University of Technology,,,CN,0.33653337277042067,1970,45.03115079365079
151221077,institution,Chung Yuan Christian University,,,TW,0.3363083303952315,1971,69.20952380952382
86958956,institution,Ferdowsi University of Mashhad,,,IR,0.3359942954957206,1972,139.94362026862026
21803372,institution,University of Évora,,,PT,0.33575302602100976,1973,80.20814602064603
36721946,institution,Kuwait University,,,KW,0.33496824473600934,1974,78.30357142857142
111664937,institution,Rzeszów University of Technology,,,PL,0.3348664738874522,1975,48.780555555555544
109935558,institution,Ningbo University,,,CN,0.3341882550500135,1976,118.31278860028858
126596746,institution,Jagiellonian University,,,PL,0.3335875751481537,1977,113.18013375513377
116778711,source,Asian Journal of Technology Innovation,1976-1597,B,,0.3330414930856863,1978,137.0
17974374,institution,Universidade de São Paulo,,,BR,0.33304085717765314,1979,493.9628788493877
66624660,source,Pacific Accounting Review,0114-0582,B,,0.3326884199905595,1980,144.0
170979836,institution,Jadavpur University,,,IN,0.33245463583481716,1981,70.90396825396824
2737328910,source,REVESCO Revista de Estudios Cooperativos,1135-6618,X,,0.3322331491393426,1982,118.0
76569877,institution,Southeast University,,,CN,0.33191094474392674,1983,324.2243833943834
195024194,institution,Riphah International University,,,PK,0.3319008075301706,1984,52.561742424242425
164507624,source,Asian Review of Accounting,1321-7348,B,,0.33179826016244285,1985,146.0
157427695,source,International Journal of Islamic and Middle Eastern Finance and Management,1753-8394,B,,0.33166514859339885,1986,256.0
161127581,institution,Universidade Federal Fluminense,,,BR,0.3306786998109117,1987,145.02431798681798
2764541937,source,Journal of Economics and Development,1859-0020,E,,0.33036058160235793,1988,81.0
157001289,source,Journal of Nonprofit & Public Sector Marketing,1049-5142,B,,0.3299440398359558,1989,90.0
4210206464,source,International journal of organizational analysis,1758-8561,B,,0.32936772633491407,1990,499.0
204649255,source,China Economic Journal,1753-8963,E,,0.3283624135564785,1991,89.0
138925566,institution,Ewha Womans University,,,KR,0.3282360110575913,1992,84.71785714285714
4210218316,source,European Journal of Management and Business Economics,2444-8451,E,,0.3280312512763187,1993,139.0
4210173643,source,International Journal of Health Economics and Management,2199-9023,E,,0.32756985819101647,1994,90.0
4210139642,institution,The State Bank of Vietnam,,,VN,0.32752067868588464,1995,72.29285714285713
158716096,institution,University of Peloponnese,,,GR,0.32749551278557065,1996,90.6123015873016
163245316,institution,Corvinus University of Budapest,,,HU,0.32729846008307545,1997,242.02445458874988
172780181,institution,University of the Punjab,,,PK,0.3263887374646565,1998,111.24065656565661
157358134,institution,RMIT Vietnam,,,VN,0.32614881283800556,1999,133.32123015873015
146918421,source,Social Responsibility Journal,1747-1117,B,,0.32580525630486923,2000,320.0
4610292,institution,Xiangtan University,,,CN,0.32532599265786954,2001,63.30416666666666
138690464,institution,University of Ghana,,,GH,0.3250266722269333,2002,309.29702380952386
135706173,source,Journal of Leadership Studies,1935-2611,B,,0.3242150334707011,2003,126.0
38196630,source,Asia-Pacific Journal of Business Administration,1757-4323,B,,0.3241501191280151,2004,163.0
5518804,institution,BRAC University,,,BD,0.32412485696012894,2005,43.31051587301589
202575966,institution,Central Bank of the Republic of Turkey,,,TR,0.3239598144939233,2006,113.15833333333335
146620803,institution,Wenzhou University,,,CN,0.32394483117216344,2007,48.276587301587305
130164084,source,Journal of financial reporting & accounting,1985-2517,B,,0.3234991612664149,2008,352.0
2764639155,source,Transnational Corporation Review,1918-6444,A,,0.32310770866063215,2009,110.0
40285785,source,Journal of Applied Economics,1514-0326,E,,0.32206751338859957,2010,192.0
67581229,institution,Istanbul University,,,TR,0.32195181404373757,2011,112.7185574229692
130699561,source,Technology Analysis and Strategic Management,0953-7325,B,,0.32190773200008926,2012,865.0
130343225,institution,Universiti Putra Malaysia,,,MY,0.32157872270325816,2013,503.90753968253966
16197041,institution,Cyprus International University,,,CY,0.3215396873930363,2014,67.39900793650796
158129444,source,Journal of Developmental Entrepreneurship,1084-9467,B,,0.3213499128322325,2015,109.0
26771391,institution,Jaipuria Institute of Management,,,IN,0.32133942785736125,2016,226.08370087428912
127482291,source,Journal of Research in Marketing and Entrepreneurship,1471-5201,B,,0.3213178696716298,2017,82.0
95496512,source,Review of Development Economics,1363-6669,E,,0.3203600496811594,2018,442.0
4210231679,source,Journal of Industrial Integration and Management,2424-8622,X,,0.3203018475091117,2019,113.0
80375752,source,Current Issues in Auditing,1936-1270,B,,0.31999044461925724,2020,77.0
80143920,institution,Shandong University of Science and Technology,,,CN,0.3191969157960116,2021,70.45793650793651
181391015,institution,Universidade Estadual de Campinas (UNICAMP),,,BR,0.31896048557936696,2022,213.05267216443687
2764933780,source,ASIA MARKETING JOURNAL,1598-7868,X,,0.3189056851627841,2023,74.0
25607154,institution,Juraj Dobrila University of Pula,,,HR,0.3185372984383331,2024,73.3490889212828
81159284,source,International Journal of Quality & Reliability Management,0265-671X,B,,0.31785720448926136,2025,377.0
192392021,institution,University of Central Punjab,,,PK,0.3175790130911881,2026,63.32976190476189
4210137468,institution,XIM University,,,IN,0.317420169815602,2027,74.41666666666667
205612303,institution,Chinese Culture University,,,TW,0.31701208122724356,2028,67.9952380952381
133771110,institution,University of Cape Coast,,,GH,0.31699358496765756,2029,199.67936507936506
4210168739,source,M n gement,1286-4692,B,,0.3160481934454999,2030,129.0
4210153668,institution,Wenzhou-Kean University,,,CN,0.31580468403315004,2031,93.65833333333332
4210218449,source,Business Ethics the Environment & Responsibility,2694-6416,B,,0.3147826180329462,2032,420.0
169427155,institution,Instituto Politécnico de Leiria,,,PT,0.314337366632212,2033,77.71336112717691
4210165529,institution,University of Business and Technology,,,SA,0.3140394515442867,2034,280.7938708513708
293362453,institution,Polytechnic Institute of Coimbra,,,PT,0.3138359361854769,2035,30.301008223802345
68051293,source,Philosophy of Management,1740-3812,B,,0.3133887197767968,2036,109.0
150807315,institution,Guangxi University,,,CN,0.31332978630565067,2037,127.55458333333331
58879488,source,Journal of Financial Regulation and Compliance,1358-1988,A,,0.31311584674152143,2038,104.0
3129492623,institution,University of Da Nang,,,VN,0.31296294386041446,2039,98.23320707070708
4210091267,institution,Gelişim Üniversitesi,,,TR,0.31289908305750674,2040,67.04444444444445
81556334,institution,Amrita Vishwa Vidyapeetham,,,IN,0.3127937588792383,2041,182.92525062656645
206011266,institution,Kwansei Gakuin University,,,JP,0.3122334134221366,2042,85.04285714285713
4210144839,institution,Hamad bin Khalifa University,,,QA,0.311776587186334,2043,52.951556776556764
4210168092,source,Journal of the History of Economic Thought,1053-8372,E,,0.3111889365290626,2044,186.0
157392197,institution,Hashemite University,,,JO,0.3110653995615374,2045,99.58928571428568
23574469,institution,Krakow University of Economics,,,PL,0.3108468782222952,2046,212.49500000000003
205746353,institution,University of Dhaka,,,BD,0.31047317319213225,2047,124.31746031746029
3125470973,institution,Istanbul Medipol University,,,TR,0.3104109383515369,2048,46.8611111111111
118292597,institution,National Taipei University of Technology,,,TW,0.31036477011981695,2049,47.03439754689755
201533460,source,Applied Economics,0003-6846,E,,0.3102018703659398,2050,2398.0
82571370,institution,GLA University,,,IN,0.3098922141056429,2051,75.04920634920636
158708052,institution,Chulalongkorn University,,,TH,0.3097630303615447,2052,197.530321067821
7947594,institution,University of Maine,,,US,0.3088060866345086,2053,63.83015873015874
4210150297,institution,Institute of Business Management,,,PK,0.30768289465970516,2054,77.89583333333331
80693520,institution,American University in Cairo,,,EG,0.3069623916804181,2055,71.71072666072665
172574986,institution,Kaunas University of Technology,,,LT,0.3066463325851524,2056,105.5605345093503
178563901,source,Society and Business Review,1746-5680,B,,0.3059286810506396,2057,113.0
180910786,institution,Universidad de la República,,,UY,0.30473284822261537,2058,66.14858058608058
148099254,institution,National Chung Cheng University,,,TW,0.3043138613300164,2059,76.43373015873017
4210102611,institution,ICFAI Business School,,,IN,0.30392584789260235,2060,81.3436507936508
4210181806,source,South Asian Journal of Business Studies,2398-628X,B,,0.3038033703059293,2061,93.0
3132277652,institution,International Centre for Education in Islamic Finance,,,MY,0.3037513767291782,2062,61.588888888888896
114724389,source,Journal of African Business,1522-8916,B,,0.3037509618810962,2063,151.0
2764347203,source,Risk Management and Insurance Review,1098-1616,A,,0.3037167056973575,2064,75.0
4210145463,institution,WSB University,,,PL,0.3027726636203104,2065,42.06944444444444
36448004,institution,Shaheed Zulfiqar Ali Bhutto Institute of Science and Technology,,,PK,0.3027222253722516,2066,73.05119047619047
122964287,institution,National Institute of Technology Tiruchirappalli,,,IN,0.3025439683709282,2067,143.9607142857143
154526488,institution,Inserm,,,FR,0.30060604400590096,2068,16.30945183958342
138400101,source,Managerial and Decision Economics,0143-6570,A,,0.30057405218455235,2069,1169.0
165831266,institution,Nirma University,,,IN,0.30021339981636,2070,109.46666666666665
203847022,institution,Instituto Politécnico de Lisboa,,,PT,0.3001072481150582,2071,57.780483405483395
138622004,institution,National Economics University,,,VN,0.2992824997117642,2072,339.08193195693195
4210230903,source,Engineering Management Journal,1042-9247,X,,0.29903249209055777,2073,138.0
4210096063,institution,Ho Chi Minh City Open University,,,VN,0.2989899110204249,2074,157.94722222222222
55074384,source,The B E Journal of Economic Analysis & Policy,1935-1682,E,,0.29886925209600973,2075,199.0
138164181,institution,Alexandru Ioan Cuza University,,,RO,0.2987307567670608,2076,120.10384199134201
2799888298,institution,Skyline University College,,,AE,0.29819645400293576,2077,48.2720238095238
98984247,source,Computational Economics,0927-7099,A,,0.2981953341358382,2078,678.0
4210168278,source,International Journal of Global Business and Competitiveness,0973-4619,B,,0.2981193419855619,2079,62.0
7726996,institution,Henan University of Economic and Law,,,CN,0.29809022528082074,2080,46.8186507936508
21449261,institution,Masaryk University,,,CZ,0.2978796963347084,2081,111.47614538239537
133529467,institution,Sharif University of Technology,,,IR,0.29766648495249576,2082,81.10952380952381
184351885,source,Managerial Finance,0307-4358,A,,0.29717859580860423,2083,387.0
4306506326,source,CIRIEC-España revista de economía pública social y cooperativa,0213-8093,X,,0.2970729593729835,2084,111.0
4210088963,institution,University of Ha'il,,,SA,0.2969194980047832,2085,58.28611111111111
28046988,institution,Kwame Nkrumah University of Science and Technology,,,GH,0.29623910038741386,2086,250.34920634920633
67009956,institution,Iran University of Science and Technology,,,IR,0.29613165071568753,2087,82.76785714285715
205929853,source,Electronic Commerce Research,1389-5753,B,,0.2960349622150813,2088,467.0
2165841,source,International Finance,1367-0271,A,,0.2956948212047234,2089,69.0
38877650,institution,Zhengzhou University,,,CN,0.295357069485661,2090,123.37783748509555
4104125,institution,Universidade Federal de Santa Catarina,,,BR,0.2946893939832309,2091,215.21230158730157
4403386521,institution,Banking Academy of Vietnam,,,,0.2942599048421219,2092,34.333333333333336
2764837506,source,Indian Journal of Labour Economics,0019-5308,X,,0.2941838872888116,2093,144.0
165737746,institution,Tomas Bata University in Zlín,,,CZ,0.2940540826710563,2094,168.60144110275687
200274427,source,Pacific Economic Review,1361-374X,E,,0.293988441447665,2095,97.0
139478629,source,Journal of Business-to-Business Marketing,1051-712X,B,,0.2939197423436604,2096,130.0
80606768,institution,Universidad de Extremadura,,,ES,0.29389587664357925,2097,113.68779761904761
31595395,institution,Chengdu University of Technology,,,CN,0.29337004868269484,2098,69.79716117216117
185571130,institution,Al-Farabi Kazakh National University,,,KZ,0.2933189535079226,2099,35.34302503052503
4210209416,source,Green Finance,2643-1092,E,,0.2931785970945085,2100,90.0
171491724,source,Journal of Economics and Finance,1055-0925,A,,0.29177535255006576,2101,155.0
118803816,institution,Liaoning University,,,CN,0.2916240745846028,2102,129.6440476190476
179097149,institution,University of Carthage,,,TN,0.2915601216614855,2103,102.12224025974022
157696592,institution,Universiti Malaysia Terengganu,,,MY,0.29149696836246114,2104,155.00747835497833
862322245,institution,Universidad EAFIT,,,CO,0.2912944146587733,2105,114.58888888888892
127670440,institution,Bahauddin Zakariya University,,,PK,0.2910847579195207,2106,43.70080475080475
7589121,institution,University of Professional Studies,,,GH,0.29061056098113885,2107,158.65238095238098
41198531,institution,Nanjing University of Posts and Telecommunications,,,CN,0.2903918126483889,2108,51.47698412698413
201675752,source,Canadian Journal of Administrative Sciences / Revue Canadienne des Sciences de l Administration,0825-0383,B,,0.28999123149769956,2109,143.0
61474858,source,Services Marketing Quarterly,1533-2969,B,,0.2898995270711585,2110,80.0
924760719,institution,University of North Georgia,,,US,0.2890316621480612,2111,65.69285714285715
150729083,institution,Universidade de Brasília,,,BR,0.2883895228261318,2112,203.41114718614716
141081643,source,Journal of Innovation Economics & Management,2032-5355,B,,0.28800776202757605,2113,127.0
60858718,institution,University of Aveiro,,,PT,0.2878399138275133,2114,220.07420725409858
186129607,institution,Canadian University of Dubai,,,AE,0.2870876398883341,2115,53.60119047619048
4210181022,source,World Journal of Entrepreneurship Management and Sustainable Development,2042-5961,B,,0.2870342263177443,2116,56.0
2764516800,source,Journal of Small Business Strategy,1081-8510,B,,0.28690065335028964,2117,100.0
107470533,institution,Tamkang University,,,TW,0.2867731979884924,2118,87.57499999999997
12469534,institution,Quaid-i-Azam University,,,PK,0.28639716604393645,2119,72.25873015873016
80947539,institution,Fuzhou University,,,CN,0.28540380784382974,2120,156.78485449735444
92251255,institution,University of Split,,,HR,0.2853423953573163,2121,124.33238150738151
4210224398,source,International Hospitality Review,2516-8142,X,,0.28453156466468615,2122,96.0
126744593,institution,"University of Maryland, Baltimore",,,US,0.284344177318486,2123,69.93176955894346
203088144,institution,Nova Southeastern University,,,US,0.2830049206746752,2124,103.0952380952381
98805295,institution,University of the Aegean,,,GR,0.2825289662777238,2125,86.65201247165531
243754102,institution,Universidade Federal do Ceará,,,BR,0.2822979464781252,2126,80.95973830973831
94234084,institution,Indian Institute of Technology Kanpur,,,IN,0.2821929557076973,2127,108.3409090909091
122140584,institution,Universidade Federal do Rio de Janeiro,,,BR,0.2818512483449272,2128,218.15529470529472
91213080,source,The Economists Voice,1553-3832,E,,0.28158076141884103,2129,74.0
21668869,source,Strategic Direction,0258-0543,B,,0.2809823908900912,2130,12.0
158749337,institution,Princess Sumaya University for Technology,,,JO,0.2809328281245397,2131,67.87265873015873
56822791,institution,Ghana Institute of Management and Public Administration,,,GH,0.2808039277102837,2132,81.84999999999998
163151501,institution,Hangzhou Normal University,,,CN,0.2804578959687065,2133,56.564682539682536
4210176701,source,Logforum,1734-459X,B,,0.2803411672653387,2134,35.0
57522439,source,Australian Economic Papers,0004-900X,E,,0.27978960093707683,2135,162.0
4210206322,source,PharmacoEconomics - Open,2509-4254,E,,0.2796921055163,2136,234.0
142899784,institution,University of Sfax,,,TN,0.27899519736730377,2137,459.78528911564626
141552693,source,Journal of Islamic marketing,1759-0833,B,,0.2787604311809456,2138,442.0
10660446,institution,Kunming University of Science and Technology,,,CN,0.2783724809452019,2139,72.83552253302254
4210182956,source,Journal of Marketing Analytics,2050-3318,B,,0.27816610804859654,2140,229.0
18193975,institution,SGH Warsaw School of Economics,,,PL,0.2781076014330424,2141,309.7426467051467
4210230127,source,management revue,0935-9915,B,,0.2780500913534714,2142,6.0
170287006,source,Scandinavian Economic History Review,0358-5522,E,,0.2780498359055409,2143,106.0
11019714,institution,Universidade da Coruña,,,ES,0.2777115868256653,2144,96.34194139194139
189210763,institution,Yunnan University,,,CN,0.27766648089996215,2145,53.58190836940838
166595748,source,International Review of Economics,1863-4613,E,,0.2767294002567255,2146,104.0
187855631,institution,Foreign Trade University,,,VN,0.2766274068662054,2147,149.44960317460314
27570832,institution,Jadara University,,,JO,0.2766209807072469,2148,55.605753968253964
66524056,source,Journal of Business Economics and Management,1611-1699,B,,0.27619848094401844,2149,294.0
4210096295,institution,University of Finance - Marketing,,,VN,0.27609971736926237,2150,138.91666666666666
151727225,institution,Harbin Engineering University,,,CN,0.27607202479986487,2151,87.76071428571427
71351135,source,International Journal of Disclosure and Governance,1741-3591,B,,0.27532086725868965,2152,179.0
109297418,institution,Gebze Technical University,,,TR,0.275289408371602,2153,69.35833333333332
166928557,institution,University of Monastir,,,TN,0.27508642682321854,2154,46.15833333333333
74319210,institution,Chitkara University,,,IN,0.27402907697846457,2155,96.12245670995672
165230279,institution,Universitas Gadjah Mada,,,ID,0.2735128484649242,2156,249.66670274170272
178232147,institution,Guizhou University,,,CN,0.2724183684718383,2157,59.82337662337662
207627288,source,International Journal of Integrated Supply Management,1477-5360,B,,0.27241668502779487,2158,87.0
146534985,source,Journal of Economic Interaction and Coordination,1860-711X,E,,0.27213179470951276,2159,132.0
136286870,source,Journal of Indian Business Research,1755-4195,B,,0.2715001156542461,2160,75.0
3122011922,institution,University of Žilina,,,SK,0.27109475515563686,2161,104.78565592903828
4210150808,institution,Ankara Yıldırım Beyazıt University,,,TR,0.27051917208099424,2162,56.69487734487734
146399215,institution,University of Tsukuba,,,JP,0.27039024705159714,2163,85.24151635401635
4210239688,source,Communications of the Association for Information Systems,1529-3181,B,,0.2697421856178147,2164,110.0
4210193400,source,Economic Change and Restructuring,1573-9414,E,,0.2686268543113292,2165,402.0
32948690,source,Qualitative Research in Financial Markets,1755-4179,B,,0.2681098595766506,2166,170.0
12379730,institution,Poznań University of Economics and Business,,,PL,0.26744712835613815,2167,315.4111111111111
191972202,institution,Amity University,,,IN,0.26698460697440934,2168,221.0781746031746
232005693,institution,Universidad Francisco de Vitoria,,,ES,0.2667304852771247,2169,48.11805555555556
146165071,institution,Universidade Federal de Viçosa,,,BR,0.26602060245639775,2170,64.43585026085024
28710699,institution,Hellenic Mediterranean University,,,GR,0.2656164307645798,2171,42.61230158730159
2764875035,source,Journal of Entrepreneurship and Public Policy,2045-2101,X,,0.26558697463276193,2172,77.0
202144432,source,Science Technology and Society,0971-7218,B,,0.2650503773799603,2173,15.0
195297104,source,Organizational Dynamics,0090-2616,B,,0.263260531004938,2174,109.0
22361854,source,Cost Effectiveness and Resource Allocation,1478-7547,E,,0.2628129129252769,2175,258.0
34975756,source,Journal of Global Responsibility,2041-2568,B,,0.2625021435974123,2176,111.0
182202855,institution,South East European University,,,MK,0.26165742573020784,2177,50.86111111111111
4210181789,source,Journal of the International Council for Small Business,2643-7015,B,,0.2615101294777405,2178,142.0
56271844,source,Information Systems and e-Business Management,1617-9846,B,,0.26114114817554795,2179,162.0
130179515,source,Economic Record,0013-0249,E,,0.26050771211186313,2180,241.0
967494592,source,Global Business Review,0972-1509,B,,0.2603049573023366,2181,420.0
4210241102,source,Innovation & Management Review,2515-8961,B,,0.26020146705381086,2182,81.0
4210184380,source,ISRA International Journal of Islamic Finance,0128-1976,B,,0.259814731044002,2183,96.0
111496547,source,Scottish Journal of Political Economy,0036-9292,E,,0.2591938916902359,2184,114.0
129963087,source,Journal of Islamic accounting and business research,1759-0817,B,,0.2590859959510558,2185,423.0
16292982,institution,National Institute of Technology Rourkela,,,IN,0.25896619014632133,2186,93.00000000000001
2764651625,source,Journal of Economic Integration,1225-651X,E,,0.258559881837165,2187,116.0
126354654,source,Journal of Financial Services Marketing,1363-0539,B,,0.2584554389981753,2188,166.0
142208455,institution,VSB - Technical University of Ostrava,,,CZ,0.257921721399605,2189,99.03551587301588
4210201856,source,New Zealand Economic Papers,0077-9954,E,,0.2574311744884521,2190,100.0
181343428,institution,University of Zagreb,,,HR,0.2570540476631034,2191,323.85992492209886
50760025,institution,Hangzhou Dianzi University,,,CN,0.2566500110717246,2192,80.2311147186147
2764889080,source,Evolutionary and Institutional Economics Review,1349-4961,E,,0.2559349351412643,2193,75.0
2738551320,source,Health Economics Review,2191-1991,X,,0.2557775612723278,2194,224.0
186771145,institution,Covenant University,,,NG,0.2556181060283036,2195,130.22182539682538
4387155442,institution,University of Economics and Law,,,,0.25475348526306585,2196,55.30496031746031
2764827305,source,International Journal of Financial Studies,2227-7072,B,,0.254586049228931,2197,431.0
104817121,institution,University of Sarajevo,,,BA,0.2545553326774353,2198,80.95114942528737
2764518860,source,Annals of Economics and Statistics,1968-3863,E,,0.254013913088589,2199,36.0
110166357,institution,University of Delhi,,,IN,0.2539910310910918,2200,425.98268398268397
5847235,institution,University of Petroleum and Energy Studies,,,IN,0.25352406569610847,2201,89.9518253968254
897156735,institution,Bank of Korea,,,KR,0.2535088462324427,2202,59.73611111111111
23246025,source,Corporate Reputation Review,1363-3589,B,,0.25341138460862456,2203,84.0
83579964,institution,Széchenyi István University,,,HU,0.25335451006931187,2204,45.327976190476186
45998257,institution,Sohar University,,,OM,0.2531027500900928,2205,60.38849206349206
4210175454,source,Management Research The Journal of the Iberoamerican Academy of Management,1536-5433,B,,0.25310134349595376,2206,75.0
61350954,source,Journal of Advances in Management Research,0972-7981,B,,0.2529757206637669,2207,115.0
193530623,source,Studies in Nonlinear Dynamics and Econometrics,1081-1826,E,,0.252197785617848,2208,169.0
4210183922,source,Journal of General Management,0306-3070,B,,0.2521348670143252,2209,164.0
62069514,source,The Journal of Entrepreneurship,0971-3557,B,,0.25209997791343763,2210,86.0
4576418,institution,University of Technology Malaysia,,,MY,0.2520853143032377,2211,286.9944635919636
226983648,institution,Narsee Monjee Institute of Management Studies,,,IN,0.24898110970240714,2212,158.9406349206349
152429107,institution,Jawaharlal Nehru University,,,IN,0.2489376444288643,2213,120.39431818181818
184139950,institution,Moscow State Institute of International Relations,,,RU,0.24875086190856643,2214,36.76507936507937
173212132,institution,Vilnius University,,,LT,0.2485873361940949,2215,178.9322960028813
171210897,institution,Aligarh Muslim University,,,IN,0.24804529555818836,2216,201.8315476190476
2764777187,source,Annals of Financial Economics,2010-4952,E,,0.24792582986803707,2217,93.0
131868736,institution,Prince of Songkla University,,,TH,0.24674664600082827,2218,78.15225885225884
2738355984,source,Administrative Sciences,2076-3387,B,,0.24665213890231905,2219,798.0
4626487,institution,King Faisal University,,,SA,0.2463374122551532,2220,113.74526815776817
90392387,source,South African Journal of Economics,0038-2280,E,,0.2460552232390077,2221,101.0
4210126102,institution,Department of Finance,,,AU,0.24589959751759327,2222,34.68611111111111
134784518,institution,Institute of Business Administration Karachi,,,PK,0.24516538339543292,2223,61.86904761904763
4394735609,source,Foreign Trade Review,0971-7625,E,,0.24504476846204773,2224,77.0
35427347,institution,Islamic University of Indonesia,,,ID,0.2440792348307307,2225,90.75924603174603
4210150237,institution,Dhofar University,,,OM,0.24395835185384782,2226,72.29523809523809
123443094,institution,Universidade Estadual de Maringá,,,BR,0.24391846298572586,2227,59.286904761904765
106663880,institution,University of Bahrain,,,BH,0.2431743428522106,2228,87.08324314574315
175691731,institution,Pondicherry University,,,IN,0.24282849889584543,2229,76.54166666666667
102700472,source,Financial Services Review,1057-0810,B,,0.24253259569006613,2230,95.0
116955675,source,Asia-Pacific Financial Markets,1387-2834,A,,0.2424822779319387,2231,159.0
4210099699,institution,Jeddah University,,,SA,0.24243197183211843,2232,54.0546568627451
2898418539,source,International Journal of Innovation Studies,2096-2487,B,,0.24238289276504496,2233,72.0
22431819,source,International Economic Journal,1016-8737,E,,0.24237584605930926,2234,105.0
181388337,source,International Journal of Innovation Management,1363-9196,B,,0.2405839584534377,2235,318.0
185277049,source,Journal of Banking Regulation,1745-6452,E,,0.23971343478313253,2236,109.0
4210127441,institution,Indian Institute of Technology Jammu,,,IN,0.23967625688991856,2237,65.8
17120543,institution,National University of Modern Languages,,,PK,0.23958598322819205,2238,35.05595238095238
72227227,institution,Makerere University,,,UG,0.2389408363453663,2239,170.45520923520922
166753014,source,Health Services Management Research,0951-4848,X,,0.23886368067197994,2240,128.0
28022161,institution,King Saud University,,,SA,0.23875615077587484,2241,111.527065989566
2738281210,source,Review of Business Management,1806-4892,X,,0.2383036133485613,2242,76.0
3030835295,source,Economic Affairs,0265-0665,E,,0.23825899554008417,2243,116.0
4210109591,institution,Thuongmai University,,,VN,0.23683864571250735,2244,78.93968253968254
4210125143,institution,Chengdu University,,,CN,0.2368014450449208,2245,32.02180735930735
119004910,institution,Silesian University of Technology,,,PL,0.23590192606579594,2246,105.10099206349206
4400600926,institution,Indian Institute of Management Bodh Gaya,,,,0.23586907089997025,2247,39.355555555555554
35913352,institution,Prague University of Economics and Business,,,CZ,0.23577015191242973,2248,372.55772925904506
139322472,institution,Universiti Sains Malaysia,,,MY,0.23567715287259716,2249,566.0125474129046
2737251451,source,Management Science Letters,1923-9335,B,,0.23550593374194223,2250,357.0
84524832,institution,Alexandria University,,,EG,0.23532036309626386,2251,41.01235623037094
29617571,institution,University of Indonesia,,,ID,0.2349575835579656,2252,367.1711005661005
131740757,institution,Texas A&M International University,,,US,0.2349367749358289,2253,100.89166666666665
8636806,institution,University of Sousse,,,TN,0.2345106477804017,2254,202.32361111111112
4210192575,source,GLOBAL BUSINESS & FINANCE REVIEW,1088-6931,B,,0.2338663601763922,2255,38.0
2736601860,source,Entrepreneurial Business and Economics Review,2353-8821,B,,0.23306890350186865,2256,151.0
1290523313,institution,Magyar Agrár- és Élettudományi Egyetem,,,HU,0.23254394182466684,2257,98.73912337662337
4210191619,source,Logistics,2305-6290,B,,0.23230720733710397,2258,344.0
173896063,source,Property Management,0263-7472,X,,0.2318323144938626,2259,165.0
4101805,institution,Yıldız Technical University,,,TR,0.23151565103392743,2260,98.7781746031746
27878738,institution,Fore School of Management,,,IN,0.23141250804077879,2261,115.263141025641
2738413198,source,Equilibrium Quarterly Journal of Economics and Economic Policy,1689-765X,X,,0.23118912203674796,2262,141.0
863896202,institution,Delhi Technological University,,,IN,0.23102147473294057,2263,114.57500000000002
105710273,source,Review of Financial Economics,1058-3300,A,,0.2309495097248786,2264,99.0
15925821,source,Journal of Modelling in Management,1746-5664,B,,0.2309185086229599,2265,257.0
38919395,institution,Indian Institute of Foreign Trade,,,IN,0.23063451165148696,2266,173.1392551892552
179193067,institution,Khon Kaen University,,,TH,0.2304354313605018,2267,146.7240476190476
282159120,institution,İstanbul Nişantaşı Üniversitesi,,,TR,0.23040223039570468,2268,46.20178571428572
4210112678,institution,University of the Coast,,,CO,0.2286574095978555,2269,50.74940476190476
83863532,institution,Polytechnic Institute of Porto,,,PT,0.22845938710305452,2270,104.52709859584857
240666556,institution,Imam Mohammad ibn Saud Islamic University,,,SA,0.22844239278487286,2271,93.44285714285715
52418104,institution,Universidade Federal do Paraná,,,BR,0.2276117357336525,2272,186.1040458937198
156260212,source,Research in Economics,1090-9443,E,,0.22758004069471124,2273,125.0
149205526,source,Chinese Management Studies,1750-614X,B,,0.2269921917587987,2274,319.0
21881038,institution,IPB University,,,ID,0.22695487422338348,2275,107.40152625152626
48076826,institution,Chiang Mai University,,,TH,0.22599002036946603,2276,102.43730158730162
4164984,institution,International Islamic University Malaysia,,,MY,0.2257174523899278,2277,222.74991702741704
57658676,source,Journal of Financial Management of Property and Construction,1366-4387,X,,0.2254388077449567,2278,94.0
4210210758,source,Asian Journal of Business Research,1178-8933,X,,0.2253400065518701,2279,67.0
96544531,source,Applied Economics Letters,1350-4851,E,,0.2249209772244449,2280,1943.0
89506807,institution,University of Western Macedonia,,,GR,0.22361103946950128,2281,57.064880952380946
28703636,source,Journal of Corporate Accounting & Finance,1044-8136,B,,0.22177020925823032,2282,242.0
2898542531,source,Revista de Contabilidad,1138-4891,B,,0.22133204788735344,2283,110.0
123565023,institution,Vietnam National University Ho Chi Minh City,,,VN,0.22132863436815517,2284,245.64246031746032
110200422,institution,Universidade Federal de Minas Gerais,,,BR,0.22047075309190872,2285,189.54353068575858
35961687,institution,Universidad de Antioquia,,,CO,0.22008100403882588,2286,99.14771339771339
47854491,source,International Journal of Entrepreneurial Venturing,1742-5360,B,,0.21964081089594883,2287,131.0
101163346,source,International Journal of Strategic Property Management,1648-715X,B,,0.21901146063402185,2288,138.0
74897591,institution,Marmara University,,,TR,0.2183114768631501,2289,83.78888888888889
149218525,institution,Ankara University,,,TR,0.21783368621753518,2290,67.30396825396825
83776822,institution,Shandong Institute of Business and Technology,,,CN,0.21774953417984821,2291,69.03730158730158
141595442,institution,University of Bucharest,,,RO,0.21748157049122374,2292,37.11704545454545
203894561,source,International Journal of Pharmaceutical and Healthcare Marketing,1750-6123,X,,0.21737493043890607,2293,137.0
149146142,source,International Journal of Innovation and Technology Management,0219-8770,B,,0.2171744971527126,2294,254.0
4210203108,source,Asia-Pacific Journal of Accounting & Economics,1608-1625,A,,0.21629254305995657,2295,236.0
181744264,institution,Kharazmi University,,,IR,0.21551938153475103,2296,77.53809523809525
4210190667,source,Asian Journal of Accounting Research,2443-4175,B,,0.21528505657368563,2297,86.0
166459259,institution,Shiraz University,,,IR,0.21505113340119558,2298,59.68015873015872
146367977,institution,Applied Science Private University,,,JO,0.21476777017442164,2299,72.22025012025014
2800301432,institution,IMS Unison University,,,IN,0.21460925039216655,2300,77.33023809523809
4068193,institution,University of Belgrade,,,RS,0.21438636244488873,2301,160.56183665685953
160968435,institution,University of Sargodha,,,PK,0.2134550622973132,2302,34.90198412698413
2800084297,institution,Indian Institute of Management Shillong,,,IN,0.2113115444805846,2303,95.72063492063492
2764665428,source,Journal of Entrepreneurship Management and Innovation,2299-7075,B,,0.21080048839916982,2304,76.0
199693650,institution,Umm al-Qura University,,,SA,0.21042003668300718,2305,52.28650793650793
192372812,source,Journal of International Food & Agribusiness Marketing,0897-4438,B,,0.2100602712663692,2306,131.0
4210202595,source,International Journal of Financial Engineering,2424-7863,E,,0.2099670896701089,2307,179.0
3121153395,institution,West University of Timişoara,,,RO,0.2097961981814311,2308,95.91944444444447
200432940,institution,Allameh Tabataba'i University,,,IR,0.2084638020690263,2309,79.20353535353537
2765036513,source,Australasian Accounting Business and Finance Journal,1834-2000,B,,0.20834391345418593,2310,184.0
83291730,institution,University for Development Studies,,,GH,0.20822436784417084,2311,83.66839826839826
2764768042,source,Journal of Economics Finance and Administrative Science,2077-1886,E,,0.2073577641270991,2312,87.0
114972647,institution,University of Jordan,,,JO,0.20643668478954041,2313,199.98728724978724
16277215,institution,University of Houston - Downtown,,,US,0.2062979486344746,2314,52.63242100578549
305801656,institution,Wroclaw University of Economics and Business,,,PL,0.20547121478373742,2315,176.87687400318978
244572783,institution,Symbiosis International University,,,IN,0.2041948793204825,2316,563.9580225686765
2736877889,source,Management & Marketing,1842-0206,B,,0.20379918460571395,2317,127.0
18167132,institution,Universidade Presbiteriana Mackenzie,,,BR,0.20334112159459322,2318,63.75908521303257
4210179146,source,Business Strategy & Development,2572-3170,B,,0.20265430962788802,2319,286.0
134635517,institution,Bandung Institute of Technology,,,ID,0.20230525981130118,2320,191.00956349206345
2765038058,source,Human Systems Management,0167-2533,B,,0.20218955831127494,2321,227.0
4210208553,source,OPEC Energy Review,1753-0229,E,,0.20216141545696942,2322,81.0
945769174,source,Revue d économie politique,0373-2630,E,,0.20214493942147355,2323,80.0
2737296559,source,Economies,2227-7099,E,,0.20214134360277197,2324,956.0
26999989,institution,University of the Free State,,,ZA,0.20111109440914748,2325,102.28769841269842
233745408,institution,Pontificia Universidad Javeriana,,,CO,0.20105801407176876,2326,127.43128815628815
79161377,institution,Punjabi University,,,IN,0.20082674598791037,2327,170.44444444444446
145019703,institution,Al-Zaytoonah University of Jordan,,,JO,0.20044114634272028,2328,98.53809523809527
37696226,institution,University of Maribor,,,SI,0.20016853589544314,2329,104.21866883116883
119744171,institution,Higher Colleges of Technology,,,AE,0.1998117566041535,2330,91.14166666666665
1331070479,institution,Université de Yaoundé I,,,CM,0.19980830375316677,2331,85.99722222222223
136830121,institution,Islamic Azad University South Tehran Branch,,,IR,0.1997520183445007,2332,60.85757575757576
188742231,source,International Journal of Innovation Science,1757-2223,B,,0.19956454977180632,2333,202.0
4210219734,source,National Accounting Review,2689-3010,E,,0.19889661817147772,2334,85.0
60370010,source,Journal of the Knowledge Economy,1868-7865,E,,0.19875133729747724,2335,1176.0
108158533,source,Journal of Quality Assurance in Hospitality & Tourism,1528-008X,B,,0.19856553111929184,2336,280.0
126021079,source,International Journal of Sport Finance,1558-6235,X,,0.1983854864369258,2337,36.0
162583106,source,Health Marketing Quarterly,0735-9683,B,,0.1983528808546896,2338,95.0
2764865913,source,Economics and Business Letters,2254-4380,E,,0.1978720132996518,2339,133.0
130757258,source,International Game Theory Review,0219-1989,X,,0.19714187888295653,2340,110.0
170913539,source,Bulletin of Economic Research,0307-3378,E,,0.197035633880155,2341,207.0
16035445,source,Enterprise & Society,1467-2227,B,,0.1966548955966064,2342,77.0
126160977,source,Mathematical Methods of Operations Research,1432-2994,X,,0.1965644039263538,2343,144.0
173029219,institution,Multimedia University,,,MY,0.19648657580904916,2344,109.42757936507935
4210153204,institution,Universidade Portucalense,,,PT,0.196458042887716,2345,49.71733025746183
113509650,source,Journal of the Asia Pacific Economy,1354-7860,E,,0.19559219596296218,2346,281.0
200606013,institution,Daffodil International University,,,BD,0.19530201217793938,2347,24.777994227994224
78768387,institution,University of Prishtina,,,XK,0.19475645012093776,2348,82.02164502164504
4210195452,source,FIIB Business Review,2319-7145,X,,0.19473669814511993,2349,220.0
142608572,institution,Prince Sattam Bin Abdulaziz University,,,SA,0.19366683893259898,2350,154.1339432789433
109960688,source,Journal of Human Resources in Hospitality & Tourism,1533-2845,B,,0.19359998910548584,2351,108.0
33501960,institution,Universidade Federal de Santa Maria,,,BR,0.19355306615016368,2352,101.7549861973775
88045947,source,The International Trade Journal,0885-3908,E,,0.19299211330606084,2353,148.0
8961855,institution,Universidad Nacional Autónoma de México,,,MX,0.19282949450234993,2354,171.5440476190476
21173400,institution,Mutah University,,,JO,0.1925298833963556,2355,75.49166666666666
16146169,source,International Journal of Economic Theory,1742-7355,E,,0.1920183764755532,2356,100.0
54515432,institution,Burdur Mehmet Akif Ersoy Üniversitesi,,,TR,0.19135256746320883,2357,65.75694444444446
63596082,institution,Tunis El Manar University,,,TN,0.1908648645797659,2358,120.74027777777779
181870614,source,Journal of Financial Economic Policy,1757-6385,E,,0.190707444484865,2359,128.0
29659387,source,Industrial and Commercial Training,0019-7858,B,,0.1897897494209661,2360,103.0
165682329,institution,Guru Nanak Dev University,,,IN,0.1892844261006627,2361,117.32083333333333
4210175221,source,Asia-Pacific Journal of Regional Science,2509-7946,E,,0.18916672711397947,2362,142.0
2765075218,source,Cogent Economics & Finance,2332-2039,E,,0.18885964734781283,2363,986.0
4210186315,source,DECISION,0304-0941,B,,0.1884359671116642,2364,115.0
4210120329,institution,RTI Health Solutions,,,US,0.1883857630282739,2365,78.85281224473917
49131624,source,International Journal of Social Economics,0306-8293,E,,0.18833164329476243,2366,392.0
885383172,institution,National University of Malaysia,,,MY,0.1883161915143822,2367,343.7896792096792
4210179427,source,Academia Revista Latinoamericana de Administración,1012-8255,B,,0.18804568531714339,2368,106.0
5100685,institution,University of Education,,,PK,0.18785709014866314,2369,25.3206043956044
4210123993,institution,Van Lang University,,,VN,0.18782928803009172,2370,40.04603174603175
82178847,source,Economic Papers A journal of applied economics and policy,0812-0439,E,,0.18674001872845608,2371,92.0
161913731,institution,Al Ain University,,,AE,0.18582988641848244,2372,141.41746031746032
2764824119,source,Real Estate Management and Valuation,2300-5289,E,,0.18487224619624046,2373,132.0
80611190,institution,Jeonbuk National University,,,KR,0.18470169996457125,2374,72.49215367965368
39268498,institution,University of Isfahan,,,IR,0.1846807904025875,2375,140.18472222222223
62126747,source,The Singapore Economic Review,0217-5908,E,,0.18466476683651284,2376,524.0
226432,institution,Universiti Malaysia Kelantan,,,MY,0.18454524230187835,2377,53.218326118326104
135388327,institution,University of Kashmir,,,IN,0.18381595726471575,2378,108.9858225108225
4210216953,source,International Journal of Economic Policy Studies,1881-4387,E,,0.1832359289702066,2379,76.0
140389752,source,Revista de Economía Mundial,1576-0162,E,,0.18257443660912276,2380,184.0
3019271933,institution,Nicolaus Copernicus University,,,PL,0.18218115576696992,2381,118.0763888888889
2898392467,source,Future Business Journal,2314-7202,B,,0.18137497883249137,2382,258.0
25359449,source,International Advances in Economic Research,1083-0898,E,,0.18127283351269308,2383,114.0
11892038,institution,University of Nigeria,,,NG,0.18095140300160092,2384,181.256786220602
152786945,source,Stochastics,1744-2508,X,,0.18062720078510705,2385,167.0
34250744,institution,University of Łódź,,,PL,0.17982744783899143,2386,308.7496031746031
118905719,institution,University of Primorska,,,SI,0.17776267655953057,2387,61.27349368318756
154347574,institution,University of Rijeka,,,HR,0.17643807889444774,2388,141.4679243170622
211738395,institution,Financial University,,,RU,0.17643111463311895,2389,130.04945887445888
2764792399,source,Investment Analysts Journal,1029-3523,A,,0.17633569234002755,2390,113.0
188922065,institution,University of Economics in Katowice,,,PL,0.17581779470603195,2391,132.98281778228534
85507684,institution,Yarmouk University,,,JO,0.17576757547049154,2392,110.61527777777779
48843708,institution,Pamukkale University,,,TR,0.17535408869620067,2393,80.89669140383425
155419210,institution,"Islamic Azad University, Science and Research Branch",,,IR,0.17427781725520625,2394,54.67500000000001
263417816,institution,The Russian Presidential Academy of National Economy and Public Administration,,,RU,0.17423821970667225,2395,50.968686868686866
4210212964,source,World,2673-4060,X,,0.17362443551901224,2396,178.0
4210159643,institution,Institute of Technology and Business,,,CZ,0.17353841290094307,2397,75.59978991596638
104354167,source,Acta Oeconomica,0001-6373,E,,0.1725628827538024,2398,133.0
4210173805,source,Evidence-based HRM a Global Forum for Empirical Scholarship,2049-3983,B,,0.1724742083920599,2399,163.0
31079310,institution,Al al-Bayt University,,,JO,0.1711484519524333,2400,85.40158730158728
91357014,institution,Banaras Hindu University,,,IN,0.17062629968210086,2401,122.58888888888887
2798341630,source,Corporate Ownership and Control,1727-9232,B,,0.1699026770142717,2402,295.0
165390105,institution,University of South Africa,,,ZA,0.16978784939986488,2403,379.67210424710424
4210187131,source,South East European Journal of Economics and Business,2233-1999,E,,0.16944413755456755,2404,73.0
4210220385,source,Economics,1864-6042,E,,0.16936307340105186,2405,118.0
205133468,institution,Airlangga University,,,ID,0.16903399001373223,2406,333.1455357142857
88491126,institution,Bucharest University of Economic Studies,,,RO,0.16882307486605902,2407,486.71232507172914
74788687,institution,Comenius University Bratislava,,,SK,0.16871827822081026,2408,78.17453102453103
183776795,source,Review of Pacific Basin Financial Markets and Policies,0219-0915,B,,0.16857314496132997,2409,133.0
41461413,institution,Universiti Malaysia Sarawak,,,MY,0.16819635097572033,2410,150.5316383219955
61727081,source,Economics & Sociology,2071-789X,X,,0.167270638542183,2411,237.0
2738076829,source,Cogent Business & Management,2331-1975,B,,0.1668751476412396,2412,1749.0
66514158,institution,Hacettepe University,,,TR,0.16683124494063714,2413,138.84272875816995
4210176348,source,Journal of Science and Technology Policy Management,2053-4620,X,,0.1666706650669155,2414,241.0
177671886,institution,Mercu Buana University,,,ID,0.16655124655421144,2415,81.97394688644687
173161963,institution,University of Prešov,,,SK,0.16653949922209224,2416,82.63084733893558
197907453,institution,Akdeniz University,,,TR,0.1665103325904856,2417,104.55
110360157,institution,Lovely Professional University,,,IN,0.16615946456035233,2418,143.50892857142858
112982808,institution,Universiti Sains Islam Malaysia,,,MY,0.16596305687125987,2419,88.25476190476189
47996466,institution,University of Warmia and Mazury in Olsztyn,,,PL,0.1658936906322575,2420,117.72568860877686
4210237825,source,International Journal of Ethics and Systems,2514-9369,X,,0.16576228171296034,2421,190.0
2898603574,source,RAUSP Management Journal,2531-0488,B,,0.16439198513437017,2422,94.0
36243813,institution,Universidad Nacional de Colombia,,,CO,0.1642742187529267,2423,159.76273422937214
980556082,source,Agricultural Economics (Zemědělská ekonomika),0139-570X,X,,0.1641554287690079,2424,164.0
2764594251,source,Engineering Economics,1392-2785,X,,0.16408767532198115,2425,165.0
128035191,source,The Developing Economies,0012-1533,E,,0.1606624998372388,2426,136.0
2764538546,source,Polish Journal of Management Studies,2081-7452,X,,0.159694546316791,2427,34.0
24290265,source,Health Services and Outcomes Research Methodology,1387-3741,X,,0.15945303555719315,2428,102.0
2764853111,source,Journal of Economic and Financial Sciences,1995-7076,B,,0.15886528436430583,2429,114.0
51452335,institution,Panjab University,,,IN,0.15756174082326752,2430,85.89583333333333
231025917,institution,Hellenic Open University,,,GR,0.1571442389599932,2431,72.52460317460317
49164534,source,Journal of International Commerce Economics and Policy,1793-9933,E,,0.15628416894701938,2432,69.0
4210240883,source,Bulletin of Monetary Economics and Banking,1410-8046,E,,0.15535418974546605,2433,127.0
78880903,institution,Universidad de Huelva,,,ES,0.15529601634904597,2434,65.325
4210131147,institution,SRM University,,,IN,0.1541578444347279,2435,66.77896825396824
4210221741,source,Organizations and Markets in Emerging Economies,2029-4581,X,,0.15299914834774422,2436,74.0
46803900,source,Macroeconomics and Finance in Emerging Market Economies,1752-0843,E,,0.1529158109311459,2437,110.0
4210169699,source,China Journal of Accounting Studies,2169-7213,B,,0.15268950764881892,2438,133.0
103703290,institution,Sakarya University,,,TR,0.15110404562901603,2439,121.69169996669999
166073570,institution,Binus University,,,ID,0.15110147067896001,2440,191.44067460317459
2801516365,institution,Kumasi Technical University,,,GH,0.15054146367282942,2441,52.16666666666667
2898124213,source,Journal of Accounting Literature,0737-4607,A,,0.15008936733764042,2442,140.0
146583814,institution,Mykolas Romeris University,,,LT,0.14953190838990316,2443,75.19199134199134
45711476,institution,Obafemi Awolowo University,,,NG,0.1495202488835843,2444,120.02738095238094
4210225395,source,St Petersburg University Journal of Economic Studies,1026-356X,X,,0.14941507184978514,2445,18.0
2738848155,source,Contemporary Economics,2084-0845,E,,0.14866204819234477,2446,81.0
4210094138,institution,University of West Attica,,,GR,0.14831442924761676,2447,62.9575396825397
178953182,source,International Insolvency Review,1099-1107,B,,0.14673966207909353,2448,136.0
4210214909,source,Prague Economic Papers,1210-0455,E,,0.14604047124275374,2449,80.0
4210226929,source,South Asian Journal of Human Resources Management,2322-0937,B,,0.14599450012045315,2450,70.0
71487352,source,BAR - Brazilian Administration Review,1807-7692,B,,0.14585340968074917,2451,125.0
137616099,institution,Tshwane University of Technology,,,ZA,0.14575378312345036,2452,84.990873015873
177733328,institution,Can Tho University,,,VN,0.14527296493997555,2453,66.55396825396825
191612999,source,Organizacija,1318-5454,B,,0.14384842612195853,2454,88.0
110620307,institution,Budapest Business University,,,HU,0.1432237651174744,2455,62.249999999999986
2738428943,source,Studia Universitatis „Vasile Goldis” Arad – Economics Series,1584-2339,E,,0.14293635434178134,2456,68.0
104588304,institution,University of Szczecin,,,PL,0.14189599266152964,2457,187.13055555555553
177055848,institution,University of Brawijaya,,,ID,0.14170543161448815,2458,209.07417027417026
108403487,institution,Warsaw University of Technology,,,PL,0.14104898306852853,2459,71.35892857142855
4210228954,source,Revue de l'OFCE/La Revue de l'OFCE,1265-9576,E,,0.14103952946251086,2460,45.0
56081889,institution,Mendel University in Brno,,,CZ,0.14022023468238778,2461,95.62837301587302
4210171825,source,American Business Review,0743-2348,B,,0.13798301975407207,2462,98.0
64935225,institution,University of Economics in Bratislava,,,SK,0.1365836450500273,2463,168.8805555555556
148158369,institution,State University of Semarang,,,ID,0.1362941257819653,2464,67.28571428571428
147126554,source,Panoeconomicus,1452-595X,E,,0.13618913755303294,2465,99.0
205984670,institution,Czech University of Life Sciences Prague,,,CZ,0.13601292771779186,2466,72.14647458017022
104941359,institution,Al-Ahliyya Amman University,,,JO,0.13585972961112158,2467,48.41369047619047
110525433,institution,"Islamic Azad University, Tehran",,,IR,0.13562636127541577,2468,62.12457264957266
2764416040,source,Quality Innovation Prosperity,1335-1745,B,,0.13555504220853723,2469,89.0
170726198,institution,University of Novi Sad,,,RS,0.13510974578625665,2470,118.46077441077443
678965,source,Value in Health,1098-3015,E,,0.1349272514843088,2471,7366.0
80850581,institution,Universidade Federal de Uberlândia,,,BR,0.13461041638855004,2472,95.96398691887822
99304778,source,Forum for Social Economics,0736-0932,E,,0.13456082891540166,2473,105.0
4210192138,source,Nankai Business Review International,2040-8749,B,,0.13444445070993138,2474,134.0
4210229491,source,Journal of Intelligence Studies in Business,2001-015X,B,,0.13440739132534263,2475,58.0
2764670390,source,Journal of Entrepreneurship and Sustainability Issues,2345-0282,X,,0.13391800560761033,2476,468.0
88596544,institution,Universidade Lusófona,,,PT,0.1338821400418756,2477,48.91820887445887
4210218909,source,Journal of Quantitative Economics,2364-1045,E,,0.1328889259268957,2478,157.0
157344451,source,South African Journal of Economic and Management Sciences,1015-8812,A,,0.13217397862575778,2479,146.0
144946686,source,IIMB Management Review,0970-3896,B,,0.1317534143219359,2480,95.0
161371597,institution,Universiti of Malaysia Sabah,,,MY,0.13152039988647451,2481,136.11987734487732
4210175690,source,Accounting,2369-7393,B,,0.13071428620888487,2482,238.0
91633459,institution,Middle East University,,,JO,0.13061154692514443,2483,69.4406746031746
95636294,source,International Journal of Entrepreneurship and Innovation Management,1368-275X,B,,0.13055232164244696,2484,111.0
169045520,institution,Universidade Federal da Paraíba,,,BR,0.12934896623461792,2485,96.64087301587303
4537092,institution,Addis Ababa University,,,ET,0.12914702668259379,2486,82.37961570593149
51569856,institution,Sultan Zainal Abidin University,,,MY,0.12791113058889642,2487,91.8484126984127
72326750,source,Journal of technology management & innovation,0718-2724,B,,0.12754548801774132,2488,92.0
2764466227,source,IIM Kozhikode Society & Management Review,2277-9752,B,,0.12748038368607276,2489,74.0
40413290,institution,University of Gdańsk,,,PL,0.1267070388640524,2490,94.56489898989899
4210240452,source,REVISTA PROCESOS DE MERCADO,1697-6797,E,,0.12650129404011123,2491,72.0
4210142152,institution,ORCID,,,US,0.12556930898740426,2492,397.6824206349207
30370390,source,Journal of Customer Behaviour,1475-3928,B,,0.12548624653993917,2493,77.0
19880235,institution,Lomonosov Moscow State University,,,RU,0.12527604680471077,2494,60.28874486624486
4210205215,source,SA Journal of Human Resource Management,1683-7584,B,,0.12417662539760553,2495,225.0
4210086371,institution,Azerbaijan State University of Economics,,,AZ,0.12384056163334323,2496,90.9517857142857
2764472888,source,Central European Business Review,1805-4854,B,,0.12335950509775825,2497,41.0
3017888287,institution,Universidade Nove de Julho,,,BR,0.12326116314032581,2498,108.19761904761901
200362191,institution,Universidad Autónoma Metropolitana,,,MX,0.122956895434836,2499,66.25753968253969
101407740,institution,Chandigarh University,,,IN,0.12281193241052092,2500,124.11210317460316
4306531871,source,Terra Economicus,2073-6606,E,,0.12263737417513154,2501,76.0
11855966,institution,Diponegoro University,,,ID,0.12253706991677185,2502,145.35396825396828
99712911,institution,Nelson Mandela University,,,ZA,0.12247745532317629,2503,111.89507575757577
2764525551,source,Asian Economic and Financial Review,2222-6737,B,,0.12095678887228453,2504,175.0
4210177023,source,Brazilian Journal of Political Economy,0101-3157,E,,0.1202580612124163,2505,187.0
183764125,institution,Technical University of Košice,,,SK,0.11826518253032599,2506,119.07261904761906
2739380121,source,Scientific Annals of Economics and Business,2501-1960,E,,0.11778002890963506,2507,118.0
126826664,institution,Udayana University,,,ID,0.11711557579100505,2508,82.49358974358974
88920680,source,Intangible Capital,1697-9818,B,,0.11696260175064872,2509,72.0
164861460,institution,Manipal Academy of Higher Education,,,IN,0.11689088665415069,2510,179.3460531960532
126477371,institution,Mohammed V University,,,MA,0.11640416036231736,2511,85.27142857142856
4210234539,source,Research in Globalization,2590-051X,E,,0.11620894754125775,2512,162.0
149339240,source,Eastern European Economics,0012-8775,E,,0.1150181938280861,2513,136.0
198105771,institution,Kasetsart University,,,TH,0.11469653346634416,2514,86.33823528683368
103031861,institution,Plekhanov Russian University of Economics,,,RU,0.11429179084710087,2515,75.65128384687208
36128562,institution,Pan-European University,,,SK,0.11399889322044829,2516,51.44166666666668
118637542,source,European J of International Management,1751-6757,B,,0.11327194670038969,2517,301.0
2737763312,source,Business Systems Research Journal,1847-8344,B,,0.11306479596857558,2518,102.0
51235708,institution,Universidade Federal do Espírito Santo,,,BR,0.11277143446864862,2519,79.23231324231323
95023434,institution,University of KwaZulu-Natal,,,ZA,0.11121538045895334,2520,235.9013888888889
167420956,institution,Vilnius Gediminas Technical University,,,LT,0.11062287239888137,2521,146.44920634920635
876193797,institution,Vellore Institute of Technology University,,,IN,0.11044934875468265,2522,190.2699134199134
4210215964,source,South African Journal of Business Management,2078-5585,B,,0.10968307771659687,2523,164.0
12859529,institution,University of Nairobi,,,KE,0.10951734953048485,2524,94.01249999999999
177181097,institution,Durban University of Technology,,,ZA,0.10933827070276976,2525,95.23928571428571
145380033,institution,Amman Arab University,,,JO,0.10898732743488154,2526,108.04226190476192
33926330,institution,Al-Balqa Applied University,,,JO,0.10791088127427638,2527,143.25162337662337
112754052,institution,Sambalpur University,,,IN,0.10718179939984684,2528,43.050000000000004
862893732,institution,Telkom University,,,ID,0.10657147506617964,2529,70.7392857142857
62270215,source,International Journal of Information Systems and Supply Chain Management,1935-5726,B,,0.10651654148116384,2530,66.0
64915403,source,The Quarterly Journal of Austrian Economics,1098-3708,E,,0.10563573130179903,2531,69.0
2764950559,source,International Journal of Financial Research,1923-4023,B,,0.10523282932414425,2532,210.0
59361560,institution,Instituto Politécnico Nacional,,,MX,0.10521686210538769,2533,72.47817460317461
42260610,source,African Journal of Economic and Management Studies,2040-0705,E,,0.10450896655651687,2534,137.0
91819753,institution,Padjadjaran University,,,ID,0.10416390751295303,2535,200.25820915195916
175963831,source,El Trimestre Económico,0041-3011,E,,0.10388799562081646,2536,84.0
2764671874,source,Journal of Transport and Supply Chain Management,1995-5235,B,,0.10314477686211497,2537,95.0
188730046,institution,Vytautas Magnus University,,,LT,0.10301834550259123,2538,97.10666666666667
2765024836,source,Vision The Journal of Business Perspective,0972-2629,B,,0.10244903673189434,2539,350.0
14245010,institution,University of Kragujevac,,,RS,0.1017893735259299,2540,66.66865079365077
123914889,source,International Journal of Entrepreneurship and Small Business,1476-1297,B,,0.10112621278332602,2541,392.0
2764412428,source,Investment Management and Financial Innovations,1810-4967,B,,0.10095394133424455,2542,424.0
132735039,institution,University of Debrecen,,,HU,0.1009385148563958,2543,63.38165029415029
147000529,source,International Journal of Automotive Technology and Management,1470-9511,B,,0.10091783210290858,2544,122.0
133743585,institution,Anadolu University,,,TR,0.100240676786552,2545,71.42642857142859
88020226,source,The Business History Review,0007-6805,B,,0.09938144146840781,2546,128.0
1027187413,source,Amfiteatru Economic,1582-9146,B,,0.09917075474034069,2547,231.0
72264486,institution,University of Tabuk,,,SA,0.098329000781917,2548,53.25555555555556
2898340276,source,Estudios Gerenciales,0123-5923,E,,0.09779225645117948,2549,42.0
202539009,institution,Industrial University of Ho Chi Minh City,,,VN,0.09723966140258876,2550,86.2986111111111
59777368,source,International Journal of Managerial and Financial Accounting,1753-6715,B,,0.09566385163781209,2551,101.0
91732220,institution,Universidad del Valle,,,CO,0.0954054031694085,2552,94.50270562770561
4210171100,source,Strategic Management,1821-3448,B,,0.0947790295543427,2553,80.0
119896790,institution,Sebelas Maret University,,,ID,0.09418778688118745,2554,181.90100529100533
2764388120,source,Business and Economic Research,2162-4860,B,,0.09407810802260795,2555,101.0
2738441059,source,ETIKONOMI,1412-8969,X,,0.09323929927948797,2556,92.0
4210174900,source,Décisions Marketing,0779-7389,B,,0.09248326152177433,2557,66.0
4210179092,source,International Journal for Quality Research,1800-6450,X,,0.09179691565736116,2558,227.0
4210178345,source,Russian Management Journal,1729-7427,X,,0.0910536591109058,2559,28.0
170230895,institution,Warsaw University of Life Sciences,,,PL,0.08916734838460047,2560,58.3824374011445
4210126505,institution,Amity University,,,AE,0.08863606235169745,2561,44.606746031746034
2764465937,source,Banks and Bank Systems,1816-7403,B,,0.0885156946818985,2562,267.0
885392262,institution,GITAM University,,,IN,0.08832851936345146,2563,84.49761904761905
2764773711,source,International Journal of Business and Society,1511-6670,B,,0.08610213534408188,2564,340.0
25822123,institution,Sumy State University,,,UA,0.08587240865208219,2565,142.8886904761905
4210226909,source,Acta Commercii,1684-1999,B,,0.08555576859782686,2566,99.0
4210230148,source,OEconomia,2113-5207,E,,0.08530555827830044,2567,26.0
4210230633,source,International Journal of Business and Management,1833-3850,B,,0.08523543558384918,2568,306.0
2736647864,source,Retos,1390-6291,E,,0.08495191940505688,2569,23.0
2764989054,source,Problems and Perspectives in Management,1727-7051,X,,0.0846174414153794,2570,623.0
2764647440,source,MONTENEGRIN JOURNAL OF ECONOMICS,1800-5845,E,,0.08327021990647576,2571,172.0
12132826,source,The International Food and Agribusiness Management Review,1096-7508,B,,0.08312319408059457,2572,103.0
2736787908,source,Asian Academy of Management Journal,1394-2603,B,,0.08307785368015588,2573,82.0
4210116728,institution,Universitas Patria Artha,,,ID,0.08113680067948466,2574,48.0843253968254
4210221200,source,J for International Business and Entrepreneurship Development,1549-9324,B,,0.08084176361225527,2575,78.0
4210206337,source,Journal of Accounting Business and Management (JABM),0216-423X,B,,0.08037427144406657,2576,57.0
4210169265,source,VISIÓN GERENCIAL,1317-8822,X,,0.08026177825892297,2577,8.0
59042063,source,Asian-Pacific Economic Literature,0818-9935,E,,0.08004277440579535,2578,105.0
4210186494,source,Gestão & Produção,0104-530X,X,,0.07987529641752915,2579,179.0
4210223136,source,Estudos Econômicos (São Paulo),0101-4161,E,,0.07877277652543799,2580,93.0
4210214681,source,Foresight-Russia,1995-459X,X,,0.07805823572670248,2581,92.0
82724352,institution,Universiti Teknologi MARA,,,MY,0.07681866677692162,2582,621.7130794205792
2764955566,source,The Indian Economic Journal,0019-4662,E,,0.07625636226701651,2583,179.0
2764440250,source,International Journal of Business and Social Science,2219-1933,B,,0.07520641568581243,2584,73.0
164447516,source,International Journal of Asian Business and Information Management,1947-9638,B,,0.07514887520872765,2585,106.0
2764927701,source,International Business Research,1913-9004,B,,0.07497252456982571,2586,186.0
4210183232,source,Journal of global entrepreneurship research,2228-7566,B,,0.07420014242318584,2587,95.0
93195727,source,International Journal of Management and Enterprise Development,1468-4330,B,,0.07356071335067788,2588,70.0
2737582874,source,Studies in Business and Economics,1842-4120,X,,0.07287574243533046,2589,217.0
60054993,institution,Graphic Era University,,,IN,0.07264544154474058,2590,105.09623015873017
55416568,source,International Journal of Procurement Management,1753-8432,B,,0.07253082604032046,2591,197.0
4210192355,source,Journal of Applied Business and Economics,1499-691X,B,,0.07203613654823893,2592,271.0
189238007,institution,Taras Shevchenko National University of Kyiv,,,UA,0.07202156721995887,2593,124.38646825396827
2736592181,source,Revista Contabilidade & Finanças,1519-7077,B,,0.071789087968012,2594,206.0
2737221291,source,Zagreb international review of economics and business/Zagreb international review of economics & business,1331-5609,E,,0.07130907690416345,2595,44.0
109689652,institution,FPT University,,,VN,0.07044366970159287,2596,80.28015873015875
4210197709,source,Central European Management Journal,2658-0845,B,,0.06984903977509656,2597,243.0
2737777163,source,International Journal of Economics and Financial Issues,2146-4138,A,,0.06973607226828188,2598,357.0
171720814,source,International Journal of Technology Management,0267-5730,B,,0.06919592661616814,2599,244.0
2765072615,source,Journal of Public Administration and Governance,2161-7104,B,,0.06760325270972292,2600,105.0
34937439,source,International Journal of Globalisation and Small Business,1479-3059,B,,0.06612252688372361,2601,82.0
91071628,source,Journal of East European Management Studies,0949-6181,B,,0.06597672544286369,2602,10.0
4210194146,source,Journal of health economics and outcomes research,2326-697X,E,,0.0659521487248136,2603,119.0
79741316,institution,University of Pecs,,,HU,0.06572714907479374,2604,447.64987789987794
4210204559,source,Marketing and Management of Innovations,2218-4511,X,,0.06530700872762785,2605,268.0
125733402,source,Investigación Económica,0185-1667,E,,0.06515859475030637,2606,78.0
2737109034,source,International Journal of Innovation,2318-9975,X,,0.06456687177132574,2607,100.0
2764616245,source,Uncertain Supply Chain Management,2291-6822,B,,0.06412593631120546,2608,488.0
187998666,source,Comparative Economic Research Central and Eastern Europe,1508-2008,E,,0.06409810761461276,2609,150.0
137166528,source,International Journal of Knowledge Management Studies,1743-8268,X,,0.06392222592217868,2610,98.0
51184730,source,International Journal of Business Excellence,1756-0047,B,,0.06371338719382244,2611,303.0
186483588,source,Journal of Service Science and Management,1940-9893,B,,0.06353023581265557,2612,104.0
121651287,source,Global Business and Economics Review,1097-4954,B,,0.06278656000197402,2613,216.0
43391031,source,International Journal of Business Environment,1740-0589,B,,0.06192487285340401,2614,101.0
4210237676,source,Ekonomi Politika ve Finans Arastirmalari Dergisi,2587-151X,E,,0.06152727071453897,2615,66.0
4210227841,source,International Journal of Organizational Leadership,2345-6744,B,,0.061031776415221665,2616,104.0
155657779,source,International Journal of Business Innovation and Research,1751-0252,B,,0.06052918948185891,2617,304.0
29581992,source,Nova Economia,0103-6351,E,,0.059628436670175394,2618,130.0
124121301,institution,Lucian Blaga University of Sibiu,,,RO,0.0595539013229259,2619,107.91428571428573
2494413385,source,ECONOMIC COMPUTATION AND ECONOMIC CYBERNETICS STUDIES AND RESEARCH,0424-267X,E,,0.059471432723960584,2620,214.0
9940815,source,International Journal of Services Operations and Informatics,1741-539X,B,,0.058295272047019446,2621,43.0
4210240749,source,Indonesian Journal of Sustainability Accounting and Management,2597-6214,B,,0.057816872591901144,2622,101.0
4210208616,source,Innovative Marketing,1814-2427,B,,0.05751745998389681,2623,212.0
122725048,institution,Simon Kuznets Kharkiv National University of Economics,,,UA,0.057231798691876945,2624,50.49722222222223
15896350,institution,Guru Jambheshwar University of Science and Technology,,,IN,0.056768623852105425,2625,87.95
2764670738,source,Journal of Governance and Regulation,2220-9352,B,,0.05584367896948306,2626,312.0
4210176635,source,International Review,2217-9739,E,,0.05554059494865752,2627,40.0
108326093,institution,Ithaka Harbors,,,US,0.055224549989654,2628,74.46944999444999
126582591,source,World Review of Entrepreneurship Management and Sustainable Development,1746-0573,B,,0.05385850701119407,2629,155.0
155832970,source,International Journal of Advanced Operations Management,1758-938X,B,,0.053060244355762315,2630,62.0
4210208307,source,Dirección y Organización,1132-175X,X,,0.05278868782045788,2631,71.0
4210183127,source,Cuadernos de Economía,0121-4772,E,,0.05273222977735619,2632,89.0
2736730828,source,Management,1331-0194,X,,0.05264856100227986,2633,125.0
14567820,source,The Journal of developing areas,0022-037X,E,,0.052246957388398775,2634,7.0
4210186947,source,Finance Contrôle Stratégie,1287-1141,B,,0.051901069431355605,2635,29.0
97548893,source,American Journal of Economics and Sociology,0002-9246,E,,0.05158703687117108,2636,81.0
187151359,source,International Journal of Economics and Business Research,1756-9850,B,,0.05142829698469807,2637,234.0
2738303727,source,Revista de estudios empresariales,0213-8964,X,,0.05006933374480266,2638,82.0
2764742558,source,International Journal of Marketing Studies,1918-719X,X,,0.04994208252601362,2639,59.0
4210210868,source,Revue internationale P M E Économie et gestion de la petite et moyenne entreprise,0776-5436,X,,0.049838574857398475,2640,107.0
4210218165,source,Asia-Pacific Management Accounting Journal,1675-3194,B,,0.0492419679910753,2641,113.0
2898476603,source,Investigaciones de Historia Económica,1698-6989,E,,0.048710475827170474,2642,149.0
2764431486,source,World Review of Political Economy,2042-891X,X,,0.04811433865683194,2643,40.0
62246846,source,International Journal of Accounting Auditing and Performance Evaluation,1740-8008,B,,0.04801509870001827,2644,107.0
4210172326,source,Journal of Management and Sustainability,1925-4725,B,,0.04654979671827001,2645,68.0
4210191463,source,Upravlenets,2218-5003,X,,0.04644254420015721,2646,75.0
2764563877,source,EUROPEAN RESEARCH STUDIES JOURNAL,1108-2976,B,,0.04638846669200414,2647,648.0
178202027,source,International Journal of Services and Operations Management,1744-2370,B,,0.045800251272179265,2648,305.0
4210185932,source,J for Global Business Advancement,1746-966X,X,,0.04512510804286067,2649,170.0
2739303216,source,Journal of Tax Reform,2412-8872,E,,0.0449932881260883,2650,26.0
52125040,source,International Journal of Logistics Systems and Management,1742-7967,B,,0.04487808567101983,2651,254.0
4210230096,source,Journal of Accounting and Finance,2158-3625,B,,0.04480303222105676,2652,126.0
2764984103,source,Business Management and Strategy,2157-6068,B,,0.04470941713762591,2653,79.0
2764678689,source,Accounting and Finance Research,1927-5986,B,,0.04374477377624292,2654,75.0
149851306,institution,National Academy of Sciences of Ukraine,,,UA,0.04326844799467713,2655,57.79285714285713
2764848322,source,International Journal of Human Resource Studies,2162-3058,B,,0.04296617592362678,2656,110.0
44763245,source,International Journal of Green Economics,1744-9928,E,,0.04281878779369628,2657,96.0
83511262,source,International Journal of Productivity and Quality Management,1746-6474,B,,0.042571743005706944,2658,315.0
2764640640,source,Baltic Journal of Economic Studies,2256-0742,E,,0.041735528362607154,2659,236.0
4210190158,source,Journal of Economic Policy Researches / İktisat Politikası Araştırmaları Dergisi,2148-3876,E,,0.04144239740273809,2660,16.0
57156483,institution,Kyiv National Economic University named after Vadym Hetman,,,UA,0.04137580904628844,2661,127.02865800865803
4210193298,source,EMC Review - Časopis za ekonomiju - APEIRON,2232-8823,X,,0.04120757192373544,2662,109.0
2764883772,source,Serbian Journal of Management,1452-4864,B,,0.040668587750587556,2663,58.0
113338421,source,International Journal of Business Performance Management,1368-4892,B,,0.040328675744474615,2664,120.0
4210216073,source,Agricultural and Resource Economics International Scientific E-Journal,2414-584X,E,,0.040239659749907834,2665,95.0
2764873792,source,African Journal of Business and Economic Research,1750-4554,E,,0.03978950051033298,2666,27.0
105584983,source,International Journal of Management and Decision Making,1462-4621,B,,0.03968667609335356,2667,96.0
196118188,source,International Journal of Services Economics and Management,1753-0822,B,,0.039483579605462275,2668,90.0
2739118867,source,Revista Universidad y Empresa,0124-4639,X,,0.039284427838515885,2669,44.0
4210228924,source,Sosyoekonomi,1305-5577,E,,0.03744838101029241,2670,140.0
4210227272,source,Economic Annals-ХХI,1728-6220,X,,0.03684539388682187,2671,66.0
976474146,source,Politická ekonomie,0032-3233,E,,0.036565335199007176,2672,124.0
135812718,source,Asian Case Research Journal,0218-9275,A,,0.03641510891877851,2673,64.0
2764494274,source,International Journal of Business Administration,1923-4007,B,,0.03633844208581477,2674,61.0
2737537699,source,Our Economy Journal of Contemporary Issues in Economics and Business,0547-3101,E,,0.03628512223318695,2675,80.0
185520838,institution,State University of Trade and Economics,,,UA,0.03612253226468112,2676,117.2023015873016
160977438,institution,West Ukrainian National University,,,UA,0.03578337317313862,2677,50.76349206349206
56187647,source,International Journal of Logistics Economics and Globalisation,1741-5373,X,,0.0347116305705614,2678,47.0
4306509737,source,Eskişehir Osmangazi Üniversitesi İktisadi ve İdari Bilimler Dergisi,1306-6730,E,,0.03409830732396745,2679,72.0
4210232703,source,Gospodarka Narodowa,0867-0005,E,,0.03373381282868694,2680,80.0
2737535994,source,Contaduría y Administración,0186-1042,X,,0.03338588933386408,2681,125.0
170367418,source,International Journal of Pluralism and Economics Education,1757-5648,E,,0.03326104682786753,2682,78.0
4210172834,source,Revista de Economía Institucional,0124-5996,E,,0.03309960980833873,2683,44.0
2764846857,source,Economics and Business Review/The Poznań University of Economics Review,1643-5877,E,,0.03283670856550808,2684,92.0
138197279,source,International Journal of Trade and Global Markets,1742-7541,A,,0.03263172843697282,2685,155.0
154565395,source,International Journal of Services Technology and Management,1460-6720,B,,0.03236834845439055,2686,63.0
200280692,institution,Lviv University,,,UA,0.032198353173501906,2687,69.9514285714286
4210225597,source,Problemy Zarządzania - Management Issues,1644-9584,B,,0.032057773994172874,2688,95.0
4210179731,source,Cuadernos de Administración,0120-4645,X,,0.0319010934778025,2689,60.0
166349642,institution,Sumy National Agrarian University,,,UA,0.031325164041007755,2690,54.24761904761905
164875865,source,International Journal of Banking Accounting and Finance,1755-3830,B,,0.030930909620703627,2691,95.0
4210197436,source,Vierteljahrshefte zur Wirtschaftsforschung,0340-1707,E,,0.030715774995123665,2692,30.0
4210226746,source,Ekonomia i Prawo,1898-2255,E,,0.030090672007425146,2693,164.0
52048951,source,International Journal of Business and Globalisation,1753-3627,B,,0.029884011909739758,2694,352.0
4210180908,source,Financial Internet Quarterly,2719-3454,B,,0.029494855245454685,2695,58.0
4210189864,source,The Economics and Finance Letters,2312-430X,B,,0.028981381983129374,2696,49.0
112489639,source,International Journal of Computational Economics and Econometrics,1757-1170,E,,0.028805053408010605,2697,86.0
4210240795,source,ReMark - Revista Brasileira de Marketing,2177-5184,B,,0.02708500887316197,2698,133.0
4387279745,source,Bankers Markets & Investors,2101-9304,X,,0.02701646072328991,2699,26.0
208086522,institution,National University of Life and Environmental Sciences of Ukraine,,,UA,0.026898093309770187,2700,47.28644110275689
42911722,source,International Journal of Economic Policy in Emerging Economies,1752-0452,X,,0.026325696709093637,2701,199.0
98435010,institution,Lviv Polytechnic National University,,,UA,0.02617558542387352,2702,91.56690476190475
4210240632,source,De Computis - Revista Española de Historia de la Contabilidad,1886-1881,B,,0.02607040220853315,2703,81.0
146380144,source,International Journal of Business and Emerging Markets,1753-6219,B,,0.024835656316216446,2704,123.0
2764734295,source,Management Theory and Studies for Rural Business and Infrastructure Development,1822-6760,B,,0.02454185497021397,2705,145.0
149838422,source,International Journal of Value Chain Management,1741-5357,B,,0.0227812930912218,2706,72.0
4210196335,source,"Scientific Papers of the University of Pardubice. Series D, Faculty of Economics and Administration",1211-555X,X,,0.022487703005557858,2707,110.0
4210174932,source,Statistika Statistics and Economy Journal,0322-788X,X,,0.02176073413341678,2708,16.0
992988095,source,Ekonomický časopis,0013-3035,E,,0.02138735515569775,2709,56.0
4210193511,source,Economics and Mathematical Methods,0424-7388,X,,0.02080684517722402,2710,72.0
2764998092,source,International Journal of Academic Research in Economics and Management Sciences,2226-3624,B,,0.020799231519300583,2711,301.0
167383514,source,Ekonomista,0013-3205,E,,0.020769795493953445,2712,102.0
2764555313,source,International Journal of Business,1083-4346,B,,0.020535133072874797,2713,23.0
4210215609,source,Economics ecology socium,2616-7107,E,,0.02053309164475247,2714,64.0
2737685543,source,Revista Finanzas y Política Económica,2011-7663,X,,0.020134960896668434,2715,42.0
44088940,source,International Journal of Management Concepts and Philosophy,1478-1484,B,,0.01923969411312557,2716,83.0
185325801,source,Journal of Korea Trade,1229-828X,E,,0.019154918079452073,2717,2.0
52073566,source,International Journal of Technology Transfer and Commercialisation,1470-6075,B,,0.018623382778804966,2718,61.0
4210175534,source,Financial and credit activity problems of theory and practice,2306-4994,E,,0.017980060614384705,2719,310.0
12497220,source,International Journal of Business and Systems Research,1751-200X,B,,0.01767086986772901,2720,128.0
166797808,source,International Journal of Indian Culture and Business Management,1753-0806,B,,0.016958651408391107,2721,222.0
4210234983,source,Journal on Innovation and Sustainability RISUS,2179-3565,X,,0.015645166417840823,2722,115.0
2736327412,source,"Contabilidade, Gestão e Governança/UNB Contábil",1516-7011,X,,0.015453359007449444,2723,74.0
2737293501,source,Ekonomski vjesnik,0353-359X,E,,0.015176099409766051,2724,57.0
4210192748,source,International Journal of Academic Research in Accounting Finance and Management Sciences,2225-8329,B,,0.014819900485038158,2725,397.0
21322974,source,International Journal of Learning and Change,1740-2875,B,,0.014125136325700161,2726,141.0
4210178298,source,INTERNATIONAL JOURNAL OF MANAGEMENT,0976-6502,B,,0.012818394530639323,2727,104.0
2737717374,source,Ekonomska misao i praksa,1330-1039,E,,0.012381272165460401,2728,94.0
4210186714,source,Marketing,0354-3471,B,,0.010953799365589947,2729,23.0
168387291,source,Asian Journal of Management Cases,0972-8201,X,,0.010852520890789582,2730,121.0
2764906524,source,Review of Economics and Finance,1923-7529,B,,0.010066064648340983,2731,93.0
2764953695,source,International Review of Management and Business Research,2306-9007,B,,0.008855600411087567,2732,13.0
2737657525,source,Lecturas de Economía,0120-2596,E,,0.00799762230033531,2733,44.0
4210223036,source,Mehmet Akif Ersoy Üniversitesi İktisadi ve İdari Bilimler Fakültesi Dergisi,2149-1658,E,,0.00709619631001635,2734,141.0
2764951333,source,Ege Akademik Bakis (Ege Academic Review),1303-099X,E,,0.006627298542451661,2735,55.0
4210196821,source,International Journal of Finance,2520-0852,X,,0.005196490886781225,2736,20.0
2737009078,source,APUNTES DEL CENES,0120-3053,E,,0.004411532901697784,2737,24.0
4210185081,source,Revista de Economia Mackenzie,1678-5002,E,,0.0031380365170536567,2738,54.0
32895864,source,Actual Problems of Economics,1993-6788,X,,0.002845328089110175,2739,35.0
4210190232,source,Academic Review,2074-5354,E,,0.0008315963539634771,2740,31.0
4210225772,source,REICE Revista Electrónica de Investigación en Ciencias Económicas,2308-782X,E,,0.0004931123295916883,2741,65.0
4210174903,source,Scientific Bulletin of Mukachevo State University Series “Economics”,2313-8114,E,,0.00014321937207788425,2742,45.0
