unique_issn_list,era_journal_name,era_field,harzing_journal_name,harzing_field,wos_journal_name,wos_abbreviation,wos_categories
[2413-9505],Cern Ideasquare Journal of Experimental Innovation,"Strategy, management and organisational behaviour",,,,,
[0133-0179],Budapest Management Review,Human resources and industrial relations,,,,,
[1108-2976],European Research Studies Journal,"Accounting, auditing and accountability",,,,,
[2516-8142],International Hospitality Review,Commercial services,,,,,
"[2035-603X, 1720-3929]",Italian Journal of Regional Science,"Transportation, logistics and supply chains",,,,,
[0308-5961],,,Telecommunications Policy,"MIS, KM",,,
[1593-8522],Il Pensiero Economico Moderno,Applied economics,,,,,
"[2254-3457, 0210-9107]",Papeles de Economia Espanola,Applied economics,,,,,
[0022-9709],Keio Economic Studies,Applied economics,,,,,
"[1837-5685, 1832-9543]",International Review of Business Research Papers,"Accounting, auditing and accountability",,,,,
[0035-5356],Rikkyo Economic Review,Applied economics,,,,,
[0090-0036],,,American Journal of Public Health,Economics,,,
"[2059-1586, 2051-8757]","Business, Peace and Sustainable Development",Applied economics,,,,,
"[1865-7516, 1865-6544, 0254-9697]",Marketing Review St Gallen,Marketing,,,,,
"[1810-5467, 1727-7051]",Problems and Perspectives in Management,"Strategy, management and organisational behaviour",,,,,
"[0219-1466, 0218-9283]",Asia Pacific Journal of Finance,"Accounting, auditing and accountability",,,,,
[1094-6136],,,Journal of Scheduling,"OR,MS,POM",,,
[1356-3890],,,Evaluation,PSM,,,
[0968-0543],Journal of European Business Education,Human resources and industrial relations,,,,,
[1916-7873],"Recreation and Society in Africa, Asia and South America",Commercial services,,,,,
"[1887-1585, 1134-6019]",ADOZ: Revista de Estudios de Ocio,Tourism,,,,,
[0022-4537],,,Journal of Social Issues,Sociology,,,
[0305-7410],,,China Quarterly,Economics,,,
"[1528-6940, 1059-9231]",Journal of Asia Pacific Business,Marketing,,,,,
"[1923-6700, 1712-8358]",Cross-Cultural Communication,"Strategy, management and organisational behaviour",,,,,
[1082-1910],International Journal of Operations and Quantitative Management,"Transportation, logistics and supply chains",,,,,
"[1746-9678, 1746-966X]",Journal for Global Business Advancement,Applied economics,,,,,
[1675-7227],International Journal of Banking and Finance,"Banking, finance and investment",,,,,
[0739-7011],FIU Hospitality Review,Commercial services,,,,,
"[0882-3138, 0196-3821]",Research in Finance,"Banking, finance and investment",,,,,
[1445-033X],Management Case Study Journal,Human resources and industrial relations,,,,,
[1946-052X],Asian Journal of Finance and Accounting,"Accounting, auditing and accountability",,,,,
"[2157-0698, 1931-0269]",The International Journal of Business and Finance Research,"Accounting, auditing and accountability",,,,,
"[2338-5847, 2085-8272]",Journal of Indonesian Economy and Business,"COMMERCE, MANAGEMENT, TOURISM AND SERVICES",,,,,
[1993-6788],Actual Problems of economics,"Banking, finance and investment",,,,,
"[2467-9895, 1052-0457]",Research in Accounting Regulation,"Accounting, auditing and accountability",Research in Accounting Regulation,F&A,,,
"[1930-076X, 1558-6235]",International Journal of Sport Finance,"Banking, finance and investment",,,,,
[1546-234X],International Journal of Sport Management,Commercial services,,,,,
[1447-7033],Australasian Journal of Business and Social Inquiry,Human resources and industrial relations,,,,,
"[1468-0319, 0140-489X]",Economic Outlook,Applied economics,,,,,
"[2055-5644, 2055-5636]",Journal of Strategic Contracting and Negotiation,"Strategy, management and organisational behaviour",,,,,
[0968-090X],,,Transportation Research Part C: Emerging Technologies,"OR,MS,POM",,,
"[2665-1327, 0120-4483]",Ensayos Sobre Politica Economica,"Banking, finance and investment",,,,,
[2180-2777],Business and Management Quarterly Review,Marketing,,,,,
"[1741-5225, 1470-9503]",International Journal of Networking and Virtual Organisations,Business systems in context,,,,,
[1469-1825],,,Behavioral and Brain Sciences,Psychology,,,
[1753-0296],International Journal of Business Science and Applied Management,Human resources and industrial relations,,,,,
"[1438-261X, 0343-754X]",Economic Bulletin,Applied economics,,,,,
"[2378-8615, 1555-2411]",International Journal of Strategic Management,Human resources and industrial relations,,,,,
"[1697-9133, 1697-4840]",Journal of Maritime Research,"Transportation, logistics and supply chains",,,,,
[0019-5286],Indian Journal of Industrial Relations,Human resources and industrial relations,,,,,
"[0581-1023, 0354-3471]",Quarterly Marketing Journal,Marketing,,,,,
[0897-0378],Internal Auditing,"Accounting, auditing and accountability",,,,,
[0011-7625],Defense Transportation Journal,"Transportation, logistics and supply chains",,,,,
"[1547-9854, 1547-9846]",Foundations and Trends in Microeconomics,Economic theory,,,,,
"[1750-4104, 1750-4090]",International Journal of Tourism Policy,Tourism,,,,,
[0925-7535],,,Safety Science,"OR,MS,POM",,,
"[1467-6281, 0001-3072]",Abacus,"Accounting, auditing and accountability",Abacus,F&A,Abacus-A Journal of Accounting Finance and Business Studies,ABACUS,"['BUSINESS, FINANCE']"
"[1941-6520, 1941-6067]",The Academy of Management Annals,"Strategy, management and organisational behaviour",Academy of Management Annals,Gen & Strat,Academy of Management Annals,ACAD MANAG ANN,"[BUSINESS, MANAGEMENT]"
"[1467-629X, 0810-5391]",Accounting and Finance,"Accounting, auditing and accountability",Accounting and Finance,F&A,Accounting and Finance,ACCOUNT FINANC,"['BUSINESS, FINANCE']"
"[1558-7975, 0888-7993]",Accounting Horizons,"Accounting, auditing and accountability",Accounting Horizons,F&A,Accounting Horizons,ACCOUNT HORIZ,"['BUSINESS, FINANCE']"
"[1467-8292, 1370-4788]",,,Annals of Public and Cooperative Economics,Economics,Annals of Public and Cooperative Economics,ANN PUBLIC COOP ECON,[ECONOMICS]
"[1757-4331, 1757-4323]",Asia-Pacific Journal of Business Administration,Human resources and industrial relations,,,Asia-Pacific Journal of Business Administration,ASIA-PAC J BUS ADM,[BUSINESS]
"[1783-1350, 0515-0361]",,,Astin Bulletin,F&A,Astin Bulletin-The Journal of the International Actuarial Association,ASTIN BULL,[ECONOMICS]
"[1612-7501, 1610-241X]",CESifo Economic Studies,Applied economics,,,CESifo Economic Studies,CESIFO ECON STUD,[ECONOMICS]
"[1558-0954, 1097-1475]",The Chinese Economy: translation and studies,"Banking, finance and investment",,,CHINESE ECONOMY,CHIN ECON,[ECONOMICS]
"[1873-7382, 0272-7757]",Economics of Education Review,Applied economics,Economics of Education Review,Education,ECONOMICS OF EDUCATION REVIEW,ECON EDUC REV,[ECONOMICS]
"[1873-6122, 0264-9993]",Economic Modelling,"Banking, finance and investment",Economic Modelling,Economics,ECONOMIC MODELLING,ECON MODEL,[ECONOMICS]
"[1759-3441, 0812-0439]",Economic Papers: a journal of applied economics and policy,"Banking, finance and investment",,,Economic Papers,ECON PAP,[ECONOMICS]
"[1468-0327, 0266-4658]",Economic Policy,Applied economics,Economic Policy,Economics,ECONOMIC POLICY,ECON POLICY,[ECONOMICS]
"[1878-5433, 0939-3625]",Economic Systems,"Banking, finance and investment",,,Economic Systems,ECON SYST,[ECONOMICS]
"[2577-6975, 2577-6983, 1468-0351, 0967-0750]",Economics of Transition and Institutional Change,"Banking, finance and investment",Economics of Transition,Economics,Economics of Transition and Institutional Change,ECON TRANSIT I CHANG,[ECONOMICS]
"[1572-9982, 0013-063X]",De Economist,Applied economics,,,ECONOMIST-NETHERLANDS,ECONOMIST-NETHERLAND,[ECONOMICS]
"[1573-6911, 0340-8744]",Empirica,Applied economics,,,Empirica,EMPIRICA,[ECONOMICS]
"[1758-7069, 0142-5455]",Employee Relations,Human resources and industrial relations,Employee Relations,"OS/OB,HRM/IR",EMPLOYEE RELATIONS,EMPL RELAT,[MANAGEMENT]
"[1867-383X, 1432-847X]",Environmental Economics and Policy Studies,Applied economics,,,Environmental Economics and Policy Studies,ENVIRON ECON POLICY,[ECONOMICS]
"[1468-0408, 0267-4424]",,,Financial Accountability and Management,F&A,Financial Accountability & Management,FINANC ACCOUNT MANAG,"['BUSINESS, FINANCE']"
"[1746-6539, 1741-3591]",International Journal of Disclosure and Governance,"Accounting, auditing and accountability",,,International Journal of Disclosure and Governance,INT J DISCL GOV,[MANAGEMENT]
"[1753-8408, 1753-8394]",International Journal of Islamic and Middle Eastern Finance and Management,"Banking, finance and investment",,,International Journal of Islamic and Middle Eastern Finance and Management,INT J ISLAMIC MIDDLE,"['BUSINESS, FINANCE', MANAGEMENT]"
"[2040-4174, 2040-4166]",International Journal of Lean Six Sigma,"Strategy, management and organisational behaviour",,,International Journal of Lean Six Sigma,INT J LEAN SIX SIG,[MANAGEMENT]
"[1479-4861, 1479-4853]",International Journal of Learning and Intellectual Capital,Business systems in context,,,INTERNATIONAL JOURNAL OF LEARNING AND INTELLECTUAL CAPITAL,INT J LEARN INTELL C,"[BUSINESS, MANAGEMENT]"
"[1468-2389, 0965-075X]",,,International Journal of Selection and Assessment,"OS/OB,HRM/IR",INTERNATIONAL JOURNAL OF SELECTION AND ASSESSMENT,INT J SELECT ASSESS,[MANAGEMENT]
"[1758-6712, 0306-8293]",International Journal of Social Economics,Applied economics,International Journal of Social Economics,Economics,INTERNATIONAL JOURNAL OF SOCIAL ECONOMICS,INT J SOC ECON,[ECONOMICS]
"[2056-7405, 1074-0708]",Journal of Agricultural and Applied Economics,Applied economics,,,Journal of Agricultural and Applied Economics,J AGRIC APPL ECON,[ECONOMICS]
"[1559-2243, 1558-7894]",Journal of Asia Business Studies,Human resources and industrial relations,,,Journal of Asia Business Studies,J ASIA BUS STUD,[BUSINESS]
"[1528-6959, 1066-9868]",Journal of East-West Business,Human resources and industrial relations,,,Journal of East-West Business,J EAST-WEST BUS,[BUSINESS]
"[1471-6372, 0022-0507]",,,Journal of Economic History,Economics,JOURNAL OF ECONOMIC HISTORY,J ECON HIST,[ECONOMICS]
"[1878-576X, 1386-4181]",Journal of Financial Markets,"Accounting, auditing and accountability",Journal of Financial Markets,F&A,JOURNAL OF FINANCIAL MARKETS,J FINANC MARK,"['BUSINESS, FINANCE']"
"[1528-6975, 0891-1762]",Journal of Global Marketing,Marketing,Journal of Global Marketing,Marketing,Journal of Global Marketing,J GLOB MARK,[BUSINESS]
"[1095-8681, 0889-1583]",Journal of the Japanese and International Economies,"Banking, finance and investment",,,JOURNAL OF THE JAPANESE AND INTERNATIONAL ECONOMIES,J JPN INT ECON,[ECONOMICS]
"[1944-7175, 1069-6679]",Journal of Marketing Theory and Practice,Marketing,Journal of Marketing Theory and Practice,Marketing,Journal of Marketing Theory and Practice,J MARKET THEORY PRAC,[BUSINESS]
"[1746-5672, 1746-5664]",Journal of Modelling in Management,"Strategy, management and organisational behaviour",,,Journal of Modelling in Management,J MODEL MANAG,[MANAGEMENT]
"[1470-2002, 1463-578X]",Journal of Property Investment and Finance,"Banking, finance and investment",,,Journal of Property Investment & Finance,J PROP INVEST FINANC,"['BUSINESS, FINANCE']"
"[2210-2795, 1011-6702]",,,Journal of World Trade,Economics,JOURNAL OF WORLD TRADE,J WORLD TRADE,[ECONOMICS]
"[2366-049X, 0021-4027]",Jahrbucher fur Nationalokonomie und Statistik,Applied economics,,,JAHRBUCHER FUR NATIONALOKONOMIE UND STATISTIK,JAHRB NATL STAT,[ECONOMICS]
"[1468-5876, 1352-4739]",Japanese Economic Review,Applied economics,,,JAPANESE ECONOMIC REVIEW,JPN ECON REV,[ECONOMICS]
"[1467-999X, 0026-1386]",Metroeconomica: international review of economics,Applied economics,,,Metroeconomica,METROECONOMICA,[ECONOMICS]
"[1468-005X, 0268-1072]","New Technology, Work and Employment",Human resources and industrial relations,"New Technology, Work and Employment","OS/OB,HRM/IR",NEW TECHNOLOGY WORK AND EMPLOYMENT,NEW TECH WORK EMPLOY,[MANAGEMENT]
"[1873-3530, 0090-2616]",,,Organizational Dynamics,"OS/OB,HRM/IR",ORGANIZATIONAL DYNAMICS,ORGAN DYN,"[BUSINESS, MANAGEMENT]"
"[2041-5494, 0114-0582]",Pacific Accounting Review,"Accounting, auditing and accountability",,,Pacific Accounting Review,PAC ACCOUNT REV,"['BUSINESS, FINANCE']"
"[2336-730X, 1210-0455]",Prague Economic Papers: quarterly journal of economic theory and policy,Applied economics,,,Prague Economic Papers,PRAGUE ECON PAP,[ECONOMICS]
"[1573-711X, 1570-7156]",Quantitative Marketing and Economics,Applied economics,Quantitative Marketing and Economics,Marketing,QME-Quantitative Marketing and Economics,QME-QUANT MARK ECON,"[ECONOMICS, BUSINESS]"
"[1360-0591, 0034-3404]",,,Regional Studies,PSM,REGIONAL STUDIES,REG STUD,[ECONOMICS]
"[2049-5331, 2049-5323]",Review of Keynesian Economics,"Banking, finance and investment",,,Review of Keynesian Economics,REV KEYNES ECON,[ECONOMICS]
[2227-9091],Risks,"Banking, finance and investment",,,Risks,RISKS,"['BUSINESS, FINANCE']"
"[2321-0273, 2277-9787]",South Asian Journal of Macroeconomics and Public Finance,Applied economics,,,South Asian Journal of Macroeconomics and Public Finance,S ASIAN J MACROEC PU,[ECONOMICS]
"[1533-2977, 1533-2969]",Services Marketing Quarterly,Commercial services,,,Services Marketing Quarterly,SERV MARK Q,[BUSINESS]
"[2448-718X, 0041-3011]",El Trimestre Economico,Applied economics,,,TRIMESTRE ECONOMICO,TRIMEST ECON,[ECONOMICS]
"[1464-5343, 1369-1066]",Venture Capital,"Banking, finance and investment",,,Venture Capital,VENTUR CAP,"['BUSINESS, FINANCE']"
"[2415-0487, 1023-0564]",,,,,Acta Structilia,ACTA STRUCTILIA,[MANAGEMENT]
"[2213-6665, 2213-6657]",,,,,Analytic Methods in Accident Research,ANAL METHODS ACCID R,[TRANSPORTATION]
[2632-7627],,,,,Applied Economic Analysis,APPL ECON ANAL,[ECONOMICS]
"[1842-3264, 0424-267X]",,,,,Economic Computation and Economic Cybernetics Studies and Research,ECON COMPUT ECON CYB,[ECONOMICS]
[1303-099X],,,,,EGE ACADEMIC REVIEW,EGE ACAD REV,[ECONOMICS]
"[1847-2206, 0353-359X]",,,,,Ekonomski Vjesnik,EKON VJESN,[ECONOMICS]
[0123-5923],,,,,Estudios Gerenciales,ESTUD GERENC,[ECONOMICS]
"[1673-7431, 1673-7326]",,,,,Frontiers of Business Research in China,FRONT BUS RES CHINA,[BUSINESS]
"[2597-6222, 2597-6214]",,,,,Indonesian Journal of Sustainability Accounting and Management,INDONES J SUSTAIN AC,"['BUSINESS, FINANCE', MANAGEMENT]"
"[2422-3220, 0121-1048]",,,,,Inquietud Empresarial,INQUIET EMPRESARIAL,[BUSINESS]
"[2160-9810, 2160-9802]",,,,,International Journal of Applied Behavioral Economics,INT J APPL BEHAV ECO,[ECONOMICS]
"[2329-4892, 2329-4884]",,,,,International Journal of Business Communication,INT J BUS COMMUN,[BUSINESS]
[1804-9796],,,,,International Journal of Economic Sciences,INT J ECON SCI,[ECONOMICS]
[1847-9790],,,,,International Journal of Engineering Business Management,INT J ENG BUS MANAG,[BUSINESS]
"[1756-6274, 1756-6266]",,,,,International Journal of Gender and Entrepreneurship,INT J GEND ENTREP,[BUSINESS]
"[1548-0658, 1548-0666]",,,,,International Journal of Knowledge Management,INT J KNOWL MANAG,[MANAGEMENT]
"[2046-0449, 2046-0430]",,,,,International Journal of Transportation Science and Technology,INT J TRANSP SCI TEC,[TRANSPORTATION]
[2630-5488],,,,,Istanbul Business Research,ISTANB BUS RES,"['BUSINESS, FINANCE']"
"[2029-4433, 1611-1699]",,,,,Journal of Business Economics and Management,J BUS ECON MANAG,"[ECONOMICS, BUSINESS]"
"[2251-7316, 2228-7566]",,,,,Journal of Global Entrepreneurship Research,J GLOB ENTREP RES,[BUSINESS]
"[2424-8630, 2424-8622]",,,,,Journal of Industrial Integration and Management-Innovation and Entrepreneurship,J IND INTEGR MANAG,[MANAGEMENT]
"[2376-2977, 1652-2354]",,,,,Journal of Media Business Studies,J MEDIA BUS STUD,[BUSINESS]
"[2151-318X, 1937-321X]",,,,,Journal of Neuroscience Psychology and Economics,J NEUROSCI PSYCHOL E,[ECONOMICS]
"[1754-9965, 1754-9957]",,,,,Journal of World Energy Law & Business,J WORLD ENERGY LAW B,[BUSINESS]
"[1477-8246, 1477-8238]",,,,,Knowledge Management Research & Practice,KNOWL MAN RES PRACT,[MANAGEMENT]
[1300-3623],,,,,Maliye Dergisi,MALIYE DERG,"['BUSINESS, FINANCE']"
"[2334-5985, 0738-1360]",,,,,Marine Resource Economics,MAR RESOUR ECON,[ECONOMICS]
"[1938-2855, 1060-586X]",,,,,POST-SOVIET AFFAIRS,POST-SOV AFF,[ECONOMICS]
"[2064-8278, 0031-496X]",,,,,Public Finance Quarterly-Hungary,PUBLIC FINANC Q-HUNG,"['BUSINESS, FINANCE']"
[0042-8736],,,,,Voprosy Ekonomiki,VOPR EKON,[ECONOMICS]
[2673-4060],,,,,World,WORLD-BASEL,[ECONOMICS]
"[1443-9913, 1443-9905]",Journal of Applied Management Accounting Research,"Accounting, auditing and accountability",,,,,
"[2213-8102, 2213-8099]",Technology Transfer and Entrepreneurship,"Strategy, management and organisational behaviour",,,,,
"[1869-8182, 1869-814X]",AMS Review,Marketing,,,,,
"[1759-8451, 1660-5373, 0251-3102]",Tourism Review,Tourism,,,,,
[1655-1516],Philippine Review of Economics,"COMMERCE, MANAGEMENT, TOURISM AND SERVICES",,,,,
"[2311-4185, 2226-3624]",International Journal of Academic Research in Economics and Management Sciences,Human resources and industrial relations,,,,,
"[2029-7491, 2029-6169]","Business, Management and Education",Human resources and industrial relations,,,,,
"[2159-6816, 1174-5398]",Annals of leisure research,Commercial services,,,,,
[0737-0024],,,Human-Computer Interaction,"MIS, KM",,,
"[1989-4635, 1139-7861]",Cuadernos de Turismo,Tourism,,,,,
[2071-7873],Asian Forum on Business Education Journal,Marketing,,,,,
[1944-3900],,,AIS Transactions on Human-Computer Interaction,"MIS, KM",,,
[1832-0422],Australasian Journal of Business and Behavioural Sciences,"Accounting, auditing and accountability",,,,,
"[1857-9108, 1857-9094]",Journal of Contemporary Economic and Business Issues,Business systems in context,,,,,
"[2051-4700, 1470-5001]",Journal of Corporate Citizenship,"Strategy, management and organisational behaviour",,,,,
"[1745-3550, 1745-3542]",Advances in Hospitality and Leisure,Tourism,,,,,
[1742-2647],International Journal of Applied Quality Management (Doncaster),"Strategy, management and organisational behaviour",,,,,
"[1741-8178, 1477-9056]",International Journal of Product Development,"Strategy, management and organisational behaviour",,,,,
"[1744-2389, 1744-2370]",International Journal of Services and Operations Management,"Strategy, management and organisational behaviour",,,,,
"[1465-9840, 1463-6697]","Info: the journal of policy, regulation and strategy for telecommunications, information and media",Applied economics,,,,,
"[1939-2249, 1939-2230]",Academy of Banking Studies Journal,"Banking, finance and investment",,,,,
"[1994-7658, 1314-0817]",European Journal of Tourism Research,Tourism,,,,,
[1471-6909],,,International Journal of Public Opinion Research,Marketing,,,
"[1758-941X, 1758-9401]",International Journal of Business Performance and Supply Chain Modelling,"Strategy, management and organisational behaviour",,,,,
[1120-7019],Journal of Public Finance,"Banking, finance and investment",,,,,
[1479-3563],Research in Accounting in Emerging Economies,"Accounting, auditing and accountability",,,,,
"[1934-6735, 1934-6727]",Review of Management Innovation and Creativity,Human resources and industrial relations,,,,,
[0022-2496],,,Journal of Mathematical Psychology,Psychology,,,
"[1936-4784, 0003-1232]",The American Sociologist,"COMMERCE, MANAGEMENT, TOURISM AND SERVICES",,,,,
"[2372-367X, 1551-4498]",Oxford Journal,Econometrics,,,,,
[1010-4135],The Accountant (Kenya),"Accounting, auditing and accountability",,,,,
"[2040-0551, 1474-2748]",International Journal of Technology Management and Sustainable Development,"Strategy, management and organisational behaviour",,,,,
[0021-9916],,,Journal of Communication,Comm,,,
"[1467-9914, 1121-7081]",Labour: review of labour economics and industrial relations,Human resources and industrial relations,Labour,Economics,,,
[1467-9876],,,Journal of the Royal Statistical Society. Series C: Applied St,"OR,MS,POM",,,
"[2383-7276, 2287-7940]",International Journal of Transportation,"Transportation, logistics and supply chains",,,,,
"[2574-8904, 1550-333X]",New England Journal of Entrepreneurship,Human resources and industrial relations,,,,,
"[1348-7787, 0288-8432, 0287-5306]",Monetary and Economic Studies,"Banking, finance and investment",,,,,
"[1521-0588, 0149-0400]",Leisure Sciences,Tourism,Leisure Sciences,Tourism,,,
"[1703-8138, 0034-379X]",Industrial Relations,Human resources and industrial relations,,,,,
"[1746-6970, 1746-6962]",International Journal of Inventory Research,"Transportation, logistics and supply chains",,,,,
[0022-3506],,,Journal of Personality,Psychology,,,
[0887-4417],,,Journal of Computer Information Systems,"MIS, KM",,,
"[2194-007X, 2194-0061]",Global Business Perspectives,"Strategy, management and organisational behaviour",,,,,
"[1472-1384, 1469-347X]",The Marketing Review,Marketing,,,,,
"[1751-6455, 1751-6447]",Afro-Asian Journal of Finance and Accounting,"Accounting, auditing and accountability",,,,,
[1535-668X],Journal of Business and Management,Human resources and industrial relations,,,,,
"[1467-7717, 0361-3666]","Disasters: the journal of disaster studies, policy and management","Strategy, management and organisational behaviour",,,,,
"[1980-5381, 0103-6351]",Nova Economia: the journal of the economics department at UFMG,Applied economics,,,,,
[2673-5768],Tourism and Hospitality,Commercial services,,,,,
"[1746-0166, 1478-0844, 1463-5178]","Journal of Direct, Data and Digital Marketing Practice",Marketing,,,,,
[0309-1325],,,Progress in Human Geography,Sociology,,,
[1993-8233],African Journal of Business Management,Human resources and industrial relations,,,,,
"[2710-5245, 1019-567X]",Management Dynamics,Human resources and industrial relations,,,,,
[0171-6468],,,OR Spectrum,"OR,MS,POM",,,
[0007-1315],,,British Journal of Sociology,Sociology,,,
"[1949-971X, 1070-941X]",Journal of Performance Management,"Accounting, auditing and accountability",,,,,
[0023-656X],,,Labor History,"OS/OB,HRM/IR",,,
[1948-5506],,,Social Psychological and Personality Science,Psychology,,,
[1076-898X],,,Journal of Experimental Psychology: Applied,Psychology,,,
[2165-3755],Journal of Forensic and Investigative Accounting,"Accounting, auditing and accountability",,,,,
[1556-5793],"Journal of Accounting, Finance and Management Strategy","Banking, finance and investment",,,,,
"[0976-6510, 0976-6502]",International Journal of Management,Human resources and industrial relations,,,,,
"[1753-3619, 1753-3600]",International Journal of Sustainable Strategic Management,"Strategy, management and organisational behaviour",,,,,
"[2308-3816, 2222-6990]",International Journal of Academic Research in Business and Social Sciences,"Strategy, management and organisational behaviour",,,,,
"[1948-0989, 0001-4273]",Academy of Management Journal,Human resources and industrial relations,Academy of Management Journal,Gen & Strat,ACADEMY OF MANAGEMENT JOURNAL,ACAD MANAGE J,"[BUSINESS, MANAGEMENT]"
"[2180-4192, 1985-8299, 1823-4992]",Asian Academy of Management Journal of Accounting and Finance,"Accounting, auditing and accountability",,,Asian Academy of Management Journal of Accounting and Finance,ASIAN ACAD MANAG J A,"['BUSINESS, FINANCE']"
"[1467-8454, 0004-900X]",Australian Economic Papers,"COMMERCE, MANAGEMENT, TOURISM AND SERVICES",Australian Economic Papers,Economics,AUSTRALIAN ECONOMIC PAPERS,AUST ECON PAP,[ECONOMICS]
"[1467-8586, 0307-3378]",Bulletin of Economic Research,Applied economics,Bulletin of Economic Research,Economics,BULLETIN OF ECONOMIC RESEARCH,B ECON RES,[ECONOMICS]
"[1533-4465, 0007-2303]",Brookings Papers on Economic Activity,"Banking, finance and investment",Brookings Papers on Economic Activity,Economics,BROOKINGS PAPERS ON ECONOMIC ACTIVITY,BROOKINGS PAP ECO AC,[ECONOMICS]
"[1743-7938, 0007-6791]",,,Business History,Bus Hist,BUSINESS HISTORY,BUS HIST,[BUSINESS]
"[1552-4205, 0007-6503]",Business and Society,"Strategy, management and organisational behaviour",Business and Society,Gen & Strat,Business & Society,BUS SOC,[BUSINESS]
"[1936-4490, 0825-0383]",Canadian Journal of Administrative Sciences,Human resources and industrial relations,Canadian Journal of Administrative Sciences,Multidisciplinary,CANADIAN JOURNAL OF ADMINISTRATIVE SCIENCES-REVUE CANADIENNE DES SCIENCES DE L ADMINISTRATION,CAN J ADM SCI,"[BUSINESS, MANAGEMENT]"
"[1756-1388, 1756-137X]",China Agricultural Economic Review,Applied economics,,,China Agricultural Economic Review,CHINA AGR ECON REV,[ECONOMICS]
"[2010-0086, 2010-0078]",Climate Change Economics,Applied economics,,,Climate Change Economics,CLIM CHANG ECON,[ECONOMICS]
"[2051-3143, 1059-5422]",Competitiveness Review,"Strategy, management and organisational behaviour",,,Competitiveness Review,COMPET REV,[BUSINESS]
"[1540-5915, 0011-7315]",Decision Sciences,"COMMERCE, MANAGEMENT, TOURISM AND SERVICES",Decision Sciences,"OR,MS,POM",DECISION SCIENCES,DECISION SCI,[MANAGEMENT]
"[2450-0097, 2392-1641, 1643-5877]",Economics and Business Review,Applied economics,,,Economics and Business Review,ECON BUS REV-POL,[ECONOMICS]
"[1469-5758, 0953-5314]",Economic Systems Research,Economic theory,,,Economic Systems Research,ECON SYST RES,[ECONOMICS]
"[1873-6181, 0140-9883]",Energy Economics,"Banking, finance and investment",Energy Economics,Economics,Energy Economics,ENERG ECON,[ECONOMICS]
"[1940-1558, 0973-0664, 0972-1509]",Global Business Review,Human resources and industrial relations,,,Global Business Review,GLOB BUS REV,"[BUSINESS, MANAGEMENT]"
"[2300-5238, 0867-0005]",Gospodarka Narodowa,Applied economics,,,Gospodarka Narodowa-The Polish Journal of Economics,GOSPOD NARODOWA,[ECONOMICS]
"[2041-417X, 2041-4161]",IMF Economic Review,"Banking, finance and investment",IMF Economic Review,Economics,IMF Economic Review,IMF ECON REV,"[ECONOMICS, 'BUSINESS, FINANCE']"
"[1464-3650, 0960-6491]",Industrial and Corporate Change,"Strategy, management and organisational behaviour",Industrial and Corporate Change,Economics,INDUSTRIAL AND CORPORATE CHANGE,IND CORP CHANGE,"[ECONOMICS, BUSINESS, MANAGEMENT]"
"[1612-4812, 1612-4804]",International Economics and Economic Policy,"Banking, finance and investment",,,INTERNATIONAL ECONOMICS AND ECONOMIC POLICY,INT ECON ECON POL,[ECONOMICS]
"[1834-7649, 1758-9037, 1018-368X]",International Journal of Accounting and Information Management,"Accounting, auditing and accountability",,,International Journal of Accounting and Information Management,INT J ACCOUNT INF MA,[MANAGEMENT]
"[1741-5039, 1368-4892]",International Journal of Business Performance Management,Business systems in context,,,International Journal of Business Performance Management,INT J BUS PERFORM MA,[MANAGEMENT]
"[0973-7537, 0973-1385]",International Journal of Ecological Economics and Statistics,Applied economics,,,International Journal of Ecological Economics & Statistics,INT J ECOL ECON STAT,[ECONOMICS]
"[1758-6577, 0143-7720]",International Journal of Manpower,Human resources and industrial relations,International Journal of Manpower,"OS/OB,HRM/IR",INTERNATIONAL JOURNAL OF MANPOWER,INT J MANPOWER,[MANAGEMENT]
"[1741-5276, 0267-5730]",,,International Journal of Technology Management,Innovation,INTERNATIONAL JOURNAL OF TECHNOLOGY MANAGEMENT,INT J TECHNOL MANAGE,[MANAGEMENT]
"[1466-4402, 0959-3969]","International Review of Retail, Distribution and Consumer Research",Marketing,"International Review of Retail, Distribution and Consumer",RMarketing,International Review of Retail Distribution and Consumer Research,INT REV RETAIL DISTR,[BUSINESS]
"[1879-1980, 0165-4101]",Journal of Accounting and Economics,"Accounting, auditing and accountability",Journal of Accounting and Economics,F&A,JOURNAL OF ACCOUNTING & ECONOMICS,J ACCOUNT ECON,"[ECONOMICS, 'BUSINESS, FINANCE']"
"[1558-8017, 0198-9073]",,,Journal of the American Taxation Association,F&A,Journal of the American Taxation Association,J AM TAX ASSOC,"['BUSINESS, FINANCE']"
"[1873-7927, 1049-0078]",Journal of Asian Economics,"Banking, finance and investment",Journal of Asian Economics,Economics,Journal of Asian Economics,J ASIAN ECON,[ECONOMICS]
"[1479-179X, 1470-8272]",The Journal of Asset Management,"Banking, finance and investment",,,Journal of Asset Management,J ASSET MANAG,"['BUSINESS, FINANCE']"
"[1872-6313, 0929-1199]",Journal of Corporate Finance,"Banking, finance and investment",Journal of Corporate Finance,F&A,JOURNAL OF CORPORATE FINANCE,J CORP FINANC,"['BUSINESS, FINANCE']"
"[2394-9643, 2454-213X]",Journal of Creating Value,"Strategy, management and organisational behaviour",,,Journal of Creating Value,J CREAT VALUE,"[BUSINESS, MANAGEMENT]"
"[1872-6089, 0304-3878]",,,Journal of Development Economics,Economics,JOURNAL OF DEVELOPMENT ECONOMICS,J DEV ECON,[ECONOMICS]
"[1617-7134, 0931-8658]",Journal of Economics,Applied economics,Journal of Economics/ Zeitschrift fur Nationalokonomie,Economics,Journal of Economics,J ECON,[ECONOMICS]
"[2053-4612, 2053-4604]",Journal of Entrepreneurship in Emerging Economies,Human resources and industrial relations,,,Journal of Entrepreneurship in Emerging Economies,J ENTREP EMERG ECON,[BUSINESS]
"[1540-6261, 0022-1082]",The Journal of Finance,"Banking, finance and investment",Journal of Finance,F&A,JOURNAL OF FINANCE,J FINANC,"[ECONOMICS, 'BUSINESS, FINANCE']"
"[1744-1382, 1744-1374]",,,Journal of Institutional Economics,Economics,Journal of Institutional Economics,J I ECON,[ECONOMICS]
"[1573-7349, 1570-7385]",Journal of International Entrepreneurship,"Strategy, management and organisational behaviour",,,Journal of International Entrepreneurship,J INT ENTREP,[BUSINESS]
"[2321-5305, 0260-1079]",Journal of Interdisciplinary Economics,Applied economics,,,Journal of Interdisciplinary Economics,J INTERDISC ECON,[ECONOMICS]
"[1745-493X, 1523-2409]",Journal of Supply Chain Management,"Strategy, management and organisational behaviour",Journal of Supply Chain Management,"OR,MS,POM",Journal of Supply Chain Management,J SUPPLY CHAIN MANAG,[MANAGEMENT]
"[1879-0860, 1062-9408]",The North American Journal of Economics and Finance,"Banking, finance and investment",,,North American Journal of Economics and Finance,N AM J ECON FINANC,"[ECONOMICS, 'BUSINESS, FINANCE']"
"[1936-9743, 1936-9735]",Operations Management Research,"Strategy, management and organisational behaviour",,,Operations Management Research,OPER MANAGE RES,[MANAGEMENT]
"[1468-0106, 1361-374X]",Pacific Economic Review,Applied economics,Pacific Economic Review,Economics,Pacific Economic Review,PAC ECON REV,[ECONOMICS]
"[1879-0585, 0927-538X]",Pacific-Basin Finance Journal,"Banking, finance and investment",Pacific Basin Finance Journal,F&A,Pacific-Basin Finance Journal,PAC-BASIN FINANC J,"['BUSINESS, FINANCE']"
"[1469-7696, 1469-7688]",,,Quantitative Finance,F&A,QUANTITATIVE FINANCE,QUANT FINANC,"[ECONOMICS, 'BUSINESS, FINANCE']"
"[1540-6229, 1080-8620]",Real Estate Economics,"Banking, finance and investment",Real Estate Economics,Economics,REAL ESTATE ECONOMICS,REAL ESTATE ECON,"[ECONOMICS, 'BUSINESS, FINANCE']"
"[2051-2821, 2051-5707, 0767-3701]",Recherche et Applications en Marketing,Marketing,,,Recherche et Applications en Marketing-English Edition,RECH APPL MARKET-ENG,[BUSINESS]
"[1875-7979, 0739-8859]",Research in Transportation Economics,"Transportation, logistics and supply chains",,,Research in Transportation Economics,RES TRANSP ECON,"[ECONOMICS, TRANSPORTATION]"
"[1573-7136, 1380-6653]",Review of Accounting Studies,"Accounting, auditing and accountability",Review of Accounting Studies,F&A,REVIEW OF ACCOUNTING STUDIES,REV ACCOUNT STUD,"['BUSINESS, FINANCE']"
"[2045-9939, 2045-9920]",Review of Asset Pricing Studies,"Banking, finance and investment",Review of Asset Pricing Studies,F&A,Review of Asset Pricing Studies,REV ASSET PRICING ST,"['BUSINESS, FINANCE']"
"[1573-7144, 1380-6645]",Review of Derivatives Research,"Banking, finance and investment",Review of Derivatives Research,F&A,Review of Derivatives Research,REV DERIV RES,"[ECONOMICS, 'BUSINESS, FINANCE']"
"[1465-3982, 0953-8259]",Review of Political Economy,"Banking, finance and investment",,,REVIEW OF POLITICAL ECONOMY,REV POLIT ECON,[ECONOMICS]
"[1873-6017, 0954-349X]",Structural Change and Economic Dynamics,"Banking, finance and investment",,,Structural Change and Economic Dynamics,STRUCT CHANGE ECON D,[ECONOMICS]
"[1625-8312, 1624-6039]",Supply Chain Forum: an International Journal,"Strategy, management and organisational behaviour",,,Supply Chain Forum,SUPPLY CHAIN FORUM,[MANAGEMENT]
"[1879-2367, 0191-2615]",,,Transportation Research Part B: Methodological,"OR,MS,POM",TRANSPORTATION RESEARCH PART B-METHODOLOGICAL,TRANSPORT RES B-METH,"[ECONOMICS, TRANSPORTATION]"
"[1744-1714, 0002-7766]",,,,,AMERICAN BUSINESS LAW JOURNAL,AM BUS LAW J,[BUSINESS]
"[1536-7150, 0002-9246]",,,,,AMERICAN JOURNAL OF ECONOMICS AND SOCIOLOGY,AM J ECON SOCIOL,[ECONOMICS]
"[2256-5779, 0120-3053]",,,,,Apuntes del CENES,APUNT CENES,[ECONOMICS]
[2772-4247],,,,,Communications in Transportation Research,COMMUN TRANSP RES,[TRANSPORTATION]
"[1535-3966, 1535-3958]",,,,,Corporate Social Responsibility and Environmental Management,CORP SOC RESP ENV MA,"[BUSINESS, MANAGEMENT]"
"[2508-1667, 2508-1640]",,,,,East Asian Economic Review,E ASIAN ECON REV,[ECONOMICS]
"[1557-3079, 1557-3060]",,,,,Education Finance and Policy,EDUC FINANC POLICY,[ECONOMICS]
"[2353-3293, 1689-765X]",,,,,Equilibrium-Quarterly Journal of Economics and Economic Policy,EQUILIBRIUM,[ECONOMICS]
"[2147-429X, 1309-422X]",,,,,Eurasian Economic Review,EURASIAN ECON REV,[ECONOMICS]
"[2321-029X, 2277-9752]",,,,,IIM Kozhikode Society & Management Review,IIM KOZHIKODE SOC MA,[MANAGEMENT]
"[2514-9377, 2514-9369]",,,,,International Journal of Ethics and Systems,INT J ETHICS SYST,[ECONOMICS]
"[2589-2975, 2096-2487]",,,,,International Journal of Innovation Studies,INT J INNOV STUD,[MANAGEMENT]
"[1743-8276, 1743-8268]",,,,,International Journal of Knowledge Management Studies,INT J KNOWL MAN STUD,[MANAGEMENT]
"[2093-7717, 1738-3110]",,,,,Journal of Distribution Science,J DISTRIB SCI,"[BUSINESS, MANAGEMENT]"
"[1976-5525, 1225-651X]",,,,,JOURNAL OF ECONOMIC INTEGRATION,J ECON INTEGR,[ECONOMICS]
"[2520-842X, 2520-8411]",,,,,Journal of Economics Race and Policy,J ECON RACE POLICY,[ECONOMICS]
"[1365-2834, 0966-0429]",,,,,Journal of Nursing Management,J NURS MANAGE,[MANAGEMENT]
"[1546-5012, 1546-2234]",,,,,Journal of Organizational and End User Computing,J ORGAN END USER COM,[MANAGEMENT]
"[2364-1045, 0971-1554]",,,,,JOURNAL OF QUANTITATIVE ECONOMICS,J QUANT ECON,[ECONOMICS]
"[1581-1832, 1318-5454]",,,,,Organizacija,ORGANIZACIJA,[MANAGEMENT]
"[2201-6716, 1444-5921]",,,,,Pacific Rim Property Research Journal,PAC RIM PROP RES J,[BUSINESS]
[2573-0134],,,,,Quantitative Finance and Economics,QUANT FINANC ECON,"['BUSINESS, FINANCE']"
"[2177-8736, 1809-2276]",,,,,REGE-Revista de Gestao,REGE-REV GEST,[MANAGEMENT]
"[1988-4672, 1138-4891]",,,,,Revista de Contabilidad-Spanish Accounting Review,REV CONTAB,"['BUSINESS, FINANCE']"
"[1804-1663, 1213-2446]",,,,,Review of Economic Perspectives,REV ECON PERSPECT,[ECONOMICS]
[2318-1001],,,,,Revista Evidenciacao Contabil & Financas,REV EVIDENCIACAO CON,"['BUSINESS, FINANCE']"
"[0973-0796, 0971-7218]",,,,,Science Technology and Society,SCI TECHNOL SOC,[MANAGEMENT]
[1659-2395],,,,,Tec Empresarial,TEC EMPRESARIAL,[MANAGEMENT]
[2212-4284],,,,,Water Resources and Economics,WATER RESOUR ECON,[ECONOMICS]
[2038-1379],"Review of Economics and Institutions: Economia, Societa E Istituzioni",Applied economics,,,,,
"[1479-3067, 1479-3059]",International Journal of Globalisation and Small Business,Business systems in context,,,,,
[0263-7758],,,Environment and Planning D: Society and Space,PSM,,,
[1071-5819],,,International Journal of Human Computer Studies,"OR,MS,POM",,,
[0020-8833],,,International Studies Quarterly,Economics,,,
[1474-7979],Advances in International Marketing,Marketing,,,,,
"[2517-2654, 0976-7479]",Arthaniti,Applied economics,,,,,
"[1873-4693, 0278-4319]",International Journal of Hospitality Management,Commercial services,International Journal of Hospitality Management,Tourism,,,
"[2115-4430, 1968-3863]",Annals of Economics and Statistics,Applied economics,,,,,
[1534-9276],Perspectives on Work,Human resources and industrial relations,,,,,
[1041-2743],International Journal of Finance,"Banking, finance and investment",,,,,
[0961-5784],Journal of Co-operative Studies,"Strategy, management and organisational behaviour",,,,,
"[1753-2582, 1753-2574]",Journal of Corporate Treasury Management,"Banking, finance and investment",,,,,
"[2213-3968, 2212-9774]",Wine Economics and Policy,Marketing,,,,,
"[1684-1999, 1680-7537]",Acta Commercii,Human resources and industrial relations,,,,,
[1571-5027],Advances in International Management,Human resources and industrial relations,,,,,
[0894-3257],,,Journal of Behavioral Decision Making,Psychology,,,
[0972-5784],Indian Journal of Economics and Business,Applied economics,,,,,
[1319-1616],Islamic Economic Studies,"Banking, finance and investment",,,,,
"[1875-8932, 0747-9662]",Journal of Economic and Social Measurement,Econometrics,,,,,
[1553-5827],"The Business Review, Cambridge",Human resources and industrial relations,,,,,
"[1936-4768, 0195-3613]",Journal of Labor Research,Human resources and industrial relations,Journal of Labor Research,"OS/OB,HRM/IR",,,
[0163-4437],,,"Media, Culture and Society",Comm,,,
"[1933-3455, 1933-3390]",Asia Pacific Journal of Finance and Banking Research,"Banking, finance and investment",,,,,
[1535-0568],The Consortium Journal of Hospitality and Tourism,Commercial services,,,,,
[1931-311X],Journal of Global Business Issues,Human resources and industrial relations,,,,,
[1467-9566],,,Sociology of Health and Illness,Sociology,,,
"[1545-6420, 1532-5555]",Tamara Journal for Critical Organization Inquiry,Human resources and industrial relations,,,,,
"[1748-1260, 1748-1252]",International Journal of Enterprise Network Management,Business systems in context,,,,,
"[1943-443X, 1545-9535, 1533-7340]",Information Technology in Hospitality,Commercial services,,,,,
"[1757-5575, 1757-5567]",International Journal of Leisure and Tourism Marketing,Commercial services,,,,,
[1543-0464],Journal of Economics and Finance Education,"Banking, finance and investment",,,,,
[1328-8261],Accounting Commerce and Finance: The Islamic Perspective Journal,"Accounting, auditing and accountability",,,,,
[0031-8248],,,Philosophy of Science,Sociology,,,
[1835-0615],Deakin Business Review,Marketing,,,,,
[1477-7029],Electronic Journal of Business Research Methods,"Strategy, management and organisational behaviour",,,,,
"[1552-3837, 0886-3687]",Compensation and Benefits Review,Human resources and industrial relations,,,,,
"[2671-664X, 1598-3919]",Korean International Accounting Review,"Accounting, auditing and accountability",,,,,
"[1751-8008, 1751-7990]",The Journal of Gambling Business and Economics,Applied economics,,,,,
"[1745-1027, 1057-0314]",Western Journal of Communication,"COMMERCE, MANAGEMENT, TOURISM AND SERVICES",,,,,
[0975-749X],Annamalai International Journal of Business Studies and Research,"COMMERCE, MANAGEMENT, TOURISM AND SERVICES",,,,,
"[2327-9176, 2327-798X]",Change Management,"Strategy, management and organisational behaviour",,,,,
"[2691-1205, 1083-5547]",Journal of Real Estate Portfolio Management,"Banking, finance and investment",,,,,
[1089-2699],,,Group Dynamics,Gen & Strat,,,
"[1648-4142, 1648-3480]",Transport,"Transportation, logistics and supply chains",,,,,
"[2445-4443, 0423-5037]",Estudios Turisticos,Tourism,,,,,
"[1740-2867, 1740-2859]",International Journal of Strategic Change Management,Business systems in context,,,,,
"[1349-6786, 1349-6778]",The Kyoto Economic Review,Applied economics,,,,,
"[2323-1378, 0013-3183]",Ekonomiska Samfundets Tidskrift,Applied economics,,,,,
[0167-9236],,,Decision Support Systems,"MIS, KM",,,
"[1757-9856, 1757-9848]",International Journal of Critical Accounting,"Accounting, auditing and accountability",,,,,
[0884-1373],Southern Business Review,"Strategy, management and organisational behaviour",,,,,
"[2194-5985, 1546-5616]",Review of Marketing Science,Marketing,,,,,
"[1552-3934, 1077-727X]",Family and Consumer Sciences Research Journal,Marketing,,,,,
[0018-7259],,,Human Organization,"OS/OB,HRM/IR",,,
[0950-3293],,,Food Quality and Preference,Marketing,,,
[0952-1895],,,Governance,PSM,,,
[1941-5842],E-review of Tourism Research,Tourism,,,,,
"[2445-4192, 1136-0593]",Fuzzy Economic Review: review of the International Association for Fuzzy-set Management and Economy,Applied economics,,,,,
[0770-3724],Bulletin of Comparative Labour Relations,Human resources and industrial relations,,,,,
[0007-1013],,,British Journal of Educational Technology,Education,,,
[0040-1706],,,Technometrics,"OR,MS,POM",,,
[0092-2102],,,INFORMS Journal on Applied Analytics (formerly Interfaces),"OR,MS,POM",,,
"[1466-450X, 1360-6719]",Managing Leisure,Commercial services,,,,,
"[2152-2790, 1091-3211]",The Journal of Hospitality Financial Management,Commercial services,,,,,
[2162-3058],International Journal of Human Resource Studies,Human resources and industrial relations,,,,,
[0887-378X],,,Milbank Quarterly,PSM,,,
[0002-9602],,,American Journal of Sociology,Sociology,,,
[0268-4012],,,International Journal of Information Management,"MIS, KM",,,
[0049-089X],,,Social Science Research,Sociology,,,
[2205-6033],Asia Pacific Journal of Advanced Business and Social Studies,Business systems in context,,,,,
[0001-0782],,,Communications of the ACM,"MIS, KM",,,
[1089-327X],Corporate Finance Review,"Accounting, auditing and accountability",,,,,
"[2049-4459, 1362-1572]",Historical Studies in Industrial Relations,Human resources and industrial relations,,,,,
"[1533-2675, 1533-2667]",Journal of Relationship Marketing,Marketing,Journal of Relationship Marketing,Marketing,,,
[0003-066X],,,American Psychologist,Psychology,,,
[2162-4860],Business and Economic Research,"Strategy, management and organisational behaviour",,,,,
"[2733-9270, 1738-3323]",Journal of Taxation and Accounting,"Accounting, auditing and accountability",,,,,
[1817-4428],International Retail and Marketing Review,Marketing,,,,,
"[0976-1888, 0973-4619]",International Journal of Global Business and Competitiveness,"Strategy, management and organisational behaviour",,,,,
"[1939-4675, 1099-9264]",International Journal of Entrepreneurship,"Strategy, management and organisational behaviour",,,,,
[0098-5589],,,IEEE Transactions on Software Engineering,"MIS, KM",,,
[0095-3997],,,Administration and Society,PSM,,,
"[1046-5715, 2590-1699, 0897-3660, 0882-6110]",Advances in Accounting,"Accounting, auditing and accountability",Advances in Accounting,F&A,Advances in Accounting,ADV ACCOUNT,"['BUSINESS, FINANCE']"
"[1748-5002, 1748-4995]",,,Annals of Actuarial Science,F&A,Annals of Actuarial Science,ANN ACTUAR SCI,"[ECONOMICS, 'BUSINESS, FINANCE']"
"[1941-1375, 1941-1367]",Annual Review of Financial Economics,"Banking, finance and investment",Annual Review of Financial Economics,Economics,Annual Review of Financial Economics,ANNU REV FINANC ECON,"[ECONOMICS, 'BUSINESS, FINANCE']"
"[2589-8213, 1029-3132]",Asia Pacific Management Review,Human resources and industrial relations,,,Asia Pacific Management Review,ASIA PAC MANAG REV,[MANAGEMENT]
"[2352-4871, 2092-5212]",Asian Journal of Shipping and Logistics,"Strategy, management and organisational behaviour",,,Asian Journal of Shipping and Logistics,ASIAN J SHIPPING LOG,[TRANSPORTATION]
"[1467-8462, 0004-9018]",The Australian Economic Review,Applied economics,Australian Economic Review,Economics,Australian Economic Review,AUST ECON REV,[ECONOMICS]
"[2194-6094, 1932-0183]",Basic Income Studies: an international journal of basic income research,Economic theory,,,Basic Income Studies,BASIC INCOME STUD,[ECONOMICS]
"[1099-0836, 0964-4733]",Business Strategy and the Environment,"Accounting, auditing and accountability",Business Strategy and the Environment,Gen & Strat,Business Strategy and the Environment,BUS STRATEG ENVIRON,"[BUSINESS, MANAGEMENT]"
"[1477-2221, 1024-5294]",,,Competition and Change,Sociology,Competition & Change,COMPET CHANG,"[ECONOMICS, BUSINESS]"
[0313-5926],Economic Analysis and Policy,Applied economics,,,Economic Analysis and Policy,ECON ANAL POLICY,[ECONOMICS]
"[1539-2988, 0013-0079]",,,Economic Development and Cultural Change,Sociology,ECONOMIC DEVELOPMENT AND CULTURAL CHANGE,ECON DEV CULT CHANGE,[ECONOMICS]
"[1474-0028, 0266-2671]",,,Economics and Philosophy,Economics,Economics & Philosophy,ECON PHILOS,[ECONOMICS]
"[1973-820X, 1120-2890]",Economia Politica,Applied economics,,,Economia Politica,ECON POLIT-ITALY,[ECONOMICS]
"[1532-4168, 0747-4938]",Econometric Reviews,Econometrics,Econometric Reviews,Economics,Econometric Reviews,ECONOMET REV,[ECONOMICS]
"[1873-7846, 1567-4223]",,,Electronic Commerce Research and Applications,"MIS, KM",Electronic Commerce Research and Applications,ELECTRON COMMER R A,[BUSINESS]
"[1558-0938, 1061-2009, 1540-496X, 0038-5263]",Emerging Markets Finance and Trade,"Accounting, auditing and accountability",,,EMERGING MARKETS FINANCE AND TRADE,EMERG MARK FINANC TR,"[ECONOMICS, BUSINESS]"
"[1435-8921, 0377-7332]","Empirical Economics: a quarterly journal of the Institute for Advanced Studies, Vienna",Applied economics,Empirical Economics,Economics,Empirical Economics,EMPIR ECON,[ECONOMICS]
"[1468-036X, 1354-7798]",European Financial Management,"Accounting, auditing and accountability",European Financial Management,"F&A
Economics;",European Financial Management,EUR FINANC MANAG,"['BUSINESS, FINANCE']"
"[1465-3427, 0966-8136]",,,Europe-Asia Studies,IB,EUROPE-ASIA STUDIES,EUROPE-ASIA STUD,[ECONOMICS]
"[1544-6131, 1544-6123]",Finance Research Letters,"Banking, finance and investment",Finance Research Letters,F&A,Finance Research Letters,FINANC RES LETT,"['BUSINESS, FINANCE']"
"[1873-5665, 1044-0283]",Global Finance Journal,"Accounting, auditing and accountability",Global Finance Journal,F&A,Global Finance Journal,GLOB FINANC J,"['BUSINESS, FINANCE']"
"[1873-2062, 0019-8501]",Industrial Marketing Management,Marketing,Industrial Marketing Management,Marketing,INDUSTRIAL MARKETING MANAGEMENT,IND MARKET MANAG,"[BUSINESS, MANAGEMENT]"
"[2204-0226, 1447-9338]",Innovation: Organization and Management,"Strategy, management and organisational behaviour",,,Innovation-Organization & Management,INNOV-ORGAN MANAG,[MANAGEMENT]
"[2515-2173, 1470-7853]",International Journal of Market Research,Marketing,International Journal of Market Research,Marketing,INTERNATIONAL JOURNAL OF MARKET RESEARCH,INT J MARKET RES,[BUSINESS]
"[1573-6970, 0927-5940]",International Tax and Public Finance,"Banking, finance and investment",International Tax and Public Finance,PSM,INTERNATIONAL TAX AND PUBLIC FINANCE,INT TAX PUBLIC FINAN,[ECONOMICS]
"[1873-2070, 0278-4254]",,,Journal of Accounting and Public Policy,F&A,JOURNAL OF ACCOUNTING AND PUBLIC POLICY,J ACCOUNT PUBLIC POL,"['BUSINESS, FINANCE']"
"[2194-5888, 2152-2812]",Journal of Benefit-Cost Analysis,Applied economics,,,Journal of Benefit-Cost Analysis,J BENEFIT-COST ANAL,[ECONOMICS]
"[1479-1803, 1350-231X]",Journal of Brand Management,Marketing,Journal of Brand Management,Marketing,Journal of Brand Management,J BRAND MANAG,"[BUSINESS, MANAGEMENT]"
"[1547-0628, 1051-712X]",Journal of Business-to-Business Marketing,Marketing,Journal of Business-to-Business Marketing,Marketing,Journal of Business-to-Business Marketing,J BUS-BUS MARK,[BUSINESS]
"[1468-2710, 1468-2702]",,,Journal of Economic Geography,Economics,JOURNAL OF ECONOMIC GEOGRAPHY,J ECON GEOGR,[ECONOMICS]
"[1877-8593, 1877-8585]",Journal of Family Business Strategy,Human resources and industrial relations,,,Journal of Family Business Strategy,J FAM BUS STRATEG,"[BUSINESS, MANAGEMENT]"
"[1573-0735, 0920-8550]",Journal of Financial Services Research,"Accounting, auditing and accountability",Journal of Financial Services Research,F&A,JOURNAL OF FINANCIAL SERVICES RESEARCH,J FINANC SERV RES,"['BUSINESS, FINANCE']"
"[1839-5260, 1447-6770]",Journal of Hospitality and Tourism Management,Commercial services,Journal of Hospitality and Tourism Management,Tourism,Journal of Hospitality and Tourism Management,J HOSP TOUR MANAG,[MANAGEMENT]
"[1873-152X, 0164-0704]",Journal of Macroeconomics,"Banking, finance and investment",Journal of Macroeconomics,Economics,JOURNAL OF MACROECONOMICS,J MACROECON,[ECONOMICS]
"[1873-1317, 0272-6963]",,,Journal of Operations Management,"OR,MS,POM",JOURNAL OF OPERATIONS MANAGEMENT,J OPER MANAG,[MANAGEMENT]
"[1557-7821, 0160-3477]",Journal of Post Keynesian Economics,Applied economics,Journal of Post Keynesian Economics,Economics,JOURNAL OF POST KEYNESIAN ECONOMICS,J POST KEYNESIAN EC,[ECONOMICS]
"[1540-5885, 0737-6782]",,,Journal of Product Innovation Management,Innovation,JOURNAL OF PRODUCT INNOVATION MANAGEMENT,J PROD INNOVAT MANAG,"[BUSINESS, MANAGEMENT]"
"[2051-8811, 2051-8803]",Journal of Professions and Organization,Human resources and industrial relations,Journal of Professions and Organization,OS/OB,Journal of Professions and Organization,J PROF ORGAN,[MANAGEMENT]
"[1573-0476, 0895-5646]",Journal of Risk and Uncertainty,"Banking, finance and investment",Journal of Risk and Uncertainty,Economics,JOURNAL OF RISK AND UNCERTAINTY,J RISK UNCERTAINTY,"[ECONOMICS, 'BUSINESS, FINANCE']"
"[2054-1651, 0887-6045]",Journal of Services Marketing,Commercial services,Journal of Services Marketing,Marketing,Journal of Services Marketing,J SERV MARK,[BUSINESS]
"[1942-0684, 1942-0676]",Journal of Social Entrepreneurship,"Strategy, management and organisational behaviour",,,Journal of Social Entrepreneurship,J SOC ENTREP,[BUSINESS]
"[1931-437X, 1931-4361]",Journal of Wine Economics,"Banking, finance and investment",,,Journal of Wine Economics,J WINE ECON,[ECONOMICS]
"[1468-5965, 0021-9886]",,,Journal of Common Market Studies,Economics,JCMS-Journal of Common Market Studies,JCMS-J COMMON MARK S,[ECONOMICS]
"[2329-1958, 2329-194X]",The Japanese Political Economy,Applied economics,,,Japanese Political Economy,JPN POLIT ECON,[ECONOMICS]
"[1469-8056, 1365-1005]",Macroeconomic Dynamics,Applied economics,Macroeconomic Dynamics,Economics,MACROECONOMIC DYNAMICS,MACROECON DYN,[ECONOMICS]
"[1758-7743, 0307-4358]",Managerial Finance,"Accounting, auditing and accountability",Managerial Finance,F&A,MANAGERIAL FINANCE,MANAG FINANC,"['BUSINESS, FINANCE']"
"[1944-7477, 0028-0283]",National Tax Journal,Applied economics,National Tax Journal,Economics,NATIONAL TAX JOURNAL,NATL TAX J,"[ECONOMICS, 'BUSINESS, FINANCE']"
"[1938-9507, 8756-9728]",,,Project Management Journal,Gen & Strat,Project Management Journal,PROJ MANAG J,[MANAGEMENT]
"[2010-1406, 2010-1392]",Quarterly Journal of Finance,"Banking, finance and investment",,,Quarterly Journal of Finance,Q J FINANC,"['BUSINESS, FINANCE']"
"[1878-4259, 1062-9769]",Quarterly Review of Economics and Finance,"COMMERCE, MANAGEMENT, TOURISM AND SERVICES",Quarterly Review of Economics and Finance,Economics,QUARTERLY REVIEW OF ECONOMICS AND FINANCE,Q REV ECON FINANC,[ECONOMICS]
"[2355-6641, 1978-1989]",South East Asian Journal of Management,Human resources and industrial relations,,,South East Asian Journal of Management,S E ASIAN J MANAGE,[MANAGEMENT]
"[1467-9442, 0347-0520]",Scandinavian Journal of Economics,Applied economics,Scandinavian Journal of Economics,Economics,SCANDINAVIAN JOURNAL OF ECONOMICS,SCAND J ECON,[ECONOMICS]
"[1743-9507, 0264-2069]",Service Industries Journal,Commercial services,Service Industries Journal,"OR,MS,POM",SERVICE INDUSTRIES JOURNAL,SERV IND J,[MANAGEMENT]
"[1573-0913, 0921-898X]",Small Business Economics: an international journal,"COMMERCE, MANAGEMENT, TOURISM AND SERVICES",Small Business Economics,Entrep,SMALL BUSINESS ECONOMICS,SMALL BUS ECON,"[ECONOMICS, BUSINESS, MANAGEMENT]"
"[1758-6852, 1359-8546]",Supply Chain Management,"Strategy, management and organisational behaviour",Supply Chain Management,"OR,MS,POM",SUPPLY CHAIN MANAGEMENT-AN INTERNATIONAL JOURNAL,SUPPLY CHAIN MANAG,"[BUSINESS, MANAGEMENT]"
"[1465-3990, 0953-7325]",,,Technology Analysis and Strategic Management,Gen & Strat,TECHNOLOGY ANALYSIS & STRATEGIC MANAGEMENT,TECHNOL ANAL STRATEG,[MANAGEMENT]
"[1520-6874, 1096-4762]",Thunderbird International Business Review,"Accounting, auditing and accountability",Thunderbird International Business Review,IB,Thunderbird International Business Review,THUNDERBIRD INT BUS,[BUSINESS]
"[1564-698X, 0258-6770]",The World Bank Economic Review,Applied economics,World Bank Economic Review,Economics,WORLD BANK ECONOMIC REVIEW,WORLD BANK ECON REV,"[ECONOMICS, 'BUSINESS, FINANCE']"
"[2256-4322, 1692-0279]",,,,,AD-minister,AD-MINIST,[BUSINESS]
"[2410-4906, 2042-1478]",,,,,African Review of Economics and Finance-AREF,AFR REV ECON FINANC,[ECONOMICS]
[2381-6732],,,,,Annals of Corporate Governance,ANN CORP GOV,[MANAGEMENT]
"[2057-0201, 2057-0198]",,,,,Business and Human Rights Journal,BUS HUM RIGHTS J,[BUSINESS]
"[1744-7976, 0008-3976]",,,,,CANADIAN JOURNAL OF AGRICULTURAL ECONOMICS-REVUE CANADIENNE D AGROECONOMIE,CAN J AGR ECON,[ECONOMICS]
[1886-1881],,,,,De Computis-Revista Espanola de Historia de la Contabilidad,COMPUTIS,"['BUSINESS, FINANCE']"
"[2256-5078, 0120-4645]",,,,,Cuadernos de Administracion-Universidad del Valle,CUAD ADM-U VALLE,[MANAGEMENT]
"[2197-1722, 0304-0941]",,,,,Decision,DECISION-INDIA,[MANAGEMENT]
"[1838-2673, 1035-3046]",,,,,Economic and Labour Relations Review,ECON LABOUR RELAT RE,[ECONOMICS]
"[1848-963X, 1330-1039]",,,,,Ekonomska Misao i Praksa-Economic Thought and Practice,EKON MISAO PRAKSA,[ECONOMICS]
"[1741-6205, 1566-7529]",,,,,European Business Organization Law Review,EUR BUS ORGAN LAW RE,[BUSINESS]
"[2386-4176, 0210-1173]",,,,,Hacienda Publica Espanola-Review of Public Economics,HACIENDA PUBLICA ESP,[ECONOMICS]
"[2322-0430, 2277-5412]",,,,,Indian Journal of Economics and Development,INDIAN J ECON DEV,[ECONOMICS]
"[1741-5012, 1470-9511]",,,,,International Journal of Automotive Technology and Management,INT J AUTO TECH MAN,[TRANSPORTATION]
"[2029-5839, 1392-2785]",,,,,Inzinerine Ekonomika-Engineering Economics,INZ EKON,[ECONOMICS]
"[1469-9648, 1354-7860]",,,,,Journal of the Asia Pacific Economy,J ASIA PAC ECON,[ECONOMICS]
[2515-964X],,,,,Journal of Asian Business and Economic Studies,J ASIAN BUS ECON ST,"[ECONOMICS, BUSINESS]"
"[1839-3675, 0156-5826]",,,,,Journal of Australian Political Economy,J AUST POLIT ECON,[ECONOMICS]
"[1804-1728, 1804-171X]",,,,,Journal of Competitiveness,J COMPETITIVENESS,"[ECONOMICS, BUSINESS, MANAGEMENT]"
"[2045-211X, 2045-2101]",,,,,Journal of Entrepreneurship and Public Policy,J ENTREP PUBLIC POLI,[ECONOMICS]
"[1533-287X, 1533-2861]",,,,,Journal of Internet Commerce,J INTERNET COMMER,[BUSINESS]
"[2210-9714, 2210-9706]",,,,,Journal of Rail Transport Planning & Management,J RAIL TRANSPORT PLA,[TRANSPORTATION]
"[2040-8757, 2040-8749]",,,,,Nankai Business Review International,NANKAI BUS REV NT,[MANAGEMENT]
[0974-438X],,,,,Pacific Business Review International,PAC BUS REV INT,[BUSINESS]
"[2217-2386, 1452-595X]",,,,,Panoeconomicus,PANOECONOMICUS,[ECONOMICS]
"[1758-731X, 0263-7472]",,,,,Property Management,PROP MANAG,[MANAGEMENT]
"[2178-2822, 1677-2504]",,,,,Revista Brasileira de Inovacao,REV BRAS INOV,[BUSINESS]
"[2340-4264, 1576-0162]",,,,,Revista de Economia Mundial,REV ECON MUND,[ECONOMICS]
"[2011-7663, 2248-6046]",,,,,Revista Finanzas y Politica Economica,REV FINANZAS POLITIC,[ECONOMICS]
"[1804-8048, 1211-555X]",,,,,Scientific Papers of the University of Pardubice-Series D-Faculty of Economics and Administration,SCI PAP U PARD-SER D,"[ECONOMICS, BUSINESS, MANAGEMENT]"
"[2321-2012, 0973-1598]",,,,,SMART-Journal of Business Management Studies,SMART-J BUS MANAG ST,[MANAGEMENT]
"[2719-3780, 1428-149X]",,,,,Studia Europejskie-Studies in European Affairs,STUD EUROPEJSKIE,[ECONOMICS]
[1817-3179],Journal of Global Business Management,"Strategy, management and organisational behaviour",,,,,
[2590-0617],Progress in Disaster Science,"Strategy, management and organisational behaviour",,,,,
"[1557-931X, 1061-1991]",Problems of Economic Transition: a journal of translations from Russian,"Banking, finance and investment",,,,,
[1446-5604],Australasian Parks and Leisure,Tourism,,,,,
"[1746-0581, 1746-0573]","World Review of Entrepreneurship, Management and Sustainable Development",Business systems in context,,,,,
"[2352-8559, 2352-8540]",Natural Gas Industry B,Applied economics,,,,,
"[1759-7382, 1358-0574]",British Journal of Health Care Management,"COMMERCE, MANAGEMENT, TOURISM AND SERVICES",,,,,
[0313-5934],JASSA,"Accounting, auditing and accountability",,,,,
"[1756-5162, 1756-5154]",International Journal of Engineering Management and Economics,"Strategy, management and organisational behaviour",,,,,
"[2312-2722, 1810-8601]","Corporate Board: role, duties and composition","Accounting, auditing and accountability",,,,,
"[1930-8248, 1567-2409, 1567-2395]",Foundations and Trends in Finance,"Banking, finance and investment",,,,,
[1551-6709],,,Cognitive Science,Psychology,,,
[1368-3500],,,Current Issues in Tourism,Tourism,,,
[0974-5432],South Asian Journal of Tourism and Heritage,Tourism,,,,,
"[1809-4538, 0101-3157]",Revista de Economia Politica,Applied economics,,,,,
"[1744-2516, 1744-2508]",Stochastics: An International Journal of Probability and Stochastic Processes,"COMMERCE, MANAGEMENT, TOURISM AND SERVICES",,,,,
[1064-4857],Research in Global Strategic Management,"Strategy, management and organisational behaviour",,,,,
[0004-3702],,,Artificial Intelligence,"MIS, KM",,,
[0191-8869],,,Personality and Individual Differences,Psychology,,,
"[2070-4666, 2070-4658]","Journal of Islamic Economics, Banking and Finance","Banking, finance and investment",,,,,
[0022-3905],Journal of Property Management: the official publication of the Institute of Real Estate Management,Commercial services,,,,,
[2157-6068],Business Management and Strategy,Human resources and industrial relations,,,,,
[0925-5273],,,International Journal of Production Economics,"OR,MS,POM",,,
[0364-765X],,,Mathematics of Operations Research,"OR,MS,POM",,,
"[1753-836X, 1753-8351]",International Journal of Workplace Health Management,Human resources and industrial relations,,,,,
[1320-7156],International Journal of Business Studies (ECU),"Strategy, management and organisational behaviour",,,,,
[1935-8156],AIS Educator Journal,"Accounting, auditing and accountability",,,,,
[0970-4205],Journal of Financial Management and Analysis,"Banking, finance and investment",,,,,
"[2162-271X, 0019-7939]",Industrial and Labor Relations Review,Human resources and industrial relations,ILR Review,"OS/OB,HRM/IR",,,
[0003-6870],,,Applied Ergonomics,"OS/OB,HRM/IR",,,
[0307-5079],,,Studies in Higher Education,Education,,,
"[1752-8232, 1752-8224]",International Journal of Accounting and Finance,"Accounting, auditing and accountability",,,,,
"[1925-4733, 1925-4725]",Journal of Management and Sustainability,Human resources and industrial relations,,,,,
[0790-7362],Irish Marketing Review,Marketing,,,,,
[0042-0980],,,Urban Studies,PSM,,,
[1044-4068],,,International Journal of Conflict Management,Gen & Strat,,,
[1598-2750],Korea and the World Economy,Applied economics,,,,,
"[2460-6081, 1978-0591]",Issues in Social and Environmental Accounting,"Accounting, auditing and accountability",,,,,
[0453-7440],Kerala: an economic review,Applied economics,,,,,
[2631-3871],Modern Supply Chain Research and Applications,"Transportation, logistics and supply chains",,,,,
"[1571-9553, 1571-9545]","Foundations and Trends in Technology, Information and Operations Management","Transportation, logistics and supply chains",,,,,
[0093-6502],,,Communication Research,Comm,,,
"[1551-3084, 1551-3076]",Foundations and Trends in Econometrics,Econometrics,,,,,
[1534-7311],Advertising and Society Review,Marketing,,,,,
[2199-8531],"Journal of Open Innovation: Technology, Market, and Complexity","Strategy, management and organisational behaviour",,,,,
"[1528-8234, 1528-8226]",E-Service Journal,Marketing,,,,,
"[1943-4421, 1544-2721]",Tourism Review International: an international journal,Tourism,,,,,
"[2378-9670, 1546-2609]",Review of Business Research,"Strategy, management and organisational behaviour",,,,,
"[1758-745X, 1401-338X]",Journal of Human Resource Costing and Accounting,"Accounting, auditing and accountability",,,,,
[0898-011X],Review of Futures Markets,"Banking, finance and investment",,,,,
"[2153-9987, 1052-8008]",Marketing Education Review,Marketing,,,,,
"[1522-1970, 1099-2340]",International Journal of Tourism Research,Marketing,International Journal of Tourism Research,Tourism,,,
[0263-2764],,,"Theory, Culture and Society",Gen & Strat,,,
[0022-3514],,,Journal of Personality and Social Psychology,Psychology,,,
"[2157-3182, 1933-608X]",Revista Internacional Administracion & Finanzas,"Accounting, auditing and accountability",,,,,
[2155-7950],Journal of Business and Economics,"Accounting, auditing and accountability",,,,,
"[1881-1124, 1341-8521]",Journal of the Eastern Asia Society for Transportation Studies,"Transportation, logistics and supply chains",,,,,
[0129-5977],Singapore Management Review,Human resources and industrial relations,,,,,
"[2052-1197, 0275-6668]",Journal of Business Strategy,Marketing,Journal of Business Strategy,Gen & Strat,,,
"[1068-2805, 0899-367X, 0163-5484]",Agricultural and Resource Economics Review,Applied economics,,,,,
"[1759-0264, 1759-0256]",International Journal of Complexity in Leadership and Management,Human resources and industrial relations,,,,,
"[1673-3568, 1673-3444]",Frontiers of Economics in China: selected publications from Chinese universities,"Banking, finance and investment",,,,,
[1350-1917],,,Information Systems Journal,"MIS, KM",,,
"[2376-9459, 0896-226X]",Essays in Economic and Business History,Human resources and industrial relations,,,,,
"[2078-2462, 2078-2454]",Insurance Markets and Companies: Analyses and Actuarial Computations,"Banking, finance and investment",,,,,
[0951-5224],,,Higher Education Quarterly,PSM,,,
"[1740-2840, 1740-2832]",International Journal of Technology Intelligence and Planning,Business systems in context,,,,,
[0254-5330],,,Annals of Operations Research,"OR,MS,POM",,,
[1072-5245],,,International Journal of Stress Management,"Psych, OS/OB",,,
[0966-9582],,,Journal of Sustainable Tourism,Tourism,,,
"[1937-4658, 0098-1818, 0027-044X]",US Bureau of Labor Statistics: Monthly Labor Review,Applied economics,,,,,
"[1547-5778, 1068-6061]",Journal of Transnational Management,Human resources and industrial relations,,,,,
[1039-608X],National Accountant,"Accounting, auditing and accountability",,,,,
[0954-1748],,,Journal of International Development,Economics,,,
"[1467-6303, 0155-9982]",Accounting Forum,"Accounting, auditing and accountability",Accounting Forum,F&A,Accounting Forum,ACCOUNT FORUM,"['BUSINESS, FINANCE']"
"[2332-2381, 2332-2373]",Africa Journal of Management,"Strategy, management and organisational behaviour",,,Africa Journal of Management,AFR J MANAGE,[MANAGEMENT]
"[1744-7941, 1038-4111]",Asia Pacific Journal of Human Resources,Human resources and industrial relations,Asia Pacific Journal of Human Resources,"OS/OB,HRM/IR",Asia Pacific Journal of Human Resources,ASIA PAC J HUM RESOU,[MANAGEMENT]
"[1572-9958, 0217-4561]",Asia Pacific Journal of Management,Human resources and industrial relations,Asia Pacific Journal of Management,IB,Asia Pacific Journal of Management,ASIA PAC J MANAG,[MANAGEMENT]
"[2041-9945, 2041-6156, 1226-1165]",Asia-Pacific Journal of Financial Studies,"Accounting, auditing and accountability",,,Asia-Pacific Journal of Financial Studies,ASIA-PAC J FINANC ST,"['BUSINESS, FINANCE']"
"[2153-3326, 1052-150X]",,,Business Ethics Quarterly,"OS/OB,HRM/IR",BUSINESS ETHICS QUARTERLY,BUS ETHICS Q,[BUSINESS]
"[1750-6158, 1750-614X]",Chinese Management Studies,Human resources and industrial relations,,,Chinese Management Studies,CHIN MANAG STUD,[MANAGEMENT]
"[1938-9663, 1938-9655]",Cornell Hospitality Quarterly,Commercial services,,,Cornell Hospitality Quarterly,CORNELL HOSP Q,[MANAGEMENT]
"[1095-9955, 1045-2354]",Critical Perspectives on Accounting,"Accounting, auditing and accountability",Critical Perspectives on Accounting,F&A,Critical Perspectives on Accounting,CRIT PERSPECT ACCOUN,"['BUSINESS, FINANCE']"
[1936-1270],Current Issues in Auditing,"Accounting, auditing and accountability",,,Current Issues in Auditing,CURR ISS AUDIT,"['BUSINESS, FINANCE']"
[1545-2921],Economics Bulletin,Applied economics,,,Economics Bulletin,ECON BULL,[ECONOMICS]
"[1574-0277, 1573-9414, 1120-7388, 0013-0451]","Economic Change and Restructuring: an international journal devoted to the study of comparative economics, planning and development","Banking, finance and investment",Economic Change and Restructuring,Economics,Economic Change and Restructuring,ECON CHANG RESTRUCT,[ECONOMICS]
"[1435-8131, 1435-6104]",Economics of Governance,"Banking, finance and investment",,,Economics of Governance,ECON GOV,[ECONOMICS]
"[2514-5479, 1363-7029]",Economic Issues,Applied economics,,,Economic Issues,ECON ISS,[ECONOMICS]
"[1469-5766, 0308-5147]",,,Economy and Society,Economics,ECONOMY AND SOCIETY,ECON SOC,[ECONOMICS]
"[1432-0479, 0938-2259]",Economic Theory,"Banking, finance and investment",Economic Theory,Economics,ECONOMIC THEORY,ECON THEOR,[ECONOMICS]
"[1740-4762, 1740-4754]",European Management Review,Human resources and industrial relations,European Management Review,Gen & Strat,European Management Review,EUR MANAG REV,[MANAGEMENT]
"[1468-0440, 1018-5895]",Geneva Papers on Risk and Insurance: Issues and Practice,"Banking, finance and investment",Geneva Papers on Risk and Insurance: Issues and Practic,eEconomics,GENEVA PAPERS ON RISK AND INSURANCE-ISSUES AND PRACTICE,GENEVA PAP R I-ISS P,"['BUSINESS, FINANCE']"
"[1873-7889, 1053-4822]",,,Human Resource Management Review,"OS/OB,HRM/IR",HUMAN RESOURCE MANAGEMENT REVIEW,HUM RESOUR MANAGE R,[MANAGEMENT]
"[1099-050X, 0090-4848]",,,Human Resource Management,"OS/OB,HRM/IR",HUMAN RESOURCE MANAGEMENT,HUM RESOUR MANAGE-US,[MANAGEMENT]
"[1469-8390, 1366-2716]","Industry and Innovation: dynamics, strategies, policies",Business systems in context,Industry and Innovation,Innovation,Industry and Innovation,IND INNOV,"[ECONOMICS, MANAGEMENT]"
"[1872-7530, 0378-7206]",,,Information and Management,"MIS, KM",INFORMATION & MANAGEMENT,INFORM MANAGE-AMSTER,[MANAGEMENT]
"[1815-7556, 1815-4654]",International Journal of Central Banking,"Banking, finance and investment",International Journal of Central Banking,Economics,International Journal of Central Banking,INT J CENT BANK,"['BUSINESS, FINANCE']"
"[1873-7986, 0167-7187]",International Journal of Industrial Organization,Applied economics,International Journal of Industrial Organization,"OS/OB,HRM/IR",INTERNATIONAL JOURNAL OF INDUSTRIAL ORGANIZATION,INT J IND ORGAN,[ECONOMICS]
"[1469-848X, 1367-5567]",,,International Journal of Logistics Research and Application,"OR,MS,POM",International Journal of Logistics-Research and Applications,INT J LOGIST-RES APP,[MANAGEMENT]
"[1648-9179, 1648-715X, 1648-0635]",International Journal of Strategic Property Management,Commercial services,,,International Journal of Strategic Property Management,INT J STRATEG PROP M,[MANAGEMENT]
"[1475-3995, 0969-6016]",,,International Transactions in Operational Research,"OR,MS,POM",International Transactions in Operational Research,INT T OPER RES,[MANAGEMENT]
[1066-2243],,,Internet Research,"MIS, KM",Internet Research,INTERNET RES,[BUSINESS]
"[1839-5473, 1832-5912]",The International Journal of Accounting,"Accounting, auditing and accountability",,,Journal of Accounting and Organizational Change,J ACCOUNT ORGAN CHAN,"['BUSINESS, FINANCE']"
"[1557-7805, 0091-3367]",Journal of Advertising,Marketing,Journal of Advertising,Marketing,JOURNAL OF ADVERTISING,J ADVERTISING,[BUSINESS]
"[1099-1255, 0883-7252]",Journal of Applied Econometrics,Applied economics,Journal of Applied Econometrics,Economics,JOURNAL OF APPLIED ECONOMETRICS,J APPL ECONOMET,[ECONOMICS]
"[1939-1854, 0021-9010]",,,Journal of Applied Psychology,Psychology,JOURNAL OF APPLIED PSYCHOLOGY,J APPL PSYCHOL,[MANAGEMENT]
"[2052-1189, 0885-8624]",Journal of Business and Industrial Marketing,Marketing,Journal of Business and Industrial Marketing,Marketing,JOURNAL OF BUSINESS & INDUSTRIAL MARKETING,J BUS IND MARK,[BUSINESS]
"[2054-0892, 1782-1495, 2054-0906, 0770-4518]",Journal of Demographic Economics,Applied economics,,,Journal of Demographic Economics,J DEMOGR ECON,[ECONOMICS]
"[2168-8524, 1074-1240]",,,Journal of Derivatives,F&A,Journal of Derivatives,J DERIV,"['BUSINESS, FINANCE']"
"[2152-4068, 0022-0485]",,,Journal of Economic Education,Education,JOURNAL OF ECONOMIC EDUCATION,J ECON EDUC,[ECONOMICS]
"[1530-9134, 1058-6407]",Journal of Economics and Management Strategy,"Banking, finance and investment",Journal of Economics and Management Strategy,Economics,JOURNAL OF ECONOMICS & MANAGEMENT STRATEGY,J ECON MANAGE STRAT,"[ECONOMICS, MANAGEMENT]"
"[1750-6212, 1750-6204]",Journal of Enterprising Communities: people and places of global economy,"COMMERCE, MANAGEMENT, TOURISM AND SERVICES",,,Journal of Enterprising Communities-People and Places in the Global Economy,J ENTERP COMMUNITIES,[BUSINESS]
"[1758-7409, 1741-0398]",,,Journal of Enterprise Information Management,"MIS, KM",Journal of Enterprise Information Management,J ENTERP INF MANAG,[MANAGEMENT]
"[1096-0473, 1042-9573]",Journal of Financial Intermediation,"Banking, finance and investment",Journal of Financial Intermediation,F&A,JOURNAL OF FINANCIAL INTERMEDIATION,J FINANC INTERMED,"['BUSINESS, FINANCE']"
"[1547-2450, 1547-2442, 1024-8072]","Journal of Intelligent Transportation Systems: technology, planning, and operations","Transportation, logistics and supply chains",,,Journal of Intelligent Transportation Systems,J INTELL TRANSPORT S,[TRANSPORTATION]
"[2694-3999, 2694-3980, 1540-7039, 1046-669X]",Journal of Inter-Organizational Relationships,Marketing,,,Journal of Inter-Organizational Relationships,J INTER-ORGAN RELATS,[BUSINESS]
"[1873-1538, 0304-4068]",Journal of Mathematical Economics,Applied economics,Journal of Mathematical Economics,Economics,JOURNAL OF MATHEMATICAL ECONOMICS,J MATH ECON,[ECONOMICS]
"[1755-2710, 1744-6740]",Journal of Operational Risk,"Banking, finance and investment",,,Journal of Operational Risk,J OPER RISK,"['BUSINESS, FINANCE']"
"[2055-6225, 1758-8030, 0960-4529]",Journal of Service Theory and Practice,"COMMERCE, MANAGEMENT, TOURISM AND SERVICES",Journal of Service Theory and Practice,Marketing,Journal of Service Theory and Practice,J SERV THEOR PRACT,"[BUSINESS, MANAGEMENT]"
"[1552-7794, 1527-0025]",Journal of Sports Economics,Applied economics,,,Journal of Sports Economics,J SPORT ECON,[ECONOMICS]
"[1873-3409, 1048-9843]",,,Leadership Quarterly,"OS/OB,HRM/IR",LEADERSHIP QUARTERLY,LEADERSHIP QUART,[MANAGEMENT]
"[1461-7307, 1350-5076]",Management Learning,Human resources and industrial relations,Management Learning,Gen & Strat,MANAGEMENT LEARNING,MANAGE LEARN,[MANAGEMENT]
"[1526-5501, 0025-1909]",,,Management Science,"OR,MS,POM",MANAGEMENT SCIENCE,MANAGE SCI,[MANAGEMENT]
"[1800-6698, 1800-5845]",Montenegrin Journal of Economics,Applied economics,,,Montenegrin Journal of Economics,MONTENEGRIN J ECON,[ECONOMICS]
"[1741-3036, 0027-9501]",National Institute Economic Review,Applied economics,,,National Institute Economic Review,NATL INST ECON REV,[ECONOMICS]
"[1753-0237, 1753-0229]",OPEC Energy Review: energy economics and related issues,Applied economics,,,OPEC Energy Review,OPEC ENERGY REV,[ECONOMICS]
"[1435-5957, 1056-8190]",,,Papers in Regional Science,Economics,PAPERS IN REGIONAL SCIENCE,PAP REG SCI,[ECONOMICS]
"[1465-3958, 1463-1377]",Post-Communist Economies,Applied economics,,,POST-COMMUNIST ECONOMIES,POST-COMMUNIST ECON,[ECONOMICS]
[0191-3085],,,Research in Organizational Behavior,"OS/OB,HRM/IR",Research in Organizational Behavior,RES ORGAN BEHAV,[MANAGEMENT]
"[1755-6791, 1086-7376]",Studies in Economics and Finance,"Accounting, auditing and accountability",,,Studies in Economics and Finance,STUD ECON FINANC,"['BUSINESS, FINANCE']"
"[1478-3371, 1478-3363]",Total Quality Management and Business Excellence,Human resources and industrial relations,Total Quality Management and Business Excellence,"OR,MS,POM",TOTAL QUALITY MANAGEMENT & BUSINESS EXCELLENCE,TOTAL QUAL MANAG BUS,[MANAGEMENT]
"[1879-3193, 0261-5177]","Tourism Management: research, policies, practice",Commercial services,Tourism Management,Tourism,Tourism Management,TOURISM MANAGE,[MANAGEMENT]
"[1754-274X, 1754-2731]",The TQM Journal,"Strategy, management and organisational behaviour",,,TQM Journal,TQM J,[MANAGEMENT]
"[1925-2099, 1918-6444]",Transnational Corporations Review,"Banking, finance and investment",,,Transnational Corporations Review,TRANSNATL CORP REV,"[ECONOMICS, BUSINESS]"
"[1879-2340, 1361-9209]",,,Transportation Research Part D: Transport and Environme,"OR,MS,POM",TRANSPORTATION RESEARCH PART D-TRANSPORT AND ENVIRONMENT,TRANSPORT RES D-TR E,[TRANSPORTATION]
[2254-3376],,,,,3C Empresa,3C EMPRESA,[BUSINESS]
"[2046-8091, 2046-8083]",,,,,African Journal of Accounting Auditing and Finance,AFR J ACCOUNT AUDIT,"['BUSINESS, FINANCE']"
[2414-584X],,,,,Agricultural and Resource Economics-International Scientific E-Journal,AGR RESOUR EC INT SC,[ECONOMICS]
"[2765-6500, 1598-7868]",,,,,Asia Marketing Journal,ASIA MARK J,[BUSINESS]
[2185-5560],,,,,Asian Transport Studies,ASIAN TRANSP STUD,[TRANSPORTATION]
"[1684-0348, 0251-2920]",,,,,Cepal Review,CEPAL REV,[ECONOMICS]
"[1758-6046, 1356-3289]",,,,,Corporate Communications,CORP COMMUN,[BUSINESS]
"[2336-5064, 1212-3609]",,,,,E & M Ekonomie a Management,E M EKON MANAG,"[ECONOMICS, MANAGEMENT]"
"[2299-6184, 0013-3205]",,,,,Ekonomista,EKONOMISTA,[ECONOMICS]
"[2377-0643, 1042-9247]",,,,,Engineering Management Journal,ENG MANAG J,[MANAGEMENT]
"[2444-877X, 2444-8788]",,,,,European Journal of Family Business,EUR J FAM BUS,"[BUSINESS, MANAGEMENT]"
"[2053-0250, 2053-0242]",,,,,Infrastructure Asset Management,INFRASTRUCT ASSET MA,[MANAGEMENT]
[2831-3224],,,,,International Studies of Economics,INT STUD ECON,[ECONOMICS]
[1927-033X],,,,,Journal of Applied Economics and Business Research,J APPL ECON BUS RES,[ECONOMICS]
"[2332-4244, 1531-6076]",,,,,Journal of Insurance Issues,J INSUR ISS,"['BUSINESS, FINANCE']"
[2001-015X],,,,,Journal of Intelligence Studies in Business,J INTELL STUD BUS,[BUSINESS]
"[2380-5013, 2380-5005]",,,,,Journal of Law Finance and Accounting,J LAW FINANC ACCOUNT,"['BUSINESS, FINANCE']"
"[2515-6926, 2515-6918]",,,,,Journal of Public Finance and Public Choice,J PUBLIC FINANC PUBL,[ECONOMICS]
[1938-7849],,,,,Journal of Transport and Land Use,J TRANSP LAND USE,[TRANSPORTATION]
[2667-0917],,,,,Journal of Urban Mobility,J URBAN MOBIL,[TRANSPORTATION]
[2379-5980],,,,,Ledger,LEDGER-PITTSBURGH,[ECONOMICS]
"[1745-011X, 1745-0101]",,,,,Mobilities,MOBILITIES-UK,[TRANSPORTATION]
"[1847-6228, 1847-5450]",,,,,Organization Technology and Management in Construction,ORGAN TECHNOL MANAG,[MANAGEMENT]
"[1179-2027, 1170-7690]",,,,,PHARMACOECONOMICS,PHARMACOECONOMICS,[ECONOMICS]
"[2300-8792, 1644-9584]",,,,,Problemy Zarzadzania-Management Issues,PROBL ZARZ,[MANAGEMENT]
[2308-782X],,,,,REICE-Revista Electronica de Investigacion en Ciencias Economicas,REICE-REV ELECTRON I,[ECONOMICS]
[2590-051X],,,,,Research in Globalization,RES GLOB,[ECONOMICS]
"[1988-9046, 0213-8964]",,,,,Revista de Estudios Empresariales-Segunda Epoca,REV ESTUD EMPRESARIA,[BUSINESS]
[2236-0972],,,,,Revista de Gestao e Projetos,REV GES PROJ,[BUSINESS]
"[1559-744X, 1559-7431]",,,,,Review of International Organizations,REV INT ORGAN,[ECONOMICS]
"[1471-5430, 0302-3427]",,,,,Science and Public Policy,SCI PUBL POLICY,[MANAGEMENT]
"[2029-4921, 2029-4913]",,,,,Technological and Economic Development of Economy,TECHNOL ECON DEV ECO,[ECONOMICS]
[2238-104X],,,,,Teoria e Pratica em Administracao-TPA,TEOR PRAT ADM-TPA,[MANAGEMENT]
"[2324-9943, 2324-9935]",,,,,Transportmetrica A-Transport Science,TRANSPORTMETRICA A,[TRANSPORTATION]
"[1654-1642, 1651-436X]",,,,,WMU Journal of Maritime Affairs,WMU J MARIT AFF,[TRANSPORTATION]
[2280-4056],E-Journal of International and Comparative Labour Studies,Human resources and industrial relations,,,,,
"[2044-3765, 1474-2780]",Organisational and Social Dynamics,Human resources and industrial relations,,,,,
"[1741-1033, 1741-1025]",International Journal of Electronic Marketing and Retailing,Commercial services,,,,,
[0033-362X],,,Public Opinion Quarterly,Marketing,,,
"[1937-8327, 0898-5952]",Performance Improvement Quarterly,"Strategy, management and organisational behaviour",,,,,
[0038-0261],,,Sociological Review,Sociology,,,
"[1792-6521, 1790-8418]",Tourismos: an international multidisciplinary journal of tourism,Tourism,,,,,
"[2052-8698, 2052-868X]",International Journal of Supply Chain and Operations Resilience,"Strategy, management and organisational behaviour",,,,,
"[1755-4225, 1755-4217]",Worldwide Hospitality and Tourism Themes,Tourism,,,,,
[1873-7838],,,Cognition,Psychology,,,
[1550-7793],E-Business Review,Applied economics,,,,,
"[1972-8298, 1972-828X, 1720-4437]",Il Controllo nelle Societa e negli Enti,"Accounting, auditing and accountability",,,,,
"[2076-099X, 1014-9562]",Transnational Corporations,"Strategy, management and organisational behaviour",Transnational Corporations,"Economics, IB",,,
[0340-0727],,,Psychological Research,Psychology,,,
[0007-1234],,,British Journal of Political Science,PSM,,,
[0889-4019],,,Career Development Quarterly,"OS/OB,HRM/IR",,,
[0003-1224],,,American Sociological Review,Sociology,,,
[2010-0248],"International Journal of Innovation, Management and Technology","Strategy, management and organisational behaviour",,,,,
[1364-100X],World of Information Business Intelligence Reports. Albania,Business systems in context,,,,,
"[1060-8494, 1040-9602, 0740-2287]",Journal for Quality and Participation,Human resources and industrial relations,,,,,
"[1552-6550, 0273-4753]",Journal of Marketing Education,Marketing,Journal of Marketing Education,Education,,,
[1715-2127],Canadian Journal of Transportation,"Transportation, logistics and supply chains",,,,,
[1459-0980],Conradi Research Review,"Strategy, management and organisational behaviour",,,,,
"[1253-0476, 2269-8469, 0779-7389]",Decisions Marketing,Marketing,,,,,
[2036-5195],"Almatourism: journal of tourism, culture and territorial development",Tourism,,,,,
"[1559-2448, 1096-7508]",International Food and Agribusiness Management Review,Marketing,,,,,
"[1741-105X, 1741-1041]",International Journal of Public Sector Performance Management,"Strategy, management and organisational behaviour",,,,,
[1985-3599],International Journal of Management and Business Research,"Strategy, management and organisational behaviour",,,,,
"[2052-1944, 1751-5645]",Journal of Behavioral Strategy,Human resources and industrial relations,,,,,
[1017-7841],Bank of Valletta Review,"Banking, finance and investment",,,,,
"[2157-0191, 1931-0277]",Global Journal of Business Research,"Strategy, management and organisational behaviour",,,,,
"[1448-6679, 1442-1224]",Journal of the Asia Pacific Centre for Environmental Accountability,"Accounting, auditing and accountability",,,,,
[0974-6250],International Journal of Hospitality and Tourism Systems,Tourism,,,,,
"[1923-3973, 1923-3965]",Journal of Management and Strategy,Human resources and industrial relations,,,,,
[1527-8603],Journal of International Business and Economy,"Banking, finance and investment",,,,,
"[2559-6004, 1583-4387]",Journal of Accounting and Management Information Systems,"Accounting, auditing and accountability",,,,,
[0190-292X],,,Policy Studies Journal,PSM,,,
[0020-8523],,,International Review of Administrative Sciences,PSM,,,
[1832-1151],Journal of Internet Business,"Strategy, management and organisational behaviour",,,,,
"[2158-7019, 2158-7000]",Low Carbon Economy,Applied economics,,,,,
[1078-5906],"Journal of Transportation Law, Logistics and Policy","Transportation, logistics and supply chains",,,,,
[0360-3989],,,Human Communication Research,Comm,,,
[1947-3788],IBIMA Business Review,"COMMERCE, MANAGEMENT, TOURISM AND SERVICES",,,,,
"[1528-2678, 1095-6298]",Academy of Marketing Studies Journal,Marketing,,,,,
[0452-4152],Konan Business Review,"Accounting, auditing and accountability",,,,,
"[2156-2245, 0969-160X]",Social and Environmental Accountability Journal,"Accounting, auditing and accountability",,,,,
[0047-2875],,,Journal of Travel Research,Tourism,,,
"[1812-9358, 1813-4998, 1810-4967]",Investment Management and Financial Innovations,"Banking, finance and investment",,,,,
"[1944-5679, 1944-5660]",Foundation Review,"Accounting, auditing and accountability",,,,,
[0732-5428],Actuarial Research Clearinghouse,"Banking, finance and investment",,,,,
[0360-0300],,,ACM Computing Surveys,"MIS, KM",,,
"[2643-3354, 0047-245X]",Journal of Food Distribution Research,Marketing,,,,,
[1913-8873],IST Transactions of Transportation Systems: Theory and Applications,"Transportation, logistics and supply chains",,,,,
[1599-8258],Journal of Media Economics and Culture,Applied economics,,,,,
[1823-500X],Sunway Academic Journal,"Banking, finance and investment",,,,,
"[1747-7638, 1472-4049]",Journal of Ecotourism,Tourism,,,,,
[1524-9050],,,IEEE Transactions on Intelligent Transportation Systems,"OR,MS,POM",,,
[0167-6377],,,Operations Research Letters,"OR,MS,POM",,,
[2511-8676],Journal of Service Management Research,Marketing,,,,,
"[0717-6821, 0719-0433, 0716-0046]",Latin American Journal of Economics,Applied economics,,,,,
"[1793-7000, 0219-8711]",Division of Labour and Transaction Costs,Applied economics,,,,,
"[2326-5698, 2326-568X]",Journal of Marketing Behavior,Marketing,,,,,
"[1838-3726, 1836-070X]",World Journal of Management,"Strategy, management and organisational behaviour",,,,,
[0973-127X],Global Review of Business and Economic Research,"Banking, finance and investment",,,,,
[1046-6487],Casualty Actuarial Society Forum,"COMMERCE, MANAGEMENT, TOURISM AND SERVICES",,,,,
"[1808-2785, 1678-5002]",Revista de Economia Mackenzie,Applied economics,,,,,
[1998-8125],Southern African Business Review,Human resources and industrial relations,,,,,
[0970-3772],Finance India,"Banking, finance and investment",,,,,
"[1746-0077, 1746-0069]",International Journal of Electronic Finance,"Banking, finance and investment",,,,,
[0027-3171],,,Multivariate Behavioral Research,Psychology,,,
[0268-0939],,,Journal of Education Policy,Education,,,
[1307-1629],International Journal of Management Perspectives,Human resources and industrial relations,,,,,
"[2499-8265, 2110-7017, 0012-981X]",International Economics,"Banking, finance and investment",,,,,
"[1806-9649, 0104-530X]",Gestao e Producao,"Strategy, management and organisational behaviour",,,,,
[0001-8791],,,Journal of Vocational Behavior,"OS/OB,HRM/IR",,,
[1537-260X],,,Academy of Management Learning and Education,Education,Academy of Management Learning & Education,ACAD MANAG LEARN EDU,[MANAGEMENT]
[1558-9080],,,Academy of Management Perspectives,Gen & Strat,Academy of Management Perspectives,ACAD MANAGE PERSPECT,"[BUSINESS, MANAGEMENT]"
"[1758-4205, 1368-0668, 0951-3574]","Accounting, Auditing & Accountability Journal","Accounting, auditing and accountability","Accounting, Auditing and Accountability Journal",F&A,Accounting Auditing & Accountability Journal,ACCOUNT AUDIT ACCOUN,"['BUSINESS, FINANCE']"
"[1941-1359, 1941-1340]",Annual Review of Resource Economics,Applied economics,,,Annual Review of Resource Economics,ANNU REV RESOUR ECON,[ECONOMICS]
"[1466-4291, 1350-4851]",Applied Economics Letters,"Banking, finance and investment",Applied Economics Letters,Economics,APPLIED ECONOMICS LETTERS,APPL ECON LETT,[ECONOMICS]
"[1835-2561, 1035-6908]",Australian Accounting Review,"Accounting, auditing and accountability",Australian Accounting Review,F&A,Australian Accounting Review,AUST ACCOUNT REV,"['BUSINESS, FINANCE']"
"[1834-2019, 1834-2000]",Australasian Accounting Business and Finance Journal,"Accounting, auditing and accountability",,,Australasian Accounting Business and Finance Journal,AUSTRALAS ACCOUNT BU,"['BUSINESS, FINANCE']"
"[2080-119X, 2080-0886]",Central European Journal of Economic Modelling and Econometrics,Applied economics,,,Central European Journal of Economic Modelling and Econometrics,CENT EUR J ECONOM MO,[ECONOMICS]
"[1939-4632, 0094-5056]",Eastern Economic Journal,Applied economics,,,Eastern Economic Journal,EAST ECON J,[ECONOMICS]
"[2194-6175, 2157-5665]",Entrepreneurship Research Journal,"Strategy, management and organisational behaviour",,,Entrepreneurship Research Journal,ENTREP RES J,[BUSINESS]
"[1464-0643, 1359-432X]",,,European Journal of Work and Organizational Psychology,"OS/OB,HRM/IR",European Journal of Work and Organizational Psychology,EUR J WORK ORGAN PSY,[MANAGEMENT]
"[1938-3312, 0015-198X]",Financial Analysts Journal,"Accounting, auditing and accountability",Financial Analysts Journal,F&A,FINANCIAL ANALYSTS JOURNAL,FINANC ANAL J,"['BUSINESS, FINANCE']"
"[1532-1096, 1044-8004]",,,Human Resource Development Quarterly,"OS/OB,HRM/IR",Human Resource Development Quarterly,HUM RESOUR DEV Q,[MANAGEMENT]
"[1875-8703, 0167-2533]",Human Systems Management,Human resources and industrial relations,,,HUMAN SYSTEMS MANAGEMENT,HUM SYST MANAGE,[MANAGEMENT]
"[1555-1938, 1554-7191]",The International Entrepreneurship and Management Journal,Human resources and industrial relations,,,International Entrepreneurship and Management Journal,INT ENTREP MANAG J,"[BUSINESS, MANAGEMENT]"
"[1759-3948, 0265-0487]",International Journal of Advertising,Marketing,International Journal of Advertising,Marketing,International Journal of Advertising,INT J ADVERT,[BUSINESS]
"[1741-2838, 1470-5958]",International Journal of Cross Cultural Management,Human resources and industrial relations,International Journal of Cross Cultural Management,"OS/OB,HRM/IR",International Journal of Cross Cultural Management,INT J CROSS CULT MAN,[MANAGEMENT]
"[1557-9301, 1086-4415]",,,International Journal of Electronic Commerce,"MIS, KM",INTERNATIONAL JOURNAL OF ELECTRONIC COMMERCE,INT J ELECTRON COMM,[BUSINESS]
[2227-7072],International Journal of Financial Studies,"Banking, finance and investment",,,International Journal of Financial Studies,INT J FINANC STUD,"['BUSINESS, FINANCE']"
"[1872-8200, 0169-2070]",,,International Journal of Forecasting,Economics,INTERNATIONAL JOURNAL OF FORECASTING,INT J FORECASTING,"[ECONOMICS, MANAGEMENT]"
"[1741-2870, 0266-2426]",International Small Business Journal,Human resources and industrial relations,International Small Business Journal,Entrep,International Small Business Journal-Researching Entrepreneurship,INT SMALL BUS J,"[BUSINESS, MANAGEMENT]"
"[1873-2089, 0969-6997]",Journal of Air Transport Management,"Transportation, logistics and supply chains",,,JOURNAL OF AIR TRANSPORT MANAGEMENT,J AIR TRANSP MANAG,[TRANSPORTATION]
"[1758-8855, 0967-5426]",Journal of Applied Accounting Research,"Accounting, auditing and accountability",Journal of Applied Accounting Research,F&A,Journal of Applied Accounting Research,J APPL ACCOUNT RES,"['BUSINESS, FINANCE']"
"[2333-5963, 2333-5955]",Journal of the Association of Environmental and Resource Economists,Applied economics,Journal of the Association of Environmental and Resource,Economics,Journal of the Association of Environmental and Resource Economists,J ASSOC ENVIRON RESO,[ECONOMICS]
"[2214-8051, 2214-8043, 1879-1239, 1053-5357]",Journal of Behavioral and Experimental Economics,Applied economics,Journal of Behavioral and Experimental Economics,Economics,Journal of Behavioral and Experimental Economics,J BEHAV EXP ECON,[ECONOMICS]
"[1573-0697, 0167-4544]",,,Journal of Business Ethics,"OS/OB,HRM/IR",JOURNAL OF BUSINESS ETHICS,J BUS ETHICS,[BUSINESS]
"[1753-0369, 1753-0350]",,,Journal of Cultural Economy,Economics,Journal of Cultural Economy,J CULT ECON-UK,[ECONOMICS]
"[1938-9744, 1055-0925]",Journal of Economics and Finance,"Banking, finance and investment",,,JOURNAL OF ECONOMICS AND FINANCE,J ECON FINANC-US,"[ECONOMICS, 'BUSINESS, FINANCE']"
"[1573-7020, 1381-4338]",Journal of Economic Growth,"Banking, finance and investment",Journal of Economic Growth,Economics,JOURNAL OF ECONOMIC GROWTH,J ECON GROWTH,[ECONOMICS]
"[1573-8701, 1569-1721]",,,Journal of Economic Inequality,Economics,Journal of Economic Inequality,J ECON INEQUAL,[ECONOMICS]
"[1872-7719, 0167-4870]",,,Journal of Economic Psychology,Economics,JOURNAL OF ECONOMIC PSYCHOLOGY,J ECON PSYCHOL,[ECONOMICS]
"[1558-7940, 1554-1908]",Journal of Emerging Technologies in Accounting,"Accounting, auditing and accountability",,,Journal of Emerging Technologies in Accounting,J EMERG TECHNOL ACCO,"['BUSINESS, FINANCE']"
"[1793-6330, 0218-4958]",Journal of Enterprising Culture,Human resources and industrial relations,,,JOURNAL OF ENTERPRISING CULTURE,J ENTERPRISING CULT,[BUSINESS]
"[1478-6990, 0047-2506]",Journal of International Business Studies,"Banking, finance and investment",Journal of International Business Studies,IB,JOURNAL OF INTERNATIONAL BUSINESS STUDIES,J INT BUS STUD,"[BUSINESS, MANAGEMENT]"
"[1552-6534, 0276-1467]",Journal of Macromarketing,Marketing,Journal of Macromarketing,Marketing,Journal of Macromarketing,J MACROMARKETING,[BUSINESS]
"[1839-3527, 1833-3672]",Journal of Management and Organization,Human resources and industrial relations,Journal of Management and Organization,Gen & Strat,Journal of Management & Organization,J MANAGE ORGAN,[MANAGEMENT]
"[1540-8604, 0160-8061]",,,Journal of Organizational Behavior Management,"OS/OB,HRM/IR",JOURNAL OF ORGANIZATIONAL BEHAVIOR MANAGEMENT,J ORGAN BEHAV MANAGE,[MANAGEMENT]
"[1573-0468, 0922-680X]",Journal of Regulatory Economics,Applied economics,Journal of Regulatory Economics,Economics,JOURNAL OF REGULATORY ECONOMICS,J REGUL ECON,[ECONOMICS]
"[1540-627X, 0047-2778]",Journal of Small Business Management,"COMMERCE, MANAGEMENT, TOURISM AND SERVICES",Journal of Small Business Management,Entrep,JOURNAL OF SMALL BUSINESS MANAGEMENT,J SMALL BUS MANAGE,[MANAGEMENT]
"[1873-1198, 0963-8687]",,,Journal of Strategic Information Systems,"MIS, KM",JOURNAL OF STRATEGIC INFORMATION SYSTEMS,J STRATEGIC INF SYST,[MANAGEMENT]
"[1879-2006, 0922-1425]",Japan and the World Economy,"Banking, finance and investment",,,JAPAN AND THE WORLD ECONOMY,JPN WORLD ECON,[ECONOMICS]
"[1558-0946, 1536-5433]",Management Research: the journal of the Iberoamerican Academy of Management,Human resources and industrial relations,,,Management Research-The Journal of the Iberoamerican Academy of Management,MANAG RES,[MANAGEMENT]
"[1740-8784, 1740-8776]",Management and Organization Review,Human resources and industrial relations,Management and Organization Review,Gen & Strat,Management and Organization Review,MANAGE ORGAN REV,[MANAGEMENT]
"[1355-2538, 1758-8049, 0263-4503]",Marketing Intelligence and Planning,Marketing,Marketing Intelligence and Planning,Marketing,Marketing Intelligence & Planning,MARK INTELL PLAN,[BUSINESS]
"[1879-3118, 0165-4896]",,,Mathematical Social Sciences,Economics,MATHEMATICAL SOCIAL SCIENCES,MATH SOC SCI,[ECONOMICS]
"[2325-0453, 1092-0277]",,,North American Actuarial Journal,F&A,North American Actuarial Journal,N AM ACTUAR J,"['BUSINESS, FINANCE']"
"[1873-5274, 0305-0483]",OMEGA International Journal of Management Science,Business systems in context,OMEGA,"OR,MS,POM",OMEGA-INTERNATIONAL JOURNAL OF MANAGEMENT SCIENCE,OMEGA-INT J MANAGE S,[MANAGEMENT]
"[1526-5455, 1047-7039]",Organization Science,Human resources and industrial relations,Organization Science,"OS/OB,HRM/IR",ORGANIZATION SCIENCE,ORGAN SCI,[MANAGEMENT]
"[1467-9302, 0954-0962]",,,Public Money and Management,PSM,PUBLIC MONEY & MANAGEMENT,PUBLIC MONEY MANAGE,"['BUSINESS, FINANCE']"
"[1930-0166, 0895-6308]",Research Technology Management: international journal of research management,Business systems in context,Research Technology Management,"OR,MS,POM",RESEARCH-TECHNOLOGY MANAGEMENT,RES TECHNOL MANAGE,"[BUSINESS, MANAGEMENT]"
"[1096-6099, 1094-2025]",Review of Economic Dynamics,Applied economics,Review of Economic Dynamics,Economics,REVIEW OF ECONOMIC DYNAMICS,REV ECON DYNAM,[ECONOMICS]
"[2304-4306, 0254-4415]",Economia,Applied economics,,,Revista Economia,REV ECON-PERU,[ECONOMICS]
"[2259-6100, 0338-0599]",Revue d'Etudes Comparatives Est-Ouest: economies et techniques de planification - droit et sciences sociales,Other economics,,,REVUE D ETUDES COMPARATIVES EST-OUEST,REV ETUD COMP EST-O,[ECONOMICS]
"[1873-5924, 1058-3300]",Review of Financial Economics,"Banking, finance and investment",Review of Financial Economics,F&A,Review of Financial Economics,REV FINANC ECON,"['BUSINESS, FINANCE']"
"[2385-3247, 1132-7200]",Revista de Historia Industrial,Applied economics,,,Revista de Historia Industrial,REV HIST INDUST,"[ECONOMICS, BUSINESS]"
"[2194-5993, 1446-9022]",The Review of Network Economics,Applied economics,,,Review of Network Economics,REV NETW ECON,[ECONOMICS]
[1028-9011],Southern African Journal of Accountability and Auditing Research,"Accounting, auditing and accountability",,,Southern African Journal of Accountability and Auditing Research-SAJAAR,SO AFR J ACCOUNT AUD,"['BUSINESS, FINANCE']"
"[1539-4093, 1524-5004]",Social Marketing Quarterly,Marketing,,,Social Marketing Quarterly,SOC MARK Q,[BUSINESS]
"[1572-9435, 0049-4488]",Transportation,"Transportation, logistics and supply chains",Transportation,"OR,MS,POM",TRANSPORTATION,TRANSPORTATION,[TRANSPORTATION]
"[1741-2617, 1476-7503]",,,,,Action Research,ACTION RES-LONDON,[MANAGEMENT]
"[1805-9295, 0139-570X]",,,,,Agricultural Economics-Zemedelska Ekonomika,AGR ECON-CZECH,[ECONOMICS]
"[0973-0621, 0972-8201]",,,,,Asian Journal of Management Cases,ASIAN J MANAG CASES,[MANAGEMENT]
"[2669-249X, 2669-2481]",,,,,Business Management and Economics Engineering,BUS MANAG ECON ENG,"[ECONOMICS, BUSINESS, MANAGEMENT]"
[2666-9331],,,,,China Economic Quarterly International,CHINA ECON Q INT,[ECONOMICS]
"[2389-7848, 1909-941X]",,,,,Clio America,CLIO AM,[BUSINESS]
"[1863-2513, 1863-2505]",,,,,Cliometrica,CLIOMETRICA,[ECONOMICS]
"[1848-9931, 1848-0225]",,,,,Croatian Operational Research Review,CROAT OPER RES REV,[ECONOMICS]
"[1746-1049, 0012-1533]",,,,,DEVELOPING ECONOMIES,DEV ECON,[ECONOMICS]
"[2452-3062, 2468-0389]",,,,,Econometrics and Statistics,ECONOMET STAT,[ECONOMICS]
"[1989-3574, 0212-1867]",,,,,ESIC Market,ESIC MARK,[BUSINESS]
"[0971-7625, 0015-7325]",,,,,Foreign Trade Review,FOREIGN TRADE REV,"[ECONOMICS, BUSINESS]"
[2191-1991],,,,,Health Economics Review,HEALTH ECON REV,[ECONOMICS]
"[2520-1778, 0019-4670]",,,,,Indian Economic Review,INDIAN ECON REV,"[ECONOMICS, BUSINESS, MANAGEMENT]"
"[0019-5308, 0971-7927]",,,,,Indian Journal of Labour Economics,INDIAN J LABOUR ECON,[ECONOMICS]
"[1741-8089, 1471-8197]",,,,,International Journal of Innovation and Learning,INT J INNOV LEARN,[MANAGEMENT]
"[1753-8386, 1753-8378]",,,,,International Journal of Managing Projects in Business,INT J MANAG PROJ BUS,"[BUSINESS, MANAGEMENT]"
[2148-9386],,,,,Journal of Eta Maritime Science,J ETA MARIT SCI,[TRANSPORTATION]
"[2046-6757, 2046-6749]",,,,,Journal of Organizational Ethnography,J ORGAN ETHNOGR,[MANAGEMENT]
[1539-1590],,,,,Journal of Research Administration,J RES ADMIN,[MANAGEMENT]
[2237-3667],,,,,REUNIR-Revista de Administracao Contabilidade e Sustentabilidade,REUNIR-REV ADM CONTA,[BUSINESS]
"[1710-7377, 0715-3570]",,,,,Revue Interventions Economiques-Papers in Political Economy,REV INTERV ECON,[ECONOMICS]
"[2501-3165, 2501-1960]",,,,,Scientific Annals of Economics and Business,SCI ANN ECON BUS,[ECONOMICS]
[1305-5577],,,,,Sosyoekonomi,SOSYOEKONOMI,[ECONOMICS]
"[2168-0582, 2168-0566]",,,,,Transportmetrica B-Transport Dynamics,TRANSPORTMETRICA B,[TRANSPORTATION]
"[2434-0537, 0002-2942]",Asian Economies,Applied economics,,,,,
[1855-931X],Advances in Business Related Scientific Research,"Strategy, management and organisational behaviour",,,,,
[2161-7104],Journal of Public Administration and Governance,"Accounting, auditing and accountability",,,,,
[1791-874X],"International Journal of Sport Management, Recreation and Tourism",Commercial services,,,,,
[0951-8320],,,Reliability Engineering and System Safety,"OR,MS,POM",,,
"[1839-1176, 1838-3955]",World Review of Business Research,"Banking, finance and investment",,,,,
[1908-8388],Asian Journal of Tourism and Hospitality Research,Tourism,,,,,
"[2042-6992, 1521-0227]",Interdisciplinary Environmental Review,"COMMERCE, MANAGEMENT, TOURISM AND SERVICES",,,,,
"[2448-8410, 0186-1042]",Contaduria y Administracion,"Accounting, auditing and accountability",,,,,
"[2306-983X, 2224-4425]",Asian Journal of Empirical Research,Econometrics,,,,,
"[2340-5058, 1577-8517]",The International Journal of Digital Accounting Research,"Accounting, auditing and accountability",,,,,
"[1753-1977, 1753-1969]",International Journal of Behavioural Accounting and Finance,"Accounting, auditing and accountability",,,,,
"[1756-6452, 1756-6444]",International Journal of Strategic Business Alliances,Business systems in context,,,,,
[0973-0850],Alliance Journal of Business Research,"Accounting, auditing and accountability",,,,,
"[1753-0830, 1753-0822]","International Journal of Services, Economics and Management",Marketing,,,,,
"[2249-0310, 2229-5674]",Indian Journal of Commerce and Management Studies,"COMMERCE, MANAGEMENT, TOURISM AND SERVICES",,,,,
"[2194-5896, 1542-0485]",Journal of Agricultural and Food Industrial Organization,Applied economics,,,,,
"[1746-6482, 1746-6474]",International Journal of Productivity and Quality Management,Business systems in context,,,,,
"[2665-010X, 1315-3617]",Revista Venezolana de Analisis de Coyuntura,"Banking, finance and investment",,,,,
[1541-1672],,,IEEE Intelligent Systems,"MIS, KM",,,
[0735-2751],,,Sociological Theory,Sociology,,,
[1050-3293],,,Communication Theory,Comm,,,
"[2568-7603, 1865-5742, 1439-121X]",Journal of Contextual Economics: Schmollers Jahrbuch,Applied economics,,,,,
"[1753-6227, 1753-6219]",International Journal of Business and Emerging Markets,Marketing,,,,,
"[2327-5340, 1941-3408]",Journal of Management and Marketing Research,Marketing,,,,,
"[1744-9936, 1744-9928]",International Journal of Green Economics,Applied economics,,,,,
[1499-691X],Journal of Applied Business and Economics,"Banking, finance and investment",,,,,
[0956-3067],Journal of the UK Association of Christian Economists,Applied economics,,,,,
"[1927-9515, 1927-9507]",Journal of Business Administration Research,Human resources and industrial relations,,,,,
[0169-023X],,,Data and Knowledge Engineering,"MIS, KM",,,
"[2316-9397, 0556-5782]",Revista de Economia,Applied economics,,,,,
"[1971-6419, 1971-3878]",Mathematical Methods in Economics and Finance,Economic theory,,,,,
[1432-2994],,,Mathematical Methods of Operations Research,"OR,MS,POM",,,
"[1751-1070, 1751-1062]",International Journal of Wine Business Research,Marketing,,,,,
[1943-1813],International Journal of Organizational Innovation,"Strategy, management and organisational behaviour",,,,,
[0272-4944],,,Journal of Environmental Psychology,Psychology,,,
[1930-2975],,,Judgment and Decision Making,Psychology,,,
[0263-5577],,,Industrial Management and Data Systems,"OR,MS,POM",,,
[0025-5610],,,Mathematical Programming,"OR,MS,POM",,,
"[1940-1566, 1391-5614, 0973-077X]",South Asia Economic Journal,Applied economics,,,,,
[0090-5364],,,Annals of Statistics,"OR,MS,POM",,,
[0032-3292],,,Politics and Society,PSM,,,
[0267-8373],,,Work and Stress,"OS/OB,HRM/IR",,,
[0306-3127],,,Social Studies of Science,Innovation,,,
"[1570-6672, 1009-6744]",Journal of Transportation Systems Engineering and Information Technology,"Transportation, logistics and supply chains",,,,,
[1834-8777],Middle East Journal of Business,"COMMERCE, MANAGEMENT, TOURISM AND SERVICES",,,,,
"[1860-4404, 0344-1369]",Marketing ZFP: Journal of Research and Management,Marketing,,,,,
"[1848-6061, 0353-4316]",Acta Turistica,Tourism,,,,,
[0360-8352],,,Computers and Industrial Engineering,"OR,MS,POM",,,
[2214-7934],International Series in Operations Research and Management Science,"Strategy, management and organisational behaviour",,,,,
"[1846-887X, 1845-9757]",Financial Theory and Practice,"Banking, finance and investment",,,,,
"[1754-1379, 1754-1360]",Journal of Sponsorship,Marketing,,,,,
[0957-4174],,,Expert Systems with Applications,"MIS, KM",,,
"[2519-0431, 0254-9204]",Pakistan Journal of Applied Economics,Applied economics,,,,,
[1833-0681],International Journal of Event Management Research,Commercial services,,,,,
"[1838-5915, 1838-1413]",Global Review of Accounting and Finance,"Accounting, auditing and accountability",,,,,
"[2508-7592, 1738-2122]",Journal of International Logistics and Trade,"Transportation, logistics and supply chains",,,,,
"[1793-2831, 0217-4472]",ASEAN Economic Bulletin,Applied economics,,,,,
"[2206-1355, 2206-1347]",Financial Planning Research Journal,"Banking, finance and investment",,,,,
"[1943-3999, 1083-5423]",Tourism Analysis,Commercial services,Tourism Analysis,Tourism,,,
[0894-069X],,,Naval Research Logistics,"OR,MS,POM",,,
"[1980-5357, 0101-4161]",Estudos Economicos,Applied economics,,,,,
"[1866-3621, 1860-6059]",Enterprise Modelling and Information Systems Architectures,Business systems in context,,,,,
[1024-266X],Afaq Iqtisadiyyah,Applied economics,,,,,
[1996-3300],Management Online Review,Human resources and industrial relations,,,,,
"[1528-6991, 0897-5930]",Journal of Teaching in International Business,Human resources and industrial relations,,,,,
"[2631-617X, 0019-4662]",Indian Economic Journal,Applied economics,,,,,
[1091-9856],,,INFORMS Journal on Computing,"OR,MS,POM",,,
"[1744-9499, 1744-9480]",Accounting in Europe,"Accounting, auditing and accountability",Accounting in Europe,F&A,Accounting in Europe,ACCOUNT EUR,"['BUSINESS, FINANCE']"
"[1520-6297, 0742-4477]",Agribusiness: an international journal,Applied economics,,,Agribusiness,AGRIBUSINESS,[ECONOMICS]
"[2010-4960, 2010-4952]",Annals of Financial Economics,"Banking, finance and investment",,,Annals of Financial Economics,ANN FINANC ECON,[ECONOMICS]
"[1476-9328, 1472-4782]",Asian Business and Management,Human resources and industrial relations,,,Asian Business & Management,ASIAN BUS MANAG,"[BUSINESS, MANAGEMENT]"
"[1793-6772, 0218-9275]",Asian Case Research Journal,"COMMERCE, MANAGEMENT, TOURISM AND SERVICES",,,Asian Case Research Journal,ASIAN CASE RES J,[BUSINESS]
"[1536-0083, 1535-3516]",Asian Economic Papers,Applied economics,,,Asian Economic Papers,ASIAN ECON PAP,[ECONOMICS]
"[0340-5370, 0006-002X]",BFuP: Betriebswirtschaftliche Forschung und Praxis,"COMMERCE, MANAGEMENT, TOURISM AND SERVICES",,,BETRIEBSWIRTSCHAFTLICHE FORSCHUNG UND PRAXIS,BETRIEB FORSCH PRAX,"[BUSINESS, MANAGEMENT]"
"[1095-8347, 0890-8389]",The British Accounting Review,"Accounting, auditing and accountability",British Accounting Review,F&A,British Accounting Review,BRIT ACCOUNT REV,"['BUSINESS, FINANCE']"
"[2164-5760, 2164-5744]",Critical Finance Review,"Banking, finance and investment",Critical Finance Review,F&A,Critical Finance Review,CRIT FINANC REV,"['BUSINESS, FINANCE']"
[1933-527X],Econ Journal Watch,Applied economics,,,Econ Journal Watch,ECON J WATCH,[ECONOMICS]
"[2194-6167, 1553-3832]",The Economists' Voice,Applied economics,,,Economists Voice,ECON VOICE,[ECONOMICS]
"[1468-0262, 0012-9682]",Econometrica: journal of the Econometric Society,Applied economics,Econometrica,Economics,ECONOMETRICA,ECONOMETRICA,[ECONOMICS]
"[1469-5936, 0967-2567]",,,European Journal of the History of Economic Thought,Economics,European Journal of the History of Economic Thought,EUR J HIST ECON THOU,[ECONOMICS]
"[2046-9020, 2046-9012]",European Journal of Training and Development,Human resources and industrial relations,,,European Journal of Training and Development,EUR J TRAIN DEV,[MANAGEMENT]
"[1475-5890, 0143-5671]",,,Fiscal Studies,F&A,FISCAL STUDIES,FISC STUD,"[ECONOMICS, 'BUSINESS, FINANCE']"
"[1555-0761, 1555-0753]",Foundations and Trends in Marketing,Marketing,,,Foundations and Trends in Marketing,FOUND TRENDS MARKET,[BUSINESS]
"[1552-3993, 1059-6011]",,,Group and Organization Management,"OS/OB,HRM/IR",GROUP & ORGANIZATION MANAGEMENT,GROUP ORGAN MANAGE,[MANAGEMENT]
"[1573-966X, 1083-0898]",International Advances in Economic Research,Applied economics,,,International Advances in Economic Research,INT ADV ECON RES,[ECONOMICS]
"[1755-8921, 1755-8913]",International Journal of Applied Management Science,"Strategy, management and organisational behaviour",,,International Journal of Applied Management Science,INT J APPL MANAG SCI,[MANAGEMENT]
"[2043-6882, 1465-7503]",International Journal of Entrepreneurship and Innovation,"Strategy, management and organisational behaviour",International Journal of Entrepreneurship and Innovation,Entrep,International Journal of Entrepreneurship and Innovation,INT J ENTREP INNOV,[BUSINESS]
"[1934-8835, 1758-8561, 1551-7470, 1055-3185]",International Journal of Organizational Analysis,Human resources and industrial relations,,,International Journal of Organizational Analysis,INT J ORGAN ANAL,[MANAGEMENT]
"[1758-6690, 0959-0552]",International Journal of Retail and Distribution Management,Commercial services,International Journal of Retail and Distribution Manageme,nMarketing,International Journal of Retail & Distribution Management,INT J RETAIL DISTRIB,"[BUSINESS, MANAGEMENT]"
"[1468-2419, 1360-3736]",International Journal of Training and Development,Human resources and industrial relations,International Journal of Training and Development,"OS/OB,HRM/IR",International Journal of Training and Development,INT J TRAIN DEV,[MANAGEMENT]
"[1865-1992, 1865-1984, 1812-0970]",International Review on Public and Non Profit Marketing,Marketing,,,International Review on Public and Nonprofit Marketing,INT REV PUB NON MARK,[BUSINESS]
"[2077-0227, 1029-3523]",Investment Analysts Journal,"Banking, finance and investment",,,Investment Analysts Journal,INVEST ANAL J,"['BUSINESS, FINANCE']"
"[2594-2360, 0185-1667]",Investigacion Economica,"Banking, finance and investment",,,Investigacion Economica,INVEST ECON-MEX,[ECONOMICS]
"[2158-1592, 0735-3766]",Journal of Business Logistics,"Strategy, management and organisational behaviour",Journal of Business Logistics,"OR,MS,POM",Journal of Business Logistics,J BUS LOGIST,[MANAGEMENT]
"[1479-1811, 1469-7017]",Journal of Change Management,Human resources and industrial relations,,,JOURNAL OF CHANGE MANAGEMENT,J CHANG MANAG,[MANAGEMENT]
"[0973-0745, 0971-3557]",The Journal of Entrepreneurship,Human resources and industrial relations,,,Journal of Entrepreneurship,J ENTREP,[BUSINESS]
"[1753-9277, 1753-9269]",Journal of European Real Estate Research,"Banking, finance and investment",,,Journal of European Real Estate Research,J EUR REAL ESTATE RE,"['BUSINESS, FINANCE']"
"[1466-4437, 0268-3962]",,,Journal of Information Technology,"MIS, KM",JOURNAL OF INFORMATION TECHNOLOGY,J INF TECHNOL-UK,[MANAGEMENT]
"[1547-7215, 1069-031X]",Journal of International Marketing,Marketing,Journal of International Marketing,Marketing,JOURNAL OF INTERNATIONAL MARKETING,J INT MARKETING,[BUSINESS]
"[1520-6653, 1094-9968]",Journal of Interactive Marketing,Marketing,Journal of Interactive Marketing,Marketing,JOURNAL OF INTERACTIVE MARKETING,J INTERACT MARK,[BUSINESS]
"[1467-6486, 0022-2380]",Journal of Management Studies,Human resources and industrial relations,Journal of Management Studies,Gen & Strat,JOURNAL OF MANAGEMENT STUDIES,J MANAGE STUD,"[BUSINESS, MANAGEMENT]"
"[1557-7813, 0885-3134]",Journal of Personal Selling and Sales Management,Marketing,Journal of Personal Selling and Sales Management,Marketing,Journal of Personal Selling & Sales Management,J PERS SELL SALES M,[BUSINESS]
"[1873-8060, 0161-8938]",,,Journal of Policy Modeling,PSM,JOURNAL OF POLICY MODELING,J POLICY MODEL,[ECONOMICS]
"[1537-534X, 0022-3808]",Journal of Political Economy,"COMMERCE, MANAGEMENT, TOURISM AND SERVICES",Journal of Political Economy,Economics,JOURNAL OF POLITICAL ECONOMY,J POLIT ECON,[ECONOMICS]
"[1547-7207, 0743-9156]",,,Journal of Public Policy and Marketing,Marketing,JOURNAL OF PUBLIC POLICY & MARKETING,J PUBLIC POLICY MARK,[BUSINESS]
"[1873-6505, 1478-4092]",Journal of Purchasing and Supply Management,"Strategy, management and organisational behaviour",Journal of Purchasing and Supply Management,"OR,MS,POM",Journal of Purchasing and Supply Management,J PURCH SUPPLY MANAG,[MANAGEMENT]
"[1573-045X, 0895-5638]",Journal of Real Estate Finance and Economics,"Banking, finance and investment",Journal of Real Estate Finance and Economics,F&A,JOURNAL OF REAL ESTATE FINANCE AND ECONOMICS,J REAL ESTATE FINANC,"[ECONOMICS, 'BUSINESS, FINANCE']"
"[1472-5347, 0143-7739]",Leadership and Organization Development Journal,Human resources and industrial relations,Leadership and Organization Development Journal,Gen & Strat,LEADERSHIP & ORGANIZATION DEVELOPMENT JOURNAL,LEADERSHIP ORG DEV J,[MANAGEMENT]
"[1742-7169, 1742-7150]",Leadership,Human resources and industrial relations,Leadership,"OS/OB,HRM/IR",Leadership,LEADERSHIP-LONDON,[MANAGEMENT]
"[1552-6798, 0893-3189]",,,Management Communication Quarterly,Gen & Strat,Management Communication Quarterly,MANAGE COMMUN Q,[MANAGEMENT]
[1286-4692],M@n@gement,Human resources and industrial relations,M@n@gement,Gen & Strat,Management,MANAGEMENT-FRANCE,[MANAGEMENT]
[0276-7783],,,MIS Quarterly: Management Information Systems,"MIS, KM",MIS QUARTERLY,MIS QUART,[MANAGEMENT]
"[2054-1686, 1525-383X]",Multinational Business Review,Human resources and industrial relations,Multinational Business Review,IB,Multinational Business Review,MULTINATL BUS REV,[BUSINESS]
"[1520-6793, 0742-6046]",,,Psychology and Marketing,Marketing,PSYCHOLOGY & MARKETING,PSYCHOL MARKET,[BUSINESS]
"[1758-7700, 1475-7702]",Review of Accounting and Finance,"Accounting, auditing and accountability",,,Review of Accounting and Finance,REV ACCOUNT FINANC,"['BUSINESS, FINANCE']"
"[1530-9142, 0034-6535]",The Review of Economics and Statistics,"Banking, finance and investment",Review of Economics and Statistics,Economics,REVIEW OF ECONOMICS AND STATISTICS,REV ECON STAT,[ECONOMICS]
"[1467-937X, 0034-6527]",The Review of Economic Studies,Applied economics,Review of Economic Studies,Economics,REVIEW OF ECONOMIC STUDIES,REV ECON STUD,[ECONOMICS]
"[1950-6694, 0035-2764]",Revue Economique,Applied economics,,,REVUE ECONOMIQUE,REV ECON-FR,[ECONOMICS]
"[1552-8278, 1046-4964]",,,Small Group Research,"OS/OB,HRM/IR",SMALL GROUP RESEARCH,SMALL GR RES,[MANAGEMENT]
"[1432-217X, 0176-1714]",,,Social Choice and Welfare,Sociology,SOCIAL CHOICE AND WELFARE,SOC CHOICE WELFARE,[ECONOMICS]
"[1475-147X, 1475-1461]",Socio-Economic Review,Applied economics,Socio-Economic Review,Economics,Socio-Economic Review,SOCIO-ECON REV,[ECONOMICS]
"[2044-0375, 1354-8166]",Tourism Economics: the business and finance of tourism and recreation,Tourism,Tourism Economics,Tourism,Tourism Economics,TOURISM ECON,[ECONOMICS]
"[1464-5327, 0144-1647]",,,Transport Reviews,"OR,MS,POM",TRANSPORT REVIEWS,TRANSPORT REV,[TRANSPORTATION]
"[1879-2057, 0001-4575]",,,,,ACCIDENT ANALYSIS AND PREVENTION,ACCIDENT ANAL PREV,[TRANSPORTATION]
"[2152-2820, 2194-6051]",,,,,Accounting Economics and Law-A Convivium,ACCOUNT ECON LAW,"['BUSINESS, FINANCE']"
"[2358-0917, 2177-6083]",,,,,Administracao-Ensino e Pesquisa,ADMINISTRACAO,[MANAGEMENT]
"[2380-0135, 2380-0127]",,,,,Applied Mobilities,APPL MOBIL,[TRANSPORTATION]
"[1467-8594, 0045-3609]",,,,,BUSINESS AND SOCIETY REVIEW,BUS SOC REV,[BUSINESS]
"[2658-2430, 2658-0845]",,,,,Central European Management Journal,CENT EUR MANAG J,[MANAGEMENT]
[2769-2140],,,,,Data Science in Finance and Economics,DATA SCI FINANC ECON,"[ECONOMICS, 'BUSINESS, FINANCE']"
"[2171-6323, 1132-175X]",,,,,Direccion y Organizacion,DIR ORGAN,[MANAGEMENT]
[2673-5210],,,,,Frontiers in Future Transportation,FRONT FUTURE TRANSP,[TRANSPORTATION]
"[2338-7238, 1411-1128]",,,,,Gadjah Mada international journal of business,GADJAH MADA INT J BU,[BUSINESS]
"[1754-2421, 1754-2413]",,,,,Gender in Management,GEND MANAG,"[BUSINESS, MANAGEMENT]"
"[1471-6798, 1471-678X]",,,,,IMA Journal of Management Mathematics,IMA J MANAG MATH,[MANAGEMENT]
"[2334-4555, 2334-4547]",,,,,International Journal of Business Analytics,INT J BUS ANAL,[BUSINESS]
[1925-4423],,,,,International Journal of Contemporary Economics and Administrative Sciences,INT J CONTEMP ECON A,[ECONOMICS]
"[1556-8334, 1556-8318]",,,,,International Journal of Sustainable Transportation,INT J SUSTAIN TRANSP,[TRANSPORTATION]
"[2329-9037, 2329-9460]",,,,,Journal of Responsible Innovation,J RESPONSIBLE INNOV,[MANAGEMENT]
"[1938-775X, 1938-7741]",,,,,Journal of Transportation Security,J TRANSP SECUR,[TRANSPORTATION]
"[2585-7878, 1335-4205]",,,,,Komunikacie - vedecke listy Zilinskej univerzity v Ziline,KOMUN VED LISTY ZIL,[TRANSPORTATION]
"[1734-459X, 1895-2038]",,,,,LogForum,LOGFORUM,[MANAGEMENT]
"[2299-193X, 1429-9321]",,,,,Management-Poland,MANAGE-POL,[MANAGEMENT]
[2666-822X],,,,,Maritime Transport Research,MARIT TRANSPORT RES,[TRANSPORTATION]
"[2052-9597, 1740-3812]",,,,,Philosophy of Management,PHILOS MANAG,[MANAGEMENT]
"[1751-4312, 1751-4304]",,,,,Proceedings of the Institution of Civil Engineers-Management Procurement and Law,PROC INST CIV ENG-MA,[MANAGEMENT]
"[2037-3643, 2037-3635]",,,,,PSL Quarterly Review,PSL Q REV,[ECONOMICS]
"[1983-0807, 1806-4892]",,,,,RBGN-Revista Brasileira de Gestao de Negocios,RBGN-REV BRAS GEST N,"[BUSINESS, MANAGEMENT]"
"[2587-8549, 2413-1407]",,,,,Regionologiya-Regionology Russian Journal of Regional Studies,REGIONOLOGIYA,[ECONOMICS]
[2178-0080],,,,,Revista Administracao em Dialogo,REV ADM DIALOGO,[MANAGEMENT]
"[1553-0892, 0048-749X]",,,,,Review of Regional Studies,REV REG STUD,[ECONOMICS]
[1852-7175],,,,,Revista de Transporte y Territorio,REV TRANSP TERRIT,[TRANSPORTATION]
"[2145-4558, 0124-4639]",,,,,Revista Universidad Empresa,REV UNIV EMPRES,[BUSINESS]
"[1750-2837, 0358-5522]",,,,,SCANDINAVIAN ECONOMIC HISTORY REVIEW,SCAND ECON HIST REV,[ECONOMICS]
[1945-497X],,,,,SIAM Journal on Financial Mathematics,SIAM J FINANC MATH,"['BUSINESS, FINANCE']"
"[1758-857X, 1747-1117]",,,,,Social Responsibility Journal,SOC RESPONSIB J,[MANAGEMENT]
"[2344-5416, 1842-4120]",,,,,Studies in Business and Economics,STUD BUS ECON-ROM,[ECONOMICS]
"[1834-5891, 1834-5883]",Global Economics and Finance Journal,"Banking, finance and investment",,,,,
"[2157-9393, 1535-0754]",International Business and Economics Research Journal,"Strategy, management and organisational behaviour",,,,,
[1449-3772],Australian Journal of Accounting Education,"COMMERCE, MANAGEMENT, TOURISM AND SERVICES",,,,,
[2154-8927],E-Journal of Organizational Learning and Leadership,"Strategy, management and organisational behaviour",,,,,
[0742-3322],,,Advances in Strategic Management,Gen & Strat,,,
[1449-2318],"Financial Reporting, Regulation and Governance","Accounting, auditing and accountability",,,,,
"[1756-6983, 1756-6975]",International Journal of Quality and Innovation,"Strategy, management and organisational behaviour",,,,,
"[1363-8483, 1758-9568, 1087-8572]",Strategy & Leadership,Human resources and industrial relations,,,,,
"[1865-0368, 1865-035X]",Logistics Research,"Transportation, logistics and supply chains",,,,,
[0033-295X],,,Psychological Review,Psychology,,,
[0092-5853],,,American Journal of Political Science,Sociology,,,
[1532-3005],,,Stress and Health,"OS/OB,HRM/IR",,,
[1467-985X],,,Journal of the Royal Statistical Society. Series A: Statistics in,"OR,MS,POM",,,
[2666-9579],Annals of Tourism Research Empirical Insights,Tourism,,,,,
"[2157-8834, 0892-7626]",Journal of Applied Business Research,"Strategy, management and organisational behaviour",,,,,
"[1751-0465, 1751-0457]",International Journal of Information Quality,Applied economics,,,,,
"[1755-1838, 1755-182X]",Journal of Tourism History,Tourism,,,,,
"[1923-4031, 1923-4023]",International Journal of Financial Research,"Accounting, auditing and accountability",,,,,
"[2159-1067, 1092-776X]",Annual Editions: Economics,Applied economics,,,,,
"[2158-1576, 1442-7591]",Journal of Occupational Science,Human resources and industrial relations,,,,,
[0018-9286],,,IEEE Transactions on Automatic Control,"MIS, KM",,,
[0743-0167],,,Journal of Rural Studies,PSM,,,
[1446-6899],Journal of Law and Financial Management,"Accounting, auditing and accountability",,,,,
"[1849-0190, 1845-5867]",Ekonomska i Ekohistorija,Applied economics,,,,,
"[1943-2607, 1943-2593]",SC: Briefings in Entrepreneurial Finance,"Banking, finance and investment",,,,,
"[1810-4851, 1018-161X]",Academia Economic Papers,Applied economics,,,,,
"[1998-1392, 1819-8643]",World Journal of Management and Economics,Applied economics,,,,,
"[1938-8179, 1938-8160]",Journal of China Tourism Research,Tourism,,,,,
[0218-6101],Asian Journal of Marketing (National University of Singapore),Marketing,,,,,
[2589-871X],Forensic Science International: Synergy,Business systems in context,,,,,
[1091-9392],,,Journal of Organizational Computing and Electronic Comm,"eMIS, KM",,,
[0197-2243],,,Information Society,"MIS, KM",,,
[0747-5632],,,Computers in Human Behavior,"MIS, KM",,,
[1350-486X],,,Applied Mathematical Finance,F&A,,,
[0972-6861],The IUP Journal of Applied Economics,"Banking, finance and investment",,,,,
"[1749-4737, 1749-4729]",World Review of Intermodal Transportation Research,"Transportation, logistics and supply chains",,,,,
"[0517-9815, 0003-5327]",Antarctic: a news bulletin,Tourism,,,,,
[0950-5849],,,Information and Software Technology,"MIS, KM",,,
"[2198-3402, 1866-8658]",BuR: Business Research,"Banking, finance and investment",,,,,
"[2581-3412, 0972-6233, 0972-4702]",Journal of Services Research,Commercial services,,,,,
"[1741-8127, 1468-4330]",International Journal of Management and Enterprise Development,Business systems in context,,,,,
[0911-1247],Journal of International Economic Studies,Applied economics,,,,,
"[2574-0776, 2574-0768]",American Economic Association. Papers and Proceedings,Applied economics,,,,,
"[1985-692X, 1837-6614]",International Journal of Business and Management Science,"Strategy, management and organisational behaviour",,,,,
"[2157-9512, 1558-0121]",Journal of Diversity Management,Human resources and industrial relations,,,,,
"[1554-0650, 1554-0642]",Foundations and Trends in Accounting,"Accounting, auditing and accountability",,,,,
[0959-3845],,,Information Technology and People,"MIS, KM",,,
[0305-5736],,,Policy and Politics,PSM,,,
"[2213-0799, 2213-0780]",Journal of Outdoor Recreation and Tourism,Tourism,,,,,
"[2196-2928, 2196-291X]",Customer Needs and Solutions,Marketing,,,,,
[0033-3352],,,Public Administration Review,PSM,,,
[1813-0534],Academy of Taiwan Business Management Review,"Strategy, management and organisational behaviour",,,,,
[0586-7762],Scottish Labour History,Human resources and industrial relations,,,,,
[0951-4848],,,Health Services Management Research,PSM,,,
[1645-9261],Journal of Tourism and Development,Tourism,,,,,
"[1756-9869, 1756-9850]",International Journal of Economics and Business Research,"Banking, finance and investment",,,,,
[0885-2111],Research in Consumer Behavior: a research annual,Marketing,,,,,
"[2251-3620, 2251-3612]",Global Journal of Economics,"Banking, finance and investment",,,,,
[0890-2070],,,European Journal of Personality,Psychology,,,
"[1833-4091, 1832-8490]",Monash Business Review,"Strategy, management and organisational behaviour",,,,,
[1933-7116],Review of Futures Markets (Kent),"Banking, finance and investment",,,,,
[0308-518X],,,Environment and Planning A,PSM,,,
"[1923-9343, 1923-9335]",Management Science Letters,"Strategy, management and organisational behaviour",,,,,
[0454-1111],Kobe University Economic Review,Applied economics,,,,,
[0734-9149],,,Public Administration Quarterly,PSM,,,
"[1865-5122, 1611-6607]",Applied Economics Quarterly,"Banking, finance and investment",,,,,
[0276-5624],,,Research in Social Stratification and Mobility,Sociology,,,
[0308-597X],,,Marine Policy,Economics,,,
"[2327-4468, 0148-4184]",Accounting Historians Journal,"Accounting, auditing and accountability",Accounting Historians Journal,F&A,Accounting Historians Journal,ACCOUNT HIST J,"['BUSINESS, FINANCE']"
"[1945-7790, 1945-7782]",American Economic Journal: Applied Economics,Applied economics,American Economic Journal: Applied Economics,Economics,American Economic Journal-Applied Economics,AM ECON J-APPL ECON,[ECONOMICS]
"[1466-4283, 0003-6846]",Applied Economics,Applied economics,Applied Economics,Economics,APPLIED ECONOMICS,APPL ECON,[ECONOMICS]
"[2056-4953, 2056-4945, 2044-2092, 2044-2084]",Arts and the Market,Marketing,,,Arts and the Market,ARTS MARK,[BUSINESS]
"[2164-2257, 1608-1625]",Asia-Pacific Journal of Accounting and Economics,"COMMERCE, MANAGEMENT, TOURISM AND SERVICES",Asia-Pacific Journal of Accounting and Economics,F&A,Asia-Pacific Journal of Accounting & Economics,ASIA-PAC J ACCOUNT E,"[ECONOMICS, 'BUSINESS, FINANCE']"
"[2180-3137, 1985-4064]",Asian Journal of Business and Accounting,"Accounting, auditing and accountability",,,Asian Journal of Business and Accounting,ASIAN J BUS ACCOUNT,"['BUSINESS, FINANCE']"
"[2194-6124, 1935-1704]",,,B.E. Journal of Theoretical Economics,Economics,B E Journal of Theoretical Economics,BE J THEOR ECON,[ECONOMICS]
"[2044-1401, 2044-1398]",China Finance Review International,"Accounting, auditing and accountability",,,China Finance Review International,CHINA FINANC REV INT,"['BUSINESS, FINANCE']"
"[1477-223X, 1025-3866]","Consumption, Markets and Culture",Marketing,,,Consumption Markets & Culture,CONSUMP MARK CULT,[BUSINESS]
"[1758-6054, 1472-0701]",Corporate Governance,"Strategy, management and organisational behaviour",Corporate Governance: The International Journal of Busin,Gen & Strat,Corporate Governance-The International Journal of Business in Society,CORP GOV-INT J BUS S,[BUSINESS]
"[1467-8691, 0963-1690]",Creativity and Innovation Management,Human resources and industrial relations,Creativity and Innovation Management,Innovation,Creativity and Innovation Management,CREAT INNOV MANAG,[MANAGEMENT]
"[1557-9298, 0012-8775]",Eastern European Economics: a journal of translations,Applied economics,,,EASTERN EUROPEAN ECONOMICS,EASTERN EUR ECON,[ECONOMICS]
"[1873-6106, 0921-8009]",,,Ecological Economics,Economics,ECOLOGICAL ECONOMICS,ECOL ECON,[ECONOMICS]
"[1552-3543, 0891-2424]",,,Economic Development Quarterly,PSM,ECONOMIC DEVELOPMENT QUARTERLY,ECON DEV Q,[ECONOMICS]
"[1944-8287, 0013-0095]",,,Economic Geography,Economics,ECONOMIC GEOGRAPHY,ECON GEOGR,[ECONOMICS]
"[1475-4932, 0013-0249]",The Economic Record,Applied economics,Economic Record,Economics,ECONOMIC RECORD,ECON REC,[ECONOMICS]
"[1368-423X, 1368-4221]",,,Econometrics Journal,Economics,Econometrics Journal,ECONOMET J,[ECONOMICS]
[2225-1146],Econometrics,Econometrics,,,Econometrics,ECONOMETRICS,[ECONOMICS]
"[1873-572X, 0014-2921]",European Economic Review,Applied economics,European Economic Review,Economics,EUROPEAN ECONOMIC REVIEW,EUR ECON REV,[ECONOMICS]
"[1474-0044, 1361-4916]",,,European Review of Economic History,Economics,European Review of Economic History,EUR REV ECON HIST,[ECONOMICS]
"[2049-3991, 2049-3983]",Evidence-Based HRM: a global forum for empirical scholarship,Human resources and industrial relations,,,Evidence-based HRM-A Global Forum for Empirical Scholarship,EVID-BASED HRM,[MANAGEMENT]
"[1468-0432, 0968-6673]",,,"Gender, Work and Organization","OS/OB,HRM/IR",GENDER WORK AND ORGANIZATION,GENDER WORK ORGAN,[MANAGEMENT]
"[1748-8583, 0954-5395]",,,Human Resource Management Journal,"OS/OB,HRM/IR",Human Resource Management Journal,HUM RESOUR MANAG J,[MANAGEMENT]
"[1947-9646, 1947-9638]",International Journal of Asian Business and Information Management,Marketing,,,International Journal of Asian Business and Information Management,INT J ASIAN BUS INF,[BUSINESS]
"[1548-114X, 1548-1131]",International Journal of E-Business Research,Marketing,,,International Journal of E-Business Research,INT J E-BUS RES,[BUSINESS]
"[1758-6569, 1743-9132]",International Journal of Managerial Finance,"Accounting, auditing and accountability",International Journal of Managerial Finance,F&A,International Journal of Managerial Finance,INT J MANAG FINANC,"['BUSINESS, FINANCE']"
"[1873-8036, 1059-0560]",International Review of Economics and Finance,"Accounting, auditing and accountability",International Review of Economics and Finance,Economics,International Review of Economics & Finance,INT REV ECON FINANC,"[ECONOMICS, 'BUSINESS, FINANCE']"
"[1542-7579, 1542-7560]",Journal of Behavioral Finance,"Accounting, auditing and accountability",Journal of Behavioral Finance,F&A,Journal of Behavioral Finance,J BEHAV FINANC,"[ECONOMICS, 'BUSINESS, FINANCE']"
"[1476-5292, 1476-5284]",Journal of Chinese Economics and Business Studies,"Banking, finance and investment",,,Journal of Chinese Economic and Business Studies,J CHIN ECON BUS STUD,[ECONOMICS]
"[1479-1048, 1463-001X]",Journal of Corporate Real Estate,"Strategy, management and organisational behaviour",,,Journal of Corporate Real Estate,J CORP REAL ESTATE,[MANAGEMENT]
"[0973-0710, 0972-6527]",Journal of Emerging Market Finance,"Banking, finance and investment",,,Journal of Emerging Market Finance,J EMERG MARK FINANC,"['BUSINESS, FINANCE']"
"[1432-1386, 0936-9937]",Journal of Evolutionary Economics,Applied economics,Journal of Evolutionary Economics,Economics,JOURNAL OF EVOLUTIONARY ECONOMICS,J EVOL ECON,[ECONOMICS]
"[1096-0791, 1051-1377]",Journal of Housing Economics,"Banking, finance and investment",Journal of Housing Economics,Economics,JOURNAL OF HOUSING ECONOMICS,J HOUS ECON,[ECONOMICS]
"[2522-0705, 2522-0691]",Journal of International Business Policy,Business systems in context,,,Journal of International Business Policy,J INT BUS POLICY,[BUSINESS]
"[1939-7089, 1548-0518, 1071-7919]",Journal of Leadership and Organizational Studies,Human resources and industrial relations,,,Journal of Leadership & Organizational Studies,J LEADERSH ORG STUD,[MANAGEMENT]
"[1873-1309, 1042-444X]",Journal of Multinational Financial Management,"Banking, finance and investment",Journal of Multinational Financial Management,F&A,Journal of Multinational Financial Management,J MULTINATL FINANC M,"['BUSINESS, FINANCE']"
"[2691-1175, 0896-5803]",Journal of Real Estate Research,"Banking, finance and investment",,,Journal of Real Estate Research,J REAL ESTATE RES,"[ECONOMICS, 'BUSINESS, FINANCE']"
"[1873-1384, 0969-6989]",Journal of Retailing and Consumer Services,Commercial services,Journal of Retailing and Consumer Services,Marketing,Journal of Retailing and Consumer Services,J RETAIL CONSUM SERV,[BUSINESS]
"[2043-0809, 2043-0795]",Journal of Sustainable Finance and Investment,"Banking, finance and investment",,,Journal of Sustainable Finance & Investment,J SUSTAIN FINANC INV,"['BUSINESS, FINANCE']"
"[1099-1441, 1092-4604]",Knowledge and Process Management (Print Edition): the journal of corporate transformation,"Strategy, management and organisational behaviour",Knowledge and Process Management,"OR,MS,POM",Knowledge and Process Management,KNOWL PROCESS MANAG,[MANAGEMENT]
"[1879-1034, 0927-5371]",,,Labour Economics,Economics,LABOUR ECONOMICS,LABOUR ECON,[ECONOMICS]
"[1571-9979, 0748-4526]",,,Negotiation Journal,Gen & Strat,NEGOTIATION JOURNAL,NEGOTIATION J,[MANAGEMENT]
"[2041-3874, 2041-3866]",,,Organizational Psychology Review,"OS/OB,HRM/IR",Organizational Psychology Review,ORGAN PSYCHOL REV,[MANAGEMENT]
"[1741-3044, 0170-8406]",Organization Studies,"COMMERCE, MANAGEMENT, TOURISM AND SERVICES",Organization Studies,"OS/OB,HRM/IR",ORGANIZATION STUDIES,ORGAN STUD,[MANAGEMENT]
"[1759-7331, 1759-7323]",Quantitative Economics,Applied economics,Quantitative Economics,Economics,Quantitative Economics,QUANT ECON,[ECONOMICS]
[0034-6454],Review of Business,"Banking, finance and investment",,,Review of Business,REV BUS,[BUSINESS]
[1879-9337],Review of Development Finance,"Banking, finance and investment",,,Review of Development Finance,REV DEV FINANC,"['BUSINESS, FINANCE']"
"[1573-7152, 1569-5239]",Review of Economics of the Household,Applied economics,Review of Economics of the Household,Economics,Review of Economics of the Household,REV ECON HOUSEHOLD,[ECONOMICS]
"[1475-4991, 0034-6586]",Review of Income and Wealth,"Banking, finance and investment",Review of Income and Wealth,Economics,REVIEW OF INCOME AND WEALTH,REV INCOME WEALTH,[ECONOMICS]
"[2059-6014, 1758-8529, 1056-9219]",Review of International Business and Strategy,Human resources and industrial relations,,,Review of International Business and Strategy,REV INT BUS STRATEGY,[BUSINESS]
"[1470-1162, 0034-6764]",Review of Social Economy,Applied economics,Review of Social Economy,Economics,REVIEW OF SOCIAL ECONOMY,REV SOC ECON,[ECONOMICS]
"[1746-5699, 1746-5680]",Society and Business Review,"Accounting, auditing and accountability",,,Society and Business Review,SOC BUS REV,[BUSINESS]
"[1557-2528, 1061-6934]",Sport Marketing Quarterly,Marketing,,,Sport Marketing Quarterly,SPORT MARKET Q,[BUSINESS]
"[1932-443X, 1932-4391]",Strategic Entrepreneurship Journal,"Strategy, management and organisational behaviour",Strategic Entrepreneurship Journal,Gen & Strat,Strategic Entrepreneurship Journal,STRATEG ENTREP J,"[BUSINESS, MANAGEMENT]"
"[1097-0266, 0143-2095]",Strategic Management Journal,"Strategy, management and organisational behaviour",Strategic Management Journal,Gen & Strat,STRATEGIC MANAGEMENT JOURNAL,STRATEGIC MANAGE J,"[BUSINESS, MANAGEMENT]"
"[2211-9744, 2211-9736]",,,Tourism Management Perspectives,Tourism,Tourism Management Perspectives,TOUR MANAG PERSPECT,[MANAGEMENT]
"[1878-5794, 1366-5545]",Transportation Research Part E: Logistics and Transportation Review,"Transportation, logistics and supply chains",Transportation Research Part E: Logistics and Transportat,"iOR,MS,POM",TRANSPORTATION RESEARCH PART E-LOGISTICS AND TRANSPORTATION REVIEW,TRANSPORT RES E-LOG,"[ECONOMICS, TRANSPORTATION]"
"[1564-6971, 0257-3032]",,,World Bank Research Observer,Economics,WORLD BANK RESEARCH OBSERVER,WORLD BANK RES OBSER,[ECONOMICS]
"[1179-1896, 1175-5652]",,,,,Applied Health Economics and Health Policy,APPL HEALTH ECON HEA,[ECONOMICS]
[1998-0663],,,,,Biznes Informatika-Business Informatics,BIZN INFORM,[BUSINESS]
"[2221-724X, 1992-1896]",,,,,Contabilidad y Negocios,CONTAB NEG,"['BUSINESS, FINANCE']"
"[2300-8814, 2084-0845]",,,,,Contemporary Economics,CONTEMP ECON,[ECONOMICS]
"[1988-2157, 1131-6837]",,,,,Cuadernos de Gestion,CUAD GEST,"[BUSINESS, MANAGEMENT]"
"[2312-430X, 2312-6310]",,,,,Economics and Finance Letters,ECON FINANCE LETT,"[ECONOMICS, 'BUSINESS, FINANCE']"
[1306-6730],,,,,Eskisehir Osmangazi Universitesi IIBF Dergisi-Eskisehir Osmangazi University Journal of Economics and Administrative Sciences,ESKISEH OSMAN UNIV I,[ECONOMICS]
"[1872-7050, 1389-9341]",,,,,Forest Policy and Economics,FOREST POLICY ECON,[ECONOMICS]
"[2300-5661, 2080-7279]",,,,,Foundations of Management,FOUND MANAGE,[MANAGEMENT]
[2643-1092],,,,,Green Finance,GREEN FINANC,"['BUSINESS, FINANCE']"
"[1873-4723, 1467-0895]",,,,,International Journal of Accounting Information Systems,INT J ACCOUNT INF SY,"[BUSINESS, 'BUSINESS, FINANCE', MANAGEMENT]"
[1511-6670],,,,,International Journal of Business and Society,INT J BUS SOC,[BUSINESS]
"[2049-5412, 2049-5404]",,,,,Journal of Financial Market Infrastructures,J FINANC MARK INFRAS,"['BUSINESS, FINANCE']"
[2405-9188],,,,,Journal of Finance and Data Science,J FINANCE DATA SCI,"[ECONOMICS, 'BUSINESS, FINANCE']"
[2032-5355],,,,,Journal of Innovation Economics & Management,J INNOV ECON MANAG,[MANAGEMENT]
[1520-6688],,,,,JOURNAL OF POLICY ANALYSIS AND MANAGEMENT,J POLICY ANAL MANAG,[ECONOMICS]
"[2375-0901, 1077-291X]",,,,,Journal of Public Transportation,J PUBLIC TRANSPORT,[TRANSPORTATION]
"[2374-1325, 1551-9783]",,,,,Journal of Structured Finance,J STRUCT FINANC,"['BUSINESS, FINANCE']"
[1742-3945],,,,,Manchester Journal of International Economic Law,MANCH J INT ECON LAW,[ECONOMICS]
"[2050-3644, 2050-3636]",,,,,Middle East Journal of Management,MIDDLE EAST J MANAG,[MANAGEMENT]
[2689-3010],,,,,National Accounting Review,NATL ACCOUNT REV,"[ECONOMICS, 'BUSINESS, FINANCE']"
[2237-4558],,,,,Navus-Revista de Gestao e Tecnologia,NAVUS-REV GEST TECNO,[MANAGEMENT]
[1984-3372],,,,,Revista Eletronica de Estrategia e Negocios-REEN,REV ELETRONICA ESTRA,[MANAGEMENT]
"[2177-6652, 1677-9479]",,,,,Revista Gestao & Tecnologia-Journal of Management and Technology,REV GEST TECNOL,[MANAGEMENT]
[0776-5436],,,,,Revue Internationale PME,REV INT PME,[BUSINESS]
"[2078-5976, 2078-5585]",,,,,South African Journal of Business Management,S AFR J BUS MANAG,"[BUSINESS, MANAGEMENT]"
"[2233-1999, 1840-118X]",,,,,South East European Journal of Economics and Business,S E EUR J ECON BUS,[ECONOMICS]
"[1869-4195, 1869-4187]",,,,,Series-Journal of the Spanish Economic Association,SERIES-J SPAN ECON,[ECONOMICS]
"[1942-7875, 1942-7867]",,,,,Transportation Letters-The International Journal of Transportation Research,TRANSP LETT,[TRANSPORTATION]
[2587-232X],,,,,Turkish Journal of Islamic Economics-TUJISE,TURK J ISLAMIC ECON,[ECONOMICS]
[2659-3270],,,,,UCJC Business and Society Review,UCJC BUS SOC REV,[BUSINESS]
[2289-1471],Asia-Pacific Journal of Innovation in Hospitality and Tourism,Tourism,,,,,
[0012-155X],,,Development and Change,Sociology,,,
"[1741-8186, 1474-7332]",International Journal of Revenue Management,"Banking, finance and investment",,,,,
"[2346-2450, 0124-5996]",Revista de Economia Institucional,"Banking, finance and investment",,,,,
"[1777-5647, 1265-9576]","Observatoire Francais des Conjonctures Economiques, Revue: observations et diagnostics economiques",Applied economics,,,,,
"[1740-8946, 1740-8938]",International Journal of Work Organisation and Emotion,Human resources and industrial relations,,,,,
[0041-0020],,,Town Planning Review,PSM,,,
[0956-7976],,,Psychological Science,Psychology,,,
"[1750-676X, 1750-6751]",The Journal of Prediction Markets,"Banking, finance and investment",,,,,
[0870-3531],"Economia (Lisbon, 1977)",Applied economics,,,,,
"[1913-9012, 1913-9004]",International Business Research,"Banking, finance and investment",,,,,
"[2307-5953, 2306-9007]",International Review of Management and Business Research,Human resources and industrial relations,,,,,
"[2378-8585, 1553-9563]",International Journal of Business Strategy,"Strategy, management and organisational behaviour",,,,,
"[1548-2278, 0022-037X]",Journal of Developing Areas,"COMMERCE, MANAGEMENT, TOURISM AND SERVICES",Journal of Developing Areas,Economics,,,
[0066-4812],,,Antipode,Sociology,,,
"[1532-7000, 1521-3250]",Emergence: Complexity and Organization,"Strategy, management and organisational behaviour",,,,,
[2282-717X],"Journal of Financial Management, Markets and Institutions","Banking, finance and investment",,,,,
"[2166-496X, 2166-4951]",American Journal of Economics,"Banking, finance and investment",,,,,
[0003-0554],,,American Political Science Review,PSM,,,
[0962-8770],,,"Business Ethics, the Environment & Reponsibility","OS/OB,HRM/IR",,,
[1053-1858],,,Journal of Public Administration Research and Theory,PSM,,,
[0972-9496],The Global Journal of Finance and Economics,"Banking, finance and investment",,,,,
"[1745-1329, 1097-4954]",Global Business and Economics Review,"Banking, finance and investment",,,,,
[1042-6337],Journal of Business and Entrepreneurship,"Strategy, management and organisational behaviour",,,,,
"[0727-3029, 0728-8409, 0727-3002]",Asia Pacific Economic Papers,Applied economics,,,,,
[0036-1445],,,SIAM review,"OR,MS,POM",,,
"[1753-1454, 1753-1446]",International Journal of Services Sciences,"Strategy, management and organisational behaviour",,,,,
"[2306-7217, 1867-8882, 0025-3863]",Der Markt: international journal of marketing,Marketing,,,,,
[1307-1637],International Journal of Economic Perspectives,Applied economics,,,,,
[1747-0218],,,Quarterly Journal of Experimental Psychology,Psychology,,,
[0265-8135],,,Environment and Planning B: Planning and Design,PSM,,,
[0022-1856],,,Journal of Industrial Relations,"OS/OB,HRM/IR",,,
[1077-0097],Advances in Competitiveness Research,Human resources and industrial relations,,,,,
[0361-6843],,,Psychology of Women Quarterly,"OS/OB,HRM/IR",,,
"[2162-142X, 2162-139X]",American International Journal of Contemporary Research,"Strategy, management and organisational behaviour",,,,,
[0073-9103],Institute of Economic Affairs: Research Monographs,Applied economics,,,,,
[1204-5357],Journal of Internet Banking and Commerce,"Banking, finance and investment",,,,,
[1752-8925],Quantitative and Qualitative Analysis in Social Sciences,"Banking, finance and investment",,,,,
"[1873-1996, 0748-5751]",Journal of Accounting Education,"Accounting, auditing and accountability",Journal of Accounting Education,Education,,,
[0953-7287],,,Production Planning and Control,"OR,MS,POM",,,
[2305-865X],Academy of Contemporary Research Journal,"Banking, finance and investment",,,,,
[2193-9004],IZA Journal of Labor Policy,Applied economics,,,,,
"[2374-8753, 0898-5510]",Journal of Forensic Economics,Other economics,,,,,
"[1756-0055, 1756-0047]",International Journal of Business Excellence,Business systems in context,,,,,
[2326-0297],Business and Management Horizons,"Strategy, management and organisational behaviour",,,,,
"[1752-0487, 1752-0479]",International Journal of Monetary Economics and Finance,"Banking, finance and investment",,,,,
"[2157-0205, 1933-3153]",International Journal of Management and Marketing Research,Marketing,,,,,
[1442-4444],Socio-analysis : the journal of the Australian Institute of Socio-Analysis,Human resources and industrial relations,,,,,
"[1466-4453, 0959-9916, 0264-0821]",Journal of Property Research,"Banking, finance and investment",,,,,
"[2329-9762, 1534-973X]",Marketing Management Journal,Marketing,,,,,
"[8756-1972, 1552-4191, 1080-5699]",Business Communication Quarterly,"Strategy, management and organisational behaviour",,,,,
"[1746-8787, 1746-8779]",Journal of Technology Management in China,Human resources and industrial relations,,,,,
[0868-7692],Logos: Brand Management,Marketing,,,,,
"[1525-6499, 1525-6480, 1092-3128]",International Journal of Hospitality and Tourism Administration,Commercial services,,,,,
[0965-4313],,,European Planning Studies,PSM,,,
"[1930-3807, 0363-7425]",Academy of Management Review,"Strategy, management and organisational behaviour",Academy of Management Review,Gen & Strat,ACADEMY OF MANAGEMENT REVIEW,ACAD MANAGE REV,"[BUSINESS, MANAGEMENT]"
"[1468-4489, 0963-9284]",,,Accounting Education,Education,Accounting Education,ACCOUNT EDUC,"['BUSINESS, FINANCE']"
"[2155-286X, 2155-2851, 1466-4275, 0958-5206]",Accounting History Review,"Accounting, auditing and accountability",Accounting History Review,Bus Hist,Accounting History Review,ACCOUNT HIST REV,[BUSINESS]
"[1873-6289, 0361-3682]","Accounting, Organizations and Society","Accounting, auditing and accountability","Accounting, Organizations and Society",F&A,ACCOUNTING ORGANIZATIONS AND SOCIETY,ACCOUNT ORG SOC,"['BUSINESS, FINANCE']"
"[2244-8772, 1316-8533]",Actualidad Contable Faces,"Accounting, auditing and accountability",,,Actualidad Contable Faces,ACTUAL CONTAB FACES,"['BUSINESS, FINANCE']"
"[1574-0862, 0169-5150]",Agricultural Economics,Applied economics,Agricultural Economics,Economics,AGRICULTURAL ECONOMICS,AGR ECON-BLACKWELL,[ECONOMICS]
"[1945-7715, 1945-7707, 1945-0443]",American Economic Journal: Macroeconomics,Applied economics,American Economic Journal: Macroeconomics,Economics,American Economic Journal-Macroeconomics,AM ECON J-MACROECON,[ECONOMICS]
"[1467-8276, 0002-9092]",American Journal of Agricultural Economics,Applied economics,American Journal of Agricultural Economics,Economics,AMERICAN JOURNAL OF AGRICULTURAL ECONOMICS,AM J AGR ECON,[ECONOMICS]
"[2327-0608, 2327-0616]",,,Annual Review of Organizational Psychology and Organiza,"Psych, OS/OB",Annual Review of Organizational Psychology and Organizational Behavior,ANNU REV ORGAN PSYCH,[MANAGEMENT]
"[1467-8551, 1045-3172]",British Journal of Management,Human resources and industrial relations,British Journal of Management,Gen & Strat,BRITISH JOURNAL OF MANAGEMENT,BRIT J MANAGE,"[BUSINESS, MANAGEMENT]"
"[1758-6003, 1362-0436]",Career Development International,Human resources and industrial relations,Career Development International,"OS/OB,HRM/IR",Career Development International,CAREER DEV INT,[MANAGEMENT]
"[2248-4337, 0121-4772]",Cuadernos de Economia,Applied economics,,,Cuadernos de Economia,CUAD ECON-BOGOTA,[ECONOMICS]
[1864-6042],Economics,Applied economics,,,Economics-The Open Access Open-Assessment E-Journal,ECONOMICS-KIEL,[ECONOMICS]
[2227-7099],Economies,Applied economics,,,Economies,ECONOMIES,[ECONOMICS]
"[1467-2235, 1467-2227]",,,Enterprise and Society,Bus Hist,ENTERPRISE & SOCIETY,ENTERP SOC,[BUSINESS]
"[1468-4497, 0963-8180]",European Accounting Review,"Accounting, auditing and accountability",European Accounting Review,F&A,European Accounting Review,EUR ACCOUNT REV,"['BUSINESS, FINANCE']"
"[1466-4364, 1351-847X]",The European Journal of Finance,"Banking, finance and investment",European Journal of Finance,F&A,European Journal of Finance,EUR J FINANC,"['BUSINESS, FINANCE']"
"[2147-4281, 1309-4297]",Eurasian Business Review,"Banking, finance and investment",,,Eurasian Business Review,EURASIAN BUS REV,"[ECONOMICS, BUSINESS, MANAGEMENT]"
"[2163-4505, 0014-9187]",Review of the Federal Reserve Bank of St. Louis,"Banking, finance and investment",,,FEDERAL RESERVE BANK OF ST LOUIS REVIEW,FED RESERVE BANK ST,"[ECONOMICS, 'BUSINESS, FINANCE']"
"[2436-097X, 0018-280X]",Hitotsubashi Journal of Economics,Applied economics,,,HITOTSUBASHI JOURNAL OF ECONOMICS,HITOTSUB J ECON,[ECONOMICS]
"[0386-1112, 2210-4240]",IATSS Research,"Transportation, logistics and supply chains",,,IATSS Research,IATSS RES,[TRANSPORTATION]
"[1873-5975, 0167-6245]",,,Information Economics and Policy,Economics,INFORMATION ECONOMICS AND POLICY,INF ECON POLICY,[ECONOMICS]
"[1757-1189, 1757-1170]",International Journal of Computational Economics and Econometrics,Applied economics,,,International Journal of Computational Economics and Econometrics,INT J COMPUT ECON EC,[ECONOMICS]
"[1470-6431, 1470-6423]",International Journal of Consumer Studies,Marketing,,,International Journal of Consumer Studies,INT J CONSUM STUD,[BUSINESS]
"[2199-9031, 2199-9023]",International Journal of Health Economics and Management,Applied economics,,,International Journal of Health Economics and Management,INT J HEALTH ECON MA,"[ECONOMICS, 'BUSINESS, FINANCE']"
"[1758-6593, 0144-3577]",International Journal of Operations and Production Management,"Strategy, management and organisational behaviour",International Journal of Operations and Production Manag,"OR,MS,POM",INTERNATIONAL JOURNAL OF OPERATIONS & PRODUCTION MANAGEMENT,INT J OPER PROD MAN,[MANAGEMENT]
"[1758-6682, 0265-671X]",International Journal of Quality and Reliability Management,"Strategy, management and organisational behaviour",International Journal of Quality and Reliability Managemen,"tOR,MS,POM",International Journal of Quality & Reliability Management,INT J QUAL RELIAB MA,[MANAGEMENT]
"[1873-6394, 0144-8188]",,,International Review of Law and Economics,Economics,INTERNATIONAL REVIEW OF LAW AND ECONOMICS,INT REV LAW ECON,[ECONOMICS]
"[2214-6369, 2214-6350]",Journal of Behavioral and Experimental Finance,"Banking, finance and investment",,,Journal of Behavioral and Experimental Finance,J BEHAV EXP FINANC,"[ECONOMICS, 'BUSINESS, FINANCE']"
"[1468-5957, 0306-686X]",Journal of Business Finance and Accounting,"Accounting, auditing and accountability",Journal of Business Finance and Accounting,F&A,Journal of Business Finance & Accounting,J BUS FINAN ACCOUNT,"['BUSINESS, FINANCE']"
"[2040-8013, 2040-8005]",Journal of Chinese Human Resources Management,Human resources and industrial relations,,,Journal of Chinese Human Resources Management,J CHIN HUM RESOUR MA,[MANAGEMENT]
"[2405-8513, 2405-8505]",Journal of Commodity Markets,"Banking, finance and investment",Journal of Commodity Markets,F&A,Journal of Commodity Markets,J COMMOD MARK,"[ECONOMICS, 'BUSINESS, FINANCE']"
"[1573-6997, 0885-2545]",Journal of Cultural Economics,Applied economics,,,Journal of Cultural Economics,J CULT ECON,[ECONOMICS]
"[1096-0449, 0095-0696]",Journal of Environmental Economics and Management,Applied economics,Journal of Environmental Economics and Management,Economics,JOURNAL OF ENVIRONMENTAL ECONOMICS AND MANAGEMENT,J ENVIRON ECON MANAG,"[ECONOMICS, BUSINESS]"
"[1479-8417, 1479-8409]",Journal of Financial Econometrics,"Banking, finance and investment",Journal of Financial Econometrics,Economics,Journal of Financial Econometrics,J FINANC ECONOMET,"[ECONOMICS, 'BUSINESS, FINANCE']"
"[2380-2154, 2380-2146]",Journal of Financial Reporting,"Accounting, auditing and accountability",Journal of Financial Reporting,F&A,Journal of Financial Reporting,J FINANC REPORT,"['BUSINESS, FINANCE']"
"[1879-1603, 1061-9518]","Journal of International Accounting, Auditing and Taxation","Accounting, auditing and accountability","Journal of International Accounting, Auditing and Taxation",F&A,Journal of International Accounting Auditing and Taxation,J INT ACCOUNT AUDIT,"['BUSINESS, FINANCE']"
"[1528-6983, 0897-4438]",Journal of International Food and Agribusiness Marketing,Marketing,,,Journal of International Food & Agribusiness Marketing,J INT FOOD AGRIBUS M,[BUSINESS]
"[1537-5307, 0734-306X]",Journal of Labor Economics,Applied economics,Journal of Labor Economics,Economics,JOURNAL OF LABOR ECONOMICS,J LABOR ECON,[ECONOMICS]
"[1758-7492, 0262-1711]",Journal of Management Development,Human resources and industrial relations,Journal of Management Development,"OS/OB,HRM/IR",JOURNAL OF MANAGEMENT DEVELOPMENT,J MANAG DEV,[MANAGEMENT]
"[1758-7751, 1751-1348]",,,Journal of Management History,Gen & Strat,Journal of Management History,J MANAG HIST,[MANAGEMENT]
"[1557-928X, 0742-1222]",,,Journal of Management Information Systems,"MIS, KM",JOURNAL OF MANAGEMENT INFORMATION SYSTEMS,J MANAGE INFORM SYST,[MANAGEMENT]
"[1099-1360, 1057-9214]",,,Journal of Multi-Criteria Decision Analysis,"OR,MS,POM",Journal of Multi-Criteria Decision Analysis,J MULTI-CRITERIA DEC,[MANAGEMENT]
"[1540-6997, 1049-5142]",Journal of Nonprofit and Public Sector Marketing,Marketing,,,Journal of Nonprofit & Public Sector Marketing,J NONPROFIT PUBLIC S,[BUSINESS]
"[1476-9360, 0160-5682]",,,Journal of the Operational Research Society,"OR,MS,POM",JOURNAL OF THE OPERATIONAL RESEARCH SOCIETY,J OPER RES SOC,[MANAGEMENT]
"[1475-3022, 1474-7472]",Journal of Pension Economics and Finance,"Banking, finance and investment",,,Journal of Pension Economics & Finance,J PENSION ECON FINAN,"[ECONOMICS, 'BUSINESS, FINANCE']"
"[1945-1814, 1096-3367, 1042-4741]","Journal of Public Budgeting, Accounting and Financial Management","Accounting, auditing and accountability",,,Journal of Public Budgeting Accounting & Financial Management,J PUBLIC BUDGET ACC,"['BUSINESS, FINANCE']"
"[1573-7047, 0892-9912]",Journal of Technology Transfer,"Strategy, management and organisational behaviour",,,JOURNAL OF TECHNOLOGY TRANSFER,J TECHNOL TRANSFER,[MANAGEMENT]
"[1095-9068, 0094-1190]",,,Journal of Urban Economics,Economics,JOURNAL OF URBAN ECONOMICS,J URBAN ECON,[ECONOMICS]
"[1758-7905, 0969-6474]",The Learning Organization: the international journal of knowledge and organizational learning management,Human resources and industrial relations,,,Learning Organization,LEARN ORGAN,[MANAGEMENT]
"[2198-1639, 2198-1620]",Management Review Quarterly,"Strategy, management and organisational behaviour",,,Management Review Quarterly,MANAG REV Q,"[BUSINESS, 'BUSINESS, FINANCE', MANAGEMENT]"
"[1861-8901, 0938-8249]",Management International Review,Human resources and industrial relations,Management International Review,IB,MANAGEMENT INTERNATIONAL REVIEW,MANAGE INT REV,[MANAGEMENT]
[2631-7877],Organization Theory,"Strategy, management and organisational behaviour",Organization Theory,"OS/OB,HRM/IR",Organization Theory,ORGAN THEOR,[MANAGEMENT]
"[1873-7625, 0048-7333]",Research Policy,"Strategy, management and organisational behaviour",Research Policy,Economics,RESEARCH POLICY,RES POLICY,[MANAGEMENT]
"[2326-6201, 2326-6198]",Review of Behavioral Economics,"Banking, finance and investment",,,Review of Behavioral Economics,REV BEHAV ECON,[ECONOMICS]
"[2046-9136, 2046-9128]",Review of Corporate Finance Studies,"Banking, finance and investment",Review of Corporate Finance Studies,F&A,Review of Corporate Finance Studies,REV CORP FINANC STUD,"['BUSINESS, FINANCE']"
"[2255-5951, 1132-2799]",Revista Galega de Economia,Applied economics,,,Revista Galega de Economia,REV GALEGA ECON,[ECONOMICS]
"[1793-6705, 0219-0915]",Review of Pacific Basin Financial Markets and Policies,"Accounting, auditing and accountability",,,Review of Pacific Basin Financial Markets and Policies,REV PAC BASIN FINANC,"['BUSINESS, FINANCE']"
"[2222-3436, 1015-8812]",South African Journal of Economic and Management Sciences,"COMMERCE, MANAGEMENT, TOURISM AND SERVICES",,,South African Journal of Economic and Management Sciences,S AFR J ECON MANAG S,"[ECONOMICS, MANAGEMENT]"
"[1793-6837, 0217-5908]",Singapore Economic Review,Applied economics,,,SINGAPORE ECONOMIC REVIEW,SINGAP ECON REV,[ECONOMICS]
"[1099-1697, 1086-1718]",,,Strategic Change,Gen & Strat,Strategic Change-Briefings in Entrepreneurial Finance,STRATEG CHANG,"['BUSINESS, FINANCE']"
"[1558-3708, 1081-1826]",Studies in Nonlinear Dynamics and Econometrics,Applied economics,,,STUDIES IN NONLINEAR DYNAMICS AND ECONOMETRICS,STUD NONLINEAR DYN E,[ECONOMICS]
"[2054-4650, 2054-4642]","Work, Aging and Retirement",Human resources and industrial relations,,,Work Aging and Retirement,WORK AGING RETIRE,[MANAGEMENT]
"[1469-8722, 0950-0170]",,,"Work, Employment and Society","OS/OB,HRM/IR",WORK EMPLOYMENT AND SOCIETY,WORK EMPLOY SOC,[ECONOMICS]
"[1849-1162, 1331-5609]",Zagreb International Review of Economics and Business,Applied economics,,,Zagreb International Review of Economics & Business,ZAGREB INT REV ECON,[ECONOMICS]
"[2056-5127, 1012-8255]",,,,,Academia-Revista Latinoamericana de Administracion,ACAD-REV LATINOAM AD,"[BUSINESS, MANAGEMENT]"
"[2509-7954, 2509-7946]",,,,,Asia-Pacific Journal of Regional Science,ASIA-PAC J REG SCI,[ECONOMICS]
"[2694-6424, 2694-6416]",,,,,Business Ethics the Environment & Responsibility,BUS ETHICS ENV RESP,[BUSINESS]
[1984-3925],,,,,Contabilidade Gestao e Governanca,CONTAB GEST GOV,[MANAGEMENT]
[1923-6530],,,,,Dalhousie Journal of Interdisciplinary Management,DALHOUS J INTERDISCI,[MANAGEMENT]
"[1848-9494, 0424-7558]",,,,,Ekonomski Pregled,EKON PREGL,[ECONOMICS]
[2345-0282],,,,,Entrepreneurship and Sustainability Issues,ENTREP SUSTAIN ISS,[BUSINESS]
"[2644-0873, 2644-0865]",,,,,INFORMS Journal on Applied Analytics,INFORMS J APPL ANAL,[MANAGEMENT]
[1394-7680],,,,,International Journal of Economics Management and Accounting,INT J ECON MANAG ACC,[ECONOMICS]
"[1754-3274, 1754-3266]",,,,,International Journal of Fashion Design Technology and Education,INT J FASH DES TECHN,[BUSINESS]
"[2289-4365, 0128-1976]",,,,,ISRA International Journal of Islamic Finance,ISRA INT J ISLAMIC F,"['BUSINESS, FINANCE']"
"[2164-7313, 1064-1734]",,,,,Journal of Current Issues and Research In Advertising,J CURR ISS RES AD,[BUSINESS]
"[1757-6393, 1757-6385]",,,,,Journal of Financial Economic Policy,J FINAN ECON POLICY,[ECONOMICS]
"[1759-8443, 1366-4387]",,,,,Journal of Financial Management of Property and Construction,J FINANC MANAG PROP,"['BUSINESS, FINANCE']"
[2377-2999],,,,,Journal of Global Economic Analysis,J GLOB ECON ANAL,[ECONOMICS]
"[1532-7736, 0899-7764]",,,,,JOURNAL OF MEDIA ECONOMICS,J MEDIA ECON,[ECONOMICS]
[2149-1658],,,,,Journal of Mehmet Akif Ersoy University Economics and Administrative Sciences Faculty,J MEHMET AKIF ERSOY,[ECONOMICS]
"[2199-6873, 0972-5792]",,,,,Journal of Social and Economic Development,J SOCIAL EC DEV,[ECONOMICS]
"[1752-0851, 1752-0843]",,,,,Macroeconomics and Finance in Emerging Market Economies,MACROECON FINANC EME,[ECONOMICS]
[0971-1023],,,,,NMIMS Management Review,NMIMS MANAG REV,[MANAGEMENT]
"[2300-5289, 1733-2478]",,,,,Real Estate Management and Valuation,REAL ESTATE MANAGE V,"['BUSINESS, FINANCE', MANAGEMENT]"
"[2631-3561, 2356-9980]",,,,,Review of Economics and Political Science,REV ECON POLIT SCI-R,[ECONOMICS]
"[2007-3682, 2007-1582]",,,,,Revista Ecorfan,REV ECORFAN,[BUSINESS]
[2179-3565],,,,,RISUS-Journal on Innovation and Sustainability,RISUS,[MANAGEMENT]
"[2537-6071, 1582-6163]",,,,,Romanian Journal of Economic Forecasting,ROM J ECON FORECAST,[ECONOMICS]
"[2164-3970, 2164-3962]",,,,,Service Science,SERV SCI,"[BUSINESS, MANAGEMENT]"
"[1873-5517, 1369-8478]",,,,,TRANSPORTATION RESEARCH PART F-TRAFFIC PSYCHOLOGY AND BEHAVIOUR,TRANSPORT RES F-TRAF,[TRANSPORTATION]
"[2249-5304, 0972-2629]",,,,,Vision-The Journal of Business Perspective,VISION-INDIA,"[BUSINESS, MANAGEMENT]"
"[2382-6258, 2382-624X]",,,,,Water Economics and Policy,WATER ECON POLICY,[ECONOMICS]
"[2042-8928, 2042-891X]",,,,,World Review of Political Economy,WORLD REV POLIT ECON,[ECONOMICS]
"[1751-0260, 1751-0252]",International Journal of Business Innovation and Research,Business systems in context,,,,,
"[0749-7075, 0036-0805]",SAM Advanced Management Journal,Human resources and industrial relations,,,,,
"[1718-0864, 1481-0468]",Journal of Comparative International Management,Human resources and industrial relations,,,,,
[0162-2439],,,Science Technology and Human Values,Innovation,,,
[1176-645X],Marketing Bulletin (Online),Marketing,,,,,
[1309-8047],International Journal of Business and Management Studies,Human resources and industrial relations,,,,,
"[1759-0477, 0953-5543]",OR Insight,"Transportation, logistics and supply chains",,,,,
"[1923-2705, 0712-8657]",Teoros: revue de recherche en tourisme,Tourism,,,,,
"[1938-212X, 1842-3191]","Economics, Management, and Financial Markets","Banking, finance and investment",,,,,
[0899-7640],,,Nonprofit and Voluntary Sector Quarterly,PSM,,,
[0963-6625],,,Public Understanding of Science,Innovation,,,
"[2204-1990, 1323-6903]",Journal of Contemporary Issues in Business and Government,"Strategy, management and organisational behaviour",,,,,
"[2442-9724, 1411-8858]",Indonesian Management and Accounting Research,"Accounting, auditing and accountability",,,,,
[0022-9725],Keizai Kagaku,Applied economics,,,,,
"[1743-4637, 1460-3799]",Risk Management,"Banking, finance and investment",,,,,
[1991-4938],North South Business Review (NSBR),"Strategy, management and organisational behaviour",,,,,
[0081-1750],,,Sociological Methodology,Sociology,,,
"[2205-6742, 2205-6688]",Australian Academy of Accounting and Finance Review,"Banking, finance and investment",,,,,
"[1758-1516, 1758-1508]",European Journal of Cross-Cultural Competence and Management,Human resources and industrial relations,,,,,
"[2312-2803, 1995-7076]",Journal of Economic and Financial Sciences,"COMMERCE, MANAGEMENT, TOURISM AND SERVICES",,,,,
[2278-8425],International Journal on Global Business Management and Research,"Banking, finance and investment",,,,,
[1553-5347],Journal of Contemporary Business Issues,"Strategy, management and organisational behaviour",,,,,
"[2151-2221, 1492-7713]",Leisure,Tourism,,,,,
[0023-6977],Labour Law Journal,"COMMERCE, MANAGEMENT, TOURISM AND SERVICES",,,,,
"[1528-2635, 1096-3685]",Academy of Accounting and Financial Studies Journal,"Accounting, auditing and accountability",,,,,
[0360-0572],,,Annual Review of Sociology,Sociology,,,
[0168-8510],,,Health Policy,Economics,,,
"[2226-5139, 2224-4441]",International Journal of Asian Social Science,"Strategy, management and organisational behaviour",,,,,
[1981-0970],Dialogando no Turismo,Tourism,,,,,
[1475-1488],Advances in Accounting Behavioral Research,"Accounting, auditing and accountability",Advances in Accounting Behavioral Research,F&A,,,
[0066-4308],,,Annual Review of Psychology,Psychology,,,
[1745-7718],Accountancy Business and the Public Interest,"Accounting, auditing and accountability",,,,,
[0889-6402],Organization Development Journal,Human resources and industrial relations,,,,,
[0973-8703],Indian Journal of Marketing,Marketing,,,,,
"[2377-0058, 1598-0634]",International Journal of Tourism Sciences,Tourism,,,,,
"[2328-1235, 0569-4345]",American Economist,Applied economics,,,,,
"[1998-4030, 1463-1741]",Noise and Health,Human resources and industrial relations,,,,,
"[2071-3185, 1015-3977]",Southern African Journal of Entrepreneurship and Small Business Management,Human resources and industrial relations,,,,,
[2246-2465],Journal of Business Models,Business systems in context,,,,,
[0973-6719],International Journal of Economics,"Banking, finance and investment",,,,,
"[2576-3458, 1063-343X]",Journal of Business and Economic Studies,Applied economics,,,,,
[0733-558X],,,Research in the Sociology of Organizations,Sociology,,,
[0022-3239],,,Journal of Optimization Theory and Applications,"OR,MS,POM",,,
[0146-1672],,,Personality and Social Psychology Bulletin,Psychology,,,
[0138-9130],,,Scientometrics,Innovation,,,
"[2241-0996, 2241-0988]",Journal of Finance and Investment Analysis,"Banking, finance and investment",,,,,
"[2305-2147, 2222-6737]",Asian Economic and Financial Review,"Banking, finance and investment",,,,,
[1869-6945],International Journal on Food System Dynamics,Applied economics,,,,,
[1532-2882],,,Systems Journal of the Association for Information Science and Tec,"hMIS, KM",,,
"[1532-4273, 1093-4537]",International Journal of Organization Theory and Behavior,Human resources and industrial relations,,,,,
"[1477-5085, 1029-5399]",Journal of Sport and Tourism,"COMMERCE, MANAGEMENT, TOURISM AND SERVICES",,,,,
"[1581-1042, 1580-4615]","Journal for Institutional Innovation, Development and Transition",Applied economics,,,,,
"[2042-4108, 2042-4094]",International Journal of Modelling in Operations Management,"Strategy, management and organisational behaviour",,,,,
[0743-2348],American Business Review,Business systems in context,,,,,
"[1179-2965, 1176-4716, 0110-0637]",New Zealand Journal of Employment Relations,Human resources and industrial relations,,,,,
[0022-1031],,,Journal of Experimental Social Psychology,Psychology,,,
"[1740-2824, 1740-2816]",International Journal of Foresight and Innovation Policy,Applied economics,,,,,
"[0276-721X, 0274-9696]",Cost Engineering (Morgantown),"Strategy, management and organisational behaviour",,,,,
"[1834-352X, 1834-3511]",Journal of Administration and Governance,"Strategy, management and organisational behaviour",,,,,
[2340-9436],Brq Business Research Quarterly,"Strategy, management and organisational behaviour",,,,,
"[1285-087X, 1145-1408]",Chronique Internationale de l'IRES,Human resources and industrial relations,,,,,
"[1573-8809, 0927-7544]",Journal of Real Estate Literature,"Banking, finance and investment",,,,,
[0278-7393],,,Journal of Experimental Psychology: Learning Memory and,Psychology,,,
[0160-0176],,,International Regional Science Review,Economics,,,
"[1741-5160, 1465-6612]",International Journal of Human Resources Development and Management,Human resources and industrial relations,,,,,
"[2169-7221, 2169-7213]",China Journal of Accounting Studies,"Accounting, auditing and accountability",,,,,
"[2340-4523, 1133-455X]",Revista de Economia Aplicada,"Banking, finance and investment",,,,,
[1870-1582],Teoria y Praxis,Tourism,,,,,
[0269-994X],,,Applied Psychology,Psychology,,,
[1061-8600],,,Journal of Computational and Graphical Statistics,Economics,,,
"[1945-7685, 1945-7669]",American Economic Journal: Microeconomics,Applied economics,American Economic Journal: Microeconomics,Economics,American Economic Journal-Microeconomics,AM ECON J-MICROECON,[ECONOMICS]
"[2398-7812, 2071-1395]",Asia Pacific Journal of Innovation and Entrepreneurship,"Strategy, management and organisational behaviour",,,Asia Pacific Journal of Innovation and Entrepreneurship,ASIA PAC J INNOV ENT,[BUSINESS]
"[1985-8280, 2180-4184, 1394-2603]",Asian Academy of Management Journal,Human resources and industrial relations,,,Asian Academy of Management Journal,ASIAN ACAD MANAG J,[MANAGEMENT]
"[1758-8863, 1321-7348]",Asian Review of Accounting,"Accounting, auditing and accountability",,,Asian Review of Accounting,ASIAN REV ACCOUNT,"['BUSINESS, FINANCE']"
"[1467-8411, 0818-9935]",Asian-Pacific Economic Literature,"COMMERCE, MANAGEMENT, TOURISM AND SERVICES",,,Asian-Pacific Economic Literature,ASIAN-PAC ECON LIT,[ECONOMICS]
"[2194-6108, 1935-1682]",BE Journal of Economic Analysis and Policy,Applied economics,,,B E Journal of Economic Analysis & Policy,BE J ECON ANAL POLI,[ECONOMICS]
[2331-1975],Cogent Business and Management,"Strategy, management and organisational behaviour",,,Cogent Business & Management,COGENT BUS MANAG,[BUSINESS]
"[2313-514X, 1262-2788]",Accounting Auditing Control,"Accounting, auditing and accountability",Comptabilité - Contrôle - Audit,F&A,Comptabilite Controle Audit,COMPTAB CONTROL AUDI,"['BUSINESS, FINANCE']"
"[1465-7287, 1074-3529]",Contemporary Economic Policy,Applied economics,,,CONTEMPORARY ECONOMIC POLICY,CONTEMP ECON POLICY,[ECONOMICS]
"[1758-6062, 1742-2043]",Critical Perspectives on International Business,Human resources and industrial relations,Critical Perspectives on International Business,IB,Critical Perspectives on International Business,CRIT PERSPECT INT BU,[BUSINESS]
"[1468-0270, 0265-0665]",Economic Affairs: the journal of the IEA,Applied economics,,,ECONOMIC AFFAIRS,ECON AFFA,[ECONOMICS]
"[2196-1093, 2196-1085]",Economic Theory Bulletin,Applied economics,,,Economic Theory Bulletin,ECON THEOR B,[ECONOMICS]
"[1469-4360, 0266-4666]",,,Econometric Theory,Economics,ECONOMETRIC THEORY,ECONOMET THEOR,[ECONOMICS]
"[2729-7470, 0013-3035]",Ekonomicky Casopis,Applied economics,,,EKONOMICKY CASOPIS,EKON CAS,[ECONOMICS]
"[1573-1502, 0924-6460]",Environmental and Resource Economics,Applied economics,Environmental and Resource Economics,Economics,ENVIRONMENTAL & RESOURCE ECONOMICS,ENVIRON RESOUR ECON,[ECONOMICS]
"[2040-7149, 2040-7157]",,,"Equality, Diversity, and Inclusion: An International Review","OS/OB,HRM/IR",Equality Diversity and Inclusion,EQUAL DIVERS INCL,[MANAGEMENT]
"[1476-9344, 0960-085X]",,,European Journal of Information Systems,"MIS, KM",EUROPEAN JOURNAL OF INFORMATION SYSTEMS,EUR J INFORM SYST,[MANAGEMENT]
"[2444-8842, 2444-8834]",European Research on Management and Business Economics,"Strategy, management and organisational behaviour",,,European Research on Management and Business Economics,EUR RES MANAG BUS EC,"[ECONOMICS, BUSINESS, MANAGEMENT]"
"[1746-031X, 1618-4742]",European Sport Management Quarterly,Commercial services,,,European Sport Management Quarterly,EUR SPORT MANAG Q,[MANAGEMENT]
"[1468-0475, 1465-6485]",German Economic Review,Applied economics,German Economic Review,Economics,German Economic Review,GER ECON REV,[ECONOMICS]
"[1740-0597, 1740-0589]",International Journal of Business Environment,Business systems in context,,,International Journal of Business Environment,INT J BUS ENVIRON,[BUSINESS]
"[1432-1270, 0020-7276]",,,International Journal of Game Theory,Economics,INTERNATIONAL JOURNAL OF GAME THEORY,INT J GAME THEORY,[ECONOMICS]
"[1466-4399, 0958-5192]",,,International Journal of Human Resource Management,"HRM/IR, IB",INTERNATIONAL JOURNAL OF HUMAN RESOURCE MANAGEMENT,INT J HUM RESOUR MAN,[MANAGEMENT]
"[1757-2231, 1757-2223]",International Journal of Innovation Science,"Strategy, management and organisational behaviour",,,International Journal of Innovation Science,INT J INOV SCI,[BUSINESS]
"[1873-8001, 0167-8116]",International Journal of Research in Marketing,Marketing,International Journal of Research in Marketing,Marketing,INTERNATIONAL JOURNAL OF RESEARCH IN MARKETING,INT J RES MARK,[BUSINESS]
"[1741-525X, 1460-6720]",International Journal of Services Technology and Management,Business systems in context,,,International Journal of Services Technology and Management,INT J SERV TECHNOL M,[MANAGEMENT]
"[1756-6525, 1756-6517]",International Journal of Shipping and Transport Logistics,"Transportation, logistics and supply chains",,,International Journal of Shipping and Transport Logistics,INT J SHIP TRANS LOG,"[MANAGEMENT, TRANSPORTATION]"
"[2160-4061, 0148-558X]",JAAF: Journal of Accounting Auditing and Finance,"Accounting, auditing and accountability","Journal of Accounting, Auditing and Finance",F&A,Journal of Accounting Auditing and Finance,J ACCOUNT AUDIT FINA,"['BUSINESS, FINANCE']"
"[1745-6606, 0022-0078]",Journal of Consumer Affairs,Marketing,Journal of Consumer Affairs,Marketing,JOURNAL OF CONSUMER AFFAIRS,J CONSUM AFF,"[ECONOMICS, BUSINESS]"
"[1743-9140, 0022-0388]",,,Journal of Development Studies,Economics,JOURNAL OF DEVELOPMENT STUDIES,J DEV STUD,[ECONOMICS]
"[1879-1743, 0165-1889]",Journal of Economic Dynamics and Control,"Banking, finance and investment",Journal of Economic Dynamics and Control,Economics,JOURNAL OF ECONOMIC DYNAMICS & CONTROL,J ECON DYN CONTROL,[ECONOMICS]
"[2043-6246, 2043-6238]",Journal of Family Business Management,Human resources and industrial relations,,,Journal of Family Business Management,J FAM BUS MANAG,[MANAGEMENT]
"[2325-4483, 2093-2685]",Journal of Global Fashion Marketing,Marketing,,,Journal of Global Fashion Marketing,J GLOB FASH MARK,[BUSINESS]
"[1467-6451, 0022-1821]",The Journal of Industrial Economics,Applied economics,Journal of Industrial Economics,Economics,JOURNAL OF INDUSTRIAL ECONOMICS,J IND ECON,"[ECONOMICS, 'BUSINESS, FINANCE']"
"[1755-4209, 1755-4195]",Journal of Indian Business Research,Human resources and industrial relations,,,Journal of Indian Business Research,J INDIAN BUS RES,[BUSINESS]
"[1614-0559, 0932-4569]",Journal of Institutional and Theoretical Economics,Applied economics,Journal of Institutional and Theoretical Economics,Economics,JOURNAL OF INSTITUTIONAL AND THEORETICAL ECONOMICS-ZEITSCHRIFT FUR DIE GESAMTE STAATSWISSENSCHAFT,J INST THEOR ECON,[ECONOMICS]
"[1935-262X, 1935-2611]",Journal of Leadership Studies,Human resources and industrial relations,,,Journal of Leadership Studies,J LEADERSH STUD,[MANAGEMENT]
"[1472-1376, 0267-257X]",Journal of Marketing Management,Commercial services,Journal of Marketing Management,Marketing,Journal of Marketing Management,J MARKET MANAG-UK,"[BUSINESS, MANAGEMENT]"
"[1547-7193, 0022-2437]",Journal of Marketing Research,Marketing,Journal of Marketing Research,Marketing,JOURNAL OF MARKETING RESEARCH,J MARKETING RES,[BUSINESS]
"[1573-0441, 0895-562X]",Journal of Productivity Analysis,Applied economics,Journal of Productivity Analysis,"OR,MS,POM",JOURNAL OF PRODUCTIVITY ANALYSIS,J PROD ANAL,"[ECONOMICS, BUSINESS]"
"[1758-7840, 1462-6004]",Journal of Small Business and Enterprise Development,Human resources and industrial relations,Journal of Small Business and Enterprise Development,Entrep,Journal of Small Business and Enterprise Development,J SMALL BUS ENTERP D,[BUSINESS]
"[2339-5206, 2339-5095]",Journal of Southeast Asian Economies,Applied economics,,,Journal of Southeast Asian Economies,J SOUTHEAST ASIAN EC,[ECONOMICS]
"[1466-4488, 0965-254X]",Journal of Strategic Marketing,Marketing,Journal of Strategic Marketing,Marketing,Journal of Strategic Marketing,J STRATEG MARK,[BUSINESS]
"[1861-9908, 0935-9915]",Management Revue: the international review of management studies,Human resources and industrial relations,,,Management Revue,MANAG REVUE,[MANAGEMENT]
"[1758-6070, 1355-252X, 0025-1747]",Management Decision,Human resources and industrial relations,Management Decision,Gen & Strat,MANAGEMENT DECISION,MANAGE DECIS,"[BUSINESS, MANAGEMENT]"
"[1526-548X, 0732-2399]",Marketing Science,Marketing,Marketing Science,Marketing,MARKETING SCIENCE,MARKET SCI,[BUSINESS]
"[1537-2642, 0889-3365]",Macroeconomics Annual,Applied economics,,,NBER Macroeconomics Annual,NBER MACROECON ANNU,[ECONOMICS]
"[1542-7854, 1048-6682]",,,Nonprofit Management and Leadership,PSM,Nonprofit Management & Leadership,NONPROFIT MANAG LEAD,[MANAGEMENT]
"[1526-5463, 0030-364X]",Operations Research,"Strategy, management and organisational behaviour",Operations Research,"OR,MS,POM",OPERATIONS RESEARCH,OPER RES,[MANAGEMENT]
"[1464-3812, 0030-7653]",Oxford Economic Papers,Applied economics,Oxford Economic Papers,Economics,OXFORD ECONOMIC PAPERS-NEW SERIES,OXFORD ECON PAP,[ECONOMICS]
"[1758-6933, 0048-3486]",,,Personnel Review,"OS/OB,HRM/IR",PERSONNEL REVIEW,PERS REV,[MANAGEMENT]
"[2178-938X, 0034-7590]",RAE-Revista de Administracao de Empresas,Human resources and industrial relations,,,RAE-Revista de Administracao de Empresas,RAE-REV ADMIN EMPRES,"[BUSINESS, MANAGEMENT]"
"[1756-2171, 0741-6261]",RAND Journal of Economics,Applied economics,RAND Journal of Economics,Economics,RAND JOURNAL OF ECONOMICS,RAND J ECON,[ECONOMICS]
"[1863-6691, 1863-6683]",Review of Managerial Science,"COMMERCE, MANAGEMENT, TOURISM AND SERVICES",Review of Managerial Science,Gen & Strat,Review of Managerial Science,REV MANAG SCI,[MANAGEMENT]
"[2157-328X, 0041-1612]",Transportation Journal,"Transportation, logistics and supply chains",,,TRANSPORTATION JOURNAL,TRANSPORT J,"[MANAGEMENT, TRANSPORTATION]"
"[1879-310X, 0967-070X]",,,Transport Policy,"OR,MS,POM",Transport Policy,TRANSPORT POLICY,"[ECONOMICS, TRANSPORTATION]"
"[1467-9701, 0378-5920]",The World Economy,Applied economics,World Economy,Economics,WORLD ECONOMY,WORLD ECON,"[ECONOMICS, 'BUSINESS, FINANCE']"
"[2157-6203, 2158-5571]",,,,,Algorithmic Finance,ALGORITHMIC FINANC,"['BUSINESS, FINANCE']"
"[1935-5181, 1935-519X]",,,,,American Journal of Business,AM J BUS,[BUSINESS]
"[2056-3523, 2056-3515]",,,,,Annals in Social Responsibility,ANN SOC RESPONSI,[MANAGEMENT]
[1543-866X],,,,,ATA Journal of Legal Tax Research,ATA J LEG TAX RES,"['BUSINESS, FINANCE']"
"[2256-0963, 2256-0742]",,,,,Baltic Journal of Economic Studies,BALT J ECON STUD,[ECONOMICS]
[2340-9444],,,,,BRQ-Business Research Quarterly,BRQ-BUS RES Q,"[BUSINESS, MANAGEMENT]"
[2332-2039],,,,,Cogent Economics & Finance,COGENT ECON FINANC,[ECONOMICS]
"[1728-6239, 1728-6220]",,,,,Economic Annals-XXI,ECON ANN-XXI,[ECONOMICS]
[1749-852X],,,,,Economics of Peace and Security Journal,ECON PEACE SECUR J,[ECONOMICS]
"[2212-0130, 2212-0122]",,,,,Economics of Transportation,ECON TRANSP,"[ECONOMICS, TRANSPORTATION]"
"[2461-0771, 1412-8969]",,,,,Etikonomi,ETIKONOMI,[ECONOMICS]
"[1874-6381, 0736-0932]",,,,,Forum for Social Economics,FORUM SOC ECON,[ECONOMICS]
"[2446-6875, 1807-5436]",,,,,Gestao e Desenvolvimento,GEST DESENVOLV,[BUSINESS]
"[1617-9854, 1617-9846]",,,,,Information Systems and E-Business Management,INF SYST E-BUS MANAG,"[BUSINESS, MANAGEMENT]"
"[1753-0814, 1753-0806]",,,,,International Journal of Indian Culture and Business Management,INT J INDIAN CULT BU,[BUSINESS]
"[1932-1473, 1932-1465]",,,,,International Review of Environmental and Resource Economics,INT REV ENVIRON RESO,[ECONOMICS]
"[2160-0074, 1550-1949]",,,,,Intelligent Systems in Accounting Finance & Management,INTELL SYST ACCOUNT,"['BUSINESS, FINANCE']"
"[2340-2717, 1695-7253]",,,,,Investigaciones Regionales-Journal of Regional Research,INVESTIG REG,[ECONOMICS]
[2516-3957],,,,,Journal of the British Blockchain Association,J BRIT BLOCKCHAIN AS,[ECONOMICS]
"[1552-4574, 1050-6519]",,,,,JOURNAL OF BUSINESS AND TECHNICAL COMMUNICATION,J BUS TECH COMMUN,[BUSINESS]
[1755-5345],,,,,Journal of Choice Modelling,J CHOICE MODEL,[ECONOMICS]
"[1468-5973, 0966-0879]",,,,,Journal of Contingencies and Crisis Management,J CONTING CRISIS MAN,[MANAGEMENT]
[2691-1361],,,,,Journal of Philanthropy and Marketing,J PHILANTHROPY MARK,[BUSINESS]
"[2652-4252, 2652-4260]",,,,,Journal of Road Safety-JRS,J ROAD SAF-JRS,[TRANSPORTATION]
[2305-6290],,,,,Logistics-Basel,LOGISTICS-BASEL,[MANAGEMENT]
[2067-2462],,,,,Management Research and Practice,MANAG RES PRACT,[MANAGEMENT]
"[1846-3363, 1331-0194]",,,,,Management-Journal of Contemporary Management Issues,MANAG-J CONTEMP MANA,[MANAGEMENT]
"[1464-5254, 0308-8839]",,,,,Maritime Policy & Management,MARIT POLICY MANAG,[TRANSPORTATION]
"[2191-2211, 2191-2203]",,,,,Mineral Economics,MINER ECON,[ECONOMICS]
"[2410-2490, 1018-1601]",,,,,NTU Management Review,NTU MANAG REV,[MANAGEMENT]
"[1338-984X, 1335-1745]",,,,,Quality Innovation Prosperity-Kvalita Inovacia Prosperita,QUAL INNOV PROSPER,[MANAGEMENT]
[1856-6189],,,,,Revista CICAG,REV CICAG,[MANAGEMENT]
[1984-6266],,,,,Revista Contabilidade e Controladoria-RC C,REV CONTAB CONTROL-R,"['BUSINESS, FINANCE']"
"[1466-4526, 0969-2290]",,,,,REVIEW OF INTERNATIONAL POLITICAL ECONOMY,REV INT POLIT ECON,[ECONOMICS]
"[1552-8502, 0486-6134]",,,,,REVIEW OF RADICAL POLITICAL ECONOMICS,REV RADICAL POL ECON,[ECONOMICS]
"[2349-5790, 2322-0937]",,,,,South Asian Journal of Human Resource Management,S ASIAN J HUM RE MAN,[MANAGEMENT]
"[1804-8765, 0322-788X]",,,,,Statistika-Statistics and Economy Journal,STATISTIKA,[ECONOMICS]
"[2197-1927, 2590-0366]",,,,,Triple Helix,TRIPLE HELIX-NETH,[MANAGEMENT]
[2218-5003],,,,,Upravlenets-The Manager,UPRAVLENETS,[MANAGEMENT]
"[2199-6679, 2199-6687]",,,,,Urban Rail Transit,URBAN RAIL TRANSIT,[TRANSPORTATION]
"[2059-5905, 2059-5891]",,,,,VINE Journal of Information and Knowledge Management Systems,VINE J INF KNOWL MAN,[MANAGEMENT]
"[2042-597X, 2042-5961]",,,,,World Journal of Entrepreneurship Management and Sustainable Development,WORLD J ENTREP MANAG,[MANAGEMENT]
[2221-2264],,,,,Zhurnal Novaya Ekonomicheskaya Assotsiatsiya-Journal of the New Economic Association,ZH NOVAYA EKON ASSOT,[ECONOMICS]
[1090-5693],New York Economic Review,Applied economics,,,,,
"[1724-2169, 1122-8792]",History of Economic Ideas,Applied economics,,,,,
"[1556-7257, 1556-7249]","Energy Sources Part B: Economics, Planning, and Policy","Banking, finance and investment",,,,,
"[1758-2962, 1758-2954]",International Journal of Event and Festival Management,Tourism,,,,,
[0097-5397],,,SIAM Journal on Computing,"MIS, KM",,,
[1534-8784],Housing Finance International,"Banking, finance and investment",,,,,
"[1741-5179, 1461-4111]",International Journal of Information Technology and Management,Business systems in context,,,,,
[1527-5426],Journal of Finance Case Research,"Banking, finance and investment",,,,,
"[1836-5981, 1836-5973]",Advances in Management and Organization,"Strategy, management and organisational behaviour",,,,,
[2250-5105],International Journal of Safety and Security in Tourism and Hospitality,Tourism,,,,,
"[2522-9478, 0131-775X, 0131-7741]",Ekonomika Ukrainy,Applied economics,,,,,
[1019-7044],Bank Parikrama A Journal of Banking and Finance,"Banking, finance and investment",,,,,
"[1753-8440, 1753-8432]",International Journal of Procurement Management,"Strategy, management and organisational behaviour",,,,,
"[1940-3356, 0883-2323]",Journal of Education for Business,"Banking, finance and investment",,,,,
"[1943-4308, 1525-9951]",Event Management: an international journal,Commercial services,,,,,
"[2765-5008, 1598-978X]",Korean Journal of Management Accounting Research,"Accounting, auditing and accountability",,,,,
[0968-7017],Briefing Notes in Economics,Applied economics,,,,,
[0007-0998],,,British Journal of Educational Psychology,Education,,,
"[1874-6322, 0926-6437]","Journal of Income Distribution: an international journal, New Series",Economic theory,,,,,
[0218-5180],Research and Practice in Human Resource Management,Human resources and industrial relations,,,,,
[0743-4154],Research in the History of Economic Thought and Methodology,Economic theory,,,,,
"[2236-2029, 1413-6090]",Economia em Revista,Applied economics,,,,,
"[1938-5005, 1938-4998]",Journal of Workplace Rights,Human resources and industrial relations,,,,,
"[1479-2753, 1479-2494]",International Journal of Six Sigma and Competitive Advantage,"Strategy, management and organisational behaviour",,,,,
"[1573-6989, 1387-6996]",Journal of Bioeconomics,Applied economics,,,,,
[0306-4573],,,Information Processing and Management,"MIS, KM",,,
[1003-5230],Zhongnan Caijing Daxue Xuebao,Economic theory,,,,,
"[1848-9664, 1331-677X]",Economic Research,Applied economics,,,,,
"[2713-6213, 1226-9816]",Seoul Journal of Business,"Strategy, management and organisational behaviour",,,,,
"[1321-8743, 1323-9406, 1038-2410]",Keeping Good Companies,"Strategy, management and organisational behaviour",,,,,
"[1758-8588, 0258-0543]",Strategic Direction,Human resources and industrial relations,,,,,
"[2326-6902, 2326-6899]",The Journal of Retirement,"Banking, finance and investment",,,,,
[1743-1999],Accounting and Finance in Transition,"Accounting, auditing and accountability",,,,,
"[1580-0466, 0354-0731]",Economic and Business Review,Applied economics,,,,,
"[1750-0672, 1750-0664]",International Journal of Electronic Customer Relationship Management,Business systems in context,,,,,
"[1927-7326, 1927-7318]",Engineering Management Research,"Strategy, management and organisational behaviour",,,,,
"[1756-1426, 1756-1418]",Journal of Knowledge-Based Innovation in China,"Strategy, management and organisational behaviour",,,,,
"[2224-4174, 1011-002X]",Pakistan Economic and Social Review,Applied economics,,,,,
[2193-8997],IZA Journal of Labor Economics,Applied economics,,,,,
[0144-929X],,,Behaviour and Information Technology,"MIS, KM",,,
[1468-2621],,,African Affairs,IB,,,
[1444-6359],Journal of Research for Consumers,Marketing,,,,,
[1541-1656],The Journal of Cost Analysis and Management,"Accounting, auditing and accountability",,,,,
"[2328-7470, 1045-3695]",Journal of Managerial Issues,Human resources and industrial relations,,,,,
[1813-5498],Contemporary Management Research: an international journal,Human resources and industrial relations,,,,,
[0966-0410],,,Health and Social Care in the Community,PSM,,,
[0957-8765],,,VOLUNTAS,"PSM
OS/OB,",,,
[0098-9258],Advances in Consumer Research,Marketing,,,,,
[1530-9320],Accounting and the Public Interest,"Accounting, auditing and accountability",,,,,
[0813-9474],Australian National Institute of Economic and Industry Research: National Economic Review,Applied economics,,,,,
[0018-1560],,,Higher Education,Education,,,
[1547-8181],,,Human Factors,"OS/OB,HRM/IR",,,
"[2577-2171, 1527-0602]",Journal of Biblical Integration in Business,"Strategy, management and organisational behaviour",,,,,
[1876-9098],Erasmus Journal for Philosophy and Economics,Economic theory,,,,,
"[1752-7775, 1752-7767]",American Journal of Finance and Accounting,"Accounting, auditing and accountability",,,,,
"[1468-2338, 0019-8692]",Industrial Relations Journal,"COMMERCE, MANAGEMENT, TOURISM AND SERVICES",Industrial Relations Journal,"OS/OB,HRM/IR",,,
"[2520-0151, 1728-8673]",International Journal of Business and Information,"Accounting, auditing and accountability",,,,,
[1927-0321],Technology Innovation Management Review,"Strategy, management and organisational behaviour",,,,,
"[1467-8616, 0955-6419]",Business Strategy Review,"Strategy, management and organisational behaviour",,,,,
"[1705-0154, 0705-3436]",Loisir et Societe,Commercial services,,,,,
"[2194-6507, 1941-1928]",Journal of Time Series Econometrics,Econometrics,,,,,
[0896-3703],Business Perspectives,Human resources and industrial relations,,,,,
[0006-3444],,,Biometrika,"OR,MS,POM",,,
[0891-2432],,,Gender and Society,PSM,,,
[0960-3107],,,Applied Financial Economics,Economics,,,
"[2041-8698, 2041-868X]",International Journal of Economics and Accounting,"Accounting, auditing and accountability",,,,,
"[1923-8401, 1923-7529]",Review of Economics and Finance,"Banking, finance and investment",,,,,
"[1782-1509, 0034-2971]",Reflets et Perspectives de la Vie Economique,Applied economics,,,,,
[1522-936X],AgBioForum,Applied economics,,,,,
"[1528-6967, 1049-6483]",Journal of Euromarketing,Marketing,,,,,
[1052-6234],,,SIAM Journal on Optimization,"OR,MS,POM",,,
"[2153-3792, 1793-2157]",Asia-Pacific Journal of Risk and Insurance,"Banking, finance and investment",,,,,
"[2159-6417, 0022-2216]",Journal of Leisure Research,Commercial services,,,,,
"[1743-4580, 1089-7011]",Working USA: the journal of labor and society,Human resources and industrial relations,,,,,
[1551-1383],American Review of Political Economy,Other economics,,,,,
"[1741-8062, 1460-6712]",International Journal of Financial Services Management,"Banking, finance and investment",,,,,
"[1861-8928, 0044-2372]",Zeitschrift fuer Betriebswirtschaft,"Strategy, management and organisational behaviour",Journal of Business Economics,Gen & Strat,,,
"[2159-4260, 0001-4788]",Accounting and Business Research,"Accounting, auditing and accountability",Accounting and Business Research,F&A,ACCOUNTING AND BUSINESS RESEARCH,ACCOUNT BUS RES,"['BUSINESS, FINANCE']"
"[1930-3815, 0001-8392]",Administrative Science Quarterly,Human resources and industrial relations,Administrative Science Quarterly,Gen & Strat,ADMINISTRATIVE SCIENCE QUARTERLY,ADMIN SCI QUART,"[BUSINESS, MANAGEMENT]"
"[1614-2454, 1614-2446]",Annals of Finance,"Banking, finance and investment",,,Annals of Finance,ANN FINANC,"['BUSINESS, FINANCE']"
"[1467-8489, 1364-985X]",The Australian Journal of Agricultural and Resource Economics,Applied economics,Australian Journal of Agricultural and Resource Economics,Economics,AUSTRALIAN JOURNAL OF AGRICULTURAL AND RESOURCE ECONOMICS,AUST J AGR RESOUR EC,[ECONOMICS]
"[1327-2020, 0312-8962]",Australian Journal of Management,"COMMERCE, MANAGEMENT, TOURISM AND SERVICES",Australian Journal of Management,Gen & Strat,AUSTRALIAN JOURNAL OF MANAGEMENT,AUST J MANAGE,"[BUSINESS, MANAGEMENT]"
"[1991-7074, 1816-7403]",Banks and Bank Systems,"Banking, finance and investment",,,Banks and Bank Systems,BANKS BANK SYST,"[ECONOMICS, 'BUSINESS, FINANCE']"
"[2194-6116, 1935-1690]",The BE Journal of Macroeconomics,"Banking, finance and investment",B.E. Journal of Macroeconomics,Economics,B E Journal of Macroeconomics,BE J MACROECON,[ECONOMICS]
"[1758-4094, 1463-5771]",Benchmarking: an international journal,Business systems in context,,,Benchmarking-An International Journal,BENCHMARKING,[MANAGEMENT]
"[2214-8469, 2214-8450]",Borsa Istanbul Review,"Banking, finance and investment",,,Borsa Istanbul Review,BORSA ISTANB REV,"[ECONOMICS, 'BUSINESS, FINANCE']"
"[1805-4862, 1805-4854]",Central European Business Review,Marketing,,,Central European Business Review,CENT EUR BUS REV,[BUSINESS]
"[1753-8971, 1753-8963]",China Economic Journal,Applied economics,,,China Economic Journal,CHINA ECON J,[ECONOMICS]
"[1479-1889, 1363-3589]",Corporate Reputation Review: an international journal,Marketing,,,CORPORATE REPUTATION REVIEW,CORP REPUT REV,[BUSINESS]
"[1477-2760, 1475-9551]",,,Culture and Organization,Sociology,Culture and Organization,CULT ORGAN,[MANAGEMENT]
[0012-9984],Economic and Social Review,Applied economics,,,ECONOMIC AND SOCIAL REVIEW,ECON SOC REV,[ECONOMICS]
"[1873-6173, 1566-0141]",Emerging Markets Review,"Banking, finance and investment",Emerging Markets Review,F&A,Emerging Markets Review,EMERG MARK REV,"[ECONOMICS, 'BUSINESS, FINANCE']"
"[1944-9089, 0195-6574]",,,Energy Journal,Economics,ENERGY JOURNAL,ENERG J,[ECONOMICS]
"[1873-6777, 0301-4215]",,,Energy Policy,Economics,Energy Policy,ENERG POLICY,[ECONOMICS]
"[2373-8529, 1934-4554]",Financial Markets and Portfolio Management,"Banking, finance and investment",Financial Markets and Portfolio Management,F&A,Financial Markets and Portfolio Management,FINANC MARK PORTFOLI,"['BUSINESS, FINANCE']"
"[2194-5659, 1553-5304, 1524-5861]",Global Economy Journal,Applied economics,,,Global Economy Journal,GLOB ECON J,[ECONOMICS]
"[1744-3873, 1226-508X]",Global Economic Review,"Banking, finance and investment",,,Global Economic Review,GLOBAL ECON REV,[ECONOMICS]
"[1545-0864, 0735-9683]",Health Marketing Quarterly,Marketing,,,Health Marketing Quarterly,HEALTH MARK Q,[BUSINESS]
"[1573-7667, 1385-951X]",,,Information Technology and Management,"MIS, KM",Information Technology & Management,INFORM TECHNOL MANAG,[MANAGEMENT]
"[1873-5959, 0167-6687]",,,Insurance: Mathematics and Economics,"MIS, KM",INSURANCE MATHEMATICS & ECONOMICS,INSUR MATH ECON,[ECONOMICS]
"[1873-6149, 0969-5931]",International Business Review,Human resources and industrial relations,International Business Review,IB,International Business Review,INT BUS REV,"[BUSINESS, MANAGEMENT]"
"[1099-1158, 1076-9307]",International Journal of Finance and Economics,"Accounting, auditing and accountability",International Journal of Finance and Economics,F&A,INTERNATIONAL JOURNAL OF FINANCE & ECONOMICS,INT J FINANC ECON,"['BUSINESS, FINANCE']"
"[1938-0240, 1938-0232]",International Journal of Information Technology Project Management,"Strategy, management and organisational behaviour",,,International Journal of Information Technology Project Management,INT J INF TECHNOL PR,[MANAGEMENT]
"[1468-2370, 1460-8545]",International Journal of Management Reviews,"Banking, finance and investment",International Journal of Management Reviews,Gen & Strat,INTERNATIONAL JOURNAL OF MANAGEMENT REVIEWS,INT J MANAG REV,"[BUSINESS, MANAGEMENT]"
"[1465-3486, 0269-2171]",International Review of Applied Economics,"Banking, finance and investment",International Review of Applied Economics,Economics,International Review of Applied Economics,INT REV APPL ECON,[ECONOMICS]
"[1873-8079, 1057-5219]",International Review of Financial Analysis,"Accounting, auditing and accountability",International Review of Financial Analysis,F&A,International Review of Financial Analysis,INT REV FINANC ANAL,"['BUSINESS, FINANCE']"
"[2378-1823, 2378-1815]",Journal of The Association For Consumer Research,Marketing,,,Journal of the Association for Consumer Research,J ASSOC CONSUM RES,[BUSINESS]
"[1872-6372, 0378-4266]",,,Journal of Banking and Finance,F&A,JOURNAL OF BANKING & FINANCE,J BANK FINANC,"[ECONOMICS, 'BUSINESS, FINANCE']"
"[1873-2003, 0883-9026]",Journal of Business Venturing,"COMMERCE, MANAGEMENT, TOURISM AND SERVICES",Journal of Business Venturing,Entrep,JOURNAL OF BUSINESS VENTURING,J BUS VENTURING,[BUSINESS]
"[2052-1200, 1359-852X, 0736-3761]",Journal of Consumer Marketing,Marketing,Journal of Consumer Marketing,Marketing,JOURNAL OF CONSUMER MARKETING,J CONSUM MARK,[BUSINESS]
"[1860-7128, 1860-711X]",Journal of Economic Interaction and Coordination,"Banking, finance and investment",,,Journal of Economic Interaction and Coordination,J ECON INTERACT COOR,[ECONOMICS]
"[2199-6784, 2199-6776]",Journal of the Economic Science Association,Applied economics,,,Journal of the Economic Science Association-JESA,J ECON SCI ASSOC-JES,[ECONOMICS]
"[1539-2937, 1539-2929]",Journal of Electronic Commerce in Organizations: the international journal of electronic commerce in modern organizations,Marketing,,,Journal of Electronic Commerce in Organizations,J ELECTRON COMMER OR,[BUSINESS]
"[1879-1719, 0923-4748, 0167-5419]",Journal of Engineering and Technology Management,"Strategy, management and organisational behaviour",Journal of Engineering and Technology Management - JE,TInnovation,JOURNAL OF ENGINEERING AND TECHNOLOGY MANAGEMENT,J ENG TECHNOL MANAGE,"[BUSINESS, MANAGEMENT]"
"[2163-9167, 2163-9159, 1229-7119]",Journal of Global Scholars of Marketing Science: Bridging Asia and the World,Marketing,,,Journal of Global Scholars of Marketing Science,J GLOB SCHOLARS MARK,[BUSINESS]
"[1558-8025, 1542-6297]",Journal of International Accounting Research,"Accounting, auditing and accountability",Journal of International Accounting Research,F&A,Journal of International Accounting Research,J INT ACCOUNT RES,"['BUSINESS, FINANCE']"
"[1873-0639, 0261-5606]",Journal of International Money and Finance: theoretical and empirical research in international economics and finance,"Banking, finance and investment",Journal of International Money and Finance,F&A,JOURNAL OF INTERNATIONAL MONEY AND FINANCE,J INT MONEY FINANC,"['BUSINESS, FINANCE']"
"[1547-7185, 0022-2429]",Journal of Marketing,Marketing,Journal of Marketing,Marketing,JOURNAL OF MARKETING,J MARKETING,[BUSINESS]
"[1879-2316, 0047-2727]",Journal of Public Economics,Applied economics,Journal of Public Economics,Economics,JOURNAL OF PUBLIC ECONOMICS,J PUBLIC ECON,[ECONOMICS]
"[2205-2062, 2205-149X]",Journal of Work-Applied Management,"Strategy, management and organisational behaviour",,,Journal of Work-Applied Management,J WORK-APPL MANAGE,[MANAGEMENT]
"[2375-0480, 2375-0472]",Managing Sport and Leisure,Commercial services,,,Managing Sport and Leisure,MANAG SPORT LEIS,[MANAGEMENT]
"[1479-294X, 1479-2931]",,,Maritime Economics and Logistics,Economics,Maritime Economics & Logistics,MARIT ECON LOGIST,[TRANSPORTATION]
"[1758-8057, 1368-3047]",Measuring Business Excellence,"Strategy, management and organisational behaviour",,,Measuring Business Excellence,MEAS BUS EXCELL,[BUSINESS]
"[2007-8951, 0301-7036]",Problemas del Desarrollo: revista latinoamericana de economia,Applied economics,,,PROBLEMAS DEL DESARROLLO,PROBL DESARROLLO,[ECONOMICS]
"[1746-5656, 1746-5648]",Qualitative Research in Organizations and Management,Human resources and industrial relations,,,Qualitative Research in Organizations and Management,QUAL RES ORGAN MANAG,[MANAGEMENT]
"[1090-9451, 1090-9443]",Research in Economics,Applied economics,,,Research in Economics,RES ECON,[ECONOMICS]
"[1873-0221, 0928-7655]",Resource and Energy Economics,Applied economics,,,RESOURCE AND ENERGY ECONOMICS,RESOUR ENERGY ECON,[ECONOMICS]
[1680-2179],South African Actuarial Journal,"Banking, finance and investment",,,South African Actuarial Journal,S AFR ACTUAR J,"['BUSINESS, FINANCE']"
"[1839-2083, 1441-3523]",Sport Management Review,Commercial services,Sport Management Review,Gen & Strat,Sport Management Review,SPORT MANAG REV,[MANAGEMENT]
"[1741-315X, 1476-1270]",Strategic Organization,Human resources and industrial relations,Strategic Organization,Gen & Strat,Strategic Organization,STRATEG ORGAN,"[BUSINESS, MANAGEMENT]"
"[2333-2077, 2333-2050]",Strategy Science,"Strategy, management and organisational behaviour",Strategy Science,Gen & Strat,Strategy Science,STRATEG SCI,[MANAGEMENT]
"[1879-2383, 0166-4972]",Technovation,Business systems in context,Technovation,Innovation,TECHNOVATION,TECHNOVATION,[MANAGEMENT]
[1339-5629],,,,,Acta Logistica,ACTA LOGISTICA,[MANAGEMENT]
[2076-3387],,,,,Administrative Sciences,ADM SCI,[MANAGEMENT]
"[2321-0281, 2277-9760]",,,,,Agrarian South-Journal of Political Economy,AGRAR S,[ECONOMICS]
"[1996-7241, 0116-1105]",,,,,Asian Development Review,ASIAN DEVELOP REV,[ECONOMICS]
"[1748-3131, 1832-8105]",,,,,Asian Economic Policy Review,ASIAN ECON POLICY R,[ECONOMICS]
"[1847-9375, 1847-8344]",,,,,Business Systems Research Journal,BUS SYST RES J,[BUSINESS]
"[1940-2473, 0887-302X]",,,,,Clothing and Textiles Research Journal,CLOTH TEXT RES J,[BUSINESS]
"[1758-6100, 0965-3562]",,,,,Disaster Prevention and Management,DISASTER PREV MANAG,[MANAGEMENT]
"[2502-180X, 2086-3128]",,,,,Economic Journal of Emerging Markets,ECON J EMERG MARK,[ECONOMICS]
"[2306-3459, 2071-789X]",,,,,Economics & Sociology,ECON SOCIOL,"[ECONOMICS, BUSINESS]"
[0424-7388],,,,,Ekonomika i Matematiceskie Metody-Economics and Mathematical Methods,EKON MAT METOD,[ECONOMICS]
"[2190-9741, 2190-9733]",,,,,European Actuarial Journal,EUR ACTUAR J,"['BUSINESS, FINANCE']"
"[2310-8770, 2306-4994]",,,,,Financial and Credit Activity-Problems of Theory and Practice,FINANC CREDIT ACT,"['BUSINESS, FINANCE']"
[2255-5684],,,,,Gecontec-Revista Internacional de Gestion del Conocimiento y la Tecnologia,GECONTEC,[MANAGEMENT]
"[1758-5767, 0019-7858]",,,,,INDUSTRIAL AND COMMERCIAL TRAINING,IND COMMER TRAIN,[MANAGEMENT]
[2515-8961],,,,,Innovation & Management Review,INNOV MANAG REV,[MANAGEMENT]
"[1881-4387, 2524-4892]",,,,,International Journal of Economic Policy Studies,INT J ECON POLICY ST,[ECONOMICS]
"[2543-5361, 2299-9701]",,,,,International Journal of Management and Economics,INT J MANAG ECON,[ECONOMICS]
"[2352-3565, 1472-8117]",,,,,International Journal of Management Education,INT J MANAG EDUC-OXF,"[BUSINESS, MANAGEMENT]"
"[1793-9941, 1793-9933]",,,,,Journal of International Commerce Economics and Policy,J INT COMMERCE E POL,[ECONOMICS]
"[1540-7144, 0884-1241]",,,,,Journal of Marketing for Higher Education,J MARK HIGH EDUC,[BUSINESS]
[2245-408X],,,,,Journal of Organization Design,J ORGAN DES,"[BUSINESS, MANAGEMENT]"
"[1879-1247, 0022-4375]",,,,,JOURNAL OF SAFETY RESEARCH,J SAFETY RES,[TRANSPORTATION]
"[2227-6718, 2218-4511]",,,,,Marketing and Management of Innovations,MARK MANAG INNOV,[MANAGEMENT]
"[2579-9363, 1979-3561]",,,,,Operations and Supply Chain Management-An International Journal,OPER SUPPLY CHAIN MA,[MANAGEMENT]
"[1973-8218, 1120-9496]",,,,,Politica Economica,POLITI ECON,[ECONOMICS]
[2531-0488],,,,,RAUSP Management Journal,RAUSP MANAG J,"[BUSINESS, MANAGEMENT]"
"[1467-9361, 1363-6669]",,,,,Review of Development Economics,REV DEV ECON,[ECONOMICS]
"[2107-0865, 0180-7307]",,,,,Revue d Economie Regionale et Urbaine,REV ECON REG URBAINE,[ECONOMICS]
[2316-2341],,,,,Revista ENIAC Pesquisa,REV ENIAC PESQ,[MANAGEMENT]
"[2041-3335, 0212-6109]",,,,,Revista de Historia Economica-Journal of Iberian and Latin American Economic History,REV HIST ECON,[ECONOMICS]
[1452-4864],,,,,Serbian Journal of Management,SERB J MANAG,[MANAGEMENT]
"[1742-1780, 1742-1772]",,,,,Spatial Economic Analysis,SPAT ECON ANAL,[ECONOMICS]
"[1916-9841, 1916-9833]",Rotman International Journal of Pension Management,"Banking, finance and investment",,,,,
"[2307-3055, 1029-807X]",China Accounting and Finance Review,"Accounting, auditing and accountability",,,,,
[0033-2909],,,Psychological Bulletin,Psychology,,,
[0038-0385],,,Sociology,Sociology,,,
"[1750-1946, 1750-1938]",Journal of Airport Management,"Strategy, management and organisational behaviour",,,,,
"[1539-0942, 1539-0934, 0883-7570]",Journal of Hospital Marketing and Public Relations,Marketing,,,,,
"[2261-5512, 1287-1141]",Finance Controle Strategie,"Banking, finance and investment",,,,,
"[1750-6131, 1750-6123]",International Journal of Pharmaceutical and Healthcare Marketing,Marketing,,,,,
[0972-7302],International Journal of Applied Business and Economic Research,"COMMERCE, MANAGEMENT, TOURISM AND SERVICES",,,,,
[1004-9754],Huan Bohai Jingji Liaowang,Applied economics,,,,,
"[1753-5247, 1753-5239]",International Journal of Electronic Banking,"Banking, finance and investment",,,,,
[1835-5412],International Journal of e-Business Management,"Strategy, management and organisational behaviour",,,,,
[0010-0285],,,Cognitive Psychology,Psychology,,,
[1076-8998],,,Journal of Occupational Health Psychology,Psychology,,,
"[2327-0187, 2327-0179]",Journal of Applied Sport Management,Commercial services,,,,,
[2379-3554],"Journal of Business, Industry, and Economics",Marketing,,,,,
"[1741-5381, 1741-5373]",International Journal of Logistics Economics and Globalisation,Applied economics,,,,,
"[1547-0156, 1547-0148, 1094-608X]",Journal of Convention and Event Tourism,Tourism,,,,,
[1028-9666],Corporate Governance International,"Accounting, auditing and accountability",,,,,
"[2514-9806, 2514-9792]",Journal of Hospitality and Tourism Insights,Commercial services,,,,,
"[1849-1545, 1332-7461]",Tourism,Tourism,,,,,
"[1348-9585, 1341-9145]",Journal of Occupational Health,Human resources and industrial relations,,,,,
"[1939-8123, 0747-5535]",Quarterly Journal of Business and Economics,Applied economics,,,,,
[0017-4815],,,Growth and Change,Sociology,,,
[0019-5170],Indian Journal of Economics,Applied economics,,,,,
[0144-6665],,,British Journal of Social Psychology,Psychology,,,
[1058-4609],,,Political Communication,Comm,,,
[0091-1798],,,Annals of Probability,"OR,MS,POM",,,
[0300-3930],,,Local Government Studies,PSM,,,
"[1812-5646, 1812-5638, 1682-6027]",Information Technology Journal,Human resources and industrial relations,,,,,
"[2492-7988, 0303-240X]",Revue de l'Energie,Applied economics,,,,,
"[2078-0400, 0303-1853]","Agrekon: Agricultural Economics Research, Policy and Practice in Southern Africa",Applied economics,,,,,
"[2156-8316, 1479-0548, 1479-053X]",Tourism Planning and Development,Tourism,Tourism Planning and Development,Tourism,,,
[1697-6797],Procesos de Mercado: revista europea de economia politica,"Banking, finance and investment",,,,,
"[1464-3588, 0277-5921]",Contributions to Political Economy,"Banking, finance and investment",,,,,
"[2224-0004, 0259-191X]",ORiON,"Strategy, management and organisational behaviour",,,,,
[1010-7347],Journal of International Marketing and Marketing Research,Marketing,,,,,
"[1552-8464, 0730-8884]",Work and Occupations: an international sociological journal,Human resources and industrial relations,Work and Occupations,"OS/OB,HRM/IR",,,
[1777-5701],Sociologie du Travail,Human resources and industrial relations,,,,,
[1598-673X],Journal of Accounting and Finance,"Accounting, auditing and accountability",,,,,
"[2634-4955, 1353-1158]",International Papers in Political Economy,"Banking, finance and investment",,,,,
"[1651-288X, 1650-7541]",Acta Agriculturae Scandinavica Section C: Food Economics,Applied economics,,,,,
[0886-1013],Art Law and Accounting Reporter,"Accounting, auditing and accountability",,,,,
"[2073-7122, 2044-4621]",Interdisciplinary Journal of Contemporary Research in Business,Human resources and industrial relations,,,,,
[2193-2409],Journal of Economic Structures,Applied economics,,,,,
[0002-7642],,,American Behavioral Scientist,"OS/OB,HRM/IR",,,
[0022-0027],,,Journal of Conflict Resolution,"OS/OB,HRM/IR",,,
"[1839-1184, 1838-3785]",World Journal of Social Sciences,"Banking, finance and investment",,,,,
"[1572-9400, 1387-3741]","Health Services and Outcomes Research Methodology: an international journal devoted to quantitative methods for the study of the utilization, quality, cost and outcomes of health care","COMMERCE, MANAGEMENT, TOURISM AND SERVICES",,,,,
"[2156-6909, 1303-2917]",Anatolia: an international journal of tourism and hospitality research,Tourism,,,,,
[0278-6125],,,Journal of Manufacturing Systems,"OR,MS,POM",,,
[2277-8098],Asia Pacific Journal of Management and Entrepreneurship Research,Human resources and industrial relations,,,,,
"[1741-816X, 1460-6739]",International Journal of Process Management and Benchmarking,Business systems in context,,,,,
"[2380-1751, 1081-8510]",Journal of Small Business Strategy,Human resources and industrial relations,,,,,
[1880-6988],The Journal of Econometric Study of Northeast Asia (JESNA),Econometrics,,,,,
"[1851-3735, 0327-4063]","Ciclos: en la historia, la economia y la sociedad",Applied economics,,,,,
"[1879-1638, 1047-8310]",The Journal of High Technology Management Research,"Strategy, management and organisational behaviour",Journal of High Technology Management Research,Innovation,,,
[1058-0530],,,Information Systems Management,"MIS, KM",,,
"[2009-2830, 1649-5179]",International Review of Management,"Strategy, management and organisational behaviour",,,,,
"[2168-8648, 1059-8596]",The Journal of Fixed Income,"Accounting, auditing and accountability",Journal of Fixed Income,F&A,,,
[0020-8183],,,International Organization,Economics,,,
"[1864-0761, 1864-0753]",Journal of Business Market Management,Marketing,,,,,
"[2237-2091, 0100-0551]",Pesquisa e Planejamento Economico,Applied economics,,,,,
[0276-8739],,,Journal of Policy Analysis and Management,PSM,,,
"[2044-0456, 1357-3217]",British Actuarial Journal,"Banking, finance and investment",,,,,
"[1741-5403, 1741-539X]",International Journal of Services Operations and Informatics,"Transportation, logistics and supply chains",,,,,
"[2333-4509, 1607-8055, 0441-9057]",World Leisure Journal,"COMMERCE, MANAGEMENT, TOURISM AND SERVICES",,,,,
"[1875-5399, 1569-3732]",Advances in Financial Economics,"Banking, finance and investment",,,,,
"[1432-0592, 0570-1864]",,,Annals of Regional Science,Economics,ANNALS OF REGIONAL SCIENCE,ANN REGIONAL SCI,[ECONOMICS]
"[1941-1391, 1941-1383]",Annual Review of Economics,Applied economics,Annual Review of Economics,Economics,Annual Review of Economics,ANNU REV ECON,[ECONOMICS]
"[1758-4248, 1355-5855]",Asia Pacific Journal of Marketing and Logistics,Marketing,Asia Pacific Journal of Marketing and Logistics,Marketing,Asia Pacific Journal of Marketing and Logistics,ASIA PAC J MARKET LO,[BUSINESS]
"[1468-0297, 0013-0133]",The Economic Journal,Applied economics,Economic Journal,Economics,ECONOMIC JOURNAL,ECON J,[ECONOMICS]
"[1468-0343, 0954-1985]",Economics and Politics,Applied economics,Economics and Politics,Economics,Economics & Politics,ECON POLIT-OXFORD,[ECONOMICS]
"[1468-0335, 0013-0427]",Economica,Applied economics,Economica,Economics,ECONOMICA,ECONOMICA,[ECONOMICS]
"[1422-8890, 1019-6781]",,,Electronic Markets,"MIS, KM",Electronic Markets,ELECTRON MARK,"[BUSINESS, MANAGEMENT]"
"[1758-7115, 1460-1060]",European Journal of Innovation Management,Human resources and industrial relations,European Journal of Innovation Management,Innovation,European Journal of Innovation Management,EUR J INNOV MANAG,"[BUSINESS, MANAGEMENT]"
"[1867-0717, 1866-8887]",European Transport Research Review,"Transportation, logistics and supply chains",,,European Transport Research Review,EUR TRANSP RES REV,[TRANSPORTATION]
"[1527-1919, 0018-2702]",,,History of Political Economy,Economics,HISTORY OF POLITICAL ECONOMY,HIST POLIT ECON,[ECONOMICS]
"[1526-5536, 1047-7047]",,,Information Systems Research,"MIS, KM",INFORMATION SYSTEMS RESEARCH,INFORM SYST RES,[MANAGEMENT]
"[1099-1123, 1090-6738]",International Journal of Auditing,"Accounting, auditing and accountability",International Journal of Auditing,F&A,INTERNATIONAL JOURNAL OF AUDITING,INT J AUDIT,"['BUSINESS, FINANCE']"
"[1758-6534, 1355-2554]",International Journal of Entrepreneurial Behaviour and Research,Human resources and industrial relations,International Journal of Entrepreneurial Behaviour and Re,sEntrep,INTERNATIONAL JOURNAL OF ENTREPRENEURIAL BEHAVIOR & RESEARCH,INT J ENTREP BEHAV R,"[BUSINESS, MANAGEMENT]"
"[1758-6658, 1741-0401, 0043-8022]",International Journal of Productivity and Performance Management,Human resources and industrial relations,,,International Journal of Productivity and Performance Management,INT J PRODUCT PERFOR,[MANAGEMENT]
"[1758-6763, 0265-1335]",International Marketing Review,Marketing,International Marketing Review,Marketing,INTERNATIONAL MARKETING REVIEW,INT MARKET REV,[BUSINESS]
"[1468-2443, 1369-412X]",International Review of Finance,"Accounting, auditing and accountability",International Review of Finance,F&A,International Review of Finance,INT REV FINANC,"['BUSINESS, FINANCE']"
"[1649-248X, 2451-2834, 0332-1118]",Irish Journal of Management,Human resources and industrial relations,,,Irish Journal of Management,IR J MANAG,[MANAGEMENT]
"[1552-7824, 0092-0703]",Journal of the Academy of Marketing Science,Marketing,Journal of the Academy of Marketing Science,Marketing,JOURNAL OF THE ACADEMY OF MARKETING SCIENCE,J ACAD MARKET SCI,[BUSINESS]
"[1522-9076, 1522-8916]",Journal of African Business,"Strategy, management and organisational behaviour",,,Journal of African Business,J AFR BUS,[BUSINESS]
"[1464-3723, 0963-8024]",Journal of African Economies,Applied economics,,,JOURNAL OF AFRICAN ECONOMIES,J AFR ECON,[ECONOMICS]
"[1936-8216, 1745-6622, 1078-1196]",Journal of Applied Corporate Finance,"Accounting, auditing and accountability",Journal of Applied Corporate Finance,F&A,Journal of Applied Corporate Finance,J APPL CORP FINANC,"['BUSINESS, FINANCE']"
"[1532-7663, 1057-7408]",,,Journal of Consumer Psychology,Marketing,JOURNAL OF CONSUMER PSYCHOLOGY,J CONSUM PSYCHOL,[BUSINESS]
"[2352-3298, 1815-5669]",Journal of Contemporary Accounting and Economics,"Accounting, auditing and accountability",Journal of Contemporary Accounting and Economics,F&A,Journal of Contemporary Accounting & Economics,J CONTEMP ACCOUNT EC,"[ECONOMICS, 'BUSINESS, FINANCE']"
"[1755-9723, 1744-6619]",Journal of Credit Risk,"Accounting, auditing and accountability",,,Journal of Credit Risk,J CREDIT RISK,"['BUSINESS, FINANCE']"
"[2212-5752, 2212-571X]",Journal of Destination Marketing and Management,Marketing,Journal of Destination Marketing and Management,Marketing,Journal of Destination Marketing & Management,J DESTIN MARK MANAGE,[MANAGEMENT]
"[1872-6895, 0304-4076]",,,Journal of Econometrics,Economics,Journal of Econometrics,J ECONOMETRICS,[ECONOMICS]
"[1758-7433, 1361-2026]",Journal of Fashion Marketing and Management,Marketing,,,Journal of Fashion Marketing and Management,J FASH MARK MANAG,"[BUSINESS, MANAGEMENT]"
"[1879-2774, 0304-405X]",Journal of Financial Economics,"Banking, finance and investment",Journal of Financial Economics,F&A,JOURNAL OF FINANCIAL ECONOMICS,J FINANC ECON,"[ECONOMICS, 'BUSINESS, FINANCE']"
"[1878-0962, 1572-3089]",Journal of Financial Stability,"Banking, finance and investment",Journal of Financial Stability,F&A,Journal of Financial Stability,J FINANC STABIL,"[ECONOMICS, 'BUSINESS, FINANCE']"
"[1099-131X, 0277-6693]",,,Journal of Forecasting,Gen & Strat,JOURNAL OF FORECASTING,J FORECASTING,"[ECONOMICS, MANAGEMENT]"
"[2041-2576, 2041-2568]",Journal of Global Responsibility,Human resources and industrial relations,,,Journal of Global Responsibility,J GLOB RESPONSIB,[MANAGEMENT]
"[1932-8664, 1932-8575]",Journal of Human Capital,"Banking, finance and investment",Journal of Human Capital,Economics,Journal of Human Capital,J HUM CAPITAL,[ECONOMICS]
"[1873-0353, 0022-1996]",Journal of International Economics,Applied economics,Journal of International Economics,Economics,JOURNAL OF INTERNATIONAL ECONOMICS,J INT ECON,[ECONOMICS]
"[1759-0825, 1759-0817]",Journal of Islamic Accounting and Business Research,"Accounting, auditing and accountability",,,Journal of Islamic Accounting and Business Research,J ISLAMIC ACCOUNT BU,"['BUSINESS, FINANCE']"
"[1759-0841, 1759-0833]",Journal of Islamic Marketing,Marketing,,,Journal of Islamic Marketing,J ISLAMIC MARK,[BUSINESS]
"[8756-6222, 1465-7341]","Journal of Law, Economics, and Organization",Applied economics,"Journal of Law, Economics, and Organization",Economics,JOURNAL OF LAW ECONOMICS & ORGANIZATION,J LAW ECON ORGAN,[ECONOMICS]
"[1572-963X, 1385-3457]",Journal of Management and Governance,"Strategy, management and organisational behaviour",Journal of Management and Governance,Gen & Strat,Journal of Management and Governance,J MANAG GOV,[MANAGEMENT]
"[2044-8325, 0963-1798]",,,Journal of Occupational and Organizational Psychology,"OS/OB,HRM/IR",JOURNAL OF OCCUPATIONAL AND ORGANIZATIONAL PSYCHOLOGY,J OCCUP ORGAN PSYCH,[MANAGEMENT]
[0890-913X],Journal of Private Enterprise,"Banking, finance and investment",,,Journal of Private Enterprise,J PRIV ENTERP,[ECONOMICS]
"[1471-521X, 1471-5201]",Journal of Research in Marketing and Entrepreneurship,Marketing,,,Journal of Research in Marketing and Entrepreneurship,J RES MARK ENTREP,[BUSINESS]
"[1477-657X, 1476-6930]",Journal of Revenue and Pricing Management,"COMMERCE, MANAGEMENT, TOURISM AND SERVICES",,,Journal of Revenue and Pricing Management,J REVENUE PRICING MA,"['BUSINESS, FINANCE']"
"[1467-6435, 0023-5962]",Kyklos,"Banking, finance and investment",Kyklos,Economics,KYKLOS,KYKLOS,[ECONOMICS]
"[1526-5498, 1523-4614]",,,Manufacturing and Service Operations Management,"OR,MS,POM",M&SOM-Manufacturing & Service Operations Management,M&SOM-MANUF SERV OP,[MANAGEMENT]
"[1573-059X, 0923-0645]",Marketing Letters,Marketing,Marketing Letters,Marketing,MARKETING LETTERS,MARKET LETT,[BUSINESS]
"[1467-9965, 0960-1627]",,,Mathematical Finance,F&A,MATHEMATICAL FINANCE,MATH FINANC,"[ECONOMICS, 'BUSINESS, FINANCE']"
"[2049-3738, 2049-372X]",Meditari Accountancy Research,"Accounting, auditing and accountability",,,Meditari Accountancy Research,MEDITARI ACCOUNT RES,"['BUSINESS, FINANCE']"
"[1573-7101, 0048-5829]",,,Public Choice,PSM,PUBLIC CHOICE,PUBLIC CHOICE,[ECONOMICS]
"[1573-692X, 1875-824X, 1572-3097]",Review of Finance,"Accounting, auditing and accountability",Review of Finance,F&A,Review of Finance,REV FINANC,"[ECONOMICS, 'BUSINESS, FINANCE']"
"[1933-6837, 1555-7561]",Theoretical Economics,Applied economics,Theoretical Economics,Economics,Theoretical Economics,THEOR ECON,[ECONOMICS]
"[2332-3507, 2332-3493]",,,,,American Journal of Health Economics,AM J HEALTH ECON,[ECONOMICS]
"[1465-7260, 1465-7252]",,,,,American Law and Economics Review,AM LAW ECON REV,[ECONOMICS]
[2666-9544],,,,,Digital Business,DIGIT BUS,"[BUSINESS, MANAGEMENT]"
"[1365-232X, 0969-9988]",,,,,Engineering Construction and Architectural Management,ENG CONSTR ARCHIT MA,[MANAGEMENT]
[2719-3454],,,,,Financial Internet Quarterly,FINANC INTERNET Q,"[ECONOMICS, 'BUSINESS, FINANCE']"
"[2182-7788, 2182-7796]",,,,,IJISPM-International Journal of Information Systems and Project Management,IJISPM-INT J INF SYS,[MANAGEMENT]
"[1758-6518, 0951-354X]",,,,,International Journal of Educational Management,INT J EDUC MANAG,[MANAGEMENT]
"[1750-2071, 1745-6452]",,,,,Journal of Banking Regulation,J BANK REGUL,"['BUSINESS, FINANCE']"
"[2632-5330, 1859-0020]",,,,,Journal of Economics and Development,J ECON DEV-VIETNAM,[ECONOMICS]
"[2643-7023, 2643-7015]",,,,,Journal of the International Council for Small Business,J INT COUNC SMALL BU,"[BUSINESS, MANAGEMENT]"
"[2056-9130, 2056-9122]",,,,,Journal of Organisational Studies and Innovation,J ORGAN STUD INNOV,[MANAGEMENT]
"[2414-9497, 2412-8872]",,,,,Journal of Tax Reform,J TAX REFORM,"['BUSINESS, FINANCE']"
"[0973-9343, 0973-9335]",,,,,JIMS8M-The Journal of Indian Management & Strategy,JIMS8M-J INDIAN MANA,[MANAGEMENT]
[2666-1438],,,,,Latin American Journal of Central Banking,LAT AM J CENT BANK,"[ECONOMICS, 'BUSINESS, FINANCE']"
"[2269-8450, 2113-5207]",,,,,Oeconomia-History Methodology Philosophy,OECONOMIA,[ECONOMICS]
"[2509-4254, 2509-4262]",,,,,Pharmacoeconomics-Open,PHARMACOECON-OPEN,[ECONOMICS]
"[2117-0843, 1267-5059]",,,,,Region et Developpement,REG DEV,[ECONOMICS]
[1973-3909],,,,,Review of Economic Analysis,REV ECON ANAL,[ECONOMICS]
"[1613-9836, 0173-7600]",,,,,Review of Regional Research-Jahrbuch fur Regionalwissenschaft,REV REG RES,[ECONOMICS]
"[2334-6191, 1821-3448]",,,,,Strategic Management,STRATEG MANAG,[MANAGEMENT]
"[2542-226X, 1026-356X]",,,,,Vestnik Sankt-Peterburgskogo Universiteta-Ekonomika-St Petersburg University Journal of Economic Studies,VESTN ST PETER U-EK,[ECONOMICS]
"[2748-1964, 2748-1956]",,,,,ZFW-Advances in Economic Geography,ZFW-ADV ECON GEOGR,[ECONOMICS]
[1551-9627],Transit,"Transportation, logistics and supply chains",,,,,
"[1936-4806, 1098-3708]",The Quarterly Journal of Austrian Economics,Applied economics,,,,,
[0973-4538],JOHAR: Journal of Hospitality Application and Research,Commercial services,,,,,
"[1741-6507, 1094-1665]",Asia Pacific Journal of Tourism Research,Tourism,Asia Pacific Journal of Tourism Research,Tourism,,,
[0165-5515],,,Journal of Information Science,"MIS, KM",,,
[0275-0740],,,American Review of Public Administration,PSM,,,
"[1817-5104, 1817-5090]",The Cost and Management,"Accounting, auditing and accountability",,,,,
"[1338-8215, 1336-5738]",AEROjournal,"Transportation, logistics and supply chains",,,,,
[0033-3123],,,Psychometrika,Psychology,,,
"[2160-6862, 0735-1968]",Journal of Park and Recreation Administration,Commercial services,,,,,
"[2042-6798, 2042-678X]","Sport, Business and Management: An International Journal",Commercial services,,,,,
"[2054-555X, 1598-2688]",Asian Journal on Quality,"Strategy, management and organisational behaviour",,,,,
[0047-2794],,,Journal of Social Policy,PSM,,,
[1679-1827],Revista Eletronica de Gestao Organizacional,Human resources and industrial relations,,,,,
[2345-4695],"The Journal of Entrepreneurship, Business and Economics (JEBE)",Applied economics,,,,,
"[1741-8097, 1477-5360]",International Journal of Integrated Supply Management,"Strategy, management and organisational behaviour",,,,,
[1360-2438],"Discussion Paper in Economics of the University of Nottingham, School of Economics",Applied economics,,,,,
"[1806-8987, 0103-3905]",Indicadores Economicos FEE (Rio Grande Do Sul Brazil Fundacao de Economia e Estatistica),Economic theory,,,,,
[0037-7791],,,Social Problems,Sociology,,,
[0306-4379],,,Information Systems,"MIS, KM",,,
[1808-057X],Accounting and Finance Review,"Banking, finance and investment",,,,,
[1607-0704],International Journal of Business and Economics,"Banking, finance and investment",,,,,
[0147-1767],,,International Journal of Intercultural Relations,"OS/OB,HRM/IR",,,
"[1552-2822, 1552-2814]",Federal Reserve Bank of Boston: Research Review,Applied economics,,,,,
"[1927-5994, 1927-5986]",Accounting and Finance Research,"Accounting, auditing and accountability",,,,,
"[1949-2847, 1949-2839]",International Journal of Management and Business,"Strategy, management and organisational behaviour",,,,,
"[1741-2447, 1741-2439, 1350-2328]",Journal of Database Marketing and Customer Strategy Management,Marketing,,,,,
"[1865-1704, 1863-4613, 0035-6751]",International Review of Economics,Applied economics,,,,,
"[2326-3709, 1077-1158]",Journal of Applied Management and Entrepreneurship,Human resources and industrial relations,,,,,
"[1923-4015, 1923-4007]",International Journal of Business Administration,Human resources and industrial relations,,,,,
"[1943-5479, 0742-597X]",Journal of Management in Engineering,"Strategy, management and organisational behaviour",,,,,
"[2521-9863, 0850-3907]",Africa Development,"COMMERCE, MANAGEMENT, TOURISM AND SERVICES",,,,,
"[2378-8631, 1542-8710]",Journal of the Academy of Business and Economics,"COMMERCE, MANAGEMENT, TOURISM AND SERVICES",,,,,
[0190-0692],,,International Journal of Public Administration,PSM,,,
[1993-1034],Journal of International Management Studies,Human resources and industrial relations,,,,,
[1748-5991],,,Regulation and Governance,PSM,,,
[1041-4347],,,IEEE Transactions on Knowledge and Data Engineering,"MIS, KM",,,
"[2377-0996, 2329-4175]",Journal of Self-Governance and Management Economics,"Strategy, management and organisational behaviour",,,,,
"[1875-7537, 0193-2306]",Research in Experimental Economics,"Banking, finance and investment",,,,,
"[1751-0597, 1751-0589]",International Journal of Applied Systemic Studies,Business systems in context,,,,,
"[1868-7873, 1868-7865]",Journal of the Knowledge Economy,Applied economics,,,,,
[1675-4077],Malaysian Accounting Review,"Accounting, auditing and accountability",,,,,
[1467-9868],,,Journal of the Royal Statistical Society. Series B: Statistical,"MOR,MS,POM",,,
"[2246-6444, 0028-0453]",Nationalokonomisk Tidsskrift,Applied economics,,,,,
[2241-8148],Athens Journal of Tourism,Tourism,,,,,
"[2277-7725, 0972-222X]",Delhi Business Review,Human resources and industrial relations,,,,,
[0304-4130],,,European Journal of Political Research,Sociology,,,
"[2515-7841, 1464-6668]",International Journal of Sports Marketing and Sponsorship,Marketing,,,,,
"[2226-4639, 1851-6599]",Journal of Centrum Cathedra,"COMMERCE, MANAGEMENT, TOURISM AND SERVICES",,,,,
"[2169-0197, 1544-273X]",Tourism in Marine Environments,Tourism,,,,,
[1543-2955],Global Perspectives on Accounting Education,"Accounting, auditing and accountability",,,,,
"[2222-1875, 2222-1867]",Public and Municipal Finance,"Banking, finance and investment",,,,,
[2041-1723],,,Nature Communications,Gen & Strat,,,
[0262-0383],Northern Economic Review,Applied economics,,,,,
[1450-2887],International Research Journal of Finance and Economics,"Banking, finance and investment",,,,,
[0026-6760],Mita Gakkai Zasshi,Applied economics,,,,,
"[1741-8798, 1741-878X]",International Journal of Technology Marketing,Marketing,,,,,
[0021-9029],,,Journal of Applied Social Psychology,Psychology,,,
[0391-5115],,,Journal of European Economic History,Economics,,,
[0309-8168],,,Capital and Class,Sociology,,,
[2179-703X],Aviation in Focus,"Transportation, logistics and supply chains",,,,,
"[2622-2167, 0216-423X]","Journal of Accounting, Business and Management","Accounting, auditing and accountability",,,,,
[2225-2436],International Journal of Business and Commerce,"Strategy, management and organisational behaviour",,,,,
[0377-2217],,,European Journal of Operational Research,"OR,MS,POM",,,
[1082-989X],,,Psychological Methods,Psychology,,,
[1695-7121],Pasos,Tourism,,,,,
"[1745-7904, 1745-7912, 1469-7025]",Journal of Medical Marketing,Marketing,,,,,
[0895-9285],,,Human Performance,"OS/OB,HRM/IR",,,
[1936-6582],,,Flexible Services and Manufacturing Journal,"OR,MS,POM",,,
"[1749-3374, 1032-3732]",Accounting History,"Accounting, auditing and accountability",Accounting History,F&A,Accounting History,ACCOUNT HIST,"['BUSINESS, FINANCE']"
"[1911-3838, 1911-382X, 1499-8653]",Accounting Perspectives,"Accounting, auditing and accountability",,,Accounting Perspectives,ACCOUNT PERSPECT,"['BUSINESS, FINANCE']"
"[1839-5465, 1030-9616]",Accounting Research Journal,"Accounting, auditing and accountability",Accounting Research Journal,F&A,Accounting Research Journal,ACCOUNT RES J,"['BUSINESS, FINANCE']"
"[2040-0713, 2040-0705]",African Journal of Economic and Management Studies,"Strategy, management and organisational behaviour",,,African Journal of Economic and Management Studies,AFR J ECON MANAG STU,[ECONOMICS]
"[1945-7812, 1945-774X, 1945-7731]",American Economic Journal: Economic Policy,"Banking, finance and investment",American Economic Journal: Economic Policy,Economics,American Economic Journal-Economic Policy,AM ECON J-ECON POLIC,[ECONOMICS]
[1529-7373],Annals of the Economics and Finance,"Banking, finance and investment",,,Annals of Economics and Finance,ANN ECON FINANC,[ECONOMICS]
"[1573-6946, 1387-2834]",Asia-Pacific Financial Markets,"Accounting, auditing and accountability",,,Asia-Pacific Financial Markets,ASIA-PAC FINANC MARK,[ECONOMICS]
"[1558-7991, 0278-0380]",Auditing: a Journal of Practice and Theory,"Accounting, auditing and accountability",Auditing,F&A,AUDITING-A JOURNAL OF PRACTICE & THEORY,AUDITING-J PRACT TH,"['BUSINESS, FINANCE']"
"[1467-8446, 0004-8992]",,,Australian Economic History Review,Bus Hist,AUSTRALIAN ECONOMIC HISTORY REVIEW,AUST ECON HIST REV,[ECONOMICS]
"[2334-4385, 1406-099X]",Baltic Journal of Economics,"COMMERCE, MANAGEMENT, TOURISM AND SERVICES",,,Baltic Journal of Economics,BALT J ECON,[ECONOMICS]
"[1464-3545, 0309-166X]",Cambridge Journal of Economics,"Banking, finance and investment",Cambridge Journal of Economics,Economics,CAMBRIDGE JOURNAL OF ECONOMICS,CAMB J ECON,[ECONOMICS]
[2059-5794],Cross Cultural and Strategic Management,"Strategy, management and organisational behaviour",Cross Cultural and Strategic Management,"OS/OB,HRM/IR",Cross Cultural & Strategic Management,CROSS CULT STRATEG M,[MANAGEMENT]
"[2160-5890, 2160-5882]",Economics of Energy and Environmental Policy,Applied economics,,,Economics of Energy & Environmental Policy,ECON ENERGY ENV POL,[ECONOMICS]
"[1572-9362, 1389-5753]",,,Electronic Commerce Research,"MIS, KM",Electronic Commerce Research,ELECTRON COMMER RES,"[BUSINESS, MANAGEMENT]"
"[2353-883X, 2353-8821]",Entrepreneurial Business and Economics Review,"Strategy, management and organisational behaviour",,,Entrepreneurial Business and Economics Review,ENTREPR BUS ECON REV,[ECONOMICS]
"[1618-7601, 1618-7598]",,,European Journal of Health Economics,Economics,European Journal of Health Economics,EUR J HEALTH ECON,[ECONOMICS]
"[2444-8451, 2444-8494]",European Journal of Management and Business Economics,Applied economics,,,European Journal of Management and Business Economics,EUR J MANAG BUS ECON,"[ECONOMICS, BUSINESS, MANAGEMENT]"
"[1464-3618, 0165-1587]",European Review of Agricultural Economics,Applied economics,European Review of Agricultural Economics,Economics,EUROPEAN REVIEW OF AGRICULTURAL ECONOMICS,EUR REV AGRIC ECON,[ECONOMICS]
"[1573-6938, 1386-4157]",Experimental Economics,"Banking, finance and investment",Experimental Economics,Economics,EXPERIMENTAL ECONOMICS,EXP ECON,[ECONOMICS]
"[1614-0974, 0015-2218]",Finanzarchiv,"Banking, finance and investment",FinanzArchiv,Economics,FinanzArchiv-European Journal of Public Finance,FINANZARCHIV,"[ECONOMICS, 'BUSINESS, FINANCE']"
"[2397-0030, 2397-0022]",,,German Journal of Human Resource Management,HRM/IR,German Journal of Human Resource Management-Zeitschrift fur Personalforschung,GER J HUM RESOUR MAN,[MANAGEMENT]
"[2042-5805, 2042-5791]",Global Strategy Journal,"COMMERCE, MANAGEMENT, TOURISM AND SERVICES",Global Strategy Journal,Gen & Strat,Global Strategy Journal,GLOB STRATEG J,"[BUSINESS, MANAGEMENT]"
"[1552-6712, 1534-4843]",Human Resource Development Review,Human resources and industrial relations,,,Human Resource Development Review,HUM RESOUR DEV REV,[MANAGEMENT]
"[2212-4446, 0970-3896]",IIMB Management Review,"Banking, finance and investment",,,IIMB Management Review,IIMB MANAG REV,[MANAGEMENT]
"[1750-6239, 1750-6220]",International Journal of Energy Sector Management,"Strategy, management and organisational behaviour",,,International Journal of Energy Sector Management,INT J ENERGY SECT MA,[MANAGEMENT]
"[1475-679X, 0021-8456]",Journal of Accounting Research,"Accounting, auditing and accountability",Journal of Accounting Research,F&A,JOURNAL OF ACCOUNTING RESEARCH,J ACCOUNT RES,"['BUSINESS, FINANCE']"
"[2168-8435, 1520-3255]",The Journal of Alternative Investments,"Banking, finance and investment",,,Journal of Alternative Investments,J ALTERN INVEST,"['BUSINESS, FINANCE']"
"[1667-6726, 1514-0326]",Journal of Applied Economics,"Banking, finance and investment",,,Journal of Applied Economics,J APPL ECON,[ECONOMICS]
"[1754-4416, 1754-4408]",Journal of Chinese Economic and Foreign Trade Studies,"Banking, finance and investment",,,Journal of Chinese Economic and Foreign Trade Studies,J CHIN ECON FOREIGN,[ECONOMICS]
"[2328-8175, 0022-0515]",Journal of Economic Literature,Applied economics,Journal of Economic Literature,Economics,JOURNAL OF ECONOMIC LITERATURE,J ECON LIT,[ECONOMICS]
"[1467-6419, 0950-0804]",Journal of Economic Surveys,"Banking, finance and investment",Journal of Economic Surveys,Economics,JOURNAL OF ECONOMIC SURVEYS,J ECON SURV,[ECONOMICS]
"[1095-7235, 0022-0531]",Journal of Economic Theory,Applied economics,Journal of Economic Theory,Economics,JOURNAL OF ECONOMIC THEORY,J ECON THEORY,[ECONOMICS]
"[1479-1846, 1363-0539]",Journal of Financial Services Marketing,"Banking, finance and investment",,,Journal of Financial Services Marketing,J FINANC SERV MARK,[BUSINESS]
"[1879-1646, 0167-6296]",,,Journal of Health Economics,Economics,JOURNAL OF HEALTH ECONOMICS,J HEALTH ECON,[ECONOMICS]
"[1972-4977, 0391-2078]",Economia e Politica Industriale,"Banking, finance and investment",,,Journal of Industrial and Business Economics,J IND BUS ECON,[ECONOMICS]
"[1758-7468, 1469-1930]",Journal of Intellectual Capital,"Accounting, auditing and accountability",,,Journal of Intellectual Capital,J INTELLECT CAP,"[BUSINESS, MANAGEMENT]"
"[1545-9152, 1545-9144]",Journal of Investment Management,"Banking, finance and investment",,,Journal of Investment Management,J INVEST MANAG,"['BUSINESS, FINANCE']"
"[1552-6542, 1056-4926]",Journal of Management Inquiry,"Strategy, management and organisational behaviour",Journal of Management Inquiry,Gen & Strat,JOURNAL OF MANAGEMENT INQUIRY,J MANAGE INQUIRY,[MANAGEMENT]
"[2042-6771, 2042-6763]",Journal of Social Marketing,Marketing,,,Journal of Social Marketing,J SOC MARKET,[BUSINESS]
"[2345-0355, 1822-6760]",Management Theory and Studies for Rural Business and Infrastructure Development,"Strategy, management and organisational behaviour",,,Management Theory and Studies for Rural Business and Infrastructure Development,MANAG THEORY STUD RU,[BUSINESS]
"[1096-1224, 1044-5005]",Management Accounting Research,"Accounting, auditing and accountability",Management Accounting Research,F&A,Management Accounting Research,MANAGE ACCOUNT RES,"['BUSINESS, FINANCE', MANAGEMENT]"
"[2397-3765, 2397-3757]",Maritime Business Review,Business systems in context,,,Maritime Business Review,MARIT BUS REV,"[BUSINESS, MANAGEMENT, TRANSPORTATION]"
"[1862-9679, 1862-9660]",Mathematics and Financial Economics,"Banking, finance and investment",,,Mathematics and Financial Economics,MATH FINANC ECON,"[ECONOMICS, 'BUSINESS, FINANCE']"
"[1552-7530, 1091-1421]",,,Public Finance Review,Economics,PUBLIC FINANCE REVIEW,PUBLIC FINANC REV,[ECONOMICS]
"[1879-2308, 0166-0462]",,,Regional Science and Urban Economics,Economics,REGIONAL SCIENCE AND URBAN ECONOMICS,REG SCI URBAN ECON,[ECONOMICS]
"[1940-5987, 1940-5979]",Review of Behavioral Finance,"Banking, finance and investment",,,Review of Behavioral Finance,REV BEHAV FINANCE,"['BUSINESS, FINANCE']"
"[1434-4750, 1434-4742]",Review of Economic Design,Applied economics,,,Review of Economic Design,REV ECON DES,[ECONOMICS]
"[2105-2883, 0373-2630]",Revue d'Economie Politique,Applied economics,,,REVUE D ECONOMIE POLITIQUE,REV ECON POLIT,[ECONOMICS]
"[1573-7160, 0889-938X]",Review of Industrial Organization,Applied economics,Review of Industrial Organization,Economics,REVIEW OF INDUSTRIAL ORGANIZATION,REV IND ORGAN,"[ECONOMICS, MANAGEMENT]"
"[1862-8516, 1862-8508]",Service Business: an international journal,Commercial services,,,Service Business,SERV BUS,"[BUSINESS, MANAGEMENT]"
"[1873-6041, 0038-0121]",,,Socio-Economic Planning Sciences,Economics,SOCIO-ECONOMIC PLANNING SCIENCES,SOCIO-ECON PLAN SCI,"[ECONOMICS, MANAGEMENT]"
"[1873-5509, 0040-1625]",Technological Forecasting and Social Change,"COMMERCE, MANAGEMENT, TOURISM AND SERVICES",Technological Forecasting and Social Change,Innovation,TECHNOLOGICAL FORECASTING AND SOCIAL CHANGE,TECHNOL FORECAST SOC,[BUSINESS]
"[1573-7187, 0040-5833]",,,Theory and Decision,"OR,MS,POM",THEORY AND DECISION,THEOR DECIS,[ECONOMICS]
"[0976-3600, 1817-7417]",,,,,African Journal of Business Ethics,AFR J BUS ETHICS,[BUSINESS]
[2193-7532],,,,,Agricultural and Food Economics,AGR FOOD ECON,[ECONOMICS]
"[2232-9633, 2232-8823]",,,,,Casopis za Ekonomiju i Trzisne Komunikacije,CAS EKON TRZ KOMUN,[BUSINESS]
"[1478-3320, 0888-7233]",,,,,Comparative Economic Studies,COMP ECON STUD,[ECONOMICS]
"[2590-4604, 0120-4203]",,,,,Contaduria Universidad de Antioquia,CONTAD U ANTIOQUIA,"['BUSINESS, FINANCE']"
"[2312-9824, 2307-0331]",,,,,Economic and Social Changes-Facts Trends Forecast,ECON SOC CHANG,[ECONOMICS]
"[2411-2658, 1994-5124]",,,,,Ekonomicheskaya politika,EKONOMICHESKAYA POLI,[ECONOMICS]
"[1758-7131, 0263-2772]",,,,,Facilities,FACILITIES,[MANAGEMENT]
"[1873-5657, 0306-9192]",,,,,FOOD POLICY,FOOD POLICY,[ECONOMICS]
[2673-7590],,,,,Future Transportation,FUTURE TRANSP-BASEL,[TRANSPORTATION]
"[1741-5071, 1471-4825]",,,,,International Journal of Emergency Management,INT J EMERG MANAG,[MANAGEMENT]
"[2371-8374, 2371-8366]",,,,,Journal of Project Management,J PROJ MANAGE,[MANAGEMENT]
"[2185-4793, 2185-4785]",,,,,Japanese Accounting Review,JPN ACCOUNT REV,"['BUSINESS, FINANCE']"
"[0973-8029, 0973-8010]",,,,,Margin-Journal of Applied Economic Research,MARGIN,[ECONOMICS]
"[1750-4716, 1750-4708]",,,,,Negotiation and Conflict Management Research,NEGOT CONFL MANAG R,[MANAGEMENT]
"[1846-8438, 1332-0718]",,,,,Pomorstvo-Scientific Journal of Maritime Research,POMORSTVO,[TRANSPORTATION]
[2176-9036],,,,,Revista Ambiente Contabil,REV AMBIENT CONTAB,"['BUSINESS, FINANCE']"
"[2618-6977, 1729-7427]",,,,,Rossiiskii Zhurnal Menedzhmenta-Russian Management Journal,ROSS ZH MENEDZH,[MANAGEMENT]
"[1750-8533, 1750-8614]",,,,,Social Enterprise Journal,SOC ENTERP J,[BUSINESS]
"[1573-9295, 1094-429X]",,,,,SYSTEMIC PRACTICE AND ACTION RESEARCH,SYST PRACT ACT RES,[MANAGEMENT]
"[1467-9663, 0040-747X]",,,,,TIJDSCHRIFT VOOR ECONOMISCHE EN SOCIALE GEOGRAFIE,TIJDSCHR ECON SOC GE,[ECONOMICS]
[2590-1982],,,,,Transportation Research Interdisciplinary Perspectives,TRANSP RES INTERDISC,[TRANSPORTATION]
[0004-3567],Artha-Vikas: a journal of economic development,Applied economics,,,,,
[2227-6254],International Academic Research Journal of Economics and Finance,"Banking, finance and investment",,,,,
"[2251-2888, 2010-4804]",The GSTF Business Review,Applied economics,,,,,
[1326-4443],Journal of Empirical Generalisations in Marketing Science,Marketing,,,,,
[0973-1687],Review of Applied Economics,"Banking, finance and investment",,,,,
[1983-7151],Turismo: visao e acao,Tourism,,,,,
"[2221-8017, 2219-5440]",Far East Journal of Psychology and Business,Human resources and industrial relations,,,,,
[0096-3445],,,Journal of Experimental Psychology: General,Psychology,,,
[1548-1859],Business Journal for Entrepreneurs,"Strategy, management and organisational behaviour",,,,,
"[1533-2853, 1533-2845]",Journal of Human Resources in Hospitality & Tourism,Human resources and industrial relations,,,,,
"[1873-5673, 1057-0810]",Financial Services Review,"Banking, finance and investment",,,,,
"[1750-6190, 1750-6182]","International Journal of Culture, Tourism and Hospitality Research",Tourism,,,,,
"[1502-2269, 1502-2250]",Scandinavian Journal of Hospitality and Tourism,Tourism,Scandinavian Journal of Hospitality and Tourism,Tourism,,,
[0905-0167],,,Scandinavian Journal of Information Systems,"MIS, KM",,,
[0263-774X],,,Environment and Planning C: Government and Policy,PSM,,,
[2053-583X],International Journal of Small Business and Entrepreneurship Research,Business systems in context,,,,,
[1043-6227],Kansas Economic Report and Kansas Economic Indicators,Applied economics,,,,,
[1226-4059],Korean Journal of Industrial Relations,Human resources and industrial relations,,,,,
[1073-0516],,,ACM Transactions on Computer-Human Interaction,"MIS, KM",,,
"[1883-8995, 0386-9113]",Japan Business History Review,Human resources and industrial relations,,,,,
"[2328-6261, 2328-6229]",International Journal of Organizational Diversity,Human resources and industrial relations,,,,,
"[2385-8052, 0547-3101]",Nase Gospodarstvo,Applied economics,,,,,
"[1758-9398, 1758-938X]",International Journal of Advanced Operations Management,"Strategy, management and organisational behaviour",,,,,
"[1567-7141, 1567-7133]",European Journal of Transport and Infrastructure Research,"Transportation, logistics and supply chains",,,,,
[0098-3500],,,ACM Transactions on Mathematical Software,"MIS, KM",,,
"[2042-3853, 2042-3845]",International Journal of Business Competition and Growth,"Banking, finance and investment",,,,,
"[1918-7203, 1918-719X]",International Journal of Marketing Studies,Marketing,,,,,
"[2634-4564, 1351-3621]",Economic and Financial Review,Applied economics,,,,,
"[1751-8334, 1751-8326]",Economic and Labour Market Review,Human resources and industrial relations,,,,,
"[1750-4562, 1750-4554]",African Journal of Business and Economic Research,"COMMERCE, MANAGEMENT, TOURISM AND SERVICES",,,,,
[2332-8851],Journal of entrepreneurship and business innovation,"Strategy, management and organisational behaviour",,,,,
"[2378-9174, 1544-8037]",Journal of International Business and Economics,"Strategy, management and organisational behaviour",,,,,
"[1865-5734, 0720-6801, 0023-4591]",Kredit und Kapital,"Banking, finance and investment",,,,,
[1938-5927],Journal of Family and Consumer Sciences Education,"Banking, finance and investment",,,,,
"[1941-899X, 0972-5814]",Journal of Management Research,Human resources and industrial relations,,,,,
"[2326-3296, 1537-5137]",Journal for Advancement of Marketing Education,Marketing,,,,,
[0718-2724],Journal of Technology Management and Innovation,"Strategy, management and organisational behaviour",,,,,
[1849-8558],Journal of International Business Research and Marketing,Marketing,,,,,
"[1911-8074, 1911-8066]",Journal of Risk and Financial Management,"COMMERCE, MANAGEMENT, TOURISM AND SERVICES",,,,,
[1554-2904],Petroleum Accounting and Financial Management Journal,"Accounting, auditing and accountability",,,,,
"[1613-9623, 1613-9615]",Journal of Business Chemistry,Business systems in context,,,,,
[0959-6801],,,European Journal of Industrial Relations,"OS/OB,HRM/IR",,,
"[2157-0175, 1944-592X]",Accounting & Taxation,"Accounting, auditing and accountability",,,,,
[2333-3324],Case Studies in Business and Management,"Strategy, management and organisational behaviour",,,,,
"[2236-9775, 1676-8000]",Brazilian Journal of Business Economics,"Banking, finance and investment",,,,,
"[1986-4108, 1986-4094]","Journal of Money, Investment and Banking","Banking, finance and investment",,,,,
[2364-4575],Journal of Shipping and Trade,"Transportation, logistics and supply chains",,,,,
"[2194-6000, 1555-5879]",Review of Law and Economics,Applied economics,,,,,
[1176-8592],Journal of Asia Entrepreneurship and Sustainability,"COMMERCE, MANAGEMENT, TOURISM AND SERVICES",,,,,
"[1555-1237, 1555-1245, 1555-1229]","Interdisciplinary Journal of Information, Knowledge, and Management","Strategy, management and organisational behaviour",,,,,
"[1757-5656, 1757-5648]",International Journal of Pluralism and Economics Education,Applied economics,,,,,
[1052-7788],Research in Financial Services,"Banking, finance and investment",,,,,
"[2203-5354, 2203-2290]",Australian Journal of Actuarial Practice,"Banking, finance and investment",,,,,
"[2055-7809, 2055-7795]",Journal of Network Theory in Finance,"Banking, finance and investment",,,,,
"[2101-9304, 1963-1715, 1167-4946]","Bankers, Markets & Investors","Banking, finance and investment",,,,,
"[1844-8801, 1583-5812]",Financial Audit,"Accounting, auditing and accountability",,,,,
"[1741-5128, 0954-7118]",International Journal of Global Energy Issues,"Banking, finance and investment",,,,,
"[2514-3964, 0742-6186]",Advances in Industrial and Labor Relations,Human resources and industrial relations,,,,,
[0115-9143],Philippine Journal of Development,Applied economics,,,,,
"[2157-8893, 1542-4448]",Journal of Business and Economics Research,"Strategy, management and organisational behaviour",,,,,
[1681-8997],The Empirical Economics Letters,"Banking, finance and investment",,,,,
"[1947-8216, 1947-8208]",International Journal of Knowledge and Systems Science,"Strategy, management and organisational behaviour",,,,,
[1540-1200],"Journal of the American Academy of Business, Cambridge",Human resources and industrial relations,,,,,
"[1747-7654, 1476-6825]",Journal of Tourism and Cultural Change,Tourism,,,,,
"[2424-8037, 2382-6266]",Market Microstructure and Liquidity,"Banking, finance and investment",,,,,
"[1540-7306, 1054-8408]",Journal of Travel and Tourism Marketing,Commercial services,Journal of Travel and Tourism Marketing,Tourism,,,
[1053-8372],,,Journal of the History of Economic Thought,Economics,,,
[0007-1080],,,British Journal of Industrial Relations,"OS/OB,HRM/IR",,,
[1556-5106],The Journal of Theoretical Accounting Research,"Accounting, auditing and accountability",,,,,
"[1740-2808, 1475-8962]",International Journal of Sports Management and Marketing,Commercial services,,,,,
"[1875-0931, 1569-1829]",Journal on Chain and Network Science,"Strategy, management and organisational behaviour",,,,,
[0951-4937],Contemporary Wales: an annual review of economic and social research,Applied economics,,,,,
[1019-6838],Revista Europea de Direccion y Economia de la Empresa,Economic theory,,,,,
"[2194-072X, 1439-2917]",Schmalenbach Business Review,"Strategy, management and organisational behaviour",Schmalenbach Business Review,Gen & Strat,,,
"[1435-5477, 1435-5469]",Spanish Economic Review,Applied economics,,,,,
"[1742-9692, 1467-3584]",Tourism and Hospitality Research: the Surrey quarterly review,Commercial services,,,,,
"[2101-0145, 0752-6180]",Finance,"Banking, finance and investment",,,,,
"[1862-0035, 0943-2779]","Industrielle Beziehungen: Zeitschrift fuer Arbeit, Organisation und Management",Human resources and industrial relations,,,,,
[0049-1241],,,Sociological Methods and Research,Sociology,,,
"[1944-7981, 0002-8282]",American Economic Review,"COMMERCE, MANAGEMENT, TOURISM AND SERVICES",American Economic Review,Economics,AMERICAN ECONOMIC REVIEW,AM ECON REV,[ECONOMICS]
"[2040-5804, 2040-5790, 1467-9353, 1058-7195]",Applied Economic Perspectives and Policy,Applied economics,,,Applied Economic Perspectives and Policy,APPL ECON PERSPECT P,[ECONOMICS]
"[1746-5273, 1746-5265]",Baltic Journal of Management,Human resources and industrial relations,,,Baltic Journal of Management,BALT J MANAG,[MANAGEMENT]
"[1873-6068, 0007-6813]",Business Horizons,Human resources and industrial relations,Business Horizons,Gen & Strat,BUSINESS HORIZONS,BUS HORIZONS,[BUSINESS]
"[1873-7374, 0165-1765]",Economics Letters,ECONOMICS,Economics Letters,Economics,ECONOMICS LETTERS,ECON LETT,[ECONOMICS]
"[1468-0300, 0391-5026]",Economic Notes,Applied economics,,,Economic Notes,ECON NOTES,[ECONOMICS]
"[0718-5286, 0304-2758]",Estudios de Economia,Applied economics,,,Estudios de Economia,ESTUD ECONOMIA,[ECONOMICS]
"[1873-5703, 0176-2680]",,,European Journal of Political Economy,Economics,European Journal of Political Economy,EUR J POLIT ECON,[ECONOMICS]
"[1873-5681, 0263-2373]",European Management Journal,"COMMERCE, MANAGEMENT, TOURISM AND SERVICES",European Management Journal,Gen & Strat,European Management Journal,EUR MANAG J,"[BUSINESS, MANAGEMENT]"
"[1755-053X, 0046-3892]",Financial Management,"Banking, finance and investment",Financial Management,F&A,FINANCIAL MANAGEMENT,FINANC MANAGE,"['BUSINESS, FINANCE']"
"[1540-6288, 0732-8516]",The Financial Review (Statesboro),"Banking, finance and investment",Financial Review,F&A,FINANCIAL REVIEW,FINANC REV,"['BUSINESS, FINANCE']"
[0017-8012],Harvard Business Review,"Strategy, management and organisational behaviour",Harvard Business Review,Gen & Strat,HARVARD BUSINESS REVIEW,HARVARD BUS REV,"[BUSINESS, MANAGEMENT]"
"[1099-1050, 1057-9230]",,,Health Economics (United Kingdom),Economics,HEALTH ECONOMICS,HEALTH ECON,[ECONOMICS]
"[1558-0040, 0018-9391]",,,IEEE Transactions on Engineering Management,"OR,MS,POM",IEEE TRANSACTIONS ON ENGINEERING MANAGEMENT,IEEE T ENG MANAGE,"[BUSINESS, MANAGEMENT]"
"[1743-517X, 1016-8737]",International Economic Journal,Applied economics,,,INTERNATIONAL ECONOMIC JOURNAL,INT ECON J,[ECONOMICS]
"[1468-2354, 0020-6598]",International Economic Review,Applied economics,International Economic Review,Economics,INTERNATIONAL ECONOMIC REVIEW,INT ECON REV,[ECONOMICS]
"[1742-7363, 1742-7355]",International Journal of Economic Theory,Applied economics,,,International Journal of Economic Theory,INT J ECON THEORY,[ECONOMICS]
"[1757-5877, 1363-9196]",International Journal of Innovation Management,Business systems in context,International Journal of Innovation Management,Innovation,International Journal of Innovation Management,INT J INNOV MANAG,[MANAGEMENT]
"[1741-8100, 1477-5212]",International Journal of Internet Marketing and Advertising,Marketing,,,INTERNATIONAL JOURNAL OF INTERNET MARKETING AND ADVERTISING,INT J INTERNET MARK,[BUSINESS]
"[1753-6723, 1753-6715]",International Journal of Managerial and Financial Accounting,"Accounting, auditing and accountability",,,International Journal of Managerial and Financial Accounting,INT J MANAG FINANC A,"['BUSINESS, FINANCE']"
"[2232-1608, 2180-2467]",International Journal of Management Studies,"Strategy, management and organisational behaviour",,,International Journal of Management Studies,INT J MANAG STUD,[MANAGEMENT]
"[1758-664X, 0960-0035]",International Journal of Physical Distribution and Logistics Management,"Transportation, logistics and supply chains",International Journal of Physical Distribution and Logistics,"MOR,MS,POM",INTERNATIONAL JOURNAL OF PHYSICAL DISTRIBUTION & LOGISTICS MANAGEMENT,INT J PHYS DISTR LOG,[MANAGEMENT]
"[1758-6666, 0951-3558]",,,International Journal of Public Sector Management,PSM,International Journal of Public Sector Management,INT J PUBLIC SECT MA,[MANAGEMENT]
"[1756-6703, 1756-669X]",International Journal of Quality and Service Sciences,"Strategy, management and organisational behaviour",,,International Journal of Quality and Service Sciences,INT J QUAL SERV SCI,[MANAGEMENT]
"[1793-6322, 0219-0249]",,,International Journal of Theoretical and Applied Finance,F&A,International Journal of Theoretical and Applied Finance,INT J THEOR APPL FIN,"['BUSINESS, FINANCE']"
"[2213-2988, 2213-297X]",Journal of Co-operative Organization and Management,"Strategy, management and organisational behaviour",,,Journal of Co-operative Organization and Management,J CO-OP ORGAN MANAG,[MANAGEMENT]
"[1537-5277, 0093-5301]",Journal of Consumer Research,Marketing,Journal of Consumer Research,Marketing,JOURNAL OF CONSUMER RESEARCH,J CONSUM RES,[BUSINESS]
"[1793-706X, 1084-9467]",Journal of Developmental Entrepreneurship,"Strategy, management and organisational behaviour",,,Journal of Developmental Entrepreneurship,J DEV ENTREP,[BUSINESS]
"[2077-1886, 2218-0648]","Journal of Economics, Finance and Administrative Science",Applied economics,,,Journal of Economics Finance and Administrative Science,J ECON FINANC ADM SC,[ECONOMICS]
"[1944-7965, 0895-3309]",Journal of Economic Perspectives,Applied economics,Journal of Economic Perspectives,Economics,JOURNAL OF ECONOMIC PERSPECTIVES,J ECON PERSPECT,[ECONOMICS]
"[1526-6133, 1938-9027]",,,Journal of Electronic Commerce Research,"MIS, KM",Journal of Electronic Commerce Research,J ELECTRON COMMER RE,[BUSINESS]
"[1879-1727, 0927-5398]",Journal of Empirical Finance,"Banking, finance and investment",Journal of Empirical Finance,F&A,Journal of Empirical Finance,J EMPIR FINANC,"[ECONOMICS, 'BUSINESS, FINANCE']"
"[2299-7326, 2299-7075]","Journal of Entrepreneurship, Management and Innovation",Human resources and industrial relations,,,Journal of Entrepreneurship Management and Innovation,J ENTREP MANAG INNOV,[BUSINESS]
"[1741-0983, 1472-5967]",Journal of Facilities Management,"Strategy, management and organisational behaviour",,,Journal of Facilities Management,J FACIL MANAG,[MANAGEMENT]
"[1756-6916, 0022-1090]",Journal of Financial and Quantitative Analysis,"Accounting, auditing and accountability",Journal of Financial and Quantitative Analysis,F&A,JOURNAL OF FINANCIAL AND QUANTITATIVE ANALYSIS,J FINANC QUANT ANAL,"[ECONOMICS, 'BUSINESS, FINANCE']"
"[1740-0279, 1358-1988]",Journal of Financial Regulation and Compliance,"Accounting, auditing and accountability",,,Journal of Financial Regulation and Compliance,J FINANC REGUL COMPL,"['BUSINESS, FINANCE']"
"[1475-6803, 0270-2592]",Journal of Financial Research,"Accounting, auditing and accountability",Journal of Financial Research,F&A,JOURNAL OF FINANCIAL RESEARCH,J FINANC RES-US,"['BUSINESS, FINANCE']"
"[1540-4102, 1045-4446]","Journal of Food Products Marketing: innovations in food advertising, food promotion, food publicity, food sales promotion",Marketing,,,JOURNAL OF FOOD PRODUCTS MARKETING,J FOOD PROD MARK,[BUSINESS]
"[1755-7518, 1755-750X]",Journal of Historical Research in Marketing,Marketing,,,Journal of Historical Research in Marketing,J HIST RES MARKETING,[BUSINESS]
"[1558-7959, 0888-7985]",,,Journal of Information Systems,F&A,JOURNAL OF INFORMATION SYSTEMS,J INF SYST,"['BUSINESS, FINANCE']"
"[2522-0691, 2522-0705]",,,Journal of International Business Policy,IB,Journal of International Business Policy,J INT BUS POLICY,[BUSINESS]
"[1467-646X, 0954-1314]",Journal of International Financial Management and Accounting,"Accounting, auditing and accountability",Journal of International Financial Management and Accou,nF&A,Journal of International Financial Management & Accounting,J INT FIN MANAG ACC,"['BUSINESS, FINANCE']"
"[2327-0039, 2327-0012]",Journal of Management Analytics,Business systems in context,,,Journal of Management Analytics,J MANAG ANAL,"[BUSINESS, MANAGEMENT]"
"[2191-477X, 2191-4761]",Journal of Management Control,"Accounting, auditing and accountability",Journal of Management Control,F&A,Journal of Management Control,J MANAG CONTROL,[MANAGEMENT]
"[1758-7778, 0268-3946]",,,Journal of Managerial Psychology,"OS/OB,HRM/IR",Journal of Managerial Psychology,J MANAGE PSYCHOL,[MANAGEMENT]
"[2054-1643, 1061-0421]",Journal of Product and Brand Management,Marketing,Journal of Product and Brand Management,Marketing,Journal of Product and Brand Management,J PROD BRAND MANAG,"[BUSINESS, MANAGEMENT]"
"[1873-3271, 0022-4359]",Journal of Retailing,Marketing,Journal of Retailing,Marketing,JOURNAL OF RETAILING,J RETAILING,[BUSINESS]
"[2331-2947, 1526-5943]",The Journal of Risk Finance,"Banking, finance and investment",,,Journal of Risk Finance,J RISK FINANC,"['BUSINESS, FINANCE']"
"[1539-6975, 0022-4367]",Journal of Risk and Insurance,"Banking, finance and investment",Journal of Risk and Insurance,F&A,JOURNAL OF RISK AND INSURANCE,J RISK INSUR,"[ECONOMICS, 'BUSINESS, FINANCE']"
"[1543-270X, 0888-4773]",Journal of Sport Management,Commercial services,Journal of Sport Management,Gen & Strat,JOURNAL OF SPORT MANAGEMENT,J SPORT MANAGE,[MANAGEMENT]
[2059-190X],Journal of Tax Administration,"Accounting, auditing and accountability",,,Journal of Tax Administration,J TAX ADM,"['BUSINESS, FINANCE']"
"[1873-1236, 0966-6923]",,,Journal of Transport Geography,"OR,MS,POM",Journal of Transport Geography,J TRANSP GEOGR,"[ECONOMICS, TRANSPORTATION]"
"[1543-8325, 0023-7639]",Land Economics: a quarterly journal devoted to the study of economic and social institutions,Applied economics,Land Economics,Economics,LAND ECONOMICS,LAND ECON,[ECONOMICS]
"[1873-1872, 0024-6301]",Long Range Planning,"Strategy, management and organisational behaviour",Long Range Planning,Gen & Strat,LONG RANGE PLANNING,LONG RANGE PLANN,"[BUSINESS, MANAGEMENT]"
"[1099-1468, 0143-6570]",Managerial and Decision Economics: the international journal of research and progress in management economics,"Banking, finance and investment",Managerial and Decision Economics,Economics,MANAGERIAL AND DECISION ECONOMICS,MANAG DECIS ECON,"[ECONOMICS, MANAGEMENT]"
"[2040-8277, 2040-8269, 1758-6135, 0140-9174]",Management Research Review: Communication of emergent international management research,Human resources and industrial relations,,,Management Research Review,MANAG RES REV,[MANAGEMENT]
"[1467-9957, 1463-6786]",The Manchester School,"Banking, finance and investment",Manchester School,Economics,MANCHESTER SCHOOL,MANCH SCH,[ECONOMICS]
"[1095-9920, 0749-5978]",,,Organizational Behavior and Human Decision Processes,"OS/OB,HRM/IR",ORGANIZATIONAL BEHAVIOR AND HUMAN DECISION PROCESSES,ORGAN BEHAV HUM DEC,[MANAGEMENT]
"[2345-0037, 2029-4581]",Organizations and Markets in Emerging Economies,"Strategy, management and organisational behaviour",,,Organizations and Markets in Emerging Economies,ORGAN MARKET EMERG E,[ECONOMICS]
"[1461-7323, 1350-5084]",,,Organization,"OS/OB,HRM/IR",ORGANIZATION,ORGANIZATION,[MANAGEMENT]
"[1744-6570, 0031-5826]",,,Personnel Psychology,"OS/OB,HRM/IR",PERSONNEL PSYCHOLOGY,PERS PSYCHOL,[MANAGEMENT]
"[1471-9045, 1471-9037]",,,Public Management Review,PSM,Public Management Review,PUBLIC MANAG REV,[MANAGEMENT]
"[2575-6222, 1068-6967]",Quality Management Journal,"Strategy, management and organisational behaviour",,,Quality Management Journal,QUAL MANAG J,[MANAGEMENT]
"[2210-5409, 2210-5395]",Research in Transportation Business and Management,"Transportation, logistics and supply chains",,,Research in Transportation Business and Management,RES TRANSP BUS MANAG,"[BUSINESS, MANAGEMENT, TRANSPORTATION]"
"[1465-7368, 0893-9454]",The Review of Financial Studies,"Banking, finance and investment",Review of Financial Studies,F&A,REVIEW OF FINANCIAL STUDIES,REV FINANC STUD,"[ECONOMICS, 'BUSINESS, FINANCE']"
"[1610-2886, 1610-2878]",Review of World Economics,"Banking, finance and investment",Review of World Economics,Economics,REVIEW OF WORLD ECONOMICS,REV WORLD ECON,[ECONOMICS]
"[1540-6296, 1098-1616]",Risk Management and Insurance Review,"Banking, finance and investment",,,RISK MANAGEMENT AND INSURANCE REVIEW,RISK MANAG INSUR REV,"[ECONOMICS, 'BUSINESS, FINANCE']"
"[2376-3981, 1029-1954]",South African Journal of Accounting Research,"Accounting, auditing and accountability",,,South African Journal of Accounting Research,S AFR J ACCOUNT RES,"['BUSINESS, FINANCE']"
"[1467-9485, 0036-9292]",Scottish Journal of Political Economy,"Banking, finance and investment",Scottish Journal of Political Economy,Economics,SCOTTISH JOURNAL OF POLITICAL ECONOMY,SCOT J POLIT ECON,[ECONOMICS]
"[2204-230X, 1321-5906, 1175-0979]",Small Enterprise Research,Marketing,,,Small Enterprise Research,SMALL ENTERP RES,[BUSINESS]
[0041-1655],,,Transportation Science,"OR,MS,POM",TRANSPORTATION SCIENCE,TRANSPORT SCI,[TRANSPORTATION]
"[2522-9745, 2074-5354]",,,,,Academy Review,ACAD REV,"[ECONOMICS, MANAGEMENT, 'BUSINESS, FINANCE']"
"[1724-2118, 1592-6117]",,,,,Aestimum,AESTIMUM,[ECONOMICS]
[2667-1115],,,,,Asia and the Global Economy,ASIA GLOB ECON,[ECONOMICS]
[2180-3838],,,,,Asian Journal of Accounting and Governance,ASIAN J ACCOUNT GOV,"['BUSINESS, FINANCE']"
"[2280-6172, 2280-6180]",,,,,Bio-based and Applied Economics,BIO-BASED APPL ECON,[ECONOMICS]
[2572-3170],,,,,Business Strategy and Development,BUS STRATEGY DEV,[BUSINESS]
"[1752-1386, 1752-1378]",,,,,Cambridge Journal of Regions Economy and Society,CAMB J REG ECON SOC,[ECONOMICS]
"[1911-9917, 0317-0861]",,,,,CANADIAN PUBLIC POLICY-ANALYSE DE POLITIQUES,CAN PUBLIC POL,[ECONOMICS]
"[1989-6816, 0213-8093]",,,,,CIRIEC-Espana Revista de Economia Publica Social y Cooperativa,CIRIEC,[ECONOMICS]
"[2082-6737, 1508-2008]",,,,,Comparative Economic Research-Central and Eastern Europe,COMP ECON RES,[ECONOMICS]
"[2052-7772, 2052-7764]",,,,,European Journal of Economics and Economic Policies-Intervention,EUR J ECON ECON POLI,[ECONOMICS]
"[1572-9990, 0929-1261]",,,,,European Journal of Law and Economics,EUR J LAW ECON,[ECONOMICS]
"[1466-4372, 1354-5701]",,,,,FEMINIST ECONOMICS,FEM ECON,[ECONOMICS]
"[1838-6318, 1037-0196]",,,,,History of Economics Review,HIST ECON REV,[ECONOMICS]
"[2157-9318, 2157-930X]",,,,,Innovation and Development,INNOV DEV,[ECONOMICS]
"[1099-1107, 1180-0518]",,,,,International Insolvency Review,INT INSOLV REV,"['BUSINESS, FINANCE']"
"[2424-7944, 2424-7863]",,,,,International Journal of Financial Engineering,INT J FINANC ENG,"['BUSINESS, FINANCE']"
"[1935-5734, 1935-5726]",,,,,International Journal of Information Systems and Supply Chain Management,INT J INF SYST SUPPL,[MANAGEMENT]
[2318-9975],,,,,International Journal of Innovation,INT J INNOV,[BUSINESS]
"[1492-9767, 1492-9759]",,,,,International Productivity Monitor,INT PRODUCT MONIT,[ECONOMICS]
"[2340-3373, 1698-6989]",,,,,Investigaciones de Historia Economica,INVESTIG HIST ECON,[ECONOMICS]
"[1471-0366, 1471-0358]",,,,,Journal of Agrarian Change,J AGRAR CHANGE,[ECONOMICS]
"[2336-9205, 1800-9581]",,,,,Journal of Central Banking Theory and Practice,J CENT BANK THEOR PR,"['BUSINESS, FINANCE']"
"[1573-0700, 0168-7034]",,,,,JOURNAL OF CONSUMER POLICY,J CONSUM POLICY,[BUSINESS]
"[2042-6755, 2042-6747]",,,,,Journal of Humanitarian Logistics and Supply Chain Management,J HUMANIT LOGIST SUP,[MANAGEMENT]
"[1995-5235, 2310-8789]",,,,,Journal of Transport and Supply Chain Management,J TRANSP SUPPLY CHAI,[MANAGEMENT]
"[2318-0722, 1414-0896]",,,,,Revista Ciencias Administrativas,REV CIENC ADM,[MANAGEMENT]
[0718-5693],,,,,Revista Gestion de las Personas y Tecnologia,REV GEST PERSONAS TE,[MANAGEMENT]
"[2389-8194, 2389-8186]",,,,,Revista Perspectiva Empresarial,REV PERSPECT EMPERSA,[BUSINESS]
"[1135-6618, 1885-8031]",,,,,REVESCO-Revista de Estudios Cooperativos,REVESCO-REV ESTUD CO,[ECONOMICS]
[1980-5160],,,,,Sistemas & Gestao,SIST GEST,[MANAGEMENT]
"[2444-9709, 2444-9695]",,,,,Spanish Journal of Marketing-ESIC,SPAN J MARK-ESIC,"[BUSINESS, MANAGEMENT]"
"[2040-803X, 2040-8021]",,,,,Sustainability Accounting Management and Policy Journal,SUSTAIN ACCOUNT MANA,"['BUSINESS, FINANCE', MANAGEMENT]"
"[1099-1743, 1092-7026]",,,,,SYSTEMS RESEARCH AND BEHAVIORAL SCIENCE,SYST RES BEHAV SCI,[MANAGEMENT]
"[1475-3138, 1474-7456]",,,,,World Trade Review,WORLD TRADE REV,[ECONOMICS]
[1989-9068],,,,,WPOM-Working Papers on Operations Management,WPOM-WORKING PAP OPE,[BUSINESS]
"[1747-3616, 1758-7212]",,,,,Young Consumers,YOUNG CONSUM,[BUSINESS]
"[1949-0461, 1084-1806]",Administrative Theory and Praxis: a quarterly journal of dialogue in public administration theory,"Strategy, management and organisational behaviour",,,,,
"[1945-5089, 1059-6038, 0031-5702]",HR focus: the hands-on tool for human resources professionals,Human resources and industrial relations,,,,,
"[1474-3884, 1468-1838]",World Economics: the journal of current economic analysis and policy,Applied economics,,,,,
[1382-340X],,,International Negotiation,"OS/OB,HRM/IR",,,
"[1469-5782, 0964-5292]",Education Economics,Applied economics,,,,,
"[1226-4261, 1226-2153]",Journal of Economic Research,Applied economics,,,,,
"[1793-6675, 0219-1989]",International Game Theory Review,Economic theory,,,,,
[2397-3374],,,Nature Human Behavior,"OS/OB,HRM/IR",,,
"[1509-3727, 1505-4683]",Economic Sciences,Applied economics,,,,,
[1536-9323],,,Journal of the Association for Information Systems,"MIS, KM",,,
[0313-6647],,,Australian Journal of Public Administration,PSM,,,
[1049-3301],,,ACM Transactions on Modeling and Computer Simulation,"MIS, KM",,,
"[1753-0679, 1753-0660]",International Journal of Innovation and Regional Development,"Strategy, management and organisational behaviour",,,,,
[1083-9798],Journal of Emerging Markets,"COMMERCE, MANAGEMENT, TOURISM AND SERVICES",,,,,
"[1740-8857, 1740-8849]",International Journal of Services and Standards,Commercial services,,,,,
"[1935-9683, 1548-6583]",Journal of Modern Accounting and Auditing,"Accounting, auditing and accountability",,,,,
"[2291-6830, 2291-6822]",Uncertain Supply Chain Management,"Transportation, logistics and supply chains",,,,,
[0013-0567],Economies et Societes,Applied economics,,,,,
"[1528-0098, 1528-008X]",Journal of Quality Assurance in Hospitality & Tourism,Commercial services,,,,,
"[1710-3991, 0001-771X]",Actualite Economique,Applied economics,,,,,
[1942-6879],"Journal of Unconventional Parks, Tourism, and Recreation Research",Tourism,,,,,
"[1092-8057, 0899-5141]",Cost Management,"Accounting, auditing and accountability",,,,,
"[1741-5241, 1466-8297]",International Journal of Risk Assessment and Management,"Banking, finance and investment",,,,,
[0971-5428],South Asian Journal of Management,Human resources and industrial relations,,,,,
[0873-2949],Revista Portuguesa de Marketing,Marketing,,,,,
"[1477-6421, 1475-3928]",Journal of Customer Behavior,Marketing,,,,,
[0735-2476],Southern Business and Economic Journal,Applied economics,,,,,
[0047-0724],International Journal of Government Auditing,"Accounting, auditing and accountability",,,,,
"[1970-9498, 1826-0373]",Economia e Diritto Agroalimentare,Applied economics,,,,,
"[1740-2883, 1740-2875]",International Journal of Learning and Change,Human resources and industrial relations,,,,,
[0338-4551],,,Revue Francaise de Gestion,Gen & Strat,,,
[0740-817X],,,IISE Transactions (Institute of Industrial Engineers),"MIS, KM",,,
"[2009-2822, 1649-2269]",International Journal of Entrepreneurship Education,Human resources and industrial relations,,,,,
"[1939-6104, 1544-1458]",Academy of Strategic Management Journal,"Strategy, management and organisational behaviour",,,,,
"[1753-3635, 1753-3627]",International Journal of Business and Globalisation,"Strategy, management and organisational behaviour",,,,,
"[2378-8526, 1555-4015]",European Journal of Management,"Strategy, management and organisational behaviour",,,,,
"[1741-5284, 1470-6075]",International Journal of Technology Transfer and Commercialisation,Business systems in context,,,,,
"[1861-1559, 0340-1707]",Quarterly Journal of Economic Research,"Banking, finance and investment",,,,,
[1534-6668],"Journal of Applied Finance: theory, practice, education","Accounting, auditing and accountability",,,,,
"[0974-0198, 0972-2696]",Global Journal of Flexible Systems Management,Human resources and industrial relations,,,,,
"[2332-421X, 0093-3961]",Journal of Financial Education,"Accounting, auditing and accountability",,,,,
[0301-4797],,,Journal of Environmental Management,Economics,,,
"[2463-4522, 1178-8933]",Asian Journal of Business Research,"COMMERCE, MANAGEMENT, TOURISM AND SERVICES",,,,,
"[1444-0954, 1326-8481]",Asia Pacific Journal of Economics and Business,"COMMERCE, MANAGEMENT, TOURISM AND SERVICES",,,,,
[0004-5411],,,Journal of the ACM,"MIS, KM",,,
[1838-8485],e-Journal of Social and Behavioural Research in Business,"Strategy, management and organisational behaviour",,,,,
"[2169-2610, 0827-6331]",Journal of Small Business and Entrepreneurship,Human resources and industrial relations,,,,,
[1552-2903],Journal of International Business Strategy,Human resources and industrial relations,,,,,
[0950-7051],,,Knowledge-Based Systems,"MIS, KM",,,
"[1800-7473, 1800-6450]",International Journal for Quality Research,"COMMERCE, MANAGEMENT, TOURISM AND SERVICES",,,,,
[1473-8376],"Journal of Hospitality, Leisure, Sports and Tourism Education",Tourism,,,,,
[1175-8007],New Zealand Journal of Applied Business Research,"Accounting, auditing and accountability",,,,,
[1046-8188],,,ACM Transactions on Information Systems,"MIS, KM",,,
[1940-204X],IMA Educational Case Journal,"Accounting, auditing and accountability",,,,,
[2146-4138],International Journal of Economics and Financial Issues,"Banking, finance and investment",,,,,
"[2055-592X, 2055-5911]",Journal of Tourism Futures,Tourism,,,,,
[2689-5587],The Journal of Scientific Practice and Integrity,Human resources and industrial relations,,,,,
[1046-1469],Journal of the Transportation Research Forum,"Transportation, logistics and supply chains",,,,,
[1088-1980],,,Journal of Industrial Ecology,Economics,,,
"[1753-1810, 1753-1802]",Journal of Securities Operations and Custody,"Banking, finance and investment",,,,,
[0791-9638],Irish Accounting Review,"Accounting, auditing and accountability",,,,,
[0033-3298],,,Public Administration,PSM,,,
"[1558-7967, 0001-4826]",The Accounting Review,"Accounting, auditing and accountability",Accounting Review,F&A,ACCOUNTING REVIEW,ACCOUNT REV,"['BUSINESS, FINANCE']"
"[2550-1631, 1675-3194]",Asia-Pacific Management Accounting Journal,"Accounting, auditing and accountability",,,Asia-Pacific Management Accounting Journal,ASIA-PAC MANAG ACCOU,"['BUSINESS, FINANCE']"
"[1758-4116, 1463-7154]",,,Business Process Management Journal,"OR,MS,POM",Business Process Management Journal,BUS PROCESS MANAG J,"[BUSINESS, MANAGEMENT]"
"[2162-8564, 0008-1256]",California Management Review,"Strategy, management and organisational behaviour",California Management Review,Gen & Strat,CALIFORNIA MANAGEMENT REVIEW,CALIF MANAGE REV,"[BUSINESS, MANAGEMENT]"
"[2214-1421, 1755-3091]",China Journal of Accounting Research,"Accounting, auditing and accountability",,,China Journal of Accounting Research,CHINA J ACCOUNT RES,"['BUSINESS, FINANCE']"
"[1911-3846, 0823-9150]",Contemporary Accounting Research,"Accounting, auditing and accountability",Contemporary Accounting Research,F&A,CONTEMPORARY ACCOUNTING RESEARCH,CONTEMP ACCOUNT RES,"['BUSINESS, FINANCE']"
"[1476-8267, 1024-2694]",Defence and Peace Economics,"Banking, finance and investment",,,DEFENCE AND PEACE ECONOMICS,DEFENCE PEACE ECON,[ECONOMICS]
"[1468-0289, 0013-0117]",,,Economic History Review,Bus Hist,ECONOMIC HISTORY REVIEW,ECON HIST REV,[ECONOMICS]
"[1464-5114, 0898-5626]",Entrepreneurship and Regional Development,"Strategy, management and organisational behaviour",Entrepreneurship and Regional Development,Entrep,ENTREPRENEURSHIP AND REGIONAL DEVELOPMENT,ENTREP REGION DEV,[BUSINESS]
"[1758-7107, 0955-534X, 0953-1432]",European Business Review (Bingley),Marketing,European Business Review,Gen & Strat,European Business Review,EUR BUS REV,[BUSINESS]
"[1758-888X, 1450-2194]",EuroMed Journal of Business,Marketing,,,EuroMed Journal of Business,EUROMED J BUS,[BUSINESS]
"[1741-6248, 0894-4865]",Family Business Review,Human resources and industrial relations,Family Business Review,"OS/OB,HRM/IR",Family Business Review,FAM BUS REV,[BUSINESS]
"[1873-6378, 0016-3287]",,,Futures,Innovation,Futures,FUTURES,[ECONOMICS]
"[2169-3420, 1086-1653]",The Independent Review: a journal of political economy,Applied economics,,,Independent Review,INDEP REV,[ECONOMICS]
"[1873-7919, 1471-7727]",,,Information and Organization,F&A,Information and Organization,INFORM ORGAN-UK,[MANAGEMENT]
"[2213-3933, 1094-4060]",The International Journal of Accounting,"Accounting, auditing and accountability",International Journal of Accounting Information Systems,F&A,International Journal of Accounting,INT J ACCOUNT,"['BUSINESS, FINANCE']"
"[1741-8054, 1476-1297]",International Journal of Entrepreneurship and Small Business,Business systems in context,,,International Journal of Entrepreneurship & Small Business,INT J ENTREP SMALL B,"[BUSINESS, MANAGEMENT]"
"[1742-5379, 1742-5360]",International Journal of Entrepreneurial Venturing,Business systems in context,,,International Journal of Entrepreneurial Venturing,INT J ENTREP VENTUR,[MANAGEMENT]
"[1873-4634, 0263-7863]",,,International Journal of Project Management,"OR,MS,POM",INTERNATIONAL JOURNAL OF PROJECT MANAGEMENT,INT J PROJ MANAG,[MANAGEMENT]
"[0378-5599, 0378-5548, 1564-913X, 0020-7780]",International Labour Review,Human resources and industrial relations,International Labour Review,"OS/OB,HRM/IR",INTERNATIONAL LABOUR REVIEW,INT LABOUR REV,[ECONOMICS]
"[1558-0911, 0020-8825]",International Studies of Management and Organization,Human resources and industrial relations,International Studies of Management and Organization,IB,INTERNATIONAL STUDIES OF MANAGEMENT & ORGANIZATION,INT STUD MANAG ORG,[MANAGEMENT]
"[1521-0545, 0885-3908]",The International Trade Journal,"Banking, finance and investment",,,International Trade Journal,INT TRADE J,[ECONOMICS]
"[2345-3745, 2008-7055]",Iranian Journal of Management Studies,"Strategy, management and organisational behaviour",,,Iranian Journal of Management Studies,IRAN J MANAG STUD,[MANAGEMENT]
"[2042-1176, 2042-1168]",Journal of Accounting in Emerging Economies,"Accounting, auditing and accountability",,,Journal of Accounting in Emerging Economies,J ACCOUNT EMERG ECON,"['BUSINESS, FINANCE']"
"[1537-2707, 0735-0015]",,,Journal of Business and Economic Statistics,Economics,JOURNAL OF BUSINESS & ECONOMIC STATISTICS,J BUS ECON STAT,[ECONOMICS]
"[1095-7227, 0147-5967]",Journal of Comparative Economics,Applied economics,Journal of Comparative Economics,Economics,JOURNAL OF COMPARATIVE ECONOMICS,J COMP ECON,[ECONOMICS]
"[1755-2850, 1460-1559]",,,Journal of Computational Finance,F&A,Journal of Computational Finance,J COMPUT FINANC,"['BUSINESS, FINANCE']"
"[1479-1838, 1472-0817]",Journal of Consumer Behaviour: an international research review,Marketing,Journal of Consumer Behaviour,Marketing,Journal of Consumer Behaviour,J CONSUM BEHAV,[BUSINESS]
"[1879-1751, 0167-2681]",Journal of Economic Behavior and Organization,"Banking, finance and investment",Journal of Economic Behavior and Organization,Economics,JOURNAL OF ECONOMIC BEHAVIOR & ORGANIZATION,J ECON BEHAV ORGAN,[ECONOMICS]
"[1756-3615, 1756-3607]",The Journal of Energy Markets,"Banking, finance and investment",,,Journal of Energy Markets,J ENERGY MARKETS,[ECONOMICS]
"[1947-7910, 1052-3073]",Financial Counseling and Planning,"Banking, finance and investment",,,Journal of Financial Counseling and Planning,J FINANC COUNS PLAN,"[ECONOMICS, BUSINESS]"
"[1096-9934, 0270-7314]",Journal of Futures Markets,"Banking, finance and investment",Journal of Futures Markets,F&A,JOURNAL OF FUTURES MARKETS,J FUTURES MARKETS,"['BUSINESS, FINANCE']"
"[2049-8802, 2049-8799]",Journal of Global Mobility: The Home of Expatriate Management Research,Human resources and industrial relations,Journal of Global Mobility,HRM/IR,Journal of Global Mobility-The Home of Expatriate Management Research,J GLOB MOBIL,[MANAGEMENT]
"[1936-8631, 1936-8623]",Journal of Hospitality Marketing and Management,Commercial services,Journal of Hospitality Marketing and Management,Tourism,Journal of Hospitality Marketing & Management,J HOSP MARKET MANAG,"[BUSINESS, MANAGEMENT]"
"[1873-0620, 1075-4253]",Journal of International Management,Human resources and industrial relations,Journal of International Management,IB,Journal of International Management,J INT MANAG,[MANAGEMENT]
"[2168-8613, 1068-0896]",The Journal of Investing,"Banking, finance and investment",,,Journal of Investing,J INVEST,"['BUSINESS, FINANCE']"
"[1099-1379, 0894-3796]",,,Journal of Organizational Behavior,"OS/OB,HRM/IR",JOURNAL OF ORGANIZATIONAL BEHAVIOR,J ORGAN BEHAV,"[BUSINESS, MANAGEMENT]"
"[1758-7816, 0953-4814]",Journal of Organizational Change Management,Human resources and industrial relations,Journal of Organizational Change Management,Gen & Strat,JOURNAL OF ORGANIZATIONAL CHANGE MANAGEMENT,J ORGAN CHANGE MANAG,[MANAGEMENT]
"[2051-6622, 2051-6614]",Journal of Organizational Effectiveness: People and Performance,Human resources and industrial relations,,,Journal of Organizational Effectiveness-People and Performance,J ORGAN EFF-PEOPLE P,[MANAGEMENT]
"[1467-9779, 1097-3923]",Journal of Public Economic Theory,Applied economics,Journal of Public Economic Theory,Economics,Journal of Public Economic Theory,J PUBLIC ECON THEORY,[ECONOMICS]
"[1757-5826, 1757-5818, 0956-4233]",Journal of Service Management,Marketing,Journal of Service Management,"OR,MS,POM",Journal of Service Management,J SERV MANAGE,[MANAGEMENT]
"[1552-7379, 1094-6705]",Journal of Service Research,Commercial services,Journal of Service Research,Marketing,JOURNAL OF SERVICE RESEARCH,J SERV RES-US,[BUSINESS]
"[1755-4268, 1755-425X]",Journal of Strategy and Management,Human resources and industrial relations,,,Journal of Strategy and Management,J STRATEGY MANAG,[MANAGEMENT]
"[1754-5951, 0022-5258]",Journal of Transport Economics and Policy,"Transportation, logistics and supply chains",Journal of Transport Economics and Policy,Economics,JOURNAL OF TRANSPORT ECONOMICS AND POLICY,J TRANSP ECON POLICY,"[ECONOMICS, TRANSPORTATION]"
"[1511-4554, 0126-5350]",Malaysian Journal of Economic Studies,Applied economics,,,Malaysian Journal of Economic Studies,MALAYS J ECON STUD,[ECONOMICS]
"[2069-8887, 1842-0206]",Management and Marketing,Marketing,,,Management & Marketing,MANAG MARK,[BUSINESS]
"[1540-1979, 1540-1960]",,,MIS Quarterly Executive,"MIS, KM",MIS Quarterly Executive,MIS Q EXEC,[MANAGEMENT]
"[1532-9194, 1532-8937, 0019-848X]",MIT Sloan Management Review: MIT's journal of management research and ideas,Marketing,MIT Sloan Management Review,Gen & Strat,MIT SLOAN MANAGEMENT REVIEW,MIT SLOAN MANAGE REV,"[BUSINESS, MANAGEMENT]"
"[1617-9838, 1617-982X]",Portuguese Economic Journal,Applied economics,,,Portuguese Economic Journal,PORT ECON J,[ECONOMICS]
"[1531-4650, 0033-5533]",The Quarterly Journal of Economics,Applied economics,Quarterly Journal of Economics,Economics,QUARTERLY JOURNAL OF ECONOMICS,Q J ECON,[ECONOMICS]
"[1467-9396, 0965-7576]",Review of International Economics,"Banking, finance and investment",Review of International Economics,Economics,Review of International Economics,REV INT ECON,[ECONOMICS]
"[1873-3387, 0956-5221]",Scandinavian Journal of Management,Human resources and industrial relations,Scandinavian Journal of Management,Gen & Strat,Scandinavian Journal of Management,SCAND J MANAG,[MANAGEMENT]
"[1099-1727, 0883-7066]",System Dynamics Review,"Strategy, management and organisational behaviour",,,SYSTEM DYNAMICS REVIEW,SYST DYNAM REV,[MANAGEMENT]
"[1758-6860, 1352-7592]",Team Performance Management,Human resources and industrial relations,,,Team Performance Management,TEAM PERFORM MANAG,[MANAGEMENT]
"[2538-872X, 1648-4460]",Transformations in Business and Economics,"COMMERCE, MANAGEMENT, TOURISM AND SERVICES",,,Transformations in Business & Economics,TRANSFORM BUS ECON,"[ECONOMICS, BUSINESS]"
"[1873-5991, 0305-750X]",,,World Development,Economics,WORLD DEVELOPMENT,WORLD DEV,[ECONOMICS]
[2683-1007],,,,,ACCESS-Access to science business innovation in the digital economy,ACCESS-ACCESS SCI BU,"[ECONOMICS, BUSINESS, MANAGEMENT]"
"[2247-9104, 1582-9146]",,,,,Amfiteatru Economic,AMFITEATRU ECON,"[ECONOMICS, BUSINESS, MANAGEMENT]"
[1807-7692],,,,,Brazilian Administration Review,BRAZ ADM REV,"[BUSINESS, MANAGEMENT]"
"[1466-433X, 0144-6193]",,,,,Construction Management and Economics,CONSTR MANAG ECON,[BUSINESS]
"[2786-8958, 2616-7107]",,,,,Economics Ecology Socium,ECON ECOL SOC,"[ECONOMICS, BUSINESS]"
[2587-151X],,,,,Ekonomi Politika & Finans Arastirmalari Dergisi,EKON POLIT FINANS AR,"[ECONOMICS, 'BUSINESS, FINANCE']"
"[2193-9446, 2193-9438]",,,,,EURO Journal on Decision Processes,EURO J DECIS PROCESS,[MANAGEMENT]
"[2188-2096, 1349-4961]",,,,,Evolutionary and Institutional Economics Review,EVOL INST ECON REV,[ECONOMICS]
"[2500-2597, 1995-459X]",,,,,Foresight and STI Governance,FORESIGHT STI GOV,"[ECONOMICS, MANAGEMENT]"
"[2331-2327, 1562-3599]",,,,,International Journal of Construction Management,INT J CONSTR MANAG,[MANAGEMENT]
"[2345-6744, 2383-1103]",,,,,International Journal of Organizational Leadership,INT J ORGAN LEADERSH,[MANAGEMENT]
"[1097-0053, 1044-8136]",,,,,Journal of Corporate Accounting and Finance,J CORP ACCOUNT FINAN,"['BUSINESS, FINANCE']"
"[2212-8298, 2212-828X]",,,,,Journal of the Economics of Ageing,J ECON AGEING,[ECONOMICS]
"[1748-7889, 1748-7870]",,,,,Journal of Economic Policy Reform,J ECON POLICY REFORM,[ECONOMICS]
"[1618-1530, 1104-6899]",,,,,Journal of Forest Economics,J FOREST ECON,[ECONOMICS]
"[2412-6039, 2076-6297]",,,,,Journal of Institutional Studies,J INST STUD,[ECONOMICS]
"[1747-6763, 1549-9324]",,,,,Journal for International Business and Entrepreneurship Development,J INT BUS ENTREP DEV,[BUSINESS]
"[2589-5532, 2096-2320]",,,,,Journal of Management Science and Engineering,J MANAGE SCI ENG,"[ECONOMICS, 'BUSINESS, FINANCE', MANAGEMENT]"
"[1844-8208, 1843-2298]",,,,,Journal of Philosophical Economics,J PHILOS ECON,[ECONOMICS]
"[1943-9970, 1943-9962]",,,,,Journal of Transportation Safety & Security,J TRANSP SAF SECUR,[TRANSPORTATION]
"[2151-559X, 2151-5581]",,,,,Journal of Trust Research,J TRUST RES,[MANAGEMENT]
"[2196-6842, 0075-2800]",,,,,Jahrbuch Fur Wirtschaftsgeschichte,JB WIRTSCHAFTSGESCHI,[ECONOMICS]
"[1744-9367, 1744-9359]",,,,,Management & Organizational History,MANAG ORGAN HIST,[MANAGEMENT]
"[1469-9923, 1356-3467]",,,,,NEW POLITICAL ECONOMY,NEW POLIT ECON,[ECONOMICS]
"[2353-1827, 2083-1277]",,,,,Oeconomia Copernicana,OECON COPERNIC,[ECONOMICS]
[2081-7452],,,,,Polish Journal of Management Studies,POL J MANAG STUD,[MANAGEMENT]
"[1390-8618, 1390-6291]",,,,,Retos-Revista de Ciencias de la Administracion y Economia,RETOS-REV CIENC ADM,[ECONOMICS]
"[2398-6298, 2398-628X]",,,,,South Asian Journal of Business Studies,S ASIAN J BUS STUD,[BUSINESS]
"[2071-078X, 1683-7584]",,,,,SA Journal of Human Resource Management,SA J HUM RESOUR MANA,[MANAGEMENT]
[1225-0279],,,,,Seoul Journal of Economics,SEOUL J ECON,[ECONOMICS]
"[1538-957X, 1538-9588]",,,,,Traffic Injury Prevention,TRAFFIC INJ PREV,[TRANSPORTATION]
"[1524-4733, 1098-3015]",,,,,VALUE IN HEALTH,VALUE HEALTH,[ECONOMICS]
[2452-2929],,,,,World Development Perspectives,WORLD DEV PERSPECT,[ECONOMICS]
"[1846-7520, 1331-8004]",,,,,Zbornik Radova Ekonomskog Fakulteta u Rijeci-Proceedings of Rijeka Faculty of Economics,ZB RAD EKON FAK RIJE,[ECONOMICS]
"[2168-4820, 2168-4812]",International Journal of Finance and Accounting,"Accounting, auditing and accountability",,,,,
"[2157-0809, 1944-5903]",Business Education & Accreditation,"Strategy, management and organisational behaviour",,,,,
"[1853-8185, 0046-001X]",Desarrollo Economico: revista de ciencias sociales,"Banking, finance and investment",,,,,
"[1988-2572, 1131-8635]",Cuadernos de Relaciones Laborales,Human resources and industrial relations,,,,,
"[1461-7633, 0967-4969, 0967-0734]",Human Resource Management International Digest,Human resources and industrial relations,,,,,
"[1557-7554, 1096-3480]",Journal of Hospitality and Tourism Research,Commercial services,Journal of Hospitality and Tourism Research,Tourism,,,
[0070-3370],,,Demography,Economics,,,
[0007-1269],,,British Journal of Psychology,Psychology,,,
[0020-7063],,,International Journal of Accounting,F&A,,,
[1229-4659],,,International Review of Public Administration,PSM,,,
[1004-8308],R & D Management,"Strategy, management and organisational behaviour",,,,,
"[2456-1371, 0975-024X]",Purushartha: A Journal of Management Ethics and Spirituality,"Strategy, management and organisational behaviour",,,,,
[0958-9287],,,Journal of European Social Policy,PSM,,,
[0022-1546],,,Journal of Higher Education,Education,,,
"[2460-9196, 1410-8046]",Buletin Ekonomi Moneter Dan Perbankan,Applied economics,,,,,
"[1528-2686, 1087-9595]",Academy of Entrepreneurship Journal,"Strategy, management and organisational behaviour",,,,,
[0143-831X],,,Economic and Industrial Democracy,Economics,,,
"[1741-8143, 1477-9064]",International Journal of Management Practice,Human resources and industrial relations,,,,,
"[2056-6271, 1751-8202]",The Journal of Business and Retail Management Research,"Strategy, management and organisational behaviour",,,,,
"[1933-3463, 1933-3404]","African Journal of Accounting, Economics, Finance and Banking Research","Accounting, auditing and accountability",,,,,
[1548-0003],International Journal of Applied Economics,"Banking, finance and investment",,,,,
"[2640-8872, 0899-8620]","Journal of Consumer Satisfaction, Dissatisfaction and Complaining Behavior",Marketing,,,,,
"[1740-8016, 1740-8008]","International Journal of Accounting, Auditing and Performance Evaluation","Accounting, auditing and accountability",,,,,
[0972-9380],International Journal of Economic Research,Applied economics,,,,,
[2306-367X],"Journal of Emerging Issues in Economics, Finance and Banking","Banking, finance and investment",,,,,
"[1741-5187, 1462-4621]",International Journal of Management and Decision Making,Business systems in context,,,,,
"[1537-8039, 1537-8020]",Journal of Foodservice Business Research,Commercial services,,,,,
[0271-2075],,,Public Administration and Development,PSM,,,
[1555-0494],,,B.E. Journal of Economic Analysis and Policy,Economics,,,
"[1573-7128, 0889-3047]",The Review of Austrian Economics,Applied economics,,,,,
[1541-6518],Organization Management Journal,Human resources and industrial relations,,,,,
[1063-8016],,,Journal of Database Management,"MIS, KM",,,
[1053-7287],Journal of Global Business,Human resources and industrial relations,,,,,
"[1534-7524, 1520-4154]",The Journal of Wealth Management,"Accounting, auditing and accountability",,,,,
"[1751-2018, 1751-200X]",International Journal of Business and Systems Research,Business systems in context,,,,,
[0160-7383],,,Annals of Tourism Research,Tourism,,,
[0022-4065],,,Journal of Quality Technology,"MIS, KM",,,
[0020-7543],,,International Journal of Production Research,"OR,MS,POM",,,
"[2065-1198, 2065-0817]",GeoJournal of Tourism and Geosites,Tourism,,,,,
"[1753-7177, 1753-7169]","International Journal of Decision Sciences, Risk and Management","Strategy, management and organisational behaviour",,,,,
"[1741-5063, 1470-6067]",International Journal of Electronic Business,Business systems in context,,,,,
[2352-6734],Journal of Business Venturing Insights,"Strategy, management and organisational behaviour",Journal of Business Venturing Insights,Entrep,,,
[0305-0548],,,Computers and Operations Research,"OR,MS,POM",,,
[1386-9620],,,Health Care Management Science,"MIS, KM",,,
[1479-3598],Advances in Environmental Accounting and Management,"Accounting, auditing and accountability",,,,,
"[2722-2748, 1412-2073]",ASEAN Journal on Hospitality and Tourism,Tourism,,,,,
"[2588-6096, 1026-6542]",Iranian Economic Review,Applied economics,,,,,
"[2327-8455, 1535-7589, 1531-0930]",UNLV Gaming Research and Review Journal,Tourism,,,,,
[1478-7547],Cost Effectiveness and Resource Allocation,Applied economics,,,,,
[1052-5629],,,Journal of Management Education,Education,,,
[0143-6597],,,Third World Quarterly,Sociology,,,
[0047-259X],,,Journal of Multivariate Analysis,"OR,MS,POM",,,
[1002-8870],Chinese Rural Economy (Efik),Applied economics,,,,,
"[0718-6428, 0717-1811]",Gestion Turistica,Tourism,,,,,
"[1468-232X, 0019-8676]",Industrial Relations: a journal of economy and society,Human resources and industrial relations,Industrial Relations,"OS/OB,HRM/IR",,,
[0162-1459],,,Journal of the American Statistical Association,Economics,,,
[1449-8618],,,Australasian Journal of Information Systems,"MIS, KM",,,
[1947-5667],Global Business and Management Research: an International Journal,Human resources and industrial relations,,,,,
[0022-0221],,,Journal of Cross-Cultural Psychology,Psychology,,,
[0141-1926],,,British Educational Research Journal,Education,,,
[1463-1431],Journal of Selling and Major Account Management,Marketing,,,,,
"[1755-3849, 1755-3830]","International Journal of Banking, Accounting and Finance","Accounting, auditing and accountability",,,,,
[1474-7871],Advances in Management Accounting,"Accounting, auditing and accountability",Advances in Management Accounting,F&A,,,
[1529-3181],,,Communications of the Association for Information,"MIS, KM",,,
[1553-1392],Global Business and Economics Anthology,"Banking, finance and investment",,,,,
[0872-8496],Euro Asia Journal of Management,Human resources and industrial relations,,,,,
"[1804-6290, 1801-0938]",New Perspectives on Political Economy,"Banking, finance and investment",,,,,
[1302-8545],Journal of Travel and Tourism Research,Tourism,,,,,
[0023-6942],,,Labour History,Gen & Strat,,,
[1348-9364],Japan Labor Review,Human resources and industrial relations,,,,,
"[2378-864X, 1555-6336]",Journal of International Finance and Economics,"Banking, finance and investment",,,,,
[1096-1879],Multinational Finance Journal,"Banking, finance and investment",,,,,
[0081-4776],Journal of the Statistical and Social Inquiry Society of Ireland,Applied economics,,,,,
[1528-5014],Journal of Business and Economic Perspectives,"COMMERCE, MANAGEMENT, TOURISM AND SERVICES",,,,,
"[1741-8771, 1741-8763]",International Journal of Business Process Integration and Management,Business systems in context,,,,,
[1059-1478],,,Production and Operations Management,"OR,MS,POM",,,
[0032-2687],,,Policy Sciences,PSM,,,
[0144-5596],,,Social Policy and Administration,PSM,,,
[1062-7375],,,Journal of Global Information Management,"MIS, KM",,,
"[1467-8381, 1351-3958]",Asian Economic Journal,Applied economics,,,Asian Economic Journal,ASIAN ECON J,[ECONOMICS]
"[1573-9678, 0197-4254]",Atlantic Economic Journal,Applied economics,,,ATLANTIC ECONOMIC JOURNAL,ATLANTIC ECON J,[ECONOMICS]
"[1558-8009, 1050-4753]",Behavioral Research in Accounting,"Accounting, auditing and accountability",Behavioral Research in Accounting,F&A,Behavioral Research in Accounting,BEHAV RES ACCOUNT,"['BUSINESS, FINANCE']"
"[2524-1699, 1305-8800, 1303-0701]",Central Bank Review,"Banking, finance and investment",,,Central Bank Review,CENT BANK REV,[ECONOMICS]
"[1572-9974, 0927-7099]",Computational Economics,"Banking, finance and investment",,,Computational Economics,COMPUT ECON,"[ECONOMICS, MANAGEMENT]"
"[1467-8683, 0964-8410]",,,Corporate Governance: An International Review,IB,CORPORATE GOVERNANCE-AN INTERNATIONAL REVIEW,CORP GOV-OXFORD,"[BUSINESS, MANAGEMENT, 'BUSINESS, FINANCE']"
"[1476-8364, 1043-8599]",Economics of Innovation and New Technology,Applied economics,Economics of Innovation and New Technology,Entrep,Economics of Innovation and New Technology,ECON INNOV NEW TECH,[ECONOMICS]
"[1540-6520, 1042-2587]",Entrepreneurship: Theory and Practice,Human resources and industrial relations,Entrepreneurship Theory and Practice,Entrep,ENTREPRENEURSHIP THEORY AND PRACTICE,ENTREP THEORY PRACT,[BUSINESS]
"[1751-6765, 1751-6757]",European Journal of International Management,Business systems in context,European Journal of International Management,IB,European Journal of International Management,EUR J INT MANAG,[MANAGEMENT]
"[1758-7123, 0309-0566]",European Journal of Marketing,Marketing,European Journal of Marketing,Marketing,EUROPEAN JOURNAL OF MARKETING,EUR J MARKETING,[BUSINESS]
"[2283-5520, 1825-3997]",European Transport,"Transportation, logistics and supply chains",,,European Transport-Trasporti Europei,EUR TRANSP,[TRANSPORTATION]
"[1090-2457, 0014-4983]",,,Explorations in Economic History,Economics,EXPLORATIONS IN ECONOMIC HISTORY,EXPLOR ECON HIST,[ECONOMICS]
"[1432-1122, 0949-2984]",,,Finance and Stochastics,F&A,FINANCE AND STOCHASTICS,FINANC STOCH,"['BUSINESS, FINANCE']"
"[1551-3122, 1551-3114]",Foundations and Trends in Entrepreneurship,"Strategy, management and organisational behaviour",,,Foundations and Trends in Entrepreneurship,FOUND TRENDS ENTREP,[BUSINESS]
"[1554-9658, 1554-964X, 0926-4957]",The Geneva Risk and Insurance Review,"Banking, finance and investment",Geneva Risk and Insurance Review,F&A,Geneva Risk and Insurance Review,GENEVA RISK INS REV,"[ECONOMICS, 'BUSINESS, FINANCE']"
"[1741-282X, 0018-7267]",Human Relations,"Strategy, management and organisational behaviour",Human Relations,"OS/OB,HRM/IR",HUMAN RELATIONS,HUM RELAT,[MANAGEMENT]
"[1469-8374, 1367-8868]",Human Resource Development International,Human resources and industrial relations,,,HUMAN RESOURCE DEVELOPMENT INTERNATIONAL,HUM RESOUR DEV INT,[MANAGEMENT]
"[1816-6326, 1814-2427]",Innovative Marketing,Marketing,,,Innovative Marketing,INNOV MARKET,[BUSINESS]
"[1468-2362, 1367-0271]",International Finance,"Banking, finance and investment",,,International Finance,INT FINANC,"[ECONOMICS, 'BUSINESS, FINANCE']"
[1083-4346],International Journal of Business,"Banking, finance and investment",,,International Journal of Business,INT J BUS,[BUSINESS]
"[1757-1049, 0959-6119]",International Journal of Contemporary Hospitality Management,Commercial services,International Journal of Contemporary Hospitality Manage,mTourism,International Journal of Contemporary Hospitality Management,INT J CONTEMP HOSP M,[MANAGEMENT]
"[1793-6950, 0219-8770]",International Journal of Innovation and Technology Management,"Strategy, management and organisational behaviour",,,International Journal of Innovation and Technology Management,INT J INNOV TECHNOL,[MANAGEMENT]
"[1758-6550, 0957-4093]",The International Journal of Logistics Management,"COMMERCE, MANAGEMENT, TOURISM AND SERVICES",International Journal of Logistics Management,"OR,MS,POM",International Journal of Logistics Management,INT J LOGIST MANAG,[MANAGEMENT]
"[1741-5365, 1741-5357]",International Journal of Value Chain Management,Business systems in context,,,International Journal of Value Chain Management,INT J VALUE CHAIN MA,[MANAGEMENT]
"[1558-7983, 0739-3172]",Issues in Accounting Education,"Accounting, auditing and accountability",Issues in Accounting Education,Education,ISSUES IN ACCOUNTING EDUCATION,ISS ACCOUNT EDUC,"['BUSINESS, FINANCE']"
"[2452-1469, 0737-4607]",Journal of Accounting Literature,"Accounting, auditing and accountability",Journal of Accounting Literature,F&A,Journal of Accounting Literature,J ACCOUNT LIT,"['BUSINESS, FINANCE']"
"[1740-1909, 0021-8499]",Journal of Advertising Research,Marketing,Journal of Advertising Research,Marketing,JOURNAL OF ADVERTISING RESEARCH,J ADVERTISING RES,[BUSINESS]
"[2327-8285, 1068-5502]",Journal of Agricultural and Resource Economics,Applied economics,,,JOURNAL OF AGRICULTURAL AND RESOURCE ECONOMICS,J AGR RESOUR ECON,[ECONOMICS]
"[1552-6879, 0021-8863]",,,The Journal of Applied Behavioral Science,Psychology,JOURNAL OF APPLIED BEHAVIORAL SCIENCE,J APPL BEHAV SCI,[MANAGEMENT]
"[1873-7978, 0148-2963]",Journal of Business Research,"COMMERCE, MANAGEMENT, TOURISM AND SERVICES",Journal of Business Research,Marketing,Journal of Business Research,J BUS RES,[BUSINESS]
"[1946-326X, 0021-3624]",Journal of Economic Issues (JEI),"COMMERCE, MANAGEMENT, TOURISM AND SERVICES",Journal of Economic Issues,Economics,JOURNAL OF ECONOMIC ISSUES,J ECON ISSUES,[ECONOMICS]
"[1758-7387, 0144-3585]",Journal of Economic Studies,Applied economics,,,JOURNAL OF ECONOMIC STUDIES,J ECON STUD,[ECONOMICS]
"[2054-6246, 1026-4116]",Journal of Economic and Administrative Sciences,Econometrics,,,Journal of Economic and Administrative Sciences,J ECONOM ADM SCI,[ECONOMICS]
"[2042-5856, 1985-2517]",Journal of Financial Reporting and Accounting,"Accounting, auditing and accountability",,,Journal of Financial Reporting and Accounting,J FINANC REPORT ACCO,"['BUSINESS, FINANCE']"
"[1528-7068, 0896-1530]",Journal of International Consumer Marketing,Marketing,,,Journal of International Consumer Marketing,J INT CONSUM MARK,[BUSINESS]
"[1873-0612, 1042-4431]","Journal of International Financial Markets, Institutions and Money","Banking, finance and investment","Journal of International Financial Markets, Institutions and",MF&A,Journal of International Financial Markets Institutions & Money,J INT FINANC MARK I,"[ECONOMICS, 'BUSINESS, FINANCE']"
"[1758-7484, 1367-3270]",,,Journal of Knowledge Management,"MIS, KM",Journal of Knowledge Management,J KNOWL MANAG,[MANAGEMENT]
"[1537-5285, 0022-2186]",The Journal of Law and Economics,Applied economics,Journal of Law and Economics,Economics,JOURNAL OF LAW & ECONOMICS,J LAW ECON,[ECONOMICS]
"[1557-1211, 0149-2063]",Journal of Management,Human resources and industrial relations,Journal of Management,Gen & Strat,JOURNAL OF MANAGEMENT,J MANAGE,"[BUSINESS, MANAGEMENT]"
"[1538-4616, 0022-2879]","Journal of Money, Credit and Banking","Banking, finance and investment","Journal of Money, Credit and Banking",F&A,JOURNAL OF MONEY CREDIT AND BANKING,J MONEY CREDIT BANK,"[ECONOMICS, 'BUSINESS, FINANCE']"
"[1467-9787, 0022-4146]",,,Journal of Regional Science,Economics,JOURNAL OF REGIONAL SCIENCE,J REGIONAL SCI,[ECONOMICS]
"[2040-7122, 2040-7130, 1750-5933]",Journal of Research in Interactive Marketing,Marketing,,,Journal of Research in Interactive Marketing,J RES INTERACT MARK,[BUSINESS]
"[1479-1870, 1356-7667]",Journal of Vacation Marketing,Marketing,,,Journal of Vacation Marketing,J VACAT MARK,[BUSINESS]
"[2323-0622, 0120-2596]",Lecturas de Economía,Applied economics,,,Lecturas de Economia,LECT ECON,[ECONOMICS]
"[1741-301X, 1470-5931]",Marketing Theory: an international review,Marketing,Marketing Theory,Marketing,Marketing Theory,MARKETING THEOR,[BUSINESS]
"[1552-7425, 1094-4281]",Organizational Research Methods,"Strategy, management and organisational behaviour",Organizational Research Methods,Gen & Strat,ORGANIZATIONAL RESEARCH METHODS,ORGAN RES METHODS,[MANAGEMENT]
"[1468-0084, 0305-9049]",Oxford Bulletin of Economics and Statistics,Applied economics,Oxford Bulletin of Economics and Statistics,Economics,OXFORD BULLETIN OF ECONOMICS AND STATISTICS,OXFORD B ECON STAT,[ECONOMICS]
"[1758-7646, 1352-2752]",Qualitative Market Research: an international journal,Marketing,Qualitative Market Research,Marketing,Qualitative Market Research,QUAL MARK RES,[BUSINESS]
"[1878-3384, 0275-5319]",Research in International Business and Finance,"Banking, finance and investment",Research in International Business and Finance,F&A,Research in International Business and Finance,RES INT BUS FINANC,"['BUSINESS, FINANCE']"
"[1813-6982, 0038-2280]",South African Journal of Economics,Applied economics,,,SOUTH AFRICAN JOURNAL OF ECONOMICS,S AFR J ECON,[ECONOMICS]
"[2332-0753, 0210-2412]",Spanish Journal of Finance and Accounting,"Banking, finance and investment",,,Spanish Journal of Finance and Accounting-Revista Espanola de Financiacion y Contabilidad,SPAN J FINANC ACCOUN,"['BUSINESS, FINANCE']"
"[1879-2375, 0965-8564]",,,Transportation Research Part A: Policy and Practice,"OR,MS,POM",TRANSPORTATION RESEARCH PART A-POLICY AND PRACTICE,TRANSPORT RES A-POL,"[ECONOMICS, TRANSPORTATION]"
"[2586-9132, 2586-9124]",,,,,Applied Economics Journal,APPL ECON J,[ECONOMICS]
"[2720-5088, 1233-5835]",,,,,Argumenta Oeconomica,ARGUM OECON,[ECONOMICS]
"[1837-9133, 1835-6354]",,,,,Construction Economics and Building,CONSTR ECON BUILD,[MANAGEMENT]
"[1846-3878, 1330-4860]",,,,,Croatian Economic Survey,CROAT ECON SURV,[ECONOMICS]
"[1545-8504, 1545-8490]",,,,,Decision Analysis,DECIS ANAL,[MANAGEMENT]
"[2174-7350, 1578-0732]",,,,,Economia Agraria y Recursos Naturales,ECON AGRAR RECUR NAT,[ECONOMICS]
[2254-4380],,,,,Economics and Business Letters,ECON BUS LETT,[ECONOMICS]
"[2392-1625, 1898-2255]",,,,,Ekonomia i Prawo-Economics and Law,EKON PRAWO,[ECONOMICS]
"[1469-4395, 1355-770X]",,,,,ENVIRONMENT AND DEVELOPMENT ECONOMICS,ENVIRON DEV ECON,[ECONOMICS]
[2956-7602],,,,,European Management Studies,EUR MANAGE STUD,[MANAGEMENT]
"[2455-2658, 2319-7145]",,,,,FIIB Business Review,FIIB BUS REV,"[BUSINESS, MANAGEMENT]"
"[2314-7210, 2314-7202]",,,,,Future Business Journal,FUTUR BUS J,[BUSINESS]
"[2356-3818, 1979-8997]",,,,,Indonesian Capital Market Review,INDONES CAP MARK REV,[ECONOMICS]
"[1573-1553, 1567-9764]",,,,,International Environmental Agreements-Politics Law and Economics,INT ENVIRON AGREEM-P,[ECONOMICS]
"[1947-3486, 1947-3478]",,,,,International Journal of Human Capital and Information Technology Professionals,INT J HUM CAP INF TE,[MANAGEMENT]
[2981-0795],,,,,Interdisciplinary Journal of Management Studies,INTERD J MANAGE STUD,[MANAGEMENT]
"[1744-6422, 1744-6414]",,,,,Journal of Competition Law & Economics,J COMPET LAW ECON,[ECONOMICS]
[2148-3876],,,,,Journal of Economic Policy Researches-Iktisat Politikasi Arastirmalari Dergisi,J ECON POLICY RES-IK,"[ECONOMICS, 'BUSINESS, FINANCE']"
"[2470-4075, 2470-4067]",,,,,Journal of Global Sport Management,J GLOB SPORT MANAGE,[MANAGEMENT]
[2327-2236],,,,,Journal of Health Economics and Outcomes Research,J HEALTH ECON OUTCOM,[ECONOMICS]
[1229-828X],,,,,Journal of Korea Trade,J KOREA TRADE,[ECONOMICS]
[0254-3737],,,,,Korean Economic Review,KOREAN ECON REV,[ECONOMICS]
"[1873-4537, 0363-8111]",,,,,PUBLIC RELATIONS REVIEW,PUBLIC RELAT REV,[BUSINESS]
[1983-6635],,,,,Revista Gestao Organizacional,REV GEST ORGAN,[MANAGEMENT]
"[1364-2626, 1363-2434]",,,,,School Leadership & Management,SCH LEADERSH MANAG,[MANAGEMENT]
"[2027-5692, 2215-910X]",,,,,Suma de Negocios,SUMA NEG,[BUSINESS]
"[2308-0337, 2225-8329]","International Journal of Academic Research in Accounting, Finance and Managment Sciences","Banking, finance and investment",,,,,
"[1810-3057, 1810-0368, 1727-9232]",Corporate Ownership and Control,"Accounting, auditing and accountability",,,,,
[1555-7715],International Journal of Business Studies (IABE),"Strategy, management and organisational behaviour",,,,,
"[2191-4028, 0002-1121]",German Journal of Agricultural Economics,Applied economics,,,,,
"[2234-4454, 1027-880X]",Journal of Asian Regional Association for Home Economics,Applied economics,,,,,
"[1940-9540, 1940-9532, 1940-9524]",International Journal of Accounting Information Science and Leadership,"Accounting, auditing and accountability",,,,,
[1741-8305],International Journal of Evidence Based Coaching and Mentoring,Human resources and industrial relations,,,,,
[1652-8719],"Systems, Signs and Actions: an international journal on communication, information technology and work","Strategy, management and organisational behaviour",,,,,
"[2173-1926, 2173-0164]",Aestimatio: the IEB International Journal of Finance,"Banking, finance and investment",,,,,
[1022-2529],Meditari: accountancy research,"Accounting, auditing and accountability",,,,,
"[1554-432X, 0007-666X]",Business Economics: designed to serve the needs of people who use economics in their work,"Banking, finance and investment",,,,,
[0386-4448],Accounting,"Accounting, auditing and accountability",,,,,
"[1527-893X, 1085-4622]",Advances in Accounting Education: teaching and curriculum innovations,"Accounting, auditing and accountability",,,,,
"[1613-964X, 0020-5346]",Intereconomics: review of European economic policy,"Banking, finance and investment",,,,,
"[2156-8081, 2150-3338]",Review of Business and Finance Case Studies,"Strategy, management and organisational behaviour",,,,,
"[1742-7975, 1742-7967]",International Journal of Logistics Systems and Management,"Strategy, management and organisational behaviour",,,,,
[0003-1305],,,American Statistician,"OR,MS,POM",,,
[1350-1763],,,Journal of European Public Policy,PSM,,,
"[2352-1465, 2352-1457]",Transportation Research Procedia,"Transportation, logistics and supply chains",,,,,
"[1742-755X, 1742-7541]",International Journal of Trade and Global Markets,"Banking, finance and investment",,,,,
[2094-8239],Progress in Business Innovation and Technology Management,Human resources and industrial relations,,,,,
"[1758-2172, 1758-2164]",International Journal of Business Continuity and Risk Management,Business systems in context,,,,,
"[1940-9907, 1940-9893]",Journal of Service Science and Management,Commercial services,,,,,
[0046-2772],,,European Journal of Social Psychology,Psychology,,,
[0309-1317],,,International Journal of Urban and Regional Research,Sociology,,,
"[1833-8119, 1833-3850]",International Journal of Business and Management,Human resources and industrial relations,,,,,
"[2058-8313, 2058-8305]",International Journal of Transport Development and Integration,"Transportation, logistics and supply chains",,,,,
"[1741-5098, 1368-275X]",International Journal of Entrepreneurship and Innovation Management,Business systems in context,,,,,
[1810-5149],Journal of Accounting and Corporate Governance,"Accounting, auditing and accountability",,,,,
"[2156-1753, 2156-1745]",International Journal of Online Marketing,Marketing,,,,,
"[1832-2174, 1324-5864]",Journal of International Marketing and Exporting,Marketing,,,,,
[1075-5470],,,Science Communication,Comm,,,
[1070-5511],,,Structural Equation Modeling,Marketing,,,
"[2278-4551, 0974-2611]",Advances in Management,"Strategy, management and organisational behaviour",,,,,
"[1756-7149, 1756-7130]",International Journal of Financial Markets and Derivatives,"Banking, finance and investment",,,,,
[2229-6891],International Research Journal of Applied Finance,"Banking, finance and investment",,,,,
"[1834-2590, 1834-2582]",Journal of Applied Research in Accounting and Finance,"Accounting, auditing and accountability",,,,,
[0140-2382],,,West European Politics,Sociology,,,
"[1743-5129, 1743-5110]",International Journal of Product Lifecycle Management,Applied economics,,,,,
[1531-0949],Pennsylvania Economic Review,Applied economics,,,,,
"[1555-1296, 1554-5571, 1554-5466]",International Journal of Business Research,Human resources and industrial relations,,,,,
"[1758-6089, 1352-7606]",Cross Cultural Management: an international journal,Human resources and industrial relations,,,,,
[0257-0130],,,Queueing Systems,"OR,MS,POM",,,
[0277-9536],,,Social Science and Medicine,Sociology,,,
[1467-8721],,,Current Directions in Psychological Science,Psychology,,,
"[2219-6021, 2219-1933]",International Journal of Business and Social Science,"COMMERCE, MANAGEMENT, TOURISM AND SERVICES",,,,,
"[1741-8135, 1478-1484]",International Journal of Management Concepts and Philosophy,Human resources and industrial relations,,,,,
[0022-3816],,,Journal of Politics,Sociology,,,
[0363-0129],,,SIAM Journal on Control and Optimization,"OR,MS,POM",,,
"[2253-5802, 2253-5799]",Applied Finance Letters,"Banking, finance and investment",,,,,
"[2242-4296, 0024-3469]",Liiketaloudellinen Aikakauskirja,Applied economics,,,,,
"[1559-9434, 1555-9068]",Foresight: the international journal of applied forecasting,"Strategy, management and organisational behaviour",,,,,
"[1534-5963, 1534-5971, 1534-5955]",The BE Journal in Theoretical Economics,Applied economics,,,,,
"[2384-1648, 1088-6931]",Global Business and Finance Review,"Banking, finance and investment",,,,,
[2443-4175],Asian Journal of Accounting Research (AJAR),"Accounting, auditing and accountability",,,,,
"[1923-8428, 1923-841X]",International Business and Management,Human resources and industrial relations,,,,,
[1742-2604],International Journal of Applied HRM,Human resources and industrial relations,,,,,
[1867-5565],International Journal of Advanced Corporate Learning,Human resources and industrial relations,,,,,
[1525-2019],Journal of Interactive Advertising,Marketing,,,,,
"[2306-6784, 2220-9352]",Journal of Governance and Regulation,"Accounting, auditing and accountability",,,,,
[1387-3326],,,Information Systems Frontiers,"MIS, KM",,,
"[1447-9184, 1446-8719]",Journal of New Business Ideas and Trends,"Strategy, management and organisational behaviour",,,,,
"[1468-0416, 0963-8008]","Financial Markets, Institutions and Instruments","Banking, finance and investment","Financial Markets, Institutions and Instruments",F&A,,,
[1093-7099],Advancing Women in Leadership,"Strategy, management and organisational behaviour",,,,,
"[1752-0460, 1752-0452]",International Journal of Economic Policy and Emerging Economies,"Banking, finance and investment",,,,,
[1539-6924],,,Risk Analysis,Sociology,,,
"[1573-3378, 0892-7545]",Employee Responsibilities and Rights Journal,Human resources and industrial relations,,,,,
"[1746-5389, 1746-5370]",International Journal of Technoentrepreneurship,Business systems in context,,,,,
[0115-6373],Philippine Journal of Industrial Relations,Human resources and industrial relations,,,,,
[0829-4836],Canadian Journal of Marketing Research,Marketing,,,,,
[0973-2470],Asian-Pacific Business Review,"Strategy, management and organisational behaviour",,,,,
[2168-1007],Academy of Management Discoveries,"Strategy, management and organisational behaviour",Academy of Management Discoveries,Gen & Strat,Academy of Management Discoveries,ACAD MANAG DISCOV,[MANAGEMENT]
"[1588-2659, 0001-6373]",Acta Oeconomica,Applied economics,,,ACTA OECONOMICA,ACTA OECON,[ECONOMICS]
"[2640-2068, 2640-205X]",American Economic Review: Insights,Applied economics,American Economic Review: Insights,Economics,American Economic Review-Insights,AM ECON REV INSIGHTS,[ECONOMICS]
"[1743-792X, 1360-2381]",Asia Pacific Business Review,Human resources and industrial relations,Asia Pacific Business Review,IB,Asia Pacific Business Review,ASIA PAC BUS REV,"[BUSINESS, MANAGEMENT]"
"[2158-6721, 1976-1597]",Asian Journal of Technology Innovation,Business systems in context,,,Asian Journal of Technology Innovation,ASIAN J TECHNOL INNO,"[ECONOMICS, BUSINESS]"
"[1839-3349, 1441-3582]",Australasian Marketing Journal,Marketing,Australasian Marketing Journal,Marketing,Australasian Marketing Journal,AUSTRALAS MARK J,[BUSINESS]
"[1472-7234, 0007-4918]",,,Bulletin of Indonesian Economic Studies,Economics,BULLETIN OF INDONESIAN ECONOMIC STUDIES,B INDONES ECON STUD,[ECONOMICS]
"[2044-768X, 0007-6805]",,,Business History Review,Bus Hist,BUSINESS HISTORY REVIEW,BUS HIST REV,[BUSINESS]
"[1540-5982, 0008-4085]",,,Canadian Journal of Economics,Economics,CANADIAN JOURNAL OF ECONOMICS-REVUE CANADIENNE D ECONOMIQUE,CAN J ECON,[ECONOMICS]
"[2213-6258, 2213-624X]",Case Studies on Transport Policy,"Transportation, logistics and supply chains",,,Case Studies on Transport Policy,CASE STUD TRANSP POL,[TRANSPORTATION]
"[1873-7781, 1043-951X]",China Economic Review (Amsterdam),Applied economics,China Economic Review,Economics,CHINA ECONOMIC REVIEW,CHINA ECON REV,[ECONOMICS]
"[1749-124X, 1671-2234]",China and World Economy,"Banking, finance and investment",,,China & World Economy,CHINA WORLD ECON,[ECONOMICS]
"[1873-6130, 1570-677X]",Economics and Human Biology,Applied economics,,,Economics & Human Biology,ECON HUM BIOL,[ECONOMICS]
"[1465-7295, 0095-2583]",Economic Inquiry,Applied economics,Economic Inquiry,Economics,ECONOMIC INQUIRY,ECON INQ,[ECONOMICS]
"[1547-2701, 0013-791X]",The Engineering Economist,Applied economics,,,ENGINEERING ECONOMIST,ENG ECON,"[BUSINESS, MANAGEMENT]"
"[1998-605X, 1998-6041]",Environmental Economics,Applied economics,,,Environmental Economics,ENVIRON ECON,[ECONOMICS]
[2199-4730],Financial Innovation,"Banking, finance and investment",,,Financial Innovation,FINANC INNOV,"['BUSINESS, FINANCE']"
"[2464-7683, 0015-1920]",Finance a Uver: Czech journal of economics and finance,Applied economics,,,FINANCE A UVER-CZECH JOURNAL OF ECONOMICS AND FINANCE,FINANC UVER,"['BUSINESS, FINANCE']"
"[1090-2473, 0899-8256]",Games and Economic Behavior,Applied economics,Games and Economic Behavior,Economics,GAMES AND ECONOMIC BEHAVIOR,GAME ECON BEHAV,[ECONOMICS]
"[1572-9907, 0926-2644]",,,Group Decision and Negotiation,Gen & Strat,GROUP DECISION AND NEGOTIATION,GROUP DECIS NEGOT,[MANAGEMENT]
"[2366-6161, 0943-0180]",Homo Oeconomicus,Applied economics,,,Homo Oeconomicus-Journal of Behavioral and Institutional Economics,HOMO OECON,[ECONOMICS]
[1480-8986],International Journal of Arts Management,Marketing,,,International Journal of Arts Management,INT J ARTS MANAG,[MANAGEMENT]
"[1758-5937, 0265-2323]",International Journal of Bank Marketing,Marketing,International Journal of Bank Marketing,Marketing,International Journal of Bank Marketing,INT J BANK MARK,[BUSINESS]
"[1466-1829, 1357-1516]",International Journal of the Economics of Business,"Banking, finance and investment",International Journal of the Economics of Business,Economics,International Journal of the Economics of Business,INT J ECON BUS,"[ECONOMICS, BUSINESS]"
"[1746-8817, 1746-8809]",International Journal of Emerging Markets,"Banking, finance and investment",,,International Journal of Emerging Markets,INT J EMERG MARK,"[ECONOMICS, BUSINESS, MANAGEMENT]"
"[2154-8919, 1029-6131]",International Real Estate Review,"Banking, finance and investment",,,International Real Estate Review,INT REAL ESTATE REV,[ECONOMICS]
"[2049-3207, 0972-7981]",Journal of Advances in Management Research,"Strategy, management and organisational behaviour",,,Journal of Advances in Management Research,J ADV MANAG RES,[MANAGEMENT]
"[1477-9552, 0021-857X]",Journal of Agricultural Economics,Applied economics,,,JOURNAL OF AGRICULTURAL ECONOMICS,J AGR ECON,[ECONOMICS]
"[1573-353X, 0889-3268]",,,Journal of Business and Psychology,"OS/OB,HRM/IR",JOURNAL OF BUSINESS AND PSYCHOLOGY,J BUS PSYCHOL,[BUSINESS]
"[1862-0019, 0949-6181]",Journal of East European Management Studies,Human resources and industrial relations,,,Journal of East European Management Studies,J E EUR MANAG STUD,[MANAGEMENT]
"[1879-1735, 0148-6195]",Journal of Economics and Business,"Banking, finance and investment",,,JOURNAL OF ECONOMICS AND BUSINESS,J ECON BUS,"['BUSINESS, FINANCE']"
"[1469-9427, 1350-178X]",Journal of Economic Methodology,Applied economics,Journal of Economic Methodology,Economics,Journal of Economic Methodology,J ECON METHODOL,[ECONOMICS]
"[1542-4774, 1542-4766]",Journal of the European Economic Association,Applied economics,Journal of the European Economic Association,Economics,Journal of the European Economic Association,J EUR ECON ASSOC,[ECONOMICS]
"[1573-3475, 1058-0476]",Journal of Family and Economic Issues,Applied economics,,,Journal of Family and Economic Issues,J FAM ECON ISS,[ECONOMICS]
"[1759-6106, 0306-3070]",Journal of General Management,Human resources and industrial relations,Journal of General Management,Gen & Strat,JOURNAL OF GENERAL MANAGEMENT,J GEN MANAG,[MANAGEMENT]
"[1548-8004, 0022-166X]",The Journal of Human Resources,Applied economics,Journal of Human Resources,"OS/OB,HRM/IR",JOURNAL OF HUMAN RESOURCES,J HUM RESOUR,[ECONOMICS]
"[1573-7012, 1566-1679]","Journal of Industry, Competition and Trade: from theory to policy",Applied economics,,,Journal of Industry Competition & Trade,J IND COMPET TRADE,[BUSINESS]
"[2530-7614, 2444-569X]",Journal of Innovation and Knowledge,Business systems in context,,,Journal of Innovation & Knowledge,J INNOV KNOWL,"[BUSINESS, MANAGEMENT]"
"[2047-1246, 2047-1238]",The Journal of Investment Strategies,"Banking, finance and investment",,,Journal of Investment Strategies,J INVEST STRATEG,"['BUSINESS, FINANCE']"
"[1558-8033, 1049-2127]",Journal of Management Accounting Research,"Accounting, auditing and accountability",Journal of Management Accounting Research,F&A,Journal of Management Accounting Research,J MANAG ACCOUNT RES,"['BUSINESS, FINANCE']"
"[1758-7786, 1741-038X, 0957-6061]",Journal of Manufacturing Technology Management,"Strategy, management and organisational behaviour",Journal of Manufacturing Technology Management,"OR,MS,POM",Journal of Manufacturing Technology Management,J MANUF TECHNOL MANA,[MANAGEMENT]
"[2050-3326, 2050-3318]",Journal of Marketing Analytics,Marketing,,,Journal of Marketing Analytics,J MARK ANAL,[BUSINESS]
"[1466-4445, 1352-7266]",Journal of Marketing Communications,Marketing,Journal of Marketing Communications,Marketing,Journal of Marketing Communications,J MARK COMMUN,[BUSINESS]
"[1873-1295, 0304-3932]",Journal of Monetary Economics,"Banking, finance and investment",Journal of Monetary Economics,Economics,JOURNAL OF MONETARY ECONOMICS,J MONETARY ECON,"[ECONOMICS, 'BUSINESS, FINANCE']"
"[1432-1475, 0933-1433]",,,Journal of Population Economics,Economics,JOURNAL OF POPULATION ECONOMICS,J POPUL ECON,[ECONOMICS]
"[2168-8656, 0095-4918]",The Journal of Portfolio Management: the journal for investment professionals,"Banking, finance and investment",Journal of Portfolio Management,F&A,JOURNAL OF PORTFOLIO MANAGEMENT,J PORTFOLIO MANAGE,"['BUSINESS, FINANCE']"
"[1753-9587, 1753-9579]",Journal of Risk Model Validation,"Banking, finance and investment",,,Journal of Risk Model Validation,J RISK MODEL VALIDAT,"['BUSINESS, FINANCE']"
"[1878-5573, 1090-9516]",Journal of World Business,Human resources and industrial relations,Journal of World Business,IB,JOURNAL OF WORLD BUSINESS,J WORLD BUS,[BUSINESS]
"[1528-6932, 1097-8526]",Latin American Business Review,"Strategy, management and organisational behaviour",,,Latin American Business Review,LAT AM BUS REV,"[ECONOMICS, BUSINESS, MANAGEMENT]"
"[1470-9325, 0269-0942]",,,Local Economy,PSM,Local Economy,LOCAL ECON,[ECONOMICS]
"[1758-7735, 0268-6902]",Managerial Auditing Journal,"Accounting, auditing and accountability",Managerial Auditing Journal,F&A,Managerial Auditing Journal,MANAG AUDIT J,"['BUSINESS, FINANCE', MANAGEMENT]"
"[1943-4863, 0077-9954]",New Zealand Economic Papers,"Banking, finance and investment",,,New Zealand Economic Papers,NEW ZEAL ECON PAP,[ECONOMICS]
"[1573-708X, 0923-7992]",Open Economies Review,Applied economics,,,OPEN ECONOMIES REVIEW,OPEN ECON REV,[ECONOMICS]
"[1552-7417, 1086-0266]",,,Organization and Environment,Gen & Strat,ORGANIZATION & ENVIRONMENT,ORGAN ENVIRON,[MANAGEMENT]
"[1460-2121, 0266-903X]",Oxford Review of Economic Policy,"Banking, finance and investment",Oxford Review of Economic Policy,Economics,OXFORD REVIEW OF ECONOMIC POLICY,OXFORD REV ECON POL,[ECONOMICS]
"[2336-8225, 0032-3233]",Politicka Ekonomie,Applied economics,,,POLITICKA EKONOMIE,POLIT EKON,[ECONOMICS]
[2666-7215],Project Leadership and Society,"Strategy, management and organisational behaviour",,,Project Leadership and Society,PROJ LEADERSH SOC,"[BUSINESS, MANAGEMENT, 'BUSINESS, FINANCE']"
"[1758-7654, 1176-6093]",Qualitative Research in Accounting and Management,"Accounting, auditing and accountability",Qualitative Research in Accounting and Management,F&A,Qualitative Research in Accounting and Management,QUAL RES ACCOUNT MAN,"['BUSINESS, FINANCE', MANAGEMENT]"
"[1755-4187, 1755-4179]",Qualitative Research in Financial Markets,"Banking, finance and investment",,,Qualitative Research in financial Markets,QUAL RES FINANC MARK,"['BUSINESS, FINANCE']"
"[1467-9310, 0033-6807]",R and D Management,Business systems in context,R and D Management,Innovation,R & D MANAGEMENT,R&D MANAGE,"[BUSINESS, MANAGEMENT]"
"[2177-5184, 1983-9332, 1677-4027]",REMark: Revista Brasileira de Marketing,Marketing,,,Revista Brasileira de Marketing,REV BRASIL MARK,[BUSINESS]
"[1750-6824, 1750-6816]",Review of Environmental Economics and Policy,"Banking, finance and investment",,,Review of Environmental Economics and Policy,REV ENV ECON POLICY,[ECONOMICS]
"[1573-7179, 0924-865X]",,,Review of Quantitative Finance and Accounting,F&A,Review of Quantitative Finance and Accounting,REV QUANT FINANC ACC,"['BUSINESS, FINANCE']"
"[2325-8012, 0038-4038]",Southern Economic Journal,Applied economics,Southern Economic Journal,Economics,SOUTHERN ECONOMIC JOURNAL,SOUTH ECON J,[ECONOMICS]
[1808-2882],,,,,Custos e Agronegocio On Line,CUST AGRONEGOCIO,"[ECONOMICS, BUSINESS]"
[1533-6239],,,,,Economia-Journal of the Latin American and Caribbean Economic Association,ECONOMIA,[ECONOMICS]
[2073-4336],,,,,Games,GAMES-BASEL,[ECONOMICS]
"[0973-9262, 0973-1466]",,,,,Gurukul Business Review-GBR,GURUKUL BUS REV-GBR,[BUSINESS]
"[1558-0970, 0891-1916]",,,,,INTERNATIONAL JOURNAL OF POLITICAL ECONOMY,INT J POLIT ECON,[ECONOMICS]
[0391-8440],,,,,International Journal of Transport Economics,INT J TRANSP ECON,"[ECONOMICS, TRANSPORTATION]"
[2217-9739],,,,,International Review,INT REV,[ECONOMICS]
"[2352-4421, 1477-3880]",,,,,International Review of Economics Education,INT REV ECON EDUC,[ECONOMICS]
"[1697-9818, 2014-3214]",,,,,Intangible Capital,INTANG CAP,[MANAGEMENT]
"[2602-3954, 2602-4152]",,,,,Istanbul Iktisat Dergisi-Istanbul Journal of Economics,ISTANBUL J ECON,"[ECONOMICS, 'BUSINESS, FINANCE']"
"[2199-3238, 2199-322X]",,,,,Italian Economic Journal,ITAL ECON J,[ECONOMICS]
[1018-1687],,,,,Journal of Accounting Review,J ACCOUNT REV,"['BUSINESS, FINANCE']"
"[2044-0847, 2044-0839]",,,,,Journal of Agribusiness in Developing and Emerging Economies,J AGRIBUS DEV EMERG,[ECONOMICS]
[2398-5364],,,,,Journal of Global Operations and Strategic Sourcing,J GLOB OPER STRATEG,[MANAGEMENT]
"[1469-9559, 0963-8199]",,,,,Journal of International Trade & Economic Development,J INT TRADE ECON DEV,[ECONOMICS]
"[1755-2842, 1465-1211]",,,,,Journal of Risk,J RISK,"['BUSINESS, FINANCE']"
"[1758-5538, 2053-4620]",,,,,Journal of Science and Technology Policy Management,J SCI TECHNOL POLICY,[MANAGEMENT]
[0718-1876],,,,,Journal of Theoretical and Applied Electronic Commerce Research,J THEOR APPL EL COMM,[BUSINESS]
[2214-1405],,,,,Journal of Transport & Health,J TRANSP HEALTH,[TRANSPORTATION]
"[1849-1383, 0353-4790]",,,,,Market-Trziste,MARK-TRZ,[BUSINESS]
[2708-3209],,,,,Retail and Marketing Review,RETAIL MARK REV,[BUSINESS]
"[2543-9170, 0035-9629]",,,,,Ruch Prawniczy Ekonomiczny i Socjologiczny,RUCH PRAW EKON SOCJ,[ECONOMICS]
"[2518-1254, 2313-8114]",,,,,Scientific Bulletin of Mukachevo State University-Series Economics,SCI B MUKACHEVO-ECON,"['BUSINESS, FINANCE']"
"[2285-3065, 1584-2339]",,,,,Studia Universitatis Vasile Goldis Arad Seria Stiinte Economice,STUD U VASILE GOL EC,[ECONOMICS]
[2073-6606],,,,,Terra Economicus,TERRA ECON,[ECONOMICS]
"[2199-9295, 2199-9287]",,,,,Transportation in Developing Economies,TRANSP DEV ECON,[TRANSPORTATION]
"[2214-3688, 2214-367X]",,,,,Travel Behaviour and Society,TRAVEL BEHAV SOC,[TRANSPORTATION]
"[2149-8148, 1308-4070]",,,,,Turkish Journal of Business Ethics,TURK J BUS ETHICS,[BUSINESS]
"[1317-8822, 2477-9547]",,,,,Vision Gerencial,VIS GERENC,[MANAGEMENT]
