source_idx,source_name,era_journal_name,harzing_journal_name,wos_journal_name,n_refs,n_exogenous,frac_exogenous
4210234004,Korea International Accounting Review,Korean International Accounting Review,,,8765,1244,0.1419
3207870907,Journal of Inter-Organizational Relationships,Journal of Inter-Organizational Relationships,,Journal of Inter-Organizational Relationships,1200,217,0.1808
4210202311,The International journal of accounting/International journal of accounting,The International Journal of Accounting,International Journal of Accounting Information Systems,International Journal of Accounting,7592,1501,0.1977
183776795,Review of Pacific Basin Financial Markets and Policies,Review of Pacific Basin Financial Markets and Policies,,Review of Pacific Basin Financial Markets and Policies,17297,4054,0.2344
62110574,Review of Quantitative Finance and Accounting,,Review of Quantitative Finance and Accounting,Review of Quantitative Finance and Accounting,67872,16106,0.2373
107181468,Journal of Accounting Auditing & Finance,JAAF: Journal of Accounting Auditing and Finance,"Journal of Accounting, Auditing and Finance",Journal of Accounting Auditing and Finance,22828,5417,0.2373
2764892107,Multinational Business Review,Multinational Business Review,Multinational Business Review,Multinational Business Review,24064,5729,0.2381
196919950,Family Business Review,Family Business Review,Family Business Review,Family Business Review,27424,6556,0.2391
119587767,Journal of Business and Industrial Marketing,Journal of Business and Industrial Marketing,Journal of Business and Industrial Marketing,JOURNAL OF BUSINESS & INDUSTRIAL MARKETING,128624,31854,0.2477
35673206,International Marketing Review,International Marketing Review,International Marketing Review,INTERNATIONAL MARKETING REVIEW,55265,13694,0.2478
4210217054,China Accounting and Finance Review,China Accounting and Finance Review,,,6730,1689,0.251
83262020,Journal of International Financial Management and Accounting,Journal of International Financial Management and Accounting,Journal of International Financial Management and Accou,Journal of International Financial Management & Accounting,11131,2822,0.2535
48254654,Journal of Business Finance &amp Accounting,Journal of Business Finance and Accounting,Journal of Business Finance and Accounting,Journal of Business Finance & Accounting,51199,13000,0.2539
2765008422,Global Strategy Journal,Global Strategy Journal,Global Strategy Journal,Global Strategy Journal,31363,7993,0.2549
119908498,Journal of International Marketing,Journal of International Marketing,Journal of International Marketing,JOURNAL OF INTERNATIONAL MARKETING,29694,7661,0.258
74917840,The Journal of Financial Research,Journal of Financial Research,Journal of Financial Research,JOURNAL OF FINANCIAL RESEARCH,20639,5377,0.2605
2764502442,Quarterly journal of finance and accounting,Quarterly Journal of Business and Economics,,,598,157,0.2625
79989894,International Journal of Managerial Finance,International Journal of Managerial Finance,International Journal of Managerial Finance,International Journal of Managerial Finance,27199,7211,0.2651
2764953858,Journal of Real Estate Portfolio Management,Journal of Real Estate Portfolio Management,,,4495,1198,0.2665
4210197888,Review of International Business and Strategy,Review of International Business and Strategy,,Review of International Business and Strategy,18980,5058,0.2665
4210190745,Asia-Pacific Journal of Financial Studies,Asia-Pacific Journal of Financial Studies,,Asia-Pacific Journal of Financial Studies,20190,5423,0.2686
4210196836,Advances in management accounting,Advances in Management Accounting,Advances in Management Accounting,,439,118,0.2688
4210208451,Quarterly Journal of Finance,Quarterly Journal of Finance,,Quarterly Journal of Finance,11499,3098,0.2694
2764792399,Investment Analysts Journal,Investment Analysts Journal,,Investment Analysts Journal,10146,2737,0.2698
93630570,Journal of Product Innovation Management,,Journal of Product Innovation Management,JOURNAL OF PRODUCT INNOVATION MANAGEMENT,76046,20607,0.271
4210203108,Asia-Pacific Journal of Accounting & Economics,Asia-Pacific Journal of Accounting and Economics,Asia-Pacific Journal of Accounting and Economics,Asia-Pacific Journal of Accounting & Economics,26323,7148,0.2715
4210171597,Accounting and Finance,Accounting and Finance,Accounting and Finance,Accounting and Finance,84205,22888,0.2718
74620885,"Accounting auditing & accountability journal/Accounting, auditing & accountability journal","Accounting, Auditing & Accountability Journal","Accounting, Auditing and Accountability Journal",Accounting Auditing & Accountability Journal,848,231,0.2724
136612413,Journal of Futures Markets,Journal of Futures Markets,Journal of Futures Markets,JOURNAL OF FUTURES MARKETS,39093,10706,0.2739
2765013869,Journal of Family Business Management,Journal of Family Business Management,,Journal of Family Business Management,30906,8471,0.2741
86375777,International Journal of Accounting and Information Management,International Journal of Accounting and Information Management,,International Journal of Accounting and Information Management,24818,6806,0.2742
2898124213,Journal of Accounting Literature,Journal of Accounting Literature,Journal of Accounting Literature,Journal of Accounting Literature,16961,4650,0.2742
95074589,Review of Accounting and Finance,Review of Accounting and Finance,,Review of Accounting and Finance,17100,4720,0.276
968139600,Journal of Personal Selling and Sales Management,Journal of Personal Selling and Sales Management,Journal of Personal Selling and Sales Management,Journal of Personal Selling & Sales Management,28466,7863,0.2762
139478629,Journal of Business-to-Business Marketing,Journal of Business-to-Business Marketing,Journal of Business-to-Business Marketing,Journal of Business-to-Business Marketing,23183,6416,0.2768
132432621,Journal of International Accounting Auditing and Taxation,"Journal of International Accounting, Auditing and Taxation","Journal of International Accounting, Auditing and Taxation",Journal of International Accounting Auditing and Taxation,21132,5876,0.2781
77308338,Corporate Governance An International Review,,Corporate Governance: An International Review,CORPORATE GOVERNANCE-AN INTERNATIONAL REVIEW,46639,13062,0.2801
28703636,Journal of Corporate Accounting & Finance,,,Journal of Corporate Accounting and Finance,17984,5040,0.2802
164507624,Asian Review of Accounting,Asian Review of Accounting,,Asian Review of Accounting,21169,5935,0.2804
175138789,Journal of International Entrepreneurship,Journal of International Entrepreneurship,,Journal of International Entrepreneurship,27430,7700,0.2807
144250037,Journal of Applied Accounting Research,Journal of Applied Accounting Research,Journal of Applied Accounting Research,Journal of Applied Accounting Research,27887,7844,0.2813
4210169699,China Journal of Accounting Studies,China Journal of Accounting Studies,,,9796,2769,0.2827
136661304,Managerial Auditing Journal,Managerial Auditing Journal,Managerial Auditing Journal,Managerial Auditing Journal,34376,9730,0.283
9351053,Financial Review,The Financial Review (Statesboro),Financial Review,FINANCIAL REVIEW,21861,6216,0.2843
171424506,European Accounting Review,European Accounting Review,European Accounting Review,European Accounting Review,38212,10870,0.2845
97320426,Journal of Supply Chain Management,Journal of Supply Chain Management,Journal of Supply Chain Management,Journal of Supply Chain Management,25672,7315,0.2849
31181851,Accounting in Europe,Accounting in Europe,Accounting in Europe,Accounting in Europe,11599,3306,0.285
131117787,Review of Finance,Review of Finance,Review of Finance,Review of Finance,42,12,0.2857
127536956,Journal of International Accounting Research,Journal of International Accounting Research,Journal of International Accounting Research,Journal of International Accounting Research,16296,4672,0.2867
2735409286,The Review of Asset Pricing Studies,Review of Asset Pricing Studies,Review of Asset Pricing Studies,Review of Asset Pricing Studies,9474,2726,0.2877
35246616,International Review of Finance,International Review of Finance,International Review of Finance,International Review of Finance,19993,5782,0.2892
142725411,Journal of Contemporary Accounting & Economics,Journal of Contemporary Accounting and Economics,Journal of Contemporary Accounting and Economics,Journal of Contemporary Accounting & Economics,19482,5647,0.2899
157946625,Financial Management,Financial Management,Financial Management,FINANCIAL MANAGEMENT,28898,8407,0.2909
150848784,Journal of Emerging Market Finance,Journal of Emerging Market Finance,,Journal of Emerging Market Finance,9296,2719,0.2925
152372256,International Journal of Auditing,International Journal of Auditing,International Journal of Auditing,INTERNATIONAL JOURNAL OF AUDITING,22091,6487,0.2936
118119388,Journal of Family Business Strategy,Journal of Family Business Strategy,,Journal of Family Business Strategy,39525,11620,0.294
4210219052,Journal of Financial Management Markets and Institutions,"Journal of Financial Management, Markets and Institutions",,,2958,875,0.2958
2913545599,Spanish Journal of Finance and Accounting / Revista Española de Financiación y Contabilidad,Spanish Journal of Finance and Accounting,,Spanish Journal of Finance and Accounting-Revista Espanola de Financiacion y Contabilidad,18792,5604,0.2982
99789271,The Journal of Fixed Income,The Journal of Fixed Income,Journal of Fixed Income,,6923,2065,0.2983
11853582,Review of Accounting Studies,Review of Accounting Studies,Review of Accounting Studies,REVIEW OF ACCOUNTING STUDIES,39760,11866,0.2984
127646213,Journal of Financial Markets,Journal of Financial Markets,Journal of Financial Markets,JOURNAL OF FINANCIAL MARKETS,24033,7178,0.2987
127482291,Journal of Research in Marketing and Entrepreneurship,Journal of Research in Marketing and Entrepreneurship,,Journal of Research in Marketing and Entrepreneurship,15847,4738,0.299
2764693879,Journal of the Asian Real Estate Society,International Real Estate Review,,International Real Estate Review,2013,603,0.2996
29049940,Pacific-Basin Finance Journal,Pacific-Basin Finance Journal,Pacific Basin Finance Journal,Pacific-Basin Finance Journal,104549,31357,0.2999
164321952,International Journal of Operations & Production Management,International Journal of Operations and Production Management,International Journal of Operations and Production Manag,INTERNATIONAL JOURNAL OF OPERATIONS & PRODUCTION MANAGEMENT,87128,26270,0.3015
4210169731,Journal of Accounting in Emerging Economies,Journal of Accounting in Emerging Economies,,Journal of Accounting in Emerging Economies,24539,7404,0.3017
2911964755,Journal of applied finance,"Journal of Applied Finance: theory, practice, education",,,179,54,0.3017
131852005,European Financial Management,European Financial Management,European Financial Management,European Financial Management,33993,10316,0.3035
173177581,International Journal of Accounting and Finance,International Journal of Accounting and Finance,,,1725,524,0.3038
4306525181,Quarterly journal of business and economics,Quarterly Journal of Business and Economics,,,227,69,0.304
4210187274,Afro-Asian J of Finance and Accounting,Afro-Asian Journal of Finance and Accounting,,,2533,771,0.3044
2898365741,European Journal of Family Business,,,European Journal of Family Business,10146,3097,0.3052
130164084,Journal of financial reporting & accounting,Journal of Financial Reporting and Accounting,,Journal of Financial Reporting and Accounting,39705,12125,0.3054
73660788,International Journal of Strategic Business Alliances,International Journal of Strategic Business Alliances,,,1268,388,0.306
162525099,Financial Analysts Journal,Financial Analysts Journal,Financial Analysts Journal,FINANCIAL ANALYSTS JOURNAL,12197,3736,0.3063
35796699,Kredit und Kapital,Kredit und Kapital,,,1157,355,0.3068
102949365,Strategic Management Journal,Strategic Management Journal,Strategic Management Journal,STRATEGIC MANAGEMENT JOURNAL,125672,38587,0.307
23343376,International Business Review,International Business Review,International Business Review,International Business Review,135797,41708,0.3071
62246846,International Journal of Accounting Auditing and Performance Evaluation,"International Journal of Accounting, Auditing and Performance Evaluation",,,4273,1316,0.308
184351885,Managerial Finance,Managerial Finance,Managerial Finance,MANAGERIAL FINANCE,52834,16319,0.3089
43637407,R and D Management,R and D Management,R and D Management,R & D MANAGEMENT,52204,16167,0.3097
11394615,Strategic Organization,Strategic Organization,Strategic Organization,Strategic Organization,33047,10248,0.3101
52721111,Journal of Real Estate Research,Journal of Real Estate Research,,Journal of Real Estate Research,10299,3198,0.3105
144747835,Australian Accounting Review,Australian Accounting Review,Australian Accounting Review,Australian Accounting Review,21330,6655,0.312
31748134,Industrial Marketing Management,Industrial Marketing Management,Industrial Marketing Management,INDUSTRIAL MARKETING MANAGEMENT,228980,71497,0.3122
4306516105,Journal of Taxation and Accounting,Journal of Taxation and Accounting,,,35,11,0.3143
2736251538,The Review of Corporate Finance Studies,Review of Corporate Finance Studies,Review of Corporate Finance Studies,Review of Corporate Finance Studies,9574,3016,0.315
65924262,Contemporary Accounting Research,Contemporary Accounting Research,Contemporary Accounting Research,CONTEMPORARY ACCOUNTING RESEARCH,63274,19946,0.3152
149205526,Chinese Management Studies,Chinese Management Studies,,Chinese Management Studies,45541,14358,0.3153
35128040,Applied Financial Economics,,Applied Financial Economics,,24113,7603,0.3153
4210229174,American J of Finance and Accounting,American Journal of Finance and Accounting,,,893,283,0.3169
82316188,European Journal of Finance,The European Journal of Finance,European Journal of Finance,European Journal of Finance,54565,17306,0.3172
173789977,Corporate Governance,Corporate Governance,Corporate Governance: The International Journal of Busin,Corporate Governance-The International Journal of Business in Society,65016,20630,0.3173
66624660,Pacific Accounting Review,Pacific Accounting Review,,Pacific Accounting Review,18603,5913,0.3179
128478731,Management International Review,Management International Review,Management International Review,MANAGEMENT INTERNATIONAL REVIEW,52165,16603,0.3183
4210188034,Journal of Management Research,Journal of Management Research,,,113,36,0.3186
161221442,Abacus,Abacus,Abacus,Abacus-A Journal of Accounting Finance and Business Studies,22176,7068,0.3187
181388337,International Journal of Innovation Management,International Journal of Innovation Management,International Journal of Innovation Management,International Journal of Innovation Management,81049,25847,0.3189
4210183760,Strategy Science,Strategy Science,Strategy Science,Strategy Science,14614,4668,0.3194
31690342,Strategic Entrepreneurship Journal,Strategic Entrepreneurship Journal,Strategic Entrepreneurship Journal,Strategic Entrepreneurship Journal,35529,11347,0.3194
77392188,Journal of Marketing Channels,Journal of Inter-Organizational Relationships,,Journal of Inter-Organizational Relationships,9831,3144,0.3198
14764538,Journal of strategy and management,Journal of Strategy and Management,,Journal of Strategy and Management,31446,10073,0.3203
92422469,Journal of Multinational Financial Management,Journal of Multinational Financial Management,Journal of Multinational Financial Management,Journal of Multinational Financial Management,22290,7149,0.3207
143806524,The Journal of Portfolio Management,The Journal of Portfolio Management: the journal for investment professionals,Journal of Portfolio Management,JOURNAL OF PORTFOLIO MANAGEMENT,17707,5687,0.3212
2764704972,Asian Academy of Management Journal of Accounting and Finance,Asian Academy of Management Journal of Accounting and Finance,,Asian Academy of Management Journal of Accounting and Finance,7404,2387,0.3224
2898409089,BRQ Business Research Quarterly,Brq Business Research Quarterly,,,24725,7976,0.3226
115276198,The Journal of Wealth Management,The Journal of Wealth Management,,,248,80,0.3226
323237,Accounting and Business Research,Accounting and Business Research,Accounting and Business Research,ACCOUNTING AND BUSINESS RESEARCH,30384,9807,0.3228
5835822,The International Journal of Accounting,,International Journal of Accounting,,9861,3191,0.3236
152282257,Journal of Corporate Finance,Journal of Corporate Finance,Journal of Corporate Finance,JOURNAL OF CORPORATE FINANCE,130406,42288,0.3243
86762183,Journal of Accounting and Public Policy,,Journal of Accounting and Public Policy,JOURNAL OF ACCOUNTING AND PUBLIC POLICY,34274,11116,0.3243
4210194421,Advances in international management,Advances in International Management,,,154,50,0.3247
191556934,Journal of Intellectual Capital,Journal of Intellectual Capital,,Journal of Intellectual Capital,48702,15844,0.3253
78792899,Journal of Small Business Management,Journal of Small Business Management,Journal of Small Business Management,JOURNAL OF SMALL BUSINESS MANAGEMENT,89754,29296,0.3264
193228710,Journal of Financial and Quantitative Analysis,Journal of Financial and Quantitative Analysis,Journal of Financial and Quantitative Analysis,JOURNAL OF FINANCIAL AND QUANTITATIVE ANALYSIS,65205,21335,0.3272
127060114,NBER Macroeconomics Annual,Macroeconomics Annual,,NBER Macroeconomics Annual,4955,1623,0.3275
65353606,International Journal of Retail & Distribution Management,International Journal of Retail and Distribution Management,International Journal of Retail and Distribution Manageme,International Journal of Retail & Distribution Management,62967,20630,0.3276
4210211425,Annals of Corporate Governance,,,Annals of Corporate Governance,744,244,0.328
2737238315,East Asian Economic Review,,,East Asian Economic Review,4852,1593,0.3283
4210222895,Meditari Accountancy Research,Meditari Accountancy Research,,Meditari Accountancy Research,40064,13175,0.3288
2764806082,China Journal of Accounting Research,China Journal of Accounting Research,,China Journal of Accounting Research,12829,4219,0.3289
73201759,Foundations and Trends® in Entrepreneurship,Foundations and Trends in Entrepreneurship,,Foundations and Trends in Entrepreneurship,3272,1079,0.3298
75845752,Auditing A Journal of Practice & Theory,Auditing: a Journal of Practice and Theory,Auditing,AUDITING-A JOURNAL OF PRACTICE & THEORY,34146,11282,0.3304
4210180542,Finance,Finance,,,6574,2173,0.3305
58171247,Journal of Product & Brand Management,Journal of Product and Brand Management,Journal of Product and Brand Management,Journal of Product and Brand Management,69529,23025,0.3312
21668869,Strategic Direction,Strategic Direction,,,4832,1603,0.3317
90149737,European Journal of Innovation Management,European Journal of Innovation Management,European Journal of Innovation Management,European Journal of Innovation Management,76684,25443,0.3318
187626162,Entrepreneurship Theory and Practice,Entrepreneurship: Theory and Practice,Entrepreneurship Theory and Practice,ENTREPRENEURSHIP THEORY AND PRACTICE,77290,25678,0.3322
94775995,European Business Review,European Business Review (Bingley),European Business Review,European Business Review,41367,13747,0.3323
9435936,Long Range Planning,Long Range Planning,Long Range Planning,LONG RANGE PLANNING,68188,22672,0.3325
34941771,Venture Capital,Venture Capital,,Venture Capital,19304,6423,0.3327
2764465404,Entrepreneurship Research Journal,Entrepreneurship Research Journal,,Entrepreneurship Research Journal,24506,8161,0.333
177092143,Australian Journal of Management,Australian Journal of Management,Australian Journal of Management,AUSTRALIAN JOURNAL OF MANAGEMENT,29968,9983,0.3331
107033909,Journal of Economics,Journal of Economics,Journal of Economics/ Zeitschrift fur Nationalokonomie,Journal of Economics,18054,6019,0.3334
145572626,International Review of Financial Analysis,International Review of Financial Analysis,International Review of Financial Analysis,International Review of Financial Analysis,194207,64789,0.3336
4210219378,Journal of Financial Reporting,Journal of Financial Reporting,Journal of Financial Reporting,Journal of Financial Reporting,4679,1565,0.3345
2764933238,New England journal of entrepreneurship,New England Journal of Entrepreneurship,,,7780,2603,0.3346
27001385,Advances in Accounting,Advances in Accounting,Advances in Accounting,Advances in Accounting,26905,9030,0.3356
118000741,The Journal of Investing,The Journal of Investing,,Journal of Investing,11004,3697,0.336
143995394,Journal of World Business,Journal of World Business,Journal of World Business,JOURNAL OF WORLD BUSINESS,90352,30367,0.3361
59777368,International Journal of Managerial and Financial Accounting,International Journal of Managerial and Financial Accounting,,International Journal of Managerial and Financial Accounting,4214,1417,0.3363
960608072,Journal of International Management,Journal of International Management,Journal of International Management,Journal of International Management,64852,21849,0.3369
76239586,Qualitative Research in Accounting & Management,Qualitative Research in Accounting and Management,Qualitative Research in Accounting and Management,Qualitative Research in Accounting and Management,21202,7150,0.3372
4210188630,Accounting Perspectives,Accounting Perspectives,,Accounting Perspectives,9764,3292,0.3372
12818680,Corporate Social Responsibility and Environmental Management,,,Corporate Social Responsibility and Environmental Management,132806,44793,0.3373
105710273,Review of Financial Economics,Review of Financial Economics,Review of Financial Economics,Review of Financial Economics,15924,5379,0.3378
71351135,International Journal of Disclosure and Governance,International Journal of Disclosure and Governance,,International Journal of Disclosure and Governance,22719,7682,0.3381
38350834,Journal of Business Logistics,Journal of Business Logistics,Journal of Business Logistics,Journal of Business Logistics,32001,10824,0.3382
4210226497,Critical Finance Review,Critical Finance Review,Critical Finance Review,Critical Finance Review,1957,662,0.3383
62142384,Journal of Accounting and Economics,Journal of Accounting and Economics,Journal of Accounting and Economics,JOURNAL OF ACCOUNTING & ECONOMICS,41078,13914,0.3387
107859553,International Small Business Journal Researching Entrepreneurship,International Small Business Journal,International Small Business Journal,International Small Business Journal-Researching Entrepreneurship,53525,18131,0.3387
4210200284,The Japanese Accounting Review,,,Japanese Accounting Review,1404,476,0.339
206916388,Journal of Asset Management,The Journal of Asset Management,,Journal of Asset Management,18412,6257,0.3398
4210231290,Financial markets and portfolio management,Financial Markets and Portfolio Management,Financial Markets and Portfolio Management,Financial Markets and Portfolio Management,11192,3809,0.3403
4210224898,Journal of Service Theory and Practice,Journal of Service Theory and Practice,Journal of Service Theory and Practice,Journal of Service Theory and Practice,33124,11276,0.3404
4210192430,Managing Service Quality,Journal of Service Theory and Practice,Journal of Service Theory and Practice,Journal of Service Theory and Practice,10221,3489,0.3414
203071086,Review of Managerial Science,Review of Managerial Science,Review of Managerial Science,Review of Managerial Science,69558,23774,0.3418
116345831,International Journal of Emerging Markets,International Journal of Emerging Markets,,International Journal of Emerging Markets,91762,31376,0.3419
171491724,Journal of Economics and Finance,Journal of Economics and Finance,,JOURNAL OF ECONOMICS AND FINANCE,20395,6982,0.3423
41302103,International Journal of Physical Distribution & Logistics Management,International Journal of Physical Distribution and Logistics Management,International Journal of Physical Distribution and Logistics,INTERNATIONAL JOURNAL OF PHYSICAL DISTRIBUTION & LOGISTICS MANAGEMENT,42540,14582,0.3428
3354691,Journal of Small Business and Enterprise Development,Journal of Small Business and Enterprise Development,Journal of Small Business and Enterprise Development,Journal of Small Business and Enterprise Development,55513,19050,0.3432
202178085,The Journal of Real Estate Finance and Economics,Journal of Real Estate Finance and Economics,Journal of Real Estate Finance and Economics,JOURNAL OF REAL ESTATE FINANCE AND ECONOMICS,30561,10500,0.3436
107036887,Asia Pacific Journal of Management,Asia Pacific Journal of Management,Asia Pacific Journal of Management,Asia Pacific Journal of Management,79044,27196,0.3441
2764509274,China Finance Review International,China Finance Review International,,China Finance Review International,15308,5269,0.3442
111116695,Journal of Accounting Research,Journal of Accounting Research,Journal of Accounting Research,JOURNAL OF ACCOUNTING RESEARCH,33164,11426,0.3445
197396629,The British Accounting Review,The British Accounting Review,British Accounting Review,British Accounting Review,48008,16578,0.3453
98234996,Accounting Research Journal,Accounting Research Journal,Accounting Research Journal,Accounting Research Journal,17188,5942,0.3457
160506855,The Accounting Review,The Accounting Review,Accounting Review,ACCOUNTING REVIEW,77497,26801,0.3458
88577320,Finance research letters,Finance Research Letters,Finance Research Letters,Finance Research Letters,155579,53828,0.346
150702451,Global Finance Journal,Global Finance Journal,Global Finance Journal,Global Finance Journal,35888,12429,0.3463
4210172125,Comptabilité - Contrôle - Audit,Accounting Auditing Control,Comptabilité - Contrôle - Audit,Comptabilite Controle Audit,10684,3710,0.3472
166264140,Emerging Markets Finance and Trade,Emerging Markets Finance and Trade,,EMERGING MARKETS FINANCE AND TRADE,109121,37970,0.348
59007373,Supply Chain Management An International Journal,Supply Chain Management,Supply Chain Management,SUPPLY CHAIN MANAGEMENT-AN INTERNATIONAL JOURNAL,60059,20908,0.3481
129086836,Real Estate Economics,Real Estate Economics,Real Estate Economics,REAL ESTATE ECONOMICS,21544,7502,0.3482
82743730,Journal of International Financial Markets Institutions and Money,"Journal of International Financial Markets, Institutions and Money","Journal of International Financial Markets, Institutions and",Journal of International Financial Markets Institutions & Money,83431,29268,0.3508
4210193041,Advances in financial economics,Advances in Financial Economics,,,125,44,0.352
141165859,Studies in Economics and Finance,Studies in Economics and Finance,,Studies in Economics and Finance,24540,8640,0.3521
4210190667,Asian Journal of Accounting Research,Asian Journal of Accounting Research (AJAR),,,7856,2767,0.3522
161977297,Journal of Accounting & Organizational Change,The International Journal of Accounting,,Journal of Accounting and Organizational Change,29231,10311,0.3527
2764932069,Journal of Transnational Management Development,Journal of Transnational Management,,,17,6,0.3529
107183665,Journal of service management,Journal of Service Management,Journal of Service Management,Journal of Service Management,45108,15943,0.3534
39811122,Financial Markets Institutions and Instruments,"Financial Markets, Institutions and Instruments","Financial Markets, Institutions and Instruments",,8027,2841,0.3539
92522684,Journal of the Academy of Marketing Science,Journal of the Academy of Marketing Science,Journal of the Academy of Marketing Science,JOURNAL OF THE ACADEMY OF MARKETING SCIENCE,74397,26329,0.3539
38024979,Journal of International Business Studies,Journal of International Business Studies,Journal of International Business Studies,JOURNAL OF INTERNATIONAL BUSINESS STUDIES,98579,35004,0.3551
170231156,International Journal of Entrepreneurial Behaviour & Research,International Journal of Entrepreneurial Behaviour and Research,International Journal of Entrepreneurial Behaviour and Re,INTERNATIONAL JOURNAL OF ENTREPRENEURIAL BEHAVIOR & RESEARCH,83584,29697,0.3553
5353659,The Journal of Finance,The Journal of Finance,Journal of Finance,JOURNAL OF FINANCE,58231,20696,0.3554
173901576,The Journal of Derivatives,,Journal of Derivatives,Journal of Derivatives,8366,2975,0.3556
43415676,Journal of Strategic Marketing,Journal of Strategic Marketing,Journal of Strategic Marketing,Journal of Strategic Marketing,48544,17279,0.3559
82593474,Asian Business & Management,Asian Business and Management,,Asian Business & Management,31182,11109,0.3563
142306484,Journal of Operations Management,,Journal of Operations Management,JOURNAL OF OPERATIONS MANAGEMENT,52269,18661,0.357
4210170639,Global Economy and Finance Journal,Global Economics and Finance Journal,,,784,280,0.3571
62850545,Research in Accounting Regulation,Research in Accounting Regulation,Research in Accounting Regulation,,4916,1758,0.3576
184126201,British Journal of Management,British Journal of Management,British Journal of Management,BRITISH JOURNAL OF MANAGEMENT,83882,30004,0.3577
168273071,International Review of Economics & Finance,International Review of Economics and Finance,International Review of Economics and Finance,International Review of Economics & Finance,165751,59315,0.3579
180851279,Journal of Services Marketing,Journal of Services Marketing,Journal of Services Marketing,Journal of Services Marketing,68388,24492,0.3581
163534328,Marketing Science,Marketing Science,Marketing Science,MARKETING SCIENCE,34821,12487,0.3586
79175213,Journal of Financial Services Research,Journal of Financial Services Research,Journal of Financial Services Research,JOURNAL OF FINANCIAL SERVICES RESEARCH,15033,5398,0.3591
16146169,International Journal of Economic Theory,International Journal of Economic Theory,,International Journal of Economic Theory,9910,3561,0.3593
167126396,Journal of Relationship Marketing,Journal of Relationship Marketing,Journal of Relationship Marketing,,16329,5871,0.3595
154010748,Management Decision,Management Decision,Management Decision,MANAGEMENT DECISION,156506,56347,0.36
151705444,Journal of Management Studies,Journal of Management Studies,Journal of Management Studies,JOURNAL OF MANAGEMENT STUDIES,100853,36319,0.3601
145875555,Journal of Empirical Finance,Journal of Empirical Finance,Journal of Empirical Finance,Journal of Empirical Finance,54138,19556,0.3612
2764850994,Journal of managerial issues,Journal of Managerial Issues,,,2185,793,0.3629
125608309,Journal of Service Research,Journal of Service Research,Journal of Service Research,JOURNAL OF SERVICE RESEARCH,36328,13188,0.363
4210174900,Décisions Marketing,Decisions Marketing,,,6751,2456,0.3638
4210210387,Cross Cultural & Strategic Management,Cross Cultural and Strategic Management,Cross Cultural and Strategic Management,Cross Cultural & Strategic Management,25762,9375,0.3639
197112600,Emerging Markets Review,Emerging Markets Review,Emerging Markets Review,Emerging Markets Review,51280,18686,0.3644
80375752,Current Issues in Auditing,Current Issues in Auditing,,Current Issues in Auditing,4105,1497,0.3647
49857371,European Finance Review,Review of Finance,Review of Finance,Review of Finance,37849,13808,0.3648
118637542,European J of International Management,European Journal of International Management,European Journal of International Management,European Journal of International Management,16626,6071,0.3652
4210229362,Seoul Journal of Business,Seoul Journal of Business,,,3349,1224,0.3655
6014304,Journal of the American Taxation Association,,Journal of the American Taxation Association,Journal of the American Taxation Association,9291,3399,0.3658
155526628,The North American Journal of Economics and Finance,The North American Journal of Economics and Finance,,North American Journal of Economics and Finance,89644,32810,0.366
36209479,Industry and Innovation,"Industry and Innovation: dynamics, strategies, policies",Industry and Innovation,Industry and Innovation,48548,17772,0.3661
142990027,Journal of Marketing,Journal of Marketing,Journal of Marketing,JOURNAL OF MARKETING,55440,20300,0.3662
146099957,International Journal of Finance & Economics,International Journal of Finance and Economics,International Journal of Finance and Economics,INTERNATIONAL JOURNAL OF FINANCE & ECONOMICS,91474,33496,0.3662
35075559,Review of Behavioral Finance,Review of Behavioral Finance,,Review of Behavioral Finance,17585,6444,0.3664
116778711,Asian Journal of Technology Innovation,Asian Journal of Technology Innovation,,Asian Journal of Technology Innovation,22194,8140,0.3668
16069442,Journal of Management Accounting Research,Journal of Management Accounting Research,Journal of Management Accounting Research,Journal of Management Accounting Research,21995,8078,0.3673
159120381,Journal of Retailing,Journal of Retailing,Journal of Retailing,JOURNAL OF RETAILING,39045,14365,0.3679
29817978,Marketing Intelligence & Planning,Marketing Intelligence and Planning,Marketing Intelligence and Planning,Marketing Intelligence & Planning,55034,20319,0.3692
2764777187,Annals of Financial Economics,Annals of Financial Economics,,Annals of Financial Economics,8806,3253,0.3694
153849593,Baltic Journal of Management,Baltic Journal of Management,,Baltic Journal of Management,30265,11184,0.3695
8133038,Research in International Business and Finance,Research in International Business and Finance,Research in International Business and Finance,Research in International Business and Finance,142452,52830,0.3709
4210218449,Business Ethics the Environment & Responsibility,,,Business Ethics the Environment & Responsibility,37359,13873,0.3713
95636294,International Journal of Entrepreneurship and Innovation Management,International Journal of Entrepreneurship and Innovation Management,,,8584,3189,0.3715
172313144,European Management Review,European Management Review,European Management Review,European Management Review,48786,18133,0.3717
3297139,International Journal of Financial Services Management,International Journal of Financial Services Management,,,1667,621,0.3725
131296671,Accounting Forum,Accounting Forum,Accounting Forum,Accounting Forum,24149,9027,0.3738
2764417826,The international journal of business and finance research,The International Journal of Business and Finance Research,,,1302,487,0.374
181356434,Accounting Horizons,Accounting Horizons,Accounting Horizons,Accounting Horizons,29505,11042,0.3742
42468459,The Journal of Marketing Theory and Practice,Journal of Marketing Theory and Practice,Journal of Marketing Theory and Practice,Journal of Marketing Theory and Practice,36570,13736,0.3756
55239356,Journal of Purchasing and Supply Management,Journal of Purchasing and Supply Management,Journal of Purchasing and Supply Management,Journal of Purchasing and Supply Management,38679,14531,0.3757
2764750966,Keio economic studies,Keio Economic Studies,,,157,59,0.3758
4210216222,Journal of Entrepreneurship in Emerging Economies,Journal of Entrepreneurship in Emerging Economies,,Journal of Entrepreneurship in Emerging Economies,34947,13154,0.3764
49396926,Thunderbird International Business Review,Thunderbird International Business Review,Thunderbird International Business Review,Thunderbird International Business Review,45468,17150,0.3772
2898123265,Revista Europea de Dirección y Economía de la Empresa,Revista Europea de Direccion y Economia de la Empresa,,,7646,2885,0.3773
185905316,The Journal of Technology Transfer,Journal of Technology Transfer,,JOURNAL OF TECHNOLOGY TRANSFER,79274,29954,0.3779
100820205,International Journal of Commerce and Management,Review of International Business and Strategy,,Review of International Business and Strategy,6502,2457,0.3779
2764807727,The International Journal of Entrepreneurship and Innovation,International Journal of Entrepreneurship and Innovation,International Journal of Entrepreneurship and Innovation,International Journal of Entrepreneurship and Innovation,23642,8973,0.3795
2737226017,Aestimatio The IEB International Journal of Finance,Aestimatio: the IEB International Journal of Finance,,,353,134,0.3796
89389284,European Journal of Marketing,European Journal of Marketing,European Journal of Marketing,EUROPEAN JOURNAL OF MARKETING,116316,44194,0.3799
4210205650,The International Review of Retail Distribution and Consumer Research,"International Review of Retail, Distribution and Consumer Research","International Review of Retail, Distribution and Consumer",International Review of Retail Distribution and Consumer Research,28531,10850,0.3803
2764742896,Journal of Economic Research (JER),Journal of Economic Research,,,1808,688,0.3805
122767448,Journal of Management,Journal of Management,Journal of Management,JOURNAL OF MANAGEMENT,146441,55782,0.3809
199690760,Innovation,Innovation: Organization and Management,,Innovation-Organization & Management,31486,11996,0.381
149240962,Journal of Financial Economics,Journal of Financial Economics,Journal of Financial Economics,JOURNAL OF FINANCIAL ECONOMICS,111958,42672,0.3811
170166683,American Economic Journal Macroeconomics,American Economic Journal: Macroeconomics,American Economic Journal: Macroeconomics,American Economic Journal-Macroeconomics,24280,9261,0.3814
4210183922,Journal of General Management,Journal of General Management,Journal of General Management,JOURNAL OF GENERAL MANAGEMENT,24193,9253,0.3825
50631486,Journal of Knowledge Management,,Journal of Knowledge Management,Journal of Knowledge Management,114675,43920,0.383
17774442,American Journal of Business,,,American Journal of Business,9130,3498,0.3831
2876017,Journal of Banking & Finance,,Journal of Banking and Finance,JOURNAL OF BANKING & FINANCE,185108,70992,0.3835
36547454,International Entrepreneurship and Management Journal,The International Entrepreneurship and Management Journal,,International Entrepreneurship and Management Journal,79969,30683,0.3837
2764983799,Journal of Distribution Science,,,Journal of Distribution Science,18264,7014,0.384
205993034,Journal of Human Resource Costing & Accounting,Journal of Human Resource Costing and Accounting,,,2638,1014,0.3844
4210167594,African J of Accounting Auditing and Finance,,,African Journal of Accounting Auditing and Finance,1492,574,0.3847
170137484,Review of Financial Studies,The Review of Financial Studies,Review of Financial Studies,REVIEW OF FINANCIAL STUDIES,96932,37359,0.3854
61561007,The Journal of Risk Finance,The Journal of Risk Finance,,Journal of Risk Finance,18573,7171,0.3861
4210197218,The journal of wealth management,The Journal of Wealth Management,,,9089,3511,0.3863
114140714,Management Accounting Research,Management Accounting Research,Management Accounting Research,Management Accounting Research,22791,8813,0.3867
4210192138,Nankai Business Review International,,,Nankai Business Review International,19413,7507,0.3867
41869786,Small Business Economics,Small Business Economics: an international journal,Small Business Economics,SMALL BUSINESS ECONOMICS,137022,52997,0.3868
4210224324,Accounting Auditing & Accountability Journal,"Accounting, Auditing & Accountability Journal","Accounting, Auditing and Accountability Journal",Accounting Auditing & Accountability Journal,71934,27830,0.3869
2764805720,Eurasian Economic Review,Eurasian Business Review,,Eurasian Business Review,20319,7873,0.3875
38909374,The Journal of Alternative Investments,The Journal of Alternative Investments,,Journal of Alternative Investments,7874,3052,0.3876
132368879,Journal of Enterprising Culture,Journal of Enterprising Culture,,JOURNAL OF ENTERPRISING CULTURE,16507,6413,0.3885
6013065,Journal of Management & Governance,Journal of Management and Governance,Journal of Management and Governance,Journal of Management and Governance,48739,18971,0.3892
4210222223,Journal of Global Academy of Marketing Science,Journal of Global Scholars of Marketing Science: Bridging Asia and the World,,Journal of Global Scholars of Marketing Science,2009,782,0.3892
22247924,Entrepreneurship and Regional Development,Entrepreneurship and Regional Development,Entrepreneurship and Regional Development,ENTREPRENEURSHIP AND REGIONAL DEVELOPMENT,58190,22679,0.3897
57522439,Australian Economic Papers,Australian Economic Papers,Australian Economic Papers,AUSTRALIAN ECONOMIC PAPERS,14599,5690,0.3898
192056284,Economics of Innovation and New Technology,Economics of Innovation and New Technology,Economics of Innovation and New Technology,Economics of Innovation and New Technology,39039,15252,0.3907
4210186947,Finance Contrôle Stratégie,Finance Controle Strategie,,,15080,5906,0.3916
121852782,Journal of Global Marketing,Journal of Global Marketing,Journal of Global Marketing,Journal of Global Marketing,25185,9868,0.3918
2764680368,Social and Environmental Accountability Journal,Social and Environmental Accountability Journal,,,8040,3151,0.3919
4210175454,Management Research The Journal of the Iberoamerican Academy of Management,Management Research: the journal of the Iberoamerican Academy of Management,,Management Research-The Journal of the Iberoamerican Academy of Management,16191,6355,0.3925
87745625,International Journal of Management Reviews,International Journal of Management Reviews,International Journal of Management Reviews,INTERNATIONAL JOURNAL OF MANAGEMENT REVIEWS,61140,24005,0.3926
138400101,Managerial and Decision Economics,Managerial and Decision Economics: the international journal of research and progress in management economics,Managerial and Decision Economics,MANAGERIAL AND DECISION ECONOMICS,90510,35539,0.3927
96544531,Applied Economics Letters,Applied Economics Letters,Applied Economics Letters,APPLIED ECONOMICS LETTERS,73933,29030,0.3927
47824075,Global Economic Review,Global Economic Review,,Global Economic Review,11162,4389,0.3932
170810187,International Journal of Bank Marketing,International Journal of Bank Marketing,International Journal of Bank Marketing,International Journal of Bank Marketing,67389,26519,0.3935
201445340,International Journal of Business Competition and Growth,International Journal of Business Competition and Growth,,,1803,710,0.3938
116955675,Asia-Pacific Financial Markets,Asia-Pacific Financial Markets,,Asia-Pacific Financial Markets,16724,6589,0.394
2765006878,The Journal of Hospitality Financial Management,The Journal of Hospitality Financial Management,,,2445,964,0.3943
97048498,The International Journal of Logistics Management,The International Journal of Logistics Management,International Journal of Logistics Management,International Journal of Logistics Management,57393,22670,0.395
183939566,Sustainability Accounting Management and Policy Journal,,,Sustainability Accounting Management and Policy Journal,36120,14266,0.395
35090897,International Journal of the Economics of Business,International Journal of the Economics of Business,International Journal of the Economics of Business,International Journal of the Economics of Business,13154,5200,0.3953
55432613,Journal of East-West Business,Journal of East-West Business,,Journal of East-West Business,14931,5913,0.396
27632631,Journal of Brand Management,Journal of Brand Management,Journal of Brand Management,Journal of Brand Management,46188,18311,0.3964
70698675,Technovation,Technovation,Technovation,TECHNOVATION,111156,44206,0.3977
33323087,Management Science,,Management Science,MANAGEMENT SCIENCE,196205,78234,0.3987
4210175461,Global Review of Accounting and Finance,Global Review of Accounting and Finance,,,1050,420,0.4
61474858,Services Marketing Quarterly,Services Marketing Quarterly,,Services Marketing Quarterly,14874,5957,0.4005
4387279745,Bankers Markets & Investors,"Bankers, Markets & Investors",,,2524,1012,0.401
125273398,The Quarterly Review of Economics and Finance,Quarterly Review of Economics and Finance,Quarterly Review of Economics and Finance,QUARTERLY REVIEW OF ECONOMICS AND FINANCE,74500,29888,0.4012
99067594,Journal of Industrial Economics,The Journal of Industrial Economics,Journal of Industrial Economics,JOURNAL OF INDUSTRIAL ECONOMICS,16600,6661,0.4013
2764516800,Journal of Small Business Strategy,Journal of Small Business Strategy,,,8099,3250,0.4013
2764882396,Borsa Istanbul Review,Borsa Istanbul Review,,Borsa Istanbul Review,36905,14848,0.4023
2798341630,Corporate Ownership and Control,Corporate Ownership and Control,,,97964,39474,0.4029
2764810659,Journal of Small Business & Entrepreneurship,Journal of Small Business and Entrepreneurship,,,31619,12757,0.4035
94083415,Journal of Behavioral Finance,Journal of Behavioral Finance,Journal of Behavioral Finance,Journal of Behavioral Finance,22538,9097,0.4036
4210170931,Annual Review of Financial Economics,Annual Review of Financial Economics,Annual Review of Financial Economics,Annual Review of Financial Economics,22746,9180,0.4036
201675752,Canadian Journal of Administrative Sciences / Revue Canadienne des Sciences de l Administration,Canadian Journal of Administrative Sciences,Canadian Journal of Administrative Sciences,CANADIAN JOURNAL OF ADMINISTRATIVE SCIENCES-REVUE CANADIENNE DES SCIENCES DE L ADMINISTRATION,32264,13026,0.4037
70175541,Management and Organization Review,Management and Organization Review,Management and Organization Review,Management and Organization Review,37204,15019,0.4037
145099083,Journal of Economics and Business,Journal of Economics and Business,,JOURNAL OF ECONOMICS AND BUSINESS,23054,9309,0.4038
4210206015,Quantitative Marketing and Economics,Quantitative Marketing and Economics,Quantitative Marketing and Economics,QME-Quantitative Marketing and Economics,8217,3318,0.4038
46803900,Macroeconomics and Finance in Emerging Market Economies,,,Macroeconomics and Finance in Emerging Market Economies,12914,5220,0.4042
43391031,International Journal of Business Environment,International Journal of Business Environment,,International Journal of Business Environment,5450,2203,0.4042
2898531903,Journal of commodity markets,Journal of Commodity Markets,Journal of Commodity Markets,Journal of Commodity Markets,15012,6071,0.4044
146918421,Social Responsibility Journal,,,Social Responsibility Journal,60314,24400,0.4045
205793605,Business Strategy and the Environment,Business Strategy and the Environment,Business Strategy and the Environment,Business Strategy and the Environment,186990,75663,0.4046
47854491,International Journal of Entrepreneurial Venturing,International Journal of Entrepreneurial Venturing,,International Journal of Entrepreneurial Venturing,7486,3030,0.4048
4210176106,Journal of Management Control,Journal of Management Control,Journal of Management Control,Journal of Management Control,19217,7784,0.4051
4210181789,Journal of the International Council for Small Business,,,Journal of the International Council for Small Business,6144,2489,0.4051
2764821879,Journal of international management studies,Journal of International Management Studies,,,286,116,0.4056
202264103,Journal of Asia Business Studies,Journal of Asia Business Studies,,Journal of Asia Business Studies,34684,14085,0.4061
146380144,International Journal of Business and Emerging Markets,International Journal of Business and Emerging Markets,,,3538,1437,0.4062
171720814,International Journal of Technology Management,,International Journal of Technology Management,INTERNATIONAL JOURNAL OF TECHNOLOGY MANAGEMENT,15405,6259,0.4063
136999626,Journal of Property Investment and Finance,Journal of Property Investment and Finance,,Journal of Property Investment & Finance,15251,6210,0.4072
81410195,Manufacturing & Service Operations Management,,Manufacturing and Service Operations Management,M&SOM-Manufacturing & Service Operations Management,39947,16270,0.4073
4210179427,Academia Revista Latinoamericana de Administración,,,Academia-Revista Latinoamericana de Administracion,19804,8080,0.408
164875865,International Journal of Banking Accounting and Finance,"International Journal of Banking, Accounting and Finance",,,3615,1477,0.4086
138197279,International Journal of Trade and Global Markets,International Journal of Trade and Global Markets,,,2994,1225,0.4092
165881774,The B E Journal of Theoretical Economics,,B.E. Journal of Theoretical Economics,B E Journal of Theoretical Economics,10024,4103,0.4093
2764987631,Academy of Marketing Studies journal,Academy of Marketing Studies Journal,,,3442,1410,0.4096
69604123,Review of Marketing Science,Review of Marketing Science,,,4192,1718,0.4098
91781374,Accounting History,Accounting History,Accounting History,Accounting History,20390,8364,0.4102
4210226649,Competitiveness Review An International Business Journal incorporating Journal of Global Competitiveness,Competitiveness Review,,Competitiveness Review,30687,12594,0.4104
1558358,Journal of Business Strategy,Journal of Business Strategy,Journal of Business Strategy,,6327,2597,0.4105
4210230413,Management Research Review,Management Research Review: Communication of emergent international management research,,Management Research Review,73897,30338,0.4105
4210237991,International Journal of Electronic Banking,International Journal of Electronic Banking,,,95,39,0.4105
98018944,Journal of business market management,Journal of Business Market Management,,,801,329,0.4107
4210181806,South Asian Journal of Business Studies,,,South Asian Journal of Business Studies,14649,6020,0.4109
126021079,International Journal of Sport Finance,International Journal of Sport Finance,,,7583,3118,0.4112
98077829,International Journal of Monetary Economics and Finance,International Journal of Monetary Economics and Finance,,,3039,1251,0.4116
191031105,Asia Pacific Journal of Marketing and Logistics,Asia Pacific Journal of Marketing and Logistics,Asia Pacific Journal of Marketing and Logistics,Asia Pacific Journal of Marketing and Logistics,84097,34613,0.4116
2058785,Journal of money credit and banking,"Journal of Money, Credit and Banking","Journal of Money, Credit and Banking",JOURNAL OF MONEY CREDIT AND BANKING,52150,21519,0.4126
71564990,Frontiers of Business Research in China,,,Frontiers of Business Research in China,10279,4244,0.4129
171484276,International Journal of Learning and Intellectual Capital,International Journal of Learning and Intellectual Capital,,INTERNATIONAL JOURNAL OF LEARNING AND INTELLECTUAL CAPITAL,4300,1779,0.4137
89611103,Global economy journal,Global Economy Journal,,Global Economy Journal,8684,3594,0.4139
149070780,Production and Operations Management,,Production and Operations Management,,105617,43728,0.414
4210183343,Journal of Creating Value,Journal of Creating Value,,Journal of Creating Value,5355,2217,0.414
134953813,Economics bulletin,Economics Bulletin,,Economics Bulletin,10700,4432,0.4142
2764964828,The Journal of Applied Management and Entrepreneurship,Journal of Applied Management and Entrepreneurship,,,656,272,0.4146
91071628,Journal of East European Management Studies,Journal of East European Management Studies,,Journal of East European Management Studies,6583,2731,0.4149
76900604,International Journal of Strategic Change Management,International Journal of Strategic Change Management,,,3111,1291,0.415
45224653,Journal of Research in Interactive Marketing,Journal of Research in Interactive Marketing,,Journal of Research in Interactive Marketing,28979,12029,0.4151
172782825,California Management Review,California Management Review,California Management Review,CALIFORNIA MANAGEMENT REVIEW,3143,1306,0.4155
22496144,Foundations and Trends® in Finance,Foundations and Trends in Finance,,,2356,979,0.4155
184446198,Journal of Public Economic Theory,Journal of Public Economic Theory,Journal of Public Economic Theory,Journal of Public Economic Theory,25938,10785,0.4158
130699561,Technology Analysis and Strategic Management,,Technology Analysis and Strategic Management,TECHNOLOGY ANALYSIS & STRATEGIC MANAGEMENT,85135,35432,0.4162
164338815,EuroMed Journal of Business,EuroMed Journal of Business,,EuroMed Journal of Business,29923,12458,0.4163
4210174125,Global Journal of Economics,Global Journal of Economics,,,561,234,0.4171
145507837,Industrial and Corporate Change,Industrial and Corporate Change,Industrial and Corporate Change,INDUSTRIAL AND CORPORATE CHANGE,62329,26006,0.4172
23218617,Journal of International Trade & Economic Development,,,Journal of International Trade & Economic Development,36964,15420,0.4172
2764352250,Indian Journal of Marketing,Indian Journal of Marketing,,,321,134,0.4174
93284759,Journal of Business Research,Journal of Business Research,Journal of Business Research,Journal of Business Research,637217,266094,0.4176
62069514,The Journal of Entrepreneurship,The Journal of Entrepreneurship,,Journal of Entrepreneurship,13060,5454,0.4176
4210189013,Management Review Quarterly,Management Review Quarterly,,Management Review Quarterly,44155,18442,0.4177
196955526,Journal of Asia-Pacific Business,Journal of Asia Pacific Business,,,10970,4598,0.4191
115237062,Journal of Economics & Management Strategy,Journal of Economics and Management Strategy,Journal of Economics and Management Strategy,JOURNAL OF ECONOMICS & MANAGEMENT STRATEGY,26335,11038,0.4191
134094273,Human Resource Management,,Human Resource Management,HUMAN RESOURCE MANAGEMENT,70770,29673,0.4193
2798767114,Corporate Board role duties and composition,"Corporate Board: role, duties and composition",,,13583,5697,0.4194
170913539,Bulletin of Economic Research,Bulletin of Economic Research,Bulletin of Economic Research,BULLETIN OF ECONOMIC RESEARCH,22916,9626,0.4201
4210241102,Innovation & Management Review,,,Innovation & Management Review,7211,3031,0.4203
127111275,Accounting and the Public Interest,Accounting and the Public Interest,,,4571,1921,0.4203
23257470,Journal of Property Research,Journal of Property Research,,,11152,4689,0.4205
4210172917,International Review of Business Research Papers,International Review of Business Research Papers,,,849,357,0.4205
152897404,Research-Technology Management,Research Technology Management: international journal of research management,Research Technology Management,RESEARCH-TECHNOLOGY MANAGEMENT,7163,3013,0.4206
4210207936,Schmalenbach Business Review,Schmalenbach Business Review,Schmalenbach Business Review,,12910,5431,0.4207
132285554,Creativity and Innovation Management,Creativity and Innovation Management,Creativity and Innovation Management,Creativity and Innovation Management,48232,20297,0.4208
185325801,Journal of Korea Trade,,,Journal of Korea Trade,2600,1094,0.4208
4210218316,European Journal of Management and Business Economics,European Journal of Management and Business Economics,,European Journal of Management and Business Economics,16486,6941,0.421
168680943,Annals of economics and finance,Annals of the Economics and Finance,,Annals of Economics and Finance,2883,1215,0.4214
188742231,International Journal of Innovation Science,International Journal of Innovation Science,,International Journal of Innovation Science,25373,10696,0.4216
2764482395,Journal of business & entrepreneurship,Journal of Business and Entrepreneurship,,,590,249,0.422
34937439,International Journal of Globalisation and Small Business,International Journal of Globalisation and Small Business,,,2504,1057,0.4221
2764804572,Economic Theory Bulletin,Economic Theory Bulletin,,Economic Theory Bulletin,5203,2199,0.4226
44261207,Hitotsubashi journal of economics,Hitotsubashi Journal of Economics,,HITOTSUBASHI JOURNAL OF ECONOMICS,1959,828,0.4227
38196630,Asia-Pacific Journal of Business Administration,Asia-Pacific Journal of Business Administration,,Asia-Pacific Journal of Business Administration,28284,11962,0.4229
4210173453,AMS Review,AMS Review,,,21885,9263,0.4233
100711025,Review of Derivatives Research,Review of Derivatives Research,Review of Derivatives Research,Review of Derivatives Research,5914,2504,0.4234
177792750,Decision Sciences,Decision Sciences,Decision Sciences,DECISION SCIENCES,35676,15109,0.4235
181870614,Journal of Financial Economic Policy,,,Journal of Financial Economic Policy,19066,8076,0.4236
207154782,Journal of Financial Econometrics,Journal of Financial Econometrics,Journal of Financial Econometrics,Journal of Financial Econometrics,18933,8025,0.4239
4210171825,American Business Review,American Business Review,,,8196,3475,0.424
4210189271,Leadership & Organization Development Journal,Leadership and Organization Development Journal,Leadership and Organization Development Journal,LEADERSHIP & ORGANIZATION DEVELOPMENT JOURNAL,57598,24424,0.424
5984737,Journal of Financial Intermediation,Journal of Financial Intermediation,Journal of Financial Intermediation,JOURNAL OF FINANCIAL INTERMEDIATION,20165,8550,0.424
579031,Economic Theory,Economic Theory,Economic Theory,ECONOMIC THEORY,38928,16514,0.4242
201533460,Applied Economics,Applied Economics,Applied Economics,APPLIED ECONOMICS,255722,108541,0.4244
61992289,Journal of Advertising Research,Journal of Advertising Research,Journal of Advertising Research,JOURNAL OF ADVERTISING RESEARCH,23050,9782,0.4244
52073566,International Journal of Technology Transfer and Commercialisation,International Journal of Technology Transfer and Commercialisation,,,2255,957,0.4244
2764672172,Academy of Accounting and Financial Studies journal,Academy of Accounting and Financial Studies Journal,,,5136,2181,0.4246
79007945,Business Ethics A European Review,,"Business Ethics, the Environment & Reponsibility",,27058,11490,0.4246
2764678689,Accounting and Finance Research,Accounting and Finance Research,,,18577,7899,0.4252
93195727,International Journal of Management and Enterprise Development,International Journal of Management and Enterprise Development,,,4201,1787,0.4254
4210193709,Asia Pacific Journal of Innovation and Entrepreneurship,Asia Pacific Journal of Innovation and Entrepreneurship,,Asia Pacific Journal of Innovation and Entrepreneurship,8018,3412,0.4255
141901250,Strategic Change,,Strategic Change,Strategic Change-Briefings in Entrepreneurial Finance,32800,13959,0.4256
66201313,Journal of Business Venturing,Journal of Business Venturing,Journal of Business Venturing,JOURNAL OF BUSINESS VENTURING,79298,33761,0.4257
34139249,The RAND Journal of Economics,RAND Journal of Economics,RAND Journal of Economics,RAND JOURNAL OF ECONOMICS,21085,8984,0.4261
49331332,Service Industries Journal,Service Industries Journal,Service Industries Journal,SERVICE INDUSTRIES JOURNAL,79984,34080,0.4261
4210191533,Customer Needs and Solutions,Customer Needs and Solutions,,,6233,2656,0.4261
136286870,Journal of Indian Business Research,Journal of Indian Business Research,,Journal of Indian Business Research,19002,8108,0.4267
44376543,Business & Society,Business and Society,Business and Society,Business & Society,52368,22358,0.4269
2764560602,International Journal of Business Strategy,International Journal of Business Strategy,,,351,150,0.4274
136745531,Macroeconomic Dynamics,Macroeconomic Dynamics,Macroeconomic Dynamics,MACROECONOMIC DYNAMICS,48543,20784,0.4282
51184730,International Journal of Business Excellence,International Journal of Business Excellence,,,8505,3643,0.4283
4210207324,Journal of Database Marketing & Customer Strategy Management,Journal of Database Marketing and Customer Strategy Management,,,2094,897,0.4284
4404664192,Journal of securities operations & custody,Journal of Securities Operations and Custody,,,14,6,0.4286
105567970,European Management Journal,European Management Journal,European Management Journal,European Management Journal,97294,41732,0.4289
95323914,Journal of Political Economy,Journal of Political Economy,Journal of Political Economy,JOURNAL OF POLITICAL ECONOMY,39237,16846,0.4293
8557221,Journal of Labor Economics,Journal of Labor Economics,Journal of Labor Economics,JOURNAL OF LABOR ECONOMICS,23675,10169,0.4295
154432073,Foundations and Trends® in Technology Information and Operations Management,"Foundations and Trends in Technology, Information and Operations Management",,,1234,530,0.4295
62126747,The Singapore Economic Review,Singapore Economic Review,,SINGAPORE ECONOMIC REVIEW,43816,18828,0.4297
71783669,Review of International Economics,Review of International Economics,Review of International Economics,Review of International Economics,33428,14372,0.4299
3409213,Service Business,Service Business: an international journal,,Service Business,32048,13781,0.43
34649780,Measuring Business Excellence,Measuring Business Excellence,,Measuring Business Excellence,21423,9227,0.4307
117778295,Academy of Management Journal,Academy of Management Journal,Academy of Management Journal,ACADEMY OF MANAGEMENT JOURNAL,115440,49743,0.4309
967494592,Global Business Review,Global Business Review,,Global Business Review,78145,33674,0.4309
47993699,Journal of Engineering and Technology Management,Journal of Engineering and Technology Management,Journal of Engineering and Technology Management - JE,JOURNAL OF ENGINEERING AND TECHNOLOGY MANAGEMENT,34870,15041,0.4313
4210179748,Audit Financiar,Financial Audit,,,1982,856,0.4319
9019866,Journal of Transnational Management,Journal of Transnational Management,,,9436,4079,0.4323
69065261,International Journal of Inventory Research,International Journal of Inventory Research,,,201,87,0.4328
4210168739,M n gement,M@n@gement,M@n@gement,Management,16557,7168,0.4329
2898402987,Spanish Journal of Marketing - ESIC,,,Spanish Journal of Marketing-ESIC,14955,6476,0.433
11647023,Applied Economics Quarterly,Applied Economics Quarterly,,,6112,2649,0.4334
123914889,International Journal of Entrepreneurship and Small Business,International Journal of Entrepreneurship and Small Business,,International Journal of Entrepreneurship & Small Business,23512,10190,0.4334
196564809,The B E Journal of Macroeconomics,The BE Journal of Macroeconomics,B.E. Journal of Macroeconomics,B E Journal of Macroeconomics,14185,6153,0.4338
27614628,Academy of Management Annals,The Academy of Management Annals,Academy of Management Annals,Academy of Management Annals,85861,37252,0.4339
82530445,Romanian Journal of Economic Forecasting,,,Romanian Journal of Economic Forecasting,4316,1874,0.4342
33741590,Academy of Management Perspectives,,Academy of Management Perspectives,Academy of Management Perspectives,35008,15210,0.4345
45303301,Critical Perspectives on International Business,Critical Perspectives on International Business,Critical Perspectives on International Business,Critical Perspectives on International Business,22413,9751,0.4351
117460449,Asia Pacific Business Review,Asia Pacific Business Review,Asia Pacific Business Review,Asia Pacific Business Review,36999,16106,0.4353
192266589,Group & Organization Management,,Group and Organization Management,GROUP & ORGANIZATION MANAGEMENT,49396,21515,0.4356
200838492,Manchester School,The Manchester School,Manchester School,MANCHESTER SCHOOL,24139,10519,0.4358
11810700,International Journal of Research in Marketing,International Journal of Research in Marketing,International Journal of Research in Marketing,INTERNATIONAL JOURNAL OF RESEARCH IN MARKETING,50299,21932,0.436
2735550652,Journal of the Association of Environmental and Resource Economists,Journal of the Association of Environmental and Resource Economists,Journal of the Association of Environmental and Resource,Journal of the Association of Environmental and Resource Economists,17436,7612,0.4366
55985146,International Journal of Services Sciences,International Journal of Services Sciences,,,1246,544,0.4366
4210221200,J for International Business and Entrepreneurship Development,,,Journal for International Business and Entrepreneurship Development,2788,1218,0.4369
4210240690,Journal of Asian Business and Economic Studies,,,Journal of Asian Business and Economic Studies,6824,2982,0.437
2764774255,Asian Journal of Finance & Accounting,Asian Journal of Finance and Accounting,,,11546,5047,0.4371
157427695,International Journal of Islamic and Middle Eastern Finance and Management,International Journal of Islamic and Middle Eastern Finance and Management,,International Journal of Islamic and Middle Eastern Finance and Management,24997,10930,0.4373
55766468,International Studies of Management and Organization,International Studies of Management and Organization,International Studies of Management and Organization,INTERNATIONAL STUDIES OF MANAGEMENT & ORGANIZATION,21479,9395,0.4374
191114782,Journal of Fashion Marketing and Management,Journal of Fashion Marketing and Management,,Journal of Fashion Marketing and Management,30931,13545,0.4379
997943089,Foundations and Trends® in Marketing,Foundations and Trends in Marketing,,Foundations and Trends in Marketing,2725,1195,0.4385
2737963727,Indonesian Capital Market Review,,,Indonesian Capital Market Review,2063,905,0.4387
179979277,International Economic Review,International Economic Review,International Economic Review,INTERNATIONAL ECONOMIC REVIEW,38709,17001,0.4392
49327401,Journal of Sports Economics,Journal of Sports Economics,,Journal of Sports Economics,16437,7227,0.4397
194824457,The Geneva Risk and Insurance Review,The Geneva Risk and Insurance Review,Geneva Risk and Insurance Review,Geneva Risk and Insurance Review,5807,2554,0.4398
160194987,Journal of Industry Competition and Trade,"Journal of Industry, Competition and Trade: from theory to policy",,Journal of Industry Competition & Trade,12941,5693,0.4399
2764768042,Journal of Economics Finance and Administrative Science,"Journal of Economics, Finance and Administrative Science",,Journal of Economics Finance and Administrative Science,9849,4335,0.4401
116184629,National Tax Journal,National Tax Journal,National Tax Journal,NATIONAL TAX JOURNAL,11998,5285,0.4405
92709572,Journal of Interactive Marketing,Journal of Interactive Marketing,Journal of Interactive Marketing,JOURNAL OF INTERACTIVE MARKETING,29455,12978,0.4406
103378164,Journal of Euromarketing,Journal of Euromarketing,,,11791,5196,0.4407
2764351440,Accounting & taxation,Accounting & Taxation,,,397,175,0.4408
4210232289,Annals in Social Responsibility,,,Annals in Social Responsibility,1316,581,0.4415
171812798,Metroeconomica,Metroeconomica: international review of economics,,Metroeconomica,20545,9070,0.4415
2764519517,Bestuursdinamika,Management Dynamics,,,120,53,0.4417
2764827305,International Journal of Financial Studies,International Journal of Financial Studies,,International Journal of Financial Studies,40945,18092,0.4419
155657779,International Journal of Business Innovation and Research,International Journal of Business Innovation and Research,,,9651,4265,0.4419
2764716688,Journal of International Finance and Economics,Journal of International Finance and Economics,,,131,58,0.4427
158705510,Journal of Economic Studies,Journal of Economic Studies,,JOURNAL OF ECONOMIC STUDIES,47121,20867,0.4428
88045947,The International Trade Journal,The International Trade Journal,,International Trade Journal,14114,6251,0.4429
23246025,Corporate Reputation Review,Corporate Reputation Review: an international journal,,CORPORATE REPUTATION REVIEW,21763,9638,0.4429
158129444,Journal of Developmental Entrepreneurship,Journal of Developmental Entrepreneurship,,Journal of Developmental Entrepreneurship,23750,10529,0.4433
103309803,International Journal of Quality and Service Sciences,International Journal of Quality and Service Sciences,,International Journal of Quality and Service Sciences,22399,9939,0.4437
3035068822,Journal of Organization Design,,,Journal of Organization Design,9507,4220,0.4439
2764400943,Journal of Global Fashion Marketing,Journal of Global Fashion Marketing,,Journal of Global Fashion Marketing,16877,7498,0.4443
114193083,Chinese Economy,The Chinese Economy: translation and studies,,CHINESE ECONOMY,12146,5403,0.4448
4210204469,International Journal of Economics and Accounting,International Journal of Economics and Accounting,,,2442,1087,0.4451
18469005,Latin American Business Review,Latin American Business Review,,Latin American Business Review,11124,4958,0.4457
2764783623,Asian Journal of Business and Accounting,Asian Journal of Business and Accounting,,Asian Journal of Business and Accounting,9108,4062,0.446
11782782,Australasian Marketing Journal (AMJ),Australasian Marketing Journal,Australasian Marketing Journal,Australasian Marketing Journal,36011,16077,0.4464
121634618,Journal of Financial Stability,Journal of Financial Stability,Journal of Financial Stability,Journal of Financial Stability,53971,24093,0.4464
1086168,International Journal of Critical Accounting,International Journal of Critical Accounting,,,3751,1677,0.4471
129963087,Journal of Islamic accounting and business research,Journal of Islamic Accounting and Business Research,,Journal of Islamic Accounting and Business Research,35256,15766,0.4472
74137692,International Journal of Technoentrepreneurship,International Journal of Technoentrepreneurship,,,362,162,0.4475
2764532243,Korean Economic Review/The Korean economic review,,,Korean Economic Review,2236,1001,0.4477
113338421,International Journal of Business Performance Management,International Journal of Business Performance Management,,International Journal of Business Performance Management,4955,2221,0.4482
2898242091,Journal of Business Venturing Insights,Journal of Business Venturing Insights,Journal of Business Venturing Insights,,27602,12374,0.4483
2764889392,Accounting Historians Journal,Accounting Historians Journal,Accounting Historians Journal,Accounting Historians Journal,4423,1983,0.4483
206124708,Organization Science,Organization Science,Organization Science,ORGANIZATION SCIENCE,123735,55487,0.4484
200274427,Pacific Economic Review,Pacific Economic Review,Pacific Economic Review,Pacific Economic Review,15820,7105,0.4491
58276920,Journal of European real estate research,Journal of European Real Estate Research,,Journal of European Real Estate Research,10796,4850,0.4492
2898542531,Revista de Contabilidad,,,Revista de Contabilidad-Spanish Accounting Review,20969,9420,0.4492
148814761,Journal of International Consumer Marketing,Journal of International Consumer Marketing,,Journal of International Consumer Marketing,28693,12892,0.4493
64831726,Journal of Leadership & Organizational Studies,Journal of Leadership and Organizational Studies,,Journal of Leadership & Organizational Studies,37440,16832,0.4496
4210170805,Marketing ZFP,Marketing ZFP: Journal of Research and Management,,,1561,702,0.4497
4210185932,J for Global Business Advancement,Journal for Global Business Advancement,,,4064,1829,0.45
4404675641,International journal of business science & applied management.,International Journal of Business Science and Applied Management,,,4392,1978,0.4504
2736592181,Revista Contabilidade & Finanças,Accounting and Finance Review,,,20825,9397,0.4512
129650269,Open Economies Review,Open Economies Review,,OPEN ECONOMIES REVIEW,23652,10688,0.4519
196034224,MIT Sloan management review,MIT Sloan Management Review: MIT's journal of management research and ideas,MIT Sloan Management Review,MIT SLOAN MANAGEMENT REVIEW,135,61,0.4519
2764555313,International Journal of Business,International Journal of Business,,International Journal of Business,5261,2378,0.452
19785326,The Marketing Review,The Marketing Review,,,3098,1401,0.4522
8124760,Journal of Management & Organization,Journal of Management and Organization,Journal of Management and Organization,Journal of Management & Organization,93077,42093,0.4522
4210181832,Total Quality Management & Business Excellence,Total Quality Management and Business Excellence,Total Quality Management and Business Excellence,TOTAL QUALITY MANAGEMENT & BUSINESS EXCELLENCE,77673,35192,0.4531
4210190792,South Asian Journal of Macroeconomics and Public Finance,South Asian Journal of Macroeconomics and Public Finance,,South Asian Journal of Macroeconomics and Public Finance,3990,1809,0.4534
2764412428,Investment Management and Financial Innovations,Investment Management and Financial Innovations,,,35383,16056,0.4538
10615428,Journal of Real Estate Literature,Journal of Real Estate Literature,,,4872,2211,0.4538
55416568,International Journal of Procurement Management,International Journal of Procurement Management,,,9793,4446,0.454
4210175448,Recherche et Applications en Marketing (French Edition),Recherche et Applications en Marketing,,Recherche et Applications en Marketing-English Edition,24746,11239,0.4542
1008349740,Foundations and Trends® in Accounting,Foundations and Trends in Accounting,,,1424,647,0.4544
4210187585,Small Enterprise Research,Small Enterprise Research,,Small Enterprise Research,12185,5541,0.4547
4210202650,Academy of Management Discoveries,Academy of Management Discoveries,Academy of Management Discoveries,Academy of Management Discoveries,17619,8013,0.4548
31040931,International Journal of Electronic Customer Relationship Management,International Journal of Electronic Customer Relationship Management,,,2877,1309,0.455
4210240749,Indonesian Journal of Sustainability Accounting and Management,,,Indonesian Journal of Sustainability Accounting and Management,5349,2435,0.4552
116483603,Journal of Risk & Insurance,Journal of Risk and Insurance,Journal of Risk and Insurance,JOURNAL OF RISK AND INSURANCE,23102,10528,0.4557
2764580720,Journal of Global Scholars of Marketing Science,Journal of Global Scholars of Marketing Science: Bridging Asia and the World,,Journal of Global Scholars of Marketing Science,20394,9298,0.4559
2764691195,Journal of Accounting and Management Information Systems,Journal of Accounting and Management Information Systems,,,3694,1685,0.4561
2764881094,International journal of business and economics,International Journal of Business and Economics,,,3418,1561,0.4567
10747938,Journal of International Money and Finance,Journal of International Money and Finance: theoretical and empirical research in international economics and finance,Journal of International Money and Finance,JOURNAL OF INTERNATIONAL MONEY AND FINANCE,96358,44018,0.4568
23254222,American Economic Review,American Economic Review,American Economic Review,AMERICAN ECONOMIC REVIEW,104734,47839,0.4568
4404663278,Journal of economic and administrative sciences.,Journal of Economic and Administrative Sciences,,Journal of Economic and Administrative Sciences,24760,11316,0.457
156003414,Quantitative Economics,Quantitative Economics,Quantitative Economics,Quantitative Economics,20964,9581,0.457
76440981,Canadian Journal of Economics/Revue canadienne d économique,,Canadian Journal of Economics,CANADIAN JOURNAL OF ECONOMICS-REVUE CANADIENNE D ECONOMIQUE,35733,16338,0.4572
70935693,Japan and the World Economy,Japan and the World Economy,,JAPAN AND THE WORLD ECONOMY,14270,6526,0.4573
2765036513,Australasian Accounting Business and Finance Journal,Australasian Accounting Business and Finance Journal,,Australasian Accounting Business and Finance Journal,16281,7448,0.4575
40285785,Journal of Applied Economics,Journal of Applied Economics,,Journal of Applied Economics,17256,7895,0.4575
4387281549,International Studies of Economics,,,International Studies of Economics,3098,1419,0.458
34975756,Journal of Global Responsibility,Journal of Global Responsibility,,Journal of Global Responsibility,18649,8541,0.458
22431819,International Economic Journal,International Economic Journal,,INTERNATIONAL ECONOMIC JOURNAL,18098,8294,0.4583
2764372386,Journal of Behavioral and Experimental Finance,Journal of Behavioral and Experimental Finance,,Journal of Behavioral and Experimental Finance,38817,17791,0.4583
141184754,Economic Modelling,Economic Modelling,Economic Modelling,ECONOMIC MODELLING,240519,110278,0.4585
197145128,Journal of Organizational Change Management,Journal of Organizational Change Management,Journal of Organizational Change Management,JOURNAL OF ORGANIZATIONAL CHANGE MANAGEMENT,58373,26762,0.4585
4394735563,Journal of applied corporate finance,Journal of Applied Corporate Finance,Journal of Applied Corporate Finance,Journal of Applied Corporate Finance,3482,1598,0.4589
4210188240,Journal of Organizational Effectiveness People and Performance,Journal of Organizational Effectiveness: People and Performance,,Journal of Organizational Effectiveness-People and Performance,23695,10891,0.4596
144472306,Journal of Manufacturing Technology Management,Journal of Manufacturing Technology Management,Journal of Manufacturing Technology Management,Journal of Manufacturing Technology Management,57310,26348,0.4597
192723185,Knowledge Management Research & Practice,,,Knowledge Management Research & Practice,48173,22165,0.4601
4162551,International Journal of Gender and Entrepreneurship,,,International Journal of Gender and Entrepreneurship,19235,8859,0.4606
65047066,International Journal of Services and Standards,International Journal of Services and Standards,,,2157,994,0.4608
4210169982,Eurasian economic review :,,,Eurasian Economic Review,14299,6591,0.4609
2764812334,Quality Management Journal,Quality Management Journal,,Quality Management Journal,12799,5900,0.461
2764354898,Journal of Comparative International Management,Journal of Comparative International Management,,,2844,1313,0.4617
165789823,Journal of Consumer Marketing,Journal of Consumer Marketing,Journal of Consumer Marketing,JOURNAL OF CONSUMER MARKETING,51374,23723,0.4618
157600745,International Journal of Productivity and Performance Management,International Journal of Productivity and Performance Management,,International Journal of Productivity and Performance Management,87970,40644,0.462
125977778,International Journal of Contemporary Hospitality Management,International Journal of Contemporary Hospitality Management,International Journal of Contemporary Hospitality Manage,International Journal of Contemporary Hospitality Management,147510,68174,0.4622
4210206470,Journal of Sustainable Finance & Investment,Journal of Sustainable Finance and Investment,,Journal of Sustainable Finance & Investment,21200,9799,0.4622
92565720,Oxford Bulletin of Economics and Statistics,Oxford Bulletin of Economics and Statistics,Oxford Bulletin of Economics and Statistics,OXFORD BULLETIN OF ECONOMICS AND STATISTICS,35317,16330,0.4624
178258306,Empirical Economics,"Empirical Economics: a quarterly journal of the Institute for Advanced Studies, Vienna",Empirical Economics,Empirical Economics,100889,46673,0.4626
34280410,Journal of Productivity Analysis,Journal of Productivity Analysis,Journal of Productivity Analysis,JOURNAL OF PRODUCTIVITY ANALYSIS,23544,10894,0.4627
49164534,Journal of International Commerce Economics and Policy,,,Journal of International Commerce Economics and Policy,8806,4076,0.4629
4210226759,Quantitative Finance and Economics,,,Quantitative Finance and Economics,11961,5539,0.4631
4210198644,Economics of Transition and Institutional Change,Economics of Transition and Institutional Change,Economics of Transition,Economics of Transition and Institutional Change,10930,5066,0.4635
126354654,Journal of Financial Services Marketing,Journal of Financial Services Marketing,,Journal of Financial Services Marketing,27627,12809,0.4636
114724389,Journal of African Business,Journal of African Business,,Journal of African Business,24108,11178,0.4637
37738278,Knowledge and Process Management,Knowledge and Process Management (Print Edition): the journal of corporate transformation,Knowledge and Process Management,Knowledge and Process Management,23713,10997,0.4638
4210191200,Applied Economic Analysis,,,Applied Economic Analysis,3299,1531,0.4641
2764920710,International journal of management and marketing research,International Journal of Management and Marketing Research,,,502,233,0.4641
4210174288,American Economic Review Insights,American Economic Review: Insights,American Economic Review: Insights,American Economic Review-Insights,5205,2417,0.4644
2898275063,European Research on Management and Business Economics,European Research on Management and Business Economics,,European Research on Management and Business Economics,17313,8044,0.4646
10891802,International Journal of Technology Intelligence and Planning,International Journal of Technology Intelligence and Planning,,,2466,1146,0.4647
4210182956,Journal of Marketing Analytics,Journal of Marketing Analytics,,Journal of Marketing Analytics,23502,10921,0.4647
146522396,Annals of Finance,Annals of Finance,,Annals of Finance,9723,4519,0.4648
85739584,Journal of Applied Econometrics,Journal of Applied Econometrics,Journal of Applied Econometrics,JOURNAL OF APPLIED ECONOMETRICS,35952,16715,0.4649
183232449,International Journal of Industrial Organization,International Journal of Industrial Organization,International Journal of Industrial Organization,INTERNATIONAL JOURNAL OF INDUSTRIAL ORGANIZATION,36047,16778,0.4654
137166528,International Journal of Knowledge Management Studies,,,International Journal of Knowledge Management Studies,3080,1435,0.4659
111496547,Scottish Journal of Political Economy,Scottish Journal of Political Economy,Scottish Journal of Political Economy,SCOTTISH JOURNAL OF POLITICAL ECONOMY,16988,7914,0.4659
139289085,Qualitative Market Research An International Journal,Qualitative Market Research: an international journal,Qualitative Market Research,Qualitative Market Research,28057,13071,0.4659
4210226106,Cuadernos de Gestión,,,Cuadernos de Gestion,11768,5486,0.4662
193530623,Studies in Nonlinear Dynamics and Econometrics,Studies in Nonlinear Dynamics and Econometrics,,STUDIES IN NONLINEAR DYNAMICS AND ECONOMETRICS,17883,8338,0.4663
4210188777,Recherche et Applications en Marketing (English Edition),Recherche et Applications en Marketing,,Recherche et Applications en Marketing-English Edition,25468,11878,0.4664
125379575,Journal of Chinese Economic and Foreign Trade Studies,Journal of Chinese Economic and Foreign Trade Studies,,Journal of Chinese Economic and Foreign Trade Studies,7365,3436,0.4665
4210181465,Transnational corporations,Transnational Corporations,Transnational Corporations,,2342,1093,0.4667
32948690,Qualitative Research in Financial Markets,Qualitative Research in Financial Markets,,Qualitative Research in financial Markets,21866,10205,0.4667
4394735609,Foreign Trade Review,,,Foreign Trade Review,7922,3698,0.4668
149146142,International Journal of Innovation and Technology Management,International Journal of Innovation and Technology Management,,International Journal of Innovation and Technology Management,46158,21550,0.4669
2165841,International Finance,International Finance,,International Finance,9915,4632,0.4672
4210202595,International Journal of Financial Engineering,,,International Journal of Financial Engineering,10769,5037,0.4677
180492355,Public Finance Review,,Public Finance Review,PUBLIC FINANCE REVIEW,14635,6851,0.4681
178563901,Society and Business Review,Society and Business Review,,Society and Business Review,19005,8899,0.4682
140551370,Cornell Hospitality Quarterly,Cornell Hospitality Quarterly,,Cornell Hospitality Quarterly,29186,13686,0.4689
4394736890,International Real Estate Review,International Real Estate Review,,International Real Estate Review,6845,3210,0.469
131077017,International Journal of Behavioural Accounting and Finance,International Journal of Behavioural Accounting and Finance,,,2112,991,0.4692
84664706,Personnel Psychology,,Personnel Psychology,PERSONNEL PSYCHOLOGY,43885,20595,0.4693
65528657,Journal of Regional Science,,Journal of Regional Science,JOURNAL OF REGIONAL SCIENCE,33216,15602,0.4697
121321708,Transportation Journal,Transportation Journal,,TRANSPORTATION JOURNAL,14235,6691,0.47
42192170,International Tax and Public Finance,International Tax and Public Finance,International Tax and Public Finance,INTERNATIONAL TAX AND PUBLIC FINANCE,29749,13984,0.4701
4210193400,Economic Change and Restructuring,"Economic Change and Restructuring: an international journal devoted to the study of comparative economics, planning and development",Economic Change and Restructuring,Economic Change and Restructuring,34463,16207,0.4703
112983894,Portuguese Economic Journal,Portuguese Economic Journal,,Portuguese Economic Journal,7637,3592,0.4703
66524056,Journal of Business Economics and Management,,,Journal of Business Economics and Management,46471,21862,0.4704
3034727917,Financial Innovation,Financial Innovation,,Financial Innovation,37304,17549,0.4704
139232146,Personnel Review,,Personnel Review,PERSONNEL REVIEW,85442,40224,0.4708
4306508649,Journal of Industrial and Business Economics,Economia e Politica Industriale,,Journal of Industrial and Business Economics,18661,8792,0.4711
163499366,Review of Economic Dynamics,Review of Economic Dynamics,Review of Economic Dynamics,REVIEW OF ECONOMIC DYNAMICS,35494,16745,0.4718
4394735606,International Journal of Management and Economics,,,International Journal of Management and Economics,5104,2416,0.4734
153861934,Journal of Marketing Education,Journal of Marketing Education,Journal of Marketing Education,,16415,7772,0.4735
2764581894,Southern African Journal of Accountability and Auditing Research,Southern African Journal of Accountability and Auditing Research,,Southern African Journal of Accountability and Auditing Research-SAJAAR,1528,724,0.4738
4210181162,Journal of Service Management Research,Journal of Service Management Research,,,1745,828,0.4745
45372229,World Economy,The World Economy,World Economy,WORLD ECONOMY,71297,33890,0.4753
2764833774,Accounting History Review,Accounting History Review,Accounting History Review,Accounting History Review,9289,4415,0.4753
4210219434,South African Journal of Accounting Research,South African Journal of Accounting Research,,South African Journal of Accounting Research,6072,2889,0.4758
46763546,Academy of Management Review,Academy of Management Review,Academy of Management Review,ACADEMY OF MANAGEMENT REVIEW,72678,34608,0.4762
4210221741,Organizations and Markets in Emerging Economies,Organizations and Markets in Emerging Economies,,Organizations and Markets in Emerging Economies,11254,5362,0.4765
41393910,Behavioral Research in Accounting,Behavioral Research in Accounting,Behavioral Research in Accounting,Behavioral Research in Accounting,13795,6576,0.4767
149131268,Journal of Economic Theory,Journal of Economic Theory,Journal of Economic Theory,JOURNAL OF ECONOMIC THEORY,70894,33805,0.4768
102624508,The Learning Organization,The Learning Organization: the international journal of knowledge and organizational learning management,,Learning Organization,25610,12214,0.4769
4210203263,Asian Journal of Accounting and Governance,,,Asian Journal of Accounting and Governance,8193,3909,0.4771
36178057,Economics Letters,Economics Letters,Economics Letters,ECONOMICS LETTERS,96820,46204,0.4772
19358283,International Journal of Advertising,International Journal of Advertising,International Journal of Advertising,International Journal of Advertising,47528,22685,0.4773
165253824,Scandinavian Journal of Economics,Scandinavian Journal of Economics,Scandinavian Journal of Economics,SCANDINAVIAN JOURNAL OF ECONOMICS,28376,13558,0.4778
207627288,International Journal of Integrated Supply Management,International Journal of Integrated Supply Management,,,3006,1437,0.478
58879488,Journal of Financial Regulation and Compliance,Journal of Financial Regulation and Compliance,,Journal of Financial Regulation and Compliance,14628,6993,0.4781
119950638,Journal of Marketing Research,Journal of Marketing Research,Journal of Marketing Research,JOURNAL OF MARKETING RESEARCH,54119,25877,0.4782
3416249,Review of Industrial Organization,Review of Industrial Organization,Review of Industrial Organization,REVIEW OF INDUSTRIAL ORGANIZATION,22213,10623,0.4782
4210191553,Journal of Law Finance and Accounting,,,Journal of Law Finance and Accounting,916,438,0.4782
2898603574,RAUSP Management Journal,,,RAUSP Management Journal,9676,4633,0.4788
61350954,Journal of Advances in Management Research,Journal of Advances in Management Research,,Journal of Advances in Management Research,24326,11657,0.4792
25235501,Journal of Retailing and Consumer Services,Journal of Retailing and Consumer Services,Journal of Retailing and Consumer Services,Journal of Retailing and Consumer Services,262802,125947,0.4792
206364101,Economic Notes,Economic Notes,,Economic Notes,9416,4513,0.4793
2764403712,International Journal of Business Research,International Journal of Business Research,,,577,277,0.4801
20489460,Benchmarking An International Journal,Benchmarking: an international journal,,Benchmarking-An International Journal,128151,61561,0.4804
187151359,International Journal of Economics and Business Research,International Journal of Economics and Business Research,,,6657,3199,0.4805
95464858,Econometrica,Econometrica: journal of the Econometric Society,Econometrica,ECONOMETRICA,38860,18677,0.4806
7161550,Spatial Economic Analysis,,,Spatial Economic Analysis,18108,8703,0.4806
41930762,Japanese Economic Review,Japanese Economic Review,,JAPANESE ECONOMIC REVIEW,13770,6625,0.4811
148909191,Marketing Letters,Marketing Letters,Marketing Letters,MARKETING LETTERS,23122,11131,0.4814
4210217951,Journal of risk and financial management,Journal of Risk and Financial Management,,,148829,71691,0.4817
149050951,Journal of Chinese Economic and Business Studies,Journal of Chinese Economics and Business Studies,,Journal of Chinese Economic and Business Studies,13454,6484,0.4819
4210206464,International journal of organizational analysis,International Journal of Organizational Analysis,,International Journal of Organizational Analysis,74601,35958,0.482
178202027,International Journal of Services and Operations Management,International Journal of Services and Operations Management,,,14926,7199,0.4823
113497174,Human Resource Management Journal,,Human Resource Management Journal,Human Resource Management Journal,37085,17887,0.4823
998097505,The Journal of Law and Economics,The Journal of Law and Economics,Journal of Law and Economics,JOURNAL OF LAW & ECONOMICS,17252,8325,0.4826
2764865913,Economics and Business Letters,,,Economics and Business Letters,7221,3485,0.4826
48661868,China & World Economy,China and World Economy,,China & World Economy,16470,7951,0.4828
158011328,American Economic Journal Economic Policy,American Economic Journal: Economic Policy,American Economic Journal: Economic Policy,American Economic Journal-Economic Policy,28912,13966,0.4831
198892436,Accounting Organizations and Society,"Accounting, Organizations and Society","Accounting, Organizations and Society",ACCOUNTING ORGANIZATIONS AND SOCIETY,46536,22503,0.4836
148189957,Journal of Management History,,Journal of Management History,Journal of Management History,21741,10516,0.4837
2764984469,Central bank review,Central Bank Review,,Central Bank Review,796,385,0.4837
52048951,International Journal of Business and Globalisation,International Journal of Business and Globalisation,,,9949,4820,0.4845
4210189494,Applied Finance Letters,Applied Finance Letters,,,3736,1811,0.4847
158451771,Journal of Marketing Communications,Journal of Marketing Communications,Journal of Marketing Communications,Journal of Marketing Communications,38583,18718,0.4851
127708089,Journal of Economic Literature,Journal of Economic Literature,Journal of Economic Literature,JOURNAL OF ECONOMIC LITERATURE,44543,21617,0.4853
28881989,International Journal of Financial Markets and Derivatives,International Journal of Financial Markets and Derivatives,,,1294,628,0.4853
2764875035,Journal of Entrepreneurship and Public Policy,,,Journal of Entrepreneurship and Public Policy,14853,7209,0.4854
116662517,Asian Economic Journal,Asian Economic Journal,,Asian Economic Journal,7880,3829,0.4859
4210194336,Accounting and Management Information Systems,Journal of Accounting and Management Information Systems,,,7534,3663,0.4862
202934171,Journal of Mathematical Economics,Journal of Mathematical Economics,Journal of Mathematical Economics,JOURNAL OF MATHEMATICAL ECONOMICS,38334,18646,0.4864
2764905064,Multinational Finance Journal,Multinational Finance Journal,,,3438,1673,0.4866
2913204857,Journal of Business Economics,Zeitschrift fuer Betriebswirtschaft,Journal of Business Economics,,49185,23954,0.487
983446,Business Strategy Series,Journal of Behavioral Strategy,,,2997,1460,0.4872
2765024836,Vision The Journal of Business Perspective,,,Vision-The Journal of Business Perspective,38121,18589,0.4876
4210195249,International Journal of Strategic Management,International Journal of Strategic Management,,,205,100,0.4878
4210195452,FIIB Business Review,,,FIIB Business Review,23673,11558,0.4882
4210210868,Revue internationale P M E Économie et gestion de la petite et moyenne entreprise,,,Revue Internationale PME,26908,13136,0.4882
88935262,The Review of Economic Studies,The Review of Economic Studies,Review of Economic Studies,REVIEW OF ECONOMIC STUDIES,59285,28951,0.4883
206007305,Economic Systems,Economic Systems,,Economic Systems,37682,18403,0.4884
2508752,Business Process Management Journal,,Business Process Management Journal,Business Process Management Journal,75292,36803,0.4888
4210171719,Market Microstructure and Liquidity,Market Microstructure and Liquidity,,,1084,530,0.4889
2764478856,Journal of finance and investment analysis,Journal of Finance and Investment Analysis,,,1587,776,0.489
4210193178,Organization Theory,Organization Theory,Organization Theory,Organization Theory,11364,5559,0.4892
168717511,The Journal of Applied Behavioral Science,,The Journal of Applied Behavioral Science,JOURNAL OF APPLIED BEHAVIORAL SCIENCE,24045,11772,0.4896
124851215,Journal of Social Entrepreneurship,Journal of Social Entrepreneurship,,Journal of Social Entrepreneurship,27649,13538,0.4896
6711363,Journal of Monetary Economics,Journal of Monetary Economics,Journal of Monetary Economics,JOURNAL OF MONETARY ECONOMICS,53331,26109,0.4896
4210206587,JIMS8M The Journal of Indian Management & Strategy,,,JIMS8M-The Journal of Indian Management & Strategy,98,48,0.4898
58438227,Journal of Revenue and Pricing Management,Journal of Revenue and Pricing Management,,Journal of Revenue and Pricing Management,18898,9262,0.4901
4210213798,AEA Papers and Proceedings,American Economic Association. Papers and Proceedings,,,6892,3381,0.4906
44585919,Journal of Economic Dynamics and Control,Journal of Economic Dynamics and Control,Journal of Economic Dynamics and Control,JOURNAL OF ECONOMIC DYNAMICS & CONTROL,97949,48069,0.4908
78091837,Review of World Economics,Review of World Economics,Review of World Economics,REVIEW OF WORLD ECONOMICS,23982,11774,0.491
31381503,International Journal of Innovation and Regional Development,International Journal of Innovation and Regional Development,,,3312,1627,0.4912
30370390,Journal of Customer Behaviour,Journal of Customer Behavior,,,2579,1268,0.4917
71487352,BAR - Brazilian Administration Review,,,Brazilian Administration Review,22169,10907,0.492
126582591,World Review of Entrepreneurship Management and Sustainable Development,"World Review of Entrepreneurship, Management and Sustainable Development",,,6398,3149,0.4922
149339240,Eastern European Economics,Eastern European Economics: a journal of translations,,EASTERN EUROPEAN ECONOMICS,18434,9076,0.4924
6772833,Review of Network Economics,The Review of Network Economics,,Review of Network Economics,4269,2102,0.4924
2764541937,Journal of Economics and Development,,,Journal of Economics and Development,9380,4628,0.4934
121651287,Global Business and Economics Review,Global Business and Economics Review,,,5063,2499,0.4936
206927904,Asia Pacific Journal of Human Resources,Asia Pacific Journal of Human Resources,Asia Pacific Journal of Human Resources,Asia Pacific Journal of Human Resources,25327,12505,0.4937
2764726166,Asia Pacific Management Review,Asia Pacific Management Review,,Asia Pacific Management Review,25495,12595,0.494
2738281210,Review of Business Management,,,RBGN-Revista Brasileira de Gestao de Negocios,22499,11118,0.4942
4210209722,Asian Economic Papers,Asian Economic Papers,,Asian Economic Papers,6644,3284,0.4943
165057322,Production Planning & Control,,Production Planning and Control,,103941,51410,0.4946
5486590,International Economics and Economic Policy,International Economics and Economic Policy,,INTERNATIONAL ECONOMICS AND ECONOMIC POLICY,17971,8888,0.4946
2764732466,Global business and management research,Global Business and Management Research: an International Journal,,,2406,1190,0.4946
2764347203,Risk Management and Insurance Review,Risk Management and Insurance Review,,RISK MANAGEMENT AND INSURANCE REVIEW,8015,3965,0.4947
103311983,Journal of Advertising,Journal of Advertising,Journal of Advertising,JOURNAL OF ADVERTISING,36321,18002,0.4956
160393188,Journal of the Japanese and International Economies,Journal of the Japanese and International Economies,,JOURNAL OF THE JAPANESE AND INTERNATIONAL ECONOMIES,15705,7785,0.4957
4210174681,Asia Pacific Business Review,Asian-Pacific Business Review,,,2081,1032,0.4959
116843975,Journal of Emerging Technologies in Accounting,Journal of Emerging Technologies in Accounting,,Journal of Emerging Technologies in Accounting,9275,4601,0.4961
69458508,Journal of Asian Economics,Journal of Asian Economics,Journal of Asian Economics,Journal of Asian Economics,35971,17844,0.4961
4210203057,China Economic Quarterly International,,,China Economic Quarterly International,2459,1220,0.4961
5407017802,UCJC Business and Society Review (formerly known as Universia Business Review),,,UCJC Business and Society Review,2881,1430,0.4964
204467137,SERIEs,,,Series-Journal of the Spanish Economic Association,9638,4786,0.4966
166797808,International Journal of Indian Culture and Business Management,,,International Journal of Indian Culture and Business Management,8515,4230,0.4968
4210179146,Business Strategy & Development,,,Business Strategy and Development,30780,15297,0.497
203746597,The Annals of Regional Science,,Annals of Regional Science,ANNALS OF REGIONAL SCIENCE,44083,21916,0.4972
141552693,Journal of Islamic marketing,Journal of Islamic Marketing,,Journal of Islamic Marketing,65511,32587,0.4974
4210178345,Russian Management Journal,,,Rossiiskii Zhurnal Menedzhmenta-Russian Management Journal,7895,3930,0.4978
4210168891,International Journal of Supply Chain and Operations Resilience,International Journal of Supply Chain and Operations Resilience,,,1269,632,0.498
9731383,Research Policy,Research Policy,Research Policy,RESEARCH POLICY,194021,96733,0.4986
180061323,The Review of Economics and Statistics,The Review of Economics and Statistics,Review of Economics and Statistics,REVIEW OF ECONOMICS AND STATISTICS,58939,29393,0.4987
108845946,Economica,Economica,Economica,ECONOMICA,22890,11416,0.4987
48957891,The TQM Journal,The TQM Journal,,TQM Journal,68007,33926,0.4989
82262387,Journal of Information Systems,,Journal of Information Systems,JOURNAL OF INFORMATION SYSTEMS,21956,10956,0.499
2898392467,Future Business Journal,,,Future Business Journal,27271,13610,0.4991
161601701,Journal of Technology Management in China,Journal of Technology Management in China,,,3182,1588,0.4991
4210168767,Africa Journal of Management,Africa Journal of Management,,Africa Journal of Management,14930,7453,0.4992
176795851,Journal of Macroeconomics,Journal of Macroeconomics,Journal of Macroeconomics,JOURNAL OF MACROECONOMICS,51943,25941,0.4994
83383069,International Journal of Quality and Innovation,International Journal of Quality and Innovation,,,1007,503,0.4995
171971387,Scandinavian Journal of Management,Scandinavian Journal of Management,Scandinavian Journal of Management,Scandinavian Journal of Management,38931,19448,0.4996
4210188437,Supply Chain Forum an International Journal,Supply Chain Forum: an International Journal,,Supply Chain Forum,20442,10213,0.4996
69799158,Human Resource Management International Digest,Human Resource Management International Digest,,,1829,914,0.4997
2765075218,Cogent Economics & Finance,,,Cogent Economics & Finance,98389,49189,0.4999
42260610,African Journal of Economic and Management Studies,African Journal of Economic and Management Studies,,African Journal of Economic and Management Studies,21936,10965,0.4999
4210173805,Evidence-based HRM a Global Forum for Empirical Scholarship,Evidence-Based HRM: a global forum for empirical scholarship,,Evidence-based HRM-A Global Forum for Empirical Scholarship,20558,10295,0.5008
206615888,Economic Inquiry,Economic Inquiry,Economic Inquiry,ECONOMIC INQUIRY,58492,29315,0.5012
2738076829,Cogent Business & Management,Cogent Business and Management,,Cogent Business & Management,203649,102147,0.5016
9551102,International journal of central banking,International Journal of Central Banking,International Journal of Central Banking,International Journal of Central Banking,2219,1114,0.502
26073974,Oxford Economic Papers,Oxford Economic Papers,Oxford Economic Papers,OXFORD ECONOMIC PAPERS-NEW SERIES,31540,15848,0.5025
4210177123,Journal of Global Operations and Strategic Sourcing,,,Journal of Global Operations and Strategic Sourcing,14507,7293,0.5027
2764977439,Economic & Labour Market Review,Economic and Labour Market Review,,,523,263,0.5029
2736601860,Entrepreneurial Business and Economics Review,Entrepreneurial Business and Economics Review,,Entrepreneurial Business and Economics Review,24223,12187,0.5031
956737788,BuR - Business Research,BuR: Business Research,,,13654,6870,0.5031
2764933780,ASIA MARKETING JOURNAL,,,Asia Marketing Journal,13181,6633,0.5032
4306515390,Journal of Business Models,Journal of Business Models,,,2211,1113,0.5034
94552155,Organization & Environment,,Organization and Environment,ORGANIZATION & ENVIRONMENT,26946,13566,0.5035
2765057965,Gadjah Mada International Journal of Business,,,Gadjah Mada international journal of business,11633,5860,0.5037
2737155129,Journal of Central Banking Theory and Practice,,,Journal of Central Banking Theory and Practice,9578,4827,0.504
198098467,Journal of International Economics,Journal of International Economics,Journal of International Economics,JOURNAL OF INTERNATIONAL ECONOMICS,71128,35859,0.5041
2764651816,Academy of Entrepreneurship journal,Academy of Entrepreneurship Journal,,,3248,1638,0.5043
1234856,The Journal of High Technology Management Research,The Journal of High Technology Management Research,Journal of High Technology Management Research,,16962,8559,0.5046
114801022,Journal of Regulatory Economics,Journal of Regulatory Economics,Journal of Regulatory Economics,JOURNAL OF REGULATORY ECONOMICS,12559,6339,0.5047
128621090,The Journal of Economic Education,,Journal of Economic Education,JOURNAL OF ECONOMIC EDUCATION,10751,5426,0.5047
196715598,Annual Review of Economics,Annual Review of Economics,Annual Review of Economics,Annual Review of Economics,32996,16655,0.5048
4210214909,Prague Economic Papers,Prague Economic Papers: quarterly journal of economic theory and policy,,Prague Economic Papers,15412,7784,0.5051
945769174,Revue d économie politique,Revue d'Economie Politique,,REVUE D ECONOMIE POLITIQUE,17927,9059,0.5053
2764525551,Asian Economic and Financial Review,Asian Economic and Financial Review,,,17658,8922,0.5053
46039370,Journal of Economic Geography,,Journal of Economic Geography,JOURNAL OF ECONOMIC GEOGRAPHY,40527,20488,0.5055
35298862,Journal of Macromarketing,Journal of Macromarketing,Journal of Macromarketing,Journal of Macromarketing,35050,17727,0.5058
2764807039,Service Science,,,Service Science,15275,7730,0.5061
4210186510,Journal of International Business Policy,Journal of International Business Policy,,Journal of International Business Policy,14188,7182,0.5062
160573970,Journal of Organizational Behavior,,Journal of Organizational Behavior,JOURNAL OF ORGANIZATIONAL BEHAVIOR,97869,49568,0.5065
123595276,Journal of Science and Technology Policy in China,,,Journal of Science and Technology Policy Management,1877,951,0.5067
52125040,International Journal of Logistics Systems and Management,International Journal of Logistics Systems and Management,,,14756,7479,0.5068
107631327,Regional Science and Urban Economics,,Regional Science and Urban Economics,REGIONAL SCIENCE AND URBAN ECONOMICS,49154,24918,0.5069
4210181022,World Journal of Entrepreneurship Management and Sustainable Development,,,World Journal of Entrepreneurship Management and Sustainable Development,13635,6919,0.5074
122161766,Journal of Forecasting,,Journal of Forecasting,JOURNAL OF FORECASTING,43506,22085,0.5076
14291815,Journal of Marketing Management,Journal of Marketing Management,Journal of Marketing Management,Journal of Marketing Management,93217,47346,0.5079
2736787908,Asian Academy of Management Journal,Asian Academy of Management Journal,,Asian Academy of Management Journal,12838,6520,0.5079
182689569,Quantitative Finance,,Quantitative Finance,QUANTITATIVE FINANCE,62372,31710,0.5084
66510378,Critical Perspectives on Accounting,Critical Perspectives on Accounting,Critical Perspectives on Accounting,Critical Perspectives on Accounting,60693,30860,0.5085
162526994,International Journal of Market Research,International Journal of Market Research,International Journal of Market Research,INTERNATIONAL JOURNAL OF MARKET RESEARCH,24580,12507,0.5088
2764922153,Central European Journal of Economic Modelling and Econometrics,Central European Journal of Economic Modelling and Econometrics,,Central European Journal of Economic Modelling and Econometrics,2633,1341,0.5093
133770707,Empirica,Empirica,,Empirica,20232,10309,0.5095
73818033,International Journal of Management Practice,International Journal of Management Practice,,,4524,2307,0.5099
4210184829,Central Bank Review,Central Bank Review,,Central Bank Review,5553,2832,0.51
4210171430,Journal of Enterprising Communities People and Places in the Global Economy,Journal of Enterprising Communities: people and places of global economy,,Journal of Enterprising Communities-People and Places in the Global Economy,29983,15297,0.5102
4210200923,Annual Review of Organizational Psychology and Organizational Behavior,,Annual Review of Organizational Psychology and Organiza,Annual Review of Organizational Psychology and Organizational Behavior,26170,13364,0.5107
118298121,Journal of Hospitality Marketing & Management,Journal of Hospitality Marketing and Management,Journal of Hospitality Marketing and Management,Journal of Hospitality Marketing & Management,49113,25090,0.5109
152972827,International Journal of Lean Six Sigma,International Journal of Lean Six Sigma,,International Journal of Lean Six Sigma,34344,17547,0.5109
86301901,Revista de economía aplicada/Revista de economía aplicada,Revista de Economia Aplicada,,,1961,1002,0.511
102896891,Psychology and Marketing,,Psychology and Marketing,PSYCHOLOGY & MARKETING,117494,60076,0.5113
2898307581,Journal of Innovation & Knowledge,Journal of Innovation and Knowledge,,Journal of Innovation & Knowledge,48370,24748,0.5116
2764934467,Iranian economic review,Iranian Economic Review,,,4391,2247,0.5117
81297664,Journal of Chinese Human Resource Management,Journal of Chinese Human Resources Management,,Journal of Chinese Human Resources Management,6510,3332,0.5118
53726244,Journal of Managerial Psychology,,Journal of Managerial Psychology,Journal of Managerial Psychology,43015,22019,0.5119
83511262,International Journal of Productivity and Quality Management,International Journal of Productivity and Quality Management,,,11128,5696,0.5119
41123332,Journal of Knowledge-based Innovation in China,Journal of Knowledge-Based Innovation in China,,,2096,1073,0.5119
144946686,IIMB Management Review,IIMB Management Review,,IIMB Management Review,18944,9699,0.512
2764593888,Journal of Applied Business Research (JABR),Journal of Applied Business Research,,,53345,27315,0.512
196118188,International Journal of Services Economics and Management,"International Journal of Services, Economics and Management",,,2923,1497,0.5121
109960688,Journal of Human Resources in Hospitality & Tourism,Journal of Human Resources in Hospitality & Tourism,,,21306,10915,0.5123
2764945587,International journal of entrepreneurship,International Journal of Entrepreneurship,,,4005,2053,0.5126
134988049,Econometric Reviews,Econometric Reviews,Econometric Reviews,Econometric Reviews,25714,13181,0.5126
41958068,Journal of Consumer Behaviour,Journal of Consumer Behaviour: an international research review,Journal of Consumer Behaviour,Journal of Consumer Behaviour,76060,38997,0.5127
187052734,International Journal of Sustainable Strategic Management,International Journal of Sustainable Strategic Management,,,1829,938,0.5128
2764850437,International Economics,International Economics,,,29010,14885,0.5131
57862637,Journal of Housing Economics,Journal of Housing Economics,Journal of Housing Economics,JOURNAL OF HOUSING ECONOMICS,19662,10092,0.5133
113509650,Journal of the Asia Pacific Economy,,,Journal of the Asia Pacific Economy,28743,14753,0.5133
4306515674,Journal of International Business and Economy,Journal of International Business and Economy,,,2258,1159,0.5133
99768379,Management Learning,Management Learning,Management Learning,MANAGEMENT LEARNING,35758,18360,0.5135
4210215964,South African Journal of Business Management,,,South African Journal of Business Management,27075,13903,0.5135
2737251451,Management Science Letters,Management Science Letters,,,36402,18706,0.5139
141081643,Journal of Innovation Economics & Management,,,Journal of Innovation Economics & Management,15769,8111,0.5144
2764575530,Academy of strategic management journal/Academy of Strategic Management journal,Academy of Strategic Management Journal,,,6085,3134,0.515
16296580,Southern Economic Journal,Southern Economic Journal,Southern Economic Journal,SOUTHERN ECONOMIC JOURNAL,34908,17979,0.515
187179583,International Journal of Wine Business Research,International Journal of Wine Business Research,,,19834,10215,0.515
101788309,Papers of the Regional Science Association,,Papers in Regional Science,PAPERS IN REGIONAL SCIENCE,48489,24990,0.5154
2764742558,International Journal of Marketing Studies,International Journal of Marketing Studies,,,34164,17611,0.5155
37320504,Industrial Management & Data Systems,,Industrial Management and Data Systems,,94431,48675,0.5155
1014724869,Economic Research-Ekonomska Istraživanja,Economic Research,,,104664,53950,0.5155
17986141,Journal of Management Inquiry,Journal of Management Inquiry,Journal of Management Inquiry,JOURNAL OF MANAGEMENT INQUIRY,30772,15880,0.5161
2764616245,Uncertain Supply Chain Management,Uncertain Supply Chain Management,,,5668,2926,0.5162
112380952,FIU hospitality review,FIU Hospitality Review,,,153,79,0.5163
124549413,Journal of Economic Surveys,Journal of Economic Surveys,Journal of Economic Surveys,JOURNAL OF ECONOMIC SURVEYS,75216,38834,0.5163
204305389,Journal of Management Development,Journal of Management Development,Journal of Management Development,JOURNAL OF MANAGEMENT DEVELOPMENT,44946,23227,0.5168
76633192,Journal of Business Ethics,,Journal of Business Ethics,JOURNAL OF BUSINESS ETHICS,465970,240827,0.5168
67177122,Marketing Education Review,Marketing Education Review,,,12830,6633,0.517
134015283,International Journal of Revenue Management,International Journal of Revenue Management,,,2152,1113,0.5172
121026525,Journal of Evolutionary Economics,Journal of Evolutionary Economics,Journal of Evolutionary Economics,JOURNAL OF EVOLUTIONARY ECONOMICS,40193,20795,0.5174
55074384,The B E Journal of Economic Analysis & Policy,BE Journal of Economic Analysis and Policy,,B E Journal of Economic Analysis & Policy,27033,13989,0.5175
4393918861,Turkish journal of islamic economics,,,Turkish Journal of Islamic Economics-TUJISE,672,348,0.5179
2764696955,Issues in Social and Environmental Accounting,Issues in Social and Environmental Accounting,,,2293,1188,0.5181
195188575,Marketing Theory,Marketing Theory: an international review,Marketing Theory,Marketing Theory,31667,16410,0.5182
62905163,Operations Management Research,Operations Management Research,,Operations Management Research,31411,16303,0.519
3835251,Human Performance,,Human Performance,,21818,11325,0.5191
4210237825,International Journal of Ethics and Systems,,,International Journal of Ethics and Systems,21002,10911,0.5195
149838422,International Journal of Value Chain Management,International Journal of Value Chain Management,,International Journal of Value Chain Management,2059,1070,0.5197
38613568,Journal of Change Management,Journal of Change Management,,JOURNAL OF CHANGE MANAGEMENT,20602,10712,0.5199
4387292993,European Management Studies,,,European Management Studies,352,183,0.5199
2764423627,Contemporary Management Research,Contemporary Management Research: an international journal,,,10408,5413,0.5201
184816971,International Journal of Production Economics,,International Journal of Production Economics,,270918,140935,0.5202
2765029640,ESIC MARKET Economic and Business Journal,,,ESIC Market,5151,2680,0.5203
204649255,China Economic Journal,China Economic Journal,,China Economic Journal,6565,3417,0.5205
22315241,FinanzArchiv Public Finance Analysis,Finanzarchiv,FinanzArchiv,FinanzArchiv-European Journal of Public Finance,3303,1720,0.5207
4210188407,Middle East J of Management,,,Middle East Journal of Management,1553,809,0.5209
4210172902,Journal of Institutional and Theoretical Economics JITE,Journal of Institutional and Theoretical Economics,Journal of Institutional and Theoretical Economics,JOURNAL OF INSTITUTIONAL AND THEORETICAL ECONOMICS-ZEITSCHRIFT FUR DIE GESAMTE STAATSWISSENSCHAFT,4912,2559,0.521
126936603,International Regional Science Review,,International Regional Science Review,,17105,8915,0.5212
18436875,International Journal of Electronic Commerce,,International Journal of Electronic Commerce,INTERNATIONAL JOURNAL OF ELECTRONIC COMMERCE,21687,11313,0.5216
86211607,Frontiers of Economics in China,Frontiers of Economics in China: selected publications from Chinese universities,,,3423,1786,0.5218
169221615,Information Economics and Policy,,Information Economics and Policy,INFORMATION ECONOMICS AND POLICY,13709,7159,0.5222
6450948,Issues in Accounting Education,Issues in Accounting Education,Issues in Accounting Education,ISSUES IN ACCOUNTING EDUCATION,13709,7162,0.5224
2764635209,Southern business review,Southern Business Review,,,243,127,0.5226
71377650,Baltic Journal of Economics,Baltic Journal of Economics,,Baltic Journal of Economics,5287,2763,0.5226
2764879640,Global Journal of Flexible Systems Management,Global Journal of Flexible Systems Management,,,31632,16534,0.5227
4210220312,International Journal of Logistics Research and Applications,,International Journal of Logistics Research and Application,International Journal of Logistics-Research and Applications,45736,23911,0.5228
2764665428,Journal of Entrepreneurship Management and Innovation,"Journal of Entrepreneurship, Management and Innovation",,Journal of Entrepreneurship Management and Innovation,17181,8985,0.523
156260212,Research in Economics,Research in Economics,,Research in Economics,20850,10908,0.5232
155589366,Business and Society Review,,,BUSINESS AND SOCIETY REVIEW,20237,10587,0.5232
6243863,Journal of Accounting Education,Journal of Accounting Education,Journal of Accounting Education,,11938,6252,0.5237
2764787901,Meditari Accountancy Research,Meditari: accountancy research,,,502,263,0.5239
2764820232,Review of Business Research,Review of Business Research,,,250,131,0.524
90477801,Journal of transport economics and policy,Journal of Transport Economics and Policy,Journal of Transport Economics and Policy,JOURNAL OF TRANSPORT ECONOMICS AND POLICY,1326,695,0.5241
42911722,International Journal of Economic Policy in Emerging Economies,International Journal of Economic Policy and Emerging Economies,,,3238,1698,0.5244
2898448967,Review of Development Finance,Review of Development Finance,,Review of Development Finance,4306,2258,0.5244
2764472888,Central European Business Review,Central European Business Review,,Central European Business Review,12015,6302,0.5245
4210237570,Recherches économiques de Louvain,Journal of Demographic Economics,,Journal of Demographic Economics,2745,1440,0.5246
4306521912,Pakistan journal of applied economics,Pakistan Journal of Applied Economics,,,1113,585,0.5256
28882882,Organization Studies,Organization Studies,Organization Studies,ORGANIZATION STUDIES,89504,47060,0.5258
121483264,JASSA.,JASSA,,,135,71,0.5259
2764393121,The American Economist,American Economist,,,6500,3420,0.5262
107325288,Social Choice and Welfare,,Social Choice and Welfare,SOCIAL CHOICE AND WELFARE,33071,17401,0.5262
4210183232,Journal of global entrepreneurship research,,,Journal of Global Entrepreneurship Research,21851,11515,0.527
4210208962,AIS Educator Journal,AIS Educator Journal,,,1146,604,0.5271
4210222536,The Southern African Journal of Entrepreneurship and Small Business Management,Southern African Journal of Entrepreneurship and Small Business Management,,,8362,4408,0.5271
4210230920,TEC Empresarial,,,Tec Empresarial,5086,2682,0.5273
68817889,Social enterprise journal,,,Social Enterprise Journal,19096,10071,0.5274
4210202938,Modern Supply Chain Research and Applications,Modern Supply Chain Research and Applications,,,4276,2255,0.5274
69338747,European Economic Review,European Economic Review,European Economic Review,EUROPEAN ECONOMIC REVIEW,108452,57234,0.5277
191693275,Human Resource Development Quarterly,,Human Resource Development Quarterly,Human Resource Development Quarterly,24324,12836,0.5277
3022066471,German Journal of Human Resource Management Zeitschrift für Personalforschung,,German Journal of Human Resource Management,German Journal of Human Resource Management-Zeitschrift fur Personalforschung,17146,9052,0.5279
2764465937,Banks and Bank Systems,Banks and Bank Systems,,Banks and Bank Systems,20227,10679,0.528
201037040,International Journal of Manpower,International Journal of Manpower,International Journal of Manpower,INTERNATIONAL JOURNAL OF MANPOWER,51027,26961,0.5284
180126918,AFRICAN JOURNAL OF BUSINESS MANAGEMENT,African Journal of Business Management,,,106073,56047,0.5284
2764639155,Transnational Corporation Review,Transnational Corporations Review,,Transnational Corporations Review,17400,9198,0.5286
4210170851,Review of Regional Research,,,Review of Regional Research-Jahrbuch fur Regionalwissenschaft,7873,4163,0.5288
4210180518,Asia-Pacific Journal of Risk and Insurance,Asia-Pacific Journal of Risk and Insurance,,,3667,1939,0.5288
4210235882,ZFW – Advances in Economic Geography,,,ZFW-Advances in Economic Geography,2953,1562,0.529
165058066,Resource and Energy Economics,Resource and Energy Economics,,RESOURCE AND ENERGY ECONOMICS,26248,13884,0.529
45682993,Academy of Management Learning and Education,,Academy of Management Learning and Education,Academy of Management Learning & Education,41578,22000,0.5291
4210200021,World Journal of Management,World Journal of Management,,,1476,781,0.5291
19645890,China Economic Review,China Economic Review (Amsterdam),China Economic Review,CHINA ECONOMIC REVIEW,76090,40267,0.5292
4210192575,GLOBAL BUSINESS & FINANCE REVIEW,Global Business and Finance Review,,,5955,3156,0.53
2764978665,Journal of Modern Accounting and Auditing,Journal of Modern Accounting and Auditing,,,6910,3666,0.5305
76295336,Journal of Media Economics,,,JOURNAL OF MEDIA ECONOMICS,5493,2914,0.5305
113237667,Business Horizons,Business Horizons,Business Horizons,BUSINESS HORIZONS,30272,16062,0.5306
4210181410,Insurance Markets and Companies Analyses and Actuarial Computations,Insurance Markets and Companies: Analyses and Actuarial Computations,,,49,26,0.5306
50561683,International Review of Applied Economics,International Review of Applied Economics,International Review of Applied Economics,International Review of Applied Economics,28205,14971,0.5308
7006481,Margin The Journal of Applied Economic Research,,,Margin-Journal of Applied Economic Research,8193,4349,0.5308
173574685,International Journal of Theoretical and Applied Finance,,International Journal of Theoretical and Applied Finance,International Journal of Theoretical and Applied Finance,18249,9689,0.5309
2764696161,Southern African Business Review,Southern African Business Review,,,7168,3806,0.531
4210218909,Journal of Quantitative Economics,,,JOURNAL OF QUANTITATIVE ECONOMICS,15498,8230,0.531
37034968,Journal on Chain and Network Science,Journal on Chain and Network Science,,,5154,2739,0.5314
2738796003,Zbornik radova Ekonomskog fakulteta u Rijeci,,,Zbornik Radova Ekonomskog Fakulteta u Rijeci-Proceedings of Rijeka Faculty of Economics,8270,4397,0.5317
2764518860,Annals of Economics and Statistics,Annals of Economics and Statistics,,,6200,3299,0.5321
154533451,IEEE Transactions on Engineering Management,,IEEE Transactions on Engineering Management,IEEE TRANSACTIONS ON ENGINEERING MANAGEMENT,172855,91971,0.5321
4210232136,Journal of Current Issues & Research in Advertising,,,Journal of Current Issues and Research In Advertising,16472,8766,0.5322
148599315,International Journal of Hospitality Management,International Journal of Hospitality Management,International Journal of Hospitality Management,,217689,115886,0.5323
4210186315,DECISION,,,Decision,14931,7951,0.5325
2764897135,"IIUM Journal Of Economics and Management/International Journal of Economics, Management and Accounting",,,International Journal of Economics Management and Accounting,2748,1464,0.5328
91754907,American Journal of Agricultural Economics,American Journal of Agricultural Economics,American Journal of Agricultural Economics,AMERICAN JOURNAL OF AGRICULTURAL ECONOMICS,54666,29126,0.5328
21260181,IMF Economic Review,IMF Economic Review,IMF Economic Review,IMF Economic Review,17085,9107,0.533
2898574612,Economic Analysis and Policy,Economic Analysis and Policy,,Economic Analysis and Policy,92485,49317,0.5332
143668711,Administrative Science Quarterly,Administrative Science Quarterly,Administrative Science Quarterly,ADMINISTRATIVE SCIENCE QUARTERLY,38238,20400,0.5335
130179515,Economic Record,The Economic Record,Economic Record,ECONOMIC RECORD,19703,10514,0.5336
14567820,The Journal of developing areas,Journal of Developing Areas,Journal of Developing Areas,,26483,14147,0.5342
154565395,International Journal of Services Technology and Management,International Journal of Services Technology and Management,,International Journal of Services Technology and Management,4250,2271,0.5344
88920680,Intangible Capital,,,Intangible Capital,20447,10933,0.5347
2898418539,International Journal of Innovation Studies,,,International Journal of Innovation Studies,10448,5589,0.5349
2739380121,Scientific Annals of Economics and Business,,,Scientific Annals of Economics and Business,13141,7029,0.5349
4210218165,Asia-Pacific Management Accounting Journal,Asia-Pacific Management Accounting Journal,,Asia-Pacific Management Accounting Journal,10496,5619,0.5353
4210230833,Journal of Business and Economics,Journal of Business and Economics,,,1409,755,0.5358
86125002,Environmental and Resource Economics,Environmental and Resource Economics,Environmental and Resource Economics,ENVIRONMENTAL & RESOURCE ECONOMICS,70303,37667,0.5358
2739286606,International Journal of Management and Economics,,,International Journal of Management and Economics,6301,3380,0.5364
68754933,Organization Management Journal,Organization Management Journal,,,13611,7301,0.5364
4210168278,International Journal of Global Business and Competitiveness,International Journal of Global Business and Competitiveness,,,5365,2880,0.5368
4210199549,The Journal of Prediction Markets,The Journal of Prediction Markets,,,3493,1875,0.5368
173807628,International Journal of Consumer Studies,International Journal of Consumer Studies,,International Journal of Consumer Studies,90247,48467,0.537
2764927701,International Business Research,International Business Research,,,79138,42498,0.537
151491554,The Geneva Papers on Risk and Insurance Issues and Practice,Geneva Papers on Risk and Insurance: Issues and Practice,Geneva Papers on Risk and Insurance: Issues and Practic,GENEVA PAPERS ON RISK AND INSURANCE-ISSUES AND PRACTICE,20393,10962,0.5375
4210206337,Journal of Accounting Business and Management (JABM),"Journal of Accounting, Business and Management",,,4253,2286,0.5375
4306513120,Indian Journal of Economics & Business,Indian Journal of Economics and Business,,,199,107,0.5377
175672440,Regional Studies,,Regional Studies,REGIONAL STUDIES,113306,61152,0.5397
4210209416,Green Finance,,,Green Finance,7450,4022,0.5399
163374072,International Journal of Foresight and Innovation Policy,International Journal of Foresight and Innovation Policy,,,1689,912,0.54
151404345,Journal of Post Keynesian Economics,Journal of Post Keynesian Economics,Journal of Post Keynesian Economics,JOURNAL OF POST KEYNESIAN ECONOMICS,18733,10116,0.54
2764846857,Economics and Business Review/The Poznań University of Economics Review,Economics and Business Review,,Economics and Business Review,10997,5941,0.5402
178634671,Financial Accountability and Management,,Financial Accountability and Management,Financial Accountability & Management,22124,11957,0.5405
179517972,Canadian Journal of Agricultural Economics/Revue canadienne d agroeconomie,,,CANADIAN JOURNAL OF AGRICULTURAL ECONOMICS-REVUE CANADIENNE D AGROECONOMIE,15073,8153,0.5409
113426170,Compensation & Benefits Review,Compensation and Benefits Review,,,2333,1262,0.5409
59042063,Asian-Pacific Economic Literature,Asian-Pacific Economic Literature,,Asian-Pacific Economic Literature,10463,5663,0.5412
182651638,Economic Systems Research,Economic Systems Research,,Economic Systems Research,15731,8513,0.5412
4210191712,Malaysian Journal of Economic Studies,Malaysian Journal of Economic Studies,,Malaysian Journal of Economic Studies,4477,2425,0.5417
137473582,Strategy and Leadership,Strategy & Leadership,,,598,324,0.5418
182336501,Career Development International,Career Development International,Career Development International,Career Development International,40289,21831,0.5419
185930956,Contemporary Economic Policy,Contemporary Economic Policy,,CONTEMPORARY ECONOMIC POLICY,25306,13721,0.5422
2764876032,International Journal of Finance and Accounting,International Journal of Finance and Accounting,,,118,64,0.5424
106686155,Journal of Risk and Uncertainty,Journal of Risk and Uncertainty,Journal of Risk and Uncertainty,JOURNAL OF RISK AND UNCERTAINTY,18287,9920,0.5425
13669392,German Economic Review,German Economic Review,German Economic Review,German Economic Review,12762,6926,0.5427
18095783,Journal of Business and Economic Statistics,,Journal of Business and Economic Statistics,JOURNAL OF BUSINESS & ECONOMIC STATISTICS,42309,22969,0.5429
4210187577,Market-Tržište,,,Market-Trziste,6489,3525,0.5432
72880728,The Journal of Economic Perspectives,Journal of Economic Perspectives,Journal of Economic Perspectives,JOURNAL OF ECONOMIC PERSPECTIVES,21692,11788,0.5434
185253248,Human Resource Management Review,,Human Resource Management Review,HUMAN RESOURCE MANAGEMENT REVIEW,61899,33637,0.5434
2737582874,Studies in Business and Economics,,,Studies in Business and Economics,15087,8200,0.5435
166002381,Journal of Applied Psychology,,Journal of Applied Psychology,JOURNAL OF APPLIED PSYCHOLOGY,86424,46978,0.5436
4210194271,International Journal of Applied Behavioral Economics,,,International Journal of Applied Behavioral Economics,6133,3334,0.5436
87328381,Journal of Occupational and Organizational Psychology,,Journal of Occupational and Organizational Psychology,JOURNAL OF OCCUPATIONAL AND ORGANIZATIONAL PSYCHOLOGY,49303,26807,0.5437
4210240795,ReMark - Revista Brasileira de Marketing,REMark: Revista Brasileira de Marketing,,Revista Brasileira de Marketing,21462,11677,0.5441
4210219734,National Accounting Review,,,National Accounting Review,4607,2510,0.5448
152304618,The Leadership Quarterly,,Leadership Quarterly,LEADERSHIP QUARTERLY,102760,56006,0.545
4210187131,South East European Journal of Economics and Business,,,South East European Journal of Economics and Business,10352,5645,0.5453
4210216953,International Journal of Economic Policy Studies,,,International Journal of Economic Policy Studies,5399,2944,0.5453
180723199,Agribusiness,Agribusiness: an international journal,,Agribusiness,32321,17627,0.5454
26927318,Asian Journal on Quality,Asian Journal on Quality,,,1859,1014,0.5455
156716048,Economics of Governance,Economics of Governance,,Economics of Governance,10691,5836,0.5459
2736327412,"Contabilidade, Gestão e Governança/UNB Contábil",,,Contabilidade Gestao e Governanca,5514,3011,0.5461
4210239487,Italian Economic Journal,,,Italian Economic Journal,12204,6672,0.5467
166792937,Economics of Transition,Economics of Transition and Institutional Change,Economics of Transition,Economics of Transition and Institutional Change,10033,5485,0.5467
147692640,Journal of Urban Economics,,Journal of Urban Economics,JOURNAL OF URBAN ECONOMICS,34825,19043,0.5468
4404663202,Economic Sciences.,Economic Sciences,,,148,81,0.5473
4210218074,International Journal of Modelling in Operations Management,International Journal of Modelling in Operations Management,,,1878,1028,0.5474
2764950559,International Journal of Financial Research,International Journal of Financial Research,,,33386,18277,0.5474
61446109,Human Relations,Human Relations,Human Relations,HUMAN RELATIONS,87059,47686,0.5477
2738214312,The South East Asian Journal of Management,South East Asian Journal of Management,,South East Asian Journal of Management,4071,2230,0.5478
2764466227,IIM Kozhikode Society & Management Review,,,IIM Kozhikode Society & Management Review,11224,6154,0.5483
30207186,CESifo Economic Studies,CESifo Economic Studies,,CESifo Economic Studies,13435,7366,0.5483
2764449665,Journal of Wine Economics,Journal of Wine Economics,,Journal of Wine Economics,8722,4783,0.5484
2764955566,The Indian Economic Journal,Indian Economic Journal,,,11224,6157,0.5486
185653637,Journal of agricultural and resource economics,Journal of Agricultural and Resource Economics,,JOURNAL OF AGRICULTURAL AND RESOURCE ECONOMICS,295,162,0.5492
202812398,Information Systems Research,,Information Systems Research,INFORMATION SYSTEMS RESEARCH,63479,34867,0.5493
100141487,Growth and Change,,Growth and Change,,38687,21253,0.5494
94499970,Energy Economics,Energy Economics,Energy Economics,Energy Economics,307678,169115,0.5496
196716848,Journal of Human Capital,Journal of Human Capital,Journal of Human Capital,Journal of Human Capital,9483,5214,0.5498
4210182043,Arthaniti-Journal of Economic Theory and Practice,Arthaniti,,,3423,1882,0.5498
2764736659,Journal of Economic and Administrative Sciences,Journal of Economic and Administrative Sciences,,Journal of Economic and Administrative Sciences,1371,754,0.55
132210109,International Journal of Game Theory,,International Journal of Game Theory,INTERNATIONAL JOURNAL OF GAME THEORY,15948,8772,0.55
2738677470,Oeconomia Copernicana,,,Oeconomia Copernicana,18416,10130,0.5501
4210186250,Journal of Competitiveness,,,Journal of Competitiveness,15633,8601,0.5502
177205937,International Journal of Process Management and Benchmarking,International Journal of Process Management and Benchmarking,,,2218,1221,0.5505
200872515,Journal of Environmental Economics and Management,Journal of Environmental Economics and Management,Journal of Environmental Economics and Management,JOURNAL OF ENVIRONMENTAL ECONOMICS AND MANAGEMENT,57410,31617,0.5507
84210283,International Journal of Human Resources Development and Management,International Journal of Human Resources Development and Management,,,3314,1825,0.5507
62270215,International Journal of Information Systems and Supply Chain Management,,,International Journal of Information Systems and Supply Chain Management,12278,6764,0.5509
2737535994,Contaduría y Administración,Contaduria y Administracion,,,32018,17646,0.5511
174991077,Organization development journal,Organization Development Journal,,,292,161,0.5514
4210226436,Operations and Supply Chain Management An International Journal,,,Operations and Supply Chain Management-An International Journal,18101,9986,0.5517
2764958490,Iranian journal of management studies,Iranian Journal of Management Studies,,Iranian Journal of Management Studies,6198,3420,0.5518
60370010,Journal of the Knowledge Economy,Journal of the Knowledge Economy,,,139145,76795,0.5519
25359449,International Advances in Economic Research,International Advances in Economic Research,,International Advances in Economic Research,10782,5952,0.552
4210187713,NMIMS Management Review,,,NMIMS Management Review,3606,1991,0.5521
90027464,Journal of Time Series Econometrics,Journal of Time Series Econometrics,,,3794,2095,0.5522
976474146,Politická ekonomie,Politicka Ekonomie,,POLITICKA EKONOMIE,15564,8603,0.5527
2764594251,Engineering Economics,,,Inzinerine Ekonomika-Engineering Economics,33184,18356,0.5532
47389216,Economic and social review,Economic and Social Review,,ECONOMIC AND SOCIAL REVIEW,94,52,0.5532
29659387,Industrial and Commercial Training,,,INDUSTRIAL AND COMMERCIAL TRAINING,17647,9785,0.5545
149064342,Mathematical Social Sciences,,Mathematical Social Sciences,MATHEMATICAL SOCIAL SCIENCES,25803,14311,0.5546
2736497804,Revista Brasileira de Inovação,,,Revista Brasileira de Inovacao,7521,4172,0.5547
2764953695,International Review of Management and Business Research,International Review of Management and Business Research,,,8351,4634,0.5549
127742747,Journal of Econometrics,,Journal of Econometrics,Journal of Econometrics,112597,62485,0.5549
148936004,The International Journal of Digital Accounting Research,The International Journal of Digital Accounting Research,,,3630,2017,0.5556
4210211100,Global Business Perspectives,Global Business Perspectives,,,1974,1097,0.5557
2736629167,Journal of Economic Structures,Journal of Economic Structures,,,12515,6958,0.556
2912564958,Journal of Public Budgeting Accounting & Financial Management,"Journal of Public Budgeting, Accounting and Financial Management",,Journal of Public Budgeting Accounting & Financial Management,18506,10293,0.5562
4210230633,International Journal of Business and Management,International Journal of Business and Management,,,125386,69753,0.5563
4210180908,Financial Internet Quarterly,,,Financial Internet Quarterly,3600,2003,0.5564
184239247,Labour,Labour: review of labour economics and industrial relations,Labour,,13783,7670,0.5565
4210199421,Journal of CENTRUM Cathedra (JCC) The Business and Economics Research Journal,Journal of Centrum Cathedra,,,1704,950,0.5575
165087003,Journal of the European Economic Association,Journal of the European Economic Association,Journal of the European Economic Association,Journal of the European Economic Association,48221,26897,0.5578
37814254,De Economist,De Economist,,ECONOMIST-NETHERLANDS,11422,6372,0.5579
4210172557,Journal of Business and Economic Studies,Journal of Business and Economic Studies,,,1101,615,0.5586
67638930,Structural Change and Economic Dynamics,Structural Change and Economic Dynamics,,Structural Change and Economic Dynamics,72171,40324,0.5587
21663492,International Journal of Business Performance and Supply Chain Modelling,International Journal of Business Performance and Supply Chain Modelling,,,2219,1240,0.5588
193408319,Corporate Communications An International Journal,,,Corporate Communications,30851,17239,0.5588
95496512,Review of Development Economics,,,Review of Development Economics,47463,26527,0.5589
149285975,Land Economics,Land Economics: a quarterly journal devoted to the study of economic and social institutions,Land Economics,LAND ECONOMICS,19887,11116,0.559
992988095,Ekonomický časopis,Ekonomicky Casopis,,EKONOMICKY CASOPIS,3344,1870,0.5592
2898340276,Estudios Gerenciales,,,Estudios Gerenciales,27214,15224,0.5594
148368070,International Journal of Selection and Assessment,,International Journal of Selection and Assessment,INTERNATIONAL JOURNAL OF SELECTION AND ASSESSMENT,31846,17821,0.5596
4210226929,South Asian Journal of Human Resources Management,,,South Asian Journal of Human Resource Management,9152,5124,0.5599
72326750,Journal of technology management & innovation,Journal of Technology Management and Innovation,,,30394,17023,0.5601
195297104,Organizational Dynamics,,Organizational Dynamics,ORGANIZATIONAL DYNAMICS,1035,580,0.5604
151220816,Post-Communist Economies,Post-Communist Economies,,POST-COMMUNIST ECONOMIES,23722,13303,0.5608
81159284,International Journal of Quality & Reliability Management,International Journal of Quality and Reliability Management,International Journal of Quality and Reliability Managemen,International Journal of Quality & Reliability Management,67155,37666,0.5609
126012839,Applied Mathematical Finance,,Applied Mathematical Finance,,7578,4251,0.561
135812718,Asian Case Research Journal,Asian Case Research Journal,,Asian Case Research Journal,205,115,0.561
37376905,Journal of Public Policy & Marketing,,Journal of Public Policy and Marketing,JOURNAL OF PUBLIC POLICY & MARKETING,26254,14735,0.5612
2736877889,Management & Marketing,Management and Marketing,,Management & Marketing,13181,7401,0.5615
124412575,Mathematics and Financial Economics,Mathematics and Financial Economics,,Mathematics and Financial Economics,10065,5651,0.5615
5406955999,Journal for Advancement of Marketing Education,Journal for Advancement of Marketing Education,,,1040,584,0.5615
4210210758,Asian Journal of Business Research,Asian Journal of Business Research,,,10788,6064,0.5621
2739385614,AD-minister,,,AD-minister,6231,3505,0.5625
4210201856,New Zealand Economic Papers,New Zealand Economic Papers,,New Zealand Economic Papers,8513,4792,0.5629
2764538546,Polish Journal of Management Studies,,,Polish Journal of Management Studies,10455,5887,0.5631
94039387,International Journal of Hospitality & Tourism Administration,International Journal of Hospitality and Tourism Administration,,,27586,15535,0.5631
4306515389,Journal of Business & Retail Management Research,The Journal of Business and Retail Management Research,,,11426,6435,0.5632
4210175380,Revista Perspectiva Empresarial,,,Revista Perspectiva Empresarial,4519,2546,0.5634
4210240883,Bulletin of Monetary Economics and Banking,Buletin Ekonomi Moneter Dan Perbankan,,,14911,8403,0.5635
4210195752,The Journal of Investment Strategies,The Journal of Investment Strategies,,Journal of Investment Strategies,637,359,0.5636
164447516,International Journal of Asian Business and Information Management,International Journal of Asian Business and Information Management,,International Journal of Asian Business and Information Management,15346,8651,0.5637
157344451,South African Journal of Economic and Management Sciences,South African Journal of Economic and Management Sciences,,South African Journal of Economic and Management Sciences,33360,18808,0.5638
2765032997,Indian Economic Review,,,Indian Economic Review,7565,4267,0.564
32361082,European Review of Agricultural Economics,European Review of Agricultural Economics,European Review of Agricultural Economics,EUROPEAN REVIEW OF AGRICULTURAL ECONOMICS,29521,16652,0.5641
2764884217,Technology Innovation Management Review,Technology Innovation Management Review,,,18213,10278,0.5643
56187647,International Journal of Logistics Economics and Globalisation,International Journal of Logistics Economics and Globalisation,,,2448,1382,0.5645
44544138,Journal of Income Distribution,"Journal of Income Distribution: an international journal, New Series",,,1532,865,0.5646
2765045378,Pacific Rim Property Research Journal,,,Pacific Rim Property Research Journal,5559,3142,0.5652
4210172729,Journal of Humanitarian Logistics and Supply Chain Management,,,Journal of Humanitarian Logistics and Supply Chain Management,15874,8976,0.5655
199447588,Journal of Public Economics,Journal of Public Economics,Journal of Public Economics,JOURNAL OF PUBLIC ECONOMICS,89867,50822,0.5655
4210226067,Journal of Hospitality and Tourism Insights,Journal of Hospitality and Tourism Insights,,,37807,21398,0.566
173627905,Journal of Agricultural & Food Industrial Organization,Journal of Agricultural and Food Industrial Organization,,,5942,3363,0.566
2764940387,Organizational Psychology Review,,Organizational Psychology Review,Organizational Psychology Review,23999,13610,0.5671
2764642258,Indian journal of industrial relations,Indian Journal of Industrial Relations,,,2074,1177,0.5675
38901890,International Journal of Accounting Information Systems,,,International Journal of Accounting Information Systems,20762,11791,0.5679
4210240632,De Computis - Revista Española de Historia de la Contabilidad,,,De Computis-Revista Espanola de Historia de la Contabilidad,1630,926,0.5681
4210210210,Economic and business review,Economic and Business Review,,,17314,9839,0.5683
125733402,Investigación Económica,Investigacion Economica,,Investigacion Economica,9487,5391,0.5683
90392387,South African Journal of Economics,South African Journal of Economics,,SOUTH AFRICAN JOURNAL OF ECONOMICS,16955,9644,0.5688
4210224398,International Hospitality Review,International Hospitality Review,,,7930,4511,0.5689
2737777163,International Journal of Economics and Financial Issues,International Journal of Economics and Financial Issues,,,28253,16077,0.569
102611516,International Journal of Electronic Finance,International Journal of Electronic Finance,,,3031,1726,0.5694
33519306,Econometrics Journal,,Econometrics Journal,Econometrics Journal,14514,8266,0.5695
2737221291,Zagreb international review of economics and business/Zagreb international review of economics & business,Zagreb International Review of Economics and Business,,Zagreb International Review of Economics & Business,7464,4253,0.5698
81022070,Journal of Policy Modeling,,Journal of Policy Modeling,JOURNAL OF POLICY MODELING,41550,23679,0.5699
45992627,The Economic Journal,The Economic Journal,Economic Journal,ECONOMIC JOURNAL,81733,46587,0.57
40814766,Journal of Marketing for HIGHER EDUCATION,,,Journal of Marketing for Higher Education,20840,11881,0.5701
120518121,Atlantic Economic Journal,Atlantic Economic Journal,,ATLANTIC ECONOMIC JOURNAL,11644,6642,0.5704
120311709,Journal of Direct Data and Digital Marketing Practice,"Journal of Direct, Data and Digital Marketing Practice",,,1790,1021,0.5704
23010633,Asian Economic Policy Review,,,Asian Economic Policy Review,5477,3125,0.5706
4210176257,Journal of Management Science and Engineering,,,Journal of Management Science and Engineering,10291,5874,0.5708
2764388120,Business and Economic Research,Business and Economic Research,,,16969,9700,0.5716
4210191457,Innovation and Development,,,Innovation and Development,16966,9710,0.5723
95314075,Leadership,Leadership,Leadership,Leadership,27081,15502,0.5724
2738413198,Equilibrium Quarterly Journal of Economics and Economic Policy,,,Equilibrium-Quarterly Journal of Economics and Economic Policy,18524,10607,0.5726
4210219833,Marketing Review St Gallen,Marketing Review St Gallen,,,4649,2663,0.5728
2764984103,Business Management and Strategy,Business Management and Strategy,,,10094,5783,0.5729
147126554,Panoeconomicus,,,Panoeconomicus,21488,12312,0.573
105584983,International Journal of Management and Decision Making,International Journal of Management and Decision Making,,,4286,2457,0.5733
20277109,South East European Journal of Economics and Business,,,South East European Journal of Economics and Business,2085,1196,0.5736
5407024501,Argumenta Oeconomica,,,Argumenta Oeconomica,690,396,0.5739
147000529,International Journal of Automotive Technology and Management,,,International Journal of Automotive Technology and Management,3988,2290,0.5742
82178847,Economic Papers A journal of applied economics and policy,Economic Papers: a journal of applied economics and policy,,Economic Papers,12633,7258,0.5745
4387284188,Revista Brasileira de Economia de Empresas,Brazilian Journal of Business Economics,,,141,81,0.5745
2911234051,The Irish Journal of Management,Irish Journal of Management,,Irish Journal of Management,5241,3011,0.5745
2764477379,Islamic Economic Studies,Islamic Economic Studies,,,2473,1421,0.5746
175723052,Argumenta Oeconomica,,,Argumenta Oeconomica,11083,6373,0.575
46472734,Young Consumers Insight and Ideas for Responsible Marketers,,,Young Consumers,28096,16154,0.575
4210168091,The Journal of Law Economics and Organization,"Journal of Law, Economics, and Organization","Journal of Law, Economics, and Organization",JOURNAL OF LAW ECONOMICS & ORGANIZATION,17638,10143,0.5751
2737109034,International Journal of Innovation,,,International Journal of Innovation,9487,5463,0.5758
2737717374,Ekonomska misao i praksa,,,Ekonomska Misao i Praksa-Economic Thought and Practice,4300,2478,0.5763
4210195788,Delhi Business Review,Delhi Business Review,,,1841,1061,0.5763
163774179,Labour Economics,,Labour Economics,LABOUR ECONOMICS,68541,39519,0.5766
4210176348,Journal of Science and Technology Policy Management,,,Journal of Science and Technology Policy Management,30534,17613,0.5768
4210171100,Strategic Management,,,Strategic Management,6319,3645,0.5768
2738428943,Studia Universitatis „Vasile Goldis” Arad – Economics Series,,,Studia Universitatis Vasile Goldis Arad Seria Stiinte Economice,5269,3041,0.5771
2737431740,Econometrics,Econometrics,,Econometrics,16315,9416,0.5771
2764896919,Environmental Economics and Policy Studies,Environmental Economics and Policy Studies,,Environmental Economics and Policy Studies,17401,10043,0.5772
52871902,Accounting Business & Financial History,Accounting History Review,Accounting History Review,Accounting History Review,575,332,0.5774
141478581,Journal of Enterprise Information Management,,Journal of Enterprise Information Management,Journal of Enterprise Information Management,56154,32436,0.5776
49389958,Econometric Theory,,Econometric Theory,ECONOMETRIC THEORY,26227,15149,0.5776
15356059,Review of Political Economy,Review of Political Economy,,REVIEW OF POLITICAL ECONOMY,30925,17870,0.5778
2764703659,Journal of Business & Economics Research (JBER),Journal of Business and Economics Research,,,25554,14776,0.5782
7345157,Eastern Economic Journal,Eastern Economic Journal,,Eastern Economic Journal,17903,10354,0.5783
2764767644,The Journal of Retirement,The Journal of Retirement,,,4341,2511,0.5784
2765042083,Latin american journal of economics,Latin American Journal of Economics,,,2178,1260,0.5785
141600920,Fiscal Studies,,Fiscal Studies,FISCAL STUDIES,12387,7167,0.5786
2764873792,African Journal of Business and Economic Research,African Journal of Business and Economic Research,,,1052,609,0.5789
2764469589,Journal of Business Administration Research,Journal of Business Administration Research,,,4814,2787,0.5789
4210208616,Innovative Marketing,Innovative Marketing,,Innovative Marketing,17802,10311,0.5792
140059072,Human Resource Development International,Human Resource Development International,,HUMAN RESOURCE DEVELOPMENT INTERNATIONAL,30336,17573,0.5793
2764773711,International Journal of Business and Society,,,International Journal of Business and Society,27341,15844,0.5795
2764557015,Journal of Islamic Economics Banking and Finance,"Journal of Islamic Economics, Banking and Finance",,,1658,961,0.5796
2764480295,Journal of Academy of Business and Economics,Journal of the Academy of Business and Economics,,,395,229,0.5797
133599136,Organizational Research Methods,Organizational Research Methods,Organizational Research Methods,ORGANIZATIONAL RESEARCH METHODS,35694,20695,0.5798
187270080,European Journal of Work and Organizational Psychology,,European Journal of Work and Organizational Psychology,European Journal of Work and Organizational Psychology,72812,42225,0.5799
140842003,Review of Environmental Economics and Policy,Review of Environmental Economics and Policy,,Review of Environmental Economics and Policy,13893,8060,0.5801
2765073605,European Journal of Economics and Economic Policies Intervention,,,European Journal of Economics and Economic Policies-Intervention,5044,2927,0.5803
4210237103,Indonesian Management and Accounting Research,Indonesian Management and Accounting Research,,,725,421,0.5807
4210226909,Acta Commercii,Acta Commercii,,,17925,10409,0.5807
185277049,Journal of Banking Regulation,,,Journal of Banking Regulation,11956,6943,0.5807
26598852,Economia Politica,Economia Politica,,Economia Politica,19815,11510,0.5809
2737852900,Review of Economic Analysis,,,Review of Economic Analysis,5105,2966,0.581
2764516016,European journal of training and development,European Journal of Training and Development,,European Journal of Training and Development,35929,20887,0.5813
136764900,Journal of Forensic Economics,Journal of Forensic Economics,,,1874,1091,0.5822
138645024,Journal of Comparative Economics,Journal of Comparative Economics,Journal of Comparative Economics,JOURNAL OF COMPARATIVE ECONOMICS,45992,26787,0.5824
4394735553,Annals of Public and Cooperative Economics,,Annals of Public and Cooperative Economics,Annals of Public and Cooperative Economics,24558,14307,0.5826
2737296559,Economies,Economies,,Economies,81363,47424,0.5829
174413665,Review of Income and Wealth,Review of Income and Wealth,Review of Income and Wealth,REVIEW OF INCOME AND WEALTH,29537,17223,0.5831
4306509737,Eskişehir Osmangazi Üniversitesi İktisadi ve İdari Bilimler Dergisi,,,Eskisehir Osmangazi Universitesi IIBF Dergisi-Eskisehir Osmangazi University Journal of Economics and Administrative Sciences,12813,7471,0.5831
73680622,Journal of Pensions Economics and Finance,Journal of Pension Economics and Finance,,Journal of Pension Economics & Finance,11934,6961,0.5833
935516450,Foundations and Trends® in Econometrics,Foundations and Trends in Econometrics,,,1205,703,0.5834
203860005,The Quarterly Journal of Economics,The Quarterly Journal of Economics,Quarterly Journal of Economics,QUARTERLY JOURNAL OF ECONOMICS,43726,25511,0.5834
4210170888,Research in the sociology of organizations,,Research in the Sociology of Organizations,,286,167,0.5839
128035191,The Developing Economies,,,DEVELOPING ECONOMIES,7684,4488,0.5841
112489639,International Journal of Computational Economics and Econometrics,International Journal of Computational Economics and Econometrics,,International Journal of Computational Economics and Econometrics,1689,987,0.5844
47864991,Applied Psychology,,Applied Psychology,,50225,29353,0.5844
107261186,Journal of Historical Research in Marketing,Journal of Historical Research in Marketing,,Journal of Historical Research in Marketing,12902,7541,0.5845
37660120,Human Resource Development Review,Human Resource Development Review,,Human Resource Development Review,24395,14265,0.5848
153921829,der markt,Der Markt: international journal of marketing,,,2712,1587,0.5852
100134864,European Journal of Political Economy,,European Journal of Political Economy,European Journal of Political Economy,67898,39774,0.5858
175759345,Economic Development Quarterly,,Economic Development Quarterly,ECONOMIC DEVELOPMENT QUARTERLY,15000,8787,0.5858
157001289,Journal of Nonprofit & Public Sector Marketing,Journal of Nonprofit and Public Sector Marketing,,Journal of Nonprofit & Public Sector Marketing,22135,12968,0.5859
69024147,South Asia Economic Journal,South Asia Economic Journal,,,5494,3220,0.5861
146534985,Journal of Economic Interaction and Coordination,Journal of Economic Interaction and Coordination,,Journal of Economic Interaction and Coordination,16515,9682,0.5863
61413993,Journal of Business and Psychology,,Journal of Business and Psychology,JOURNAL OF BUSINESS AND PSYCHOLOGY,69429,40787,0.5875
91661715,Kyklos,Kyklos,Kyklos,KYKLOS,23794,13979,0.5875
4210214681,Foresight-Russia,,,Foresight and STI Governance,13340,7839,0.5876
2765038058,Human Systems Management,Human Systems Management,,HUMAN SYSTEMS MANAGEMENT,26764,15728,0.5877
39307421,Technological Forecasting and Social Change,Technological Forecasting and Social Change,Technological Forecasting and Social Change,TECHNOLOGICAL FORECASTING AND SOCIAL CHANGE,483121,284072,0.588
99606308,Economic Policy,Economic Policy,Economic Policy,ECONOMIC POLICY,11623,6836,0.5881
207176912,Journal of Foodservice Business Research,Journal of Foodservice Business Research,,,30498,17947,0.5885
2764403422,Journal of Corporate Citizenship,Journal of Corporate Citizenship,,,2093,1232,0.5886
4210220385,Economics,Economics,,Economics-The Open Access Open-Assessment E-Journal,23814,14016,0.5886
2764835697,Asian Development Review,,,Asian Development Review,6869,4043,0.5886
2764951333,Ege Akademik Bakis (Ege Academic Review),,,EGE ACADEMIC REVIEW,14736,8674,0.5886
15925821,Journal of Modelling in Management,Journal of Modelling in Management,,Journal of Modelling in Management,38558,22699,0.5887
44088940,International Journal of Management Concepts and Philosophy,International Journal of Management Concepts and Philosophy,,,2883,1698,0.589
2736886050,Contabilidad y Negocios,,,Contabilidad y Negocios,4583,2701,0.5894
104354167,Acta Oeconomica,Acta Oeconomica,,ACTA OECONOMICA,19304,11379,0.5895
4210183118,Indian Journal of Commerce & Management Studies,Indian Journal of Commerce and Management Studies,,,2117,1248,0.5895
2738355984,Administrative Sciences,,,Administrative Sciences,87252,51439,0.5895
4386621735,International Journal of Management Studies,International Journal of Management Studies,,International Journal of Management Studies,9834,5799,0.5897
2764794650,Journal of International Logistics and Trade,Journal of International Logistics and Trade,,,7741,4565,0.5897
4210189864,The Economics and Finance Letters,,,Economics and Finance Letters,2694,1589,0.5898
4210200142,The journal of structured finance,,,Journal of Structured Finance,1651,974,0.5899
4210235745,Istanbul Business Research,,,Istanbul Business Research,5621,3317,0.5901
4210225012,Journal of Entrepreneurship and Business Innovation,Journal of entrepreneurship and business innovation,,,2643,1561,0.5906
4210213948,Journal of Management and Strategy,Journal of Management and Strategy,,,12473,7373,0.5911
4210186714,Marketing,Quarterly Marketing Journal,,,7144,4227,0.5917
2738848155,Contemporary Economics,,,Contemporary Economics,10373,6139,0.5918
137360237,Contributions to Political Economy,Contributions to Political Economy,,,3363,1991,0.592
181171746,Journal of Economic Growth,Journal of Economic Growth,Journal of Economic Growth,JOURNAL OF ECONOMIC GROWTH,15004,8894,0.5928
4210234043,Journal of Management Research,Journal of Management Research,,,15595,9249,0.5931
142092826,International Journal of Enterprise Network Management,International Journal of Enterprise Network Management,,,1151,683,0.5934
2738123342,Economic Journal of Emerging Markets,,,Economic Journal of Emerging Markets,4794,2846,0.5937
4210198827,Change Management An International Journal,Change Management,,,347,206,0.5937
2764670738,Journal of Governance and Regulation,Journal of Governance and Regulation,,,35732,21217,0.5938
4210211241,Business Management and Economics Engineering,,,Business Management and Economics Engineering,3838,2280,0.5941
2764929533,South Asian Journal of Management,South Asian Journal of Management,,,2066,1228,0.5944
2764958792,Asian Journal of Empirical Research,Asian Journal of Empirical Research,,,4604,2737,0.5945
187295728,Journal of Teaching in International Business,Journal of Teaching in International Business,,,9083,5402,0.5947
4210232703,Gospodarka Narodowa,Gospodarka Narodowa,,Gospodarka Narodowa-The Polish Journal of Economics,15421,9172,0.5948
4210208553,OPEC Energy Review,OPEC Energy Review: energy economics and related issues,,OPEC Energy Review,11525,6862,0.5954
203894561,International Journal of Pharmaceutical and Healthcare Marketing,International Journal of Pharmaceutical and Healthcare Marketing,,,22598,13460,0.5956
187998666,Comparative Economic Research Central and Eastern Europe,,,Comparative Economic Research-Central and Eastern Europe,9244,5509,0.596
4210186494,Gestão & Produção,Gestao e Producao,,,30248,18030,0.5961
2764399863,Advances In Management,Advances in Management,,,770,459,0.5961
38825547,Economic Geography,,Economic Geography,ECONOMIC GEOGRAPHY,19602,11686,0.5962
2764853111,Journal of Economic and Financial Sciences,Journal of Economic and Financial Sciences,,,15665,9351,0.5969
4210230127,management revue,Management Revue: the international review of management studies,,Management Revue,8012,4789,0.5977
4210197436,Vierteljahrshefte zur Wirtschaftsforschung,Quarterly Journal of Economic Research,,,5466,3267,0.5977
4210185081,Revista de Economia Mackenzie,Revista de Economia Mackenzie,,,1064,636,0.5977
2738087221,Triple Helix Journal,,,Triple Helix,7327,4379,0.5977
4210173397,Journal of Public Finance and Public Choice,,,Journal of Public Finance and Public Choice,4197,2510,0.598
190363454,Organizational Behavior Teaching Review,,Journal of Management Education,,26021,15561,0.598
75627377,SIAM Journal on Financial Mathematics,,,SIAM Journal on Financial Mathematics,13484,8068,0.5983
120949314,Comparative Economic Studies,,,Comparative Economic Studies,19257,11523,0.5984
2764798183,South African Actuarial Journal,South African Actuarial Journal,,South African Actuarial Journal,620,371,0.5984
101209419,Journal of Development Economics,,Journal of Development Economics,JOURNAL OF DEVELOPMENT ECONOMICS,84488,50586,0.5987
169699294,Accounting Education,,Accounting Education,Accounting Education,25349,15177,0.5987
4210228534,Journal of Organisational Studies and Innovation,,,Journal of Organisational Studies and Innovation,2049,1227,0.5988
4210197709,Central European Management Journal,,,Central European Management Journal,16279,9748,0.5988
4210173595,American Journal of Health Economics,,,American Journal of Health Economics,8992,5385,0.5989
2764989054,Problems and Perspectives in Management,Problems and Perspectives in Management,,,54600,32742,0.5997
2764597040,Kobe University economic review.,Kobe University Economic Review,,,35,21,0.6
189923312,Sloan management review,MIT Sloan Management Review: MIT's journal of management research and ideas,MIT Sloan Management Review,MIT SLOAN MANAGEMENT REVIEW,5,3,0.6
4210189591,Division of Labour & Transaction Costs,Division of Labour and Transaction Costs,,,50,30,0.6
4210214409,Advances in environmental accounting & management,Advances in Environmental Accounting and Management,,,45,27,0.6
2764906524,Review of Economics and Finance,Review of Economics and Finance,,,10738,6446,0.6003
2764908861,The Journal of Gambling Business and Economics,The Journal of Gambling Business and Economics,,,2979,1790,0.6009
167383514,Ekonomista,,,Ekonomista,8733,5249,0.6011
2736975137,Journal of Indonesian Economy and Business,Journal of Indonesian Economy and Business,,,7259,4364,0.6012
4210228924,Sosyoekonomi,,,Sosyoekonomi,23768,14294,0.6014
42678134,Journal of Hospitality & Tourism Research,Journal of Hospitality and Tourism Research,Journal of Hospitality and Tourism Research,,50658,30498,0.602
45044709,International Journal of Organization Theory and Behavior,International Journal of Organization Theory and Behavior,,,13826,8324,0.6021
5406982871,Financial Planning Research Journal,Financial Planning Research Journal,,,1865,1124,0.6027
2765036361,The Journal of Risk Model Validation,Journal of Risk Model Validation,,Journal of Risk Model Validation,506,305,0.6028
2736872555,Croatian Economic Survey,,,Croatian Economic Survey,2717,1639,0.6032
205929853,Electronic Commerce Research,,Electronic Commerce Research,Electronic Commerce Research,50204,30300,0.6035
199699369,International Journal of Applied Management Science,International Journal of Applied Management Science,,International Journal of Applied Management Science,3095,1868,0.6036
2764651625,Journal of Economic Integration,,,JOURNAL OF ECONOMIC INTEGRATION,19486,11763,0.6037
2764494274,International Journal of Business Administration,International Journal of Business Administration,,,21703,13105,0.6038
2738303727,Revista de estudios empresariales,,,Revista de Estudios Empresariales-Segunda Epoca,5621,3396,0.6042
2764883772,Serbian Journal of Management,,,Serbian Journal of Management,10299,6224,0.6043
39841227,International Journal of Forecasting,,International Journal of Forecasting,INTERNATIONAL JOURNAL OF FORECASTING,63992,38693,0.6047
74096415,Journal of Economic Policy Reform,,,Journal of Economic Policy Reform,14260,8646,0.6063
12497220,International Journal of Business and Systems Research,International Journal of Business and Systems Research,,,4953,3003,0.6063
2738441059,ETIKONOMI,,,Etikonomi,7557,4582,0.6063
2898493639,Journal of Co-operative Organization and Management,Journal of Co-operative Organization and Management,,Journal of Co-operative Organization and Management,9802,5945,0.6065
2736813639,International Business & Economics Research Journal (IBER),International Business and Economics Research Journal,,,42422,25734,0.6066
12132826,The International Food and Agribusiness Management Review,International Food and Agribusiness Management Review,,,19686,11949,0.607
4210204559,Marketing and Management of Innovations,,,Marketing and Management of Innovations,20451,12420,0.6073
4210197148,Estudios de economía,Estudios de Economia,,Estudios de Economia,6453,3923,0.6079
98232940,International Review on Public and Nonprofit Marketing,International Review on Public and Non Profit Marketing,,International Review on Public and Nonprofit Marketing,24351,14812,0.6083
4210191937,Risk Management,Risk Management,,,12607,7672,0.6086
4210214019,Journal of Hospitality Application and Research,JOHAR: Journal of Hospitality Application and Research,,,133,81,0.609
76844451,Annual Review of Resource Economics,Annual Review of Resource Economics,,Annual Review of Resource Economics,29046,17707,0.6096
189751245,Journal of Consumer Affairs,Journal of Consumer Affairs,Journal of Consumer Affairs,JOURNAL OF CONSUMER AFFAIRS,34615,21122,0.6102
2737537699,Our Economy Journal of Contemporary Issues in Economics and Business,Nase Gospodarstvo,,,7640,4666,0.6107
6144335,The Journal of Strategic Information Systems,,Journal of Strategic Information Systems,JOURNAL OF STRATEGIC INFORMATION SYSTEMS,33818,20660,0.6109
2764982749,SMART Journal of Business Management Studies,,,SMART-Journal of Business Management Studies,689,421,0.611
105799767,European Journal of the History of Economic Thought,,European Journal of the History of Economic Thought,European Journal of the History of Economic Thought,32610,19925,0.611
4306520819,New York economic review,New York Economic Review,,,18,11,0.6111
4210171086,The Journal of Risk,,,Journal of Risk,1417,866,0.6112
2737685543,Revista Finanzas y Política Económica,,,Revista Finanzas y Politica Economica,8237,5036,0.6114
4210225395,St Petersburg University Journal of Economic Studies,,,Vestnik Sankt-Peterburgskogo Universiteta-Ekonomika-St Petersburg University Journal of Economic Studies,4001,2447,0.6116
183802457,The Journal of Operational Risk,Journal of Operational Risk,,Journal of Operational Risk,506,310,0.6126
4210222123,Journal of Open Innovation Technology Market and Complexity,"Journal of Open Innovation: Technology, Market, and Complexity",,,101123,62036,0.6135
108158533,Journal of Quality Assurance in Hospitality & Tourism,Journal of Quality Assurance in Hospitality & Tourism,,,41429,25422,0.6136
4210183927,Istanbul Journal of Economics / İstanbul İktisat Dergisi,,,Istanbul Iktisat Dergisi-Istanbul Journal of Economics,1364,837,0.6136
2764655866,Review of Keynesian Economics,Review of Keynesian Economics,,Review of Keynesian Economics,5748,3527,0.6136
197981039,Economics and Politics,Economics and Politics,Economics and Politics,Economics & Politics,18355,11264,0.6137
64915403,The Quarterly Journal of Austrian Economics,The Quarterly Journal of Austrian Economics,,,4570,2805,0.6138
4210184633,SAM Advanced Management Journal,SAM Advanced Management Journal,,,1272,781,0.614
67103694,Cambridge Journal of Economics,Cambridge Journal of Economics,Cambridge Journal of Economics,CAMBRIDGE JOURNAL OF ECONOMICS,51651,31724,0.6142
4210184380,ISRA International Journal of Islamic Finance,,,ISRA International Journal of Islamic Finance,5917,3634,0.6142
4210219127,International Journal of Economic Sciences,,,International Journal of Economic Sciences,5211,3201,0.6143
4210171712,Management,,,Management-Poland,7412,4554,0.6144
39332106,Journal of Food Products Marketing,"Journal of Food Products Marketing: innovations in food advertising, food promotion, food publicity, food sales promotion",,JOURNAL OF FOOD PRODUCTS MARKETING,22624,13902,0.6145
4210191463,Upravlenets,,,Upravlenets-The Manager,5853,3598,0.6147
4210231521,Data Science in Finance and Economics,,,Data Science in Finance and Economics,3650,2245,0.6151
61971679,The Journal of private enterprise,Journal of Private Enterprise,,Journal of Private Enterprise,896,552,0.6161
186483588,Journal of Service Science and Management,Journal of Service Science and Management,,,16246,10010,0.6162
149486094,Australian Economic Review,The Australian Economic Review,Australian Economic Review,Australian Economic Review,12882,7939,0.6163
2764892055,Seoul Journal of Economics,,,Seoul Journal of Economics,73,45,0.6164
4210192355,Journal of Applied Business and Economics,Journal of Applied Business and Economics,,,15124,9322,0.6164
4210223136,Estudos Econômicos (São Paulo),Estudos Economicos,,,13317,8219,0.6172
2737866954,Review of Regional Studies,,,Review of Regional Studies,8687,5364,0.6175
63515265,Logistics Research,Logistics Research,,,4887,3019,0.6178
133335107,Mathematical Finance,,Mathematical Finance,MATHEMATICAL FINANCE,17220,10643,0.6181
51113653,The Engineering Economist,The Engineering Economist,,ENGINEERING ECONOMIST,7487,4629,0.6183
4210176701,Logforum,,,LogForum,4027,2491,0.6186
4210215119,GSTF Journal on Business Review,The GSTF Business Review,,,969,600,0.6192
2764647440,MONTENEGRIN JOURNAL OF ECONOMICS,Montenegrin Journal of Economics,,Montenegrin Journal of Economics,13247,8210,0.6198
196354030,International Journal of Technology Management and Sustainable Development,International Journal of Technology Management and Sustainable Development,,,4416,2738,0.62
4210198794,Asia and the Global Economy,,,Asia and the Global Economy,2142,1328,0.62
2764491269,Journal of Contemporary Issues in Business and Government,Journal of Contemporary Issues in Business and Government,,,387,240,0.6202
19770063,Review of Economics and Institutions,"Review of Economics and Institutions: Economia, Societa E Istituzioni",,,2863,1778,0.621
3593595,Australian Journal of Agricultural and Resource Economics,The Australian Journal of Agricultural and Resource Economics,Australian Journal of Agricultural and Resource Economics,AUSTRALIAN JOURNAL OF AGRICULTURAL AND RESOURCE ECONOMICS,22248,13820,0.6212
4210192748,International Journal of Academic Research in Accounting Finance and Management Sciences,"International Journal of Academic Research in Accounting, Finance and Managment Sciences",,,34468,21419,0.6214
2735010472,Journal of the Association for Consumer Research,Journal of The Association For Consumer Research,,Journal of the Association for Consumer Research,16775,10429,0.6217
4210237676,Ekonomi Politika ve Finans Arastirmalari Dergisi,,,Ekonomi Politika & Finans Arastirmalari Dergisi,9509,5914,0.6219
4306506326,CIRIEC-España revista de economía pública social y cooperativa,,,CIRIEC-Espana Revista de Economia Publica Social y Cooperativa,9938,6184,0.6223
2737293501,Ekonomski vjesnik,,,Ekonomski Vjesnik,3089,1923,0.6225
87816754,International Journal of Business Continuity and Risk Management,International Journal of Business Continuity and Risk Management,,,1971,1227,0.6225
29581992,Nova Economia,Nova Economia: the journal of the economics department at UFMG,,,13261,8260,0.6229
98984247,Computational Economics,Computational Economics,,Computational Economics,65156,40611,0.6233
191612999,Organizacija,,,Organizacija,14078,8786,0.6241
199127151,Qualitative Research in Organizations and Management An International Journal,Qualitative Research in Organizations and Management,,Qualitative Research in Organizations and Management,17152,10709,0.6244
2764670390,Journal of Entrepreneurship and Sustainability Issues,,,Entrepreneurship and Sustainability Issues,34523,21558,0.6245
162611689,Business Economics,Business Economics: designed to serve the needs of people who use economics in their work,,,4816,3011,0.6252
7241030,Cliometrica,,,Cliometrica,13695,8565,0.6254
4210214252,Risks,Risks,,Risks,59509,37222,0.6255
176820844,European Review of Economic History,,European Review of Economic History,European Review of Economic History,17231,10780,0.6256
4210214005,Latin American Journal of Central Banking,,,Latin American Journal of Central Banking,5198,3253,0.6258
130757258,International Game Theory Review,International Game Theory Review,,,9506,5951,0.626
164923136,Environment and Development Economics,,,ENVIRONMENT AND DEVELOPMENT ECONOMICS,20700,12967,0.6264
2735620406,Journal of Professions and Organization,Journal of Professions and Organization,Journal of Professions and Organization,Journal of Professions and Organization,14050,8806,0.6268
191005381,Defence and Peace Economics,Defence and Peace Economics,,DEFENCE AND PEACE ECONOMICS,31153,19545,0.6274
2764594977,European Journal of Management,European Journal of Management,,,760,477,0.6276
4210219827,Food Economics - Acta Agriculturae Scandinavica Section C,Acta Agriculturae Scandinavica Section C: Food Economics,,,1137,714,0.628
2739118867,Revista Universidad y Empresa,,,Revista Universidad Empresa,7279,4572,0.6281
50216583,Journal of Medical Marketing Device Diagnostic and Pharmaceutical Marketing,Journal of Medical Marketing,,,3019,1897,0.6284
2764824119,Real Estate Management and Valuation,,,Real Estate Management and Valuation,9081,5709,0.6287
2764531464,History of Economics Review,,,History of Economics Review,5765,3625,0.6288
166595748,International Review of Economics,International Review of Economics,,,15640,9836,0.6289
93666758,Journal of Economic Issues,Journal of Economic Issues (JEI),Journal of Economic Issues,JOURNAL OF ECONOMIC ISSUES,40150,25254,0.629
106098198,Oxford Review of Economic Policy,Oxford Review of Economic Policy,Oxford Review of Economic Policy,OXFORD REVIEW OF ECONOMIC POLICY,25675,16155,0.6292
2735890421,The World Bank Economic Review,The World Bank Economic Review,World Bank Economic Review,WORLD BANK ECONOMIC REVIEW,26448,16651,0.6296
4210179731,Cuadernos de Administración,,,Cuadernos de Administracion-Universidad del Valle,9908,6240,0.6298
2764773172,International Journal of Engineering Business Management,,,International Journal of Engineering Business Management,17055,10744,0.63
2764902226,American Journal of Economics,American Journal of Economics,,,1279,806,0.6302
4210223648,Business Management and Education,"Business, Management and Education",,,6673,4206,0.6303
203364070,Bulletin of Indonesian Economic Studies,,Bulletin of Indonesian Economic Studies,BULLETIN OF INDONESIAN ECONOMIC STUDIES,7727,4872,0.6305
980556082,Agricultural Economics (Zemědělská ekonomika),,,Agricultural Economics-Zemedelska Ekonomika,20397,12860,0.6305
4210227841,International Journal of Organizational Leadership,,,International Journal of Organizational Leadership,17646,11128,0.6306
69781331,Schmollers Jahrbuch,Journal of Contextual Economics: Schmollers Jahrbuch,,,3143,1983,0.6309
4210189231,Public and Municipal Finance,Public and Municipal Finance,,,3645,2301,0.6313
4210198543,Journal of Agribusiness in Developing and Emerging Economies,,,Journal of Agribusiness in Developing and Emerging Economies,19972,12612,0.6315
43156200,Review,Review of the Federal Reserve Bank of St. Louis,,FEDERAL RESERVE BANK OF ST LOUIS REVIEW,1631,1030,0.6315
182215941,Business Strategy Review,Business Strategy Review,,,193,122,0.6321
4210201861,Applied Economic Perspectives and Policy,Applied Economic Perspectives and Policy,,Applied Economic Perspectives and Policy,31149,19706,0.6326
4210169096,Accounting Economics and Law - A Convivium,,,Accounting Economics and Law-A Convivium,10386,6574,0.633
4210207244,WPOM - Working Papers on Operations Management,,,WPOM-Working Papers on Operations Management,4574,2896,0.6331
191007255,International Review of Environmental and Resource Economics,,,International Review of Environmental and Resource Economics,3897,2467,0.6331
2737328910,REVESCO Revista de Estudios Cooperativos,,,REVESCO-Revista de Estudios Cooperativos,9871,6253,0.6335
4210204738,Journal of Marketing Behavior,Journal of Marketing Behavior,,,999,633,0.6336
2898343181,Wine Economics and Policy,Wine Economics and Policy,,,8786,5569,0.6338
165267014,International Journal of Product Development,International Journal of Product Development,,,4227,2680,0.634
4210228954,Revue de l'OFCE/La Revue de l'OFCE,"Observatoire Francais des Conjonctures Economiques, Revue: observations et diagnostics economiques",,,11141,7076,0.6351
182666042,Naval Research Logistics (NRL),,Naval Research Logistics,,25424,16160,0.6356
4210206027,Journal of Education for Business,Journal of Education for Business,,,21820,13880,0.6361
4393913256,Pesquisa e Planejamento Econômico,Pesquisa e Planejamento Economico,,,11,7,0.6364
125775545,Operations Research,Operations Research,Operations Research,OPERATIONS RESEARCH,64181,40897,0.6372
174129883,Economic Outlook,Economic Outlook,,,102,65,0.6373
132340323,Review of Economic Perspectives,,,Review of Economic Perspectives,7739,4936,0.6378
187709482,Electronic Commerce Research and Applications,,Electronic Commerce Research and Applications,Electronic Commerce Research and Applications,67708,43255,0.6388
4210190151,Omega,OMEGA International Journal of Management Science,OMEGA,OMEGA-INTERNATIONAL JOURNAL OF MANAGEMENT SCIENCE,96145,61442,0.6391
4210188400,The Journal of Energy Markets,The Journal of Energy Markets,,Journal of Energy Markets,1062,679,0.6394
4210177368,Journal of International Business Research and Marketing,Journal of International Business Research and Marketing,,,4189,2681,0.64
2764583656,Journal of Social Marketing,Journal of Social Marketing,,Journal of Social Marketing,18607,11909,0.64
1027187413,Amfiteatru Economic,,,Amfiteatru Economic,9775,6257,0.6401
180332110,Review of Law & Economics,Review of Law and Economics,,,8566,5484,0.6402
121409115,International Review of Law and Economics,,International Review of Law and Economics,INTERNATIONAL REVIEW OF LAW AND ECONOMICS,25807,16534,0.6407
2764671874,Journal of Transport and Supply Chain Management,,,Journal of Transport and Supply Chain Management,10217,6553,0.6414
2736730828,Management,,,Management-Journal of Contemporary Management Issues,9740,6248,0.6415
2764761084,Foundations of Management,,,Foundations of Management,6821,4376,0.6415
102700472,Financial Services Review,Financial Services Review,,,6419,4121,0.642
2764889080,Evolutionary and Institutional Economics Review,,,Evolutionary and Institutional Economics Review,10043,6452,0.6424
2764416040,Quality Innovation Prosperity,,,Quality Innovation Prosperity-Kvalita Inovacia Prosperita,9119,5863,0.6429
4210220799,Business and Management Horizons,Business and Management Horizons,,,3169,2038,0.6431
4210176215,Case Studies in Business and Management,Case Studies in Business and Management,,,1662,1069,0.6432
4210235361,Istanbul Journal of Economics / İstanbul İktisat Dergisi,,,Istanbul Iktisat Dergisi-Istanbul Journal of Economics,1517,976,0.6434
175963831,El Trimestre Económico,El Trimestre Economico,,TRIMESTRE ECONOMICO,14551,9374,0.6442
2764684190,IZA Journal of Labor Policy,IZA Journal of Labor Policy,,,7558,4871,0.6445
192372812,Journal of International Food & Agribusiness Marketing,Journal of International Food and Agribusiness Marketing,,Journal of International Food & Agribusiness Marketing,18783,12112,0.6448
4210169265,VISIÓN GERENCIAL,,,Vision Gerencial,665,429,0.6451
2764593300,Agricultural and Resource Economics Review,Agricultural and Resource Economics Review,,,16392,10577,0.6453
4306506978,Contaduría Universidad de Antioquia,,,Contaduria Universidad de Antioquia,5747,3710,0.6456
2736647864,Retos,,,Retos-Revista de Ciencias de la Administracion y Economia,6174,3988,0.6459
149627586,Foundations and Trends® in Microeconomics,Foundations and Trends in Microeconomics,,,1077,696,0.6462
62957338,The Journal of Human Resources,The Journal of Human Resources,Journal of Human Resources,JOURNAL OF HUMAN RESOURCES,22285,14408,0.6465
2898237991,Economics of Transportation,,,Economics of Transportation,9405,6080,0.6465
2739393555,Journal of Agricultural and Applied Economics,Journal of Agricultural and Applied Economics,,Journal of Agricultural and Applied Economics,18840,12184,0.6467
4210230903,Engineering Management Journal,,,Engineering Management Journal,21943,14198,0.647
4210225597,Problemy Zarządzania - Management Issues,,,Problemy Zarzadzania-Management Issues,15634,10120,0.6473
2764440250,International Journal of Business and Social Science,International Journal of Business and Social Science,,,13113,8498,0.6481
942037226,Business History,,Business History,BUSINESS HISTORY,53349,34582,0.6482
170367418,International Journal of Pluralism and Economics Education,International Journal of Pluralism and Economics Education,,,2486,1612,0.6484
4210201622,Cuadernos de economía,Latin American Journal of Economics,,,279,181,0.6487
4393918062,Suma de Negocios,,,Suma de Negocios,6646,4320,0.65
26772273,Climate Change Economics,Climate Change Economics,,Climate Change Economics,11271,7331,0.6504
4210173904,Brookings Papers on Economic Activity,Brookings Papers on Economic Activity,Brookings Papers on Economic Activity,BROOKINGS PAPERS ON ECONOMIC ACTIVITY,9225,6007,0.6512
101163346,International Journal of Strategic Property Management,International Journal of Strategic Property Management,,International Journal of Strategic Property Management,20499,13352,0.6513
187788904,Journal of Hospitality and Tourism Management,Journal of Hospitality and Tourism Management,Journal of Hospitality and Tourism Management,Journal of Hospitality and Tourism Management,91732,59815,0.6521
114571967,National Institute Economic Review,National Institute Economic Review,,National Institute Economic Review,10762,7019,0.6522
4210190158,Journal of Economic Policy Researches / İktisat Politikası Araştırmaları Dergisi,,,Journal of Economic Policy Researches-Iktisat Politikasi Arastirmalari Dergisi,1508,984,0.6525
2898431940,The Journal of Finance and Data Science,,,Journal of Finance and Data Science,6229,4066,0.6528
32895864,Actual Problems of Economics,Actual Problems of economics,,,1409,920,0.6529
113957626,International Journal of Political Economy,,,INTERNATIONAL JOURNAL OF POLITICAL ECONOMY,9295,6072,0.6533
166621295,Journal of Health Economics,,Journal of Health Economics,JOURNAL OF HEALTH ECONOMICS,65408,42785,0.6541
4210172326,Journal of Management and Sustainability,Journal of Management and Sustainability,,,19662,12867,0.6544
4210168315,Ekonomski pregled,,,Ekonomski Pregled,2518,1648,0.6545
202144432,Science Technology and Society,,,Science Technology and Society,12145,7959,0.6553
4210208307,Dirección y Organización,,,Direccion y Organizacion,8152,5343,0.6554
4210229491,Journal of Intelligence Studies in Business,,,Journal of Intelligence Studies in Business,7577,4966,0.6554
137519996,Electronic Markets,,Electronic Markets,Electronic Markets,49732,32624,0.656
120991925,Telecommunications Policy,,Telecommunications Policy,,57599,37810,0.6564
2764848322,International Journal of Human Resource Studies,International Journal of Human Resource Studies,,,23663,15542,0.6568
145200904,Health Economics,,Health Economics (United Kingdom),HEALTH ECONOMICS,76946,50552,0.657
176497116,Management Communication Quarterly,,Management Communication Quarterly,Management Communication Quarterly,21181,13939,0.6581
4210176281,Technology Transfer and Entrepreneurship,Technology Transfer and Entrepreneurship,,,410,270,0.6585
4210183127,Cuadernos de Economía,Cuadernos de Economia,,Cuadernos de Economia,11380,7495,0.6586
4210216314,Journal of Strategic Contracting and Negotiation,Journal of Strategic Contracting and Negotiation,,,3538,2333,0.6594
2912066455,Journal of Financial Counseling and Planning,Financial Counseling and Planning,,Journal of Financial Counseling and Planning,10700,7059,0.6597
72915307,Organization,,Organization,ORGANIZATION,51614,34062,0.6599
146248155,International Journal of Six Sigma and Competitive Advantage,International Journal of Six Sigma and Competitive Advantage,,,947,625,0.66
2737763312,Business Systems Research Journal,,,Business Systems Research Journal,9665,6382,0.6603
91213080,The Economists Voice,The Economists' Voice,,Economists Voice,2567,1696,0.6607
135706173,Journal of Leadership Studies,Journal of Leadership Studies,,Journal of Leadership Studies,14179,9368,0.6607
7424199,Public Choice,,Public Choice,PUBLIC CHOICE,74993,49593,0.6613
37173775,European Journal of Law and Economics,,,European Journal of Law and Economics,29268,19363,0.6616
2739303216,Journal of Tax Reform,,,Journal of Tax Reform,3893,2578,0.6622
4210176398,Research in the history of economic thought and methodology,Research in the History of Economic Thought and Methodology,,,314,208,0.6624
145429826,Journal of Consumer Research,Journal of Consumer Research,Journal of Consumer Research,JOURNAL OF CONSUMER RESEARCH,70756,46883,0.6626
145337823,Journal of investment management,Journal of Investment Management,,Journal of Investment Management,374,248,0.6631
49131624,International Journal of Social Economics,International Journal of Social Economics,International Journal of Social Economics,INTERNATIONAL JOURNAL OF SOCIAL ECONOMICS,56518,37478,0.6631
132950052,Journal of Interdisciplinary Economics,Journal of Interdisciplinary Economics,,Journal of Interdisciplinary Economics,7134,4734,0.6636
200768828,CEPAL review,,,Cepal Review,7674,5094,0.6638
2764398122,Financial Theory and Practice,Financial Theory and Practice,,,1302,865,0.6644
140389752,Revista de Economía Mundial,,,Revista de Economia Mundial,10917,7255,0.6646
53993439,American Law and Economics Review,,,American Law and Economics Review,8126,5403,0.6649
4210239895,Revista de Economia,Revista de Economia,,,3877,2579,0.6652
145471836,Explorations in Economic History,,Explorations in Economic History,EXPLORATIONS IN ECONOMIC HISTORY,28676,19164,0.6683
4394735491,"Intelligent systems in accounting, finance and management/Intelligent systems in accounting, finance & management",,,Intelligent Systems in Accounting Finance & Management,9773,6531,0.6683
4210214325,Journal of Global Economic Analysis,,,Journal of Global Economic Analysis,1409,942,0.6686
2737657525,Lecturas de Economía,Lecturas de Economía,,Lecturas de Economia,8735,5841,0.6687
188292526,Econ journal watch,Econ Journal Watch,,Econ Journal Watch,2059,1377,0.6688
135394783,The International Journal of Management Education,,,International Journal of Management Education,74402,49785,0.6691
2764563877,EUROPEAN RESEARCH STUDIES JOURNAL,European Research Studies Journal,,,32902,22020,0.6693
111767569,History of economic ideas,History of Economic Ideas,,,487,326,0.6694
173896063,Property Management,,,Property Management,18446,12355,0.6698
2764998092,International Journal of Academic Research in Economics and Management Sciences,International Journal of Academic Research in Economics and Management Sciences,,,19948,13368,0.6701
4210175534,Financial and credit activity problems of theory and practice,,,Financial and Credit Activity-Problems of Theory and Practice,19137,12831,0.6705
4210201828,International Journal of Small Business and Entrepreneurship Research,International Journal of Small Business and Entrepreneurship Research,,,1176,789,0.6709
87209429,Journal of Benefit-Cost Analysis,Journal of Benefit-Cost Analysis,,Journal of Benefit-Cost Analysis,12578,8441,0.6711
4210195359,Economía,,,Economia-Journal of the Latin American and Caribbean Economic Association,6895,4636,0.6724
172526255,Finance and Stochastics,,Finance and Stochastics,FINANCE AND STOCHASTICS,13042,8775,0.6728
18727733,IMA Journal of Management Mathematics,,,IMA Journal of Management Mathematics,13471,9069,0.6732
59289252,Intereconomics,Intereconomics: review of European economic policy,,,3588,2417,0.6736
4210198154,Algorithmic Finance,,,Algorithmic Finance,1892,1275,0.6739
146268463,Journal of Institutional Economics,,Journal of Institutional Economics,Journal of Institutional Economics,42254,28478,0.674
4210177023,Brazilian Journal of Political Economy,Revista de Economia Politica,,,15604,10526,0.6746
4210168092,Journal of the History of Economic Thought,,Journal of the History of Economic Thought,,22391,15111,0.6749
4210217359,Gurukul Business Review,,,Gurukul Business Review-GBR,1904,1285,0.6749
2765030839,Journal of Economic and Social Measurement,Journal of Economic and Social Measurement,,,3166,2137,0.675
97316453,Cambridge Journal of Regions Economy and Society,,,Cambridge Journal of Regions Economy and Society,25425,17164,0.6751
61727081,Economics & Sociology,,,Economics & Sociology,35249,23810,0.6755
2914225721,S.A.M. advanced management journal,SAM Advanced Management Journal,,,74,50,0.6757
4210234983,Journal on Innovation and Sustainability RISUS,,,RISUS-Journal on Innovation and Sustainability,9328,6304,0.6758
4210223036,Mehmet Akif Ersoy Üniversitesi İktisadi ve İdari Bilimler Fakültesi Dergisi,,,Journal of Mehmet Akif Ersoy University Economics and Administrative Sciences Faculty,16129,10918,0.6769
168697966,Management & Organizational History,,,Management & Organizational History,16262,11011,0.6771
4210186350,Journal of Competition Law & Economics,,,Journal of Competition Law & Economics,4003,2712,0.6775
2494413385,ECONOMIC COMPUTATION AND ECONOMIC CYBERNETICS STUDIES AND RESEARCH,,,Economic Computation and Economic Cybernetics Studies and Research,9296,6299,0.6776
21322974,International Journal of Learning and Change,International Journal of Learning and Change,,,2956,2003,0.6776
122073985,The Journal of Economic History,,Journal of Economic History,JOURNAL OF ECONOMIC HISTORY,28987,19645,0.6777
4210193298,EMC Review - Časopis za ekonomiju - APEIRON,,,Casopis za Ekonomiju i Trzisne Komunikacije,3091,2095,0.6778
4210168539,Science and Public Policy,,,Science and Public Policy,53970,36639,0.6789
124504522,Information Systems Management,,Information Systems Management,,25154,17079,0.679
4210228282,Southeast Asian Economies,Journal of Southeast Asian Economies,,Journal of Southeast Asian Economies,3937,2675,0.6795
4210193318,Asean Economic Bulletin,ASEAN Economic Bulletin,,,1506,1024,0.6799
4210179124,Review of Behavioral Economics,Review of Behavioral Economics,,Review of Behavioral Economics,2593,1764,0.6803
2764870965,International productivity monitor,,,International Productivity Monitor,217,148,0.682
4210193511,Economics and Mathematical Methods,,,Ekonomika i Matematiceskie Metody-Economics and Mathematical Methods,712,486,0.6826
4210190232,Academic Review,,,Academy Review,1161,794,0.6839
4210173643,International Journal of Health Economics and Management,International Journal of Health Economics and Management,,International Journal of Health Economics and Management,9704,6637,0.6839
4210196335,"Scientific Papers of the University of Pardubice. Series D, Faculty of Economics and Administration",,,Scientific Papers of the University of Pardubice-Series D-Faculty of Economics and Administration,677,463,0.6839
2898332746,Ensayos sobre Política Económica,Ensayos Sobre Politica Economica,,,5886,4028,0.6843
44763245,International Journal of Green Economics,International Journal of Green Economics,,,2702,1854,0.6862
22585208,Advances in consumer research,Advances in Consumer Research,,,166,114,0.6867
4210205215,SA Journal of Human Resource Management,,,SA Journal of Human Resource Management,30996,21287,0.6868
117685085,The World Bank Research Observer,,World Bank Research Observer,WORLD BANK RESEARCH OBSERVER,14161,9735,0.6875
2764345595,Management Research and Practice,,,Management Research and Practice,2356,1622,0.6885
2737307029,Clío América,,,Clio America,2479,1707,0.6886
52333995,Journal of Economic Methodology,Journal of Economic Methodology,Journal of Economic Methodology,Journal of Economic Methodology,20881,14384,0.6889
135086714,Journal of Information Technology,,Journal of Information Technology,JOURNAL OF INFORMATION TECHNOLOGY,30097,20808,0.6914
99242495,Journal of Air Transport Management,Journal of Air Transport Management,,JOURNAL OF AIR TRANSPORT MANAGEMENT,66018,45693,0.6921
57667410,Annals of Operations Research,,Annals of Operations Research,,262857,182019,0.6925
4210171053,Journal of Contextual Economics – Schmollers Jahrbuch,Journal of Contextual Economics: Schmollers Jahrbuch,,,6370,4412,0.6926
4210176635,International Review,,,International Review,4350,3013,0.6926
60036207,The Journal of Credit Risk,Journal of Credit Risk,,Journal of Credit Risk,1091,756,0.6929
2764806892,Journal of Philippine development,Philippine Journal of Development,,,127,88,0.6929
4210230148,OEconomia,,,Oeconomia-History Methodology Philosophy,12584,8728,0.6936
187200255,Competition & Change,,Competition and Change,Competition & Change,21550,14999,0.696
4210175713,Economía,Economia,,Revista Economia,5528,3849,0.6963
1076045,Culture and Organization,,Culture and Organization,Culture and Organization,25385,17675,0.6963
55099511,Research in Organizational Behavior,,Research in Organizational Behavior,Research in Organizational Behavior,25143,17510,0.6964
2764830693,Environmental Economics,Environmental Economics,,Environmental Economics,6244,4350,0.6967
201731998,Local Economy The Journal of the Local Economy Policy Unit,,Local Economy,Local Economy,23709,16526,0.697
2764734295,Management Theory and Studies for Rural Business and Infrastructure Development,Management Theory and Studies for Rural Business and Infrastructure Development,,Management Theory and Studies for Rural Business and Infrastructure Development,7356,5133,0.6978
4210201278,International Journal of Operations and Quantitative Management,International Journal of Operations and Quantitative Management,,,1296,906,0.6991
4210226746,Ekonomia i Prawo,,,Ekonomia i Prawo-Economics and Law,9931,6951,0.6999
68051293,Philosophy of Management,,,Philosophy of Management,16082,11257,0.7
4210186146,Economía Agraria y Recursos Naturales,,,Economia Agraria y Recursos Naturales,11162,7814,0.7001
2764413711,Journal of International Business and Economics,Journal of International Business and Economics,,,274,192,0.7007
4210179092,International Journal for Quality Research,International Journal for Quality Research,,,13164,9226,0.7009
2765062947,Journal of food distribution research,Journal of Food Distribution Research,,,583,409,0.7015
193803878,International Journal of Human Capital and Information Technology Professionals,,,International Journal of Human Capital and Information Technology Professionals,10894,7658,0.703
165973286,The Journal of Computational Finance,,Journal of Computational Finance,Journal of Computational Finance,2140,1506,0.7037
3030835295,Economic Affairs,Economic Affairs: the journal of the IEA,,ECONOMIC AFFAIRS,11360,8005,0.7047
4210216073,Agricultural and Resource Economics International Scientific E-Journal,,,Agricultural and Resource Economics-International Scientific E-Journal,8085,5701,0.7051
155832970,International Journal of Advanced Operations Management,International Journal of Advanced Operations Management,,,2316,1640,0.7081
267729,International Transactions in Operational Research,,International Transactions in Operational Research,International Transactions in Operational Research,63178,44854,0.71
170287006,Scandinavian Economic History Review,,,SCANDINAVIAN ECONOMIC HISTORY REVIEW,9227,6552,0.7101
169712084,International Journal of Information Technology and Management,International Journal of Information Technology and Management,,,4601,3267,0.7101
162583106,Health Marketing Quarterly,Health Marketing Quarterly,,Health Marketing Quarterly,13270,9428,0.7105
4210215409,Asia Pacific Journal of Advanced Business and Social Studies,Asia Pacific Journal of Advanced Business and Social Studies,,,1497,1064,0.7108
4210200043,International Journal of Business Analytics,,,International Journal of Business Analytics,6870,4890,0.7118
2764747635,Journal of European economic history/The Journal of European economic history,,Journal of European Economic History,,66,47,0.7121
56271844,Information Systems and e-Business Management,,,Information Systems and E-Business Management,25260,18003,0.7127
83145862,History of Political Economy,,History of Political Economy,HISTORY OF POLITICAL ECONOMY,33515,23893,0.7129
4210175221,Asia-Pacific Journal of Regional Science,,,Asia-Pacific Journal of Regional Science,12980,9254,0.7129
172297888,The Review of Austrian Economics,The Review of Austrian Economics,,,23400,16685,0.713
2737009078,APUNTES DEL CENES,,,Apuntes del CENES,5521,3942,0.714
2764464146,Journal of airport management,Journal of Airport Management,,,98,70,0.7143
168387291,Asian Journal of Management Cases,,,Asian Journal of Management Cases,508,363,0.7146
4210228621,Journal of Asia Entrepreneurship and Sustainability,Journal of Asia Entrepreneurship and Sustainability,,,144,103,0.7153
2737892326,Inquietud Empresarial,,,Inquietud Empresarial,2790,1996,0.7154
165492527,The Economic History Review,,Economic History Review,ECONOMIC HISTORY REVIEW,49514,35428,0.7155
4210210207,Journal of Management Analytics,Journal of Management Analytics,,Journal of Management Analytics,12537,8989,0.717
2764754140,Journal of international economic studies,Journal of International Economic Studies,,,46,33,0.7174
4306531871,Terra Economicus,,,Terra Economicus,7696,5521,0.7174
2764904267,Tamara Journal for Critical Organization Inquiry,Tamara Journal for Critical Organization Inquiry,,,390,280,0.7179
4210213268,The Journal of Financial Market Infrastructures,,,Journal of Financial Market Infrastructures,288,207,0.7188
4210178298,INTERNATIONAL JOURNAL OF MANAGEMENT,International Journal of Management,,,6959,5008,0.7196
959550399,New Perspectives on Political Economy,New Perspectives on Political Economy,,,1964,1414,0.72
4210201520,The Japanese Political Economy,The Japanese Political Economy,,Japanese Political Economy,2881,2078,0.7213
2764690196,Journal of Choice Modelling,,,Journal of Choice Modelling,20480,14777,0.7215
2764549467,Engineering Management Research,Engineering Management Research,,,3520,2544,0.7227
2738972098,3C Empresa Investigación y pensamiento crítico,,,3C Empresa,3490,2524,0.7232
4210215609,Economics ecology socium,,,Economics Ecology Socium,2688,1946,0.724
14568501,Review of Social Economy,Review of Social Economy,Review of Social Economy,REVIEW OF SOCIAL ECONOMY,18356,13294,0.7242
4210176731,ECORFAN Journal Mexico,,,Revista Ecorfan,914,662,0.7243
10914567,International Journal of Work Organisation and Emotion,International Journal of Work Organisation and Emotion,,,3553,2575,0.7247
4210231679,Journal of Industrial Integration and Management,,,Journal of Industrial Integration and Management-Innovation and Entrepreneurship,12745,9240,0.725
4210191941,Real Estate Management and Valuation,,,Real Estate Management and Valuation,399,290,0.7268
201928713,Review of Radical Political Economics,,,REVIEW OF RADICAL POLITICAL ECONOMICS,19493,14180,0.7274
4306500644,Actualidad Contable FACES,Actualidad Contable Faces,,Actualidad Contable Faces,746,543,0.7279
48393686,Revista de historia industrial,Revista de Historia Industrial,,Revista de Historia Industrial,2349,1710,0.728
4210227272,Economic Annals-ХХI,,,Economic Annals-XXI,3308,2410,0.7285
4210240452,REVISTA PROCESOS DE MERCADO,Procesos de Mercado: revista europea de economia politica,,,6543,4767,0.7286
4210178198,Economy of Ukraine,Ekonomika Ukrainy,,,2736,1994,0.7288
182227784,Social Marketing Quarterly,Social Marketing Quarterly,,Social Marketing Quarterly,11368,8299,0.73
160156518,International Journal of Fashion Design Technology and Education,,,International Journal of Fashion Design Technology and Education,16120,11781,0.7308
4404661665,Journal of business and management.,Journal of Business and Management,,,197,144,0.731
2898363556,Econometrics and Statistics,,,Econometrics and Statistics,18467,13508,0.7315
2764837506,Indian Journal of Labour Economics,,,Indian Journal of Labour Economics,11776,8642,0.7339
2764980737,The Philippine Review of Economics,Philippine Review of Economics,,,2225,1637,0.7357
4210191619,Logistics,,,Logistics-Basel,27929,20554,0.7359
4210172834,Revista de Economía Institucional,Revista de Economia Institucional,,,6809,5037,0.7398
138712653,Homo Oeconomicus,Homo Oeconomicus,,Homo Oeconomicus-Journal of Behavioral and Institutional Economics,4990,3703,0.7421
4210192427,The Electronic Journal of Business Research Methods,Electronic Journal of Business Research Methods,,,2846,2112,0.7421
99304778,Forum for Social Economics,,,Forum for Social Economics,15438,11457,0.7421
4210188556,Revista Gestión de las Personas y Tecnología,,,Revista Gestion de las Personas y Tecnologia,358,266,0.743
136211407,Ecological Economics,,Ecological Economics,ECOLOGICAL ECONOMICS,267062,198580,0.7436
2738004809,The Journal of Philosophical Economics,,,Journal of Philosophical Economics,5497,4092,0.7444
167074060,Tijdschrift voor Economische en Sociale Geografie,,,TIJDSCHRIFT VOOR ECONOMISCHE EN SOCIALE GEOGRAFIE,27586,20549,0.7449
16530434,The European Journal of Health Economics,,European Journal of Health Economics,European Journal of Health Economics,54893,40984,0.7466
4210239166,Revista Venezolana de Análisis de Coyuntura,Revista Venezolana de Analisis de Coyuntura,,,178,133,0.7472
4210203326,A Economia em Revista - AERE,Economia em Revista,,,282,211,0.7482
4210225772,REICE Revista Electrónica de Investigación en Ciencias Económicas,,,REICE-Revista Electronica de Investigacion en Ciencias Economicas,2378,1782,0.7494
50758683,Revista de Historia Económica / Journal of Iberian and Latin American Economic History,,,Revista de Historia Economica-Journal of Iberian and Latin American Economic History,12348,9255,0.7495
4210234539,Research in Globalization,,,Research in Globalization,14134,10656,0.7539
4210219657,American Review of Political Economy,American Review of Political Economy,,,1080,819,0.7583
88020226,The Business History Review,,Business History Review,BUSINESS HISTORY REVIEW,14833,11255,0.7588
97548893,American Journal of Economics and Sociology,,,AMERICAN JOURNAL OF ECONOMICS AND SOCIOLOGY,22003,16757,0.7616
4210228977,The Journal of Network Theory in Finance,Journal of Network Theory in Finance,,,693,528,0.7619
182519303,World Trade Review,,,World Trade Review,11534,8788,0.7619
57658676,Journal of Financial Management of Property and Construction,,,Journal of Financial Management of Property and Construction,12114,9255,0.764
99990550,Journal of Consumer Policy,,,JOURNAL OF CONSUMER POLICY,18757,14371,0.7662
4210174903,Scientific Bulletin of Mukachevo State University Series “Economics”,,,Scientific Bulletin of Mukachevo State University-Series Economics,2129,1638,0.7694
105430050,Journal of World Trade,,Journal of World Trade,JOURNAL OF WORLD TRADE,939,724,0.771
59475652,Health Care Management Science,,Health Care Management Science,,22504,17360,0.7714
9940815,International Journal of Services Operations and Informatics,International Journal of Services Operations and Informatics,,,1413,1096,0.7757
166753014,Health Services Management Research,,Health Services Management Research,,10430,8098,0.7764
4210235487,Betriebswirtschaftliche Forschung und Praxis,BFuP: Betriebswirtschaftliche Forschung und Praxis,,BETRIEBSWIRTSCHAFTLICHE FORSCHUNG UND PRAXIS,81,63,0.7778
2764640640,Baltic Journal of Economic Studies,,,Baltic Journal of Economic Studies,11545,8988,0.7785
4210202212,INFORMS Journal on Applied Analytics,,,INFORMS Journal on Applied Analytics,3799,2959,0.7789
2737950648,Aestimum,,,Aestimum,1160,904,0.7793
2764820791,Journal of Organizational Ethnography,,,Journal of Organizational Ethnography,10521,8200,0.7794
2764399430,Journal of Responsible Innovation,,,Journal of Responsible Innovation,19615,15300,0.78
4210197795,Journal of Hospital Marketing & Public Relations,Journal of Hospital Marketing and Public Relations,,,202,158,0.7822
50366009,Urban Studies,,Urban Studies,,131130,102759,0.7836
2737541009,International journal of information systems and project management,,,IJISPM-International Journal of Information Systems and Project Management,9002,7066,0.7849
2898476603,Investigaciones de Historia Económica,,,Investigaciones de Historia Economica,9109,7178,0.788
87933477,Environment and Planning A Economy and Space,,Environment and Planning A,,101683,80141,0.7881
148503350,Queueing Systems,,Queueing Systems,,18383,14510,0.7893
2738551320,Health Economics Review,,,Health Economics Review,24010,18961,0.7897
4210239688,Communications of the Association for Information Systems,,Communications of the Association for Information,,52294,41365,0.791
105700240,American Business Law Journal,,,AMERICAN BUSINESS LAW JOURNAL,5278,4178,0.7916
9871798,European Business Organization Law Review,,,European Business Organization Law Review,14744,11732,0.7957
173589923,Family and Consumer Sciences Research Journal,Family and Consumer Sciences Research Journal,,,14348,11426,0.7963
2765072615,Journal of Public Administration and Governance,Journal of Public Administration and Governance,,,17210,13732,0.7979
2765001115,The Economics of Peace and Security Journal,,,Economics of Peace and Security Journal,2702,2160,0.7994
43019230,PharmacoEconomics,,,PHARMACOECONOMICS,67427,53925,0.7998
4210174932,Statistika Statistics and Economy Journal,,,Statistika-Statistics and Economy Journal,65,52,0.8
128223704,Economics and Philosophy,,Economics and Philosophy,Economics & Philosophy,13648,10925,0.8005
2764431486,World Review of Political Economy,,,World Review of Political Economy,6896,5543,0.8038
4210225511,Business Informatics,,,Biznes Informatika-Business Informatics,174,140,0.8046
4210214382,Erasmus Journal for Philosophy and Economics,Erasmus Journal for Philosophy and Economics,,,9087,7312,0.8047
16035445,Enterprise & Society,,Enterprise and Society,ENTERPRISE & SOCIETY,35131,28328,0.8064
4389158152,Journal of Co-operative Studies,Journal of Co-operative Studies,,,1910,1543,0.8079
126160977,Mathematical Methods of Operations Research,,Mathematical Methods of Operations Research,,15334,12400,0.8087
7397502,Transformations in business & economics,Transformations in Business and Economics,,Transformations in Business & Economics,123,100,0.813
2738702335,PSL quarterly review,,,PSL Quarterly Review,75,61,0.8133
170200280,Journal of Australian political economy,,,Journal of Australian Political Economy,725,592,0.8166
2764844241,Advances in competitiveness research,Advances in Competitiveness Research,,,11,9,0.8182
146242404,New Political Economy,,,NEW POLITICAL ECONOMY,44118,36116,0.8186
137554564,Journal of Hospitality Leisure Sport & Tourism Education,"Journal of Hospitality, Leisure, Sports and Tourism Education",,,26464,21673,0.819
2875300,Review of International Political Economy,,,REVIEW OF INTERNATIONAL POLITICAL ECONOMY,58417,47921,0.8203
194514787,Applied Health Economics and Health Policy,,,Applied Health Economics and Health Policy,37196,30695,0.8252
178953182,International Insolvency Review,,,International Insolvency Review,1092,906,0.8297
4210199953,American International Journal of Contemporary Research,American International Journal of Contemporary Research,,,1475,1224,0.8298
4210175456,The ATA Journal of Legal Tax Research,,,ATA Journal of Legal Tax Research,379,315,0.8311
2764434733,Low Carbon Economy,Low Carbon Economy,,,2777,2310,0.8318
108218269,Regulation & Governance,,Regulation and Governance,,42229,35509,0.8409
678965,Value in Health,,,VALUE IN HEALTH,105369,88828,0.843
4210232125,Enterprise modelling and information systems architectures,Enterprise Modelling and Information Systems Architectures,,,911,772,0.8474
25250876,Economy and Society,,Economy and Society,ECONOMY AND SOCIETY,23278,19755,0.8487
2765073796,International journal of ecological economics and statistics,International Journal of Ecological Economics and Statistics,,International Journal of Ecological Economics & Statistics,598,509,0.8512
206312523,Journal of Cultural Economy,,Journal of Cultural Economy,Journal of Cultural Economy,30399,25960,0.854
4210229067,Business and Human Rights Journal,,,Business and Human Rights Journal,4571,3942,0.8624
4210209709,Health Policy,,Health Policy,,97433,84120,0.8634
22361854,Cost Effectiveness and Resource Allocation,Cost Effectiveness and Resource Allocation,,,22795,19839,0.8703
4210206322,PharmacoEconomics - Open,,,Pharmacoeconomics-Open,17068,14858,0.8705
4210212964,World,,,World,12525,10906,0.8707
54467454,International Environmental Agreements Politics Law and Economics,,,International Environmental Agreements-Politics Law and Economics,26219,23124,0.882
4210227574,Interdisciplinary Environmental Review,Interdisciplinary Environmental Review,,,1968,1755,0.8918
24290265,Health Services and Outcomes Research Methodology,"Health Services and Outcomes Research Methodology: an international journal devoted to quantitative methods for the study of the utilization, quality, cost and outcomes of health care",,,9518,8530,0.8962
48312676,MIS Quarterly Executive,,MIS Quarterly Executive,MIS Quarterly Executive,10,9,0.9
152786945,Stochastics,Stochastics: An International Journal of Probability and Stochastic Processes,,,18063,16309,0.9029
4210212085,Global Business & Economics Anthology,Global Business and Economics Anthology,,,277,252,0.9097
44455300,Journal of Environmental Management,,Journal of Environmental Management,,1281387,1190548,0.9291
1650206,Milbank Quarterly,,Milbank Quarterly,,26547,24861,0.9365
4210194146,Journal of health economics and outcomes research,,,Journal of Health Economics and Outcomes Research,12292,11660,0.9486
110231434,International Journal of Business Process Integration and Management,International Journal of Business Process Integration and Management,,,1412,1344,0.9518
41416626,Harvard business review,Harvard Business Review,Harvard Business Review,HARVARD BUSINESS REVIEW,90,89,0.9889
2737709537,GECONTEC,,,Gecontec-Revista Internacional de Gestion del Conocimiento y la Tecnologia,20,20,1.0
2764526016,"Journal of transportation law, logistics, and policy","Journal of Transportation Law, Logistics and Policy",,,2,2,1.0
2764536255,Journal of cost management,Cost Management,,,2,2,1.0
4210218396,Research in global strategic management,Research in Global Strategic Management,,,1,1,1.0
176695132,International journal of government auditing,International Journal of Government Auditing,,,5,5,1.0
