oa_id,oa_display_name,subfield_proportion,works_count,total_subfield_count,unique_subfields
https://openalex.org/S2898603574,RAUSP Management Journal,30.039525691699602,253,76,"[Strategy and Management, Marketing, Accounting, Management of Technology and Innovation]"
https://openalex.org/S146380144,International Journal of Business and Emerging Markets,30.04484304932735,669,201,"[Accounting, Strategy and Management]"
https://openalex.org/S4210191937,Risk Management,30.058479532163744,855,257,"[Accounting, Finance, Economics and Econometrics]"
https://openalex.org/S2738076829,Cogent Business & Management,30.085875037015104,3377,1016,"[Marketing, Accounting]"
https://openalex.org/S170810187,International Journal of Bank Marketing,30.173410404624278,1730,522,"[Finance, Marketing]"
https://openalex.org/S2736787908,Asian Academy of Management Journal,30.175438596491226,285,86,"[Accounting, Management of Technology and Innovation]"
https://openalex.org/S39307421,Technological Forecasting and Social Change,30.192697768762677,9860,2977,"[Economics and Econometrics, Strategy and Management]"
https://openalex.org/S4210194109,Journal of Transportation Engineering,30.227041680786176,2951,892,[Transportation]
https://openalex.org/S203894561,International Journal of Pharmaceutical and Healthcare Marketing,30.23255813953488,602,182,"[Marketing, Economics and Econometrics]"
https://openalex.org/S22585208,Advances in consumer research,30.241187384044526,539,163,[Marketing]
https://openalex.org/S4210181831,Journal of Business and Policy Research,30.303030303030305,99,30,"[Strategy and Management, Accounting, Finance]"
https://openalex.org/S4210178498,Communications in Transportation Research,30.337078651685395,178,54,[Transportation]
https://openalex.org/S2764398122,Financial Theory and Practice,30.337078651685395,356,108,"[Finance, Economics and Econometrics]"
https://openalex.org/S4210171274,Proceedings of the Institution of Civil Engineers - Transport,30.340557275541798,1615,490,[Transportation]
https://openalex.org/S76633192,Journal of Business Ethics,30.348926380368095,10432,3166,"[Strategy and Management, Marketing]"
https://openalex.org/S4306525013,Public Finance and Management,30.36093418259023,471,143,[Economics and Econometrics]
https://openalex.org/S2764994788,Maritime Economics & Logistics,30.3951367781155,658,200,"['General Economics, Econometrics and Finance', Transportation]"
https://openalex.org/S4210176281,Technology Transfer and Entrepreneurship,30.434782608695656,115,35,"[Economics and Econometrics, Management of Technology and Innovation, Accounting]"
https://openalex.org/S52048951,International Journal of Business and Globalisation,30.437100213219615,1876,571,"[Strategy and Management, Management of Technology and Innovation, Accounting]"
https://openalex.org/S202812398,Information Systems Research,30.530262453133368,1867,570,"[Marketing, Strategy and Management]"
https://openalex.org/S155153587,Marine Resource Economics,30.54331864904552,1362,416,[Economics and Econometrics]
https://openalex.org/S59289252,Intereconomics,30.547737605542324,4619,1411,"[Finance, 'General Economics, Econometrics and Finance']"
https://openalex.org/S4210175713,Economía,30.576070901033976,677,207,"['General Economics, Econometrics and Finance', Economics and Econometrics]"
https://openalex.org/S980556082,Agricultural Economics (Zemědělská ekonomika),30.663615560640732,1748,536,"[Economics and Econometrics, Strategy and Management]"
https://openalex.org/S132950052,Journal of Interdisciplinary Economics,30.694275274056025,821,252,"[Economics and Econometrics, 'General Economics, Econometrics and Finance', Accounting]"
https://openalex.org/S4210219127,International Journal of Economic Sciences,30.76923076923077,247,76,"[Finance, Accounting, Economics and Econometrics, 'General Economics, Econometrics and Finance']"
https://openalex.org/S4210186360,Arts Marketing An International Journal,30.76923076923077,52,16,[Marketing]
https://openalex.org/S28822639,Computational Management Science,30.874785591766724,583,180,"[Economics and Econometrics, Finance]"
https://openalex.org/S8124760,Journal of Management & Organization,30.887634684453563,1949,602,"[Strategy and Management, Management of Technology and Innovation, Accounting]"
https://openalex.org/S146268463,Journal of Institutional Economics,30.89005235602094,955,295,[Economics and Econometrics]
https://openalex.org/S4210228535,VINE Journal of Information and Knowledge Management Systems,31.006160164271044,487,151,[Strategy and Management]
https://openalex.org/S4210221741,Organizations and Markets in Emerging Economies,31.103678929765888,299,93,"[Accounting, Marketing, Strategy and Management]"
https://openalex.org/S2764352250,Indian Journal of Marketing,31.11111111111111,1125,350,[Marketing]
https://openalex.org/S121058368,Sport Management Review,31.155778894472363,995,310,"[Economics and Econometrics, Marketing]"
https://openalex.org/S4210176795,International Journal of Leisure and Tourism Marketing,31.25,208,65,"[Transportation, Marketing]"
https://openalex.org/S2765062947,Journal of food distribution research,31.25,336,105,"[Marketing, Economics and Econometrics, Strategy and Management]"
https://openalex.org/S50216583,Journal of Medical Marketing Device Diagnostic and Pharmaceutical Marketing,31.2874251497006,668,209,"[Strategy and Management, Economics and Econometrics]"
https://openalex.org/S93195727,International Journal of Management and Enterprise Development,31.317204301075268,744,233,"[Management of Technology and Innovation, Accounting, Strategy and Management]"
https://openalex.org/S4210186465,Revista Evidenciação Contábil & Finanças,31.338028169014088,284,89,"[Accounting, Strategy and Management]"
https://openalex.org/S14568501,Review of Social Economy,31.360946745562128,2873,901,"[Economics and Econometrics, 'General Economics, Econometrics and Finance']"
https://openalex.org/S4210215119,GSTF Journal on Business Review,31.372549019607842,51,16,"['General Economics, Econometrics and Finance', Accounting]"
https://openalex.org/S87816754,International Journal of Business Continuity and Risk Management,31.388329979879277,497,156,"[Strategy and Management, Economics and Econometrics, Accounting]"
https://openalex.org/S2764747635,Journal of European economic history/The Journal of European economic history,31.44399460188934,741,233,"[Economics and Econometrics, Finance]"
https://openalex.org/S134988049,Econometric Reviews,31.467275991512977,6127,1928,"['General Economics, Econometrics and Finance', Finance]"
https://openalex.org/S4210172557,Journal of Business and Economic Studies,31.506849315068493,73,23,"[Economics and Econometrics, Accounting, Finance]"
https://openalex.org/S2764899165,Australian journal of labour economics,31.515151515151512,165,52,[Economics and Econometrics]
https://openalex.org/S165492527,The Economic History Review,31.537944929482876,14890,4696,"[Economics and Econometrics, 'General Economics, Econometrics and Finance']"
https://openalex.org/S202264103,Journal of Asia Business Studies,31.663974151857836,619,196,"[Accounting, Strategy and Management]"
https://openalex.org/S96919139,American Economic Journal Microeconomics,31.695331695331696,814,258,"[Economics and Econometrics, Marketing]"
https://openalex.org/S4387292993,European Management Studies,31.70731707317073,41,13,"[Management of Technology and Innovation, Strategy and Management, Economics and Econometrics]"
https://openalex.org/S2764789229,Australian company secretary,31.73076923076923,208,66,"[Accounting, Strategy and Management]"
https://openalex.org/S149838422,International Journal of Value Chain Management,31.746031746031743,441,140,"[Business and International Management, Strategy and Management]"
https://openalex.org/S4210222928,Land Development Studies,31.818181818181817,154,49,"[Economics and Econometrics, Finance]"
https://openalex.org/S4210222123,Journal of Open Innovation Technology Market and Complexity,31.84996821360458,1573,501,"[Management of Technology and Innovation, Business and International Management, Strategy and Management]"
https://openalex.org/S56187647,International Journal of Logistics Economics and Globalisation,31.958762886597935,291,93,"[Strategy and Management, 'General Economics, Econometrics and Finance']"
https://openalex.org/S4210240632,De Computis - Revista Española de Historia de la Contabilidad,31.98198198198198,444,142,"[Accounting, Economics and Econometrics]"
https://openalex.org/S968878802,Clothing and Textiles Research Journal,31.984948259642522,1063,340,[Marketing]
https://openalex.org/S4210225511,Business Informatics,32.142857142857146,140,45,[Management of Technology and Innovation]
https://openalex.org/S4210226585,The International Journal of Organizational Analysis,32.17821782178218,202,65,"[Strategy and Management, Accounting]"
https://openalex.org/S138645024,Journal of Comparative Economics,32.18280600830936,3129,1007,"[Economics and Econometrics, 'General Economics, Econometrics and Finance', Finance]"
https://openalex.org/S84830373,Journal of China Tourism Research,32.1875,640,206,"[Transportation, Marketing]"
https://openalex.org/S4210218316,European Journal of Management and Business Economics,32.2463768115942,276,89,"[Strategy and Management, Marketing, Accounting]"
https://openalex.org/S2765057658,Sport Marketing Quarterly,32.273603082851636,1038,335,"[Economics and Econometrics, Marketing]"
https://openalex.org/S4210197456,Mineral Economics,32.342007434944236,538,174,"['General Economics, Econometrics and Finance', Economics and Econometrics]"
https://openalex.org/S2764983799,Journal of Distribution Science,32.34848484848485,1320,427,[Marketing]
https://openalex.org/S161018996,International Journal of Energy Sector Management,32.355915065722954,989,320,[Economics and Econometrics]
https://openalex.org/S4306508647,Economia & diritto agroalimentare,32.369942196531795,173,56,[Economics and Econometrics]
https://openalex.org/S162526994,International Journal of Market Research,32.54237288135593,1475,480,[Marketing]
https://openalex.org/S968139600,Journal of Personal Selling and Sales Management,32.546494992846924,1398,455,"[Strategy and Management, Management of Technology and Innovation, Marketing]"
https://openalex.org/S4210240795,ReMark - Revista Brasileira de Marketing,32.689832689832684,777,254,[Marketing]
https://openalex.org/S4394735491,"Intelligent systems in accounting, finance and management/Intelligent systems in accounting, finance & management",32.863849765258216,426,140,"[Economics and Econometrics, Finance, Accounting]"
https://openalex.org/S35298862,Journal of Macromarketing,32.866741321388574,1786,587,"[Marketing, Business and International Management]"
https://openalex.org/S2737657525,Lecturas de Economía,32.87128712871287,1010,332,"['General Economics, Econometrics and Finance']"
https://openalex.org/S128621090,The Journal of Economic Education,32.891082999074364,3241,1066,"[Economics and Econometrics, 'General Economics, Econometrics and Finance', Accounting]"
https://openalex.org/S4306515389,Journal of Business & Retail Management Research,32.904411764705884,544,179,[Marketing]
https://openalex.org/S2875300,Review of International Political Economy,32.90816326530612,1568,516,"[Finance, Strategy and Management]"
https://openalex.org/S4210197436,Vierteljahrshefte zur Wirtschaftsforschung,32.91814946619217,1124,370,"[Economics and Econometrics, Finance]"
https://openalex.org/S2736975137,Journal of Indonesian Economy and Business,32.958801498127336,267,88,"[Accounting, Economics and Econometrics]"
https://openalex.org/S2764958792,Asian Journal of Empirical Research,32.96296296296296,270,89,"[Accounting, Economics and Econometrics, 'General Economics, Econometrics and Finance']"
https://openalex.org/S190363454,Organizational Behavior Teaching Review,33.030130756111426,1759,581,[Management of Technology and Innovation]
https://openalex.org/S2764987631,Academy of Marketing Studies journal,33.05084745762712,708,234,[Marketing]
https://openalex.org/S4210237570,Recherches économiques de Louvain,33.05718326934735,4949,1636,"['General Economics, Econometrics and Finance', Economics and Econometrics]"
https://openalex.org/S137166528,International Journal of Knowledge Management Studies,33.088235294117645,544,180,"[Strategy and Management, Management of Technology and Innovation]"
https://openalex.org/S4210211136,International Journal of Transitions and Innovation Systems,33.098591549295776,142,47,"[Strategy and Management, Management of Technology and Innovation]"
https://openalex.org/S2737582874,Studies in Business and Economics,33.104631217838765,583,193,"[Economics and Econometrics, Accounting, Management of Technology and Innovation, Marketing]"
https://openalex.org/S164333781,The Journal of World Energy Law & Business,33.11258278145696,604,200,"[Strategy and Management, 'General Economics, Econometrics and Finance']"
https://openalex.org/S120991925,Telecommunications Policy,33.151770240158456,4039,1339,"[Economics and Econometrics, Strategy and Management, Marketing]"
https://openalex.org/S55766468,International Studies of Management and Organization,33.157099697885194,1324,439,[Strategy and Management]
https://openalex.org/S142990027,Journal of Marketing,33.19452706722189,15129,5022,"[Management of Technology and Innovation, Marketing]"
https://openalex.org/S165879012,Journal of Sport Management,33.22147651006711,1490,495,"[Marketing, Economics and Econometrics]"
https://openalex.org/S4210174681,Asia Pacific Business Review,33.2378223495702,349,116,"[Economics and Econometrics, Marketing, Finance, Accounting]"
https://openalex.org/S4210208307,Dirección y Organización,33.282208588957054,652,217,"[Strategy and Management, Economics and Econometrics, Accounting]"
https://openalex.org/S32361082,European Review of Agricultural Economics,33.31896551724138,2320,773,"[Economics and Econometrics, 'General Economics, Econometrics and Finance']"
https://openalex.org/S4387997814,Journal of Accounting Ethics & Public Policy,33.33333333333333,90,30,"[Accounting, Economics and Econometrics]"
https://openalex.org/S4210180600,Annamalai International Journal of Business Studies and Research,33.33333333333333,15,5,"[Business and International Management, Economics and Econometrics]"
https://openalex.org/S144611220,Journal of Applied Corporate Finance,33.33333333333333,3,1,[Economics and Econometrics]
https://openalex.org/S2764388120,Business and Economic Research,33.41869398207427,781,261,"[Accounting, 'General Economics, Econometrics and Finance', Economics and Econometrics]"
https://openalex.org/S130179515,Economic Record,33.506144393241165,5208,1745,"[Economics and Econometrics, 'General Economics, Econometrics and Finance']"
https://openalex.org/S71487352,BAR - Brazilian Administration Review,33.579335793357934,542,182,"[Strategy and Management, Accounting, Management of Technology and Innovation]"
https://openalex.org/S114801022,Journal of Regulatory Economics,33.59451518119491,1021,343,[Economics and Econometrics]
https://openalex.org/S155589366,Business and Society Review,33.619763694951665,931,313,"[Marketing, Accounting, Strategy and Management]"
https://openalex.org/S105567970,European Management Journal,33.64844903988183,3385,1139,"[Strategy and Management, Accounting]"
https://openalex.org/S4386621735,International Journal of Management Studies,33.67697594501718,291,98,"[Accounting, Strategy and Management]"
https://openalex.org/S2736813639,International Business & Economics Research Journal (IBER),33.73940677966102,1888,637,"[Finance, Accounting, 'General Economics, Econometrics and Finance', Economics and Econometrics, Strategy and Management]"
https://openalex.org/S4210181832,Total Quality Management & Business Excellence,33.740234375,2048,691,[Strategy and Management]
https://openalex.org/S4210230413,Management Research Review,33.75209380234506,1194,403,"[Marketing, Accounting, Strategy and Management]"
https://openalex.org/S41302103,International Journal of Physical Distribution & Logistics Management,33.77643504531722,1655,559,[Strategy and Management]
https://openalex.org/S187151359,International Journal of Economics and Business Research,33.821376281112734,1366,462,"['General Economics, Econometrics and Finance', Economics and Econometrics, Accounting]"
https://openalex.org/S100820205,International Journal of Commerce and Management,33.83742911153119,529,179,"[Accounting, Strategy and Management]"
https://openalex.org/S33741590,Academy of Management Perspectives,33.86023294509151,2404,814,"[Strategy and Management, Accounting, Management of Technology and Innovation]"
https://openalex.org/S70175541,Management and Organization Review,33.86727688787185,1311,444,"[Strategy and Management, Accounting]"
https://openalex.org/S4210217359,Gurukul Business Review,33.87096774193548,62,21,"[Accounting, Economics and Econometrics, Strategy and Management]"
https://openalex.org/S4210172326,Journal of Management and Sustainability,33.88704318936877,602,204,"[Management of Technology and Innovation, Strategy and Management, Marketing]"
https://openalex.org/S121651287,Global Business and Economics Review,34.00483481063659,1241,422,"[Strategy and Management, Economics and Econometrics, 'General Economics, Econometrics and Finance', Accounting]"
https://openalex.org/S116843975,Journal of Emerging Technologies in Accounting,34.08624229979466,487,166,[Accounting]
https://openalex.org/S94775995,European Business Review,34.16945373467112,1794,613,"[Strategy and Management, Accounting, Management of Technology and Innovation]"
https://openalex.org/S2764654660,Economic History of Developing Regions,34.22222222222222,225,77,"[Economics and Econometrics, 'General Economics, Econometrics and Finance']"
https://openalex.org/S81410195,Manufacturing & Service Operations Management,34.34466019417476,1648,566,"[Strategy and Management, Marketing]"
https://openalex.org/S4210197148,Estudios de economía,34.35897435897436,195,67,"['General Economics, Econometrics and Finance', Economics and Econometrics]"
https://openalex.org/S2738413198,Equilibrium Quarterly Journal of Economics and Economic Policy,34.41558441558442,616,212,"[Economics and Econometrics, Finance]"
https://openalex.org/S2738972098,3C Empresa Investigación y pensamiento crítico,34.48275862068966,348,120,"[Economics and Econometrics, Accounting]"
https://openalex.org/S196716848,Journal of Human Capital,34.492753623188406,345,119,[Economics and Econometrics]
https://openalex.org/S2737149045,Canadian journal of nonprofit and social economy research,34.53453453453454,333,115,"[Finance, Strategy and Management]"
https://openalex.org/S1027187413,Amfiteatru Economic,34.56375838926174,596,206,"[Marketing, Strategy and Management, Economics and Econometrics]"
https://openalex.org/S2898340276,Estudios Gerenciales,34.572490706319705,1345,465,"[Economics and Econometrics, Accounting]"
https://openalex.org/S54467454,International Environmental Agreements Politics Law and Economics,34.57382953181273,833,288,[Economics and Econometrics]
https://openalex.org/S2764754140,Journal of international economic studies,34.78260869565217,23,8,"[Strategy and Management, 'General Economics, Econometrics and Finance', Economics and Econometrics]"
https://openalex.org/S128223704,Economics and Philosophy,34.78260869565217,1449,504,[Economics and Econometrics]
https://openalex.org/S108158533,Journal of Quality Assurance in Hospitality & Tourism,34.83516483516483,910,317,[Marketing]
https://openalex.org/S2764900385,British Actuarial Journal,34.883720930232556,989,345,"[Economics and Econometrics, Accounting]"
https://openalex.org/S2764823410,Annals of Actuarial Science,34.883720930232556,473,165,"[Economics and Econometrics, Finance]"
https://openalex.org/S55416568,International Journal of Procurement Management,34.9388379204893,1308,457,[Strategy and Management]
https://openalex.org/S4210237622,Project Leadership and Society,34.946236559139784,186,65,[Strategy and Management]
https://openalex.org/S154010748,Management Decision,34.96725540781901,5039,1762,"[Accounting, Management of Technology and Innovation, Strategy and Management]"
https://openalex.org/S27827792,Journal of Forest Economics,35.0609756097561,656,230,[Economics and Econometrics]
https://openalex.org/S2739385614,AD-minister,35.16483516483517,182,64,"[Management of Technology and Innovation, Accounting, Economics and Econometrics]"
https://openalex.org/S164338815,EuroMed Journal of Business,35.24305555555556,576,203,"[Accounting, Marketing]"
https://openalex.org/S157344451,South African Journal of Economic and Management Sciences,35.2506162695152,1217,429,"[Strategy and Management, Economics and Econometrics, Business and International Management, Accounting, Management of Technology and Innovation]"
https://openalex.org/S177050305,Road and transport research,35.26315789473684,570,201,[Transportation]
https://openalex.org/S4210224324,Accounting Auditing & Accountability Journal,35.26951672862453,2152,759,"[Strategy and Management, Accounting]"
https://openalex.org/S146248155,International Journal of Six Sigma and Competitive Advantage,35.294117647058826,391,138,[Strategy and Management]
https://openalex.org/S4306532820,Third sector review,35.294117647058826,187,66,[Finance]
https://openalex.org/S66524056,Journal of Business Economics and Management,35.30844155844156,1232,435,"[Accounting, Economics and Econometrics, Strategy and Management]"
https://openalex.org/S4210192771,Economic and Political Studies,35.333333333333336,300,106,"[Accounting, Finance, 'General Economics, Econometrics and Finance']"
https://openalex.org/S62270215,International Journal of Information Systems and Supply Chain Management,35.42976939203354,477,169,[Strategy and Management]
https://openalex.org/S4210219837,International Journal of Diplomacy and Economy,35.49488054607509,293,104,"[Strategy and Management, Economics and Econometrics, 'General Economics, Econometrics and Finance']"
https://openalex.org/S52125040,International Journal of Logistics Systems and Management,35.4978354978355,2079,738,[Strategy and Management]
https://openalex.org/S49131624,International Journal of Social Economics,35.628019323671495,3312,1180,"[Economics and Econometrics, 'General Economics, Econometrics and Finance']"
https://openalex.org/S91661715,Kyklos,35.71022727272727,3520,1257,"[Economics and Econometrics, 'General Economics, Econometrics and Finance', Finance]"
https://openalex.org/S4210226067,Journal of Hospitality and Tourism Insights,35.743519781718966,733,262,[Marketing]
https://openalex.org/S2737251658,Latin American Economic Review,35.76158940397351,151,54,"['General Economics, Econometrics and Finance', Economics and Econometrics]"
https://openalex.org/S102624508,The Learning Organization,35.77023498694517,1149,411,[Strategy and Management]
https://openalex.org/S98232940,International Review on Public and Nonprofit Marketing,35.783365570599614,517,185,[Marketing]
https://openalex.org/S202144432,Science Technology and Society,35.810810810810814,888,318,"[Management of Technology and Innovation, Business and International Management, Strategy and Management, Economics and Econometrics]"
https://openalex.org/S146741597,Strategic Outsourcing An International Journal,35.97122302158273,139,50,[Strategy and Management]
https://openalex.org/S55074384,The B E Journal of Economic Analysis & Policy,35.99689681923972,1289,464,[Economics and Econometrics]
https://openalex.org/S4210192138,Nankai Business Review International,36.0,425,153,"[Accounting, Strategy and Management]"
https://openalex.org/S4210215001,Journal of applied sport management,36.029411764705884,272,98,"[Marketing, Economics and Econometrics]"
https://openalex.org/S185930956,Contemporary Economic Policy,36.08391608391609,2145,774,"[Economics and Econometrics, 'General Economics, Econometrics and Finance', Finance]"
https://openalex.org/S959550399,New Perspectives on Political Economy,36.11111111111111,180,65,"[Economics and Econometrics, 'General Economics, Econometrics and Finance', Finance]"
https://openalex.org/S2765041547,The Pakistan Development Review,36.160188457008246,3396,1228,"[Finance, 'General Economics, Econometrics and Finance', Economics and Econometrics]"
https://openalex.org/S4210199421,Journal of CENTRUM Cathedra (JCC) The Business and Economics Research Journal,36.440677966101696,118,43,"['General Economics, Econometrics and Finance', Strategy and Management]"
https://openalex.org/S175672440,Regional Studies,36.53444676409186,5748,2100,[Economics and Econometrics]
https://openalex.org/S102805530,The Energy Journal,36.53781512605042,2975,1087,[Economics and Econometrics]
https://openalex.org/S184126201,British Journal of Management,36.557539682539684,2016,737,"[Strategy and Management, Accounting]"
https://openalex.org/S2764680368,Social and Environmental Accountability Journal,36.59378596087457,869,318,"[Marketing, Strategy and Management]"
https://openalex.org/S4210192430,Managing Service Quality,36.62940670679278,1163,426,[Marketing]
https://openalex.org/S87745625,International Journal of Management Reviews,36.666666666666664,810,297,"[Strategy and Management, Management of Technology and Innovation, Accounting]"
https://openalex.org/S4404664192,Journal of securities operations & custody,36.666666666666664,630,231,"[Finance, Economics and Econometrics, Strategy and Management]"
https://openalex.org/S161990933,International Journal of Electronic Marketing and Retailing,36.74418604651163,645,237,[Marketing]
https://openalex.org/S27967161,Journal of theoretical and applied electronic commerce research,36.77621283255086,1278,470,"[Marketing, Strategy and Management]"
https://openalex.org/S4210227272,Economic Annals-ХХI,36.78440925700365,821,302,"['General Economics, Econometrics and Finance', Economics and Econometrics]"
https://openalex.org/S151705444,Journal of Management Studies,36.80132816823464,3614,1330,"[Strategy and Management, Accounting]"
https://openalex.org/S2765001115,The Economics of Peace and Security Journal,36.86274509803922,255,94,[Economics and Econometrics]
https://openalex.org/S205929853,Electronic Commerce Research,37.00980392156863,1224,453,"[Strategy and Management, Marketing]"
https://openalex.org/S94552155,Organization & Environment,37.053182214472535,1147,425,"[Marketing, Strategy and Management]"
https://openalex.org/S104354167,Acta Oeconomica,37.07093821510298,874,324,"['General Economics, Econometrics and Finance', Economics and Econometrics, Finance]"
https://openalex.org/S208001523,Journal of Internet Commerce,37.13163064833006,509,189,[Marketing]
https://openalex.org/S165152232,Review of Agricultural Economics,37.224383916990924,771,287,[Economics and Econometrics]
https://openalex.org/S2737009078,APUNTES DEL CENES,37.278106508875744,338,126,"[Economics and Econometrics, 'General Economics, Econometrics and Finance']"
https://openalex.org/S18436875,International Journal of Electronic Commerce,37.29662077596996,799,298,"[Marketing, Strategy and Management]"
https://openalex.org/S4210185081,Revista de Economia Mackenzie,37.301587301587304,126,47,"['General Economics, Econometrics and Finance', Economics and Econometrics]"
https://openalex.org/S4210228954,Revue de l'OFCE/La Revue de l'OFCE,37.37265415549598,1865,697,"[Finance, 'General Economics, Econometrics and Finance', Economics and Econometrics]"
https://openalex.org/S2764539693,EURO Journal on Transportation and Logistics,37.41258741258741,286,107,[Transportation]
https://openalex.org/S92223472,Astin Bulletin,37.43752839618355,2201,824,"[Economics and Econometrics, Finance]"
https://openalex.org/S2764998427,EJBO. Electronic journal of business and organization ethics,37.5,8,3,"[Accounting, Strategy and Management]"
https://openalex.org/S4210228621,Journal of Asia Entrepreneurship and Sustainability,37.5,8,3,[Management of Technology and Innovation]
https://openalex.org/S4210211100,Global Business Perspectives,37.5,32,12,"[Strategy and Management, Management of Technology and Innovation]"
https://openalex.org/S5406942086,The IUP Journal of Applied Economics,37.5,16,6,[Economics and Econometrics]
https://openalex.org/S2736872555,Croatian Economic Survey,37.5,120,45,"[Finance, Strategy and Management, Economics and Econometrics]"
https://openalex.org/S4210207324,Journal of Database Marketing & Customer Strategy Management,37.52913752913753,429,161,[Marketing]
https://openalex.org/S2738677470,Oeconomia Copernicana,37.63636363636363,550,207,"[Strategy and Management, Economics and Econometrics]"
https://openalex.org/S2738848155,Contemporary Economics,37.66233766233766,308,116,"['General Economics, Econometrics and Finance', Economics and Econometrics, Finance, Accounting]"
https://openalex.org/S42911722,International Journal of Economic Policy in Emerging Economies,37.768679631525075,977,369,"['General Economics, Econometrics and Finance', Economics and Econometrics, Finance, Accounting]"
https://openalex.org/S2764794650,Journal of International Logistics and Trade,37.8,500,189,"['General Economics, Econometrics and Finance', Strategy and Management]"
https://openalex.org/S91781374,Accounting History,37.828054298642535,1105,418,"[Accounting, Economics and Econometrics]"
https://openalex.org/S2739393555,Journal of Agricultural and Applied Economics,37.909898866074165,3263,1237,[Economics and Econometrics]
https://openalex.org/S4210193511,Economics and Mathematical Methods,38.141025641025635,312,119,"['General Economics, Econometrics and Finance', Strategy and Management, Management of Technology and Innovation]"
https://openalex.org/S2764837506,Indian Journal of Labour Economics,38.15789473684211,608,232,[Economics and Econometrics]
https://openalex.org/S4210172729,Journal of Humanitarian Logistics and Supply Chain Management,38.368580060422964,331,127,[Strategy and Management]
https://openalex.org/S2764434733,Low Carbon Economy,38.37837837837838,185,71,[Economics and Econometrics]
https://openalex.org/S95464858,Econometrica,38.38816698921758,7234,2777,"[Economics and Econometrics, 'General Economics, Econometrics and Finance']"
https://openalex.org/S4210222223,Journal of Global Academy of Marketing Science,38.482384823848236,369,142,[Marketing]
https://openalex.org/S2764555313,International Journal of Business,38.54489164086687,646,249,"[Finance, Strategy and Management, Accounting, Economics and Econometrics]"
https://openalex.org/S4210238834,SCIENZE REGIONALI,38.56502242152467,223,86,[Economics and Econometrics]
https://openalex.org/S170200280,Journal of Australian political economy,38.63636363636363,308,119,"['General Economics, Econometrics and Finance', Economics and Econometrics, Finance]"
https://openalex.org/S48957891,The TQM Journal,38.66571018651363,1394,539,[Strategy and Management]
https://openalex.org/S165812035,Energy Sources Part B Economics Planning and Policy,38.78627968337731,1137,441,[Economics and Econometrics]
https://openalex.org/S88959691,IATSS Research,38.8845855925639,1291,502,[Transportation]
https://openalex.org/S173896063,Property Management,38.94792773645058,1882,733,"[Finance, Economics and Econometrics]"
https://openalex.org/S4210189212,Asian Journal of Business Ethics,39.004149377593365,241,94,"[Marketing, Strategy and Management]"
https://openalex.org/S4210228282,Southeast Asian Economies,39.119804400978,818,320,"[Finance, 'General Economics, Econometrics and Finance']"
https://openalex.org/S2764716688,Journal of International Finance and Economics,39.16256157635468,406,159,"[Accounting, Finance, Economics and Econometrics, 'General Economics, Econometrics and Finance']"
https://openalex.org/S156716048,Economics of Governance,39.17995444191344,439,172,[Economics and Econometrics]
https://openalex.org/S139478629,Journal of Business-to-Business Marketing,39.189189189189186,666,261,"[Strategy and Management, Marketing]"
https://openalex.org/S192372812,Journal of International Food & Agribusiness Marketing,39.206534422403735,857,336,"[Marketing, Economics and Econometrics, 'General Economics, Econometrics and Finance']"
https://openalex.org/S2764801966,Journal of Destination Marketing & Management,39.285714285714285,868,341,"[Marketing, Transportation]"
https://openalex.org/S111496547,Scottish Journal of Political Economy,39.294306335204496,2494,980,"[Economics and Econometrics, 'General Economics, Econometrics and Finance']"
https://openalex.org/S160156518,International Journal of Fashion Design Technology and Education,39.31623931623932,585,230,[Marketing]
https://openalex.org/S4210195776,Journal of International Education in Business,39.338235294117645,272,107,"[Management of Technology and Innovation, Accounting]"
https://openalex.org/S134979503,Theory and Decision,39.3421614694575,2341,921,[Economics and Econometrics]
https://openalex.org/S147000529,International Journal of Automotive Technology and Management,39.37232524964337,701,276,"[Strategy and Management, Management of Technology and Innovation, 'General Economics, Econometrics and Finance']"
https://openalex.org/S4210198644,Economics of Transition and Institutional Change,39.375,320,126,"[Economics and Econometrics, 'General Economics, Econometrics and Finance', Accounting]"
https://openalex.org/S149339240,Eastern European Economics,39.52270081490104,1718,679,"['General Economics, Econometrics and Finance', Economics and Econometrics, Finance]"
https://openalex.org/S169796346,World Review of Intermodal Transportation Research,39.53488372093023,344,136,"[Strategy and Management, 'General Economics, Econometrics and Finance', Transportation]"
https://openalex.org/S86301901,Revista de economía aplicada/Revista de economía aplicada,39.56386292834891,321,127,"[Accounting, Economics and Econometrics, 'General Economics, Econometrics and Finance']"
https://openalex.org/S2764463436,North American Actuarial Journal,39.601921757035,1457,577,"[Economics and Econometrics, Finance]"
https://openalex.org/S105430050,Journal of World Trade,39.606126914660834,3199,1267,"['General Economics, Econometrics and Finance', Strategy and Management]"
https://openalex.org/S4210196836,Advances in management accounting,39.75,400,159,"[Accounting, Strategy and Management]"
https://openalex.org/S201197719,Tourism Economics,39.787542250120715,2071,824,"[Transportation, Economics and Econometrics]"
https://openalex.org/S4210175380,Revista Perspectiva Empresarial,39.906103286384976,213,85,"[Economics and Econometrics, Accounting]"
https://openalex.org/S4210232799,International Journal of Development and Conflict,40.0,70,28,[Economics and Econometrics]
https://openalex.org/S4210191712,Malaysian Journal of Economic Studies,40.0,200,80,"[Economics and Econometrics, 'General Economics, Econometrics and Finance', Accounting]"
https://openalex.org/S2737709537,GECONTEC,40.0,5,2,[Economics and Econometrics]
https://openalex.org/S117460449,Asia Pacific Business Review,40.0116144018583,1722,689,"[Accounting, 'General Economics, Econometrics and Finance', Strategy and Management]"
https://openalex.org/S138197279,International Journal of Trade and Global Markets,40.023068050749714,867,347,"[Strategy and Management, 'General Economics, Econometrics and Finance', Accounting]"
https://openalex.org/S4210206027,Journal of Education for Business,40.04085801838611,4895,1960,"[Management of Technology and Innovation, Accounting]"
https://openalex.org/S4210174900,Décisions Marketing,40.12797074954296,2188,878,"[Strategy and Management, Marketing]"
https://openalex.org/S165087003,Journal of the European Economic Association,40.24844720496895,1610,648,"[Economics and Econometrics, 'General Economics, Econometrics and Finance']"
https://openalex.org/S130252234,Transportation Science,40.38095238095238,2625,1060,[Transportation]
https://openalex.org/S4210186947,Finance Contrôle Stratégie,40.49382716049383,405,164,"[Accounting, Strategy and Management]"
https://openalex.org/S4210221200,J for International Business and Entrepreneurship Development,40.49429657794677,526,213,"[Strategy and Management, Management of Technology and Innovation]"
https://openalex.org/S166753014,Health Services Management Research,40.52346570397112,1108,449,[Economics and Econometrics]
https://openalex.org/S2764945587,International journal of entrepreneurship,40.524781341107875,686,278,"[Business and International Management, Management of Technology and Innovation, Accounting]"
https://openalex.org/S2765075093,International journal of institutions and economies/Institutions and economies,40.54054054054054,185,75,"[Strategy and Management, 'General Economics, Econometrics and Finance', Economics and Econometrics, Accounting]"
https://openalex.org/S2764906524,Review of Economics and Finance,40.546697038724375,439,178,"[Accounting, Finance, Economics and Econometrics, 'General Economics, Econometrics and Finance']"
https://openalex.org/S187998666,Comparative Economic Research Central and Eastern Europe,40.572390572390574,594,241,"[Economics and Econometrics, 'General Economics, Econometrics and Finance', Strategy and Management]"
https://openalex.org/S99304778,Forum for Social Economics,40.57971014492754,966,392,"[Economics and Econometrics, 'General Economics, Econometrics and Finance']"
https://openalex.org/S43391031,International Journal of Business Environment,40.63670411985019,534,217,"[Strategy and Management, Marketing, Management of Technology and Innovation]"
https://openalex.org/S126582591,World Review of Entrepreneurship Management and Sustainable Development,40.67796610169492,944,384,"[Management of Technology and Innovation, Business and International Management, Marketing, Strategy and Management]"
https://openalex.org/S2739286606,International Journal of Management and Economics,40.68627450980392,204,83,"['General Economics, Econometrics and Finance', Economics and Econometrics, Strategy and Management, Finance]"
https://openalex.org/S112345165,European Sport Management Quarterly,40.687361419068736,902,367,"[Economics and Econometrics, Marketing]"
https://openalex.org/S136211407,Ecological Economics,40.784724647805334,8589,3503,[Economics and Econometrics]
https://openalex.org/S207176912,Journal of Foodservice Business Research,40.814081408140815,909,371,[Marketing]
https://openalex.org/S196715598,Annual Review of Economics,40.899357601713064,467,191,"[Economics and Econometrics, 'General Economics, Econometrics and Finance']"
https://openalex.org/S4210212085,Global Business & Economics Anthology,40.963855421686745,83,34,"[Economics and Econometrics, Accounting, Strategy and Management]"
https://openalex.org/S198892436,Accounting Organizations and Society,41.01046882111971,2197,901,[Accounting]
https://openalex.org/S2765057965,Gadjah Mada International Journal of Business,41.02564102564102,429,176,"[Finance, Accounting]"
https://openalex.org/S2737777163,International Journal of Economics and Financial Issues,41.214622641509436,1696,699,"[Accounting, Economics and Econometrics, 'General Economics, Econometrics and Finance']"
https://openalex.org/S82178847,Economic Papers A journal of applied economics and policy,41.31082423038729,2014,832,"[Economics and Econometrics, 'General Economics, Econometrics and Finance']"
https://openalex.org/S174413665,Review of Income and Wealth,41.35036496350365,2740,1133,"[Economics and Econometrics, 'General Economics, Econometrics and Finance']"
https://openalex.org/S4210189013,Management Review Quarterly,41.37931034482759,464,192,"[Management of Technology and Innovation, Accounting, Marketing, Strategy and Management]"
https://openalex.org/S4210172902,Journal of Institutional and Theoretical Economics JITE,41.57303370786517,1157,481,[Economics and Econometrics]
https://openalex.org/S37376905,Journal of Public Policy & Marketing,41.5929203539823,1356,564,"[Economics and Econometrics, Marketing]"
https://openalex.org/S76239586,Qualitative Research in Accounting & Management,41.59836065573771,488,203,[Accounting]
https://openalex.org/S198068624,Advances in public interest accounting,41.62436548223351,197,82,"[Accounting, Strategy and Management]"
https://openalex.org/S2764734295,Management Theory and Studies for Rural Business and Infrastructure Development,41.65390505359878,1306,544,"[Economics and Econometrics, 'General Economics, Econometrics and Finance', Strategy and Management]"
https://openalex.org/S5407051845,The Journal of Applied Management Accounting Research,41.66666666666667,12,5,"[Strategy and Management, Finance]"
https://openalex.org/S2765006878,The Journal of Hospitality Financial Management,41.66666666666667,432,180,"[Strategy and Management, Accounting]"
https://openalex.org/S2764978665,Journal of Modern Accounting and Auditing,41.70692431561997,621,259,"[Accounting, Strategy and Management]"
https://openalex.org/S4306506326,CIRIEC-España revista de economía pública social y cooperativa,41.77449168207024,541,226,"[Accounting, Strategy and Management]"
https://openalex.org/S93284759,Journal of Business Research,41.83860431769298,12553,5252,"[Strategy and Management, Marketing, Accounting]"
https://openalex.org/S163545350,Journal of Consumer Psychology,41.85286103542234,1835,768,[Marketing]
https://openalex.org/S61992289,Journal of Advertising Research,42.0285631011367,3431,1442,[Marketing]
https://openalex.org/S29817978,Marketing Intelligence & Planning,42.03256043413912,2027,852,[Marketing]
https://openalex.org/S2764703659,Journal of Business & Economics Research (JBER),42.069434989788974,1469,618,"[Strategy and Management, Accounting, Finance]"
https://openalex.org/S114193083,Chinese Economy,42.07492795389049,1041,438,"[Accounting, Finance, 'General Economics, Econometrics and Finance', Economics and Econometrics]"
https://openalex.org/S193408319,Corporate Communications An International Journal,42.12840809146878,1137,479,[Strategy and Management]
https://openalex.org/S4210182043,Arthaniti-Journal of Economic Theory and Practice,42.129629629629626,216,91,"['General Economics, Econometrics and Finance', Economics and Econometrics, Finance]"
https://openalex.org/S4210210387,Cross Cultural & Strategic Management,42.26190476190476,336,142,[Strategy and Management]
https://openalex.org/S26598852,Economia Politica,42.27544910179641,835,353,"[Economics and Econometrics, 'General Economics, Econometrics and Finance', Marketing]"
https://openalex.org/S83271458,Journal Of Vacation Marketing,42.30769230769231,1170,495,"[Transportation, Marketing]"
https://openalex.org/S118298121,Journal of Hospitality Marketing & Management,42.31738035264483,794,336,[Marketing]
https://openalex.org/S2764393121,The American Economist,42.328835582208896,2001,847,"[Economics and Econometrics, 'General Economics, Econometrics and Finance']"
https://openalex.org/S2764853111,Journal of Economic and Financial Sciences,42.35727440147329,543,230,"[Strategy and Management, Accounting]"
https://openalex.org/S2735010472,Journal of the Association for Consumer Research,42.37918215613383,538,228,[Marketing]
https://openalex.org/S2737535994,Contaduría y Administración,42.39904988123516,1684,714,"[Economics and Econometrics, Accounting]"
https://openalex.org/S2764925558,Industry and Higher Education,42.44332493702771,2382,1011,"[Management of Technology and Innovation, Strategy and Management]"
https://openalex.org/S80197860,International Journal of Development Issues,42.45524296675192,391,166,"[Economics and Econometrics, 'General Economics, Econometrics and Finance']"
https://openalex.org/S37738278,Knowledge and Process Management,42.476970317297855,977,415,[Strategy and Management]
https://openalex.org/S7424199,Public Choice,42.491039426523294,5580,2371,[Economics and Econometrics]
https://openalex.org/S2764889392,Accounting Historians Journal,42.54422914911542,1187,505,"[Economics and Econometrics, Accounting]"
https://openalex.org/S45992627,The Economic Journal,42.59745505958392,19804,8436,"[Finance, 'General Economics, Econometrics and Finance', Economics and Econometrics]"
https://openalex.org/S2764884217,Technology Innovation Management Review,42.68104776579353,1298,554,"[Management of Technology and Innovation, Strategy and Management]"
https://openalex.org/S136286870,Journal of Indian Business Research,42.93628808864266,361,155,"[Accounting, Marketing]"
https://openalex.org/S4210234539,Research in Globalization,42.94670846394985,319,137,"[Economics and Econometrics, 'General Economics, Econometrics and Finance']"
https://openalex.org/S2764743394,Transportation research procedia,43.02005012531328,7980,3433,[Transportation]
https://openalex.org/S4394735553,Annals of Public and Cooperative Economics,43.03907380607815,3455,1487,"[Strategy and Management, Economics and Econometrics, Accounting]"
https://openalex.org/S2764779785,Research in Transportation Business & Management,43.07692307692308,1300,560,[Transportation]
https://openalex.org/S19645890,China Economic Review,43.13111545988259,2555,1102,"[Accounting, 'General Economics, Econometrics and Finance', Economics and Econometrics]"
https://openalex.org/S4210188437,Supply Chain Forum an International Journal,43.16436251920123,651,281,[Strategy and Management]
https://openalex.org/S4210239895,Revista de Economia,43.20137693631669,581,251,"['General Economics, Econometrics and Finance', Economics and Econometrics]"
https://openalex.org/S2898304895,Water Resources and Economics,43.20557491289199,287,124,[Economics and Econometrics]
https://openalex.org/S178563901,Society and Business Review,43.211920529801326,604,261,"[Strategy and Management, Marketing, Accounting]"
https://openalex.org/S4210186146,Economía Agraria y Recursos Naturales,43.22916666666667,384,166,[Economics and Econometrics]
https://openalex.org/S103309803,International Journal of Quality and Service Sciences,43.23770491803279,488,211,[Marketing]
https://openalex.org/S207627288,International Journal of Integrated Supply Management,43.262411347517734,423,183,[Strategy and Management]
https://openalex.org/S4210206318,Journal of Global Sport Management,43.288590604026844,298,129,"[Economics and Econometrics, Marketing]"
https://openalex.org/S2764399430,Journal of Responsible Innovation,43.29896907216495,485,210,"[Management of Technology and Innovation, Business and International Management]"
https://openalex.org/S2738796003,Zbornik radova Ekonomskog fakulteta u Rijeci,43.32247557003257,307,133,"[Economics and Econometrics, 'General Economics, Econometrics and Finance', Strategy and Management]"
https://openalex.org/S4210176257,Journal of Management Science and Engineering,43.34763948497854,233,101,"[Economics and Econometrics, Strategy and Management, Finance]"
https://openalex.org/S132285554,Creativity and Innovation Management,43.40758579169175,1661,721,"[Management of Technology and Innovation, Strategy and Management]"
https://openalex.org/S45303301,Critical Perspectives on International Business,43.41637010676156,562,244,"[Business and International Management, Strategy and Management]"
https://openalex.org/S2764830693,Environmental Economics,43.47826086956522,483,210,"[Economics and Econometrics, Marketing]"
https://openalex.org/S2737109034,International Journal of Innovation,43.492063492063494,315,137,"[Management of Technology and Innovation, Business and International Management, Strategy and Management]"
https://openalex.org/S128686264,NETNOMICS Economic Research and Electronic Networking,43.64406779661017,236,103,"[Transportation, Marketing, Strategy and Management]"
https://openalex.org/S119950638,Journal of Marketing Research,43.746708794102155,7596,3323,[Marketing]
https://openalex.org/S198325475,Insurance Mathematics and Economics,43.76438986953185,5212,2281,"[Finance, Economics and Econometrics]"
https://openalex.org/S4210225772,REICE Revista Electrónica de Investigación en Ciencias Económicas,43.7888198757764,322,141,"[Strategy and Management, Economics and Econometrics, Accounting]"
https://openalex.org/S2764833774,Accounting History Review,43.79562043795621,274,120,"[Economics and Econometrics, Accounting]"
https://openalex.org/S2764431486,World Review of Political Economy,43.81625441696113,566,248,"[Finance, 'General Economics, Econometrics and Finance', Economics and Econometrics]"
https://openalex.org/S108845946,Economica,43.827983040581465,8255,3618,"['General Economics, Econometrics and Finance', Economics and Econometrics, Finance]"
https://openalex.org/S2764995312,Journal of Interactive Advertising,43.927648578811365,387,170,[Marketing]
https://openalex.org/S93630570,Journal of Product Innovation Management,43.93511988716502,4254,1869,"[Management of Technology and Innovation, Strategy and Management]"
https://openalex.org/S14291815,Journal of Marketing Management,43.95236323036844,2687,1181,[Marketing]
https://openalex.org/S2737852900,Review of Economic Analysis,43.96887159533074,257,113,"['General Economics, Econometrics and Finance', Economics and Econometrics, Finance]"
https://openalex.org/S21663492,International Journal of Business Performance and Supply Chain Modelling,43.99038461538461,416,183,[Strategy and Management]
https://openalex.org/S149627586,Foundations and Trends® in Microeconomics,44.0,50,22,[Economics and Econometrics]
https://openalex.org/S4210238641,Economics of Planning,44.02985074626866,402,177,"[Economics and Econometrics, 'General Economics, Econometrics and Finance']"
https://openalex.org/S2912564958,Journal of Public Budgeting Accounting & Financial Management,44.07364787111623,869,383,[Economics and Econometrics]
https://openalex.org/S134015283,International Journal of Revenue Management,44.27710843373494,332,147,"[Accounting, Finance, Marketing, 'General Economics, Econometrics and Finance']"
https://openalex.org/S127708089,Journal of Economic Literature,44.28634948866163,2249,996,"[Economics and Econometrics, 'General Economics, Econometrics and Finance', Finance]"
https://openalex.org/S149285975,Land Economics,44.29147875623071,4213,1866,[Economics and Econometrics]
https://openalex.org/S4210236701,SN Business & Economics,44.315789473684205,950,421,"['General Economics, Econometrics and Finance', Economics and Econometrics]"
https://openalex.org/S141901250,Strategic Change,44.40594059405941,2020,897,"[Management of Technology and Innovation, Accounting, Economics and Econometrics, Strategy and Management]"
https://openalex.org/S4210201538,Applied Mobilities,44.44444444444444,216,96,[Transportation]
https://openalex.org/S2764905667,Nordisk tidskrift för politisk ekonomi,44.44444444444444,45,20,"['General Economics, Econometrics and Finance', Economics and Econometrics]"
https://openalex.org/S99707577,Business and Politics,44.638069705093834,746,333,"[Accounting, Strategy and Management, 'General Economics, Econometrics and Finance']"
https://openalex.org/S91754907,American Journal of Agricultural Economics,44.64339908952959,13180,5884,"[Strategy and Management, Economics and Econometrics]"
https://openalex.org/S2737717374,Ekonomska misao i praksa,44.81707317073171,328,147,"[Economics and Econometrics, Strategy and Management, Transportation]"
https://openalex.org/S192824152,Tourism in Marine Environments,44.827586206896555,377,169,[Transportation]
https://openalex.org/S92522684,Journal of the Academy of Marketing Science,44.93464052287582,3672,1650,[Marketing]
https://openalex.org/S2764955566,The Indian Economic Journal,44.94811578372474,3662,1646,"['General Economics, Econometrics and Finance', Economics and Econometrics, Finance]"
https://openalex.org/S3207870907,Journal of Inter-Organizational Relationships,45.0,20,9,[Strategy and Management]
https://openalex.org/S976474146,Politická ekonomie,45.02164502164502,2541,1144,"[Accounting, Economics and Econometrics]"
https://openalex.org/S72880728,The Journal of Economic Perspectives,45.17766497461929,2364,1068,"['General Economics, Econometrics and Finance', Economics and Econometrics]"
https://openalex.org/S69354472,Direct Marketing An International Journal,45.20547945205479,73,33,[Marketing]
https://openalex.org/S20613913,International Journal of Sport Management and Marketing,45.28301886792453,689,312,"[Economics and Econometrics, Marketing]"
https://openalex.org/S92709572,Journal of Interactive Marketing,45.44444444444444,900,409,[Marketing]
https://openalex.org/S4210201520,The Japanese Political Economy,45.45454545454545,154,70,"['General Economics, Econometrics and Finance', Finance]"
https://openalex.org/S2764844241,Advances in competitiveness research,45.45454545454545,121,55,"[Accounting, Strategy and Management]"
https://openalex.org/S114724389,Journal of African Business,45.53191489361702,705,321,"[Economics and Econometrics, Accounting, Management of Technology and Innovation, Business and International Management]"
https://openalex.org/S2764665428,Journal of Entrepreneurship Management and Innovation,45.65217391304348,414,189,"[Strategy and Management, Business and International Management, Management of Technology and Innovation]"
https://openalex.org/S138400101,Managerial and Decision Economics,45.65893326955274,4181,1909,"[Economics and Econometrics, Accounting, Marketing]"
https://openalex.org/S164321952,International Journal of Operations & Production Management,45.745405037440435,2938,1344,"[Strategy and Management, Management of Technology and Innovation]"
https://openalex.org/S99901373,Journal of Transportation Systems Engineering and Information Technology,45.793103448275865,1450,664,[Transportation]
https://openalex.org/S100134864,European Journal of Political Economy,45.7984721716988,2749,1259,"[Economics and Econometrics, 'General Economics, Econometrics and Finance']"
https://openalex.org/S4210171825,American Business Review,45.85365853658537,205,94,"[Economics and Econometrics, 'General Economics, Econometrics and Finance', Accounting, Finance]"
https://openalex.org/S145575934,Transportation Research Record Journal of the Transportation Research Board,45.926061206919044,38329,17603,[Transportation]
https://openalex.org/S20489460,Benchmarking An International Journal,46.03386809269162,2244,1033,"[Strategy and Management, Marketing]"
https://openalex.org/S10891802,International Journal of Technology Intelligence and Planning,46.08433734939759,332,153,[Strategy and Management]
https://openalex.org/S2764742558,International Journal of Marketing Studies,46.12021857923497,915,422,[Marketing]
https://openalex.org/S4210204559,Marketing and Management of Innovations,46.21951219512195,820,379,"[Economics and Econometrics, 'General Economics, Econometrics and Finance']"
https://openalex.org/S44763245,International Journal of Green Economics,46.25199362041467,627,290,"[Marketing, Economics and Econometrics]"
https://openalex.org/S25359449,International Advances in Economic Research,46.271094175285796,1837,850,"[Finance, 'General Economics, Econometrics and Finance', Economics and Econometrics]"
https://openalex.org/S79233773,Medical Care,46.274186908192675,9716,4496,[Economics and Econometrics]
https://openalex.org/S201928713,Review of Radical Political Economics,46.32136550912301,3398,1574,"[Finance, 'General Economics, Econometrics and Finance', Economics and Econometrics]"
https://openalex.org/S1086168,International Journal of Critical Accounting,46.36871508379888,537,249,[Accounting]
https://openalex.org/S44261207,Hitotsubashi journal of economics,46.40522875816993,306,142,"[Finance, 'General Economics, Econometrics and Finance', Economics and Econometrics]"
https://openalex.org/S76295336,Journal of Media Economics,46.412213740458014,655,304,"[Strategy and Management, Economics and Econometrics, Marketing]"
https://openalex.org/S179517972,Canadian Journal of Agricultural Economics/Revue canadienne d agroeconomie,46.42741674749434,3093,1436,"[Strategy and Management, Economics and Econometrics, 'General Economics, Econometrics and Finance']"
https://openalex.org/S144169037,Oxonomics,46.51162790697674,43,20,"[Finance, 'General Economics, Econometrics and Finance', Economics and Econometrics]"
https://openalex.org/S95323914,Journal of Political Economy,46.55347187024835,15784,7348,"[Economics and Econometrics, 'General Economics, Econometrics and Finance']"
https://openalex.org/S4210192748,International Journal of Academic Research in Accounting Finance and Management Sciences,46.56758669497523,1413,658,"[Accounting, Economics and Econometrics]"
https://openalex.org/S172313144,European Management Review,46.579804560260584,921,429,"[Accounting, Strategy and Management]"
https://openalex.org/S4210220312,International Journal of Logistics Research and Applications,46.75555555555555,1125,526,[Strategy and Management]
https://openalex.org/S97320426,Journal of Supply Chain Management,46.76503972758229,881,412,[Strategy and Management]
https://openalex.org/S8557221,Journal of Labor Economics,46.794208893485006,1934,905,[Economics and Econometrics]
https://openalex.org/S48393686,Revista de historia industrial,46.82622268470343,961,450,[Economics and Econometrics]
https://openalex.org/S16296580,Southern Economic Journal,46.876141761052246,10948,5132,"['General Economics, Econometrics and Finance', Economics and Econometrics]"
https://openalex.org/S4210225597,Problemy Zarządzania - Management Issues,46.89725330620549,983,461,"[Management of Technology and Innovation, Economics and Econometrics, Strategy and Management]"
https://openalex.org/S51113653,The Engineering Economist,46.935483870967744,1860,873,"[Strategy and Management, Economics and Econometrics, Finance]"
https://openalex.org/S2898574612,Economic Analysis and Policy,46.99622382423618,2913,1369,"[Economics and Econometrics, 'General Economics, Econometrics and Finance']"
https://openalex.org/S97316453,Cambridge Journal of Regions Economy and Society,47.0,700,329,"[Finance, Economics and Econometrics]"
https://openalex.org/S2764807039,Service Science,47.00374531835206,534,251,[Marketing]
https://openalex.org/S2764939569,Company and securities law journal,47.008547008547005,117,55,"[Accounting, Economics and Econometrics, Strategy and Management]"
https://openalex.org/S2764865913,Economics and Business Letters,47.03087885985748,421,198,"[Accounting, 'General Economics, Econometrics and Finance', Economics and Econometrics]"
https://openalex.org/S91213080,The Economists Voice,47.0873786407767,618,291,"['General Economics, Econometrics and Finance', Economics and Econometrics, Finance]"
https://openalex.org/S46472734,Young Consumers Insight and Ideas for Responsible Marketers,47.286821705426355,903,427,[Marketing]
https://openalex.org/S64511102,Transportation Research Part C Emerging Technologies,47.28994559742091,4963,2347,[Transportation]
https://openalex.org/S153849593,Baltic Journal of Management,47.303543913713405,649,307,"[Strategy and Management, Accounting, Management of Technology and Innovation]"
https://openalex.org/S2764821879,Journal of international management studies,47.368421052631575,19,9,"[Marketing, Strategy and Management]"
https://openalex.org/S188292526,Econ journal watch,47.368421052631575,304,144,"[Economics and Econometrics, 'General Economics, Econometrics and Finance']"
https://openalex.org/S4210235882,ZFW – Advances in Economic Geography,47.368421052631575,76,36,"[Strategy and Management, Economics and Econometrics]"
https://openalex.org/S2738132587,IZA Journal of Labor Economics,47.368421052631575,114,54,[Economics and Econometrics]
https://openalex.org/S4210168315,Ekonomski pregled,47.53661784287617,751,357,"[Strategy and Management, Economics and Econometrics, 'General Economics, Econometrics and Finance']"
https://openalex.org/S2764518860,Annals of Economics and Statistics,47.72036474164133,987,471,"[Economics and Econometrics, 'General Economics, Econometrics and Finance']"
https://openalex.org/S161977297,Journal of Accounting & Organizational Change,47.72117962466488,746,356,"[Strategy and Management, Accounting]"
https://openalex.org/S11782782,Australasian Marketing Journal (AMJ),47.7892756349953,1063,508,"[Management of Technology and Innovation, Marketing]"
https://openalex.org/S162611689,Business Economics,47.791164658634536,996,476,"[Finance, 'General Economics, Econometrics and Finance', Economics and Econometrics]"
https://openalex.org/S7345157,Eastern Economic Journal,47.829232995658465,1382,661,"['General Economics, Econometrics and Finance', Economics and Econometrics]"
https://openalex.org/S57658676,Journal of Financial Management of Property and Construction,47.84580498866213,441,211,"[Strategy and Management, Economics and Econometrics]"
https://openalex.org/S4210215609,Economics ecology socium,47.90874524714829,263,126,"[Management of Technology and Innovation, 'General Economics, Econometrics and Finance', Economics and Econometrics]"
https://openalex.org/S180723199,Agribusiness,48.040885860306645,2348,1128,"[Economics and Econometrics, 'General Economics, Econometrics and Finance', Marketing]"
https://openalex.org/S48280882,Enterprise Development and Microfinance,48.04741980474198,1434,689,"[Accounting, Business and International Management, Economics and Econometrics]"
https://openalex.org/S156003414,Quantitative Economics,48.16666666666667,600,289,"[Accounting, Marketing, 'General Economics, Econometrics and Finance', Economics and Econometrics]"
https://openalex.org/S4210168767,Africa Journal of Management,48.26254826254826,259,125,"[Business and International Management, Management of Technology and Innovation]"
https://openalex.org/S2764547682,Journal of Financial Management and Analysis,48.275862068965516,58,28,"[Economics and Econometrics, Finance, Accounting]"
https://openalex.org/S120518121,Atlantic Economic Journal,48.28952106589845,2777,1341,"[Finance, 'General Economics, Econometrics and Finance', Economics and Econometrics]"
https://openalex.org/S17774442,American Journal of Business,48.319327731092436,238,115,"[Finance, Accounting, Marketing]"
https://openalex.org/S124549413,Journal of Economic Surveys,48.33948339483395,1626,786,"['General Economics, Econometrics and Finance', Economics and Econometrics]"
https://openalex.org/S2765036513,Australasian Accounting Business and Finance Journal,48.346456692913385,635,307,"[Finance, Strategy and Management, Accounting]"
https://openalex.org/S2764881094,International journal of business and economics,48.42767295597484,318,154,"[Finance, Accounting, 'General Economics, Econometrics and Finance', Economics and Econometrics]"
https://openalex.org/S2764651816,Academy of Entrepreneurship journal,48.47001223990208,817,396,"[Business and International Management, Management of Technology and Innovation, Accounting]"
https://openalex.org/S678965,Value in Health,48.48021283671433,75175,36445,[Economics and Econometrics]
https://openalex.org/S2736647864,Retos,48.59154929577465,284,138,"[Economics and Econometrics, Accounting]"
https://openalex.org/S42260610,African Journal of Economic and Management Studies,48.59649122807018,570,277,"[Accounting, Economics and Econometrics, 'General Economics, Econometrics and Finance']"
https://openalex.org/S69065261,International Journal of Inventory Research,48.64864864864865,148,72,[Strategy and Management]
https://openalex.org/S40814766,Journal of Marketing for HIGHER EDUCATION,48.74074074074074,675,329,"[Strategy and Management, Management of Technology and Innovation]"
https://openalex.org/S145337823,Journal of investment management,48.78048780487805,41,20,"['General Economics, Econometrics and Finance', Accounting, Strategy and Management]"
https://openalex.org/S4210201828,International Journal of Small Business and Entrepreneurship Research,48.91304347826087,92,45,"[Management of Technology and Innovation, Accounting, Economics and Econometrics]"
https://openalex.org/S4387281549,International Studies of Economics,48.96551724137931,145,71,"[Economics and Econometrics, 'General Economics, Econometrics and Finance', Accounting]"
https://openalex.org/S59042063,Asian-Pacific Economic Literature,48.99095337508699,1437,704,"['General Economics, Econometrics and Finance', Finance, Accounting]"
https://openalex.org/S4210234004,Korea International Accounting Review,49.017681728880156,1018,499,"[Strategy and Management, Accounting]"
https://openalex.org/S19358283,International Journal of Advertising,49.026708918062475,2209,1083,[Marketing]
https://openalex.org/S2898450762,Analytic Methods in Accident Research,49.152542372881356,295,145,[Transportation]
https://openalex.org/S4210168278,International Journal of Global Business and Competitiveness,49.171270718232044,181,89,"[Business and International Management, Strategy and Management, 'General Economics, Econometrics and Finance']"
https://openalex.org/S2764833115,Value in Health Regional Issues,49.17267713194739,2357,1159,"[Finance, Economics and Econometrics]"
https://openalex.org/S2737221291,Zagreb international review of economics and business/Zagreb international review of economics & business,49.280575539568346,278,137,"[Accounting, Economics and Econometrics, 'General Economics, Econometrics and Finance']"
https://openalex.org/S2738428943,Studia Universitatis „Vasile Goldis” Arad – Economics Series,49.36708860759494,237,117,"[Economics and Econometrics, 'General Economics, Econometrics and Finance']"
https://openalex.org/S2764482395,Journal of business & entrepreneurship,49.50099800399202,501,248,"[Management of Technology and Innovation, Accounting, Economics and Econometrics]"
https://openalex.org/S4210203326,A Economia em Revista - AERE,49.528301886792455,212,105,"['General Economics, Econometrics and Finance', Economics and Econometrics]"
https://openalex.org/S4210180908,Financial Internet Quarterly,49.645390070921984,141,70,"[Economics and Econometrics, Accounting, Finance]"
https://openalex.org/S60370010,Journal of the Knowledge Economy,49.65341116380883,2741,1361,"[Strategy and Management, Economics and Econometrics]"
https://openalex.org/S120949314,Comparative Economic Studies,49.680511182108624,1252,622,"[Finance, 'General Economics, Econometrics and Finance', Economics and Econometrics]"
https://openalex.org/S135394783,The International Journal of Management Education,49.70544918998527,1358,675,"[Business and International Management, Management of Technology and Innovation]"
https://openalex.org/S100141487,Growth and Change,49.73035439137134,2596,1291,[Economics and Econometrics]
https://openalex.org/S31748134,Industrial Marketing Management,49.78141037825509,5261,2619,"[Strategy and Management, Marketing]"
https://openalex.org/S4393918062,Suma de Negocios,49.795918367346935,245,122,"[Accounting, Management of Technology and Innovation, Economics and Econometrics]"
https://openalex.org/S11810700,International Journal of Research in Marketing,49.827840629611416,2033,1013,[Marketing]
https://openalex.org/S2764825926,Journal of the Eastern Asia Society for transportation studies/Journal of the Eastern Asia Society for Transportation Studies,49.90950226244344,2210,1103,[Transportation]
https://openalex.org/S197981039,Economics and Politics,49.9437570303712,889,444,"[Economics and Econometrics, 'General Economics, Econometrics and Finance']"
https://openalex.org/S4210216216,Advances in accounting behavioral research,50.0,320,160,[Accounting]
https://openalex.org/S4210192545,North South Business Review,50.0,2,1,[Economics and Econometrics]
https://openalex.org/S206615888,Economic Inquiry,50.0,4256,2128,"[Economics and Econometrics, 'General Economics, Econometrics and Finance']"
https://openalex.org/S4210204738,Journal of Marketing Behavior,50.0,72,36,[Marketing]
https://openalex.org/S2764670738,Journal of Governance and Regulation,50.0,1072,536,"[Accounting, Finance, Strategy and Management]"
https://openalex.org/S2764407457,Kyoto economic review,50.0,2,1,[Economics and Econometrics]
https://openalex.org/S125733402,Investigación Económica,50.14044943820225,1424,714,"['General Economics, Econometrics and Finance', Economics and Econometrics]"
https://openalex.org/S14567820,The Journal of developing areas,50.150511739915714,1661,833,"[Economics and Econometrics, 'General Economics, Econometrics and Finance']"
https://openalex.org/S4210198543,Journal of Agribusiness in Developing and Emerging Economies,50.187265917603,534,268,"[Business and International Management, Economics and Econometrics, Strategy and Management]"
https://openalex.org/S4210179427,Academia Revista Latinoamericana de Administración,50.252525252525245,396,199,"[Business and International Management, Strategy and Management, Accounting, Management of Technology and Innovation]"
https://openalex.org/S2764798183,South African Actuarial Journal,50.37037037037037,135,68,"[Accounting, Economics and Econometrics]"
https://openalex.org/S171720814,International Journal of Technology Management,50.395850395850395,3663,1846,"[Strategy and Management, Economics and Econometrics, Management of Technology and Innovation]"
https://openalex.org/S173807628,International Journal of Consumer Studies,50.40271301398897,2359,1189,[Marketing]
https://openalex.org/S4210230920,TEC Empresarial,50.416666666666664,240,121,"[Economics and Econometrics, Accounting, Management of Technology and Innovation]"
https://openalex.org/S59475652,Health Care Management Science,50.49701789264414,1006,508,[Economics and Econometrics]
https://openalex.org/S112489639,International Journal of Computational Economics and Econometrics,50.524109014675055,477,241,"[Finance, 'General Economics, Econometrics and Finance', Economics and Econometrics]"
https://openalex.org/S77392188,Journal of Marketing Channels,50.54347826086957,552,279,"[Strategy and Management, Marketing]"
https://openalex.org/S152972827,International Journal of Lean Six Sigma,50.5564387917329,629,318,[Strategy and Management]
https://openalex.org/S203223212,Journal of Promotion Management,50.622009569377994,1045,529,[Marketing]
https://openalex.org/S4210219734,National Accounting Review,50.6578947368421,152,77,"[Economics and Econometrics, 'General Economics, Econometrics and Finance']"
https://openalex.org/S2735890421,The World Bank Economic Review,50.686641697877654,1602,812,"[Finance, Economics and Econometrics, 'General Economics, Econometrics and Finance']"
https://openalex.org/S4210207936,Schmalenbach Business Review,50.69124423963134,434,220,"[Strategy and Management, Accounting, Finance]"
https://openalex.org/S4210181022,World Journal of Entrepreneurship Management and Sustainable Development,50.74626865671642,402,204,"[Management of Technology and Innovation, Business and International Management, Marketing]"
https://openalex.org/S2764977819,Global Trade and Customs Journal,50.80956052428681,1297,659,"[Strategy and Management, 'General Economics, Econometrics and Finance']"
https://openalex.org/S151220816,Post-Communist Economies,50.847457627118644,944,480,"['General Economics, Econometrics and Finance', Economics and Econometrics, Finance]"
https://openalex.org/S4210189864,The Economics and Finance Letters,50.88495575221239,226,115,"[Accounting, Economics and Econometrics, 'General Economics, Econometrics and Finance']"
https://openalex.org/S50758683,Revista de Historia Económica / Journal of Iberian and Latin American Economic History,50.905328504914635,1933,984,"[Economics and Econometrics, 'General Economics, Econometrics and Finance']"
https://openalex.org/S187200255,Competition & Change,50.99075297225891,757,386,"[Finance, Strategy and Management, 'General Economics, Econometrics and Finance']"
https://openalex.org/S89389284,European Journal of Marketing,51.01246105919003,3852,1965,[Marketing]
https://openalex.org/S200768828,CEPAL review,51.05853051058531,1606,820,"[Finance, 'General Economics, Econometrics and Finance', Economics and Econometrics]"
https://openalex.org/S165881774,The B E Journal of Theoretical Economics,51.08359133126935,646,330,[Economics and Econometrics]
https://openalex.org/S23254222,American Economic Review,51.08642578125,8192,4185,"[Economics and Econometrics, 'General Economics, Econometrics and Finance', Accounting]"
https://openalex.org/S4210206337,Journal of Accounting Business and Management (JABM),51.162790697674424,172,88,"[Accounting, Strategy and Management]"
https://openalex.org/S149146142,International Journal of Innovation and Technology Management,51.16931711880262,1069,547,"[Economics and Econometrics, Strategy and Management, Management of Technology and Innovation]"
https://openalex.org/S2764661209,Asia-Pacific development journal,51.196172248803826,209,107,"['General Economics, Econometrics and Finance', Economics and Econometrics, Finance]"
https://openalex.org/S4210179731,Cuadernos de Administración,51.19798234552333,793,406,"[Economics and Econometrics, Accounting]"
https://openalex.org/S4210172917,International Review of Business Research Papers,51.23456790123457,162,83,"[Accounting, Finance]"
https://openalex.org/S1014724869,Economic Research-Ekonomska Istraživanja,51.362215274676196,2239,1150,"[Economics and Econometrics, 'General Economics, Econometrics and Finance', Accounting]"
https://openalex.org/S45181156,Transportation Research Part D Transport and Environment,51.37088204038257,4705,2417,[Transportation]
https://openalex.org/S196354030,International Journal of Technology Management and Sustainable Development,51.37844611528822,399,205,"[Management of Technology and Innovation, Business and International Management, Economics and Econometrics, Strategy and Management]"
https://openalex.org/S2737226017,Aestimatio The IEB International Journal of Finance,51.388888888888886,72,37,"[Economics and Econometrics, 'General Economics, Econometrics and Finance', Accounting, Finance]"
https://openalex.org/S158011328,American Economic Journal Economic Policy,51.39211136890951,862,443,"[Accounting, Economics and Econometrics]"
https://openalex.org/S4210228296,Rivista internazionale di scienze economiche e commerciali,51.42857142857142,35,18,"[Economics and Econometrics, 'General Economics, Econometrics and Finance']"
https://openalex.org/S4210175454,Management Research The Journal of the Iberoamerican Academy of Management,51.515151515151516,462,238,"[Strategy and Management, Accounting, Management of Technology and Innovation]"
https://openalex.org/S4306515836,Journal of legal economics,51.724137931034484,29,15,"[Accounting, Economics and Econometrics]"
https://openalex.org/S4210208616,Innovative Marketing,51.78236397748592,533,276,[Marketing]
https://openalex.org/S2739380121,Scientific Annals of Economics and Business,51.790633608815426,363,188,"[Economics and Econometrics, 'General Economics, Econometrics and Finance']"
https://openalex.org/S44376543,Business & Society,51.80327868852459,1525,790,"[Marketing, Strategy and Management, Accounting]"
https://openalex.org/S49396926,Thunderbird International Business Review,51.89873417721519,2054,1066,"[Accounting, 'General Economics, Econometrics and Finance', Strategy and Management]"
https://openalex.org/S145429826,Journal of Consumer Research,51.976401179941,3390,1762,[Marketing]
https://openalex.org/S4210209709,Health Policy,52.0150541006743,6377,3317,"[Economics and Econometrics, Finance]"
https://openalex.org/S136764900,Journal of Forensic Economics,52.02231520223152,717,373,"[Economics and Econometrics, Accounting]"
https://openalex.org/S144472306,Journal of Manufacturing Technology Management,52.0265780730897,1505,783,"[Management of Technology and Innovation, Strategy and Management]"
https://openalex.org/S2764354898,Journal of Comparative International Management,52.02702702702703,148,77,"[Accounting, Management of Technology and Innovation, 'General Economics, Econometrics and Finance', Strategy and Management]"
https://openalex.org/S4210169096,Accounting Economics and Law - A Convivium,52.043596730245234,367,191,"[Finance, Accounting]"
https://openalex.org/S119587767,Journal of Business and Industrial Marketing,52.11480362537765,2648,1380,"[Strategy and Management, Marketing]"
https://openalex.org/S4210175221,Asia-Pacific Journal of Regional Science,52.119700748129674,401,209,"[Economics and Econometrics, 'General Economics, Econometrics and Finance']"
https://openalex.org/S101163346,International Journal of Strategic Property Management,52.13815789473685,608,317,[Economics and Econometrics]
https://openalex.org/S4210232289,Annals in Social Responsibility,52.19512195121951,205,107,"[Management of Technology and Innovation, Marketing, Business and International Management, Strategy and Management]"
https://openalex.org/S4210219827,Food Economics - Acta Agriculturae Scandinavica Section C,52.22929936305732,157,82,"[Strategy and Management, Economics and Econometrics, 'General Economics, Econometrics and Finance']"
https://openalex.org/S12943752,WIRTSCHAFTSINFORMATIK,52.23880597014925,2077,1085,"[Strategy and Management, Management of Technology and Innovation]"
https://openalex.org/S30207186,CESifo Economic Studies,52.244165170556556,557,291,"[Economics and Econometrics, 'General Economics, Econometrics and Finance', Finance]"
https://openalex.org/S4210229349,Maritime Affairs Journal of the National Maritime Foundation of India,52.317880794701985,302,158,"['General Economics, Econometrics and Finance', Transportation]"
https://openalex.org/S114571967,National Institute Economic Review,52.33957219251337,2992,1566,"['General Economics, Econometrics and Finance', Economics and Econometrics, Finance]"
https://openalex.org/S145471836,Explorations in Economic History,52.46277205040092,1746,916,"[Economics and Econometrics, 'General Economics, Econometrics and Finance']"
https://openalex.org/S4210219657,American Review of Political Economy,52.5,160,84,"[Economics and Econometrics, 'General Economics, Econometrics and Finance']"
https://openalex.org/S101209419,Journal of Development Economics,52.5305410122164,4584,2408,"[Economics and Econometrics, 'General Economics, Econometrics and Finance']"
https://openalex.org/S121483264,JASSA.,52.57142857142857,175,92,"[Finance, Accounting, Strategy and Management]"
https://openalex.org/S4210189591,Division of Labour & Transaction Costs,52.63157894736842,38,20,"[Economics and Econometrics, 'General Economics, Econometrics and Finance']"
https://openalex.org/S2737950648,Aestimum,52.640545144804086,587,309,"[Economics and Econometrics, Marketing]"
https://openalex.org/S180061323,The Review of Economics and Statistics,52.69748234980685,7507,3956,"['General Economics, Econometrics and Finance', Economics and Econometrics]"
https://openalex.org/S2764959558,International Journal of Transportation Science and Technology,52.702702702702695,666,351,[Transportation]
https://openalex.org/S2738441059,ETIKONOMI,52.79329608938548,358,189,"[Accounting, Economics and Econometrics]"
https://openalex.org/S4210177222,Review of Economics,52.87356321839081,261,138,"['General Economics, Econometrics and Finance', Economics and Econometrics, Finance]"
https://openalex.org/S109460507,International Journal of Service Industry Management,52.9296875,512,271,[Marketing]
https://openalex.org/S4210237103,Indonesian Management and Accounting Research,52.976190476190474,168,89,"[Accounting, Strategy and Management]"
https://openalex.org/S132340323,Review of Economic Perspectives,53.05343511450382,262,139,"['General Economics, Econometrics and Finance', Economics and Econometrics]"
https://openalex.org/S43415676,Journal of Strategic Marketing,53.125,1248,663,"[Strategy and Management, Marketing]"
https://openalex.org/S205950374,International Journal of Sports Marketing and Sponsorship,53.18091451292246,1006,535,"[Economics and Econometrics, Marketing]"
https://openalex.org/S106098198,Oxford Review of Economic Policy,53.23117921385743,1501,799,"[Finance, Economics and Econometrics, 'General Economics, Econometrics and Finance']"
https://openalex.org/S167126396,Journal of Relationship Marketing,53.30073349633252,409,218,[Marketing]
https://openalex.org/S206124708,Organization Science,53.32594235033259,2706,1443,"[Accounting, Strategy and Management]"
https://openalex.org/S4210173397,Journal of Public Finance and Public Choice,53.333333333333336,705,376,"[Economics and Econometrics, Marketing]"
https://openalex.org/S4210235361,Istanbul Journal of Economics / İstanbul İktisat Dergisi,53.333333333333336,90,48,"[Finance, Economics and Econometrics, 'General Economics, Econometrics and Finance']"
https://openalex.org/S204467137,SERIEs,53.37078651685393,356,190,"[Economics and Econometrics, 'General Economics, Econometrics and Finance']"
https://openalex.org/S4210218165,Asia-Pacific Management Accounting Journal,53.46534653465347,404,216,"[Accounting, Strategy and Management]"
https://openalex.org/S4210184042,Research in consumer behavior,53.48837209302325,215,115,[Marketing]
https://openalex.org/S4210190158,Journal of Economic Policy Researches / İktisat Politikası Araştırmaları Dergisi,53.62318840579711,138,74,"['General Economics, Econometrics and Finance', Economics and Econometrics]"
https://openalex.org/S184239247,Labour,53.66242038216561,1256,674,[Economics and Econometrics]
https://openalex.org/S102896891,Psychology and Marketing,53.732193732193736,3510,1886,[Marketing]
https://openalex.org/S2764932069,Journal of Transnational Management Development,53.76344086021505,186,100,"[Strategy and Management, 'General Economics, Econometrics and Finance', Accounting]"
https://openalex.org/S37034968,Journal on Chain and Network Science,53.77777777777778,225,121,[Strategy and Management]
https://openalex.org/S4210237825,International Journal of Ethics and Systems,53.84615384615385,468,252,"[Economics and Econometrics, Strategy and Management, Accounting]"
https://openalex.org/S4210172834,Revista de Economía Institucional,53.84615384615385,325,175,"['General Economics, Econometrics and Finance', Accounting]"
https://openalex.org/S4210237991,International Journal of Electronic Banking,53.84615384615385,169,91,"[Accounting, Finance, Economics and Econometrics]"
https://openalex.org/S10997704,Theoretical Economics,53.91432791728212,677,365,[Economics and Econometrics]
https://openalex.org/S118637542,European J of International Management,53.973738769868696,1447,781,"[Management of Technology and Innovation, Accounting, Strategy and Management]"
https://openalex.org/S4210183343,Journal of Creating Value,53.979238754325266,289,156,"[Marketing, Strategy and Management]"
https://openalex.org/S103311983,Journal of Advertising,54.0,2200,1188,[Marketing]
https://openalex.org/S2737328910,REVESCO Revista de Estudios Cooperativos,54.004576659038904,437,236,"[Management of Technology and Innovation, Strategy and Management]"
https://openalex.org/S141081643,Journal of Innovation Economics & Management,54.07279029462738,577,312,"[Economics and Econometrics, Strategy and Management, Management of Technology and Innovation]"
https://openalex.org/S107261186,Journal of Historical Research in Marketing,54.088050314465406,477,258,"[Marketing, Management of Technology and Innovation]"
https://openalex.org/S4210210868,Revue internationale P M E Économie et gestion de la petite et moyenne entreprise,54.26929392446633,1218,661,"[Management of Technology and Innovation, Strategy and Management]"
https://openalex.org/S4210224898,Journal of Service Theory and Practice,54.29864253393665,442,240,[Marketing]
https://openalex.org/S41393910,Behavioral Research in Accounting,54.31818181818182,440,239,[Accounting]
https://openalex.org/S4210191200,Applied Economic Analysis,54.347826086956516,92,50,"[Economics and Econometrics, 'General Economics, Econometrics and Finance']"
https://openalex.org/S187295728,Journal of Teaching in International Business,54.409769335142464,737,401,"[Management of Technology and Innovation, Accounting]"
https://openalex.org/S4210193298,EMC Review - Časopis za ekonomiju - APEIRON,54.48113207547169,424,231,"[Economics and Econometrics, Strategy and Management, Finance, Accounting]"
https://openalex.org/S2736327412,"Contabilidade, Gestão e Governança/UNB Contábil",54.54545454545454,253,138,"[Strategy and Management, Accounting]"
https://openalex.org/S76844451,Annual Review of Resource Economics,54.56674473067916,427,233,[Economics and Econometrics]
https://openalex.org/S2764470041,International Journal of Energy Economics and Policy,54.67320261437908,3060,1673,[Economics and Econometrics]
https://openalex.org/S162525099,Financial Analysts Journal,54.71732084983796,5554,3039,"[Finance, Strategy and Management, Accounting, Economics and Econometrics]"
https://openalex.org/S139289085,Qualitative Market Research An International Journal,54.72312703583062,921,504,"[Marketing, Strategy and Management]"
https://openalex.org/S172631016,Journal of Intelligent Transportation Systems,54.80093676814989,854,468,[Transportation]
https://openalex.org/S200838492,Manchester School,54.80740066727328,3297,1807,"['General Economics, Econometrics and Finance', Economics and Econometrics, Finance]"
https://openalex.org/S95496512,Review of Development Economics,54.83067729083665,2008,1101,"[Economics and Econometrics, 'General Economics, Econometrics and Finance']"
https://openalex.org/S23010633,Asian Economic Policy Review,54.83870967741935,837,459,"['General Economics, Econometrics and Finance', Economics and Econometrics, Finance]"
https://openalex.org/S42468459,The Journal of Marketing Theory and Practice,54.95750708215298,1059,582,[Marketing]
https://openalex.org/S13669392,German Economic Review,54.99334221038615,751,413,"[Finance, Economics and Econometrics, 'General Economics, Econometrics and Finance']"
https://openalex.org/S71564990,Frontiers of Business Research in China,55.00000000000001,380,209,"[Strategy and Management, Accounting, Finance]"
https://openalex.org/S20277109,South East European Journal of Economics and Business,55.172413793103445,116,64,"['General Economics, Econometrics and Finance', Strategy and Management, Finance, Accounting]"
https://openalex.org/S99606308,Economic Policy,55.188141391106036,877,484,"[Finance, 'General Economics, Econometrics and Finance', Economics and Econometrics]"
https://openalex.org/S4210214382,Erasmus Journal for Philosophy and Economics,55.25210084033614,476,263,"[Economics and Econometrics, 'General Economics, Econometrics and Finance']"
https://openalex.org/S76900604,International Journal of Strategic Change Management,55.27950310559007,161,89,"[Marketing, Strategy and Management, Accounting]"
https://openalex.org/S4210230148,OEconomia,55.305867665418226,801,443,"[Economics and Econometrics, 'General Economics, Econometrics and Finance']"
https://openalex.org/S4210216073,Agricultural and Resource Economics International Scientific E-Journal,55.32319391634981,526,291,"[Economics and Econometrics, 'General Economics, Econometrics and Finance']"
https://openalex.org/S4210225012,Journal of Entrepreneurship and Business Innovation,55.434782608695656,92,51,"[Business and International Management, Management of Technology and Innovation, Accounting, Economics and Econometrics]"
https://openalex.org/S43637407,R and D Management,55.533980582524265,4120,2288,"[Economics and Econometrics, Strategy and Management]"
https://openalex.org/S4210181410,Insurance Markets and Companies Analyses and Actuarial Computations,55.55555555555556,18,10,"[Management of Technology and Innovation, Economics and Econometrics]"
https://openalex.org/S204649255,China Economic Journal,55.643044619422575,381,212,"[Finance, 'General Economics, Econometrics and Finance', Economics and Econometrics]"
https://openalex.org/S101788309,Papers of the Regional Science Association,55.676634566649774,3946,2197,[Economics and Econometrics]
https://openalex.org/S4210228924,Sosyoekonomi,55.71587125416204,901,502,"[Economics and Econometrics, 'General Economics, Econometrics and Finance']"
https://openalex.org/S189751245,Journal of Consumer Affairs,55.72320499479708,1922,1071,"[Marketing, Accounting, Economics and Econometrics]"
https://openalex.org/S2764541937,Journal of Economics and Development,55.74324324324324,296,165,"[Accounting, Finance, Economics and Econometrics, 'General Economics, Econometrics and Finance']"
https://openalex.org/S4210206322,PharmacoEconomics - Open,55.940594059405946,606,339,[Economics and Econometrics]
https://openalex.org/S4210239487,Italian Economic Journal,55.97667638483965,343,192,"[Economics and Econometrics, 'General Economics, Econometrics and Finance']"
https://openalex.org/S103378164,Journal of Euromarketing,56.06326889279437,569,319,"[Strategy and Management, Marketing]"
https://openalex.org/S137519996,Electronic Markets,56.066291432145086,3198,1793,"[Marketing, Economics and Econometrics, Strategy and Management]"
https://openalex.org/S4210217880,Future Transportation,56.15763546798029,406,228,[Transportation]
https://openalex.org/S170367418,International Journal of Pluralism and Economics Education,56.19223659889094,541,304,"[Economics and Econometrics, 'General Economics, Econometrics and Finance']"
https://openalex.org/S163774179,Labour Economics,56.19868637110016,2436,1369,[Economics and Econometrics]
https://openalex.org/S4306521912,Pakistan journal of applied economics,56.287425149700596,167,94,"[Finance, Economics and Econometrics, 'General Economics, Econometrics and Finance']"
https://openalex.org/S166621295,Journal of Health Economics,56.30224005349381,2991,1684,[Economics and Econometrics]
https://openalex.org/S4210176106,Journal of Management Control,56.36363636363636,275,155,"[Accounting, Marketing, Strategy and Management]"
https://openalex.org/S4389158152,Journal of Co-operative Studies,56.43564356435643,202,114,"[Management of Technology and Innovation, Finance, Strategy and Management]"
https://openalex.org/S4210201856,New Zealand Economic Papers,56.4659427443238,1013,572,"[Economics and Econometrics, 'General Economics, Econometrics and Finance']"
https://openalex.org/S165789823,Journal of Consumer Marketing,56.485188150520415,2498,1411,[Marketing]
https://openalex.org/S106686155,Journal of Risk and Uncertainty,56.4870259481038,1002,566,[Economics and Econometrics]
https://openalex.org/S4210226746,Ekonomia i Prawo,56.52173913043478,759,429,"[Accounting, Economics and Econometrics, Strategy and Management]"
https://openalex.org/S4306500568,Acta Turistica,56.57894736842105,304,172,"[Transportation, Economics and Econometrics]"
https://openalex.org/S4306503819,Australian journal of corporate law,56.60377358490566,53,30,"[Strategy and Management, Accounting]"
https://openalex.org/S2764583656,Journal of Social Marketing,56.60377358490566,371,210,[Marketing]
https://openalex.org/S141600920,Fiscal Studies,56.678966789667896,1355,768,"[Economics and Econometrics, Accounting]"
https://openalex.org/S4210204469,International Journal of Economics and Accounting,56.79012345679012,324,184,"[Strategy and Management, Accounting, Finance]"
https://openalex.org/S4210214252,Risks,56.8569746909947,1699,966,"[Finance, Economics and Econometrics]"
https://openalex.org/S191031105,Asia Pacific Journal of Marketing and Logistics,56.94896851248643,1842,1049,[Marketing]
https://openalex.org/S103359281,Medical Decision Making,56.9620253164557,3871,2205,[Economics and Econometrics]
https://openalex.org/S4210232703,Gospodarka Narodowa,56.975228161668845,1534,874,"[Strategy and Management, Economics and Econometrics]"
https://openalex.org/S196955526,Journal of Asia-Pacific Business,57.009345794392516,535,305,"[Accounting, Marketing, Finance, Strategy and Management, 'General Economics, Econometrics and Finance']"
https://openalex.org/S52073566,International Journal of Technology Transfer and Commercialisation,57.07472178060413,629,359,"[Management of Technology and Innovation, Accounting, Economics and Econometrics, Strategy and Management]"
https://openalex.org/S2764580720,Journal of Global Scholars of Marketing Science,57.14285714285714,469,268,[Marketing]
https://openalex.org/S55239356,Journal of Purchasing and Supply Management,57.29047072330654,871,499,[Strategy and Management]
https://openalex.org/S134953813,Economics bulletin,57.31930466605672,2186,1253,"['General Economics, Econometrics and Finance', Economics and Econometrics]"
https://openalex.org/S2764879640,Global Journal of Flexible Systems Management,57.34513274336284,565,324,"[Management of Technology and Innovation, Strategy and Management]"
https://openalex.org/S4306515674,Journal of International Business and Economy,57.400722021660656,277,159,"['General Economics, Econometrics and Finance', Accounting, Strategy and Management]"
https://openalex.org/S4210169265,VISIÓN GERENCIAL,57.5107296137339,233,134,"[Economics and Econometrics, Accounting]"
https://openalex.org/S2764802715,Competition and Regulation in Network Industries,57.684210526315795,475,274,"[Economics and Econometrics, 'General Economics, Econometrics and Finance', Strategy and Management]"
https://openalex.org/S71377650,Baltic Journal of Economics,57.692307692307686,286,165,"['General Economics, Econometrics and Finance', Economics and Econometrics, Finance]"
https://openalex.org/S36178057,Economics Letters,57.70806744139182,14887,8591,"['General Economics, Econometrics and Finance', Economics and Econometrics]"
https://openalex.org/S2898188555,Journal of Rail Transport Planning & Management,57.85714285714286,420,243,"[Strategy and Management, Transportation]"
https://openalex.org/S47993699,Journal of Engineering and Technology Management,57.8853046594982,1116,646,"[Economics and Econometrics, Strategy and Management, Management of Technology and Innovation]"
https://openalex.org/S94044085,Games and Economic Behavior,57.91984732824428,4192,2428,[Economics and Econometrics]
https://openalex.org/S4210232136,Journal of Current Issues & Research in Advertising,57.993197278911566,588,341,[Marketing]
https://openalex.org/S2737296559,Economies,58.01886792452831,1908,1107,"[Economics and Econometrics, 'General Economics, Econometrics and Finance']"
https://openalex.org/S4210204299,Sport Business and Management An International Journal,58.08510638297872,470,273,"[Economics and Econometrics, Marketing]"
https://openalex.org/S166792937,Economics of Transition,58.1419624217119,958,557,"[Finance, Economics and Econometrics, 'General Economics, Econometrics and Finance']"
https://openalex.org/S2764805351,European Actuarial Journal,58.177570093457945,428,249,"[Economics and Econometrics, Finance]"
https://openalex.org/S175963831,El Trimestre Económico,58.236994219653184,692,403,"['General Economics, Econometrics and Finance', Economics and Econometrics]"
https://openalex.org/S2764464146,Journal of airport management,58.24742268041238,776,452,"[Strategy and Management, 'General Economics, Econometrics and Finance']"
https://openalex.org/S153975964,Rivista Internazionale di Economia dei Trasporti,58.371040723981906,221,129,"[Transportation, Strategy and Management, 'General Economics, Econometrics and Finance']"
https://openalex.org/S4210203057,China Economic Quarterly International,58.490566037735846,106,62,"['General Economics, Econometrics and Finance', Economics and Econometrics, Accounting]"
https://openalex.org/S4210240452,REVISTA PROCESOS DE MERCADO,58.56164383561644,584,342,"['General Economics, Econometrics and Finance', Economics and Econometrics]"
https://openalex.org/S45224653,Journal of Research in Interactive Marketing,58.68372943327239,547,321,[Marketing]
https://openalex.org/S4210170851,Review of Regional Research,58.730158730158735,252,148,[Economics and Econometrics]
https://openalex.org/S935516450,Foundations and Trends® in Econometrics,58.82352941176471,34,20,"['General Economics, Econometrics and Finance', Economics and Econometrics, Finance]"
https://openalex.org/S997943089,Foundations and Trends® in Marketing,58.82352941176471,68,40,[Marketing]
https://openalex.org/S4210175448,Recherche et Applications en Marketing (French Edition),58.82352941176471,952,560,[Marketing]
https://openalex.org/S93666758,Journal of Economic Issues,58.90387570428547,5857,3450,"[Economics and Econometrics, 'General Economics, Econometrics and Finance', Finance]"
https://openalex.org/S998097505,The Journal of Law and Economics,59.00922778047596,2059,1215,"[Economics and Econometrics, Accounting]"
https://openalex.org/S4306516105,Journal of Taxation and Accounting,59.056603773584904,530,313,"[Accounting, Economics and Econometrics, Strategy and Management]"
https://openalex.org/S116662517,Asian Economic Journal,59.06432748538012,1026,606,"[Finance, 'General Economics, Econometrics and Finance', Economics and Econometrics]"
https://openalex.org/S2764742896,Journal of Economic Research (JER),59.09090909090909,330,195,"[Economics and Econometrics, 'General Economics, Econometrics and Finance']"
https://openalex.org/S2737307029,Clío América,59.11602209944752,181,107,"[Economics and Econometrics, Accounting]"
https://openalex.org/S4210195359,Economía,59.11949685534591,477,282,"[Finance, 'General Economics, Econometrics and Finance', Economics and Econometrics]"
https://openalex.org/S182651638,Economic Systems Research,59.16515426497278,1102,652,"[Economics and Econometrics, 'General Economics, Econometrics and Finance']"
https://openalex.org/S2764892055,Seoul Journal of Economics,59.25925925925925,54,32,"[Finance, 'General Economics, Econometrics and Finance', Economics and Econometrics]"
https://openalex.org/S161601701,Journal of Technology Management in China,59.34065934065934,182,108,"[Management of Technology and Innovation, Strategy and Management]"
https://openalex.org/S4210168891,International Journal of Supply Chain and Operations Resilience,59.42028985507246,138,82,[Strategy and Management]
https://openalex.org/S72258428,Review of Economic Design,59.472817133443165,607,361,[Economics and Econometrics]
https://openalex.org/S2764684190,IZA Journal of Labor Policy,59.473684210526315,190,113,[Economics and Econometrics]
https://openalex.org/S4210173595,American Journal of Health Economics,59.515570934256054,289,172,[Economics and Econometrics]
https://openalex.org/S149064342,Mathematical Social Sciences,59.63750435691879,2869,1711,[Economics and Econometrics]
https://openalex.org/S2764691195,Journal of Accounting and Management Information Systems,59.68992248062015,129,77,"[Accounting, Strategy and Management]"
https://openalex.org/S151491554,The Geneva Papers on Risk and Insurance Issues and Practice,59.70715835140999,1844,1101,"[Accounting, Economics and Econometrics]"
https://openalex.org/S2738105856,Economics and Finance in Indonesia,59.77272727272728,440,263,"[Economics and Econometrics, 'General Economics, Econometrics and Finance', Accounting]"
https://openalex.org/S62905163,Operations Management Research,59.82456140350877,570,341,[Strategy and Management]
https://openalex.org/S2764525551,Asian Economic and Financial Review,59.909090909090914,1100,659,"[Economics and Econometrics, 'General Economics, Econometrics and Finance', Accounting]"
https://openalex.org/S4210188034,Journal of Management Research,60.0,5,3,[Marketing]
https://openalex.org/S106956883,European Transport Research Review,60.05398110661269,741,445,[Transportation]
https://openalex.org/S97048498,The International Journal of Logistics Management,60.15228426395939,1182,711,[Strategy and Management]
https://openalex.org/S2764593888,Journal of Applied Business Research (JABR),60.166468489892985,2523,1518,"[Finance, Accounting, 'General Economics, Econometrics and Finance', Strategy and Management]"
https://openalex.org/S57522439,Australian Economic Papers,60.186625194401245,1929,1161,"[Economics and Econometrics, 'General Economics, Econometrics and Finance']"
https://openalex.org/S4210198794,Asia and the Global Economy,60.204081632653065,98,59,"['General Economics, Econometrics and Finance', Economics and Econometrics, Strategy and Management, Finance]"
https://openalex.org/S4210214325,Journal of Global Economic Analysis,60.30534351145038,131,79,"['General Economics, Econometrics and Finance', Economics and Econometrics]"
https://openalex.org/S2764783623,Asian Journal of Business and Accounting,60.32388663967612,247,149,[Accounting]
https://openalex.org/S2765032997,Indian Economic Review,60.32540675844806,799,482,"[Finance, 'General Economics, Econometrics and Finance', Economics and Econometrics]"
https://openalex.org/S4210171712,Management,60.33057851239669,484,292,"[Economics and Econometrics, Strategy and Management]"
https://openalex.org/S4210169657,Accounting education,60.33519553072626,179,108,"[Accounting, Management of Technology and Innovation]"
https://openalex.org/S59007373,Supply Chain Management An International Journal,60.39755351681957,1308,790,[Strategy and Management]
https://openalex.org/S18469005,Latin American Business Review,60.39823008849557,452,273,"[Finance, Strategy and Management, Accounting, 'General Economics, Econometrics and Finance']"
https://openalex.org/S4306520819,New York economic review,60.46511627906976,43,26,"[Marketing, Accounting, Economics and Econometrics]"
https://openalex.org/S170913539,Bulletin of Economic Research,60.65922381711856,1881,1141,"[Economics and Econometrics, 'General Economics, Econometrics and Finance']"
https://openalex.org/S24290265,Health Services and Outcomes Research Methodology,60.66666666666667,450,273,[Economics and Econometrics]
https://openalex.org/S82593474,Asian Business & Management,60.89918256130791,734,447,"[Strategy and Management, Accounting]"
https://openalex.org/S39841227,International Journal of Forecasting,60.944795385883,3641,2219,"[Finance, 'General Economics, Econometrics and Finance', Economics and Econometrics]"
https://openalex.org/S195188575,Marketing Theory,60.994764397905755,764,466,[Marketing]
https://openalex.org/S185325801,Journal of Korea Trade,60.99635479951397,823,502,"[Business and International Management, 'General Economics, Econometrics and Finance', Economics and Econometrics, Strategy and Management]"
https://openalex.org/S48661868,China & World Economy,61.038961038961034,1001,611,"[Finance, Strategy and Management, 'General Economics, Econometrics and Finance', Economics and Econometrics]"
https://openalex.org/S4210190232,Academic Review,61.13207547169811,265,162,"['General Economics, Econometrics and Finance', Economics and Econometrics, Management of Technology and Innovation]"
https://openalex.org/S203860005,The Quarterly Journal of Economics,61.141222523336346,6642,4061,"[Economics and Econometrics, 'General Economics, Econometrics and Finance']"
https://openalex.org/S22361854,Cost Effectiveness and Resource Allocation,61.18500604594922,827,506,"[Finance, Economics and Econometrics]"
https://openalex.org/S4210230100,Transportation Research Interdisciplinary Perspectives,61.19679210363973,1621,992,[Transportation]
https://openalex.org/S175759345,Economic Development Quarterly,61.246200607902736,1316,806,"[Economics and Econometrics, Management of Technology and Innovation]"
https://openalex.org/S3034727917,Financial Innovation,61.34146341463415,820,503,"[Finance, Economics and Econometrics]"
https://openalex.org/S4210216314,Journal of Strategic Contracting and Negotiation,61.46788990825688,109,67,"[Economics and Econometrics, Strategy and Management]"
https://openalex.org/S2737685543,Revista Finanzas y Política Económica,61.495844875346265,361,222,"[Accounting, Economics and Econometrics, 'General Economics, Econometrics and Finance']"
https://openalex.org/S2898307581,Journal of Innovation & Knowledge,61.59334126040428,841,518,"[Management of Technology and Innovation, Marketing, Business and International Management, Economics and Econometrics, Strategy and Management]"
https://openalex.org/S34937439,International Journal of Globalisation and Small Business,61.61616161616161,396,244,"[Strategy and Management, Economics and Econometrics, Management of Technology and Innovation]"
https://openalex.org/S4306513120,Indian Journal of Economics & Business,61.64383561643836,73,45,"[Finance, 'General Economics, Econometrics and Finance', Economics and Econometrics]"
https://openalex.org/S41958068,Journal of Consumer Behaviour,61.89095127610209,1724,1067,[Marketing]
https://openalex.org/S164923136,Environment and Development Economics,61.96883852691219,1412,875,[Economics and Econometrics]
https://openalex.org/S75054922,Journal of Advanced Transportation,62.02920830130668,3903,2421,[Transportation]
https://openalex.org/S4210180518,Asia-Pacific Journal of Risk and Insurance,62.03389830508475,295,183,"[Economics and Econometrics, Accounting]"
https://openalex.org/S50631486,Journal of Knowledge Management,62.04379562043796,2192,1360,[Strategy and Management]
https://openalex.org/S78689143,Health Economics Policy and Law,62.047440699126085,801,497,[Economics and Econometrics]
https://openalex.org/S8424357,International Journal of Intellectual Property Management,62.07584830339321,501,311,"[Marketing, Strategy and Management, Management of Technology and Innovation, Economics and Econometrics]"
https://openalex.org/S37173775,European Journal of Law and Economics,62.23107569721116,1255,781,"[Economics and Econometrics, Accounting]"
https://openalex.org/S2739118867,Revista Universidad y Empresa,62.323943661971825,284,177,"[Accounting, Economics and Econometrics]"
https://openalex.org/S201533460,Applied Economics,62.41293917350256,12922,8065,"['General Economics, Econometrics and Finance', Economics and Econometrics]"
https://openalex.org/S121852782,Journal of Global Marketing,62.450980392156865,1020,637,"[Marketing, Strategy and Management, 'General Economics, Econometrics and Finance']"
https://openalex.org/S4210167455,Decisions in Economics and Finance,62.48534583821805,853,533,"[Finance, Economics and Econometrics]"
https://openalex.org/S127111275,Accounting and the Public Interest,62.5,208,130,"[Accounting, Strategy and Management]"
https://openalex.org/S4393917278,International papers in political economy,62.5,8,5,"['General Economics, Econometrics and Finance', Economics and Econometrics]"
https://openalex.org/S4210173904,Brookings Papers on Economic Activity,62.54208754208754,1188,743,"[Finance, 'General Economics, Econometrics and Finance', Economics and Econometrics]"
https://openalex.org/S149205526,Chinese Management Studies,62.708333333333336,960,602,"[Strategy and Management, Accounting, Management of Technology and Innovation]"
https://openalex.org/S4210187946,International Journal of Transportation,62.745098039215684,102,64,[Transportation]
https://openalex.org/S97188063,International Journal of Technology and Globalisation,62.76595744680851,188,118,"[Economics and Econometrics, 'General Economics, Econometrics and Finance', Strategy and Management, Business and International Management]"
https://openalex.org/S4210188400,The Journal of Energy Markets,62.7906976744186,258,162,"[Economics and Econometrics, Finance]"
https://openalex.org/S4210222967,European Transport/Trasporti Europei,62.84403669724771,218,137,[Transportation]
https://openalex.org/S113509650,Journal of the Asia Pacific Economy,62.92490118577076,1265,796,"['General Economics, Econometrics and Finance', Economics and Econometrics, Finance]"
https://openalex.org/S4210189231,Public and Municipal Finance,62.926829268292686,205,129,"['General Economics, Econometrics and Finance', Economics and Econometrics]"
https://openalex.org/S2764532243,Korean Economic Review/The Korean economic review,62.93103448275862,348,219,"[Economics and Econometrics, 'General Economics, Econometrics and Finance']"
https://openalex.org/S115276198,The Journal of Wealth Management,62.96296296296296,27,17,"[Accounting, Finance, Strategy and Management]"
https://openalex.org/S58438227,Journal of Revenue and Pricing Management,62.9843363561418,1213,764,"['General Economics, Econometrics and Finance', Marketing]"
https://openalex.org/S187052734,International Journal of Sustainable Strategic Management,63.03317535545023,211,133,"[Marketing, Business and International Management, Strategy and Management]"
https://openalex.org/S44544138,Journal of Income Distribution,63.06818181818182,528,333,"['General Economics, Econometrics and Finance', Economics and Econometrics]"
https://openalex.org/S4210188630,Accounting Perspectives,63.22463768115942,552,349,"[Accounting, Strategy and Management]"
https://openalex.org/S4210240690,Journal of Asian Business and Economic Studies,63.26530612244898,147,93,"[Economics and Econometrics, Accounting, Finance]"
https://openalex.org/S2764768042,Journal of Economics Finance and Administrative Science,63.322884012539184,319,202,"[Finance, Strategy and Management, Accounting, 'General Economics, Econometrics and Finance', Economics and Econometrics]"
https://openalex.org/S37435690,Capitalism and Society,63.39285714285714,112,71,"[Economics and Econometrics, 'General Economics, Econometrics and Finance', Finance]"
https://openalex.org/S4210220385,Economics,63.42857142857142,700,444,"['General Economics, Econometrics and Finance', Economics and Econometrics]"
https://openalex.org/S22354156,Humanomics,63.47992351816444,523,332,"[Economics and Econometrics, Finance, Accounting]"
https://openalex.org/S4210177123,Journal of Global Operations and Strategic Sourcing,63.519313304721024,233,148,[Strategy and Management]
https://openalex.org/S63980162,Law and Financial Markets Review,63.6,750,477,"[Finance, Economics and Econometrics, Strategy and Management]"
https://openalex.org/S2764835697,Asian Development Review,63.72881355932203,590,376,"['General Economics, Econometrics and Finance', Economics and Econometrics, Finance]"
https://openalex.org/S80684715,Networks and Spatial Economics,63.752913752913756,858,547,[Transportation]
https://openalex.org/S203071086,Review of Managerial Science,63.829787234042556,940,600,"[Strategy and Management, Accounting, Management of Technology and Innovation]"
https://openalex.org/S127742747,Journal of Econometrics,63.846641318124206,6312,4030,"[Finance, 'General Economics, Econometrics and Finance', Economics and Econometrics]"
https://openalex.org/S28703636,Journal of Corporate Accounting & Finance,63.87096774193548,3255,2079,"[Strategy and Management, Accounting]"
https://openalex.org/S74137692,International Journal of Technoentrepreneurship,63.92405063291139,158,101,"[Management of Technology and Innovation, Accounting, Economics and Econometrics, Strategy and Management]"
https://openalex.org/S2736886050,Contabilidad y Negocios,63.92405063291139,316,202,"[Accounting, Economics and Econometrics]"
https://openalex.org/S115237062,Journal of Economics & Management Strategy,63.98016119032858,1613,1032,"[Marketing, Economics and Econometrics, Strategy and Management]"
https://openalex.org/S98984247,Computational Economics,64.12325752017608,2726,1748,"[Economics and Econometrics, 'General Economics, Econometrics and Finance']"
https://openalex.org/S87209429,Journal of Benefit-Cost Analysis,64.15929203539822,452,290,[Economics and Econometrics]
https://openalex.org/S130757258,International Game Theory Review,64.23841059602648,906,582,[Economics and Econometrics]
https://openalex.org/S41930762,Japanese Economic Review,64.46789797713281,1137,733,"[Economics and Econometrics, 'General Economics, Econometrics and Finance']"
https://openalex.org/S49389958,Econometric Theory,64.57142857142857,2625,1695,"[Finance, 'General Economics, Econometrics and Finance', Economics and Econometrics]"
https://openalex.org/S2764617512,Company lawyer,64.70588235294117,85,55,"[Accounting, Strategy and Management]"
https://openalex.org/S2913935419,Journal of the Transportation Research Forum,64.7196261682243,428,277,"['General Economics, Econometrics and Finance', Strategy and Management, Transportation]"
https://openalex.org/S2736629167,Journal of Economic Structures,64.78494623655914,372,241,"['General Economics, Econometrics and Finance', Economics and Econometrics]"
https://openalex.org/S98018944,Journal of business market management,64.86486486486487,74,48,"[Marketing, Strategy and Management]"
https://openalex.org/S148814761,Journal of International Consumer Marketing,64.92395437262357,1052,683,[Marketing]
https://openalex.org/S107859553,International Small Business Journal Researching Entrepreneurship,64.95495495495496,2220,1442,"[Economics and Econometrics, Management of Technology and Innovation, Accounting, Strategy and Management]"
https://openalex.org/S125608309,Journal of Service Research,65.1356993736952,958,624,[Marketing]
https://openalex.org/S22315241,FinanzArchiv Public Finance Analysis,65.20231213872833,865,564,"[Economics and Econometrics, Accounting]"
https://openalex.org/S2898402987,Spanish Journal of Marketing - ESIC,65.29680365296804,219,143,[Marketing]
https://openalex.org/S4210221497,Urban Rail Transit,65.3061224489796,245,160,[Transportation]
https://openalex.org/S4210214909,Prague Economic Papers,65.35714285714286,840,549,"[Finance, 'General Economics, Econometrics and Finance', Economics and Econometrics]"
https://openalex.org/S188742231,International Journal of Innovation Science,65.41916167664671,668,437,"[Strategy and Management, Business and International Management, Marketing, Management of Technology and Innovation]"
https://openalex.org/S73680622,Journal of Pensions Economics and Finance,65.50218340611353,916,600,"[Accounting, Economics and Econometrics]"
https://openalex.org/S52333995,Journal of Economic Methodology,65.51401869158879,1070,701,[Economics and Econometrics]
https://openalex.org/S132932317,Indian Growth and Development Review,65.57377049180327,244,160,"[Economics and Econometrics, 'General Economics, Econometrics and Finance']"
https://openalex.org/S185653637,Journal of agricultural and resource economics,65.5844155844156,154,101,"[Economics and Econometrics, Marketing]"
https://openalex.org/S156260212,Research in Economics,65.69416498993964,994,653,"[Economics and Econometrics, 'General Economics, Econometrics and Finance']"
https://openalex.org/S100493983,HEPAC Health Economics in Prevention and Care,65.78947368421053,38,25,[Economics and Econometrics]
https://openalex.org/S2764693117,Journal of Real Estate Practice and Education,66.015625,256,169,"[Accounting, Finance, Economics and Econometrics]"
https://openalex.org/S192723185,Knowledge Management Research & Practice,66.01671309192201,1077,711,"[Management of Technology and Innovation, Strategy and Management]"
https://openalex.org/S2738123342,Economic Journal of Emerging Markets,66.01941747572816,412,272,"[Economics and Econometrics, 'General Economics, Econometrics and Finance', Accounting]"
https://openalex.org/S4210182956,Journal of Marketing Analytics,66.07142857142857,504,333,[Marketing]
https://openalex.org/S46039370,Journal of Economic Geography,66.1641541038526,1194,790,"[Economics and Econometrics, 'General Economics, Econometrics and Finance']"
https://openalex.org/S149131268,Journal of Economic Theory,66.25587806064537,6167,4086,[Economics and Econometrics]
https://openalex.org/S108218269,Regulation & Governance,66.30648330058939,1018,675,"[Strategy and Management, Economics and Econometrics]"
https://openalex.org/S123914889,International Journal of Entrepreneurship and Small Business,66.35514018691589,2354,1562,"[Management of Technology and Innovation, Accounting, Business and International Management]"
https://openalex.org/S2898332746,Ensayos sobre Política Económica,66.36005256241788,761,505,"[Finance, 'General Economics, Econometrics and Finance', Economics and Econometrics]"
https://openalex.org/S69338747,European Economic Review,66.44216198013133,5939,3946,"['General Economics, Econometrics and Finance', Economics and Econometrics]"
https://openalex.org/S4210237676,Ekonomi Politika ve Finans Arastirmalari Dergisi,66.58536585365854,410,273,"[Finance, Economics and Econometrics, 'General Economics, Econometrics and Finance']"
https://openalex.org/S2736601860,Entrepreneurial Business and Economics Review,66.60649819494586,554,369,"[Management of Technology and Innovation, 'General Economics, Econometrics and Finance', Strategy and Management]"
https://openalex.org/S2737892326,Inquietud Empresarial,66.66666666666666,180,120,"[Economics and Econometrics, Accounting]"
https://openalex.org/S4210217951,Journal of risk and financial management,66.73960612691467,3656,2440,"[Economics and Econometrics, Finance, Accounting]"
https://openalex.org/S3035068822,Journal of Organization Design,66.77316293929712,313,209,"[Strategy and Management, Management of Technology and Innovation]"
https://openalex.org/S92565720,Oxford Bulletin of Economics and Statistics,66.80887372013652,2344,1566,"['General Economics, Econometrics and Finance', Economics and Econometrics]"
https://openalex.org/S200274427,Pacific Economic Review,66.83587140439933,1182,790,"['General Economics, Econometrics and Finance', Economics and Econometrics, Finance]"
https://openalex.org/S181517389,Spanish Economic Review,66.85714285714286,175,117,"['General Economics, Econometrics and Finance', Economics and Econometrics]"
https://openalex.org/S2764526016,"Journal of transportation law, logistics, and policy",66.90391459074732,281,188,"[Accounting, 'General Economics, Econometrics and Finance', Strategy and Management]"
https://openalex.org/S72326750,Journal of technology management & innovation,67.04035874439462,892,598,"[Management of Technology and Innovation, Strategy and Management, Economics and Econometrics]"
https://openalex.org/S2898363556,Econometrics and Statistics,67.26190476190477,504,339,"[Finance, 'General Economics, Econometrics and Finance', Economics and Econometrics]"
https://openalex.org/S4210209722,Asian Economic Papers,67.36272235112142,1293,871,"[Strategy and Management, 'General Economics, Econometrics and Finance', Economics and Econometrics, Finance]"
https://openalex.org/S4210223082,Asian Transport Studies,67.48466257668711,163,110,[Transportation]
https://openalex.org/S3297139,International Journal of Financial Services Management,67.54098360655738,305,206,"[Economics and Econometrics, Finance, Accounting]"
https://openalex.org/S194824457,The Geneva Risk and Insurance Review,67.55555555555556,450,304,"[Economics and Econometrics, Accounting]"
https://openalex.org/S62126747,The Singapore Economic Review,67.56433273488929,1671,1129,"[Economics and Econometrics, 'General Economics, Econometrics and Finance']"
https://openalex.org/S83882168,Journal of International Trade Law and Policy,67.58620689655173,290,196,"['General Economics, Econometrics and Finance', Strategy and Management]"
https://openalex.org/S148909191,Marketing Letters,67.60343481654957,1281,866,[Marketing]
https://openalex.org/S70935693,Japan and the World Economy,67.66856214459789,1231,833,"['General Economics, Econometrics and Finance', Economics and Econometrics, Accounting, Finance]"
https://openalex.org/S141552693,Journal of Islamic marketing,67.73927392739274,1212,821,"[Accounting, Marketing]"
https://openalex.org/S197396629,The British Accounting Review,67.81071242849714,1923,1304,"[Accounting, Strategy and Management]"
https://openalex.org/S158451771,Journal of Marketing Communications,67.89524733268671,1031,700,[Marketing]
https://openalex.org/S34280410,Journal of Productivity Analysis,67.91226645004062,1231,836,[Economics and Econometrics]
https://openalex.org/S199447588,Journal of Public Economics,67.97159854154673,5211,3542,"[Accounting, Economics and Econometrics]"
https://openalex.org/S2764787901,Meditari Accountancy Research,68.04123711340206,194,132,"[Strategy and Management, Accounting]"
https://openalex.org/S76440981,Canadian Journal of Economics/Revue canadienne d économique,68.1082331174838,4324,2945,"['General Economics, Econometrics and Finance', Economics and Econometrics]"
https://openalex.org/S158780706,European journal of transport and infrastructure research,68.16208393632417,691,471,[Transportation]
https://openalex.org/S96544531,Applied Economics Letters,68.17491319444444,9216,6283,"[Accounting, Finance, 'General Economics, Econometrics and Finance', Economics and Econometrics]"
https://openalex.org/S171484276,International Journal of Learning and Intellectual Capital,68.20027063599458,739,504,"[Strategy and Management, Accounting]"
https://openalex.org/S55432613,Journal of East-West Business,68.29268292682927,574,392,"['General Economics, Econometrics and Finance', Strategy and Management]"
https://openalex.org/S100930738,Financial History Review,68.29608938547486,716,489,"[Economics and Econometrics, 'General Economics, Econometrics and Finance', Finance]"
https://openalex.org/S4210226649,Competitiveness Review An International Business Journal incorporating Journal of Global Competitiveness,68.49183477425552,1041,713,"['General Economics, Econometrics and Finance', Strategy and Management]"
https://openalex.org/S149050951,Journal of Chinese Economic and Business Studies,68.53932584269663,534,366,"[Strategy and Management, Accounting, 'General Economics, Econometrics and Finance', Economics and Econometrics]"
https://openalex.org/S2765075218,Cogent Economics & Finance,68.5472496473907,2127,1458,"[Economics and Econometrics, 'General Economics, Econometrics and Finance', Accounting, Finance]"
https://openalex.org/S160393188,Journal of the Japanese and International Economies,68.56435643564357,1212,831,"[Finance, Accounting, 'General Economics, Econometrics and Finance', Economics and Econometrics]"
https://openalex.org/S188194957,International Journal of Maritime Economics,68.62745098039215,102,70,"['General Economics, Econometrics and Finance', Accounting, Strategy and Management, Transportation]"
https://openalex.org/S65528657,Journal of Regional Science,68.68406440866185,3602,2474,[Economics and Econometrics]
https://openalex.org/S18095783,Journal of Business and Economic Statistics,68.707850013488,3707,2547,"['General Economics, Econometrics and Finance', Economics and Econometrics, Finance]"
https://openalex.org/S4210201622,Cuadernos de economía,69.0909090909091,165,114,"[Finance, 'General Economics, Econometrics and Finance', Economics and Econometrics]"
https://openalex.org/S2764347203,Risk Management and Insurance Review,69.1376701966717,661,457,"[Accounting, Economics and Econometrics]"
https://openalex.org/S2764736659,Journal of Economic and Administrative Sciences,69.23076923076923,26,18,"[Finance, Accounting, Economics and Econometrics]"
https://openalex.org/S16069442,Journal of Management Accounting Research,69.24265842349304,647,448,"[Accounting, Strategy and Management]"
https://openalex.org/S130699561,Technology Analysis and Strategic Management,69.2844677137871,2865,1985,"[Strategy and Management, Economics and Econometrics, Management of Technology and Innovation]"
https://openalex.org/S2764478856,Journal of finance and investment analysis,69.6969696969697,132,92,"[Finance, Accounting, Strategy and Management]"
https://openalex.org/S4210229362,Seoul Journal of Business,69.6969696969697,132,92,"[Strategy and Management, Marketing, Accounting, Finance]"
https://openalex.org/S4210170639,Global Economy and Finance Journal,69.6969696969697,66,46,"[Accounting, Finance, Economics and Econometrics]"
https://openalex.org/S131296671,Accounting Forum,69.78233034571063,781,545,"[Accounting, Strategy and Management, Marketing]"
https://openalex.org/S184729184,Public Budgeting &amp Finance,69.79293544457978,1642,1146,[Economics and Econometrics]
https://openalex.org/S4210183127,Cuadernos de Economía,69.84126984126983,378,264,"['General Economics, Econometrics and Finance', Economics and Econometrics]"
https://openalex.org/S47824075,Global Economic Review,69.93006993006993,715,500,"[Accounting, Finance, 'General Economics, Econometrics and Finance', Strategy and Management]"
https://openalex.org/S2738551320,Health Economics Review,70.04048582995951,741,519,"[Finance, Economics and Econometrics]"
https://openalex.org/S579031,Economic Theory,70.0427490956922,3041,2130,[Economics and Econometrics]
https://openalex.org/S79974643,Journal of Advertising Education,70.15437392795883,583,409,"[Marketing, Management of Technology and Innovation, Accounting]"
https://openalex.org/S70698675,Technovation,70.26956294163831,3821,2685,"[Economics and Econometrics, Management of Technology and Innovation, Strategy and Management]"
https://openalex.org/S4210191533,Customer Needs and Solutions,70.3225806451613,155,109,"[Marketing, Strategy and Management]"
https://openalex.org/S4210176398,Research in the history of economic thought and methodology,70.37374658158613,1097,772,"[Economics and Econometrics, 'General Economics, Econometrics and Finance']"
https://openalex.org/S182519303,World Trade Review,70.37933817594835,1239,872,"[Strategy and Management, 'General Economics, Econometrics and Finance']"
https://openalex.org/S116345831,International Journal of Emerging Markets,70.63243581715717,1597,1128,"[Accounting, Finance, 'General Economics, Econometrics and Finance', Economics and Econometrics, Strategy and Management]"
https://openalex.org/S4210179748,Audit Financiar,71.01827676240208,383,272,"[Strategy and Management, Accounting]"
https://openalex.org/S69024147,South Asia Economic Journal,71.160409556314,586,417,"[Finance, 'General Economics, Econometrics and Finance', Economics and Econometrics]"
https://openalex.org/S2898365741,European Journal of Family Business,71.17903930131004,229,163,"[Management of Technology and Innovation, Accounting]"
https://openalex.org/S4210188777,Recherche et Applications en Marketing (English Edition),71.46341463414633,410,293,[Marketing]
https://openalex.org/S177092143,Australian Journal of Management,71.46381578947368,1216,869,"[Strategy and Management, Finance, Accounting]"
https://openalex.org/S29581992,Nova Economia,71.61936560934892,599,429,"['General Economics, Econometrics and Finance', Economics and Econometrics]"
https://openalex.org/S165253824,Scandinavian Journal of Economics,71.66057653268372,2463,1765,"[Economics and Econometrics, 'General Economics, Econometrics and Finance']"
https://openalex.org/S10615428,Journal of Real Estate Literature,71.74603174603175,630,452,"[Finance, Economics and Econometrics]"
https://openalex.org/S126021079,International Journal of Sport Finance,71.77242888402627,457,328,"[Economics and Econometrics, Marketing]"
https://openalex.org/S184446198,Journal of Public Economic Theory,71.81571815718158,1476,1060,"[Economics and Econometrics, Accounting]"
https://openalex.org/S4210170805,Marketing ZFP,71.83406113537117,1374,987,"[Marketing, Strategy and Management, Management of Technology and Innovation]"
https://openalex.org/S2764639155,Transnational Corporation Review,71.93995381062356,866,623,"['General Economics, Econometrics and Finance', Strategy and Management]"
https://openalex.org/S1234856,The Journal of High Technology Management Research,71.97549770290965,653,470,"[Management of Technology and Innovation, Strategy and Management, Economics and Econometrics]"
https://openalex.org/S4210173453,AMS Review,72.0125786163522,318,229,"[Marketing, Management of Technology and Innovation]"
https://openalex.org/S145200904,Health Economics,72.15273206056617,4557,3288,[Economics and Econometrics]
https://openalex.org/S4210175461,Global Review of Accounting and Finance,72.16494845360825,97,70,"[Strategy and Management, Economics and Econometrics, Accounting]"
https://openalex.org/S69458508,Journal of Asian Economics,72.16716932356742,2321,1675,"['General Economics, Econometrics and Finance', Economics and Econometrics, Finance]"
https://openalex.org/S172297888,The Review of Austrian Economics,72.2117202268431,1058,764,"[Economics and Econometrics, 'General Economics, Econometrics and Finance']"
https://openalex.org/S4210211425,Annals of Corporate Governance,72.22222222222221,36,26,"[Accounting, Strategy and Management]"
https://openalex.org/S59777368,International Journal of Managerial and Financial Accounting,72.26148409893993,566,409,"[Strategy and Management, Accounting]"
https://openalex.org/S169221615,Information Economics and Policy,72.33480176211454,1135,821,"[Marketing, Economics and Econometrics, Strategy and Management]"
https://openalex.org/S5353659,The Journal of Finance,72.44738649847,16013,11601,"[Economics and Econometrics, Strategy and Management, Finance, Accounting]"
https://openalex.org/S180851279,Journal of Services Marketing,72.63102170460562,1889,1372,[Marketing]
https://openalex.org/S206595242,Journal of Time Series Analysis,72.64110297285653,2321,1686,"[Finance, 'General Economics, Econometrics and Finance', Economics and Econometrics]"
https://openalex.org/S74096415,Journal of Economic Policy Reform,73.00215982721382,463,338,"[Economics and Econometrics, 'General Economics, Econometrics and Finance', Finance]"
https://openalex.org/S4210181233,Transportation in Developing Economies,73.01587301587301,252,184,[Transportation]
https://openalex.org/S112983894,Portuguese Economic Journal,73.06501547987617,323,236,"[Economics and Econometrics, 'General Economics, Econometrics and Finance']"
https://openalex.org/S4210193400,Economic Change and Restructuring,73.17708333333334,1152,843,"[Economics and Econometrics, 'General Economics, Econometrics and Finance']"
https://openalex.org/S194388667,Transport Reviews,73.18526543878656,1846,1351,"[Transportation, Strategy and Management]"
https://openalex.org/S2764755811,Studies in Economics and Econometrics,73.46683354192741,799,587,"['General Economics, Econometrics and Finance', Economics and Econometrics, Finance]"
https://openalex.org/S180332110,Review of Law & Economics,73.49177330895796,547,402,"[Economics and Econometrics, Accounting]"
https://openalex.org/S2764685396,Journal of Transport & Health,73.5179407176287,2564,1885,[Transportation]
https://openalex.org/S4210191941,Real Estate Management and Valuation,73.58490566037736,53,39,"[Accounting, Economics and Econometrics]"
https://openalex.org/S194185345,Resources Policy,73.689109525287,6446,4750,"[Economics and Econometrics, 'General Economics, Econometrics and Finance']"
https://openalex.org/S107036887,Asia Pacific Journal of Management,73.73612823674476,1622,1196,"[Strategy and Management, Accounting, Management of Technology and Innovation]"
https://openalex.org/S19770063,Review of Economics and Institutions,73.83177570093457,107,79,"[Finance, Economics and Econometrics, 'General Economics, Econometrics and Finance']"
https://openalex.org/S2764950559,International Journal of Financial Research,73.8562091503268,1071,791,"[Finance, Accounting]"
https://openalex.org/S206007305,Economic Systems,74.02912621359224,1236,915,"[Finance, 'General Economics, Econometrics and Finance', Economics and Econometrics]"
https://openalex.org/S27632631,Journal of Brand Management,74.13127413127413,1554,1152,"[Marketing, Strategy and Management]"
https://openalex.org/S86211607,Frontiers of Economics in China,74.19354838709677,341,253,"[Finance, Economics and Econometrics, 'General Economics, Econometrics and Finance']"
https://openalex.org/S50561683,International Review of Applied Economics,74.32814710042433,1414,1051,"['General Economics, Econometrics and Finance', Economics and Econometrics]"
https://openalex.org/S4210216953,International Journal of Economic Policy Studies,74.3801652892562,242,180,"[Economics and Econometrics, 'General Economics, Econometrics and Finance', Finance]"
https://openalex.org/S2764726099,Taxation in Australia,74.40677966101696,590,439,"[Accounting, Economics and Econometrics]"
https://openalex.org/S186041307,Review of Middle East Economics and Finance,74.4807121661721,337,251,"[Finance, Accounting, 'General Economics, Econometrics and Finance', Economics and Econometrics]"
https://openalex.org/S167383514,Ekonomista,74.63149728471683,1289,962,[Economics and Econometrics]
https://openalex.org/S2764897135,"IIUM Journal Of Economics and Management/International Journal of Economics, Management and Accounting",74.68879668049793,241,180,"[Finance, Accounting, Economics and Econometrics]"
https://openalex.org/S191007255,International Review of Environmental and Resource Economics,74.70588235294117,170,127,[Economics and Econometrics]
https://openalex.org/S107325288,Social Choice and Welfare,74.8451053283767,2421,1812,[Economics and Econometrics]
https://openalex.org/S43019230,PharmacoEconomics,74.96395963479097,4162,3120,[Economics and Econometrics]
https://openalex.org/S25235501,Journal of Retailing and Consumer Services,74.98320268757,4465,3348,[Marketing]
https://openalex.org/S4210169982,Eurasian economic review :,75.07163323782235,349,262,"[Economics and Econometrics, 'General Economics, Econometrics and Finance', Finance]"
https://openalex.org/S4210171430,Journal of Enterprising Communities People and Places in the Global Economy,75.10316368638239,727,546,"[Management of Technology and Innovation, Business and International Management, Economics and Econometrics]"
https://openalex.org/S4306500644,Actualidad Contable FACES,75.10548523206751,237,178,"[Economics and Econometrics, Accounting]"
https://openalex.org/S81639433,Forum for Health Economics & Policy,75.18518518518519,270,203,[Economics and Econometrics]
https://openalex.org/S113957626,International Journal of Political Economy,75.20564042303172,851,640,"[Finance, 'General Economics, Econometrics and Finance', Economics and Econometrics]"
https://openalex.org/S31381503,International Journal of Innovation and Regional Development,75.22522522522522,222,167,"[Strategy and Management, Management of Technology and Innovation, Economics and Econometrics]"
https://openalex.org/S2898409089,BRQ Business Research Quarterly,75.31645569620254,316,238,"[Accounting, Management of Technology and Innovation, Strategy and Management]"
https://openalex.org/S133770707,Empirica,75.4601226993865,1141,861,"[Finance, 'General Economics, Econometrics and Finance', Economics and Econometrics]"
https://openalex.org/S35796699,Kredit und Kapital,75.53956834532374,139,105,"[Accounting, Finance]"
https://openalex.org/S26073974,Oxford Economic Papers,75.71976967370442,3126,2367,"[Economics and Econometrics, 'General Economics, Econometrics and Finance']"
https://openalex.org/S2764804572,Economic Theory Bulletin,75.82781456953643,302,229,[Economics and Econometrics]
https://openalex.org/S121409115,International Review of Law and Economics,75.8809234507898,1646,1249,"[Accounting, Economics and Econometrics]"
https://openalex.org/S4210202938,Modern Supply Chain Research and Applications,76.0,100,76,[Strategy and Management]
https://openalex.org/S206364101,Economic Notes,76.06837606837607,585,445,"['General Economics, Econometrics and Finance', Accounting, Finance]"
https://openalex.org/S11647023,Applied Economics Quarterly,76.27627627627628,333,254,"[Finance, 'General Economics, Econometrics and Finance', Economics and Econometrics]"
https://openalex.org/S9231424,The Journal of Legal Studies,76.4963503649635,1370,1048,"[Strategy and Management, Economics and Econometrics]"
https://openalex.org/S2898418539,International Journal of Innovation Studies,76.64670658682635,167,128,"[Business and International Management, Marketing, Management of Technology and Innovation, Economics and Econometrics, Strategy and Management]"
https://openalex.org/S26772273,Climate Change Economics,76.70588235294117,425,326,[Economics and Econometrics]
https://openalex.org/S194514787,Applied Health Economics and Health Policy,76.71339563862928,1284,985,[Economics and Econometrics]
https://openalex.org/S4210203263,Asian Journal of Accounting and Governance,76.83823529411765,272,209,"[Accounting, Economics and Econometrics]"
https://openalex.org/S2764581894,Southern African Journal of Accountability and Auditing Research,76.92307692307693,91,70,"[Strategy and Management, Accounting]"
https://openalex.org/S2764889080,Evolutionary and Institutional Economics Review,77.0042194092827,474,365,"[Economics and Econometrics, 'General Economics, Econometrics and Finance']"
https://openalex.org/S85739584,Journal of Applied Econometrics,77.00430191630817,2557,1969,"['General Economics, Econometrics and Finance', Economics and Econometrics, Finance]"
https://openalex.org/S107033909,Journal of Economics,77.02770780856423,1985,1529,"[Economics and Econometrics, Marketing]"
https://openalex.org/S199690760,Innovation,77.05479452054794,876,675,"[Strategy and Management, Economics and Econometrics, Management of Technology and Innovation]"
https://openalex.org/S137360237,Contributions to Political Economy,77.079107505071,493,380,"['General Economics, Econometrics and Finance', Economics and Econometrics, Finance]"
https://openalex.org/S88935262,The Review of Economic Studies,77.1208844027878,4161,3209,"[Economics and Econometrics, 'General Economics, Econometrics and Finance']"
https://openalex.org/S39263009,Research in Transportation Economics,77.14120370370371,1728,1333,"[Strategy and Management, Transportation]"
https://openalex.org/S2764875035,Journal of Entrepreneurship and Public Policy,77.17391304347827,368,284,"[Management of Technology and Innovation, Accounting, Business and International Management]"
https://openalex.org/S40285785,Journal of Applied Economics,77.23076923076924,650,502,"['General Economics, Econometrics and Finance', Economics and Econometrics, Finance]"
https://openalex.org/S140842003,Review of Environmental Economics and Policy,77.24425887265136,479,370,[Economics and Econometrics]
https://openalex.org/S2736497804,Revista Brasileira de Inovação,77.25225225225225,444,343,"[Economics and Econometrics, 'General Economics, Econometrics and Finance', Strategy and Management]"
https://openalex.org/S122161766,Journal of Forecasting,77.3813770959686,2803,2169,"['General Economics, Econometrics and Finance', Economics and Econometrics, Finance]"
https://openalex.org/S2764672172,Academy of Accounting and Financial Studies journal,77.39340305711987,1243,962,"[Strategy and Management, Finance, Accounting]"
https://openalex.org/S4210168091,The Journal of Law Economics and Organization,77.40429505135388,1071,829,"[Accounting, Economics and Econometrics]"
https://openalex.org/S4387279745,Bankers Markets & Investors,77.51479289940828,169,131,"[Economics and Econometrics, Finance, Accounting]"
https://openalex.org/S4210186510,Journal of International Business Policy,77.5330396475771,227,176,"[Business and International Management, Strategy and Management, 'General Economics, Econometrics and Finance']"
https://openalex.org/S62069514,The Journal of Entrepreneurship,77.56756756756756,740,574,"[Business and International Management, Management of Technology and Innovation, Accounting, Economics and Econometrics]"
https://openalex.org/S4306508649,Journal of Industrial and Business Economics,77.65700483091787,828,643,"[Marketing, Economics and Econometrics, 'General Economics, Econometrics and Finance']"
https://openalex.org/S4210223136,Estudos Econômicos (São Paulo),77.72585669781932,642,499,"['General Economics, Econometrics and Finance', Economics and Econometrics]"
https://openalex.org/S158705510,Journal of Economic Studies,77.76176753121999,2082,1619,"['General Economics, Econometrics and Finance', Economics and Econometrics]"
https://openalex.org/S4210241102,Innovation & Management Review,77.83783783783784,185,144,"[Strategy and Management, Business and International Management, Management of Technology and Innovation]"
https://openalex.org/S4210229174,American J of Finance and Accounting,77.88461538461539,208,162,"[Accounting, Finance, Economics and Econometrics]"
https://openalex.org/S179979277,International Economic Review,78.0376497432972,3506,2736,"[Economics and Econometrics, 'General Economics, Econometrics and Finance']"
https://openalex.org/S7241030,Cliometrica,78.125,320,250,"[Economics and Econometrics, 'General Economics, Econometrics and Finance']"
https://openalex.org/S1008349740,Foundations and Trends® in Accounting,78.37837837837837,74,58,"[Strategy and Management, Accounting, Finance]"
https://openalex.org/S4210218449,Business Ethics the Environment & Responsibility,78.4090909090909,616,483,"[Marketing, Accounting, Strategy and Management]"
https://openalex.org/S176820844,European Review of Economic History,78.4219001610306,621,487,"[Finance, Economics and Econometrics, 'General Economics, Econometrics and Finance']"
https://openalex.org/S4210186714,Marketing,78.52011494252874,1392,1093,"[Marketing, Management of Technology and Innovation, Strategy and Management]"
https://openalex.org/S203746597,The Annals of Regional Science,78.54748603351955,2685,2109,[Economics and Econometrics]
https://openalex.org/S2736592181,Revista Contabilidade & Finanças,78.73563218390804,870,685,"[Strategy and Management, Accounting]"
https://openalex.org/S2737866954,Review of Regional Studies,78.8265306122449,1176,927,[Economics and Econometrics]
https://openalex.org/S4210193709,Asia Pacific Journal of Innovation and Entrepreneurship,78.91891891891892,185,146,"[Strategy and Management, Management of Technology and Innovation, Business and International Management]"
https://openalex.org/S4210231521,Data Science in Finance and Economics,78.94736842105263,114,90,"[Economics and Econometrics, Finance]"
https://openalex.org/S2764767644,The Journal of Retirement,79.34272300469483,426,338,"[Accounting, Economics and Econometrics]"
https://openalex.org/S127572930,Research in accounting in emerging economies,79.34782608695652,184,146,"[Accounting, Strategy and Management]"
https://openalex.org/S121026525,Journal of Evolutionary Economics,79.46103423160962,1373,1091,[Economics and Econometrics]
https://openalex.org/S98077829,International Journal of Monetary Economics and Finance,79.51959544879898,791,629,"[Accounting, Finance, 'General Economics, Econometrics and Finance', Economics and Econometrics]"
https://openalex.org/S70779598,Transportation Letters,79.61711711711712,888,707,[Transportation]
https://openalex.org/S4210167594,African J of Accounting Auditing and Finance,79.66101694915254,236,188,"[Finance, Accounting]"
https://openalex.org/S116483603,Journal of Risk & Insurance,79.66146522084104,3781,3012,"[Economics and Econometrics, Accounting]"
https://openalex.org/S90149737,European Journal of Innovation Management,79.69581749049429,1315,1048,"[Strategy and Management, Marketing, Management of Technology and Innovation]"
https://openalex.org/S4210218909,Journal of Quantitative Economics,79.75567190226876,573,457,"[Finance, 'General Economics, Econometrics and Finance', Economics and Econometrics]"
https://openalex.org/S202934171,Journal of Mathematical Economics,79.77150537634408,2976,2374,[Economics and Econometrics]
https://openalex.org/S2738004809,The Journal of Philosophical Economics,79.7872340425532,282,225,"[Economics and Econometrics, 'General Economics, Econometrics and Finance']"
https://openalex.org/S82530445,Romanian Journal of Economic Forecasting,79.80000000000001,500,399,"[Finance, 'General Economics, Econometrics and Finance', Economics and Econometrics]"
https://openalex.org/S2898431940,The Journal of Finance and Data Science,79.87012987012987,154,123,"[Economics and Econometrics, Finance]"
https://openalex.org/S53993439,American Law and Economics Review,80.08565310492506,467,374,"[Accounting, Economics and Econometrics]"
https://openalex.org/S196919950,Family Business Review,80.15873015873017,1134,909,"[Management of Technology and Innovation, Accounting]"
https://openalex.org/S119908498,Journal of International Marketing,80.27282266526757,953,765,"[Marketing, Strategy and Management]"
https://openalex.org/S143806524,The Journal of Portfolio Management,80.40158371040724,3536,2843,"[Accounting, Finance, Economics and Econometrics]"
https://openalex.org/S4210181465,Transnational corporations,80.47945205479452,292,235,"[Accounting, 'General Economics, Econometrics and Finance', Strategy and Management]"
https://openalex.org/S2764805720,Eurasian Economic Review,80.7017543859649,342,276,"[Strategy and Management, Economics and Econometrics, 'General Economics, Econometrics and Finance', Accounting, Management of Technology and Innovation]"
https://openalex.org/S4210174903,Scientific Bulletin of Mukachevo State University Series “Economics”,80.72289156626506,332,268,"['General Economics, Econometrics and Finance', Economics and Econometrics]"
https://openalex.org/S120391282,Extremes,80.73529411764706,680,549,[Finance]
https://openalex.org/S96305778,Transportation Research Part B Methodological,80.7701741476576,4077,3293,[Transportation]
https://openalex.org/S178258306,Empirical Economics,80.81379682026409,3711,2999,"['General Economics, Econometrics and Finance', Economics and Econometrics]"
https://openalex.org/S2764531464,History of Economics Review,80.87649402390437,1004,812,"[Economics and Econometrics, 'General Economics, Econometrics and Finance']"
https://openalex.org/S68242086,Transportation Planning and Technology,80.96045197740112,1770,1433,[Transportation]
https://openalex.org/S45372229,World Economy,80.98068350668647,4711,3815,"[Strategy and Management, 'General Economics, Econometrics and Finance', Economics and Econometrics, Finance]"
https://openalex.org/S34975756,Journal of Global Responsibility,81.20481927710843,415,337,"[Strategy and Management, Marketing, Accounting]"
https://openalex.org/S122446633,Antitrust law journal,81.48148148148148,27,22,"[Economics and Econometrics, 'General Economics, Econometrics and Finance', Management of Technology and Innovation]"
https://openalex.org/S105700240,American Business Law Journal,81.52115693626139,1867,1522,"[Accounting, Economics and Econometrics, Strategy and Management]"
https://openalex.org/S16146169,International Journal of Economic Theory,81.56748911465893,689,562,"[Economics and Econometrics, 'General Economics, Econometrics and Finance']"
https://openalex.org/S173627905,Journal of Agricultural & Food Industrial Organization,81.63841807909604,354,289,"[Marketing, Economics and Econometrics, 'General Economics, Econometrics and Finance']"
https://openalex.org/S4210240749,Indonesian Journal of Sustainability Accounting and Management,81.78294573643412,258,211,"[Strategy and Management, Marketing, Accounting]"
https://openalex.org/S131117787,Review of Finance,81.81818181818183,11,9,"['General Economics, Econometrics and Finance', Finance, Accounting]"
https://openalex.org/S2764934467,Iranian economic review,81.93548387096774,620,508,"[Economics and Econometrics, 'General Economics, Econometrics and Finance']"
https://openalex.org/S4210187585,Small Enterprise Research,81.96392785571143,499,409,"[Economics and Econometrics, Management of Technology and Innovation, Accounting, Business and International Management]"
https://openalex.org/S4210222536,The Southern African Journal of Entrepreneurship and Small Business Management,82.27272727272728,220,181,"[Management of Technology and Innovation, Accounting, Business and International Management]"
https://openalex.org/S2735550652,Journal of the Association of Environmental and Resource Economists,82.28571428571428,525,432,[Economics and Econometrics]
https://openalex.org/S152786945,Stochastics,82.29376257545272,994,818,[Finance]
https://openalex.org/S69604123,Review of Marketing Science,82.35294117647058,153,126,"[Marketing, Strategy and Management]"
https://openalex.org/S126936603,International Regional Science Review,82.37791932059449,942,776,[Economics and Econometrics]
https://openalex.org/S67638930,Structural Change and Economic Dynamics,82.41864983001457,2059,1697,"[Economics and Econometrics, 'General Economics, Econometrics and Finance']"
https://openalex.org/S2764827305,International Journal of Financial Studies,82.6923076923077,1040,860,"[Finance, Accounting, Economics and Econometrics]"
https://openalex.org/S2764412428,Investment Management and Financial Innovations,82.77734678044996,1289,1067,"[Economics and Econometrics, Accounting, Finance]"
https://openalex.org/S4210173643,International Journal of Health Economics and Management,82.78688524590164,244,202,"[Economics and Econometrics, Finance]"
https://openalex.org/S131077017,International Journal of Behavioural Accounting and Finance,82.84023668639054,169,140,"[Accounting, Finance]"
https://openalex.org/S34139249,The RAND Journal of Economics,82.90743895513913,1761,1460,"[Economics and Econometrics, Strategy and Management, Marketing]"
https://openalex.org/S41123332,Journal of Knowledge-based Innovation in China,82.95454545454545,88,73,"[Management of Technology and Innovation, Strategy and Management]"
https://openalex.org/S95636294,International Journal of Entrepreneurship and Innovation Management,82.97413793103449,928,770,"[Strategy and Management, Economics and Econometrics, Management of Technology and Innovation, Accounting]"
https://openalex.org/S2764810659,Journal of Small Business & Entrepreneurship,83.03985171455051,1079,896,"[Management of Technology and Innovation, Accounting, Business and International Management, Economics and Econometrics]"
https://openalex.org/S80375752,Current Issues in Auditing,83.0423940149626,401,333,"[Accounting, Economics and Econometrics]"
https://openalex.org/S4210178198,Economy of Ukraine,83.11036789297658,598,497,"['General Economics, Econometrics and Finance', Economics and Econometrics]"
https://openalex.org/S168680943,Annals of economics and finance,83.14606741573034,178,148,"[Finance, 'General Economics, Econometrics and Finance', Economics and Econometrics]"
https://openalex.org/S7006481,Margin The Journal of Applied Economic Research,83.23529411764706,340,283,"['General Economics, Econometrics and Finance', Economics and Econometrics, Finance]"
https://openalex.org/S4210200142,The journal of structured finance,83.42904019688268,1219,1017,"[Strategy and Management, Economics and Econometrics, Finance]"
https://openalex.org/S161221442,Abacus,83.59751895244659,1451,1213,"[Finance, Accounting, Strategy and Management]"
https://openalex.org/S132210109,International Journal of Game Theory,83.74870197300103,1926,1613,[Economics and Econometrics]
https://openalex.org/S102700472,Financial Services Review,84.21052631578947,760,640,"[Finance, Accounting, Economics and Econometrics]"
https://openalex.org/S94499970,Energy Economics,84.30239415025356,8479,7148,[Economics and Econometrics]
https://openalex.org/S323237,Accounting and Business Research,84.46902654867256,2260,1909,"[Strategy and Management, Finance, Accounting]"
https://openalex.org/S11394615,Strategic Organization,84.472049689441,644,544,"[Strategy and Management, Accounting, Management of Technology and Innovation]"
https://openalex.org/S4162551,International Journal of Gender and Entrepreneurship,84.6938775510204,392,332,"[Business and International Management, Management of Technology and Innovation]"
https://openalex.org/S4210171086,The Journal of Risk,84.72998137802608,537,455,[Finance]
https://openalex.org/S147692640,Journal of Urban Economics,84.96943545487234,2781,2363,[Economics and Econometrics]
https://openalex.org/S2764739077,Case Studies on Transport Policy,84.9906191369606,1599,1359,[Transportation]
https://openalex.org/S58879488,Journal of Financial Regulation and Compliance,85.0844277673546,1066,907,"[Finance, Accounting, Economics and Econometrics]"
https://openalex.org/S107183665,Journal of service management,85.11560693641619,692,589,[Marketing]
https://openalex.org/S4210183760,Strategy Science,85.1985559566787,277,236,"[Strategy and Management, Accounting]"
https://openalex.org/S2764516800,Journal of Small Business Strategy,85.42713567839196,199,170,"[Management of Technology and Innovation, Accounting, Business and International Management, Strategy and Management]"
https://openalex.org/S4210177949,Transportmetrica A Transport Science,85.46448087431693,915,782,[Transportation]
https://openalex.org/S32895864,Actual Problems of Economics,85.58951965065502,687,588,"['General Economics, Econometrics and Finance', Economics and Econometrics]"
https://openalex.org/S49327401,Journal of Sports Economics,85.60747663551402,1070,916,[Economics and Econometrics]
https://openalex.org/S33519306,Econometrics Journal,85.64102564102564,780,668,"['General Economics, Econometrics and Finance', Economics and Econometrics, Finance]"
https://openalex.org/S64915403,The Quarterly Journal of Austrian Economics,85.6637168141593,565,484,"[Finance, Economics and Econometrics, 'General Economics, Econometrics and Finance']"
https://openalex.org/S2764355095,British tax review,85.68129330254041,433,371,"[Accounting, Strategy and Management, Economics and Econometrics]"
https://openalex.org/S4210219052,Journal of Financial Management Markets and Institutions,85.84905660377359,106,91,"[Accounting, Finance, Economics and Econometrics]"
https://openalex.org/S4210174510,Advances in strategic management,85.92057761732852,554,476,"[Strategy and Management, Economics and Econometrics, Accounting]"
https://openalex.org/S4210193318,Asean Economic Bulletin,85.96491228070175,684,588,"['General Economics, Econometrics and Finance', Economics and Econometrics, Strategy and Management, Finance]"
https://openalex.org/S35673206,International Marketing Review,86.05378361475923,1599,1376,"[Strategy and Management, Marketing]"
https://openalex.org/S4394735609,Foreign Trade Review,86.06755126658625,1658,1427,"[Finance, 'General Economics, Econometrics and Finance', Economics and Econometrics, Strategy and Management]"
https://openalex.org/S22247924,Entrepreneurship and Regional Development,86.12585291887794,1319,1136,"[Management of Technology and Innovation, Economics and Econometrics, Strategy and Management]"
https://openalex.org/S4210180860,Advances in international marketing,86.34920634920636,315,272,"[Marketing, Strategy and Management, 'General Economics, Econometrics and Finance']"
https://openalex.org/S58171247,Journal of Product & Brand Management,86.43141153081511,2012,1739,[Marketing]
https://openalex.org/S2498450034,Transportmetrica B Transport Dynamics,86.46034816247582,517,447,[Transportation]
https://openalex.org/S147126554,Panoeconomicus,86.5021770682148,689,596,"[Finance, 'General Economics, Econometrics and Finance', Economics and Econometrics]"
https://openalex.org/S144747835,Australian Accounting Review,86.64412510566358,1183,1025,"[Strategy and Management, Accounting]"
https://openalex.org/S2898493639,Journal of Co-operative Organization and Management,86.69950738916256,203,176,"[Accounting, Management of Technology and Innovation, Economics and Econometrics, Strategy and Management]"
https://openalex.org/S78792899,Journal of Small Business Management,86.85980341438179,1933,1679,"[Strategy and Management, Management of Technology and Innovation, Accounting]"
https://openalex.org/S81022070,Journal of Policy Modeling,86.86556927297669,2916,2533,"[Finance, 'General Economics, Econometrics and Finance', Economics and Econometrics]"
https://openalex.org/S111767569,History of economic ideas,86.96682464454977,422,367,"[Economics and Econometrics, 'General Economics, Econometrics and Finance']"
https://openalex.org/S141184754,Economic Modelling,87.03358208955224,6432,5598,"['General Economics, Econometrics and Finance', Economics and Econometrics, Finance]"
https://openalex.org/S2764372386,Journal of Behavioral and Experimental Finance,87.11217183770883,838,730,"[Finance, Accounting, Economics and Econometrics]"
https://openalex.org/S2765073605,European Journal of Economics and Economic Policies Intervention,87.22222222222223,720,628,"[Finance, 'General Economics, Econometrics and Finance', Economics and Econometrics]"
https://openalex.org/S16530434,The European Journal of Health Economics,87.34295020939972,2149,1877,[Economics and Econometrics]
https://openalex.org/S4210191457,Innovation and Development,87.41092636579573,421,368,"[Management of Technology and Innovation, Business and International Management, Strategy and Management, Economics and Econometrics]"
https://openalex.org/S14764538,Journal of strategy and management,87.54578754578755,546,478,"[Strategy and Management, Accounting, Management of Technology and Innovation]"
https://openalex.org/S6013065,Journal of Management & Governance,87.5776397515528,966,846,"[Accounting, Strategy and Management]"
https://openalex.org/S186558940,Transport Policy,87.5801282051282,3744,3279,"[Transportation, 'General Economics, Econometrics and Finance']"
https://openalex.org/S2764896919,Environmental Economics and Policy Studies,87.61467889908256,654,573,[Economics and Econometrics]
https://openalex.org/S2737238315,East Asian Economic Review,87.71186440677965,472,414,"[Strategy and Management, 'General Economics, Econometrics and Finance', Finance]"
https://openalex.org/S6450948,Issues in Accounting Education,88.09338521400778,1285,1132,"[Accounting, Management of Technology and Innovation]"
https://openalex.org/S35090897,International Journal of the Economics of Business,88.348271446863,781,690,"[Accounting, Marketing, Strategy and Management, Economics and Econometrics]"
https://openalex.org/S61561007,The Journal of Risk Finance,88.97464167585446,907,807,"[Finance, Economics and Econometrics]"
https://openalex.org/S166264140,Emerging Markets Finance and Trade,88.97849462365592,3348,2979,"[Economics and Econometrics, 'General Economics, Econometrics and Finance', Accounting, Finance]"
https://openalex.org/S145507837,Industrial and Corporate Change,88.97864974033467,1733,1542,"[Accounting, Economics and Econometrics, Strategy and Management]"
https://openalex.org/S205993034,Journal of Human Resource Costing & Accounting,89.04761904761904,210,187,"[Accounting, Strategy and Management]"
https://openalex.org/S73660788,International Journal of Strategic Business Alliances,89.05109489051095,137,122,"[Accounting, Strategy and Management]"
https://openalex.org/S2764408723,Public Finance Quarterly,89.05405405405405,740,659,[Economics and Econometrics]
https://openalex.org/S165058066,Resource and Energy Economics,89.11917098445595,1158,1032,[Economics and Econometrics]
https://openalex.org/S4210229491,Journal of Intelligence Studies in Business,89.3687707641196,301,269,[Strategy and Management]
https://openalex.org/S145099083,Journal of Economics and Business,89.44511459589867,1658,1483,"[Accounting, Finance, 'General Economics, Econometrics and Finance', Economics and Econometrics]"
https://openalex.org/S168273071,International Review of Economics & Finance,89.52763819095478,4975,4454,"[Economics and Econometrics, 'General Economics, Econometrics and Finance', Accounting, Finance]"
https://openalex.org/S4210206470,Journal of Sustainable Finance & Investment,89.62264150943396,530,475,"[Accounting, Finance, Strategy and Management, Economics and Econometrics]"
https://openalex.org/S4210182079,The Geneva Papers on Risk and Insurance Theory,90.0,10,9,"[Economics and Econometrics, Accounting, Finance]"
https://openalex.org/S127482291,Journal of Research in Marketing and Entrepreneurship,90.05847953216374,342,308,"[Business and International Management, Management of Technology and Innovation, Strategy and Management]"
https://openalex.org/S2764922153,Central European Journal of Economic Modelling and Econometrics,90.15151515151516,132,119,"['General Economics, Econometrics and Finance', Economics and Econometrics, Finance]"
https://openalex.org/S4210205650,The International Review of Retail Distribution and Consumer Research,90.26315789473685,1140,1029,[Marketing]
https://openalex.org/S2764774255,Asian Journal of Finance & Accounting,90.3755868544601,426,385,"[Strategy and Management, Finance, Accounting]"
https://openalex.org/S127060114,NBER Macroeconomics Annual,90.41287613715885,1429,1292,"['General Economics, Econometrics and Finance', Economics and Econometrics, Finance]"
https://openalex.org/S4393918861,Turkish journal of islamic economics,90.56603773584906,53,48,"[Economics and Econometrics, Accounting]"
https://openalex.org/S107631327,Regional Science and Urban Economics,90.68139963167587,2715,2462,[Economics and Econometrics]
https://openalex.org/S77308338,Corporate Governance An International Review,91.45299145299145,1872,1712,"[Accounting, Strategy and Management]"
https://openalex.org/S49164534,Journal of International Commerce Economics and Policy,91.45569620253164,316,289,"[Finance, Strategy and Management, 'General Economics, Econometrics and Finance', Economics and Econometrics]"
https://openalex.org/S183802457,The Journal of Operational Risk,91.73913043478261,460,422,"[Finance, Accounting, Economics and Econometrics]"
https://openalex.org/S65353606,International Journal of Retail & Distribution Management,91.86410371032633,2237,2055,[Marketing]
https://openalex.org/S153921829,der markt,91.9431279620853,422,388,"[Management of Technology and Innovation, Marketing, Strategy and Management]"
https://openalex.org/S173177581,International Journal of Accounting and Finance,91.97080291970804,274,252,"[Finance, Strategy and Management, Accounting]"
https://openalex.org/S4210177023,Brazilian Journal of Political Economy,91.97751660705161,1957,1800,"[Finance, 'General Economics, Econometrics and Finance', Economics and Econometrics]"
https://openalex.org/S4210175534,Financial and credit activity problems of theory and practice,92.01605709188226,2242,2063,"['General Economics, Econometrics and Finance', Economics and Econometrics]"
https://openalex.org/S2764481179,Journal of Economic Development,92.01680672268907,238,219,"[Economics and Econometrics, 'General Economics, Econometrics and Finance']"
https://openalex.org/S2911964755,Journal of applied finance,92.15686274509804,51,47,"[Accounting, Strategy and Management, Finance]"
https://openalex.org/S47854491,International Journal of Entrepreneurial Venturing,92.1602787456446,574,529,"[Strategy and Management, Management of Technology and Innovation, Accounting]"
https://openalex.org/S123595276,Journal of Science and Technology Policy in China,92.1875,64,59,"[Business and International Management, Management of Technology and Innovation, Economics and Econometrics, Strategy and Management]"
https://openalex.org/S2764876032,International Journal of Finance and Accounting,92.3076923076923,13,12,"[Finance, Accounting]"
https://openalex.org/S88577320,Finance research letters,92.69683818970861,8065,7476,"[Finance, Accounting, Economics and Econometrics]"
https://openalex.org/S136999626,Journal of Property Investment and Finance,92.79493269992082,1263,1172,"[Finance, Economics and Econometrics, Strategy and Management]"
https://openalex.org/S2764883386,Journal of Environmental Economics and Policy,93.0635838150289,346,322,[Economics and Econometrics]
https://openalex.org/S2737431740,Econometrics,93.22709163346613,502,468,"['General Economics, Econometrics and Finance', Economics and Econometrics, Finance]"
https://openalex.org/S4210173310,Research in finance,93.28859060402685,298,278,"[Accounting, Finance, Strategy and Management]"
https://openalex.org/S67177122,Marketing Education Review,93.3587786259542,1310,1223,"[Management of Technology and Innovation, Accounting]"
https://openalex.org/S173789977,Corporate Governance,93.44262295081968,1952,1824,"[Accounting, Strategy and Management, Marketing]"
https://openalex.org/S90477801,Journal of transport economics and policy,93.61702127659575,611,572,"[Strategy and Management, 'General Economics, Econometrics and Finance', Transportation]"
https://openalex.org/S180492355,Public Finance Review,93.66420274551214,947,887,[Economics and Econometrics]
https://openalex.org/S6772833,Review of Network Economics,93.68191721132898,459,430,"[Marketing, Strategy and Management, Economics and Econometrics]"
https://openalex.org/S4210168092,Journal of the History of Economic Thought,93.68203003625065,1931,1809,"[Economics and Econometrics, 'General Economics, Econometrics and Finance']"
https://openalex.org/S4210208553,OPEC Energy Review,93.80530973451327,452,424,"[Economics and Econometrics, 'General Economics, Econometrics and Finance']"
https://openalex.org/S143995394,Journal of World Business,94.1747572815534,1545,1455,"[Strategy and Management, Accounting]"
https://openalex.org/S39811122,Financial Markets Institutions and Instruments,94.39999999999999,500,472,"[Finance, Accounting, Economics and Econometrics]"
https://openalex.org/S164875865,International Journal of Banking Accounting and Finance,94.4954128440367,327,309,"[Economics and Econometrics, Finance, Accounting]"
https://openalex.org/S99067594,Journal of Industrial Economics,94.53703703703704,2160,2042,"[Strategy and Management, Economics and Econometrics, 'General Economics, Econometrics and Finance', Marketing]"
https://openalex.org/S159637997,Transportation Research Part A Policy and Practice,94.5506692160612,5230,4945,"[Transportation, Economics and Econometrics]"
https://openalex.org/S89611103,Global economy journal,94.61400359066428,557,527,"[Strategy and Management, 'General Economics, Econometrics and Finance', Economics and Econometrics, Finance]"
https://openalex.org/S158129444,Journal of Developmental Entrepreneurship,94.67084639498434,638,604,"[Economics and Econometrics, Management of Technology and Innovation, Business and International Management]"
https://openalex.org/S38024979,Journal of International Business Studies,94.94295405488745,3243,3079,"[Strategy and Management, 'General Economics, Econometrics and Finance', Accounting]"
https://openalex.org/S146534985,Journal of Economic Interaction and Coordination,95.04310344827587,464,441,"[Economics and Econometrics, Finance]"
https://openalex.org/S9731383,Research Policy,95.04814305364512,5089,4837,"[Strategy and Management, Management of Technology and Innovation, Economics and Econometrics]"
https://openalex.org/S4210187274,Afro-Asian J of Finance and Accounting,95.2316076294278,734,699,"[Accounting, Finance, Economics and Econometrics]"
https://openalex.org/S2764850437,International Economics,95.23809523809523,1071,1020,"[Finance, 'General Economics, Econometrics and Finance', Economics and Econometrics]"
https://openalex.org/S2764933238,New England journal of entrepreneurship,95.52715654952077,313,299,"[Management of Technology and Innovation, Accounting, Business and International Management]"
https://openalex.org/S5835822,The International Journal of Accounting,95.56786703601108,1083,1035,"[Accounting, Finance, Strategy and Management]"
https://openalex.org/S132368879,Journal of Enterprising Culture,95.59055118110236,635,607,"[Management of Technology and Innovation, Accounting, Business and International Management, Strategy and Management]"
https://openalex.org/S960608072,Journal of International Management,95.75191163976211,1177,1127,"[Strategy and Management, Accounting]"
https://openalex.org/S4210218396,Research in global strategic management,95.78947368421052,285,273,"['General Economics, Econometrics and Finance', Strategy and Management, Accounting]"
https://openalex.org/S200872515,Journal of Environmental Economics and Management,95.81239530988275,2985,2860,[Economics and Econometrics]
https://openalex.org/S191114782,Journal of Fashion Marketing and Management,95.94713656387665,1135,1089,[Marketing]
https://openalex.org/S2764807727,The International Journal of Entrepreneurship and Innovation,96.10526315789474,950,913,"[Business and International Management, Management of Technology and Innovation, Accounting, Strategy and Management]"
https://openalex.org/S102949365,Strategic Management Journal,96.20338983050848,4425,4257,"[Economics and Econometrics, Strategy and Management, Accounting]"
https://openalex.org/S105710273,Review of Financial Economics,96.24746450304261,986,949,"[Economics and Econometrics, 'General Economics, Econometrics and Finance', Finance, Accounting]"
https://openalex.org/S4210181789,Journal of the International Council for Small Business,96.33333333333334,300,289,"[Management of Technology and Innovation, Accounting, Business and International Management, Strategy and Management]"
https://openalex.org/S2898542531,Revista de Contabilidad,96.46017699115043,339,327,"[Accounting, Strategy and Management]"
https://openalex.org/S62510030,International Journal of Sustainable Transportation,96.85916919959473,987,956,[Transportation]
https://openalex.org/S67103694,Cambridge Journal of Economics,96.87743950039032,2562,2482,"[Finance, 'General Economics, Econometrics and Finance', Economics and Econometrics]"
https://openalex.org/S2764351440,Accounting & taxation,97.01492537313433,67,65,"[Finance, Strategy and Management, Accounting, Economics and Econometrics]"
https://openalex.org/S2765045378,Pacific Rim Property Research Journal,97.05882352941177,442,429,"[Finance, Strategy and Management, Economics and Econometrics]"
https://openalex.org/S4210202595,International Journal of Financial Engineering,97.29166666666667,480,467,"[Finance, Economics and Econometrics]"
https://openalex.org/S66624660,Pacific Accounting Review,97.33542319749216,638,621,"[Accounting, Strategy and Management]"
https://openalex.org/S163534328,Marketing Science,97.6228847703465,2482,2423,"[Economics and Econometrics, Strategy and Management, Marketing]"
https://openalex.org/S169699294,Accounting Education,97.8021978021978,1365,1335,"[Accounting, Management of Technology and Innovation]"
https://openalex.org/S178953182,International Insolvency Review,97.98994974874373,796,780,"[Strategy and Management, Accounting]"
https://openalex.org/S2764696955,Issues in Social and Environmental Accounting,98.02631578947368,152,149,"[Accounting, Strategy and Management, Marketing]"
https://openalex.org/S105799767,European Journal of the History of Economic Thought,98.05986696230599,1804,1769,"[Economics and Econometrics, 'General Economics, Econometrics and Finance']"
https://openalex.org/S88045947,The International Trade Journal,98.16176470588235,1360,1335,"[Finance, Strategy and Management, 'General Economics, Econometrics and Finance']"
https://openalex.org/S38909374,The Journal of Alternative Investments,98.18181818181819,1100,1080,"[Economics and Econometrics, Finance, Accounting]"
https://openalex.org/S171424506,European Accounting Review,98.54103343465046,1645,1621,"[Accounting, Finance, Strategy and Management]"
https://openalex.org/S3354691,Journal of Small Business and Enterprise Development,98.61973775017253,1449,1429,"[Management of Technology and Innovation, Accounting, Strategy and Management, Economics and Econometrics]"
https://openalex.org/S4306515390,Journal of Business Models,98.68421052631578,76,75,"[Marketing, Strategy and Management]"
https://openalex.org/S78091837,Review of World Economics,98.79095163806552,2564,2533,"[Finance, Strategy and Management, 'General Economics, Econometrics and Finance']"
https://openalex.org/S80150607,Journal of Transport Geography,98.81494986326345,4388,4336,[Transportation]
https://openalex.org/S125273398,The Quarterly Review of Economics and Finance,99.00497512437812,2412,2388,"[Economics and Econometrics, 'General Economics, Econometrics and Finance', Accounting, Finance]"
https://openalex.org/S6243863,Journal of Accounting Education,99.34047815333884,1213,1205,"[Accounting, Management of Technology and Innovation]"
https://openalex.org/S118000741,The Journal of Investing,99.77077363896848,1745,1741,"[Accounting, Finance, Economics and Econometrics, Strategy and Management]"
https://openalex.org/S83145862,History of Political Economy,99.8317914213625,3567,3561,"[Economics and Econometrics, 'General Economics, Econometrics and Finance']"
https://openalex.org/S4393913256,Pesquisa e Planejamento Econômico,100.0,9,9,"[Economics and Econometrics, 'General Economics, Econometrics and Finance']"
https://openalex.org/S4210194421,Advances in international management,100.0,359,359,"['General Economics, Econometrics and Finance', Accounting, Strategy and Management]"
https://openalex.org/S2898448967,Review of Development Finance,100.0,109,109,"[Economics and Econometrics, Finance, Accounting]"
https://openalex.org/S4210240270,International Journal of Applied Business and Economic Research,100.0,2,2,"[Strategy and Management, Accounting]"
https://openalex.org/S123945047,Rotman International Journal of Pension Management,100.0,14,14,"[Finance, Accounting, Economics and Econometrics, Strategy and Management]"
https://openalex.org/S176695132,International journal of government auditing,100.0,2,2,[Accounting]
https://openalex.org/S2764908861,The Journal of Gambling Business and Economics,100.0,196,196,"[Economics and Econometrics, Finance, Marketing]"
https://openalex.org/S43156200,Review,100.0,72,72,"['General Economics, Econometrics and Finance', Economics and Econometrics, Accounting]"
https://openalex.org/S51939333,Transportmetrica,100.0,137,137,[Transportation]
https://openalex.org/S5406955999,Journal for Advancement of Marketing Education,100.0,1,1,[Management of Technology and Innovation]
https://openalex.org/S4210168010,International Journal of Aviation Management,100.0,88,88,"[Transportation, 'General Economics, Econometrics and Finance', Strategy and Management]"
https://openalex.org/S171812798,Metroeconomica,100.23980815347721,2085,2090,"[Economics and Econometrics, 'General Economics, Econometrics and Finance']"
https://openalex.org/S2898242091,Journal of Business Venturing Insights,100.34782608695652,575,577,"[Management of Technology and Innovation, Accounting, Business and International Management]"
https://openalex.org/S62246846,International Journal of Accounting Auditing and Performance Evaluation,100.51020408163265,588,591,"[Strategy and Management, Accounting]"
https://openalex.org/S23246025,Corporate Reputation Review,100.51216389244557,781,785,"[Strategy and Management, Marketing]"
https://openalex.org/S32948690,Qualitative Research in Financial Markets,100.58823529411765,510,513,"[Economics and Econometrics, Finance, Accounting]"
https://openalex.org/S170231156,International Journal of Entrepreneurial Behaviour & Research,100.7458048477315,1609,1621,"[Management of Technology and Innovation, Accounting, Business and International Management]"
https://openalex.org/S4210199549,The Journal of Prediction Markets,100.8298755186722,241,243,"[Economics and Econometrics, Finance]"
https://openalex.org/S170166683,American Economic Journal Macroeconomics,101.16959064327486,684,692,"['General Economics, Econometrics and Finance', Economics and Econometrics, Finance]"
https://openalex.org/S4210226497,Critical Finance Review,101.19760479041918,167,169,"[Accounting, Finance, Strategy and Management, Economics and Econometrics]"
https://openalex.org/S181171746,Journal of Economic Growth,101.21654501216545,411,416,[Economics and Econometrics]
https://openalex.org/S181388337,International Journal of Innovation Management,101.22029543994861,1557,1576,"[Management of Technology and Innovation, Strategy and Management, Economics and Econometrics]"
https://openalex.org/S2898237991,Economics of Transportation,101.40350877192984,285,289,"[Strategy and Management, 'General Economics, Econometrics and Finance', Transportation]"
https://openalex.org/S5406982871,Financial Planning Research Journal,101.49253731343283,67,68,"[Economics and Econometrics, Accounting, Finance]"
https://openalex.org/S4210231290,Financial markets and portfolio management,101.7211703958692,581,591,"[Economics and Econometrics, Finance, Accounting]"
https://openalex.org/S2798767114,Corporate Board role duties and composition,101.88235294117646,425,433,"[Strategy and Management, Accounting]"
https://openalex.org/S2764655866,Review of Keynesian Economics,102.30905861456483,563,576,"['General Economics, Econometrics and Finance', Economics and Econometrics, Finance]"
https://openalex.org/S9871798,European Business Organization Law Review,102.43362831858407,904,926,"[Finance, Accounting, Strategy and Management]"
https://openalex.org/S4210179812,International Journal of Health Care Finance and Economics,102.8225806451613,248,255,"[Finance, Economics and Econometrics]"
https://openalex.org/S136661304,Managerial Auditing Journal,102.89371174179188,1797,1849,"[Strategy and Management, Accounting]"
https://openalex.org/S146099957,International Journal of Finance & Economics,102.93526336952151,2487,2560,"['General Economics, Econometrics and Finance', Economics and Econometrics, Accounting, Finance]"
https://openalex.org/S36209479,Industry and Innovation,103.0389363722697,1053,1085,"[Economics and Econometrics, Management of Technology and Innovation, Strategy and Management]"
https://openalex.org/S99242495,Journal of Air Transport Management,103.11111111111111,2700,2784,"[Transportation, 'General Economics, Econometrics and Finance', Strategy and Management]"
https://openalex.org/S2764704972,Asian Academy of Management Journal of Accounting and Finance,103.5294117647059,255,264,"[Finance, Accounting]"
https://openalex.org/S28881989,International Journal of Financial Markets and Derivatives,103.71900826446281,242,251,"[Finance, Economics and Econometrics]"
https://openalex.org/S4210214409,Advances in environmental accounting & management,103.96825396825398,126,131,"[Strategy and Management, Accounting, Marketing]"
https://openalex.org/S4210179146,Business Strategy & Development,104.04624277456647,692,720,"[Accounting, Strategy and Management, Marketing, Business and International Management]"
https://openalex.org/S2764882396,Borsa Istanbul Review,104.16124837451235,769,801,"[Accounting, Finance, Economics and Econometrics]"
https://openalex.org/S3416249,Review of Industrial Organization,104.2654028436019,1899,1980,"[Economics and Econometrics, 'General Economics, Econometrics and Finance', Strategy and Management, Marketing]"
https://openalex.org/S4210191553,Journal of Law Finance and Accounting,104.28571428571429,70,73,"[Finance, Accounting, Economics and Econometrics]"
https://openalex.org/S68817889,Social enterprise journal,104.31372549019609,510,532,"[Finance, Business and International Management, Management of Technology and Innovation]"
https://openalex.org/S52853039,Housing Policy Debate,104.4806517311609,1473,1539,"[Finance, Accounting, Economics and Econometrics]"
https://openalex.org/S159120381,Journal of Retailing,104.6742209631728,1412,1478,[Marketing]
https://openalex.org/S4210219434,South African Journal of Accounting Research,104.69314079422382,277,290,"[Strategy and Management, Accounting, Finance]"
https://openalex.org/S191005381,Defence and Peace Economics,104.85651214128036,1359,1425,[Economics and Econometrics]
https://openalex.org/S86125002,Environmental and Resource Economics,104.9850448654038,3009,3159,[Economics and Econometrics]
https://openalex.org/S2764640640,Baltic Journal of Economic Studies,105.12333965844402,1581,1662,"['General Economics, Econometrics and Finance', Economics and Econometrics]"
https://openalex.org/S2764465937,Banks and Bank Systems,105.14905149051489,738,776,"['General Economics, Econometrics and Finance', Economics and Econometrics, Finance, Accounting]"
https://openalex.org/S141165859,Studies in Economics and Finance,105.48424737456243,857,904,"[Economics and Econometrics, 'General Economics, Econometrics and Finance', Finance, Accounting]"
https://openalex.org/S2765036361,The Journal of Risk Model Validation,105.8411214953271,428,453,"[Economics and Econometrics, 'General Economics, Econometrics and Finance', Finance, Accounting]"
https://openalex.org/S74917840,The Journal of Financial Research,105.86656441717793,2608,2761,"['General Economics, Econometrics and Finance', Accounting, Finance]"
https://openalex.org/S8133038,Research in International Business and Finance,106.53061224489795,2940,3132,"[Accounting, Finance, Economics and Econometrics]"
https://openalex.org/S58276920,Journal of European real estate research,106.53266331658291,398,424,"[Accounting, Finance, Economics and Econometrics]"
https://openalex.org/S4210186350,Journal of Competition Law & Economics,107.36497545008183,611,656,"[Economics and Econometrics, Strategy and Management, Marketing]"
https://openalex.org/S165973286,The Journal of Computational Finance,107.4766355140187,749,805,[Finance]
https://openalex.org/S88344008,Applied econometrics and international development,107.6923076923077,286,308,"['General Economics, Econometrics and Finance', Economics and Econometrics, Finance]"
https://openalex.org/S9351053,Financial Review,107.80799999999999,3125,3369,"[Strategy and Management, Economics and Econometrics, Finance, Accounting]"
https://openalex.org/S4210198154,Algorithmic Finance,107.8125,128,138,"[Finance, Economics and Econometrics]"
https://openalex.org/S2734559656,Journal of Financial Regulation,107.97101449275361,138,149,"[Strategy and Management, Finance]"
https://openalex.org/S183232449,International Journal of Industrial Organization,108.23529411764706,2635,2852,"[Economics and Econometrics, Strategy and Management, Marketing]"
https://openalex.org/S116294579,Jeung'gweon hag'hoeji,108.33333333333333,120,130,"[Strategy and Management, Finance, Accounting]"
https://openalex.org/S5486590,International Economics and Economic Policy,108.41949778434268,677,734,"['General Economics, Econometrics and Finance', Economics and Econometrics, Finance]"
https://openalex.org/S4210209416,Green Finance,108.52272727272727,176,191,"[Economics and Econometrics, Marketing, Finance]"
https://openalex.org/S2764905064,Multinational Finance Journal,108.79478827361564,307,334,"[Accounting, Finance, Economics and Econometrics, 'General Economics, Econometrics and Finance']"
https://openalex.org/S171491724,Journal of Economics and Finance,108.88704318936877,1204,1311,"['General Economics, Econometrics and Finance', Economics and Econometrics, Finance, Accounting]"
https://openalex.org/S2764678689,Accounting and Finance Research,108.99390243902438,656,715,"[Strategy and Management, Finance, Accounting]"
https://openalex.org/S4210174125,Global Journal of Economics,109.09090909090908,33,36,"['General Economics, Econometrics and Finance', Economics and Econometrics, Finance]"
https://openalex.org/S4210240883,Bulletin of Monetary Economics and Banking,109.27070457354759,809,884,"[Economics and Econometrics, 'General Economics, Econometrics and Finance', Accounting, Finance]"
https://openalex.org/S4210180758,Entrepreneurship Education,109.31372549019606,204,223,"[Management of Technology and Innovation, Business and International Management]"
https://openalex.org/S193228710,Journal of Financial and Quantitative Analysis,109.38673341677097,3995,4370,"[Strategy and Management, Accounting, Finance]"
https://openalex.org/S2912066455,Journal of Financial Counseling and Planning,109.4850948509485,369,404,"[Economics and Econometrics, Accounting, Finance]"
https://openalex.org/S2737963727,Indonesian Capital Market Review,110.28571428571428,175,193,"[Finance, Accounting, Economics and Econometrics]"
https://openalex.org/S125379575,Journal of Chinese Economic and Foreign Trade Studies,110.431654676259,278,307,"[Strategy and Management, 'General Economics, Econometrics and Finance', Economics and Econometrics]"
https://openalex.org/S4210211126,Canadian Tax Journal/Revue fiscale canadienne,110.5,400,442,"[Economics and Econometrics, Accounting]"
https://openalex.org/S4210213268,The Journal of Financial Market Infrastructures,110.77844311377245,167,185,"[Economics and Econometrics, Strategy and Management, Finance]"
https://openalex.org/S116778711,Asian Journal of Technology Innovation,110.98696461824953,537,596,"[Strategy and Management, Economics and Econometrics, Management of Technology and Innovation]"
https://openalex.org/S4210189494,Applied Finance Letters,111.03448275862068,145,161,"[Economics and Econometrics, Accounting, Finance]"
https://openalex.org/S2739303216,Journal of Tax Reform,111.11111111111111,225,250,"[Accounting, Economics and Econometrics]"
https://openalex.org/S183776795,Review of Pacific Basin Financial Markets and Policies,111.64383561643835,876,978,"[Finance, Accounting, Economics and Econometrics]"
https://openalex.org/S4210216941,Journal of Urban Mobility,111.76470588235294,153,171,"[Marketing, Transportation]"
https://openalex.org/S2764777187,Annals of Financial Economics,111.78343949044587,314,351,"[Economics and Econometrics, 'General Economics, Econometrics and Finance', Finance]"
https://openalex.org/S181870614,Journal of Financial Economic Policy,111.88679245283019,530,593,"['General Economics, Econometrics and Finance', Economics and Econometrics, Accounting, Finance]"
https://openalex.org/S2764509274,China Finance Review International,111.8881118881119,429,480,"[Accounting, Finance, Economics and Econometrics]"
https://openalex.org/S73201759,Foundations and Trends® in Entrepreneurship,112.00000000000001,125,140,"[Management of Technology and Innovation, Accounting, Economics and Econometrics]"
https://openalex.org/S131852005,European Financial Management,112.15083798882681,1432,1606,"[Economics and Econometrics, Accounting, Finance]"
https://openalex.org/S2898124213,Journal of Accounting Literature,112.3529411764706,340,382,"[Strategy and Management, Finance, Accounting]"
https://openalex.org/S185905316,The Journal of Technology Transfer,112.81032770605759,2014,2272,"[Management of Technology and Innovation, Accounting, Economics and Econometrics, Strategy and Management]"
https://openalex.org/S44585919,Journal of Economic Dynamics and Control,112.8109995635094,4582,5169,"[Economics and Econometrics, 'General Economics, Econometrics and Finance']"
https://openalex.org/S2764417826,The international journal of business and finance research,112.83783783783782,148,167,"[Finance, Strategy and Management, Accounting, 'General Economics, Econometrics and Finance']"
https://openalex.org/S4210190745,Asia-Pacific Journal of Financial Studies,112.9360465116279,688,777,"[Finance, Accounting, Economics and Econometrics]"
https://openalex.org/S153861934,Journal of Marketing Education,113.08049535603715,1292,1461,"[Marketing, Management of Technology and Innovation, Accounting]"
https://openalex.org/S15356059,Review of Political Economy,113.33333333333333,1815,2057,"['General Economics, Econometrics and Finance', Economics and Econometrics]"
https://openalex.org/S184351885,Managerial Finance,113.4608572440666,2823,3203,"[Accounting, Finance, Strategy and Management]"
https://openalex.org/S2165841,International Finance,113.48973607038124,1023,1161,"[Finance, 'General Economics, Econometrics and Finance', Economics and Econometrics]"
https://openalex.org/S22431819,International Economic Journal,114.21262080727685,1759,2009,"['General Economics, Econometrics and Finance', Economics and Econometrics, Finance]"
https://openalex.org/S198098467,Journal of International Economics,114.55260570304817,4068,4660,"[Finance, 'General Economics, Econometrics and Finance', Economics and Econometrics]"
https://openalex.org/S4210195752,The Journal of Investment Strategies,114.6067415730337,178,204,"[Economics and Econometrics, Finance]"
https://openalex.org/S2764892107,Multinational Business Review,114.65753424657534,730,837,"[Strategy and Management, 'General Economics, Econometrics and Finance', Accounting]"
https://openalex.org/S145572626,International Review of Financial Analysis,114.90319675821704,4442,5104,"[Economics and Econometrics, Finance, Accounting]"
https://openalex.org/S197112600,Emerging Markets Review,115.24193548387096,1240,1429,"[Economics and Econometrics, Finance, Accounting]"
https://openalex.org/S4210170931,Annual Review of Financial Economics,115.31531531531532,333,384,"[Economics and Econometrics, Finance, Accounting]"
https://openalex.org/S36547454,International Entrepreneurship and Management Journal,115.43798785776235,1153,1331,"[Management of Technology and Innovation, Accounting, Business and International Management, Economics and Econometrics]"
https://openalex.org/S155526628,The North American Journal of Economics and Finance,115.52951025533696,2389,2760,"[Economics and Econometrics, 'General Economics, Econometrics and Finance', Accounting, Finance]"
https://openalex.org/S4210212366,Journal of Public Transportation,115.79651941097724,747,865,[Transportation]
https://openalex.org/S4210226759,Quantitative Finance and Economics,116.11842105263158,304,353,"[Economics and Econometrics, 'General Economics, Econometrics and Finance', Finance]"
https://openalex.org/S116184629,National Tax Journal,116.24724061810154,4530,5266,"[Economics and Econometrics, Accounting]"
https://openalex.org/S2735409286,The Review of Asset Pricing Studies,116.40625,256,298,"[Finance, Accounting, Economics and Econometrics]"
https://openalex.org/S150702451,Global Finance Journal,116.57095980311732,1219,1421,"[Economics and Econometrics, 'General Economics, Econometrics and Finance', Finance, Accounting]"
https://openalex.org/S71783669,Review of International Economics,116.5949306551889,2091,2438,"['General Economics, Econometrics and Finance', Economics and Econometrics, Finance]"
https://openalex.org/S4210208962,AIS Educator Journal,116.66666666666667,90,105,"[Accounting, Management of Technology and Innovation]"
https://openalex.org/S2764792399,Investment Analysts Journal,116.92524682651622,709,829,"[Economics and Econometrics, Accounting, Strategy and Management, Finance]"
https://openalex.org/S22496144,Foundations and Trends® in Finance,117.3913043478261,46,54,"[Accounting, Finance, Strategy and Management]"
https://openalex.org/S2736251538,The Review of Corporate Finance Studies,117.58241758241759,273,321,"[Finance, Accounting, Economics and Econometrics]"
https://openalex.org/S2798341630,Corporate Ownership and Control,117.85239361702126,3008,3545,"[Strategy and Management, Finance, Accounting]"
https://openalex.org/S187626162,Entrepreneurship Theory and Practice,117.98679867986799,1818,2145,"[Business and International Management, Management of Technology and Innovation, Accounting]"
https://openalex.org/S118119388,Journal of Family Business Strategy,119.45525291828794,514,614,"[Management of Technology and Innovation, Accounting]"
https://openalex.org/S128478731,Management International Review,119.51690821256038,1035,1237,"[Accounting, 'General Economics, Econometrics and Finance', Strategy and Management]"
https://openalex.org/S4210183232,Journal of global entrepreneurship research,119.62864721485411,377,451,"[Business and International Management, Management of Technology and Innovation, Accounting, Economics and Econometrics]"
https://openalex.org/S4210197888,Review of International Business and Strategy,119.86301369863013,292,350,"[Accounting, Management of Technology and Innovation, Strategy and Management]"
https://openalex.org/S2738702335,PSL quarterly review,120.0,15,18,"[Finance, 'General Economics, Econometrics and Finance', Economics and Econometrics]"
https://openalex.org/S33948620,Public Transport,120.27649769585254,434,522,[Transportation]
https://openalex.org/S2765013869,Journal of Family Business Management,120.47970479704797,542,653,"[Business and International Management, Management of Technology and Innovation, Accounting]"
https://openalex.org/S4210222895,Meditari Accountancy Research,120.50874403815581,629,758,"[Marketing, Strategy and Management, Accounting]"
https://openalex.org/S146918421,Social Responsibility Journal,120.75038284839204,1306,1577,"[Strategy and Management, Marketing, Accounting]"
https://openalex.org/S2764662244,Journal of Mathematical Finance,120.91836734693877,588,711,"[Economics and Econometrics, Finance]"
https://openalex.org/S4210180542,Finance,120.95238095238095,210,254,"[Economics and Econometrics, Accounting, Finance]"
https://openalex.org/S181356434,Accounting Horizons,120.99494097807757,1186,1435,"[Finance, Accounting, Strategy and Management]"
https://openalex.org/S35246616,International Review of Finance,121.36422136422136,777,943,"[Economics and Econometrics, Accounting, Finance]"
https://openalex.org/S163499366,Review of Economic Dynamics,121.44948755490483,1366,1659,"[Economics and Econometrics, 'General Economics, Econometrics and Finance', Accounting]"
https://openalex.org/S152372256,International Journal of Auditing,121.5456674473068,854,1038,"[Accounting, Strategy and Management]"
https://openalex.org/S2764400943,Journal of Global Fashion Marketing,121.56862745098039,408,496,[Marketing]
https://openalex.org/S116955675,Asia-Pacific Financial Markets,121.58176943699732,746,907,"[Finance, Accounting, Economics and Econometrics]"
https://openalex.org/S4210184257,Research in financial services,121.73913043478262,23,28,"[Accounting, Finance, Economics and Econometrics]"
https://openalex.org/S2913545599,Spanish Journal of Finance and Accounting / Revista Española de Financiación y Contabilidad,121.94719471947195,606,739,"[Finance, Strategy and Management, Accounting]"
https://openalex.org/S2876017,Journal of Banking & Finance,122.05962059620596,7380,9008,"['General Economics, Econometrics and Finance', Accounting, Finance]"
https://openalex.org/S160194987,Journal of Industry Competition and Trade,122.45989304812835,561,687,"[Marketing, Economics and Econometrics, 'General Economics, Econometrics and Finance', Strategy and Management]"
https://openalex.org/S4306506978,Contaduría Universidad de Antioquia,122.93178519593614,689,847,"[Accounting, Economics and Econometrics]"
https://openalex.org/S4210228977,The Journal of Network Theory in Finance,122.95081967213115,61,75,"[Economics and Econometrics, Finance]"
https://openalex.org/S82316188,European Journal of Finance,122.98780487804879,1640,2017,"[Accounting, Finance, Economics and Econometrics]"
https://openalex.org/S114420290,Canadian Accounting Perspectives,123.07692307692308,65,80,"[Accounting, Strategy and Management]"
https://openalex.org/S157946625,Financial Management,123.12746386333771,2283,2811,"[Accounting, Finance, Strategy and Management]"
https://openalex.org/S42192170,International Tax and Public Finance,123.55555555555556,1350,1668,"[Accounting, Economics and Econometrics]"
https://openalex.org/S92422469,Journal of Multinational Financial Management,123.65339578454333,854,1056,"[Economics and Econometrics, 'General Economics, Econometrics and Finance', Accounting, Finance]"
https://openalex.org/S4210216222,Journal of Entrepreneurship in Emerging Economies,123.84615384615385,520,644,"[Management of Technology and Innovation, Accounting, Business and International Management]"
https://openalex.org/S183939566,Sustainability Accounting Management and Policy Journal,124.06832298136645,644,799,"[Marketing, Accounting, Strategy and Management]"
https://openalex.org/S31690342,Strategic Entrepreneurship Journal,124.20886075949366,632,785,"[Strategy and Management, Management of Technology and Innovation, Accounting]"
https://openalex.org/S71351135,International Journal of Disclosure and Governance,124.52830188679245,636,792,"[Strategy and Management, Accounting]"
https://openalex.org/S4210171597,Accounting and Finance,124.81927710843375,2490,3108,"[Accounting, Finance, Strategy and Management]"
https://openalex.org/S2764874763,Travel Behaviour and Society,124.93368700265253,1131,1413,[Transportation]
https://openalex.org/S2764465404,Entrepreneurship Research Journal,125.05910165484633,423,529,"[Management of Technology and Innovation, Accounting, Business and International Management]"
https://openalex.org/S86762183,Journal of Accounting and Public Policy,125.15413070283601,1622,2030,"[Accounting, Strategy and Management, Finance]"
https://openalex.org/S4210184829,Central Bank Review,125.31645569620254,158,198,"['General Economics, Econometrics and Finance', Economics and Econometrics, Finance]"
https://openalex.org/S185277049,Journal of Banking Regulation,125.77487765089724,613,771,"[Finance, Accounting]"
https://openalex.org/S66201313,Journal of Business Venturing,126.27610208816706,1724,2177,"[Economics and Econometrics, Management of Technology and Innovation, Accounting]"
https://openalex.org/S2764651625,Journal of Economic Integration,126.28318584070797,1130,1427,"['General Economics, Econometrics and Finance', Economics and Econometrics, Finance]"
https://openalex.org/S111116695,Journal of Accounting Research,126.7870036101083,2770,3512,"[Finance, Accounting, Strategy and Management]"
https://openalex.org/S23343376,International Business Review,126.98275862068967,2320,2946,"['General Economics, Econometrics and Finance', Accounting, Strategy and Management]"
https://openalex.org/S52721111,Journal of Real Estate Research,127.10997442455243,1173,1491,"[Finance, Accounting, Economics and Econometrics]"
https://openalex.org/S83262020,Journal of International Financial Management and Accounting,127.5244299674267,614,783,"[Finance, Strategy and Management, Accounting]"
https://openalex.org/S23218617,Journal of International Trade & Economic Development,128.03951367781156,1316,1685,"[Strategy and Management, 'General Economics, Econometrics and Finance', Economics and Econometrics]"
https://openalex.org/S127536956,Journal of International Accounting Research,128.18003913894324,511,655,"[Strategy and Management, Finance, Accounting]"
https://openalex.org/S170137484,Review of Financial Studies,128.2793331236238,3179,4078,"[Finance, Accounting, Economics and Econometrics]"
https://openalex.org/S2765008422,Global Strategy Journal,128.2828282828283,495,635,"[Strategy and Management, Accounting]"
https://openalex.org/S206916388,Journal of Asset Management,128.32487309644668,985,1264,"[Economics and Econometrics, 'General Economics, Econometrics and Finance', Accounting, Finance]"
https://openalex.org/S192056284,Economics of Innovation and New Technology,128.9452815226011,1261,1626,"[Strategy and Management, Management of Technology and Innovation, Economics and Econometrics]"
https://openalex.org/S176795851,Journal of Macroeconomics,129.20133111480865,3606,4659,"[Finance, 'General Economics, Econometrics and Finance', Economics and Econometrics]"
https://openalex.org/S4210190792,South Asian Journal of Macroeconomics and Public Finance,129.33333333333331,150,194,"['General Economics, Econometrics and Finance', Economics and Econometrics, Finance]"
https://openalex.org/S149240962,Journal of Financial Economics,129.401888772298,4765,6166,"[Economics and Econometrics, Accounting, Finance]"
https://openalex.org/S41869786,Small Business Economics,129.44929482874412,2978,3855,"[Economics and Econometrics, Management of Technology and Innovation, Accounting]"
https://openalex.org/S98234996,Accounting Research Journal,129.48960302457465,529,685,"[Finance, Accounting, Strategy and Management]"
https://openalex.org/S4210214005,Latin American Journal of Central Banking,129.7752808988764,178,231,"['General Economics, Econometrics and Finance', Economics and Econometrics, Finance]"
https://openalex.org/S5406943506,Bank Parikrama - A Journal of Banking and Finance,130.0,10,13,"[Economics and Econometrics, Accounting, Finance]"
https://openalex.org/S4210219378,Journal of Financial Reporting,130.2469135802469,162,211,"[Strategy and Management, Finance, Accounting]"
https://openalex.org/S4210203108,Asia-Pacific Journal of Accounting & Economics,130.40462427745666,865,1128,"[Finance, Strategy and Management, Accounting, 'General Economics, Econometrics and Finance']"
https://openalex.org/S75845752,Auditing A Journal of Practice & Theory,130.54511278195488,1064,1389,"[Strategy and Management, Accounting]"
https://openalex.org/S62009534,Transportation,130.67556952081696,2546,3327,"[Economics and Econometrics, Transportation]"
https://openalex.org/S173901576,The Journal of Derivatives,130.67940552016987,942,1231,[Finance]
https://openalex.org/S2764690196,Journal of Choice Modelling,130.879345603272,489,640,"[Transportation, Economics and Econometrics, Marketing]"
https://openalex.org/S62850545,Research in Accounting Regulation,130.95890410958904,365,478,"[Finance, Accounting, Strategy and Management]"
https://openalex.org/S2764557015,Journal of Islamic Economics Banking and Finance,131.11111111111111,225,295,"[Finance, Accounting, Economics and Econometrics]"
https://openalex.org/S133335107,Mathematical Finance,132.16374269005848,1368,1808,"[Finance, Economics and Econometrics]"
https://openalex.org/S4210192534,Advances in taxation,132.18884120171674,233,308,"[Accounting, Economics and Econometrics]"
https://openalex.org/S146522396,Annals of Finance,132.3974082073434,463,613,"[Finance, Economics and Econometrics]"
https://openalex.org/S4210184380,ISRA International Journal of Islamic Finance,132.44047619047618,336,445,"[Accounting, Finance, Economics and Econometrics]"
https://openalex.org/S129086836,Real Estate Economics,133.06666666666666,1875,2495,"[Economics and Econometrics, Accounting, Finance]"
https://openalex.org/S94083415,Journal of Behavioral Finance,133.09957924263676,713,949,"[Accounting, Finance, Economics and Econometrics]"
https://openalex.org/S79175213,Journal of Financial Services Research,133.49056603773585,1060,1415,"[Economics and Econometrics, Accounting, Finance]"
https://openalex.org/S4394736890,International Real Estate Review,133.49633251833743,409,546,"[Economics and Econometrics, Finance, Accounting]"
https://openalex.org/S5984737,Journal of Financial Intermediation,133.597621407334,1009,1348,"[Finance, Accounting, Economics and Econometrics]"
https://openalex.org/S6711363,Journal of Monetary Economics,133.7782340862423,3896,5212,"['General Economics, Econometrics and Finance', Economics and Econometrics, Finance]"
https://openalex.org/S99789271,The Journal of Fixed Income,133.7912087912088,1092,1461,"[Finance, Economics and Econometrics]"
https://openalex.org/S34941771,Venture Capital,133.79790940766551,861,1152,"[Accounting, Management of Technology and Innovation, Economics and Econometrics]"
https://openalex.org/S2764781823,Revenue Law Journal,134.0080971659919,247,331,"[Economics and Econometrics, Accounting]"
https://openalex.org/S4210193041,Advances in financial economics,134.40366972477065,218,293,"[Finance, Accounting]"
https://openalex.org/S144250037,Journal of Applied Accounting Research,134.5104333868379,623,838,"[Accounting, Strategy and Management]"
https://openalex.org/S82743730,Journal of International Financial Markets Institutions and Money,134.54894433781192,2084,2804,"[Economics and Econometrics, 'General Economics, Econometrics and Finance', Accounting, Finance]"
https://openalex.org/S2058785,Journal of money credit and banking,134.89513609995538,4482,6046,"[Finance, 'General Economics, Econometrics and Finance', Economics and Econometrics]"
https://openalex.org/S29049940,Pacific-Basin Finance Journal,135.03649635036496,2877,3885,"[Economics and Econometrics, Finance, Accounting]"
https://openalex.org/S196564809,The B E Journal of Macroeconomics,135.07340946166394,613,828,"['General Economics, Econometrics and Finance', Economics and Econometrics]"
https://openalex.org/S164507624,Asian Review of Accounting,135.16483516483518,637,861,"[Accounting, Strategy and Management]"
https://openalex.org/S124851215,Journal of Social Entrepreneurship,135.29411764705884,442,598,"[Management of Technology and Innovation, Business and International Management, Finance]"
https://openalex.org/S136745531,Macroeconomic Dynamics,135.5144855144855,2002,2713,"['General Economics, Econometrics and Finance', Economics and Econometrics]"
https://openalex.org/S46803900,Macroeconomics and Finance in Emerging Market Economies,135.99088838268793,439,597,"['General Economics, Econometrics and Finance', Economics and Econometrics, Finance, Accounting]"
https://openalex.org/S4210190667,Asian Journal of Accounting Research,136.52173913043478,230,314,"[Accounting, Strategy and Management]"
https://openalex.org/S182689569,Quantitative Finance,136.97560975609758,3075,4212,"[Finance, Economics and Econometrics]"
https://openalex.org/S4210208451,Quarterly Journal of Finance,137.22397476340694,317,435,"[Accounting, Finance]"
https://openalex.org/S4210240072,Small Enterprise Research,137.5,8,11,"[Strategy and Management, Economics and Econometrics, Management of Technology and Innovation, Accounting]"
https://openalex.org/S4210225021,Thexis,138.46153846153845,91,126,"[Management of Technology and Innovation, Marketing, Strategy and Management]"
https://openalex.org/S7161550,Spatial Economic Analysis,138.55421686746988,581,805,[Economics and Econometrics]
https://openalex.org/S90027464,Journal of Time Series Econometrics,138.5964912280702,171,237,"[Finance, 'General Economics, Econometrics and Finance', Economics and Econometrics]"
https://openalex.org/S193530623,Studies in Nonlinear Dynamics and Econometrics,139.0625,960,1335,"['General Economics, Econometrics and Finance', Economics and Econometrics, Finance]"
https://openalex.org/S2898531903,Journal of commodity markets,139.72222222222223,360,503,"[Finance, Economics and Econometrics, 'General Economics, Econometrics and Finance']"
https://openalex.org/S57862637,Journal of Housing Economics,139.9612027158099,1031,1443,"[Economics and Econometrics, Accounting, Finance]"
https://openalex.org/S205793605,Business Strategy and the Environment,140.16987259555333,4003,5611,"[Marketing, Business and International Management, Strategy and Management, Economics and Econometrics]"
https://openalex.org/S2764477379,Islamic Economic Studies,140.2116402116402,189,265,"[Economics and Econometrics, Finance, Accounting]"
https://openalex.org/S150848784,Journal of Emerging Market Finance,140.3954802259887,354,497,"[Economics and Econometrics, 'General Economics, Econometrics and Finance', Finance, Accounting]"
https://openalex.org/S4210175456,The ATA Journal of Legal Tax Research,140.93023255813955,215,303,"[Accounting, Economics and Econometrics]"
https://openalex.org/S112590812,Journal of Transport and Land Use,141.54351395730706,609,862,"[Economics and Econometrics, Transportation]"
https://openalex.org/S129650269,Open Economies Review,141.70692431561997,1242,1760,"[Finance, 'General Economics, Econometrics and Finance', Economics and Econometrics]"
https://openalex.org/S151404345,Journal of Post Keynesian Economics,142.20363994097394,2033,2891,"['General Economics, Econometrics and Finance', Economics and Econometrics]"
https://openalex.org/S35075559,Review of Behavioral Finance,142.85714285714286,413,590,"[Accounting, Finance, Economics and Econometrics]"
https://openalex.org/S31181851,Accounting in Europe,143.05949008498584,353,505,"[Accounting, Strategy and Management]"
https://openalex.org/S2738087221,Triple Helix Journal,143.5064935064935,154,221,"[Strategy and Management, Management of Technology and Innovation]"
https://openalex.org/S2737155129,Journal of Central Banking Theory and Practice,143.53932584269663,356,511,"['General Economics, Econometrics and Finance', Economics and Econometrics, Finance, Accounting]"
https://openalex.org/S124412575,Mathematics and Financial Economics,143.96984924623115,398,573,"[Finance, Economics and Econometrics]"
https://openalex.org/S65924262,Contemporary Accounting Research,144.37086092715234,2416,3488,"[Accounting, Finance, Strategy and Management]"
https://openalex.org/S136612413,Journal of Futures Markets,144.4777012870398,3341,4827,"[Economics and Econometrics, 'General Economics, Econometrics and Finance', Finance]"
https://openalex.org/S86375777,International Journal of Accounting and Information Management,144.7653429602888,554,802,"[Strategy and Management, Accounting, Finance]"
https://openalex.org/S4210169731,Journal of Accounting in Emerging Economies,145.20884520884522,407,591,"[Accounting, Strategy and Management]"
https://openalex.org/S2764870965,International productivity monitor,145.45454545454547,44,64,"[Economics and Econometrics, 'General Economics, Econometrics and Finance']"
https://openalex.org/S21260181,IMF Economic Review,145.82392776523702,443,646,"[Finance, 'General Economics, Econometrics and Finance']"
https://openalex.org/S191556934,Journal of Intellectual Capital,145.85987261146497,1099,1603,"[Accounting, Strategy and Management]"
https://openalex.org/S121634618,Journal of Financial Stability,145.86583463338533,1282,1870,"[Economics and Econometrics, Finance, Accounting]"
https://openalex.org/S60036207,The Journal of Credit Risk,146.57534246575344,511,749,"[Economics and Econometrics, Finance, Accounting]"
https://openalex.org/S145875555,Journal of Empirical Finance,146.98660714285714,1792,2634,"[Finance, Accounting, Economics and Econometrics, 'General Economics, Econometrics and Finance']"
https://openalex.org/S202178085,The Journal of Real Estate Finance and Economics,147.1563981042654,1688,2484,"[Economics and Econometrics, Finance, Accounting]"
https://openalex.org/S4210206015,Quantitative Marketing and Economics,147.6923076923077,325,480,"[Marketing, Economics and Econometrics, Strategy and Management]"
https://openalex.org/S6014304,Journal of the American Taxation Association,147.9876160990712,646,956,"[Economics and Econometrics, Accounting]"
https://openalex.org/S4306525181,Quarterly journal of business and economics,148.66666666666666,150,223,"[Strategy and Management, 'General Economics, Econometrics and Finance', Finance, Accounting]"
https://openalex.org/S156143033,Frontiers of Theoretical Economics,150.0,2,3,"[Accounting, Economics and Econometrics]"
https://openalex.org/S2764693879,Journal of the Asian Real Estate Society,150.53763440860214,93,140,"[Economics and Econometrics, Accounting, Finance]"
https://openalex.org/S160506855,The Accounting Review,150.91575091575092,2457,3708,"[Accounting, Finance, Strategy and Management]"
https://openalex.org/S48254654,Journal of Business Finance &amp Accounting,151.19412124923454,3266,4938,"[Accounting, Finance, 'General Economics, Econometrics and Finance', Strategy and Management]"
https://openalex.org/S2764953858,Journal of Real Estate Portfolio Management,151.34680134680133,594,899,"[Economics and Econometrics, Accounting, Strategy and Management, Finance]"
https://openalex.org/S157427695,International Journal of Islamic and Middle Eastern Finance and Management,152.13454075032342,773,1176,"[Economics and Econometrics, Accounting, Finance]"
https://openalex.org/S79989894,International Journal of Managerial Finance,152.64797507788163,642,980,"[Strategy and Management, Finance, Accounting]"
https://openalex.org/S129963087,Journal of Islamic accounting and business research,152.76211950394588,887,1355,"[Finance, Accounting, Economics and Econometrics]"
https://openalex.org/S10747938,Journal of International Money and Finance,153.6076817558299,3645,5599,"['General Economics, Econometrics and Finance', Economics and Econometrics, Finance]"
https://openalex.org/S132432621,Journal of International Accounting Auditing and Taxation,154.12979351032448,678,1045,"[Finance, Strategy and Management, Accounting]"
https://openalex.org/S27001385,Advances in Accounting,155.76923076923077,780,1215,"[Finance, Accounting, Strategy and Management]"
https://openalex.org/S9551102,International journal of central banking,157.27272727272728,110,173,"['General Economics, Econometrics and Finance', Economics and Econometrics, Finance]"
https://openalex.org/S62110574,Review of Quantitative Finance and Accounting,157.28346456692915,2032,3196,"[Economics and Econometrics, Strategy and Management, Finance, Accounting]"
https://openalex.org/S75627377,SIAM Journal on Financial Mathematics,158.64297253634896,619,982,"[Economics and Econometrics, Finance]"
https://openalex.org/S130164084,Journal of financial reporting & accounting,158.81612090680102,794,1261,"[Accounting, Strategy and Management]"
https://openalex.org/S4210200284,The Japanese Accounting Review,159.0909090909091,44,70,"[Accounting, Finance, Strategy and Management]"
https://openalex.org/S35128040,Applied Financial Economics,160.06944444444443,2304,3688,"['General Economics, Econometrics and Finance', Economics and Econometrics, Finance, Accounting]"
https://openalex.org/S4210169699,China Journal of Accounting Studies,161.198738170347,317,511,"[Accounting, Finance, Strategy and Management]"
https://openalex.org/S2764806082,China Journal of Accounting Research,161.51832460732984,382,617,"[Strategy and Management, Accounting, Finance]"
https://openalex.org/S12818680,Corporate Social Responsibility and Environmental Management,162.3584537290121,2561,4158,"[Accounting, Marketing, Strategy and Management]"
https://openalex.org/S175138789,Journal of International Entrepreneurship,164.94623655913978,465,767,"[Management of Technology and Innovation, Accounting, Strategy and Management]"
https://openalex.org/S173574685,International Journal of Theoretical and Applied Finance,164.9645390070922,1410,2326,"[Finance, Economics and Econometrics]"
https://openalex.org/S4210202311,The International journal of accounting/International journal of accounting,165.3846153846154,182,301,"[Accounting, Strategy and Management, Finance]"
https://openalex.org/S152282257,Journal of Corporate Finance,167.62219772142595,2721,4561,"[Finance, Accounting]"
https://openalex.org/S4210217054,China Accounting and Finance Review,169.03225806451613,155,262,"[Accounting, Finance, Strategy and Management]"
https://openalex.org/S127646213,Journal of Financial Markets,169.39704209328784,879,1489,"[Economics and Econometrics, Finance, Accounting]"
https://openalex.org/S126012839,Applied Mathematical Finance,170.89285714285714,560,957,"[Finance, Economics and Econometrics]"
https://openalex.org/S172526255,Finance and Stochastics,171.19700748129677,802,1373,"[Economics and Econometrics, Finance]"
https://openalex.org/S95074589,Review of Accounting and Finance,172.63513513513513,592,1022,"[Accounting, Finance, Economics and Econometrics, Strategy and Management]"
https://openalex.org/S62142384,Journal of Accounting and Economics,173.7950138504155,1805,3137,"[Strategy and Management, Finance, Accounting]"
https://openalex.org/S107181468,Journal of Accounting Auditing & Finance,175.40861812778604,1346,2361,"[Finance, Strategy and Management, Accounting]"
https://openalex.org/S4210171719,Market Microstructure and Liquidity,177.61194029850748,67,119,"[Finance, Economics and Econometrics]"
https://openalex.org/S100711025,Review of Derivatives Research,180.81761006289307,318,575,[Finance]
https://openalex.org/S207154782,Journal of Financial Econometrics,181.38847858197934,677,1228,"[Finance, 'General Economics, Econometrics and Finance', Economics and Econometrics]"
https://openalex.org/S142725411,Journal of Contemporary Accounting & Economics,183.4841628959276,442,811,"[Strategy and Management, Finance, Accounting]"
https://openalex.org/S4390573758,International VAT Monitor,183.79562043795622,685,1259,"[Accounting, Economics and Econometrics]"
https://openalex.org/S4210173756,Florida Tax Review,184.98727735368956,393,727,"[Economics and Econometrics, Accounting]"
https://openalex.org/S4390296984,World Tax Journal,192.72030651340998,261,503,"[Strategy and Management, Economics and Econometrics, Accounting]"
https://openalex.org/S4210209714,Accounting Finance & Governance Review,200.0,1,2,"[Accounting, Finance]"
https://openalex.org/S11853582,Review of Accounting Studies,207.63087843833182,1127,2340,"[Finance, Strategy and Management, Accounting]"
