source_id,dd_name,incites_name,journal_name,ISSN,categories,Categories_1
https://openalex.org/S171971387,Scandinavian Journal of Management,SCANDINAVIAN JOURNAL OF MANAGEMENT,Scandinavian Journal of Management,0956-5221,[MANAGEMENT],
https://openalex.org/S67638930,Structural Change and Economic Dynamics,STRUCTURAL CHANGE AND ECONOMIC DYNAMICS,Structural Change and Economic Dynamics,0954-349X,[ECONOMICS],
https://openalex.org/S37173775,European Journal of Law and Economics,EUROPEAN JOURNAL OF LAW AND ECONOMICS,European Journal of Law and Economics,0929-1261,[ECONOMICS],
https://openalex.org/S2764805720,Eurasian Business Review,EURASIAN BUSINESS REVIEW,Eurasian Economic Review,1309-4297,"[BUSINESS, ECONOMICS, MANAGEMENT]",
https://openalex.org/S26598852,Economia Politica,ECONOMIA POLITICA,Economia Politica,1120-2890,[ECONOMICS],
https://openalex.org/S2898542531,Revista de Contabilidad-Spanish Accounting Review,REVISTA DE CONTABILIDAD-SPANISH ACCOUNTING REVIEW,Revista de Contabilidad,1138-4891,"['BUSINESS, FINANCE']",
https://openalex.org/S183232449,INTERNATIONAL JOURNAL OF INDUSTRIAL ORGANIZATION,INTERNATIONAL JOURNAL OF INDUSTRIAL ORGANIZATION,International Journal of Industrial Organization,0167-7187,[ECONOMICS],
https://openalex.org/S157946625,FINANCIAL MANAGEMENT,FINANCIAL MANAGEMENT,Financial Management,0046-3892,"['BUSINESS, FINANCE']",
https://openalex.org/S37623806,Public Management Review,PUBLIC MANAGEMENT REVIEW,Public Management Review,1471-9037,"[MANAGEMENT, PUBLIC ADMINISTRATION]",
https://openalex.org/S144747835,Australian Accounting Review,AUSTRALIAN ACCOUNTING REVIEW,Australian Accounting Review,1035-6908,"['BUSINESS, FINANCE']",
https://openalex.org/S156716048,Economics of Governance,ECONOMICS OF GOVERNANCE,Economics of Governance,1435-6104,[ECONOMICS],
https://openalex.org/S113509650,Journal of the Asia Pacific Economy,JOURNAL OF THE ASIA PACIFIC ECONOMY,Journal of the Asia Pacific Economy,1354-7860,[ECONOMICS],
https://openalex.org/S72915307,ORGANIZATION,ORGANIZATION,Organization,1350-5084,[MANAGEMENT],
https://openalex.org/S130699561,TECHNOLOGY ANALYSIS & STRATEGIC MANAGEMENT,TECHNOLOGY ANALYSIS & STRATEGIC MANAGEMENT,Technology Analysis and Strategic Management,0953-7325,[MANAGEMENT],
https://openalex.org/S206124708,ORGANIZATION SCIENCE,ORGANIZATION SCIENCE,Organization Science,1047-7039,[MANAGEMENT],
https://openalex.org/S115237062,JOURNAL OF ECONOMICS & MANAGEMENT STRATEGY,JOURNAL OF ECONOMICS & MANAGEMENT STRATEGY,Journal of Economics & Management Strategy,1058-6407,"[ECONOMICS, MANAGEMENT]",
https://openalex.org/S197396629,British Accounting Review,BRITISH ACCOUNTING REVIEW,The British Accounting Review,0890-8389,"['BUSINESS, FINANCE']",
https://openalex.org/S4210168091,JOURNAL OF LAW ECONOMICS & ORGANIZATION,JOURNAL OF LAW ECONOMICS & ORGANIZATION,The Journal of Law Economics and Organization,8756-6222,[ECONOMICS],
https://openalex.org/S185905316,JOURNAL OF TECHNOLOGY TRANSFER,JOURNAL OF TECHNOLOGY TRANSFER,The Journal of Technology Transfer,0892-9912,[MANAGEMENT],
https://openalex.org/S97320426,Journal of Supply Chain Management,JOURNAL OF SUPPLY CHAIN MANAGEMENT,Journal of Supply Chain Management,1523-2409,[MANAGEMENT],
https://openalex.org/S58171247,Journal of Product and Brand Management,JOURNAL OF PRODUCT AND BRAND MANAGEMENT,Journal of Product & Brand Management,1061-0421,"[BUSINESS, MANAGEMENT]",
https://openalex.org/S34542846,EMPLOYEE RELATIONS,EMPLOYEE RELATIONS,Employee Relations,0142-5455,"[INDUSTRIAL RELATIONS & LABOR, MANAGEMENT]",
https://openalex.org/S203860005,QUARTERLY JOURNAL OF ECONOMICS,QUARTERLY JOURNAL OF ECONOMICS,The Quarterly Journal of Economics,0033-5533,[ECONOMICS],
https://openalex.org/S16296580,SOUTHERN ECONOMIC JOURNAL,SOUTHERN ECONOMIC JOURNAL,Southern Economic Journal,0038-4038,[ECONOMICS],
https://openalex.org/S29817978,Marketing Intelligence & Planning,MARKETING INTELLIGENCE & PLANNING,Marketing Intelligence & Planning,0263-4503,[BUSINESS],
https://openalex.org/S86125002,ENVIRONMENTAL & RESOURCE ECONOMICS,ENVIRONMENTAL & RESOURCE ECONOMICS,Environmental and Resource Economics,0924-6460,"[ECONOMICS, ENVIRONMENTAL STUDIES]",
https://openalex.org/S152282257,JOURNAL OF CORPORATE FINANCE,JOURNAL OF CORPORATE FINANCE,Journal of Corporate Finance,0929-1199,"['BUSINESS, FINANCE']",
https://openalex.org/S113497174,Human Resource Management Journal,HUMAN RESOURCE MANAGEMENT JOURNAL,Human Resource Management Journal,0954-5395,"[INDUSTRIAL RELATIONS & LABOR, MANAGEMENT]",
https://openalex.org/S145507837,INDUSTRIAL AND CORPORATE CHANGE,INDUSTRIAL AND CORPORATE CHANGE,Industrial and Corporate Change,0960-6491,"[BUSINESS, ECONOMICS, MANAGEMENT]",
https://openalex.org/S136661304,Managerial Auditing Journal,MANAGERIAL AUDITING JOURNAL,Managerial Auditing Journal,0268-6902,"['BUSINESS, FINANCE', MANAGEMENT]",
https://openalex.org/S4210171086,Journal of Risk,JOURNAL OF RISK,The Journal of Risk,1465-1211,"['BUSINESS, FINANCE']",
https://openalex.org/S177092143,AUSTRALIAN JOURNAL OF MANAGEMENT,AUSTRALIAN JOURNAL OF MANAGEMENT,Australian Journal of Management,0312-8962,"[BUSINESS, MANAGEMENT]",
https://openalex.org/S33235364,Decision Analysis,DECISION ANALYSIS,Decision Analysis,1545-8490,[MANAGEMENT],
https://openalex.org/S10997704,Theoretical Economics,THEORETICAL ECONOMICS,Theoretical Economics,1933-6837,[ECONOMICS],
https://openalex.org/S100711025,Review of Derivatives Research,REVIEW OF DERIVATIVES RESEARCH,Review of Derivatives Research,1380-6645,"['BUSINESS, FINANCE', ECONOMICS]",
https://openalex.org/S4210224898,Journal of Service Theory and Practice,JOURNAL OF SERVICE THEORY AND PRACTICE,Journal of Service Theory and Practice,2055-6225,"[BUSINESS, MANAGEMENT]",
https://openalex.org/S200768828,Cepal Review,CEPAL REVIEW,CEPAL review,0251-2920,[ECONOMICS],
https://openalex.org/S196564809,B E Journal of Macroeconomics,B E JOURNAL OF MACROECONOMICS,The B E Journal of Macroeconomics,2194-6116,[ECONOMICS],
https://openalex.org/S2913545599,Spanish Journal of Finance and Accounting-Revista Espanola de Financiacion y Contabilidad,SPANISH JOURNAL OF FINANCE AND ACCOUNTING-REVISTA ESPANOLA DE FINANCIACION Y CONTABILIDAD,Spanish Journal of Finance and Accounting / Revista Española de Financiación y Contabilidad,0210-2412,"['BUSINESS, FINANCE']",
https://openalex.org/S16146169,International Journal of Economic Theory,INTERNATIONAL JOURNAL OF ECONOMIC THEORY,International Journal of Economic Theory,1742-7355,[ECONOMICS],
https://openalex.org/S148909191,MARKETING LETTERS,MARKETING LETTERS,Marketing Letters,0923-0645,[BUSINESS],
https://openalex.org/S196715598,Annual Review of Economics,ANNUAL REVIEW OF ECONOMICS,Annual Review of Economics,1941-1383,[ECONOMICS],
https://openalex.org/S960608072,Journal of International Management,JOURNAL OF INTERNATIONAL MANAGEMENT,Journal of International Management,1075-4253,[MANAGEMENT],
https://openalex.org/S38901890,International Journal of Accounting Information Systems,INTERNATIONAL JOURNAL OF ACCOUNTING INFORMATION SYSTEMS,International Journal of Accounting Information Systems,1467-0895,"[BUSINESS, 'BUSINESS, FINANCE', MANAGEMENT]",
https://openalex.org/S15976965,REVUE D ETUDES COMPARATIVES EST-OUEST,REVUE D ETUDES COMPARATIVES EST-OUEST,Revue d’études comparatives Est-Ouest,0338-0599,[ECONOMICS],
https://openalex.org/S4394735553,Annals of Public and Cooperative Economics,ANNALS OF PUBLIC AND COOPERATIVE ECONOMICS,Annals of Public and Cooperative Economics,1370-4788,[ECONOMICS],
https://openalex.org/S160393188,JOURNAL OF THE JAPANESE AND INTERNATIONAL ECONOMIES,JOURNAL OF THE JAPANESE AND INTERNATIONAL ECONOMIES,Journal of the Japanese and International Economies,0889-1583,[ECONOMICS],
https://openalex.org/S183939566,Sustainability Accounting Management and Policy Journal,SUSTAINABILITY ACCOUNTING MANAGEMENT AND POLICY JOURNAL,Sustainability Accounting Management and Policy Journal,2040-8021,"['BUSINESS, FINANCE', ENVIRONMENTAL STUDIES, MANAGEMENT]",
https://openalex.org/S127708089,JOURNAL OF ECONOMIC LITERATURE,JOURNAL OF ECONOMIC LITERATURE,Journal of Economic Literature,0022-0515,[ECONOMICS],
https://openalex.org/S184126201,BRITISH JOURNAL OF MANAGEMENT,BRITISH JOURNAL OF MANAGEMENT,British Journal of Management,1045-3172,"[BUSINESS, MANAGEMENT]",
https://openalex.org/S1076045,Culture and Organization,CULTURE AND ORGANIZATION,Culture and Organization,1475-9551,[MANAGEMENT],
https://openalex.org/S181356434,Accounting Horizons,ACCOUNTING HORIZONS,Accounting Horizons,0888-7993,"['BUSINESS, FINANCE']",
https://openalex.org/S2764690196,Journal of Choice Modelling,JOURNAL OF CHOICE MODELLING,Journal of Choice Modelling,1755-5345,[ECONOMICS],
https://openalex.org/S23254222,AMERICAN ECONOMIC REVIEW,AMERICAN ECONOMIC REVIEW,American Economic Review,0002-8282,[ECONOMICS],
https://openalex.org/S118119388,Journal of Family Business Strategy,JOURNAL OF FAMILY BUSINESS STRATEGY,Journal of Family Business Strategy,1877-8585,"[BUSINESS, MANAGEMENT]",
https://openalex.org/S141600920,FISCAL STUDIES,FISCAL STUDIES,Fiscal Studies,0143-5671,"['BUSINESS, FINANCE', ECONOMICS]",
https://openalex.org/S192056284,Economics of Innovation and New Technology,ECONOMICS OF INNOVATION AND NEW TECHNOLOGY,Economics of Innovation and New Technology,1043-8599,[ECONOMICS],
https://openalex.org/S11394615,Strategic Organization,STRATEGIC ORGANIZATION,Strategic Organization,1476-1270,"[BUSINESS, MANAGEMENT]",
https://openalex.org/S61446109,HUMAN RELATIONS,HUMAN RELATIONS,Human Relations,0018-7267,[MANAGEMENT],
https://openalex.org/S75845752,AUDITING-A JOURNAL OF PRACTICE & THEORY,AUDITING-A JOURNAL OF PRACTICE & THEORY,Auditing A Journal of Practice & Theory,0278-0380,"['BUSINESS, FINANCE']",
https://openalex.org/S90477801,JOURNAL OF TRANSPORT ECONOMICS AND POLICY,JOURNAL OF TRANSPORT ECONOMICS AND POLICY,Journal of transport economics and policy,0022-5258,"[ECONOMICS, TRANSPORTATION]",
https://openalex.org/S195188575,Marketing Theory,MARKETING THEORY,Marketing Theory,1470-5931,[BUSINESS],
https://openalex.org/S27632631,Journal of Brand Management,JOURNAL OF BRAND MANAGEMENT,Journal of Brand Management,1350-231X,"[BUSINESS, MANAGEMENT]",
https://openalex.org/S173901576,Journal of Derivatives,JOURNAL OF DERIVATIVES,The Journal of Derivatives,1074-1240,"['BUSINESS, FINANCE']",
https://openalex.org/S62126747,SINGAPORE ECONOMIC REVIEW,SINGAPORE ECONOMIC REVIEW,The Singapore Economic Review,0217-5908,[ECONOMICS],
https://openalex.org/S39263009,Research in Transportation Economics,RESEARCH IN TRANSPORTATION ECONOMICS,Research in Transportation Economics,0739-8859,"[ECONOMICS, TRANSPORTATION]",
https://openalex.org/S2738677470,Oeconomia Copernicana,OECONOMIA COPERNICANA,Oeconomia Copernicana,2083-1277,[ECONOMICS],
https://openalex.org/S4210235487,BETRIEBSWIRTSCHAFTLICHE FORSCHUNG UND PRAXIS,BETRIEBSWIRTSCHAFTLICHE FORSCHUNG UND PRAXIS,Betriebswirtschaftliche Forschung und Praxis,0340-5370,"[BUSINESS, MANAGEMENT]",
https://openalex.org/S131296671,Accounting Forum,ACCOUNTING FORUM,Accounting Forum,0155-9982,"['BUSINESS, FINANCE']",
https://openalex.org/S132210109,INTERNATIONAL JOURNAL OF GAME THEORY,INTERNATIONAL JOURNAL OF GAME THEORY,International Journal of Game Theory,0020-7276,[ECONOMICS],
https://openalex.org/S2764792399,Investment Analysts Journal,INVESTMENT ANALYSTS JOURNAL,Investment Analysts Journal,1029-3523,"['BUSINESS, FINANCE']",
https://openalex.org/S76844451,Annual Review of Resource Economics,ANNUAL REVIEW OF RESOURCE ECONOMICS,Annual Review of Resource Economics,1941-1340,"[AGRICULTURAL ECONOMICS & POLICY, ECONOMICS, ENVIRONMENTAL STUDIES]",
https://openalex.org/S2898409089,BRQ-Business Research Quarterly,BRQ-BUSINESS RESEARCH QUARTERLY,BRQ Business Research Quarterly,2340-9444,"[BUSINESS, MANAGEMENT]",
https://openalex.org/S36588791,JOURNAL OF AFRICAN ECONOMIES,JOURNAL OF AFRICAN ECONOMIES,Journal of African Economies,0963-8024,[ECONOMICS],
https://openalex.org/S14468722,JOURNAL OF AGRICULTURAL ECONOMICS,JOURNAL OF AGRICULTURAL ECONOMICS,Journal of Agricultural Economics,0021-857X,"[AGRICULTURAL ECONOMICS & POLICY, ECONOMICS]",
https://openalex.org/S116345831,International Journal of Emerging Markets,INTERNATIONAL JOURNAL OF EMERGING MARKETS,International Journal of Emerging Markets,1746-8809,"[BUSINESS, ECONOMICS, MANAGEMENT]",
https://openalex.org/S196716848,Journal of Human Capital,JOURNAL OF HUMAN CAPITAL,Journal of Human Capital,1932-8575,[ECONOMICS],
https://openalex.org/S948502762,Hacienda Publica Espanola-Review of Public Economics,HACIENDA PUBLICA ESPANOLA-REVIEW OF PUBLIC ECONOMICS,Revista Hacienda Pública Española,0210-1173,[ECONOMICS],
https://openalex.org/S27614628,Academy of Management Annals,ACADEMY OF MANAGEMENT ANNALS,Academy of Management Annals,1941-6520,"[BUSINESS, MANAGEMENT]",
https://openalex.org/S107033909,Journal of Economics,JOURNAL OF ECONOMICS,Journal of Economics,0931-8658,[ECONOMICS],
https://openalex.org/S154010748,MANAGEMENT DECISION,MANAGEMENT DECISION,Management Decision,0025-1747,"[BUSINESS, MANAGEMENT]",
https://openalex.org/S31748134,INDUSTRIAL MARKETING MANAGEMENT,INDUSTRIAL MARKETING MANAGEMENT,Industrial Marketing Management,0019-8501,"[BUSINESS, MANAGEMENT]",
https://openalex.org/S4210190745,Asia-Pacific Journal of Financial Studies,ASIA-PACIFIC JOURNAL OF FINANCIAL STUDIES,Asia-Pacific Journal of Financial Studies,2041-9945,"['BUSINESS, FINANCE']",
https://openalex.org/S187788904,Journal of Hospitality and Tourism Management,JOURNAL OF HOSPITALITY AND TOURISM MANAGEMENT,Journal of Hospitality and Tourism Management,1447-6770,[MANAGEMENT],
https://openalex.org/S98984247,Computational Economics,COMPUTATIONAL ECONOMICS,Computational Economics,0927-7099,"[ECONOMICS, MANAGEMENT]",
https://openalex.org/S205929853,Electronic Commerce Research,ELECTRONIC COMMERCE RESEARCH,Electronic Commerce Research,1389-5753,"[BUSINESS, MANAGEMENT]",
https://openalex.org/S72258428,Review of Economic Design,REVIEW OF ECONOMIC DESIGN,Review of Economic Design,1434-4742,[ECONOMICS],
https://openalex.org/S2898237991,Economics of Transportation,ECONOMICS OF TRANSPORTATION,Economics of Transportation,2212-0122,"[ECONOMICS, TRANSPORTATION]",
https://openalex.org/S4210218449,Business Ethics the Environment & Responsibility,BUSINESS ETHICS THE ENVIRONMENT & RESPONSIBILITY,Business Ethics the Environment & Responsibility,2694-6416,[BUSINESS],
https://openalex.org/S102949365,STRATEGIC MANAGEMENT JOURNAL,STRATEGIC MANAGEMENT JOURNAL,Strategic Management Journal,0143-2095,"[BUSINESS, MANAGEMENT]",
https://openalex.org/S142990027,JOURNAL OF MARKETING,JOURNAL OF MARKETING,Journal of Marketing,0022-2429,[BUSINESS],
https://openalex.org/S136211407,ECOLOGICAL ECONOMICS,ECOLOGICAL ECONOMICS,Ecological Economics,0921-8009,"[ECOLOGY, ECONOMICS, ENVIRONMENTAL STUDIES]",
https://openalex.org/S62201805,JOURNAL OF ECONOMIC BEHAVIOR & ORGANIZATION,JOURNAL OF ECONOMIC BEHAVIOR & ORGANIZATION,Journal of Economic Behavior & Organization,0167-2681,[ECONOMICS],
https://openalex.org/S94044085,GAMES AND ECONOMIC BEHAVIOR,GAMES AND ECONOMIC BEHAVIOR,Games and Economic Behavior,0899-8256,[ECONOMICS],
https://openalex.org/S93666758,JOURNAL OF ECONOMIC ISSUES,JOURNAL OF ECONOMIC ISSUES,Journal of Economic Issues,0021-3624,[ECONOMICS],
https://openalex.org/S133335107,MATHEMATICAL FINANCE,MATHEMATICAL FINANCE,Mathematical Finance,0960-1627,"['BUSINESS, FINANCE', ECONOMICS]",
https://openalex.org/S103311983,JOURNAL OF ADVERTISING,JOURNAL OF ADVERTISING,Journal of Advertising,0091-3367,"[BUSINESS, COMMUNICATION]",
https://openalex.org/S57862637,JOURNAL OF HOUSING ECONOMICS,JOURNAL OF HOUSING ECONOMICS,Journal of Housing Economics,1051-1377,"[ECONOMICS, URBAN STUDIES]",
https://openalex.org/S133770707,Empirica,EMPIRICA,Empirica,0340-8744,[ECONOMICS],
https://openalex.org/S151491554,GENEVA PAPERS ON RISK AND INSURANCE-ISSUES AND PRACTICE,GENEVA PAPERS ON RISK AND INSURANCE-ISSUES AND PRACTICE,The Geneva Papers on Risk and Insurance Issues and Practice,1018-5895,"['BUSINESS, FINANCE']",
https://openalex.org/S34941771,Venture Capital,VENTURE CAPITAL,Venture Capital,1369-1066,"['BUSINESS, FINANCE']",
https://openalex.org/S94083415,Journal of Behavioral Finance,JOURNAL OF BEHAVIORAL FINANCE,Journal of Behavioral Finance,1542-7560,"['BUSINESS, FINANCE', ECONOMICS]",
https://openalex.org/S73680622,Journal of Pension Economics & Finance,JOURNAL OF PENSION ECONOMICS & FINANCE,Journal of Pensions Economics and Finance,1474-7472,"['BUSINESS, FINANCE', ECONOMICS]",
https://openalex.org/S118637542,European Journal of International Management,EUROPEAN JOURNAL OF INTERNATIONAL MANAGEMENT,European J of International Management,1751-6757,[MANAGEMENT],
https://openalex.org/S18284184,JOURNAL OF POPULATION ECONOMICS,JOURNAL OF POPULATION ECONOMICS,Journal of Population Economics,0933-1433,"[DEMOGRAPHY, ECONOMICS]",
https://openalex.org/S182336501,Career Development International,CAREER DEVELOPMENT INTERNATIONAL,Career Development International,1362-0436,[MANAGEMENT],
https://openalex.org/S170166683,American Economic Journal-Macroeconomics,AMERICAN ECONOMIC JOURNAL-MACROECONOMICS,American Economic Journal Macroeconomics,1945-7707,[ECONOMICS],
https://openalex.org/S125608309,JOURNAL OF SERVICE RESEARCH,JOURNAL OF SERVICE RESEARCH,Journal of Service Research,1094-6705,[BUSINESS],
https://openalex.org/S267729,International Transactions in Operational Research,INTERNATIONAL TRANSACTIONS IN OPERATIONAL RESEARCH,International Transactions in Operational Research,0969-6016,"[MANAGEMENT, OPERATIONS RESEARCH & MANAGEMENT SCIENCE]",
https://openalex.org/S152972827,International Journal of Lean Six Sigma,INTERNATIONAL JOURNAL OF LEAN SIX SIGMA,International Journal of Lean Six Sigma,2040-4166,[MANAGEMENT],
https://openalex.org/S172526255,FINANCE AND STOCHASTICS,FINANCE AND STOCHASTICS,Finance and Stochastics,0949-2984,"['BUSINESS, FINANCE']",
https://openalex.org/S11853582,REVIEW OF ACCOUNTING STUDIES,REVIEW OF ACCOUNTING STUDIES,Review of Accounting Studies,1380-6653,"['BUSINESS, FINANCE']",
https://openalex.org/S4210173904,BROOKINGS PAPERS ON ECONOMIC ACTIVITY,BROOKINGS PAPERS ON ECONOMIC ACTIVITY,Brookings Papers on Economic Activity,0007-2303,[ECONOMICS],
https://openalex.org/S206927904,Asia Pacific Journal of Human Resources,ASIA PACIFIC JOURNAL OF HUMAN RESOURCES,Asia Pacific Journal of Human Resources,1038-4111,"[INDUSTRIAL RELATIONS & LABOR, MANAGEMENT]",
https://openalex.org/S90873577,Journal of Economic Inequality,JOURNAL OF ECONOMIC INEQUALITY,The Journal of Economic Inequality,1569-1721,[ECONOMICS],
https://openalex.org/S4210173643,International Journal of Health Economics and Management,INTERNATIONAL JOURNAL OF HEALTH ECONOMICS AND MANAGEMENT,International Journal of Health Economics and Management,2199-9023,"['BUSINESS, FINANCE', ECONOMICS, HEALTH POLICY & SERVICES]",
https://openalex.org/S4210186250,Journal of Competitiveness,JOURNAL OF COMPETITIVENESS,Journal of Competitiveness,1804-171X,"[BUSINESS, ECONOMICS, MANAGEMENT]",
https://openalex.org/S45682993,Academy of Management Learning & Education,ACADEMY OF MANAGEMENT LEARNING & EDUCATION,Academy of Management Learning and Education,1537-260X,[MANAGEMENT],
https://openalex.org/S45224653,Journal of Research in Interactive Marketing,JOURNAL OF RESEARCH IN INTERACTIVE MARKETING,Journal of Research in Interactive Marketing,2040-7122,[BUSINESS],
https://openalex.org/S4210201861,Applied Economic Perspectives and Policy,APPLIED ECONOMIC PERSPECTIVES AND POLICY,Applied Economic Perspectives and Policy,2040-5790,"[AGRICULTURAL ECONOMICS & POLICY, ECONOMICS]",
https://openalex.org/S136745531,MACROECONOMIC DYNAMICS,MACROECONOMIC DYNAMICS,Macroeconomic Dynamics,1365-1005,[ECONOMICS],
https://openalex.org/S107036887,Asia Pacific Journal of Management,ASIA PACIFIC JOURNAL OF MANAGEMENT,Asia Pacific Journal of Management,0217-4561,[MANAGEMENT],
https://openalex.org/S115091506,Technological and Economic Development of Economy,TECHNOLOGICAL AND ECONOMIC DEVELOPMENT OF ECONOMY,Technological and Economic Development of Economy,2029-4913,[ECONOMICS],
https://openalex.org/S159120381,JOURNAL OF RETAILING,JOURNAL OF RETAILING,Journal of Retailing,0022-4359,[BUSINESS],
https://openalex.org/S34139249,RAND JOURNAL OF ECONOMICS,RAND JOURNAL OF ECONOMICS,The RAND Journal of Economics,0741-6261,[ECONOMICS],
https://openalex.org/S138645024,JOURNAL OF COMPARATIVE ECONOMICS,JOURNAL OF COMPARATIVE ECONOMICS,Journal of Comparative Economics,0147-5967,[ECONOMICS],
https://openalex.org/S59042063,Asian-Pacific Economic Literature,ASIAN-PACIFIC ECONOMIC LITERATURE,Asian-Pacific Economic Literature,0818-9935,[ECONOMICS],
https://openalex.org/S205793605,Business Strategy and the Environment,BUSINESS STRATEGY AND THE ENVIRONMENT,Business Strategy and the Environment,0964-4733,"[BUSINESS, ENVIRONMENTAL STUDIES, MANAGEMENT]",
https://openalex.org/S92565720,OXFORD BULLETIN OF ECONOMICS AND STATISTICS,OXFORD BULLETIN OF ECONOMICS AND STATISTICS,Oxford Bulletin of Economics and Statistics,0305-9049,[ECONOMICS],
https://openalex.org/S185253248,HUMAN RESOURCE MANAGEMENT REVIEW,HUMAN RESOURCE MANAGEMENT REVIEW,Human Resource Management Review,1053-4822,[MANAGEMENT],
https://openalex.org/S4210215964,South African Journal of Business Management,SOUTH AFRICAN JOURNAL OF BUSINESS MANAGEMENT,South African Journal of Business Management,2078-5585,"[BUSINESS, MANAGEMENT]",
https://openalex.org/S2764892107,Multinational Business Review,MULTINATIONAL BUSINESS REVIEW,Multinational Business Review,1525-383X,[BUSINESS],
https://openalex.org/S71783669,Review of International Economics,REVIEW OF INTERNATIONAL ECONOMICS,Review of International Economics,0965-7576,[ECONOMICS],
https://openalex.org/S153485742,SOCIO-ECONOMIC PLANNING SCIENCES,SOCIO-ECONOMIC PLANNING SCIENCES,Socio-Economic Planning Sciences,0038-0121,"[ECONOMICS, MANAGEMENT, OPERATIONS RESEARCH & MANAGEMENT SCIENCE]",
https://openalex.org/S25235501,Journal of Retailing and Consumer Services,JOURNAL OF RETAILING AND CONSUMER SERVICES,Journal of Retailing and Consumer Services,0969-6989,[BUSINESS],
https://openalex.org/S192266589,GROUP & ORGANIZATION MANAGEMENT,GROUP & ORGANIZATION MANAGEMENT,Group & Organization Management,1059-6011,[MANAGEMENT],
https://openalex.org/S201533460,APPLIED ECONOMICS,APPLIED ECONOMICS,Applied Economics,0003-6846,[ECONOMICS],
https://openalex.org/S31225034,Journal of Cultural Economics,JOURNAL OF CULTURAL ECONOMICS,Journal of Cultural Economics,0885-2545,[ECONOMICS],
https://openalex.org/S140842003,Review of Environmental Economics and Policy,REVIEW OF ENVIRONMENTAL ECONOMICS AND POLICY,Review of Environmental Economics and Policy,1750-6816,"[ECONOMICS, ENVIRONMENTAL STUDIES]",
https://openalex.org/S23218617,Journal of International Trade & Economic Development,JOURNAL OF INTERNATIONAL TRADE & ECONOMIC DEVELOPMENT,Journal of International Trade & Economic Development,0963-8199,[ECONOMICS],
https://openalex.org/S200274427,Pacific Economic Review,PACIFIC ECONOMIC REVIEW,Pacific Economic Review,1361-374X,[ECONOMICS],
https://openalex.org/S171031257,China Agricultural Economic Review,CHINA AGRICULTURAL ECONOMIC REVIEW,China Agricultural Economic Review,1756-137X,"[AGRICULTURAL ECONOMICS & POLICY, ECONOMICS]",
https://openalex.org/S194824457,Geneva Risk and Insurance Review,GENEVA RISK AND INSURANCE REVIEW,The Geneva Risk and Insurance Review,1554-964X,"['BUSINESS, FINANCE', ECONOMICS]",
https://openalex.org/S2764655866,Review of Keynesian Economics,REVIEW OF KEYNESIAN ECONOMICS,Review of Keynesian Economics,2049-5323,[ECONOMICS],
https://openalex.org/S2494413385,Economic Computation and Economic Cybernetics Studies and Research,ECONOMIC COMPUTATION AND ECONOMIC CYBERNETICS STUDIES AND RESEARCH,ECONOMIC COMPUTATION AND ECONOMIC CYBERNETICS STUDIES AND RESEARCH,0424-267X,[ECONOMICS],
https://openalex.org/S92223472,Astin Bulletin-The Journal of the International Actuarial Association,ASTIN BULLETIN-THE JOURNAL OF THE INTERNATIONAL ACTUARIAL ASSOCIATION,Astin Bulletin,0515-0361,[ECONOMICS],
https://openalex.org/S5984737,JOURNAL OF FINANCIAL INTERMEDIATION,JOURNAL OF FINANCIAL INTERMEDIATION,Journal of Financial Intermediation,1042-9573,"['BUSINESS, FINANCE']",
https://openalex.org/S148397273,FEMINIST ECONOMICS,FEMINIST ECONOMICS,Feminist Economics,1354-5701,[ECONOMICS],
https://openalex.org/S72880728,JOURNAL OF ECONOMIC PERSPECTIVES,JOURNAL OF ECONOMIC PERSPECTIVES,The Journal of Economic Perspectives,0895-3309,[ECONOMICS],
https://openalex.org/S61992289,JOURNAL OF ADVERTISING RESEARCH,JOURNAL OF ADVERTISING RESEARCH,Journal of Advertising Research,0021-8499,"[BUSINESS, COMMUNICATION]",
https://openalex.org/S92709572,JOURNAL OF INTERACTIVE MARKETING,JOURNAL OF INTERACTIVE MARKETING,Journal of Interactive Marketing,1094-9968,[BUSINESS],
https://openalex.org/S83145862,HISTORY OF POLITICAL ECONOMY,HISTORY OF POLITICAL ECONOMY,History of Political Economy,0018-2702,[ECONOMICS],
https://openalex.org/S99768379,MANAGEMENT LEARNING,MANAGEMENT LEARNING,Management Learning,1350-5076,[MANAGEMENT],
https://openalex.org/S4210233753,Journal of Behavioral and Experimental Economics,JOURNAL OF BEHAVIORAL AND EXPERIMENTAL ECONOMICS,Journal of Behavioral and Experimental Economics,2214-8043,[ECONOMICS],
https://openalex.org/S131852005,European Financial Management,EUROPEAN FINANCIAL MANAGEMENT,European Financial Management,1354-7798,"['BUSINESS, FINANCE']",
https://openalex.org/S165058066,RESOURCE AND ENERGY ECONOMICS,RESOURCE AND ENERGY ECONOMICS,Resource and Energy Economics,0928-7655,"[ECONOMICS, ENVIRONMENTAL STUDIES]",
https://openalex.org/S206007305,Economic Systems,ECONOMIC SYSTEMS,Economic Systems,0939-3625,[ECONOMICS],
https://openalex.org/S9551102,International Journal of Central Banking,INTERNATIONAL JOURNAL OF CENTRAL BANKING,International journal of central banking,1815-4654,"['BUSINESS, FINANCE']",
https://openalex.org/S114268679,Journal of Electronic Commerce Research,JOURNAL OF ELECTRONIC COMMERCE RESEARCH,Journal of electronic commerce research,1526-6133,[BUSINESS],
https://openalex.org/S159137118,Economic and Labour Relations Review,ECONOMIC AND LABOUR RELATIONS REVIEW,The Economic and Labour Relations Review,1035-3046,"[ECONOMICS, INDUSTRIAL RELATIONS & LABOR]",
https://openalex.org/S41930762,JAPANESE ECONOMIC REVIEW,JAPANESE ECONOMIC REVIEW,Japanese Economic Review,1352-4739,[ECONOMICS],
https://openalex.org/S198892436,ACCOUNTING ORGANIZATIONS AND SOCIETY,ACCOUNTING ORGANIZATIONS AND SOCIETY,Accounting Organizations and Society,0361-3682,"['BUSINESS, FINANCE']",
https://openalex.org/S164923136,ENVIRONMENT AND DEVELOPMENT ECONOMICS,ENVIRONMENT AND DEVELOPMENT ECONOMICS,Environment and Development Economics,1355-770X,"[ECONOMICS, ENVIRONMENTAL STUDIES]",
https://openalex.org/S88020226,BUSINESS HISTORY REVIEW,BUSINESS HISTORY REVIEW,The Business History Review,0007-6805,[BUSINESS],
https://openalex.org/S177792750,DECISION SCIENCES,DECISION SCIENCES,Decision Sciences,0011-7315,[MANAGEMENT],
https://openalex.org/S62905163,Operations Management Research,OPERATIONS MANAGEMENT RESEARCH,Operations Management Research,1936-9735,[MANAGEMENT],
https://openalex.org/S165087003,Journal of the European Economic Association,JOURNAL OF THE EUROPEAN ECONOMIC ASSOCIATION,Journal of the European Economic Association,1542-4766,[ECONOMICS],
https://openalex.org/S4210171597,Accounting and Finance,ACCOUNTING AND FINANCE,Accounting and Finance,0810-5391,"['BUSINESS, FINANCE']",
https://openalex.org/S2898307581,Journal of Innovation & Knowledge,JOURNAL OF INNOVATION & KNOWLEDGE,Journal of Innovation & Knowledge,2530-7614,"[BUSINESS, MANAGEMENT]",
https://openalex.org/S101163346,International Journal of Strategic Property Management,INTERNATIONAL JOURNAL OF STRATEGIC PROPERTY MANAGEMENT,International Journal of Strategic Property Management,1648-715X,[MANAGEMENT],
https://openalex.org/S65924262,CONTEMPORARY ACCOUNTING RESEARCH,CONTEMPORARY ACCOUNTING RESEARCH,Contemporary Accounting Research,0823-9150,"['BUSINESS, FINANCE']",
https://openalex.org/S5353659,JOURNAL OF FINANCE,JOURNAL OF FINANCE,The Journal of Finance,0022-1082,"['BUSINESS, FINANCE', ECONOMICS]",
https://openalex.org/S91754907,AMERICAN JOURNAL OF AGRICULTURAL ECONOMICS,AMERICAN JOURNAL OF AGRICULTURAL ECONOMICS,American Journal of Agricultural Economics,0002-9092,"[AGRICULTURAL ECONOMICS & POLICY, ECONOMICS]",
https://openalex.org/S980556082,Agricultural Economics-Zemedelska Ekonomika,AGRICULTURAL ECONOMICS-ZEMEDELSKA EKONOMIKA,Agricultural Economics (Zemědělská ekonomika),0139-570X,"[AGRICULTURAL ECONOMICS & POLICY, ECONOMICS]",
https://openalex.org/S124412575,Mathematics and Financial Economics,MATHEMATICS AND FINANCIAL ECONOMICS,Mathematics and Financial Economics,1862-9679,"['BUSINESS, FINANCE', ECONOMICS]",
https://openalex.org/S43019230,PHARMACOECONOMICS,PHARMACOECONOMICS,PharmacoEconomics,1170-7690,"[ECONOMICS, HEALTH CARE SCIENCES & SERVICES, HEALTH POLICY & SERVICES]",
https://openalex.org/S579031,ECONOMIC THEORY,ECONOMIC THEORY,Economic Theory,0938-2259,[ECONOMICS],
https://openalex.org/S69338747,EUROPEAN ECONOMIC REVIEW,EUROPEAN ECONOMIC REVIEW,European Economic Review,0014-2921,[ECONOMICS],
https://openalex.org/S134988049,Econometric Reviews,ECONOMETRIC REVIEWS,Econometric Reviews,0747-4938,[ECONOMICS],
https://openalex.org/S178258306,Empirical Economics,EMPIRICAL ECONOMICS,Empirical Economics,0377-7332,[ECONOMICS],
https://openalex.org/S168273071,International Review of Economics & Finance,INTERNATIONAL REVIEW OF ECONOMICS & FINANCE,International Review of Economics & Finance,1059-0560,"['BUSINESS, FINANCE', ECONOMICS]",
https://openalex.org/S100134864,European Journal of Political Economy,EUROPEAN JOURNAL OF POLITICAL ECONOMY,European Journal of Political Economy,0176-2680,[ECONOMICS],
https://openalex.org/S155153587,Marine Resource Economics,MARINE RESOURCE ECONOMICS,Marine Resource Economics,0738-1360,"[ECONOMICS, ENVIRONMENTAL STUDIES]",
https://openalex.org/S3409213,Service Business,SERVICE BUSINESS,Service Business,1862-8516,"[BUSINESS, MANAGEMENT]",
https://openalex.org/S140551370,Cornell Hospitality Quarterly,CORNELL HOSPITALITY QUARTERLY,Cornell Hospitality Quarterly,1938-9655,[MANAGEMENT],
https://openalex.org/S6772833,Review of Network Economics,REVIEW OF NETWORK ECONOMICS,Review of Network Economics,2194-5993,[ECONOMICS],
https://openalex.org/S4210214577,E & M Ekonomie a Management,E & M EKONOMIE A MANAGEMENT,E+M Ekonomie a Management,1212-3609,"[ECONOMICS, MANAGEMENT]",
https://openalex.org/S1027187413,Amfiteatru Economic,AMFITEATRU ECONOMIC,Amfiteatru Economic,1582-9146,"[BUSINESS, ECONOMICS, MANAGEMENT]",
https://openalex.org/S3416249,REVIEW OF INDUSTRIAL ORGANIZATION,REVIEW OF INDUSTRIAL ORGANIZATION,Review of Industrial Organization,0889-938X,"[ECONOMICS, MANAGEMENT]",
https://openalex.org/S162525099,FINANCIAL ANALYSTS JOURNAL,FINANCIAL ANALYSTS JOURNAL,Financial Analysts Journal,0015-198X,"['BUSINESS, FINANCE']",
https://openalex.org/S191693275,Human Resource Development Quarterly,HUMAN RESOURCE DEVELOPMENT QUARTERLY,Human Resource Development Quarterly,1044-8004,"[INDUSTRIAL RELATIONS & LABOR, MANAGEMENT]",
https://openalex.org/S207154782,Journal of Financial Econometrics,JOURNAL OF FINANCIAL ECONOMETRICS,Journal of Financial Econometrics,1479-8409,"['BUSINESS, FINANCE', ECONOMICS]",
https://openalex.org/S121409115,INTERNATIONAL REVIEW OF LAW AND ECONOMICS,INTERNATIONAL REVIEW OF LAW AND ECONOMICS,International Review of Law and Economics,0144-8188,[ECONOMICS],
https://openalex.org/S201675752,CANADIAN JOURNAL OF ADMINISTRATIVE SCIENCES-REVUE CANADIENNE DES SCIENCES DE L ADMINISTRATION,CANADIAN JOURNAL OF ADMINISTRATIVE SCIENCES-REVUE CANADIENNE DES SCIENCES DE L ADMINISTRATION,Canadian Journal of Administrative Sciences / Revue Canadienne des Sciences de l Administration,0825-0383,"[BUSINESS, MANAGEMENT]",
https://openalex.org/S2898574612,Economic Analysis and Policy,ECONOMIC ANALYSIS AND POLICY,Economic Analysis and Policy,0313-5926,[ECONOMICS],
https://openalex.org/S2764372386,Journal of Behavioral and Experimental Finance,JOURNAL OF BEHAVIORAL AND EXPERIMENTAL FINANCE,Journal of Behavioral and Experimental Finance,2214-6350,"['BUSINESS, FINANCE', ECONOMICS]",
https://openalex.org/S4210172125,Comptabilite Controle Audit,COMPTABILITE CONTROLE AUDIT,Comptabilité - Contrôle - Audit,1262-2788,"['BUSINESS, FINANCE']",
https://openalex.org/S4210220385,Economics-The Open Access Open-Assessment E-Journal,ECONOMICS-THE OPEN ACCESS OPEN-ASSESSMENT E-JOURNAL,Economics,1864-6042,[ECONOMICS],
https://openalex.org/S945769174,REVUE D ECONOMIE POLITIQUE,REVUE D ECONOMIE POLITIQUE,Revue d économie politique,0373-2630,[ECONOMICS],
https://openalex.org/S47389216,ECONOMIC AND SOCIAL REVIEW,ECONOMIC AND SOCIAL REVIEW,Economic and social review,0012-9984,[ECONOMICS],
https://openalex.org/S7397502,Transformations in Business & Economics,TRANSFORMATIONS IN BUSINESS & ECONOMICS,Transformations in business & economics,1648-4460,"[BUSINESS, ECONOMICS]",
https://openalex.org/S22247924,ENTREPRENEURSHIP AND REGIONAL DEVELOPMENT,ENTREPRENEURSHIP AND REGIONAL DEVELOPMENT,Entrepreneurship and Regional Development,0898-5626,"[BUSINESS, DEVELOPMENT STUDIES]",
https://openalex.org/S152372256,INTERNATIONAL JOURNAL OF AUDITING,INTERNATIONAL JOURNAL OF AUDITING,International Journal of Auditing,1090-6738,"['BUSINESS, FINANCE']",
https://openalex.org/S163499366,REVIEW OF ECONOMIC DYNAMICS,REVIEW OF ECONOMIC DYNAMICS,Review of Economic Dynamics,1094-2025,[ECONOMICS],
https://openalex.org/S17986141,JOURNAL OF MANAGEMENT INQUIRY,JOURNAL OF MANAGEMENT INQUIRY,Journal of Management Inquiry,1056-4926,[MANAGEMENT],
https://openalex.org/S158011328,American Economic Journal-Economic Policy,AMERICAN ECONOMIC JOURNAL-ECONOMIC POLICY,American Economic Journal Economic Policy,1945-7731,[ECONOMICS],
https://openalex.org/S200872515,JOURNAL OF ENVIRONMENTAL ECONOMICS AND MANAGEMENT,JOURNAL OF ENVIRONMENTAL ECONOMICS AND MANAGEMENT,Journal of Environmental Economics and Management,0095-0696,"[BUSINESS, ECONOMICS, ENVIRONMENTAL STUDIES]",
https://openalex.org/S91661715,KYKLOS,KYKLOS,Kyklos,0023-5962,[ECONOMICS],
https://openalex.org/S117778295,ACADEMY OF MANAGEMENT JOURNAL,ACADEMY OF MANAGEMENT JOURNAL,Academy of Management Journal,0001-4273,"[BUSINESS, MANAGEMENT]",
https://openalex.org/S95496512,Review of Development Economics,REVIEW OF DEVELOPMENT ECONOMICS,Review of Development Economics,1363-6669,"[DEVELOPMENT STUDIES, ECONOMICS]",
https://openalex.org/S32361082,EUROPEAN REVIEW OF AGRICULTURAL ECONOMICS,EUROPEAN REVIEW OF AGRICULTURAL ECONOMICS,European Review of Agricultural Economics,0165-1587,"[AGRICULTURAL ECONOMICS & POLICY, ECONOMICS]",
https://openalex.org/S28882882,ORGANIZATION STUDIES,ORGANIZATION STUDIES,Organization Studies,0170-8406,[MANAGEMENT],
https://openalex.org/S81410195,M&SOM-Manufacturing & Service Operations Management,M&SOM-MANUFACTURING & SERVICE OPERATIONS MANAGEMENT,Manufacturing & Service Operations Management,1523-4614,"[MANAGEMENT, OPERATIONS RESEARCH & MANAGEMENT SCIENCE]",
https://openalex.org/S88935262,REVIEW OF ECONOMIC STUDIES,REVIEW OF ECONOMIC STUDIES,The Review of Economic Studies,0034-6527,[ECONOMICS],
https://openalex.org/S149240962,JOURNAL OF FINANCIAL ECONOMICS,JOURNAL OF FINANCIAL ECONOMICS,Journal of Financial Economics,0304-405X,"['BUSINESS, FINANCE', ECONOMICS]",
https://openalex.org/S199447588,JOURNAL OF PUBLIC ECONOMICS,JOURNAL OF PUBLIC ECONOMICS,Journal of Public Economics,0047-2727,[ECONOMICS],
https://openalex.org/S105567970,European Management Journal,EUROPEAN MANAGEMENT JOURNAL,European Management Journal,0263-2373,"[BUSINESS, MANAGEMENT]",
https://openalex.org/S67103694,CAMBRIDGE JOURNAL OF ECONOMICS,CAMBRIDGE JOURNAL OF ECONOMICS,Cambridge Journal of Economics,0309-166X,[ECONOMICS],
https://openalex.org/S189751245,JOURNAL OF CONSUMER AFFAIRS,JOURNAL OF CONSUMER AFFAIRS,Journal of Consumer Affairs,0022-0078,"[BUSINESS, ECONOMICS]",
https://openalex.org/S63571384,FOOD POLICY,FOOD POLICY,Food Policy,0306-9192,"[AGRICULTURAL ECONOMICS & POLICY, ECONOMICS]",
https://openalex.org/S81125728,International Journal of Managing Projects in Business,INTERNATIONAL JOURNAL OF MANAGING PROJECTS IN BUSINESS,International Journal of Managing Projects in Business,1753-8378,"[BUSINESS, MANAGEMENT]",
https://openalex.org/S49327401,Journal of Sports Economics,JOURNAL OF SPORTS ECONOMICS,Journal of Sports Economics,1527-0025,[ECONOMICS],
https://openalex.org/S17004734,Journal of Agrarian Change,JOURNAL OF AGRARIAN CHANGE,Journal of Agrarian Change,1471-0358,"[DEVELOPMENT STUDIES, ECONOMICS]",
https://openalex.org/S4210186350,Journal of Competition Law & Economics,JOURNAL OF COMPETITION LAW & ECONOMICS,Journal of Competition Law & Economics,1744-6414,[ECONOMICS],
https://openalex.org/S2764465404,Entrepreneurship Research Journal,ENTREPRENEURSHIP RESEARCH JOURNAL,Entrepreneurship Research Journal,2194-6175,[BUSINESS],
https://openalex.org/S4210197148,Estudios de Economia,ESTUDIOS DE ECONOMIA,Estudios de economía,0718-5286,[ECONOMICS],
https://openalex.org/S119908498,JOURNAL OF INTERNATIONAL MARKETING,JOURNAL OF INTERNATIONAL MARKETING,Journal of International Marketing,1069-031X,[BUSINESS],
https://openalex.org/S117685085,WORLD BANK RESEARCH OBSERVER,WORLD BANK RESEARCH OBSERVER,The World Bank Research Observer,0257-3032,"[DEVELOPMENT STUDIES, ECONOMICS]",
https://openalex.org/S127060114,NBER Macroeconomics Annual,NBER MACROECONOMICS ANNUAL,NBER Macroeconomics Annual,0889-3365,[ECONOMICS],
https://openalex.org/S191031105,Asia Pacific Journal of Marketing and Logistics,ASIA PACIFIC JOURNAL OF MARKETING AND LOGISTICS,Asia Pacific Journal of Marketing and Logistics,1355-5855,[BUSINESS],
https://openalex.org/S44261207,HITOTSUBASHI JOURNAL OF ECONOMICS,HITOTSUBASHI JOURNAL OF ECONOMICS,Hitotsubashi journal of economics,0018-280X,[ECONOMICS],
https://openalex.org/S23343376,International Business Review,INTERNATIONAL BUSINESS REVIEW,International Business Review,0969-5931,"[BUSINESS, MANAGEMENT]",
https://openalex.org/S97886924,JOURNAL OF ORGANIZATIONAL BEHAVIOR MANAGEMENT,JOURNAL OF ORGANIZATIONAL BEHAVIOR MANAGEMENT,Journal of Organizational Behavior Management,0160-8061,[MANAGEMENT],
https://openalex.org/S4210203108,Asia-Pacific Journal of Accounting & Economics,ASIA-PACIFIC JOURNAL OF ACCOUNTING & ECONOMICS,Asia-Pacific Journal of Accounting & Economics,1608-1625,"['BUSINESS, FINANCE', ECONOMICS]",
https://openalex.org/S143806524,JOURNAL OF PORTFOLIO MANAGEMENT,JOURNAL OF PORTFOLIO MANAGEMENT,The Journal of Portfolio Management,0095-4918,"['BUSINESS, FINANCE']",
https://openalex.org/S169221615,INFORMATION ECONOMICS AND POLICY,INFORMATION ECONOMICS AND POLICY,Information Economics and Policy,0167-6245,[ECONOMICS],
https://openalex.org/S99067594,JOURNAL OF INDUSTRIAL ECONOMICS,JOURNAL OF INDUSTRIAL ECONOMICS,Journal of Industrial Economics,0022-1821,"['BUSINESS, FINANCE', ECONOMICS]",
https://openalex.org/S41958068,Journal of Consumer Behaviour,JOURNAL OF CONSUMER BEHAVIOUR,Journal of Consumer Behaviour,1472-0817,[BUSINESS],
https://openalex.org/S50174339,INTERNATIONAL LABOUR REVIEW,INTERNATIONAL LABOUR REVIEW,International Labour Review,0020-7780,"[ECONOMICS, INDUSTRIAL RELATIONS & LABOR]",
https://openalex.org/S4210220312,International Journal of Logistics-Research and Applications,INTERNATIONAL JOURNAL OF LOGISTICS-RESEARCH AND APPLICATIONS,International Journal of Logistics Research and Applications,1367-5567,[MANAGEMENT],
https://openalex.org/S143668711,ADMINISTRATIVE SCIENCE QUARTERLY,ADMINISTRATIVE SCIENCE QUARTERLY,Administrative Science Quarterly,0001-8392,"[BUSINESS, MANAGEMENT]",
https://openalex.org/S62142384,JOURNAL OF ACCOUNTING & ECONOMICS,JOURNAL OF ACCOUNTING & ECONOMICS,Journal of Accounting and Economics,0165-4101,"['BUSINESS, FINANCE', ECONOMICS]",
https://openalex.org/S2738551320,Health Economics Review,HEALTH ECONOMICS REVIEW,Health Economics Review,2191-1991,"[ECONOMICS, HEALTH POLICY & SERVICES]",
https://openalex.org/S125273398,QUARTERLY REVIEW OF ECONOMICS AND FINANCE,QUARTERLY REVIEW OF ECONOMICS AND FINANCE,The Quarterly Review of Economics and Finance,1062-9769,[ECONOMICS],
https://openalex.org/S146534985,Journal of Economic Interaction and Coordination,JOURNAL OF ECONOMIC INTERACTION AND COORDINATION,Journal of Economic Interaction and Coordination,1860-711X,[ECONOMICS],
https://openalex.org/S206615888,ECONOMIC INQUIRY,ECONOMIC INQUIRY,Economic Inquiry,0095-2583,[ECONOMICS],
https://openalex.org/S163774179,LABOUR ECONOMICS,LABOUR ECONOMICS,Labour Economics,0927-5371,[ECONOMICS],
https://openalex.org/S187709482,Electronic Commerce Research and Applications,ELECTRONIC COMMERCE RESEARCH AND APPLICATIONS,Electronic Commerce Research and Applications,1567-4223,[BUSINESS],
https://openalex.org/S164321952,INTERNATIONAL JOURNAL OF OPERATIONS & PRODUCTION MANAGEMENT,INTERNATIONAL JOURNAL OF OPERATIONS & PRODUCTION MANAGEMENT,International Journal of Operations & Production Management,0144-3577,[MANAGEMENT],
https://openalex.org/S26073974,OXFORD ECONOMIC PAPERS-NEW SERIES,OXFORD ECONOMIC PAPERS-NEW SERIES,Oxford Economic Papers,0030-7653,[ECONOMICS],
https://openalex.org/S70175541,Management and Organization Review,MANAGEMENT AND ORGANIZATION REVIEW,Management and Organization Review,1740-8776,[MANAGEMENT],
https://openalex.org/S189738091,Consumption Markets & Culture,CONSUMPTION MARKETS & CULTURE,Consumption Markets & Culture,1025-3866,[BUSINESS],
https://openalex.org/S57522439,AUSTRALIAN ECONOMIC PAPERS,AUSTRALIAN ECONOMIC PAPERS,Australian Economic Papers,0004-900X,[ECONOMICS],
https://openalex.org/S90392387,SOUTH AFRICAN JOURNAL OF ECONOMICS,SOUTH AFRICAN JOURNAL OF ECONOMICS,South African Journal of Economics,0038-2280,[ECONOMICS],
https://openalex.org/S204467137,Series-Journal of the Spanish Economic Association,SERIES-JOURNAL OF THE SPANISH ECONOMIC ASSOCIATION,SERIEs,1869-4187,[ECONOMICS],
https://openalex.org/S4210205092,MILITARY OPERATIONS RESEARCH,MILITARY OPERATIONS RESEARCH,Military Operations Research,1082-5983,[OPERATIONS RESEARCH & MANAGEMENT SCIENCE],
https://openalex.org/S2765036361,Journal of Risk Model Validation,JOURNAL OF RISK MODEL VALIDATION,The Journal of Risk Model Validation,1753-9579,"['BUSINESS, FINANCE']",
https://openalex.org/S175723052,Argumenta Oeconomica,ARGUMENTA OECONOMICA,Argumenta Oeconomica,1233-5835,[ECONOMICS],
https://openalex.org/S4210224324,Accounting Auditing & Accountability Journal,ACCOUNTING AUDITING & ACCOUNTABILITY JOURNAL,Accounting Auditing & Accountability Journal,0951-3574,"['BUSINESS, FINANCE']",
https://openalex.org/S18436875,INTERNATIONAL JOURNAL OF ELECTRONIC COMMERCE,INTERNATIONAL JOURNAL OF ELECTRONIC COMMERCE,International Journal of Electronic Commerce,1086-4415,[BUSINESS],
https://openalex.org/S4210224032,Journal of Family and Economic Issues,JOURNAL OF FAMILY AND ECONOMIC ISSUES,Journal of Family and Economic Issues,1058-0476,[ECONOMICS],
https://openalex.org/S151404345,JOURNAL OF POST KEYNESIAN ECONOMICS,JOURNAL OF POST KEYNESIAN ECONOMICS,Journal of Post Keynesian Economics,0160-3477,[ECONOMICS],
https://openalex.org/S203848637,RAE-Revista de Administracao de Empresas,RAE-REVISTA DE ADMINISTRACAO DE EMPRESAS,Revista de Administração de Empresas,0034-7590,"[BUSINESS, MANAGEMENT]",
https://openalex.org/S31690342,Strategic Entrepreneurship Journal,STRATEGIC ENTREPRENEURSHIP JOURNAL,Strategic Entrepreneurship Journal,1932-4391,"[BUSINESS, MANAGEMENT]",
https://openalex.org/S4210198644,Economics of Transition and Institutional Change,ECONOMICS OF TRANSITION AND INSTITUTIONAL CHANGE,Economics of Transition and Institutional Change,2577-6975,[ECONOMICS],
https://openalex.org/S2764718648,Water Economics and Policy,WATER ECONOMICS AND POLICY,Water Economics and Policy,2382-624X,"[ECONOMICS, ENVIRONMENTAL STUDIES]",
https://openalex.org/S4210210207,Journal of Management Analytics,JOURNAL OF MANAGEMENT ANALYTICS,Journal of Management Analytics,2327-0012,"[BUSINESS, MANAGEMENT]",
https://openalex.org/S35298862,Journal of Macromarketing,JOURNAL OF MACROMARKETING,Journal of Macromarketing,0276-1467,[BUSINESS],
https://openalex.org/S55074384,B E Journal of Economic Analysis & Policy,B E JOURNAL OF ECONOMIC ANALYSIS & POLICY,The B E Journal of Economic Analysis & Policy,2194-6108,[ECONOMICS],
https://openalex.org/S976474146,POLITICKA EKONOMIE,POLITICKA EKONOMIE,Politická ekonomie,0032-3233,[ECONOMICS],
https://openalex.org/S37814254,ECONOMIST-NETHERLANDS,ECONOMIST-NETHERLANDS,De Economist,0013-063X,[ECONOMICS],
https://openalex.org/S157427695,International Journal of Islamic and Middle Eastern Finance and Management,INTERNATIONAL JOURNAL OF ISLAMIC AND MIDDLE EASTERN FINANCE AND MANAGEMENT,International Journal of Islamic and Middle Eastern Finance and Management,1753-8394,"['BUSINESS, FINANCE', MANAGEMENT]",
https://openalex.org/S19358283,International Journal of Advertising,INTERNATIONAL JOURNAL OF ADVERTISING,International Journal of Advertising,0265-0487,"[BUSINESS, COMMUNICATION]",
https://openalex.org/S66510378,Critical Perspectives on Accounting,CRITICAL PERSPECTIVES ON ACCOUNTING,Critical Perspectives on Accounting,1045-2354,"['BUSINESS, FINANCE']",
https://openalex.org/S161221442,Abacus-A Journal of Accounting Finance and Business Studies,ABACUS-A JOURNAL OF ACCOUNTING FINANCE AND BUSINESS STUDIES,Abacus,0001-3072,"['BUSINESS, FINANCE']",
https://openalex.org/S122161766,JOURNAL OF FORECASTING,JOURNAL OF FORECASTING,Journal of Forecasting,0277-6693,"[ECONOMICS, MANAGEMENT]",
https://openalex.org/S4210190151,OMEGA-INTERNATIONAL JOURNAL OF MANAGEMENT SCIENCE,OMEGA-INTERNATIONAL JOURNAL OF MANAGEMENT SCIENCE,Omega,0305-0483,"[MANAGEMENT, OPERATIONS RESEARCH & MANAGEMENT SCIENCE]",
https://openalex.org/S154533451,IEEE TRANSACTIONS ON ENGINEERING MANAGEMENT,IEEE TRANSACTIONS ON ENGINEERING MANAGEMENT,IEEE Transactions on Engineering Management,0018-9391,"[BUSINESS, MANAGEMENT]",
https://openalex.org/S191556934,Journal of Intellectual Capital,JOURNAL OF INTELLECTUAL CAPITAL,Journal of Intellectual Capital,1469-1930,"[BUSINESS, MANAGEMENT]",
https://openalex.org/S4210181832,TOTAL QUALITY MANAGEMENT & BUSINESS EXCELLENCE,TOTAL QUALITY MANAGEMENT & BUSINESS EXCELLENCE,Total Quality Management & Business Excellence,1478-3363,[MANAGEMENT],
https://openalex.org/S181171746,JOURNAL OF ECONOMIC GROWTH,JOURNAL OF ECONOMIC GROWTH,Journal of Economic Growth,1381-4338,[ECONOMICS],
https://openalex.org/S155526628,North American Journal of Economics and Finance,NORTH AMERICAN JOURNAL OF ECONOMICS AND FINANCE,The North American Journal of Economics and Finance,1062-9408,"['BUSINESS, FINANCE', ECONOMICS]",
https://openalex.org/S93284759,Journal of Business Research,JOURNAL OF BUSINESS RESEARCH,Journal of Business Research,0148-2963,[BUSINESS],
https://openalex.org/S36178057,ECONOMICS LETTERS,ECONOMICS LETTERS,Economics Letters,0165-1765,[ECONOMICS],
https://openalex.org/S145572626,International Review of Financial Analysis,INTERNATIONAL REVIEW OF FINANCIAL ANALYSIS,International Review of Financial Analysis,1057-5219,"['BUSINESS, FINANCE']",
https://openalex.org/S165253824,SCANDINAVIAN JOURNAL OF ECONOMICS,SCANDINAVIAN JOURNAL OF ECONOMICS,Scandinavian Journal of Economics,0347-0520,[ECONOMICS],
https://openalex.org/S4210189271,LEADERSHIP & ORGANIZATION DEVELOPMENT JOURNAL,LEADERSHIP & ORGANIZATION DEVELOPMENT JOURNAL,Leadership & Organization Development Journal,0143-7739,[MANAGEMENT],
https://openalex.org/S171812798,Metroeconomica,METROECONOMICA,Metroeconomica,0026-1386,[ECONOMICS],
https://openalex.org/S16035445,ENTERPRISE & SOCIETY,ENTERPRISE & SOCIETY,Enterprise & Society,1467-2227,[BUSINESS],
https://openalex.org/S2898275063,European Research on Management and Business Economics,EUROPEAN RESEARCH ON MANAGEMENT AND BUSINESS ECONOMICS,European Research on Management and Business Economics,2444-8834,"[BUSINESS, ECONOMICS, MANAGEMENT]",
https://openalex.org/S140389752,Revista de Economia Mundial,REVISTA DE ECONOMIA MUNDIAL,Revista de Economía Mundial,1576-0162,[ECONOMICS],
https://openalex.org/S998097505,JOURNAL OF LAW & ECONOMICS,JOURNAL OF LAW & ECONOMICS,The Journal of Law and Economics,0022-2186,[ECONOMICS],
https://openalex.org/S128478731,MANAGEMENT INTERNATIONAL REVIEW,MANAGEMENT INTERNATIONAL REVIEW,Management International Review,0938-8249,[MANAGEMENT],
https://openalex.org/S133599136,ORGANIZATIONAL RESEARCH METHODS,ORGANIZATIONAL RESEARCH METHODS,Organizational Research Methods,1094-4281,[MANAGEMENT],
https://openalex.org/S121634618,Journal of Financial Stability,JOURNAL OF FINANCIAL STABILITY,Journal of Financial Stability,1572-3089,"['BUSINESS, FINANCE', ECONOMICS]",
https://openalex.org/S114801022,JOURNAL OF REGULATORY ECONOMICS,JOURNAL OF REGULATORY ECONOMICS,Journal of Regulatory Economics,0922-680X,[ECONOMICS],
https://openalex.org/S149205526,Chinese Management Studies,CHINESE MANAGEMENT STUDIES,Chinese Management Studies,1750-614X,[MANAGEMENT],
https://openalex.org/S203071086,Review of Managerial Science,REVIEW OF MANAGERIAL SCIENCE,Review of Managerial Science,1863-6683,[MANAGEMENT],
https://openalex.org/S76440981,CANADIAN JOURNAL OF ECONOMICS-REVUE CANADIENNE D ECONOMIQUE,CANADIAN JOURNAL OF ECONOMICS-REVUE CANADIENNE D ECONOMIQUE,Canadian Journal of Economics/Revue canadienne d économique,0008-4085,[ECONOMICS],
https://openalex.org/S118298121,Journal of Hospitality Marketing & Management,JOURNAL OF HOSPITALITY MARKETING & MANAGEMENT,Journal of Hospitality Marketing & Management,1936-8623,"[BUSINESS, MANAGEMENT]",
https://openalex.org/S119587767,JOURNAL OF BUSINESS & INDUSTRIAL MARKETING,JOURNAL OF BUSINESS & INDUSTRIAL MARKETING,Journal of Business and Industrial Marketing,0885-8624,[BUSINESS],
https://openalex.org/S95323914,JOURNAL OF POLITICAL ECONOMY,JOURNAL OF POLITICAL ECONOMY,Journal of Political Economy,0022-3808,[ECONOMICS],
https://openalex.org/S145471836,EXPLORATIONS IN ECONOMIC HISTORY,EXPLORATIONS IN ECONOMIC HISTORY,Explorations in Economic History,0014-4983,[ECONOMICS],
https://openalex.org/S71377650,Baltic Journal of Economics,BALTIC JOURNAL OF ECONOMICS,Baltic Journal of Economics,1406-099X,[ECONOMICS],
https://openalex.org/S119950638,JOURNAL OF MARKETING RESEARCH,JOURNAL OF MARKETING RESEARCH,Journal of Marketing Research,0022-2437,[BUSINESS],
https://openalex.org/S172782825,CALIFORNIA MANAGEMENT REVIEW,CALIFORNIA MANAGEMENT REVIEW,California Management Review,0008-1256,"[BUSINESS, MANAGEMENT]",
https://openalex.org/S150702451,Global Finance Journal,GLOBAL FINANCE JOURNAL,Global Finance Journal,1044-0283,"['BUSINESS, FINANCE']",
https://openalex.org/S127742747,Journal of Econometrics,JOURNAL OF ECONOMETRICS,Journal of Econometrics,0304-4076,[ECONOMICS],
https://openalex.org/S160506855,ACCOUNTING REVIEW,ACCOUNTING REVIEW,The Accounting Review,0001-4826,"['BUSINESS, FINANCE']",
https://openalex.org/S184846731,INTERNATIONAL JOURNAL OF HUMAN RESOURCE MANAGEMENT,INTERNATIONAL JOURNAL OF HUMAN RESOURCE MANAGEMENT,The International Journal of Human Resource Management,0958-5192,[MANAGEMENT],
https://openalex.org/S86762183,JOURNAL OF ACCOUNTING AND PUBLIC POLICY,JOURNAL OF ACCOUNTING AND PUBLIC POLICY,Journal of Accounting and Public Policy,0278-4254,"['BUSINESS, FINANCE', PUBLIC ADMINISTRATION]",
https://openalex.org/S8133038,Research in International Business and Finance,RESEARCH IN INTERNATIONAL BUSINESS AND FINANCE,Research in International Business and Finance,0275-5319,"['BUSINESS, FINANCE']",
https://openalex.org/S41869786,SMALL BUSINESS ECONOMICS,SMALL BUSINESS ECONOMICS,Small Business Economics,0921-898X,"[BUSINESS, ECONOMICS, MANAGEMENT]",
https://openalex.org/S102805530,ENERGY JOURNAL,ENERGY JOURNAL,The Energy Journal,0195-6574,"[ECONOMICS, ENVIRONMENTAL STUDIES]",
https://openalex.org/S39841227,INTERNATIONAL JOURNAL OF FORECASTING,INTERNATIONAL JOURNAL OF FORECASTING,International Journal of Forecasting,0169-2070,"[ECONOMICS, MANAGEMENT]",
https://openalex.org/S35673206,INTERNATIONAL MARKETING REVIEW,INTERNATIONAL MARKETING REVIEW,International Marketing Review,0265-1335,[BUSINESS],
https://openalex.org/S105430050,JOURNAL OF WORLD TRADE,JOURNAL OF WORLD TRADE,Journal of World Trade,1011-6702,[ECONOMICS],
https://openalex.org/S52328560,International Journal of Shipping and Transport Logistics,INTERNATIONAL JOURNAL OF SHIPPING AND TRANSPORT LOGISTICS,International Journal of Shipping and Transport Logistics,1756-6517,"[MANAGEMENT, TRANSPORTATION]",
https://openalex.org/S87209429,Journal of Benefit-Cost Analysis,JOURNAL OF BENEFIT-COST ANALYSIS,Journal of Benefit-Cost Analysis,2194-5888,[ECONOMICS],
https://openalex.org/S91071628,Journal of East European Management Studies,JOURNAL OF EAST EUROPEAN MANAGEMENT STUDIES,Journal of East European Management Studies,0949-6181,[MANAGEMENT],
https://openalex.org/S127646213,JOURNAL OF FINANCIAL MARKETS,JOURNAL OF FINANCIAL MARKETS,Journal of Financial Markets,1386-4181,"['BUSINESS, FINANCE']",
https://openalex.org/S64831726,Journal of Leadership & Organizational Studies,JOURNAL OF LEADERSHIP & ORGANIZATIONAL STUDIES,Journal of Leadership & Organizational Studies,1548-0518,[MANAGEMENT],
https://openalex.org/S93630570,JOURNAL OF PRODUCT INNOVATION MANAGEMENT,JOURNAL OF PRODUCT INNOVATION MANAGEMENT,Journal of Product Innovation Management,0737-6782,"[BUSINESS, MANAGEMENT]",
https://openalex.org/S171424506,European Accounting Review,EUROPEAN ACCOUNTING REVIEW,European Accounting Review,0963-8180,"['BUSINESS, FINANCE']",
https://openalex.org/S87745625,INTERNATIONAL JOURNAL OF MANAGEMENT REVIEWS,INTERNATIONAL JOURNAL OF MANAGEMENT REVIEWS,International Journal of Management Reviews,1460-8545,"[BUSINESS, MANAGEMENT]",
https://openalex.org/S4210209722,Asian Economic Papers,ASIAN ECONOMIC PAPERS,Asian Economic Papers,1535-3516,[ECONOMICS],
https://openalex.org/S170200280,Journal of Australian Political Economy,JOURNAL OF AUSTRALIAN POLITICAL ECONOMY,Journal of Australian political economy,0156-5826,[ECONOMICS],
https://openalex.org/S188292526,Econ Journal Watch,ECON JOURNAL WATCH,Econ journal watch,1933-527X,[ECONOMICS],
https://openalex.org/S83271458,Journal of Vacation Marketing,JOURNAL OF VACATION MARKETING,Journal Of Vacation Marketing,1356-7667,[BUSINESS],
https://openalex.org/S122073985,JOURNAL OF ECONOMIC HISTORY,JOURNAL OF ECONOMIC HISTORY,The Journal of Economic History,0022-0507,[ECONOMICS],
https://openalex.org/S78091837,REVIEW OF WORLD ECONOMICS,REVIEW OF WORLD ECONOMICS,Review of World Economics,1610-2878,[ECONOMICS],
https://openalex.org/S56271844,Information Systems and E-Business Management,INFORMATION SYSTEMS AND E-BUSINESS MANAGEMENT,Information Systems and e-Business Management,1617-9846,"[BUSINESS, MANAGEMENT]",
https://openalex.org/S64744539,ORGANIZATIONAL BEHAVIOR AND HUMAN DECISION PROCESSES,ORGANIZATIONAL BEHAVIOR AND HUMAN DECISION PROCESSES,Organizational Behavior and Human Decision Processes,0749-5978,[MANAGEMENT],
https://openalex.org/S137519996,Electronic Markets,ELECTRONIC MARKETS,Electronic Markets,1019-6781,"[BUSINESS, MANAGEMENT]",
https://openalex.org/S116662517,Asian Economic Journal,ASIAN ECONOMIC JOURNAL,Asian Economic Journal,1351-3958,[ECONOMICS],
https://openalex.org/S55099511,Research in Organizational Behavior,RESEARCH IN ORGANIZATIONAL BEHAVIOR,Research in Organizational Behavior,0191-3085,[MANAGEMENT],
https://openalex.org/S38350834,Journal of Business Logistics,JOURNAL OF BUSINESS LOGISTICS,Journal of Business Logistics,0735-3766,[MANAGEMENT],
https://openalex.org/S170913539,BULLETIN OF ECONOMIC RESEARCH,BULLETIN OF ECONOMIC RESEARCH,Bulletin of Economic Research,0307-3378,[ECONOMICS],
https://openalex.org/S170137484,REVIEW OF FINANCIAL STUDIES,REVIEW OF FINANCIAL STUDIES,Review of Financial Studies,0893-9454,"['BUSINESS, FINANCE', ECONOMICS]",
https://openalex.org/S59007373,SUPPLY CHAIN MANAGEMENT-AN INTERNATIONAL JOURNAL,SUPPLY CHAIN MANAGEMENT-AN INTERNATIONAL JOURNAL,Supply Chain Management An International Journal,1359-8546,"[BUSINESS, MANAGEMENT]",
https://openalex.org/S200838492,MANCHESTER SCHOOL,MANCHESTER SCHOOL,Manchester School,1463-6786,[ECONOMICS],
https://openalex.org/S97316453,Cambridge Journal of Regions Economy and Society,CAMBRIDGE JOURNAL OF REGIONS ECONOMY AND SOCIETY,Cambridge Journal of Regions Economy and Society,1752-1378,"[DEVELOPMENT STUDIES, ECONOMICS, GEOGRAPHY]",
https://openalex.org/S198098467,JOURNAL OF INTERNATIONAL ECONOMICS,JOURNAL OF INTERNATIONAL ECONOMICS,Journal of International Economics,0022-1996,[ECONOMICS],
https://openalex.org/S128621090,JOURNAL OF ECONOMIC EDUCATION,JOURNAL OF ECONOMIC EDUCATION,The Journal of Economic Education,0022-0485,[ECONOMICS],
https://openalex.org/S45992627,ECONOMIC JOURNAL,ECONOMIC JOURNAL,The Economic Journal,0013-0133,[ECONOMICS],
https://openalex.org/S106686155,JOURNAL OF RISK AND UNCERTAINTY,JOURNAL OF RISK AND UNCERTAINTY,Journal of Risk and Uncertainty,0895-5646,"['BUSINESS, FINANCE', ECONOMICS]",
https://openalex.org/S92522684,JOURNAL OF THE ACADEMY OF MARKETING SCIENCE,JOURNAL OF THE ACADEMY OF MARKETING SCIENCE,Journal of the Academy of Marketing Science,0092-0703,[BUSINESS],
https://openalex.org/S130638383,Futures,FUTURES,Futures,0016-3287,[ECONOMICS],
https://openalex.org/S154775064,AGRICULTURAL ECONOMICS,AGRICULTURAL ECONOMICS,Agricultural Economics,0169-5150,"[AGRICULTURAL ECONOMICS & POLICY, ECONOMICS]",
https://openalex.org/S165492527,ECONOMIC HISTORY REVIEW,ECONOMIC HISTORY REVIEW,The Economic History Review,0013-0117,[ECONOMICS],
https://openalex.org/S166621295,JOURNAL OF HEALTH ECONOMICS,JOURNAL OF HEALTH ECONOMICS,Journal of Health Economics,0167-6296,"[ECONOMICS, HEALTH CARE SCIENCES & SERVICES, HEALTH POLICY & SERVICES]",
https://openalex.org/S201037040,INTERNATIONAL JOURNAL OF MANPOWER,INTERNATIONAL JOURNAL OF MANPOWER,International Journal of Manpower,0143-7720,"[INDUSTRIAL RELATIONS & LABOR, MANAGEMENT]",
https://openalex.org/S12818680,Corporate Social Responsibility and Environmental Management,CORPORATE SOCIAL RESPONSIBILITY AND ENVIRONMENTAL MANAGEMENT,Corporate Social Responsibility and Environmental Management,1535-3958,"[BUSINESS, ENVIRONMENTAL STUDIES, MANAGEMENT]",
https://openalex.org/S2735550652,Journal of the Association of Environmental and Resource Economists,JOURNAL OF THE ASSOCIATION OF ENVIRONMENTAL AND RESOURCE ECONOMISTS,Journal of the Association of Environmental and Resource Economists,2333-5955,"[ECONOMICS, ENVIRONMENTAL STUDIES]",
https://openalex.org/S134979503,THEORY AND DECISION,THEORY AND DECISION,Theory and Decision,0040-5833,[ECONOMICS],
https://openalex.org/S84101701,SYSTEM DYNAMICS REVIEW,SYSTEM DYNAMICS REVIEW,System Dynamics Review,0883-7066,[MANAGEMENT],
https://openalex.org/S23010633,Asian Economic Policy Review,ASIAN ECONOMIC POLICY REVIEW,Asian Economic Policy Review,1832-8105,[ECONOMICS],
https://openalex.org/S94499970,Energy Economics,ENERGY ECONOMICS,Energy Economics,0140-9883,[ECONOMICS],
https://openalex.org/S202934171,JOURNAL OF MATHEMATICAL ECONOMICS,JOURNAL OF MATHEMATICAL ECONOMICS,Journal of Mathematical Economics,0304-4068,[ECONOMICS],
https://openalex.org/S198325475,INSURANCE MATHEMATICS & ECONOMICS,INSURANCE MATHEMATICS & ECONOMICS,Insurance Mathematics and Economics,0167-6687,[ECONOMICS],
https://openalex.org/S96544531,APPLIED ECONOMICS LETTERS,APPLIED ECONOMICS LETTERS,Applied Economics Letters,1350-4851,[ECONOMICS],
https://openalex.org/S13669392,German Economic Review,GERMAN ECONOMIC REVIEW,German Economic Review,1465-6485,[ECONOMICS],
https://openalex.org/S203364070,BULLETIN OF INDONESIAN ECONOMIC STUDIES,BULLETIN OF INDONESIAN ECONOMIC STUDIES,Bulletin of Indonesian Economic Studies,0007-4918,"[AREA STUDIES, ECONOMICS]",
https://openalex.org/S51113653,ENGINEERING ECONOMIST,ENGINEERING ECONOMIST,The Engineering Economist,0013-791X,"[BUSINESS, MANAGEMENT, OPERATIONS RESEARCH & MANAGEMENT SCIENCE]",
https://openalex.org/S2765057658,Sport Marketing Quarterly,SPORT MARKETING QUARTERLY,Sport Marketing Quarterly,1061-6934,[BUSINESS],
https://openalex.org/S4210174288,American Economic Review-Insights,AMERICAN ECONOMIC REVIEW-INSIGHTS,American Economic Review Insights,2640-205X,[ECONOMICS],
https://openalex.org/S149339240,EASTERN EUROPEAN ECONOMICS,EASTERN EUROPEAN ECONOMICS,Eastern European Economics,0012-8775,[ECONOMICS],
https://openalex.org/S139478629,Journal of Business-to-Business Marketing,JOURNAL OF BUSINESS-TO-BUSINESS MARKETING,Journal of Business-to-Business Marketing,1051-712X,[BUSINESS],
https://openalex.org/S147126554,Panoeconomicus,PANOECONOMICUS,Panoeconomicus,1452-595X,[ECONOMICS],
https://openalex.org/S112983894,Portuguese Economic Journal,PORTUGUESE ECONOMIC JOURNAL,Portuguese Economic Journal,1617-982X,[ECONOMICS],
https://openalex.org/S173807628,International Journal of Consumer Studies,INTERNATIONAL JOURNAL OF CONSUMER STUDIES,International Journal of Consumer Studies,1470-6423,[BUSINESS],
https://openalex.org/S62957338,JOURNAL OF HUMAN RESOURCES,JOURNAL OF HUMAN RESOURCES,The Journal of Human Resources,0022-166X,"[ECONOMICS, INDUSTRIAL RELATIONS & LABOR]",
https://openalex.org/S79175213,JOURNAL OF FINANCIAL SERVICES RESEARCH,JOURNAL OF FINANCIAL SERVICES RESEARCH,Journal of Financial Services Research,0920-8550,"['BUSINESS, FINANCE']",
https://openalex.org/S33741590,Academy of Management Perspectives,ACADEMY OF MANAGEMENT PERSPECTIVES,Academy of Management Perspectives,1558-9080,"[BUSINESS, MANAGEMENT]",
https://openalex.org/S36547454,International Entrepreneurship and Management Journal,INTERNATIONAL ENTREPRENEURSHIP AND MANAGEMENT JOURNAL,International Entrepreneurship and Management Journal,1554-7191,"[BUSINESS, MANAGEMENT]",
https://openalex.org/S143995394,JOURNAL OF WORLD BUSINESS,JOURNAL OF WORLD BUSINESS,Journal of World Business,1090-9516,[BUSINESS],
https://openalex.org/S4210210387,Cross Cultural & Strategic Management,CROSS CULTURAL & STRATEGIC MANAGEMENT,Cross Cultural & Strategic Management,2059-5794,[MANAGEMENT],
https://openalex.org/S104160329,Independent Review,INDEPENDENT REVIEW,The independent review,1086-1653,[ECONOMICS],
https://openalex.org/S2484743993,Custos e Agronegocio On Line,CUSTOS E AGRONEGOCIO ON LINE,Custos e @gronegócio online,1808-2882,"[AGRICULTURAL ECONOMICS & POLICY, BUSINESS, ECONOMICS]",
https://openalex.org/S74917840,JOURNAL OF FINANCIAL RESEARCH,JOURNAL OF FINANCIAL RESEARCH,The Journal of Financial Research,0270-2592,"['BUSINESS, FINANCE']",
https://openalex.org/S69790668,SYSTEMIC PRACTICE AND ACTION RESEARCH,SYSTEMIC PRACTICE AND ACTION RESEARCH,Systemic Practice and Action Research,1094-429X,[MANAGEMENT],
https://openalex.org/S35246616,International Review of Finance,INTERNATIONAL REVIEW OF FINANCE,International Review of Finance,1369-412X,"['BUSINESS, FINANCE']",
https://openalex.org/S175747132,NEW TECHNOLOGY WORK AND EMPLOYMENT,NEW TECHNOLOGY WORK AND EMPLOYMENT,New Technology Work and Employment,0268-1072,[MANAGEMENT],
https://openalex.org/S4210173595,American Journal of Health Economics,AMERICAN JOURNAL OF HEALTH ECONOMICS,American Journal of Health Economics,2332-3493,"[ECONOMICS, HEALTH POLICY & SERVICES]",
https://openalex.org/S197981039,Economics & Politics,ECONOMICS & POLITICS,Economics and Politics,0954-1985,[ECONOMICS],
https://openalex.org/S97042997,JAHRBUCHER FUR NATIONALOKONOMIE UND STATISTIK,JAHRBUCHER FUR NATIONALOKONOMIE UND STATISTIK,Jahrbücher für Nationalökonomie und Statistik,0021-4027,[ECONOMICS],
https://openalex.org/S69872077,INTERNATIONAL JOURNAL OF PROJECT MANAGEMENT,INTERNATIONAL JOURNAL OF PROJECT MANAGEMENT,International Journal of Project Management,0263-7863,[MANAGEMENT],
https://openalex.org/S170231156,INTERNATIONAL JOURNAL OF ENTREPRENEURIAL BEHAVIOR & RESEARCH,INTERNATIONAL JOURNAL OF ENTREPRENEURIAL BEHAVIOR & RESEARCH,International Journal of Entrepreneurial Behaviour & Research,1355-2554,"[BUSINESS, MANAGEMENT]",
https://openalex.org/S145429826,JOURNAL OF CONSUMER RESEARCH,JOURNAL OF CONSUMER RESEARCH,Journal of Consumer Research,0093-5301,[BUSINESS],
https://openalex.org/S33323087,MANAGEMENT SCIENCE,MANAGEMENT SCIENCE,Management Science,0025-1909,"[MANAGEMENT, OPERATIONS RESEARCH & MANAGEMENT SCIENCE]",
https://openalex.org/S14291815,Journal of Marketing Management,JOURNAL OF MARKETING MANAGEMENT,Journal of Marketing Management,0267-257X,"[BUSINESS, MANAGEMENT]",
https://openalex.org/S53993439,American Law and Economics Review,AMERICAN LAW AND ECONOMICS REVIEW,American Law and Economics Review,1465-7252,[ECONOMICS],
https://openalex.org/S175759345,ECONOMIC DEVELOPMENT QUARTERLY,ECONOMIC DEVELOPMENT QUARTERLY,Economic Development Quarterly,0891-2424,"[DEVELOPMENT STUDIES, ECONOMICS, URBAN STUDIES]",
https://openalex.org/S191114782,Journal of Fashion Marketing and Management,JOURNAL OF FASHION MARKETING AND MANAGEMENT,Journal of Fashion Marketing and Management,1361-2026,"[BUSINESS, MANAGEMENT]",
https://openalex.org/S121026525,JOURNAL OF EVOLUTIONARY ECONOMICS,JOURNAL OF EVOLUTIONARY ECONOMICS,Journal of Evolutionary Economics,0936-9937,[ECONOMICS],
https://openalex.org/S4210179427,Academia-Revista Latinoamericana de Administracion,ACADEMIA-REVISTA LATINOAMERICANA DE ADMINISTRACION,Academia Revista Latinoamericana de Administración,1012-8255,"[BUSINESS, MANAGEMENT]",
https://openalex.org/S90149737,European Journal of Innovation Management,EUROPEAN JOURNAL OF INNOVATION MANAGEMENT,European Journal of Innovation Management,1460-1060,"[BUSINESS, MANAGEMENT]",
https://openalex.org/S18095783,JOURNAL OF BUSINESS & ECONOMIC STATISTICS,JOURNAL OF BUSINESS & ECONOMIC STATISTICS,Journal of Business and Economic Statistics,0735-0015,[ECONOMICS],
https://openalex.org/S136612413,JOURNAL OF FUTURES MARKETS,JOURNAL OF FUTURES MARKETS,Journal of Futures Markets,0270-7314,"['BUSINESS, FINANCE']",
https://openalex.org/S52721111,Journal of Real Estate Research,JOURNAL OF REAL ESTATE RESEARCH,Journal of Real Estate Research,0896-5803,"['BUSINESS, FINANCE', ECONOMICS]",
https://openalex.org/S2764807039,Service Science,SERVICE SCIENCE,Service Science,2164-3962,"[BUSINESS, MANAGEMENT]",
https://openalex.org/S100149336,Negotiation and Conflict Management Research,NEGOTIATION AND CONFLICT MANAGEMENT RESEARCH,Negotiation and Conflict Management Research,1750-4708,[MANAGEMENT],
https://openalex.org/S165881774,B E Journal of Theoretical Economics,B E JOURNAL OF THEORETICAL ECONOMICS,The B E Journal of Theoretical Economics,2194-6124,[ECONOMICS],
https://openalex.org/S125733402,Investigacion Economica,INVESTIGACION ECONOMICA,Investigación Económica,0185-1667,[ECONOMICS],
https://openalex.org/S60036207,Journal of Credit Risk,JOURNAL OF CREDIT RISK,The Journal of Credit Risk,1744-6619,"['BUSINESS, FINANCE']",
https://openalex.org/S8557221,JOURNAL OF LABOR ECONOMICS,JOURNAL OF LABOR ECONOMICS,Journal of Labor Economics,0734-306X,"[ECONOMICS, INDUSTRIAL RELATIONS & LABOR]",
https://openalex.org/S70709366,Nonprofit Management & Leadership,NONPROFIT MANAGEMENT & LEADERSHIP,Nonprofit Management and Leadership,1048-6682,"[MANAGEMENT, PUBLIC ADMINISTRATION]",
https://openalex.org/S179979277,INTERNATIONAL ECONOMIC REVIEW,INTERNATIONAL ECONOMIC REVIEW,International Economic Review,0020-6598,[ECONOMICS],
https://openalex.org/S49331332,SERVICE INDUSTRIES JOURNAL,SERVICE INDUSTRIES JOURNAL,Service Industries Journal,0264-2069,[MANAGEMENT],
https://openalex.org/S108845946,ECONOMICA,ECONOMICA,Economica,0013-0427,[ECONOMICS],
https://openalex.org/S176497116,Management Communication Quarterly,MANAGEMENT COMMUNICATION QUARTERLY,Management Communication Quarterly,0893-3189,"[COMMUNICATION, MANAGEMENT]",
https://openalex.org/S166264140,EMERGING MARKETS FINANCE AND TRADE,EMERGING MARKETS FINANCE AND TRADE,Emerging Markets Finance and Trade,1540-496X,"[BUSINESS, ECONOMICS]",
https://openalex.org/S2765008422,Global Strategy Journal,GLOBAL STRATEGY JOURNAL,Global Strategy Journal,2042-5791,"[BUSINESS, MANAGEMENT]",
https://openalex.org/S180851279,Journal of Services Marketing,JOURNAL OF SERVICES MARKETING,Journal of Services Marketing,0887-6045,[BUSINESS],
https://openalex.org/S152897404,RESEARCH-TECHNOLOGY MANAGEMENT,RESEARCH-TECHNOLOGY MANAGEMENT,Research-Technology Management,0895-6308,"[BUSINESS, MANAGEMENT]",
https://openalex.org/S111116695,JOURNAL OF ACCOUNTING RESEARCH,JOURNAL OF ACCOUNTING RESEARCH,Journal of Accounting Research,0021-8456,"['BUSINESS, FINANCE']",
https://openalex.org/S157344451,South African Journal of Economic and Management Sciences,SOUTH AFRICAN JOURNAL OF ECONOMIC AND MANAGEMENT SCIENCES,South African Journal of Economic and Management Sciences,1015-8812,"[ECONOMICS, MANAGEMENT]",
https://openalex.org/S4210206015,QME-Quantitative Marketing and Economics,QME-QUANTITATIVE MARKETING AND ECONOMICS,Quantitative Marketing and Economics,1570-7156,"[BUSINESS, ECONOMICS]",
https://openalex.org/S4210214909,Prague Economic Papers,PRAGUE ECONOMIC PAPERS,Prague Economic Papers,1210-0455,[ECONOMICS],
https://openalex.org/S193228710,JOURNAL OF FINANCIAL AND QUANTITATIVE ANALYSIS,JOURNAL OF FINANCIAL AND QUANTITATIVE ANALYSIS,Journal of Financial and Quantitative Analysis,0022-1090,"['BUSINESS, FINANCE', ECONOMICS]",
https://openalex.org/S126013225,SYSTEMS RESEARCH AND BEHAVIORAL SCIENCE,SYSTEMS RESEARCH AND BEHAVIORAL SCIENCE,Systems Research and Behavioral Science,1092-7026,[MANAGEMENT],
https://openalex.org/S99606308,ECONOMIC POLICY,ECONOMIC POLICY,Economic Policy,0266-4658,[ECONOMICS],
https://openalex.org/S3022066471,German Journal of Human Resource Management-Zeitschrift fur Personalforschung,GERMAN JOURNAL OF HUMAN RESOURCE MANAGEMENT-ZEITSCHRIFT FUR PERSONALFORSCHUNG,German Journal of Human Resource Management Zeitschrift für Personalforschung,2397-0022,[MANAGEMENT],
https://openalex.org/S120049674,Engineering Construction and Architectural Management,ENGINEERING CONSTRUCTION AND ARCHITECTURAL MANAGEMENT,Engineering Construction & Architectural Management,0969-9988,[MANAGEMENT],
https://openalex.org/S55239356,Journal of Purchasing and Supply Management,JOURNAL OF PURCHASING AND SUPPLY MANAGEMENT,Journal of Purchasing and Supply Management,1478-4092,[MANAGEMENT],
https://openalex.org/S117460449,Asia Pacific Business Review,ASIA PACIFIC BUSINESS REVIEW,Asia Pacific Business Review,1360-2381,"[BUSINESS, MANAGEMENT]",
https://openalex.org/S185930956,CONTEMPORARY ECONOMIC POLICY,CONTEMPORARY ECONOMIC POLICY,Contemporary Economic Policy,1074-3529,"[ECONOMICS, PUBLIC ADMINISTRATION]",
https://openalex.org/S149709236,GROUP DECISION AND NEGOTIATION,GROUP DECISION AND NEGOTIATION,Group Decision and Negotiation,0926-2644,[MANAGEMENT],
https://openalex.org/S46763546,ACADEMY OF MANAGEMENT REVIEW,ACADEMY OF MANAGEMENT REVIEW,Academy of Management Review,0363-7425,"[BUSINESS, MANAGEMENT]",
https://openalex.org/S89389284,EUROPEAN JOURNAL OF MARKETING,EUROPEAN JOURNAL OF MARKETING,European Journal of Marketing,0309-0566,[BUSINESS],
https://openalex.org/S182689569,QUANTITATIVE FINANCE,QUANTITATIVE FINANCE,Quantitative Finance,1469-7688,"['BUSINESS, FINANCE', ECONOMICS]",
https://openalex.org/S2508752,Business Process Management Journal,BUSINESS PROCESS MANAGEMENT JOURNAL,Business Process Management Journal,1463-7154,"[BUSINESS, MANAGEMENT]",
https://openalex.org/S107859553,International Small Business Journal-Researching Entrepreneurship,INTERNATIONAL SMALL BUSINESS JOURNAL-RESEARCHING ENTREPRENEURSHIP,International Small Business Journal Researching Entrepreneurship,0266-2426,"[BUSINESS, MANAGEMENT]",
https://openalex.org/S142306484,JOURNAL OF OPERATIONS MANAGEMENT,JOURNAL OF OPERATIONS MANAGEMENT,Journal of Operations Management,0272-6963,"[MANAGEMENT, OPERATIONS RESEARCH & MANAGEMENT SCIENCE]",
https://openalex.org/S184446198,Journal of Public Economic Theory,JOURNAL OF PUBLIC ECONOMIC THEORY,Journal of Public Economic Theory,1097-3923,[ECONOMICS],
https://openalex.org/S149486094,Australian Economic Review,AUSTRALIAN ECONOMIC REVIEW,Australian Economic Review,0004-9018,[ECONOMICS],
https://openalex.org/S116778711,Asian Journal of Technology Innovation,ASIAN JOURNAL OF TECHNOLOGY INNOVATION,Asian Journal of Technology Innovation,1976-1597,"[BUSINESS, ECONOMICS]",
https://openalex.org/S175963831,TRIMESTRE ECONOMICO,TRIMESTRE ECONOMICO,El Trimestre Económico,0041-3011,[ECONOMICS],
https://openalex.org/S4210218653,Journal of Demographic Economics,JOURNAL OF DEMOGRAPHIC ECONOMICS,Journal of Demographic Economics,2054-0892,"[DEMOGRAPHY, ECONOMICS]",
https://openalex.org/S43156200,FEDERAL RESERVE BANK OF ST LOUIS REVIEW,FEDERAL RESERVE BANK OF ST LOUIS REVIEW,Review,0014-9187,"['BUSINESS, FINANCE', ECONOMICS]",
https://openalex.org/S992988095,EKONOMICKY CASOPIS,EKONOMICKY CASOPIS,Ekonomický časopis,0013-3035,[ECONOMICS],
https://openalex.org/S131117787,Review of Finance,REVIEW OF FINANCE,Review of Finance,1572-3097,"['BUSINESS, FINANCE', ECONOMICS]",
https://openalex.org/S78792899,JOURNAL OF SMALL BUSINESS MANAGEMENT,JOURNAL OF SMALL BUSINESS MANAGEMENT,Journal of Small Business Management,0047-2778,[MANAGEMENT],
https://openalex.org/S37376905,JOURNAL OF PUBLIC POLICY & MARKETING,JOURNAL OF PUBLIC POLICY & MARKETING,Journal of Public Policy & Marketing,0743-9156,[BUSINESS],
https://openalex.org/S122767448,JOURNAL OF MANAGEMENT,JOURNAL OF MANAGEMENT,Journal of Management,0149-2063,"[BUSINESS, MANAGEMENT]",
https://openalex.org/S41302103,INTERNATIONAL JOURNAL OF PHYSICAL DISTRIBUTION & LOGISTICS MANAGEMENT,INTERNATIONAL JOURNAL OF PHYSICAL DISTRIBUTION & LOGISTICS MANAGEMENT,International Journal of Physical Distribution & Logistics Management,0960-0035,[MANAGEMENT],
https://openalex.org/S2764882396,Borsa Istanbul Review,BORSA ISTANBUL REVIEW,Borsa Istanbul Review,2214-8450,"['BUSINESS, FINANCE', ECONOMICS]",
https://openalex.org/S82316188,European Journal of Finance,EUROPEAN JOURNAL OF FINANCE,European Journal of Finance,1351-847X,"['BUSINESS, FINANCE']",
https://openalex.org/S164333781,Journal of World Energy Law & Business,JOURNAL OF WORLD ENERGY LAW & BUSINESS,The Journal of World Energy Law & Business,1754-9957,[BUSINESS],
https://openalex.org/S2764905104,Journal of the Economics of Ageing,JOURNAL OF THE ECONOMICS OF AGEING,The Journal of the Economics of Ageing,2212-828X,"[DEMOGRAPHY, ECONOMICS]",
https://openalex.org/S168680943,Annals of Economics and Finance,ANNALS OF ECONOMICS AND FINANCE,Annals of economics and finance,1529-7373,[ECONOMICS],
https://openalex.org/S152304618,LEADERSHIP QUARTERLY,LEADERSHIP QUARTERLY,The Leadership Quarterly,1048-9843,[MANAGEMENT],
https://openalex.org/S181493553,EXPERIMENTAL ECONOMICS,EXPERIMENTAL ECONOMICS,Experimental Economics,1386-4157,[ECONOMICS],
https://openalex.org/S195297104,ORGANIZATIONAL DYNAMICS,ORGANIZATIONAL DYNAMICS,Organizational Dynamics,0090-2616,"[BUSINESS, MANAGEMENT]",
https://openalex.org/S163534328,MARKETING SCIENCE,MARKETING SCIENCE,Marketing Science,0732-2399,[BUSINESS],
https://openalex.org/S66524056,Journal of Business Economics and Management,JOURNAL OF BUSINESS ECONOMICS AND MANAGEMENT,Journal of Business Economics and Management,1611-1699,"[BUSINESS, ECONOMICS]",
https://openalex.org/S129086836,REAL ESTATE ECONOMICS,REAL ESTATE ECONOMICS,Real Estate Economics,1080-8620,"['BUSINESS, FINANCE', ECONOMICS, URBAN STUDIES]",
https://openalex.org/S193530623,STUDIES IN NONLINEAR DYNAMICS AND ECONOMETRICS,STUDIES IN NONLINEAR DYNAMICS AND ECONOMETRICS,Studies in Nonlinear Dynamics and Econometrics,1081-1826,[ECONOMICS],
https://openalex.org/S151220816,POST-COMMUNIST ECONOMIES,POST-COMMUNIST ECONOMIES,Post-Communist Economies,1463-1377,[ECONOMICS],
https://openalex.org/S38024979,JOURNAL OF INTERNATIONAL BUSINESS STUDIES,JOURNAL OF INTERNATIONAL BUSINESS STUDIES,Journal of International Business Studies,0047-2506,"[BUSINESS, MANAGEMENT]",
https://openalex.org/S57049600,NEGOTIATION JOURNAL,NEGOTIATION JOURNAL,Negotiation Journal,0748-4526,[MANAGEMENT],
https://openalex.org/S117541660,Journal of Contingencies and Crisis Management,JOURNAL OF CONTINGENCIES AND CRISIS MANAGEMENT,Journal of Contingencies and Crisis Management,0966-0879,[MANAGEMENT],
https://openalex.org/S48254654,Journal of Business Finance & Accounting,JOURNAL OF BUSINESS FINANCE & ACCOUNTING,Journal of Business Finance &amp Accounting,0306-686X,"['BUSINESS, FINANCE']",
https://openalex.org/S202144432,Science Technology and Society,SCIENCE TECHNOLOGY AND SOCIETY,Science Technology and Society,0971-7218,[MANAGEMENT],
https://openalex.org/S27967161,Journal of Theoretical and Applied Electronic Commerce Research,JOURNAL OF THEORETICAL AND APPLIED ELECTRONIC COMMERCE RESEARCH,Journal of theoretical and applied electronic commerce research,0718-1876,[BUSINESS],
https://openalex.org/S2898531903,Journal of Commodity Markets,JOURNAL OF COMMODITY MARKETS,Journal of commodity markets,2405-8513,"['BUSINESS, FINANCE', ECONOMICS]",
https://openalex.org/S6711363,JOURNAL OF MONETARY ECONOMICS,JOURNAL OF MONETARY ECONOMICS,Journal of Monetary Economics,0304-3932,"['BUSINESS, FINANCE', ECONOMICS]",
https://openalex.org/S88577320,Finance Research Letters,FINANCE RESEARCH LETTERS,Finance research letters,1544-6123,"['BUSINESS, FINANCE']",
https://openalex.org/S202178085,JOURNAL OF REAL ESTATE FINANCE AND ECONOMICS,JOURNAL OF REAL ESTATE FINANCE AND ECONOMICS,The Journal of Real Estate Finance and Economics,0895-5638,"['BUSINESS, FINANCE', ECONOMICS, URBAN STUDIES]",
https://openalex.org/S44585919,JOURNAL OF ECONOMIC DYNAMICS & CONTROL,JOURNAL OF ECONOMIC DYNAMICS & CONTROL,Journal of Economic Dynamics and Control,0165-1889,[ECONOMICS],
https://openalex.org/S11810700,INTERNATIONAL JOURNAL OF RESEARCH IN MARKETING,INTERNATIONAL JOURNAL OF RESEARCH IN MARKETING,International Journal of Research in Marketing,0167-8116,[BUSINESS],
https://openalex.org/S145875555,Journal of Empirical Finance,JOURNAL OF EMPIRICAL FINANCE,Journal of Empirical Finance,0927-5398,"['BUSINESS, FINANCE', ECONOMICS]",
https://openalex.org/S176795851,JOURNAL OF MACROECONOMICS,JOURNAL OF MACROECONOMICS,Journal of Macroeconomics,0164-0704,[ECONOMICS],
https://openalex.org/S191005381,DEFENCE AND PEACE ECONOMICS,DEFENCE AND PEACE ECONOMICS,Defence and Peace Economics,1024-2694,[ECONOMICS],
https://openalex.org/S27827792,Journal of Forest Economics,JOURNAL OF FOREST ECONOMICS,Journal of Forest Economics,1104-6899,"[ECONOMICS, FORESTRY]",
https://openalex.org/S47824075,Global Economic Review,GLOBAL ECONOMIC REVIEW,Global Economic Review,1226-508X,[ECONOMICS],
https://openalex.org/S4210202212,INFORMS Journal on Applied Analytics,INFORMS JOURNAL ON APPLIED ANALYTICS,INFORMS Journal on Applied Analytics,2644-0865,"[MANAGEMENT, OPERATIONS RESEARCH & MANAGEMENT SCIENCE]",
https://openalex.org/S45372229,WORLD ECONOMY,WORLD ECONOMY,World Economy,0378-5920,"['BUSINESS, FINANCE', ECONOMICS]",
https://openalex.org/S19927788,Economics & Human Biology,ECONOMICS & HUMAN BIOLOGY,Economics & Human Biology,1570-677X,[ECONOMICS],
https://openalex.org/S201928713,REVIEW OF RADICAL POLITICAL ECONOMICS,REVIEW OF RADICAL POLITICAL ECONOMICS,Review of Radical Political Economics,0486-6134,[ECONOMICS],
https://openalex.org/S171720814,INTERNATIONAL JOURNAL OF TECHNOLOGY MANAGEMENT,INTERNATIONAL JOURNAL OF TECHNOLOGY MANAGEMENT,International Journal of Technology Management,0267-5730,"[MANAGEMENT, OPERATIONS RESEARCH & MANAGEMENT SCIENCE]",
https://openalex.org/S142725411,Journal of Contemporary Accounting & Economics,JOURNAL OF CONTEMPORARY ACCOUNTING & ECONOMICS,Journal of Contemporary Accounting & Economics,1815-5669,"['BUSINESS, FINANCE', ECONOMICS]",
https://openalex.org/S82262387,JOURNAL OF INFORMATION SYSTEMS,JOURNAL OF INFORMATION SYSTEMS,Journal of Information Systems,0888-7985,"['BUSINESS, FINANCE']",
https://openalex.org/S2165841,International Finance,INTERNATIONAL FINANCE,International Finance,1367-0271,"['BUSINESS, FINANCE', ECONOMICS]",
https://openalex.org/S74096415,Journal of Economic Policy Reform,JOURNAL OF ECONOMIC POLICY REFORM,Journal of Economic Policy Reform,1748-7870,"[DEVELOPMENT STUDIES, ECONOMICS]",
https://openalex.org/S2764532243,Korean Economic Review,KOREAN ECONOMIC REVIEW,Korean Economic Review/The Korean economic review,0254-3737,[ECONOMICS],
https://openalex.org/S9702615,BUSINESS ETHICS QUARTERLY,BUSINESS ETHICS QUARTERLY,Business Ethics Quarterly,1052-150X,[BUSINESS],
https://openalex.org/S182651638,Economic Systems Research,ECONOMIC SYSTEMS RESEARCH,Economic Systems Research,0953-5314,[ECONOMICS],
https://openalex.org/S132285554,Creativity and Innovation Management,CREATIVITY AND INNOVATION MANAGEMENT,Creativity and Innovation Management,0963-1690,[MANAGEMENT],
https://openalex.org/S37660120,Human Resource Development Review,HUMAN RESOURCE DEVELOPMENT REVIEW,Human Resource Development Review,1534-4843,[MANAGEMENT],
https://openalex.org/S323237,ACCOUNTING AND BUSINESS RESEARCH,ACCOUNTING AND BUSINESS RESEARCH,Accounting and Business Research,0001-4788,"['BUSINESS, FINANCE']",
https://openalex.org/S187626162,ENTREPRENEURSHIP THEORY AND PRACTICE,ENTREPRENEURSHIP THEORY AND PRACTICE,Entrepreneurship Theory and Practice,1042-2587,[BUSINESS],
https://openalex.org/S147692640,JOURNAL OF URBAN ECONOMICS,JOURNAL OF URBAN ECONOMICS,Journal of Urban Economics,0094-1190,"[ECONOMICS, URBAN STUDIES]",
https://openalex.org/S124549413,JOURNAL OF ECONOMIC SURVEYS,JOURNAL OF ECONOMIC SURVEYS,Journal of Economic Surveys,0950-0804,[ECONOMICS],
https://openalex.org/S176820844,European Review of Economic History,EUROPEAN REVIEW OF ECONOMIC HISTORY,European Review of Economic History,1361-4916,[ECONOMICS],
https://openalex.org/S122406424,JCMS-Journal of Common Market Studies,JCMS-JOURNAL OF COMMON MARKET STUDIES,JCMS Journal of Common Market Studies,0021-9886,[ECONOMICS],
https://openalex.org/S30207186,CESifo Economic Studies,CESIFO ECONOMIC STUDIES,CESifo Economic Studies,1610-241X,[ECONOMICS],
https://openalex.org/S97048498,International Journal of Logistics Management,INTERNATIONAL JOURNAL OF LOGISTICS MANAGEMENT,The International Journal of Logistics Management,0957-4093,[MANAGEMENT],
https://openalex.org/S69458508,Journal of Asian Economics,JOURNAL OF ASIAN ECONOMICS,Journal of Asian Economics,1049-0078,[ECONOMICS],
https://openalex.org/S129650269,OPEN ECONOMIES REVIEW,OPEN ECONOMIES REVIEW,Open Economies Review,0923-7992,[ECONOMICS],
https://openalex.org/S70935693,JAPAN AND THE WORLD ECONOMY,JAPAN AND THE WORLD ECONOMY,Japan and the World Economy,0922-1425,[ECONOMICS],
https://openalex.org/S149131268,JOURNAL OF ECONOMIC THEORY,JOURNAL OF ECONOMIC THEORY,Journal of Economic Theory,0022-0531,[ECONOMICS],
https://openalex.org/S81022070,JOURNAL OF POLICY MODELING,JOURNAL OF POLICY MODELING,Journal of Policy Modeling,0161-8938,[ECONOMICS],
https://openalex.org/S10747938,JOURNAL OF INTERNATIONAL MONEY AND FINANCE,JOURNAL OF INTERNATIONAL MONEY AND FINANCE,Journal of International Money and Finance,0261-5606,"['BUSINESS, FINANCE']",
https://openalex.org/S122922407,Information Technology & Management,INFORMATION TECHNOLOGY & MANAGEMENT,Information Technology and Management,1385-951X,[MANAGEMENT],
https://openalex.org/S75627377,SIAM Journal on Financial Mathematics,SIAM JOURNAL ON FINANCIAL MATHEMATICS,SIAM Journal on Financial Mathematics,1945-497X,"['BUSINESS, FINANCE']",
https://openalex.org/S82593474,Asian Business & Management,ASIAN BUSINESS & MANAGEMENT,Asian Business & Management,1472-4782,"[BUSINESS, MANAGEMENT]",
https://openalex.org/S108455820,AUSTRALIAN ECONOMIC HISTORY REVIEW,AUSTRALIAN ECONOMIC HISTORY REVIEW,Australian Economic History Review,0004-8992,[ECONOMICS],
https://openalex.org/S48312676,MIS Quarterly Executive,MIS QUARTERLY EXECUTIVE,MIS Quarterly Executive,1540-1960,[MANAGEMENT],
https://openalex.org/S183802457,Journal of Operational Risk,JOURNAL OF OPERATIONAL RISK,The Journal of Operational Risk,1744-6740,"['BUSINESS, FINANCE']",
https://openalex.org/S82530445,Romanian Journal of Economic Forecasting,ROMANIAN JOURNAL OF ECONOMIC FORECASTING,Romanian Journal of Economic Forecasting,1582-6163,[ECONOMICS],
https://openalex.org/S9435936,LONG RANGE PLANNING,LONG RANGE PLANNING,Long Range Planning,0024-6301,"[BUSINESS, DEVELOPMENT STUDIES, MANAGEMENT]",
https://openalex.org/S146242404,NEW POLITICAL ECONOMY,NEW POLITICAL ECONOMY,New Political Economy,1356-3467,[ECONOMICS],
https://openalex.org/S146099957,INTERNATIONAL JOURNAL OF FINANCE & ECONOMICS,INTERNATIONAL JOURNAL OF FINANCE & ECONOMICS,International Journal of Finance & Economics,1076-9307,"['BUSINESS, FINANCE']",
https://openalex.org/S33519306,Econometrics Journal,ECONOMETRICS JOURNAL,Econometrics Journal,1368-4221,[ECONOMICS],
https://openalex.org/S120253869,Review of Economics of the Household,REVIEW OF ECONOMICS OF THE HOUSEHOLD,Review of Economics of the Household,1569-5239,[ECONOMICS],
https://openalex.org/S4210193400,Economic Change and Restructuring,ECONOMIC CHANGE AND RESTRUCTURING,Economic Change and Restructuring,1573-9414,[ECONOMICS],
https://openalex.org/S185653637,JOURNAL OF AGRICULTURAL AND RESOURCE ECONOMICS,JOURNAL OF AGRICULTURAL AND RESOURCE ECONOMICS,Journal of agricultural and resource economics,1068-5502,"[AGRICULTURAL ECONOMICS & POLICY, ECONOMICS]",
https://openalex.org/S179517972,CANADIAN JOURNAL OF AGRICULTURAL ECONOMICS-REVUE CANADIENNE D AGROECONOMIE,CANADIAN JOURNAL OF AGRICULTURAL ECONOMICS-REVUE CANADIENNE D AGROECONOMIE,Canadian Journal of Agricultural Economics/Revue canadienne d agroeconomie,0008-3976,"[AGRICULTURAL ECONOMICS & POLICY, ECONOMICS]",
https://openalex.org/S196205230,Project Management Journal,PROJECT MANAGEMENT JOURNAL,Project Management Journal,8756-9728,[MANAGEMENT],
https://openalex.org/S162526994,INTERNATIONAL JOURNAL OF MARKET RESEARCH,INTERNATIONAL JOURNAL OF MARKET RESEARCH,International Journal of Market Research,1470-7853,[BUSINESS],
https://openalex.org/S2764594251,Inzinerine Ekonomika-Engineering Economics,INZINERINE EKONOMIKA-ENGINEERING ECONOMICS,Engineering Economics,1392-2785,[ECONOMICS],
https://openalex.org/S106098198,OXFORD REVIEW OF ECONOMIC POLICY,OXFORD REVIEW OF ECONOMIC POLICY,Oxford Review of Economic Policy,0266-903X,[ECONOMICS],
https://openalex.org/S76239586,Qualitative Research in Accounting and Management,QUALITATIVE RESEARCH IN ACCOUNTING AND MANAGEMENT,Qualitative Research in Accounting & Management,1176-6093,"['BUSINESS, FINANCE', MANAGEMENT]",
https://openalex.org/S138400101,MANAGERIAL AND DECISION ECONOMICS,MANAGERIAL AND DECISION ECONOMICS,Managerial and Decision Economics,0143-6570,"[ECONOMICS, MANAGEMENT]",
https://openalex.org/S175013504,Gender in Management,GENDER IN MANAGEMENT,Gender in Management An International Journal,1754-2413,"[BUSINESS, MANAGEMENT]",
https://openalex.org/S34280410,JOURNAL OF PRODUCTIVITY ANALYSIS,JOURNAL OF PRODUCTIVITY ANALYSIS,Journal of Productivity Analysis,0895-562X,"[BUSINESS, ECONOMICS]",
https://openalex.org/S8124760,Journal of Management & Organization,JOURNAL OF MANAGEMENT & ORGANIZATION,Journal of Management & Organization,1833-3672,[MANAGEMENT],
https://openalex.org/S174413665,REVIEW OF INCOME AND WEALTH,REVIEW OF INCOME AND WEALTH,Review of Income and Wealth,0034-6586,[ECONOMICS],
https://openalex.org/S7161550,Spatial Economic Analysis,SPATIAL ECONOMIC ANALYSIS,Spatial Economic Analysis,1742-1772,[ECONOMICS],
https://openalex.org/S156003414,Quantitative Economics,QUANTITATIVE ECONOMICS,Quantitative Economics,1759-7323,[ECONOMICS],
https://openalex.org/S43637407,R & D MANAGEMENT,R & D MANAGEMENT,R and D Management,0033-6807,"[BUSINESS, MANAGEMENT]",
https://openalex.org/S4210172902,JOURNAL OF INSTITUTIONAL AND THEORETICAL ECONOMICS-ZEITSCHRIFT FUR DIE GESAMTE STAATSWISSENSCHAFT,JOURNAL OF INSTITUTIONAL AND THEORETICAL ECONOMICS-ZEITSCHRIFT FUR DIE GESAMTE STAATSWISSENSCHAFT,Journal of Institutional and Theoretical Economics JITE,0932-4569,[ECONOMICS],
https://openalex.org/S111496547,SCOTTISH JOURNAL OF POLITICAL ECONOMY,SCOTTISH JOURNAL OF POLITICAL ECONOMY,Scottish Journal of Political Economy,0036-9292,[ECONOMICS],
https://openalex.org/S76633192,JOURNAL OF BUSINESS ETHICS,JOURNAL OF BUSINESS ETHICS,Journal of Business Ethics,0167-4544,[BUSINESS],
https://openalex.org/S2876017,JOURNAL OF BANKING & FINANCE,JOURNAL OF BANKING & FINANCE,Journal of Banking & Finance,0378-4266,"['BUSINESS, FINANCE', ECONOMICS]",
https://openalex.org/S101209419,JOURNAL OF DEVELOPMENT ECONOMICS,JOURNAL OF DEVELOPMENT ECONOMICS,Journal of Development Economics,0304-3878,[ECONOMICS],
https://openalex.org/S82743730,Journal of International Financial Markets Institutions & Money,JOURNAL OF INTERNATIONAL FINANCIAL MARKETS INSTITUTIONS & MONEY,Journal of International Financial Markets Institutions and Money,1042-4431,"['BUSINESS, FINANCE', ECONOMICS]",
https://openalex.org/S19645890,CHINA ECONOMIC REVIEW,CHINA ECONOMIC REVIEW,China Economic Review,1043-951X,[ECONOMICS],
https://openalex.org/S65353606,International Journal of Retail & Distribution Management,INTERNATIONAL JOURNAL OF RETAIL & DISTRIBUTION MANAGEMENT,International Journal of Retail & Distribution Management,0959-0552,"[BUSINESS, MANAGEMENT]",
https://openalex.org/S29049940,Pacific-Basin Finance Journal,PACIFIC-BASIN FINANCE JOURNAL,Pacific-Basin Finance Journal,0927-538X,"['BUSINESS, FINANCE']",
https://openalex.org/S146268463,Journal of Institutional Economics,JOURNAL OF INSTITUTIONAL ECONOMICS,Journal of Institutional Economics,1744-1374,[ECONOMICS],
https://openalex.org/S48661868,China & World Economy,CHINA & WORLD ECONOMY,China & World Economy,1671-2234,[ECONOMICS],
https://openalex.org/S4210170931,Annual Review of Financial Economics,ANNUAL REVIEW OF FINANCIAL ECONOMICS,Annual Review of Financial Economics,1941-1367,"['BUSINESS, FINANCE', ECONOMICS]",
https://openalex.org/S92422469,Journal of Multinational Financial Management,JOURNAL OF MULTINATIONAL FINANCIAL MANAGEMENT,Journal of Multinational Financial Management,1042-444X,"['BUSINESS, FINANCE']",
https://openalex.org/S199690760,Innovation-Organization & Management,INNOVATION-ORGANIZATION & MANAGEMENT,Innovation,1447-9338,[MANAGEMENT],
https://openalex.org/S52333995,Journal of Economic Methodology,JOURNAL OF ECONOMIC METHODOLOGY,Journal of Economic Methodology,1350-178X,[ECONOMICS],
https://openalex.org/S40814766,Journal of Marketing for Higher Education,JOURNAL OF MARKETING FOR HIGHER EDUCATION,Journal of Marketing for HIGHER EDUCATION,0884-1241,[BUSINESS],
https://openalex.org/S128035191,DEVELOPING ECONOMIES,DEVELOPING ECONOMIES,The Developing Economies,0012-1533,"[DEVELOPMENT STUDIES, ECONOMICS]",
https://openalex.org/S95314075,Leadership,LEADERSHIP,Leadership,1742-7150,[MANAGEMENT],
https://openalex.org/S2764583656,Journal of Social Marketing,JOURNAL OF SOCIAL MARKETING,Journal of Social Marketing,2042-6763,[BUSINESS],
https://openalex.org/S2738281210,RBGN-Revista Brasileira de Gestao de Negocios,RBGN-REVISTA BRASILEIRA DE GESTAO DE NEGOCIOS,Review of Business Management,1806-4892,"[BUSINESS, MANAGEMENT]",
https://openalex.org/S26772273,Climate Change Economics,CLIMATE CHANGE ECONOMICS,Climate Change Economics,2010-0078,"[ECONOMICS, ENVIRONMENTAL STUDIES]",
https://openalex.org/S196919950,Family Business Review,FAMILY BUSINESS REVIEW,Family Business Review,0894-4865,[BUSINESS],
https://openalex.org/S116184629,NATIONAL TAX JOURNAL,NATIONAL TAX JOURNAL,National Tax Journal,0028-0283,"['BUSINESS, FINANCE', ECONOMICS]",
https://openalex.org/S44376543,Business & Society,BUSINESS & SOCIETY,Business & Society,0007-6503,[BUSINESS],
https://openalex.org/S134094273,HUMAN RESOURCE MANAGEMENT,HUMAN RESOURCE MANAGEMENT,Human Resource Management,0090-4848,[MANAGEMENT],
https://openalex.org/S41416626,HARVARD BUSINESS REVIEW,HARVARD BUSINESS REVIEW,Harvard business review,0017-8012,"[BUSINESS, MANAGEMENT]",
https://openalex.org/S42893225,American Economic Journal-Applied Economics,AMERICAN ECONOMIC JOURNAL-APPLIED ECONOMICS,American Economic Journal Applied Economics,1945-7782,[ECONOMICS],
https://openalex.org/S130179515,ECONOMIC RECORD,ECONOMIC RECORD,Economic Record,0013-0249,[ECONOMICS],
https://openalex.org/S107183665,Journal of Service Management,JOURNAL OF SERVICE MANAGEMENT,Journal of service management,1757-5818,[MANAGEMENT],
https://openalex.org/S187200255,Competition & Change,COMPETITION & CHANGE,Competition & Change,1024-5294,"[BUSINESS, ECONOMICS, GEOGRAPHY]",
https://openalex.org/S197112600,Emerging Markets Review,EMERGING MARKETS REVIEW,Emerging Markets Review,1566-0141,"['BUSINESS, FINANCE', ECONOMICS]",
https://openalex.org/S35363033,Information and Organization,INFORMATION AND ORGANIZATION,Information and Organization,1471-7727,[MANAGEMENT],
https://openalex.org/S49389958,ECONOMETRIC THEORY,ECONOMETRIC THEORY,Econometric Theory,0266-4666,[ECONOMICS],
https://openalex.org/S40285785,Journal of Applied Economics,JOURNAL OF APPLIED ECONOMICS,Journal of Applied Economics,1514-0326,[ECONOMICS],
https://openalex.org/S168697966,Management & Organizational History,MANAGEMENT & ORGANIZATIONAL HISTORY,Management & Organizational History,1744-9359,[MANAGEMENT],
https://openalex.org/S77308338,CORPORATE GOVERNANCE-AN INTERNATIONAL REVIEW,CORPORATE GOVERNANCE-AN INTERNATIONAL REVIEW,Corporate Governance An International Review,0964-8410,"[BUSINESS, 'BUSINESS, FINANCE', MANAGEMENT]",
https://openalex.org/S21260181,IMF Economic Review,IMF ECONOMIC REVIEW,IMF Economic Review,2041-4161,"['BUSINESS, FINANCE', ECONOMICS]",
https://openalex.org/S96919139,American Economic Journal-Microeconomics,AMERICAN ECONOMIC JOURNAL-MICROECONOMICS,American Economic Journal Microeconomics,1945-7669,[ECONOMICS],
https://openalex.org/S151705444,JOURNAL OF MANAGEMENT STUDIES,JOURNAL OF MANAGEMENT STUDIES,Journal of Management Studies,0022-2380,"[BUSINESS, MANAGEMENT]",
https://openalex.org/S153849593,Baltic Journal of Management,BALTIC JOURNAL OF MANAGEMENT,Baltic Journal of Management,1746-5265,[MANAGEMENT],
https://openalex.org/S2058785,JOURNAL OF MONEY CREDIT AND BANKING,JOURNAL OF MONEY CREDIT AND BANKING,Journal of money credit and banking,0022-2879,"['BUSINESS, FINANCE', ECONOMICS]",
https://openalex.org/S113237667,BUSINESS HORIZONS,BUSINESS HORIZONS,Business Horizons,0007-6813,[BUSINESS],
https://openalex.org/S16530434,European Journal of Health Economics,EUROPEAN JOURNAL OF HEALTH ECONOMICS,The European Journal of Health Economics,1618-7598,"[ECONOMICS, HEALTH POLICY & SERVICES]",
https://openalex.org/S197145128,JOURNAL OF ORGANIZATIONAL CHANGE MANAGEMENT,JOURNAL OF ORGANIZATIONAL CHANGE MANAGEMENT,Journal of Organizational Change Management,0953-4814,[MANAGEMENT],
https://openalex.org/S66201313,JOURNAL OF BUSINESS VENTURING,JOURNAL OF BUSINESS VENTURING,Journal of Business Venturing,0883-9026,[BUSINESS],
https://openalex.org/S85739584,JOURNAL OF APPLIED ECONOMETRICS,JOURNAL OF APPLIED ECONOMETRICS,Journal of Applied Econometrics,0883-7252,[ECONOMICS],
https://openalex.org/S104354167,ACTA OECONOMICA,ACTA OECONOMICA,Acta Oeconomica,0001-6373,[ECONOMICS],
https://openalex.org/S180061323,REVIEW OF ECONOMICS AND STATISTICS,REVIEW OF ECONOMICS AND STATISTICS,The Review of Economics and Statistics,0034-6535,[ECONOMICS],
https://openalex.org/S2875300,REVIEW OF INTERNATIONAL POLITICAL ECONOMY,REVIEW OF INTERNATIONAL POLITICAL ECONOMY,Review of International Political Economy,0969-2290,[ECONOMICS],
https://openalex.org/S145200904,HEALTH ECONOMICS,HEALTH ECONOMICS,Health Economics,1057-9230,"[ECONOMICS, HEALTH CARE SCIENCES & SERVICES, HEALTH POLICY & SERVICES]",
https://openalex.org/S141184754,ECONOMIC MODELLING,ECONOMIC MODELLING,Economic Modelling,0264-9993,[ECONOMICS],
https://openalex.org/S170810187,International Journal of Bank Marketing,INTERNATIONAL JOURNAL OF BANK MARKETING,International Journal of Bank Marketing,0265-2323,[BUSINESS],
https://openalex.org/S2735890421,WORLD BANK ECONOMIC REVIEW,WORLD BANK ECONOMIC REVIEW,The World Bank Economic Review,0258-6770,"['BUSINESS, FINANCE', DEVELOPMENT STUDIES, ECONOMICS]",
https://openalex.org/S83262020,Journal of International Financial Management & Accounting,JOURNAL OF INTERNATIONAL FINANCIAL MANAGEMENT & ACCOUNTING,Journal of International Financial Management and Accounting,0954-1314,"['BUSINESS, FINANCE']",
https://openalex.org/S165973286,Journal of Computational Finance,JOURNAL OF COMPUTATIONAL FINANCE,The Journal of Computational Finance,1460-1559,"['BUSINESS, FINANCE']",
https://openalex.org/S105799767,European Journal of the History of Economic Thought,EUROPEAN JOURNAL OF THE HISTORY OF ECONOMIC THOUGHT,European Journal of the History of Economic Thought,0967-2567,[ECONOMICS],
https://openalex.org/S114140714,Management Accounting Research,MANAGEMENT ACCOUNTING RESEARCH,Management Accounting Research,1044-5005,"['BUSINESS, FINANCE', MANAGEMENT]",
https://openalex.org/S116483603,JOURNAL OF RISK AND INSURANCE,JOURNAL OF RISK AND INSURANCE,Journal of Risk & Insurance,0022-4367,"['BUSINESS, FINANCE', ECONOMICS]",
https://openalex.org/S36209479,Industry and Innovation,INDUSTRY AND INNOVATION,Industry and Innovation,1366-2716,"[ECONOMICS, MANAGEMENT]",
https://openalex.org/S942037226,BUSINESS HISTORY,BUSINESS HISTORY,Business History,0007-6791,[BUSINESS],
https://openalex.org/S95464858,ECONOMETRICA,ECONOMETRICA,Econometrica,0012-9682,[ECONOMICS],
https://openalex.org/S42192170,INTERNATIONAL TAX AND PUBLIC FINANCE,INTERNATIONAL TAX AND PUBLIC FINANCE,International Tax and Public Finance,0927-5940,[ECONOMICS],
https://openalex.org/S128223704,ECONOMICS AND PHILOSOPHY,ECONOMICS AND PHILOSOPHY,Economics and Philosophy,0266-2671,,[]
https://openalex.org/S48312676,MIS QUARTERLY EXECUTIVE,MIS QUARTERLY EXECUTIVE,MIS Quarterly Executive,1540-1960,,[]
https://openalex.org/S120253869,REVIEW OF ECONOMICS OF THE HOUSEHOLD,REVIEW OF ECONOMICS OF THE HOUSEHOLD,Review of Economics of the Household,1569-5239,,[]
https://openalex.org/S79007945,BUSINESS ETHICS-A EUROPEAN REVIEW,BUSINESS ETHICS-A EUROPEAN REVIEW,Business Ethics A European Review,0962-8770,,[]
https://openalex.org/S50758683,REVISTA DE HISTORIA ECONOMICA,REVISTA DE HISTORIA ECONOMICA,Revista de Historia Econ�mica / Journal of Iberian and Latin American Economic History,0212-6109,,[]
https://openalex.org/S60370010,JOURNAL OF THE KNOWLEDGE ECONOMY,JOURNAL OF THE KNOWLEDGE ECONOMY,Journal of the Knowledge Economy,1868-7865,,[]
https://openalex.org/S1014724869,ECONOMIC RESEARCH-EKONOMSKA ISTRAZIVANJA,ECONOMIC RESEARCH-EKONOMSKA ISTRAZIVANJA,Economic Research-Ekonomska Istra?ivanja,1331-677X,,[]
https://openalex.org/S4363607656,INTERNATIONAL JOURNAL OF ARTS MANAGEMENT,INTERNATIONAL JOURNAL OF ARTS MANAGEMENT,International Journal of Arts Management,1480-8986,,[]
https://openalex.org/S1041061247,FINANCE A UVER-CZECH JOURNAL OF ECONOMICS AND FINANCE,FINANCE A UVER-CZECH JOURNAL OF ECONOMICS AND FINANCE,Finance A Uver-czech Journal of Economics and Finance,0015-1920,,[]
https://openalex.org/S22315241,FINANZARCHIV,FINANZARCHIV,FinanzArchiv Public Finance Analysis,0015-2218,,[]
https://openalex.org/S940947811,SPANISH JOURNAL OF FINANCE AND ACCOUNTING-REVISTA ESPANOLA DE FINANCIACION Y CONTABILIDA,SPANISH JOURNAL OF FINANCE AND ACCOUNTING-REVISTA ESPANOLA DE FINANCIACION Y CONTABILIDA,Revista Espanola De Financiacion Y Contabilidad-spanish Journal of Finance and Accounting,0210-2412,,[]
https://openalex.org/S2737251658,LATIN AMERICAN ECONOMIC REVIEW,LATIN AMERICAN ECONOMIC REVIEW,Latin American Economic Review,2196-436X,,[]
https://openalex.org/S153975964,INTERNATIONAL JOURNAL OF TRANSPORT ECONOMICS,INTERNATIONAL JOURNAL OF TRANSPORT ECONOMICS,Rivista Internazionale di Economia dei Trasporti,0303-5247,,[]
https://openalex.org/S4210202650,ACADEMY OF MANAGEMENT DISCOVERIES,ACADEMY OF MANAGEMENT DISCOVERIES,Academy of Management Discoveries,2168-1007,,[]
https://openalex.org/S196034224,MIT SLOAN MANAGEMENT REVIEW,MIT SLOAN MANAGEMENT REVIEW,MIT Sloan management review,1532-8937,,[]
https://openalex.org/S4210193058,WORK AGING AND RETIREMENT,WORK AGING AND RETIREMENT,Work Aging and Retirement,2054-4650,,[]
https://openalex.org/S3034727917,FINANCIAL INNOVATION,FINANCIAL INNOVATION,Financial Innovation,2199-4730,,[]
https://openalex.org/S3593595,AUSTRALIAN JOURNAL OF AGRICULTURAL AND RESOURCE ECONOMICS,AUSTRALIAN JOURNAL OF AGRICULTURAL AND RESOURCE ECONOMICS,Australian Journal of Agricultural and Resource Economics,1364-985X,,[]
https://openalex.org/S4210191200,APPLIED ECONOMIC ANALYSIS,APPLIED ECONOMIC ANALYSIS,Applied Economic Analysis,2632-7627,,[]
https://openalex.org/S185325801,JOURNAL OF KOREA TRADE,JOURNAL OF KOREA TRADE,Journal of Korea Trade,1229-828X,,[]
