journal,ISSN,eISSN,categories
BMC Palliative Care,1472-684X,1472-684X,"[HEALTH CARE SCIENCES & SERVICES, HEALTH POLICY & SERVICES]"
JOURNAL OF SCHOOL HEALTH,0022-4391,1746-1561,[HEALTH CARE SCIENCES & SERVICES]
JOURNAL OF RURAL HEALTH,0890-765X,1748-0361,"[HEALTH CARE SCIENCES & SERVICES, HEALTH POLICY & SERVICES]"
BMJ Open Quality,N/A,2399-6641,[HEALTH CARE SCIENCES & SERVICES]
EVALUATION & THE HEALTH PROFESSIONS,0163-2787,1552-3918,"[HEALTH CARE SCIENCES & SERVICES, HEALTH POLICY & SERVICES]"
CAMBRIDGE QUARTERLY OF HEALTHCARE ETHICS,0963-1801,1469-2147,"[HEALTH CARE SCIENCES & SERVICES, HEALTH POLICY & SERVICES]"
Drug Healthcare and Patient Safety,1179-1365,1179-1365,[HEALTH CARE SCIENCES & SERVICES]
Journal of Patient Safety and Risk Management,2516-0435,2516-0443,"[HEALTH CARE SCIENCES & SERVICES, HEALTH POLICY & SERVICES]"
International Review of Financial Analysis,1057-5219,1873-8079,"['BUSINESS, FINANCE']"
Management Accounting Research,1044-5005,1096-1224,"['BUSINESS, FINANCE', MANAGEMENT]"
Management Review Quarterly,2198-1620,2198-1639,"[BUSINESS, 'BUSINESS, FINANCE', MANAGEMENT]"
Strategic Change-Briefings in Entrepreneurial Finance,1086-1718,1099-1697,"['BUSINESS, FINANCE']"
International Journal of Financial Studies,2227-7072,2227-7072,"['BUSINESS, FINANCE']"
Journal of Accounting in Emerging Economies,2042-1168,2042-1176,"['BUSINESS, FINANCE']"
Journal of Accounting and Organizational Change,1832-5912,1839-5473,"['BUSINESS, FINANCE']"
Pacific Accounting Review,0114-0582,2041-5494,"['BUSINESS, FINANCE']"
International Review of Finance,1369-412X,1468-2443,"['BUSINESS, FINANCE']"
SIAM Journal on Financial Mathematics,1945-497X,1945-497X,"['BUSINESS, FINANCE']"
Journal of Revenue and Pricing Management,1476-6930,1477-657X,"['BUSINESS, FINANCE']"
Journal of European Real Estate Research,1753-9269,1753-9269,"['BUSINESS, FINANCE']"
Current Issues in Auditing,1936-1270,1936-1270,"['BUSINESS, FINANCE']"
Comptabilite Controle Audit,1262-2788,N/A,"['BUSINESS, FINANCE']"
Journal of Law Finance and Accounting,2380-5005,2380-5013,"['BUSINESS, FINANCE']"
Journal of Tax Administration,2059-190X,2059-190X,"['BUSINESS, FINANCE']"
South African Actuarial Journal,1680-2179,1680-2179,"['BUSINESS, FINANCE']"
RESEARCH POLICY,0048-7333,1873-7625,[MANAGEMENT]
JOURNAL OF INTERNATIONAL BUSINESS STUDIES,0047-2506,1478-6990,"[BUSINESS, MANAGEMENT]"
International Business Review,0969-5931,1873-6149,"[BUSINESS, MANAGEMENT]"
JOURNAL OF SMALL BUSINESS MANAGEMENT,0047-2778,1540-627X,[MANAGEMENT]
Annual Review of Organizational Psychology and Organizational Behavior,2327-0608,2327-0616,[MANAGEMENT]
ORGANIZATION,1350-5084,1461-7323,[MANAGEMENT]
Journal of Enterprise Information Management,1741-0398,1758-7409,[MANAGEMENT]
Journal of International Management,1075-4253,1873-0620,[MANAGEMENT]
JOURNAL OF ORGANIZATIONAL CHANGE MANAGEMENT,0953-4814,1758-7816,[MANAGEMENT]
JOURNAL OF INFORMATION TECHNOLOGY,0268-3962,1466-4437,[MANAGEMENT]
European Sport Management Quarterly,1618-4742,1746-031X,[MANAGEMENT]
MANAGEMENT LEARNING,1350-5076,1461-7307,[MANAGEMENT]
Management and Organization Review,1740-8776,1740-8784,[MANAGEMENT]
International Journal of Entrepreneurship & Small Business,1476-1297,1741-8054,"[BUSINESS, MANAGEMENT]"
Journal of Organizational and End User Computing,1546-2234,1546-5012,[MANAGEMENT]
Journal of Global Responsibility,2041-2568,2041-2576,[MANAGEMENT]
Engineering Management Journal,1042-9247,2377-0643,[MANAGEMENT]
International Journal of Strategic Property Management,1648-715X,1648-9179,[MANAGEMENT]
Journal of Multi-Criteria Decision Analysis,1057-9214,1099-1360,[MANAGEMENT]
JOURNAL OF GENERAL MANAGEMENT,0306-3070,1759-6106,[MANAGEMENT]
Operations and Supply Chain Management-An International Journal,1979-3561,2579-9363,[MANAGEMENT]
REGE-Revista de Gestao,1809-2276,2177-8736,[MANAGEMENT]
Journal of Trust Research,2151-5581,2151-559X,[MANAGEMENT]
Organizacija,1318-5454,1581-1832,[MANAGEMENT]
Proceedings of the Institution of Civil Engineers-Management Procurement and Law,1751-4304,1751-4312,[MANAGEMENT]
International Journal of Business Performance Management,1368-4892,1741-5039,[MANAGEMENT]
Acta Logistica,N/A,1339-5629,[MANAGEMENT]
Foundations of Management,2080-7279,2300-5661,[MANAGEMENT]
Problemy Zarzadzania-Management Issues,1644-9584,2300-8792,[MANAGEMENT]
JOURNAL OF CONSUMER RESEARCH,0093-5301,1537-5277,[BUSINESS]
Marketing Intelligence & Planning,0263-4503,1758-8049,[BUSINESS]
MARKETING LETTERS,0923-0645,1573-059X,[BUSINESS]
Journal of Small Business and Enterprise Development,1462-6004,1758-7840,[BUSINESS]
JOURNAL OF PUBLIC POLICY & MARKETING,0743-9156,1547-7207,[BUSINESS]
Competitiveness Review,1059-5422,2051-3143,[BUSINESS]
Clothing and Textiles Research Journal,0887-302X,1940-2473,[BUSINESS]
Consumption Markets & Culture,1025-3866,1477-223X,[BUSINESS]
European Business Organization Law Review,1566-7529,1741-6205,[BUSINESS]
Journal of Asian Business and Economic Studies,N/A,2515-964X,"[BUSINESS, ECONOMICS]"
Journal of World Energy Law & Business,1754-9957,1754-9965,[BUSINESS]
Journal of Intelligence Studies in Business,2001-015X,2001-015X,[BUSINESS]
Asian Case Research Journal,0218-9275,1793-6772,[BUSINESS]
Gurukul Business Review-GBR,0973-1466,0973-9262,[BUSINESS]
Journal of Rural Studies,0743-0167,1873-1392,[GEOGRAPHY]
ANTIPODE,0066-4812,1467-8330,[GEOGRAPHY]
Mobilities,1745-0101,1745-011X,"[GEOGRAPHY, TRANSPORTATION]"
JOURNAL OF GEOGRAPHY IN HIGHER EDUCATION,0309-8265,1466-1845,[GEOGRAPHY]
Space and Culture,1206-3312,1552-8308,[GEOGRAPHY]
CARTOGRAPHIC JOURNAL,0008-7041,1743-2774,[GEOGRAPHY]
Boletin de la Asociacion de Geografos Espanoles,0212-9426,2605-3322,[GEOGRAPHY]
African Geographical Review,1937-6812,2163-2642,[GEOGRAPHY]
Journal of Latin American Geography,1545-2476,1548-5811,[GEOGRAPHY]
Wellbeing Space and Society,2666-5581,2666-5581,[GEOGRAPHY]
Applied Mobilities,2380-0127,2380-0135,"[GEOGRAPHY, TRANSPORTATION]"
Revue de Geographie Alpine-Journal of Alpine Research,0035-1121,1760-7426,[GEOGRAPHY]
Journal of Settlements and Spatial Planning,2069-3419,2248-2199,[GEOGRAPHY]
GEOgraphia-UFF,1517-7793,1517-7793,[GEOGRAPHY]
Hrvatski Geografski Glasnik-Croatian Geographical Bulletin,1331-5854,1848-6401,[GEOGRAPHY]
Revista Geografica Venezolana,1012-1617,2244-8853,[GEOGRAPHY]
INTERNATIONAL MIGRATION REVIEW,0197-9183,1747-7379,[DEMOGRAPHY]
POPULATION RESEARCH AND POLICY REVIEW,0167-5923,1573-7829,[DEMOGRAPHY]
Refuge,0229-5113,1920-7336,[DEMOGRAPHY]
Journal of Demographic Economics,2054-0892,2054-0906,"[DEMOGRAPHY, ECONOMICS]"
Canadian Studies in Population,0380-1489,1927-629X,[DEMOGRAPHY]
Revista Latinoamericana de Poblacion,N/A,2393-6401,[DEMOGRAPHY]
Du Bois Review-Social Science Research on Race,1742-058X,1742-0598,[ETHNIC STUDIES]
Race and Justice,2153-3687,2153-3687,[ETHNIC STUDIES]
Asian Ethnicity,1463-1369,1469-2953,[ETHNIC STUDIES]
Transition,0041-1191,1527-8042,[ETHNIC STUDIES]
QUARTERLY JOURNAL OF ECONOMICS,0033-5533,1531-4650,[ECONOMICS]
Journal of Econometrics,0304-4076,1872-6895,[ECONOMICS]
JOURNAL OF ECONOMIC HISTORY,0022-0507,1471-6372,[ECONOMICS]
OXFORD REVIEW OF ECONOMIC POLICY,0266-903X,1460-2121,[ECONOMICS]
Economics & Human Biology,1570-677X,1873-6130,[ECONOMICS]
ENVIRONMENT AND DEVELOPMENT ECONOMICS,1355-770X,1469-4395,"[ECONOMICS, ENVIRONMENTAL STUDIES]"
EUROPE-ASIA STUDIES,0966-8136,1465-3427,"[AREA STUDIES, ECONOMICS]"
Journal of Institutional Economics,1744-1374,1744-1382,[ECONOMICS]
Economic Systems Research,0953-5314,1469-5758,[ECONOMICS]
Journal of Cultural Economics,0885-2545,1573-6997,[ECONOMICS]
Agricultural Economics-Zemedelska Ekonomika,0139-570X,1805-9295,"[AGRICULTURAL ECONOMICS & POLICY, ECONOMICS]"
Economics & Philosophy,0266-2671,1474-0028,[ECONOMICS]
JOURNAL OF INSTITUTIONAL AND THEORETICAL ECONOMICS-ZEITSCHRIFT FUR DIE GESAMTE STAATSWISSENSCHAFT,0932-4569,1614-0559,[ECONOMICS]
ECONOMIST-NETHERLANDS,0013-063X,1572-9982,[ECONOMICS]
Journal of Economics Finance and Administrative Science,2077-1886,2218-0648,[ECONOMICS]
Pacific Economic Review,1361-374X,1468-0106,[ECONOMICS]
Journal of Industrial and Business Economics,0391-2078,1972-4977,[ECONOMICS]
Estudios Gerenciales,0123-5923,0123-5923,[ECONOMICS]
International Review of Environmental and Resource Economics,1932-1465,1932-1473,[ECONOMICS]
Asian Economic Journal,1351-3958,1467-8381,[ECONOMICS]
Journal of International Commerce Economics and Policy,1793-9933,1793-9941,[ECONOMICS]
International Journal of Transport Economics,0391-8440,N/A,"[ECONOMICS, TRANSPORTATION]"
International Real Estate Review,2154-8919,2154-8919,[ECONOMICS]
Journal of Private Enterprise,0890-913X,0890-913X,[ECONOMICS]
Gospodarka Narodowa-The Polish Journal of Economics,0867-0005,2300-5238,[ECONOMICS]
REVUE D ETUDES COMPARATIVES EST-OUEST,0338-0599,N/A,[ECONOMICS]
Politica Economica,1120-9496,1973-8218,[ECONOMICS]
Applied Economics Journal,2586-9124,2586-9132,[ECONOMICS]
Maritime Policy & Management,0308-8839,1464-5254,[TRANSPORTATION]
Future Transportation,N/A,2673-7590,[TRANSPORTATION]
Journal of Road Safety-JRS,2652-4260,2652-4252,[TRANSPORTATION]
Land,N/A,2073-445X,[ENVIRONMENTAL STUDIES]
Ecosystem Services,2212-0416,2212-0416,"[ECOLOGY, ENVIRONMENTAL STUDIES]"
Journal of Housing and the Built Environment,1566-4910,1573-7772,"[ENVIRONMENTAL STUDIES, URBAN STUDIES]"
Environmental and Sustainability Indicators,2665-9727,2665-9727,[ENVIRONMENTAL STUDIES]
Frontiers in Sustainability,N/A,2673-4524,[ENVIRONMENTAL STUDIES]
Transnational Environmental Law,2047-1025,2047-1033,[ENVIRONMENTAL STUDIES]
International Journal of Urban Sustainable Development,1946-3138,1946-3146,[ENVIRONMENTAL STUDIES]
Journal of Environmental Economics and Policy,2160-6544,2160-6552,[ENVIRONMENTAL STUDIES]
Problemy Ekorozwoju,1895-6912,2080-1971,[ENVIRONMENTAL STUDIES]
Climate Law,1878-6553,1878-6561,[ENVIRONMENTAL STUDIES]
JOURNAL OF SOUTHERN AFRICAN STUDIES,0305-7070,1465-3893,[AREA STUDIES]
LATIN AMERICAN RESEARCH REVIEW,N/A,1542-4278,[AREA STUDIES]
Journal of Asian Public Policy,1751-6234,1751-6242,[AREA STUDIES]
Journal of East Asian Studies,1598-2408,2234-6643,[AREA STUDIES]
East Asian Science Technology and Society-An International Journal,1875-2160,1875-2152,[AREA STUDIES]
Southeast Asian Studies,2186-7275,2423-8686,[AREA STUDIES]
International Communication of Chinese Culture,2197-4233,2197-4241,[AREA STUDIES]
Mundo Amazonico,2145-5082,2145-5082,[AREA STUDIES]
International Journal of Taiwan Studies,2468-8797,2468-8800,[AREA STUDIES]
Afriques-Debats Methodes et Terrains d Histoire,2108-6796,2108-6796,[AREA STUDIES]
Annee du Maghreb,2109-9405,2109-9405,[AREA STUDIES]
Journal of African Military History,2468-0958,2468-0966,[AREA STUDIES]
Verge-Studies in Global Asias,2373-5058,2373-5066,[AREA STUDIES]
Middle East Development Journal,1793-8120,1793-8171,[DEVELOPMENT STUDIES]
Methods in Ecology and Evolution,2041-210X,2041-2096,[ECOLOGY]
ECOGRAPHY,0906-7590,1600-0587,[ECOLOGY]
BEHAVIORAL ECOLOGY,1045-2249,1465-7279,[ECOLOGY]
Environmental DNA,2637-4943,2637-4943,[ECOLOGY]
AQUATIC ECOLOGY,1386-2588,1573-5125,[ECOLOGY]
ISME Communications,N/A,2730-6151,[ECOLOGY]
Ecosystem Health and Sustainability,2096-4129,2332-8878,[ECOLOGY]
SOUTHWESTERN NATURALIST,0038-4909,1943-6262,[ECOLOGY]
BMC Ecology and Evolution,N/A,2730-7182,[ECOLOGY]
Cityscape,1936-007X,1939-1935,[URBAN STUDIES]
Urbani Izziv-Urban Challenge,0353-6483,1855-8399,[URBAN STUDIES]
International Journal of Built Environment and Sustainability,1511-1369,2289-8948,[URBAN STUDIES]
Habitat y Sociedad,2173-125X,2173-125X,[URBAN STUDIES]
GOVERNANCE-AN INTERNATIONAL JOURNAL OF POLICY ADMINISTRATION AND INSTITUTIONS,0952-1895,1468-0491,[PUBLIC ADMINISTRATION]
Journal of Homeland Security and Emergency Management,2194-6361,1547-7355,[PUBLIC ADMINISTRATION]
Current Forestry Reports,2198-6436,2198-6436,[FORESTRY]
Croatian Journal of Forest Engineering,1845-5719,1845-5719,[FORESTRY]
Tree-Ring Research,1536-1098,2162-4585,[FORESTRY]
Revista Forestal Mesoamerica Kuru-RFMK,2215-2504,2215-2504,[FORESTRY]
JOURNAL OF OPTIMIZATION THEORY AND APPLICATIONS,0022-3239,1573-2878,[OPERATIONS RESEARCH & MANAGEMENT SCIENCE]
JOURNAL OF GLOBAL OPTIMIZATION,0925-5001,1573-2916,[OPERATIONS RESEARCH & MANAGEMENT SCIENCE]
Brazilian Journal of Operations & Production Management,2237-8960,2237-8960,[OPERATIONS RESEARCH & MANAGEMENT SCIENCE]
NEW MEDIA & SOCIETY,1461-4448,1461-7315,[COMMUNICATION]
HEALTH COMMUNICATION,1041-0236,1532-7027,"[COMMUNICATION, HEALTH POLICY & SERVICES]"
PUBLIC OPINION QUARTERLY,0033-362X,1537-5331,[COMMUNICATION]
International Journal of Communication,1932-8036,1932-8036,[COMMUNICATION]
COMMUNICATION THEORY,1050-3293,1468-2885,[COMMUNICATION]
Mass Communication and Society,1520-5436,1532-7825,[COMMUNICATION]
JOURNAL OF LANGUAGE AND SOCIAL PSYCHOLOGY,0261-927X,1552-6526,[COMMUNICATION]
DISCOURSE STUDIES,1461-4456,1461-7080,[COMMUNICATION]
Critical Discourse Studies,1740-5904,1740-5912,[COMMUNICATION]
Journal of International and Intercultural Communication,1751-3057,1751-3065,[COMMUNICATION]
Global Media and China,2059-4364,2059-4372,[COMMUNICATION]
Doxa Comunicacion,1696-019X,2386-3978,[COMMUNICATION]
Brazilian Journalism Research,1808-4079,1981-9854,[COMMUNICATION]
Revista de Comunicacion de la SEECI,1576-3420,2695-5156,[COMMUNICATION]
Media Literacy and Academic Research,2585-8726,2585-9188,[COMMUNICATION]
Language-Culture and Society,2543-3164,2543-3156,[COMMUNICATION]
Turkiye Iletisim Arastirmalari Dergisi-Turkish Review of Communication Studies,N/A,2630-6220,[COMMUNICATION]
British Food Journal,0007-070X,1758-4108,[AGRICULTURAL ECONOMICS & POLICY]
Culture Agriculture Food and Environment,2153-9553,2153-9561,[AGRICULTURAL ECONOMICS & POLICY]
AUSTRALIAN FARM BUSINESS MANAGEMENT JOURNAL,1449-5937,1449-7875,[AGRICULTURAL ECONOMICS & POLICY]
BRITISH JOURNAL OF INDUSTRIAL RELATIONS,0007-1080,1467-8543,[INDUSTRIAL RELATIONS & LABOR]
Advances in Developing Human Resources,1523-4223,1552-3055,[INDUSTRIAL RELATIONS & LABOR]
JOURNAL OF LABOR RESEARCH,0195-3613,1936-4768,[INDUSTRIAL RELATIONS & LABOR]
INDUSTRIAL LAW JOURNAL,0305-9332,1464-3669,[INDUSTRIAL RELATIONS & LABOR]
JOURNAL OF COMMUNITY HEALTH,0094-5145,1573-3610,[HEALTH POLICY & SERVICES]
Israel Journal of Health Policy Research,2045-4015,2045-4015,[HEALTH POLICY & SERVICES]
PHARMACOECONOMICS,1170-7690,1179-2027,"[ECONOMICS, HEALTH CARE SCIENCES & SERVICES, HEALTH POLICY & SERVICES]"
MEDICAL DECISION MAKING,0272-989X,1552-681X,"[HEALTH CARE SCIENCES & SERVICES, HEALTH POLICY & SERVICES]"
Therapeutics and Clinical Risk Management,N/A,1178-203X,[HEALTH CARE SCIENCES & SERVICES]
Australian Health Review,0156-5788,1449-8944,"[HEALTH CARE SCIENCES & SERVICES, HEALTH POLICY & SERVICES]"
Journal of Patient-Reported Outcomes,N/A,2509-8020,"[HEALTH CARE SCIENCES & SERVICES, HEALTH POLICY & SERVICES]"
TEACHING AND LEARNING IN MEDICINE,1040-1334,1532-8015,[HEALTH CARE SCIENCES & SERVICES]
Advances in Simulation,N/A,2059-0628,[HEALTH CARE SCIENCES & SERVICES]
mHealth,N/A,2306-9740,[HEALTH CARE SCIENCES & SERVICES]
Patient-Related Outcome Measures,1179-271X,1179-271X,[HEALTH CARE SCIENCES & SERVICES]
Journal of Health Research,0857-4421,2586-940X,[HEALTH CARE SCIENCES & SERVICES]
JMIR Infodemiology,N/A,2564-1891,[HEALTH CARE SCIENCES & SERVICES]
Health Policy OPEN,N/A,2590-2296,"[HEALTH CARE SCIENCES & SERVICES, HEALTH POLICY & SERVICES]"
Journal of Healthcare Quality Research,N/A,2603-6479,[HEALTH CARE SCIENCES & SERVICES]
CONTEMPORARY ACCOUNTING RESEARCH,0823-9150,1911-3846,"['BUSINESS, FINANCE']"
JOURNAL OF MONEY CREDIT AND BANKING,0022-2879,1538-4616,"['BUSINESS, FINANCE', ECONOMICS]"
AUDITING-A JOURNAL OF PRACTICE & THEORY,0278-0380,1558-7991,"['BUSINESS, FINANCE']"
JOURNAL OF FINANCIAL MARKETS,1386-4181,1878-576X,"['BUSINESS, FINANCE']"
Accounting Forum,0155-9982,1467-6303,"['BUSINESS, FINANCE']"
FINANCE AND STOCHASTICS,0949-2984,1432-1122,"['BUSINESS, FINANCE']"
Journal of Derivatives,1074-1240,2168-8524,"['BUSINESS, FINANCE']"
Journal of Central Banking Theory and Practice,1800-9581,2336-9205,"['BUSINESS, FINANCE']"
Journal of Financial Market Infrastructures,2049-5404,2049-5412,"['BUSINESS, FINANCE']"
Revista Evidenciacao Contabil & Financas,2318-1001,2318-1001,"['BUSINESS, FINANCE']"
ACADEMY OF MANAGEMENT REVIEW,0363-7425,1930-3807,"[BUSINESS, MANAGEMENT]"
MIS QUARTERLY,0276-7783,N/A,[MANAGEMENT]
ORGANIZATION STUDIES,0170-8406,1741-3044,[MANAGEMENT]
European Management Journal,0263-2373,1873-5681,"[BUSINESS, MANAGEMENT]"
Benchmarking-An International Journal,1463-5771,1758-4094,[MANAGEMENT]
European Journal of Work and Organizational Psychology,1359-432X,1464-0643,[MANAGEMENT]
Review of Managerial Science,1863-6683,1863-6691,[MANAGEMENT]
Journal of Leadership & Organizational Studies,1548-0518,1939-7089,[MANAGEMENT]
Strategic Management,1821-3448,2334-6191,[MANAGEMENT]
HUMAN RESOURCE DEVELOPMENT INTERNATIONAL,1367-8868,1469-8374,[MANAGEMENT]
RESEARCH-TECHNOLOGY MANAGEMENT,0895-6308,1930-0166,"[BUSINESS, MANAGEMENT]"
School Leadership & Management,1363-2434,1364-2626,[MANAGEMENT]
International Journal of Accounting and Information Management,1834-7649,1758-9037,[MANAGEMENT]
International Journal of Cross Cultural Management,1470-5958,1741-2838,[MANAGEMENT]
Eurasian Business Review,1309-4297,2147-4281,"[BUSINESS, ECONOMICS, MANAGEMENT]"
Journal of Global Sport Management,2470-4067,2470-4075,[MANAGEMENT]
Journal of Chinese Human Resources Management,2040-8005,2040-8013,[MANAGEMENT]
South East Asian Journal of Management,1978-1989,2355-6641,[MANAGEMENT]
Upravlenets-The Manager,2218-5003,2218-5003,[MANAGEMENT]
JOURNAL OF MARKETING RESEARCH,0022-2437,1547-7193,[BUSINESS]
JOURNAL OF BUSINESS VENTURING,0883-9026,1873-2003,[BUSINESS]
BUSINESS HORIZONS,0007-6813,1873-6068,[BUSINESS]
Asia Pacific Journal of Marketing and Logistics,1355-5855,1758-4248,[BUSINESS]
Journal of Business Economics and Management,1611-1699,2029-4433,"[BUSINESS, ECONOMICS]"
Journal of Enterprising Communities-People and Places in the Global Economy,1750-6204,1750-6212,[BUSINESS]
Review of International Business and Strategy,2059-6014,1758-8529,[BUSINESS]
Society and Business Review,1746-5680,1746-5699,[BUSINESS]
ENTERPRISE & SOCIETY,1467-2227,1467-2235,[BUSINESS]
Management & Marketing,1842-0206,2069-8887,[BUSINESS]
AMERICAN BUSINESS LAW JOURNAL,0002-7766,1744-1714,[BUSINESS]
Foreign Trade Review,0015-7325,0971-7625,"[BUSINESS, ECONOMICS]"
Revista de Gestao e Projetos,2236-0972,2236-0972,[BUSINESS]
LANDSCAPE AND URBAN PLANNING,0169-2046,1872-6062,"[ECOLOGY, ENVIRONMENTAL STUDIES, GEOGRAPHY, URBAN STUDIES]"
GLOBAL ENVIRONMENTAL CHANGE-HUMAN AND POLICY DIMENSIONS,0959-3780,1872-9495,"[ENVIRONMENTAL STUDIES, GEOGRAPHY]"
COMPUTERS ENVIRONMENT AND URBAN SYSTEMS,0198-9715,1873-7587,"[ENVIRONMENTAL STUDIES, GEOGRAPHY]"
ENVIRONMENT AND PLANNING D-SOCIETY & SPACE,0263-7758,1472-3433,"[ENVIRONMENTAL STUDIES, GEOGRAPHY]"
Letters in Spatial and Resource Sciences,1864-4031,1864-404X,[GEOGRAPHY]
Cuadernos Geograficos,0210-5462,2340-0129,[GEOGRAPHY]
ERDE,0013-9998,0013-9998,[GEOGRAPHY]
Journal of Spatial Information Science,1948-660X,1948-660X,[GEOGRAPHY]
Investigaciones Geograficas-Spain,0213-4691,1989-9890,[GEOGRAPHY]
Geoconservation Research,2645-4661,2588-7343,[GEOGRAPHY]
Revista Geoaraguaia,1809-094X,2236-9716,[GEOGRAPHY]
JOURNAL OF POPULATION ECONOMICS,0933-1433,1432-1475,"[DEMOGRAPHY, ECONOMICS]"
POPULATION,0032-4663,1957-7966,[DEMOGRAPHY]
RACE & CLASS,0306-3968,1741-3125,[ETHNIC STUDIES]
Critical Philosophy of Race,2165-8684,2165-8692,[ETHNIC STUDIES]
Forest Policy and Economics,1389-9341,1872-7050,"[ECONOMICS, ENVIRONMENTAL STUDIES, FORESTRY]"
JOURNAL OF LABOR ECONOMICS,0734-306X,1537-5307,"[ECONOMICS, INDUSTRIAL RELATIONS & LABOR]"
BROOKINGS PAPERS ON ECONOMIC ACTIVITY,0007-2303,1533-4465,[ECONOMICS]
ECONOMY AND SOCIETY,0308-5147,1469-5766,[ECONOMICS]
ECONOMIC THEORY,0938-2259,1432-0479,[ECONOMICS]
China Agricultural Economic Review,1756-137X,1756-1388,"[AGRICULTURAL ECONOMICS & POLICY, ECONOMICS]"
JOURNAL OF MATHEMATICAL ECONOMICS,0304-4068,1873-1538,[ECONOMICS]
Journal of Behavioral and Experimental Economics,2214-8043,2214-8051,[ECONOMICS]
AMERICAN JOURNAL OF ECONOMICS AND SOCIOLOGY,0002-9246,1536-7150,[ECONOMICS]
Astin Bulletin-The Journal of the International Actuarial Association,0515-0361,1783-1350,[ECONOMICS]
Spatial Economic Analysis,1742-1772,1742-1780,[ECONOMICS]
Journal of Economic and Administrative Sciences,1026-4116,2054-6246,[ECONOMICS]
World Development Perspectives,2452-2929,2452-2929,"[DEVELOPMENT STUDIES, ECONOMICS]"
Mineral Economics,2191-2203,2191-2211,[ECONOMICS]
Marine Resource Economics,0738-1360,2334-5985,"[ECONOMICS, ENVIRONMENTAL STUDIES]"
Education Finance and Policy,1557-3060,1557-3079,[ECONOMICS]
Economics-The Open Access Open-Assessment E-Journal,1864-6042,1864-6042,[ECONOMICS]
Econometrics and Statistics,2468-0389,2452-3062,[ECONOMICS]
German Economic Review,1465-6485,1468-0475,[ECONOMICS]
JAPANESE ECONOMIC REVIEW,1352-4739,1468-5876,[ECONOMICS]
Economics of Governance,1435-6104,1435-8131,[ECONOMICS]
Montenegrin Journal of Economics,1800-5845,1800-6698,[ECONOMICS]
American Law and Economics Review,1465-7252,1465-7260,[ECONOMICS]
Journal of Neuroscience Psychology and Economics,1937-321X,2151-318X,[ECONOMICS]
International Journal of Management and Economics,2299-9701,2543-5361,[ECONOMICS]
Prague Economic Papers,1210-0455,2336-730X,[ECONOMICS]
Revista de Historia Economica-Journal of Iberian and Latin American Economic History,0212-6109,2041-3335,[ECONOMICS]
Indian Journal of Economics and Development,2277-5412,2322-0430,[ECONOMICS]
EGE ACADEMIC REVIEW,1303-099X,1303-099X,[ECONOMICS]
Journal of Southeast Asian Economies,2339-5095,2339-5206,[ECONOMICS]
Asian-Pacific Economic Literature,0818-9935,1467-8411,[ECONOMICS]
International Journal of Economic Sciences,N/A,1804-9796,[ECONOMICS]
International Journal of Economic Theory,1742-7355,1742-7363,[ECONOMICS]
Investigaciones de Historia Economica,1698-6989,2340-3373,[ECONOMICS]
International Journal of Economic Policy Studies,2524-4892,1881-4387,[ECONOMICS]
PROBLEMAS DEL DESARROLLO,2007-8951,2007-8951,"[DEVELOPMENT STUDIES, ECONOMICS]"
Ledger,N/A,2379-5980,[ECONOMICS]
Review of Economic Analysis,1973-3909,1973-3909,[ECONOMICS]
JOURNAL OF SAFETY RESEARCH,0022-4375,1879-1247,[TRANSPORTATION]
Traffic Injury Prevention,1538-9588,1538-957X,[TRANSPORTATION]
International Journal of Transportation Science and Technology,2046-0430,2046-0449,[TRANSPORTATION]
Transportmetrica B-Transport Dynamics,2168-0566,2168-0582,[TRANSPORTATION]
Pomorstvo-Scientific Journal of Maritime Research,1332-0718,1846-8438,[TRANSPORTATION]
URBAN STUDIES,0042-0980,1360-063X,"[ENVIRONMENTAL STUDIES, URBAN STUDIES]"
Environmental Innovation and Societal Transitions,2210-4224,2210-4232,[ENVIRONMENTAL STUDIES]
Environmental Communication-A Journal of Nature and Culture,1752-4032,1752-4040,"[COMMUNICATION, ENVIRONMENTAL STUDIES]"
Progress in Disaster Science,2590-0617,2590-0617,[ENVIRONMENTAL STUDIES]
Journal of Political Ecology,1073-0451,1073-0451,[ENVIRONMENTAL STUDIES]
Environmental Justice,1939-4071,1937-5174,[ENVIRONMENTAL STUDIES]
PLOS Sustainability and Transformation,N/A,2767-3197,[ENVIRONMENTAL STUDIES]
Sustainability and Climate Change,N/A,2692-2932,[ENVIRONMENTAL STUDIES]
MODERN ASIAN STUDIES,0026-749X,1469-8099,[AREA STUDIES]
AFRICAN AFFAIRS,0001-9909,1468-2621,[AREA STUDIES]
Southeast European and Black Sea Studies,1468-3857,1743-9639,[AREA STUDIES]
Economy of Region,2072-6414,2411-1406,[AREA STUDIES]
GERMAN POLITICS AND SOCIETY,1045-0300,1558-5441,[AREA STUDIES]
Insight on Africa,0975-0878,0976-3465,[AREA STUDIES]
Northern Review,0820-0300,0820-0300,[AREA STUDIES]
SOUTHEASTERN EUROPE,0094-4467,1876-3332,[AREA STUDIES]
Europolity-Continuity and Change in European Governance,2344-2255,2247-7721,[AREA STUDIES]
E-Latina-Revista Electronica de Estudios Latinoamericanos,1666-9606,1666-9606,[AREA STUDIES]
Progress in Development Studies,1464-9934,1477-027X,[DEVELOPMENT STUDIES]
FORUM FOR DEVELOPMENT STUDIES,0803-9410,1891-1765,[DEVELOPMENT STUDIES]
ECOLOGY,0012-9658,1939-9170,[ECOLOGY]
OIKOS,0030-1299,1600-0706,[ECOLOGY]
ECOLOGICAL MODELLING,0304-3800,1872-7026,[ECOLOGY]
FUNCTIONAL ECOLOGY,0269-8463,1365-2435,[ECOLOGY]
FRESHWATER BIOLOGY,0046-5070,1365-2427,[ECOLOGY]
DIVERSITY AND DISTRIBUTIONS,1366-9516,1472-4642,[ECOLOGY]
AUSTRAL ECOLOGY,1442-9985,1442-9993,[ECOLOGY]
Ecological Complexity,1476-945X,1476-9840,[ECOLOGY]
Remote Sensing in Ecology and Conservation,N/A,2056-3485,[ECOLOGY]
Journal of Biological Dynamics,1751-3758,1751-3766,[ECOLOGY]
COMMUNITY ECOLOGY,1585-8553,1588-2756,[ECOLOGY]
INTERCIENCIA,0378-1844,0378-1844,[ECOLOGY]
Food Webs,2352-2496,2352-2496,[ECOLOGY]
Arid Ecosystems,2079-0961,2079-0988,[ECOLOGY]
WEB ECOLOGY,2193-3081,1399-1183,[ECOLOGY]
Conservation,N/A,2673-7159,[ECOLOGY]
JOURNAL OF EUROPEAN PUBLIC POLICY,1350-1763,1466-4429,[PUBLIC ADMINISTRATION]
Policy Studies,0144-2872,1470-1006,[PUBLIC ADMINISTRATION]
Critical Policy Studies,1946-0171,1946-018X,[PUBLIC ADMINISTRATION]
Public Integrity,1099-9922,1558-0989,[PUBLIC ADMINISTRATION]
Lex Localis-Journal of Local Self-Government,1581-5374,1855-363X,[PUBLIC ADMINISTRATION]
Commonwealth Journal of Local Governance,1836-0394,1836-0394,[PUBLIC ADMINISTRATION]
TREE PHYSIOLOGY,0829-318X,1758-4469,[FORESTRY]
NEW ZEALAND JOURNAL OF FORESTRY SCIENCE,0048-0134,1179-5395,[FORESTRY]
Sumarski List,0373-1332,1846-9140,[FORESTRY]
Forest and Society,2549-4724,2549-4333,[FORESTRY]
European Journal of Industrial Engineering,1751-5254,1751-5262,[OPERATIONS RESEARCH & MANAGEMENT SCIENCE]
Journal of Business Analytics,2573-234X,2573-2358,[OPERATIONS RESEARCH & MANAGEMENT SCIENCE]
Journal of Computer-Mediated Communication,1083-6101,1083-6101,[COMMUNICATION]
Communication Methods and Measures,1931-2458,1931-2466,[COMMUNICATION]
Journal of Public Relations Research,1062-726X,1532-754X,[COMMUNICATION]
Social Semiotics,1035-0330,1470-1219,[COMMUNICATION]
Journal of Information Technology & Politics,1933-1681,1933-169X,[COMMUNICATION]
Visual Communication,1470-3572,1741-3214,[COMMUNICATION]
Argumentation,0920-427X,1572-8374,[COMMUNICATION]
Journal of Media Ethics,2373-6992,2373-700X,[COMMUNICATION]
Public Relations Inquiry,2046-147X,2046-1488,[COMMUNICATION]
Communicatio-South African Journal for Communication Theory and Research,0250-0167,1753-5379,[COMMUNICATION]
Visual Communication Quarterly,1555-1393,1555-1407,[COMMUNICATION]
Journal of Asian Pacific Communication,0957-6851,1569-9838,[COMMUNICATION]
Media Education-Mediaobrazovanie,1994-4160,1994-4195,[COMMUNICATION]
Journal of Language and Sexuality,2211-3770,2211-3789,[COMMUNICATION]
Question,1669-6581,1669-6581,[COMMUNICATION]
Asiascape-Digital Asia,2214-2304,2214-2312,[COMMUNICATION]
Cognitive Linguistic Studies,2213-8722,2213-8730,[COMMUNICATION]
Labour-England,1121-7081,1467-9914,[INDUSTRIAL RELATIONS & LABOR]
Labour and Industry,1030-1763,2325-5676,[INDUSTRIAL RELATIONS & LABOR]
Labour History,0023-6942,1839-3039,[INDUSTRIAL RELATIONS & LABOR]
Journal of Pharmaceutical Policy and Practice,N/A,2052-3211,[HEALTH POLICY & SERVICES]
Cost Effectiveness and Resource Allocation,1478-7547,1478-7547,[HEALTH POLICY & SERVICES]
Leadership in Health Services,1751-1879,1751-1887,[HEALTH POLICY & SERVICES]
HEALTH CARE ANALYSIS,1065-3058,1573-3394,[HEALTH POLICY & SERVICES]
Journal of Cancer Policy,N/A,2213-5383,[HEALTH POLICY & SERVICES]
Avicenna,2220-2749,2220-2749,[HEALTH POLICY & SERVICES]
SUPPORTIVE CARE IN CANCER,0941-4355,1433-7339,[HEALTH CARE SCIENCES & SERVICES]
PALLIATIVE MEDICINE,0269-2163,1477-030X,[HEALTH CARE SCIENCES & SERVICES]
ADVANCES IN HEALTH SCIENCES EDUCATION,1382-4996,1573-1677,[HEALTH CARE SCIENCES & SERVICES]
Frontiers in Digital Health,N/A,2673-253X,[HEALTH CARE SCIENCES & SERVICES]
INQUIRY-THE JOURNAL OF HEALTH CARE ORGANIZATION PROVISION AND FINANCING,0046-9580,1945-7243,"[HEALTH CARE SCIENCES & SERVICES, HEALTH POLICY & SERVICES]"
International Journal of Integrated Care,1568-4156,1568-4156,"[HEALTH CARE SCIENCES & SERVICES, HEALTH POLICY & SERVICES]"
AMERICAN JOURNAL OF MEDICAL QUALITY,1062-8606,1555-824X,[HEALTH CARE SCIENCES & SERVICES]
BMJ Health & Care Informatics,N/A,2632-1009,[HEALTH CARE SCIENCES & SERVICES]
American Health and Drug Benefits,1942-2962,1942-2970,"[HEALTH CARE SCIENCES & SERVICES, HEALTH POLICY & SERVICES]"
Quality Management in Health Care,1063-8628,1550-5154,"[HEALTH CARE SCIENCES & SERVICES, HEALTH POLICY & SERVICES]"
BMJ Innovations,2055-8074,2055-642X,[HEALTH CARE SCIENCES & SERVICES]
Online Journal of Public Health Informatics,N/A,1947-2579,[HEALTH CARE SCIENCES & SERVICES]
Journal of Medicine Access,2755-0834,2755-0834,"[HEALTH CARE SCIENCES & SERVICES, HEALTH POLICY & SERVICES]"
JOURNAL OF ACCOUNTING RESEARCH,0021-8456,1475-679X,"['BUSINESS, FINANCE']"
Accounting Auditing & Accountability Journal,0951-3574,1758-4205,"['BUSINESS, FINANCE']"
North American Journal of Economics and Finance,1062-9408,1879-0860,"['BUSINESS, FINANCE', ECONOMICS]"
INTERNATIONAL JOURNAL OF FINANCE & ECONOMICS,1076-9307,1099-1158,"['BUSINESS, FINANCE']"
Borsa Istanbul Review,2214-8450,2214-8469,"['BUSINESS, FINANCE', ECONOMICS]"
JOURNAL OF RISK AND INSURANCE,0022-4367,1539-6975,"['BUSINESS, FINANCE', ECONOMICS]"
REAL ESTATE ECONOMICS,1080-8620,1540-6229,"['BUSINESS, FINANCE', ECONOMICS, URBAN STUDIES]"
Qualitative Research in Accounting and Management,1176-6093,1758-7654,"['BUSINESS, FINANCE', MANAGEMENT]"
Journal of Real Estate Research,0896-5803,2691-1175,"['BUSINESS, FINANCE', ECONOMICS]"
Asia-Pacific Journal of Financial Studies,2041-9945,2041-6156,"['BUSINESS, FINANCE']"
Revista de Contabilidad-Spanish Accounting Review,1138-4891,1988-4672,"['BUSINESS, FINANCE']"
Quantitative Finance and Economics,2573-0134,2573-0134,"['BUSINESS, FINANCE']"
Journal of Alternative Investments,1520-3255,2168-8435,"['BUSINESS, FINANCE']"
South African Journal of Accounting Research,1029-1954,2376-3981,"['BUSINESS, FINANCE']"
Journal of Operational Risk,1744-6740,1755-2710,"['BUSINESS, FINANCE']"
Indonesian Journal of Sustainability Accounting and Management,2597-6214,2597-6222,"['BUSINESS, FINANCE', MANAGEMENT]"
JOURNAL OF MANAGEMENT,0149-2063,1557-1211,"[BUSINESS, MANAGEMENT]"
Journal of Hospitality and Tourism Management,1447-6770,1839-5260,[MANAGEMENT]
JOURNAL OF OCCUPATIONAL AND ORGANIZATIONAL PSYCHOLOGY,0963-1798,2044-8325,[MANAGEMENT]
TECHNOLOGY ANALYSIS & STRATEGIC MANAGEMENT,0953-7325,1465-3990,[MANAGEMENT]
Research in Organizational Behavior,0191-3085,0191-3085,[MANAGEMENT]
International Transactions in Operational Research,0969-6016,1475-3995,"[MANAGEMENT, OPERATIONS RESEARCH & MANAGEMENT SCIENCE]"
Career Development International,1362-0436,1758-6003,[MANAGEMENT]
Creativity and Innovation Management,0963-1690,1467-8691,[MANAGEMENT]
International Journal of Educational Management,0951-354X,1758-6518,[MANAGEMENT]
Computational Economics,0927-7099,1572-9974,"[ECONOMICS, MANAGEMENT]"
Managing Sport and Leisure,2375-0472,2375-0480,[MANAGEMENT]
Management Revue,0935-9915,1861-9908,[MANAGEMENT]
Qualitative Research in Organizations and Management,1746-5648,1746-5656,[MANAGEMENT]
International Journal of Innovation Studies,2096-2487,2589-2975,[MANAGEMENT]
LogForum,1895-2038,1734-459X,[MANAGEMENT]
Management & Organizational History,1744-9359,1744-9367,[MANAGEMENT]
Quality Innovation Prosperity-Kvalita Inovacia Prosperita,1335-1745,1338-984X,[MANAGEMENT]
Serbian Journal of Management,1452-4864,1452-4864,[MANAGEMENT]
International Journal of Emergency Management,1471-4825,1741-5071,[MANAGEMENT]
Infrastructure Asset Management,2053-0242,2053-0250,[MANAGEMENT]
Middle East Journal of Management,2050-3636,2050-3644,[MANAGEMENT]
International Journal of Value Chain Management,1741-5357,1741-5365,[MANAGEMENT]
Cuadernos de Administracion-Universidad del Valle,0120-4645,2256-5078,[MANAGEMENT]
Dalhousie Journal of Interdisciplinary Management,N/A,1923-6530,[MANAGEMENT]
Brazilian Administration Review,1807-7692,1807-7692,"[BUSINESS, MANAGEMENT]"
EUROPEAN JOURNAL OF MARKETING,0309-0566,1758-7123,[BUSINESS]
JOURNAL OF RETAILING,0022-4359,1873-3271,[BUSINESS]
Construction Management and Economics,0144-6193,1466-433X,[BUSINESS]
Family Business Review,0894-4865,1741-6248,[BUSINESS]
International Journal of Fashion Design Technology and Education,1754-3266,1754-3274,[BUSINESS]
Gestao e Desenvolvimento,1807-5436,2446-6875,[BUSINESS]
Arts and the Market,2056-4945,2056-4953,[BUSINESS]
Geopolitics,1465-0045,1557-3028,[GEOGRAPHY]
SOCIOLOGIA RURALIS,0038-0199,1467-9523,[GEOGRAPHY]
Cambridge Journal of Regions Economy and Society,1752-1378,1752-1386,"[DEVELOPMENT STUDIES, ECONOMICS, GEOGRAPHY]"
Regional Studies Regional Science,2168-1376,2168-1376,[GEOGRAPHY]
Cartographica,0317-7173,1911-9925,[GEOGRAPHY]
Hungarian Geographical Bulletin,2064-5031,2064-5147,[GEOGRAPHY]
Southeastern Geographer,0038-366X,1549-6929,[GEOGRAPHY]
Geographica Pannonica,0354-8724,1820-7138,[GEOGRAPHY]
Journal of the Geographical Institute Jovan Cvijic SASA,0350-7599,1821-2808,[GEOGRAPHY]
Ter es Tarsadalom,2062-9923,2062-9923,[GEOGRAPHY]
JOURNAL OF ETHNIC AND MIGRATION STUDIES,1369-183X,1469-9451,"[DEMOGRAPHY, ETHNIC STUDIES]"
POPULATION STUDIES-A JOURNAL OF DEMOGRAPHY,0032-4728,1477-4747,[DEMOGRAPHY]
Refugee Survey Quarterly,1020-4067,1471-695X,[DEMOGRAPHY]
Asian and Pacific Migration Journal,0117-1968,2057-049X,[DEMOGRAPHY]
Nordic Journal of Migration Research,1799-649X,1799-649X,[DEMOGRAPHY]
Cultural Diversity & Ethnic Minority Psychology,1099-9809,1939-0106,[ETHNIC STUDIES]
Canadian Slavonic Papers,0008-5006,2375-2475,[ETHNIC STUDIES]
ECONOMIC JOURNAL,0013-0133,1468-0297,[ECONOMICS]
ECONOMICS OF EDUCATION REVIEW,0272-7757,1873-7382,[ECONOMICS]
KYKLOS,0023-5962,1467-6435,[ECONOMICS]
JOURNAL OF HOUSING ECONOMICS,1051-1377,1096-0791,"[ECONOMICS, URBAN STUDIES]"
American Economic Review-Insights,2640-205X,2640-2068,[ECONOMICS]
JOURNAL OF AFRICAN ECONOMIES,0963-8024,1464-3723,[ECONOMICS]
INTERNATIONAL JOURNAL OF GAME THEORY,0020-7276,1432-1270,[ECONOMICS]
Oeconomia Copernicana,2083-1277,2353-1827,[ECONOMICS]
Agricultural and Food Economics,N/A,2193-7532,"[AGRICULTURAL ECONOMICS & POLICY, ECONOMICS]"
Annals of Public and Cooperative Economics,1370-4788,1467-8292,[ECONOMICS]
MATHEMATICAL SOCIAL SCIENCES,0165-4896,1879-3118,[ECONOMICS]
REVIEW OF RADICAL POLITICAL ECONOMICS,0486-6134,1552-8502,[ECONOMICS]
International Journal of Ethics and Systems,2514-9369,2514-9377,[ECONOMICS]
Journal of Public Economic Theory,1097-3923,1467-9779,[ECONOMICS]
Empirica,0340-8744,1573-6911,[ECONOMICS]
BULLETIN OF INDONESIAN ECONOMIC STUDIES,0007-4918,1472-7234,"[AREA STUDIES, ECONOMICS]"
Water Resources and Economics,2212-4284,2212-4284,"[ECONOMICS, ENVIRONMENTAL STUDIES]"
Journal of Competition Law & Economics,1744-6414,1744-6422,[ECONOMICS]
B E Journal of Macroeconomics,2194-6116,1935-1690,[ECONOMICS]
Investigaciones Regionales-Journal of Regional Research,1695-7253,2340-2717,[ECONOMICS]
Series-Journal of the Spanish Economic Association,1869-4187,1869-4195,[ECONOMICS]
Margin-Journal of Applied Economic Research,0973-8010,0973-8029,[ECONOMICS]
Economic Issues,1363-7029,1363-7029,[ECONOMICS]
Ekonomski Vjesnik,0353-359X,1847-2206,[ECONOMICS]
Etikonomi,1412-8969,2461-0771,[ECONOMICS]
Region et Developpement,1267-5059,2117-0843,[ECONOMICS]
Croatian Economic Survey,1330-4860,1846-3878,[ECONOMICS]
Analytic Methods in Accident Research,2213-6657,2213-6665,[TRANSPORTATION]
Asian Journal of Shipping and Logistics,2092-5212,2352-4871,[TRANSPORTATION]
Komunikacie - vedecke listy Zilinskej univerzity v Ziline,1335-4205,2585-7878,[TRANSPORTATION]
Frontiers in Future Transportation,N/A,2673-5210,[TRANSPORTATION]
Nature Climate Change,1758-678X,1758-6798,[ENVIRONMENTAL STUDIES]
HOUSING STUDIES,0267-3037,1466-1810,"[ENVIRONMENTAL STUDIES, URBAN STUDIES]"
Carbon Management,1758-3004,1758-3012,[ENVIRONMENTAL STUDIES]
npj Urban Sustainability,N/A,2661-8001,"[ENVIRONMENTAL STUDIES, URBAN STUDIES]"
Sustainability-Science Practice and Policy,N/A,1548-7733,[ENVIRONMENTAL STUDIES]
Earth System Governance,2589-8116,2589-8116,"[ENVIRONMENTAL STUDIES, PUBLIC ADMINISTRATION]"
ENVIRONMENT AND HISTORY,0967-3407,1752-7023,[ENVIRONMENTAL STUDIES]
Revista de Estudios Regionales,0213-7585,0213-7585,[ENVIRONMENTAL STUDIES]
JOURNAL OF ASIAN STUDIES,0021-9118,1752-0401,[AREA STUDIES]
SLAVIC REVIEW,0037-6779,2325-7784,[AREA STUDIES]
CHINA JOURNAL,1324-9347,1835-8535,[AREA STUDIES]
Journal of Contemporary European Studies,1478-2804,1478-2790,[AREA STUDIES]
China Information,0920-203X,1741-590X,[AREA STUDIES]
Middle East Critique,1943-6149,1943-6157,[AREA STUDIES]
Israel Affairs,1353-7121,1743-9086,[AREA STUDIES]
SOJOURN-Journal of Social Issues in Southeast Asia,0217-9520,1793-2858,[AREA STUDIES]
Pacific Focus,1225-4657,1976-5118,[AREA STUDIES]
Revue des Mondes Musulmans et de la Mediterranee,0997-1327,2105-2271,[AREA STUDIES]
Russian Journal of Vietnamese Studies-Vyetnamskiye issledovaniya,2618-9453,2618-9453,[AREA STUDIES]
Balkan Arastrma Enstitusu Dergisi-Journal of Balkan Research Institute-JBRI,2147-1371,2147-1371,[AREA STUDIES]
China and Asia,2589-4641,2589-465X,[AREA STUDIES]
Recent Period Turkish Studies-Yakin Donem Turkiye Arastirmalari,1304-9720,2547-9679,[AREA STUDIES]
European Journal of Development Research,0957-8811,1743-9728,[DEVELOPMENT STUDIES]
OECOLOGIA,0029-8549,1432-1939,[ECOLOGY]
ECOLOGICAL ENGINEERING,0925-8574,1872-6992,[ECOLOGY]
Frontiers in Ecology and Evolution,2296-701X,2296-701X,[ECOLOGY]
BIOLOGICAL INVASIONS,1387-3547,1573-1464,[ECOLOGY]
Journal of Arid Environments,0140-1963,1095-922X,[ECOLOGY]
JOURNAL OF VEGETATION SCIENCE,1100-9233,1654-1103,"[ECOLOGY, FORESTRY]"
Acta Ecologica Sinica,1872-2032,1872-2032,[ECOLOGY]
Current Opinion in Insect Science,2214-5745,2214-5753,[ECOLOGY]
AFRICAN JOURNAL OF ECOLOGY,0141-6707,1365-2028,[ECOLOGY]
POLAR RECORD,0032-2474,1475-3057,[ECOLOGY]
NATURAL AREAS JOURNAL,0885-8608,2162-4399,"[ECOLOGY, FORESTRY]"
WILDLIFE MONOGRAPHS,0084-0173,1938-5455,[ECOLOGY]
NORTHWEST SCIENCE,0029-344X,2161-9859,[ECOLOGY]
Vestnik Tomskogo Gosudarstvennogo Universiteta-Biologiya,1998-8591,2311-2077,[ECOLOGY]
Urban Planning,2183-7635,2183-7635,[URBAN STUDIES]
Journal of Urban Management,2226-5856,2589-0360,[URBAN STUDIES]
Proceedings of the Institution of Civil Engineers-Urban Design and Planning,1755-0793,1755-0807,[URBAN STUDIES]
JOURNAL OF PUBLIC ADMINISTRATION RESEARCH AND THEORY,1053-1858,1477-9803,[PUBLIC ADMINISTRATION]
LOCAL GOVERNMENT STUDIES,0300-3930,1743-9388,[PUBLIC ADMINISTRATION]
Review of Public Personnel Administration,0734-371X,1552-759X,[PUBLIC ADMINISTRATION]
Review of Policy Research,1541-132X,1541-1338,[PUBLIC ADMINISTRATION]
Journal of Public Procurement,1535-0118,2150-6930,[PUBLIC ADMINISTRATION]
Global Public Policy and Governance,2730-6291,2730-6305,[PUBLIC ADMINISTRATION]
JOURNAL OF FORESTRY RESEARCH,1007-662X,1993-0607,[FORESTRY]
FOREST PATHOLOGY,1437-4781,1439-0329,[FORESTRY]
Trees Forests and People,N/A,2666-7193,[FORESTRY]
DECISION SUPPORT SYSTEMS,0167-9236,1873-5797,[OPERATIONS RESEARCH & MANAGEMENT SCIENCE]
INTERNATIONAL JOURNAL OF COMPUTER INTEGRATED MANUFACTURING,0951-192X,1362-3052,[OPERATIONS RESEARCH & MANAGEMENT SCIENCE]
INTERNATIONAL JOURNAL OF INFORMATION TECHNOLOGY & DECISION MAKING,0219-6220,1793-6845,[OPERATIONS RESEARCH & MANAGEMENT SCIENCE]
Central European Journal of Operations Research,1435-246X,1613-9178,[OPERATIONS RESEARCH & MANAGEMENT SCIENCE]
Journal of Decision Systems,1246-0125,2116-7052,[OPERATIONS RESEARCH & MANAGEMENT SCIENCE]
PROBABILITY IN THE ENGINEERING AND INFORMATIONAL SCIENCES,0269-9648,1469-8951,[OPERATIONS RESEARCH & MANAGEMENT SCIENCE]
Pacific Journal of Optimization,1348-9151,1348-9151,[OPERATIONS RESEARCH & MANAGEMENT SCIENCE]
JOURNAL OF HEALTH COMMUNICATION,1081-0730,1087-0415,[COMMUNICATION]
JOURNAL OF BROADCASTING & ELECTRONIC MEDIA,0883-8151,1550-6878,[COMMUNICATION]
Journal of Children and Media,1748-2798,1748-2801,[COMMUNICATION]
Discourse Context & Media,2211-6958,2211-6966,[COMMUNICATION]
Journal of Communication in Healthcare,1753-8068,1753-8076,"[COMMUNICATION, HEALTH POLICY & SERVICES]"
Review of Communication Research,2255-4165,2255-4165,[COMMUNICATION]
Argumentation and Advocacy,1051-1431,2576-8476,[COMMUNICATION]
Pacific Journalism Review,1023-9499,2324-2035,[COMMUNICATION]
Journal of Applied Journalism & Media Studies,2001-0818,2049-9531,[COMMUNICATION]
Medijske Studije-Media Studies,1847-9758,1848-5030,[COMMUNICATION]
Journal of Arab & Muslim Media Research,1751-9411,1751-942X,[COMMUNICATION]
Communicare-Journal for Communication Sciences in Southern Africa,0259-0069,0259-0069,[COMMUNICATION]
Catalan Journal of Communication & Cultural Studies,1757-1898,1757-1901,[COMMUNICATION]
Documentacion de las Ciencias de la Informacion,0210-4210,1988-2890,[COMMUNICATION]
African Journal of Agricultural and Resource Economics-AFJARE,1993-3738,1993-3738,[AGRICULTURAL ECONOMICS & POLICY]
Poljoprivreda,1330-7142,1848-8080,[AGRICULTURAL ECONOMICS & POLICY]
Australasian Agribusiness Review,1833-5675,1442-6951,[AGRICULTURAL ECONOMICS & POLICY]
INDUSTRIAL RELATIONS,0019-8676,1468-232X,[INDUSTRIAL RELATIONS & LABOR]
Workplace-A Journal for Academic Labor,1715-0094,1715-0094,[INDUSTRIAL RELATIONS & LABOR]
African Journal of Employee Relations,N/A,2664-3731,[INDUSTRIAL RELATIONS & LABOR]
Health Information Management Journal,1833-3583,1833-3575,[HEALTH POLICY & SERVICES]
Journal of Health Management,0972-0634,0973-0729,[HEALTH POLICY & SERVICES]
Learning Health Systems,2379-6146,2379-6146,[HEALTH POLICY & SERVICES]
International Journal of Pharmaceutical and Healthcare Marketing,1750-6123,1750-6131,[HEALTH POLICY & SERVICES]
INTERNATIONAL JOURNAL FOR QUALITY IN HEALTH CARE,1353-4505,1464-3677,"[HEALTH CARE SCIENCES & SERVICES, HEALTH POLICY & SERVICES]"
JMIR Formative Research,N/A,2561-326X,[HEALTH CARE SCIENCES & SERVICES]
MEDICAL HISTORY,0025-7273,2048-8343,[HEALTH CARE SCIENCES & SERVICES]
Palliative Care & Social Practice,2632-3524,2632-3524,[HEALTH CARE SCIENCES & SERVICES]
Health Affairs Scholar,N/A,2976-5390,"[HEALTH CARE SCIENCES & SERVICES, HEALTH POLICY & SERVICES]"
Medecine Palliative,1636-6522,2213-0098,[HEALTH CARE SCIENCES & SERVICES]
Farmeconomia-Health Economics and Therapeutic Pathways,1721-6915,2240-256X,[HEALTH CARE SCIENCES & SERVICES]
Finance Research Letters,1544-6123,1544-6131,"['BUSINESS, FINANCE']"
CORPORATE GOVERNANCE-AN INTERNATIONAL REVIEW,0964-8410,1467-8683,"[BUSINESS, 'BUSINESS, FINANCE', MANAGEMENT]"
FINANCIAL MANAGEMENT,0046-3892,1755-053X,"['BUSINESS, FINANCE']"
JOURNAL OF RISK AND UNCERTAINTY,0895-5646,1573-0476,"['BUSINESS, FINANCE', ECONOMICS]"
Journal of International Accounting Auditing and Taxation,1061-9518,1879-1603,"['BUSINESS, FINANCE']"
Australian Accounting Review,1035-6908,1835-2561,"['BUSINESS, FINANCE']"
FEDERAL RESERVE BANK OF ST LOUIS REVIEW,0014-9187,2163-4505,"['BUSINESS, FINANCE', ECONOMICS]"
Accounting Historians Journal,0148-4184,2327-4468,"['BUSINESS, FINANCE']"
Accounting Economics and Law-A Convivium,2194-6051,2152-2820,"['BUSINESS, FINANCE']"
Journal of Financial Reporting,2380-2154,2380-2146,"['BUSINESS, FINANCE']"
Latin American Journal of Central Banking,2666-1438,2666-1438,"['BUSINESS, FINANCE', ECONOMICS]"
Journal of Credit Risk,1744-6619,1755-9723,"['BUSINESS, FINANCE']"
JOURNAL OF APPLIED PSYCHOLOGY,0021-9010,1939-1854,[MANAGEMENT]
ACADEMY OF MANAGEMENT JOURNAL,0001-4273,1948-0989,"[BUSINESS, MANAGEMENT]"
Business Strategy and the Environment,0964-4733,1099-0836,"[BUSINESS, ENVIRONMENTAL STUDIES, MANAGEMENT]"
ORGANIZATION SCIENCE,1047-7039,N/A,[MANAGEMENT]
MANAGEMENT DECISION,0025-1747,1758-6070,"[BUSINESS, MANAGEMENT]"
PERSONNEL PSYCHOLOGY,0031-5826,1744-6570,[MANAGEMENT]
Academy of Management Annals,1941-6520,1941-6067,"[BUSINESS, MANAGEMENT]"
JOURNAL OF PRODUCT INNOVATION MANAGEMENT,0737-6782,1540-5885,"[BUSINESS, MANAGEMENT]"
Journal of Purchasing and Supply Management,1478-4092,1873-6505,[MANAGEMENT]
JOURNAL OF ECONOMICS & MANAGEMENT STRATEGY,1058-6407,1530-9134,"[ECONOMICS, MANAGEMENT]"
Human Resource Development Review,1534-4843,1552-6712,[MANAGEMENT]
Knowledge Management Research & Practice,1477-8238,1477-8246,[MANAGEMENT]
International Journal of Managing Projects in Business,1753-8378,1753-8386,"[BUSINESS, MANAGEMENT]"
Scandinavian Journal of Management,0956-5221,1873-3387,[MANAGEMENT]
Chinese Management Studies,1750-614X,1750-6158,[MANAGEMENT]
Asia Pacific Journal of Human Resources,1038-4111,1744-7941,"[INDUSTRIAL RELATIONS & LABOR, MANAGEMENT]"
Organizational Psychology Review,2041-3866,2041-3874,[MANAGEMENT]
Asia Pacific Business Review,1360-2381,1743-792X,"[BUSINESS, MANAGEMENT]"
REVIEW OF INDUSTRIAL ORGANIZATION,0889-938X,1573-7160,"[ECONOMICS, MANAGEMENT]"
Work Aging and Retirement,2054-4642,2054-4650,"[INDUSTRIAL RELATIONS & LABOR, MANAGEMENT]"
Asian Business & Management,1472-4782,1476-9328,"[BUSINESS, MANAGEMENT]"
Spanish Journal of Marketing-ESIC,2444-9695,2444-9709,"[BUSINESS, MANAGEMENT]"
IIMB Management Review,0970-3896,2212-4446,[MANAGEMENT]
JOURNAL OF ORGANIZATIONAL BEHAVIOR MANAGEMENT,0160-8061,1540-8604,[MANAGEMENT]
Journal of Professions and Organization,2051-8803,2051-8811,[MANAGEMENT]
E & M Ekonomie a Management,1212-3609,2336-5064,"[ECONOMICS, MANAGEMENT]"
RBGN-Revista Brasileira de Gestao de Negocios,1806-4892,1983-0807,"[BUSINESS, MANAGEMENT]"
International Journal of Entrepreneurial Venturing,1742-5360,1742-5379,[MANAGEMENT]
ENGINEERING ECONOMIST,0013-791X,1547-2701,"[BUSINESS, MANAGEMENT, OPERATIONS RESEARCH & MANAGEMENT SCIENCE]"
Central European Management Journal,2658-0845,2658-2430,[MANAGEMENT]
INFORMS Journal on Applied Analytics,2644-0865,2644-0873,"[MANAGEMENT, OPERATIONS RESEARCH & MANAGEMENT SCIENCE]"
Sistemas & Gestao,1980-5160,1980-5160,[MANAGEMENT]
Revista Eletronica de Estrategia e Negocios-REEN,1984-3372,1984-3372,[MANAGEMENT]
Revista Gestion de las Personas y Tecnologia,0718-5693,0718-5693,[MANAGEMENT]
International Journal of Consumer Studies,1470-6423,1470-6431,[BUSINESS]
Journal of Marketing Theory and Practice,1069-6679,1944-7175,[BUSINESS]
Journal of Islamic Marketing,1759-0833,1759-0841,[BUSINESS]
Corporate Communications,1356-3289,1758-6046,[BUSINESS]
Journal of Developmental Entrepreneurship,1084-9467,1793-706X,[BUSINESS]
Journal of East-West Business,1066-9868,1528-6959,[BUSINESS]
Inquietud Empresarial,0121-1048,2422-3220,[BUSINESS]
EUROPEAN PLANNING STUDIES,0965-4313,1469-5944,"[ENVIRONMENTAL STUDIES, GEOGRAPHY, URBAN STUDIES]"
JOURNAL OF ECONOMIC GEOGRAPHY,1468-2702,1468-2710,"[ECONOMICS, GEOGRAPHY]"
GEOGRAPHY,0016-7487,2043-6564,[GEOGRAPHY]
Estudios Geograficos,0014-1496,1988-8546,[GEOGRAPHY]
Prace Komisji Geografii Przemyslu Polskiego Towarzystwa Geograficznego-Studies of the Industrial Geography Commission of the Polish Geographical Society,2080-1653,2449-903X,[GEOGRAPHY]
Geodetski Vestnik,0351-0271,1581-1328,[GEOGRAPHY]
Eria-Revista cuatrimestral de Geografia,0211-0563,0211-0563,[GEOGRAPHY]
Geographia Cassoviensis,1337-6748,2454-0005,[GEOGRAPHY]
Boletin Geografico,0326-1735,2313-903X,[GEOGRAPHY]
Journal of International Migration and Integration,1488-3473,1874-6365,[DEMOGRAPHY]
Novedades en Poblacion,1817-4078,1817-4078,[DEMOGRAPHY]
Race and Social Problems,1867-1748,1867-1756,[ETHNIC STUDIES]
NAIS-Native American and Indigenous Studies Association,2332-1261,2332-127X,[ETHNIC STUDIES]
EUROPEAN ECONOMIC REVIEW,0014-2921,1873-572X,[ECONOMICS]
JOURNAL OF URBAN ECONOMICS,0094-1190,1095-9068,"[ECONOMICS, URBAN STUDIES]"
ENVIRONMENTAL & RESOURCE ECONOMICS,0924-6460,1573-1502,"[ECONOMICS, ENVIRONMENTAL STUDIES]"
ECONOMIC INQUIRY,0095-2583,1465-7295,[ECONOMICS]
JOURNAL OF POLICY MODELING,0161-8938,1873-8060,[ECONOMICS]
INTERNATIONAL JOURNAL OF SOCIAL ECONOMICS,0306-8293,1758-6712,[ECONOMICS]
Econometrics Journal,1368-4221,1368-423X,[ECONOMICS]
AUSTRALIAN JOURNAL OF AGRICULTURAL AND RESOURCE ECONOMICS,N/A,1467-8489,"[AGRICULTURAL ECONOMICS & POLICY, ECONOMICS]"
Agribusiness,0742-4477,1520-6297,"[AGRICULTURAL ECONOMICS & POLICY, ECONOMICS]"
China & World Economy,1671-2234,1749-124X,[ECONOMICS]
INTERNATIONAL LABOUR REVIEW,0020-7780,1564-913X,"[ECONOMICS, INDUSTRIAL RELATIONS & LABOR]"
REVIEW OF WORLD ECONOMICS,1610-2878,1610-2886,[ECONOMICS]
REVIEW OF POLITICAL ECONOMY,0953-8259,1465-3982,[ECONOMICS]
Quantitative Economics,1759-7323,1759-7331,[ECONOMICS]
JOURNAL OF POST KEYNESIAN ECONOMICS,0160-3477,1557-7821,[ECONOMICS]
African Journal of Economic and Management Studies,2040-0705,2040-0713,[ECONOMICS]
Eastern Economic Journal,0094-5056,1939-4632,[ECONOMICS]
Journal of Wine Economics,1931-4361,1931-437X,"[AGRICULTURAL ECONOMICS & POLICY, ECONOMICS]"
AUSTRALIAN ECONOMIC PAPERS,0004-900X,1467-8454,[ECONOMICS]
JOURNAL OF ECONOMIC INTEGRATION,1225-651X,1976-5525,[ECONOMICS]
EASTERN EUROPEAN ECONOMICS,0012-8775,1557-9298,[ECONOMICS]
Asian Development Review,0116-1105,1996-7241,"[DEVELOPMENT STUDIES, ECONOMICS]"
Cliometrica,1863-2505,1863-2513,[ECONOMICS]
Independent Review,1086-1653,2169-3420,[ECONOMICS]
Sosyoekonomi,1305-5577,1305-5577,[ECONOMICS]
Economia-Journal of the Latin American and Caribbean Economic Association,N/A,1533-6239,[ECONOMICS]
International Review,2217-9739,2217-9739,[ECONOMICS]
Statistika-Statistics and Economy Journal,0322-788X,1804-8765,[ECONOMICS]
Korean Economic Review,0254-3737,N/A,[ECONOMICS]
International Studies of Economics,2831-3224,2831-3224,[ECONOMICS]
JOURNAL OF AIR TRANSPORT MANAGEMENT,0969-6997,1873-2089,[TRANSPORTATION]
Journal of Transport & Health,2214-1405,N/A,[TRANSPORTATION]
Journal of Transport and Land Use,1938-7849,1938-7849,[TRANSPORTATION]
Maritime Economics & Logistics,1479-2931,1479-294X,[TRANSPORTATION]
Journal of Public Transportation,1077-291X,2375-0901,[TRANSPORTATION]
Revista de Transporte y Territorio,1852-7175,1852-7175,[TRANSPORTATION]
ENVIRONMENT AND BEHAVIOR,0013-9165,1552-390X,[ENVIRONMENTAL STUDIES]
SOCIETY & NATURAL RESOURCES,0894-1920,1521-0723,"[DEVELOPMENT STUDIES, ENVIRONMENTAL STUDIES]"
Utilities Policy,0957-1787,1878-4356,[ENVIRONMENTAL STUDIES]
Global Environmental Politics,1526-3800,1536-0091,[ENVIRONMENTAL STUDIES]
Journal of Environment & Development,1070-4965,1552-5465,"[DEVELOPMENT STUDIES, ENVIRONMENTAL STUDIES]"
ENVIRONMENTAL ETHICS,0163-4275,2153-7895,[ENVIRONMENTAL STUDIES]
International Journal of Disaster Resilience in the Built Environment,1759-5908,1759-5916,[ENVIRONMENTAL STUDIES]
Open House International-Sustainable & Smart Architecture and Urban Studies,0168-2601,2633-9838,"[ENVIRONMENTAL STUDIES, URBAN STUDIES]"
Environment and Society-Advances in Research,2150-6779,2150-6787,[ENVIRONMENTAL STUDIES]
International Journal of Environment and Sustainable Development,1474-6778,1478-7466,[ENVIRONMENTAL STUDIES]
ECOLOGY LAW QUARTERLY,0046-1121,0046-1121,[ENVIRONMENTAL STUDIES]
Asia Pacific Journal of Environmental Law,1385-2140,1875-8258,[ENVIRONMENTAL STUDIES]
M+A-Revista Electronica de Medio Ambiente,1886-3329,1886-3329,[ENVIRONMENTAL STUDIES]
Journal of Chinese Political Science,1080-6954,1874-6357,[AREA STUDIES]
EAST EUROPEAN POLITICS AND SOCIETIES,0888-3254,1533-8371,[AREA STUDIES]
Contemporary Southeast Asia,0129-797X,1793-284X,[AREA STUDIES]
AFRICAN STUDIES,0002-0184,1469-2872,[AREA STUDIES]
Asian Affairs,0306-8374,1477-1500,[AREA STUDIES]
Japan Forum,0955-5803,1469-932X,[AREA STUDIES]
Review of Middle East Studies,2151-3481,2329-3225,[AREA STUDIES]
Australasian Review of African Studies,1447-8420,2203-5184,[AREA STUDIES]
Revista Estudios Hemisfericos y Polares,0718-9230,0718-9230,[AREA STUDIES]
Review of Agrarian Studies,2249-4405,2248-9002,[DEVELOPMENT STUDIES]
GLOBAL CHANGE BIOLOGY,1354-1013,1365-2486,[ECOLOGY]
PROCEEDINGS OF THE ROYAL SOCIETY B-BIOLOGICAL SCIENCES,0962-8452,1471-2954,[ECOLOGY]
AGRICULTURE ECOSYSTEMS & ENVIRONMENT,0167-8809,1873-2305,[ECOLOGY]
EVOLUTION,0014-3820,1558-5646,[ECOLOGY]
RESTORATION ECOLOGY,1061-2971,1526-100X,[ECOLOGY]
JOURNAL OF SOIL AND WATER CONSERVATION,0022-4561,1941-3300,[ECOLOGY]
Movement Ecology,2051-3933,2051-3933,[ECOLOGY]
ACTA AMAZONICA,0044-5967,1809-4392,[ECOLOGY]
Journal of Fish and Wildlife Management,1944-687X,1944-687X,[ECOLOGY]
NATURAL HISTORY,0028-0712,N/A,[ECOLOGY]
Folia Oecologica,1336-5266,1338-7014,"[ECOLOGY, FORESTRY]"
Ecologia Aplicada,1726-2216,1993-9507,[ECOLOGY]
URBAN EDUCATION,0042-0859,1552-8340,[URBAN STUDIES]
Smart Cities,N/A,2624-6511,[URBAN STUDIES]
Cuadernos de Vivienda y Urbanismo,2027-2103,2145-0226,[URBAN STUDIES]
European Journal of Social Security,1388-2627,2399-2948,[PUBLIC ADMINISTRATION]
Gestion y Politica Publica,1405-1079,N/A,[PUBLIC ADMINISTRATION]
Amme Idaresi Dergisi,1300-1795,1300-1795,[PUBLIC ADMINISTRATION]
Reports of Forestry Research-Zpravy Lesnickeho Vyzkumu,0322-9688,1805-9872,[FORESTRY]
SEEFOR-South-East European Forestry,1847-6481,1849-0891,[FORESTRY]
Austrian Journal of Forest Science,0379-5292,0375-524X,[FORESTRY]
Indonesian Journal of Forestry Research,2355-7079,2406-8195,[FORESTRY]
OPTIMIZATION,0233-1934,1029-4945,[OPERATIONS RESEARCH & MANAGEMENT SCIENCE]
Operational Research,1109-2858,1866-1505,[OPERATIONS RESEARCH & MANAGEMENT SCIENCE]
Sustainable Futures,2666-1888,2666-1888,[OPERATIONS RESEARCH & MANAGEMENT SCIENCE]
ASIA-PACIFIC JOURNAL OF OPERATIONAL RESEARCH,0217-5959,1793-7019,[OPERATIONS RESEARCH & MANAGEMENT SCIENCE]
DISCRETE EVENT DYNAMIC SYSTEMS-THEORY AND APPLICATIONS,0924-6703,1573-7594,[OPERATIONS RESEARCH & MANAGEMENT SCIENCE]
Decision Science Letters,1929-5804,1929-5812,[OPERATIONS RESEARCH & MANAGEMENT SCIENCE]
Digital Journalism,2167-0811,2167-082X,[COMMUNICATION]
TELECOMMUNICATIONS POLICY,0308-5961,1879-3258,[COMMUNICATION]
POLITICAL COMMUNICATION,1058-4609,1091-7675,[COMMUNICATION]
Annals of the International Communication Association,2380-8985,2380-8977,[COMMUNICATION]
QUARTERLY JOURNAL OF SPEECH,0033-5630,1479-5779,[COMMUNICATION]
International Journal of Strategic Communication,1553-118X,1553-1198,[COMMUNICATION]
Media War and Conflict,1750-6352,1750-6360,[COMMUNICATION]
Palabra Clave,0122-8285,2027-534X,[COMMUNICATION]
Analisi-Quaderns de Comunicacio i Cultura,0211-2175,2340-5236,[COMMUNICATION]
Comunicacion y Medios,0716-3991,0719-1529,[COMMUNICATION]
Mediaciones Sociales,1989-0494,1989-0494,[COMMUNICATION]
Journal of Industrial Relations,0022-1856,1472-9296,[INDUSTRIAL RELATIONS & LABOR]
Transfer-European Review of Labour and Research,1024-2589,1996-7284,[INDUSTRIAL RELATIONS & LABOR]
IZA Journal of Labor Policy,2193-9004,2193-9004,[INDUSTRIAL RELATIONS & LABOR]
New Horizons in Adult Education and Human Resource Development,1939-4225,1939-4225,[INDUSTRIAL RELATIONS & LABOR]
Health Policy and Technology,2211-8837,N/A,[HEALTH POLICY & SERVICES]
CLINICAL SUPERVISOR,0732-5223,1545-231X,[HEALTH POLICY & SERVICES]
JOURNAL OF CLINICAL EPIDEMIOLOGY,0895-4356,1878-5921,[HEALTH CARE SCIENCES & SERVICES]
Healthcare,N/A,2227-9032,"[HEALTH CARE SCIENCES & SERVICES, HEALTH POLICY & SERVICES]"
Implementation Science,1748-5908,1748-5908,"[HEALTH CARE SCIENCES & SERVICES, HEALTH POLICY & SERVICES]"
VALUE IN HEALTH,1098-3015,1524-4733,"[ECONOMICS, HEALTH CARE SCIENCES & SERVICES, HEALTH POLICY & SERVICES]"
JOURNAL OF MEDICAL SYSTEMS,0148-5598,1573-689X,[HEALTH CARE SCIENCES & SERVICES]
JBI Evidence Synthesis,N/A,2689-8381,[HEALTH CARE SCIENCES & SERVICES]
Ethiopian Journal of Health Sciences,1029-1857,2413-7170,[HEALTH CARE SCIENCES & SERVICES]
Geospatial Health,1827-1987,1970-7096,[HEALTH CARE SCIENCES & SERVICES]
JMIR Diabetes,2371-4379,2371-4379,[HEALTH CARE SCIENCES & SERVICES]
Telemedicine Reports,N/A,2692-4366,[HEALTH CARE SCIENCES & SERVICES]
Human Factors in Healthcare,N/A,2772-5014,[HEALTH CARE SCIENCES & SERVICES]
Global & Regional Health Technology Assessment,2284-2403,2283-5733,[HEALTH CARE SCIENCES & SERVICES]
ACCOUNTING REVIEW,0001-4826,1558-7967,"['BUSINESS, FINANCE']"
JOURNAL OF CORPORATE FINANCE,0929-1199,1872-6313,"['BUSINESS, FINANCE']"
JOURNAL OF FINANCIAL AND QUANTITATIVE ANALYSIS,0022-1090,1756-6916,"['BUSINESS, FINANCE', ECONOMICS]"
Journal of International Financial Markets Institutions & Money,1042-4431,1873-0612,"['BUSINESS, FINANCE', ECONOMICS]"
Accounting and Finance,0810-5391,1467-629X,"['BUSINESS, FINANCE']"
Journal of Sustainable Finance & Investment,2043-0795,2043-0809,"['BUSINESS, FINANCE']"
European Financial Management,1354-7798,1468-036X,"['BUSINESS, FINANCE']"
Accounting Education,0963-9284,1468-4489,"['BUSINESS, FINANCE']"
International Journal of Accounting,1094-4060,2213-3933,"['BUSINESS, FINANCE']"
Asian Review of Accounting,1321-7348,1758-8863,"['BUSINESS, FINANCE']"
Journal of International Accounting Research,1542-6297,1558-8025,"['BUSINESS, FINANCE']"
Data Science in Finance and Economics,N/A,2769-2140,"['BUSINESS, FINANCE', ECONOMICS]"
Revista Ambiente Contabil,2176-9036,2176-9036,"['BUSINESS, FINANCE']"
LEADERSHIP QUARTERLY,1048-9843,1873-3409,[MANAGEMENT]
CALIFORNIA MANAGEMENT REVIEW,0008-1256,2162-8564,"[BUSINESS, MANAGEMENT]"
European Journal of Innovation Management,1460-1060,1758-7115,"[BUSINESS, MANAGEMENT]"
JOURNAL OF STRATEGIC INFORMATION SYSTEMS,0963-8687,1873-1198,[MANAGEMENT]
Equality Diversity and Inclusion,2040-7149,2040-7157,[MANAGEMENT]
Journal of Science and Technology Policy Management,2053-4620,1758-5538,[MANAGEMENT]
Management,1286-4692,1286-4692,[MANAGEMENT]
International Journal of Training and Development,1360-3736,1468-2419,[MANAGEMENT]
Strategy Science,2333-2050,2333-2077,[MANAGEMENT]
IMA Journal of Management Mathematics,1471-678X,1471-6798,"[MANAGEMENT, OPERATIONS RESEARCH & MANAGEMENT SCIENCE]"
Nankai Business Review International,2040-8749,2040-8757,[MANAGEMENT]
Construction Economics and Building,1835-6354,1837-9133,[MANAGEMENT]
Journal of Industrial Integration and Management-Innovation and Entrepreneurship,2424-8622,2424-8630,[MANAGEMENT]
TRANSPORTATION JOURNAL,0041-1612,2157-328X,"[MANAGEMENT, TRANSPORTATION]"
INTERNATIONAL JOURNAL OF LEARNING AND INTELLECTUAL CAPITAL,1479-4853,1479-4861,"[BUSINESS, MANAGEMENT]"
Negotiation and Conflict Management Research,1750-4708,1750-4716,[MANAGEMENT]
International Journal of Organizational Leadership,2383-1103,2345-6744,[MANAGEMENT]
Indian Economic Review,0019-4670,2520-1778,"[BUSINESS, ECONOMICS, MANAGEMENT]"
BETRIEBSWIRTSCHAFTLICHE FORSCHUNG UND PRAXIS,0340-5370,0340-5370,"[BUSINESS, MANAGEMENT]"
European Journal of Family Business,2444-8788,2444-877X,"[BUSINESS, MANAGEMENT]"
Tec Empresarial,1659-2395,1659-2395,[MANAGEMENT]
Revista Gestao Organizacional,1983-6635,1983-6635,[MANAGEMENT]
JIMS8M-The Journal of Indian Management & Strategy,0973-9335,0973-9343,[MANAGEMENT]
JOURNAL OF BUSINESS & INDUSTRIAL MARKETING,0885-8624,2052-1189,[BUSINESS]
ENTREPRENEURSHIP AND REGIONAL DEVELOPMENT,0898-5626,1464-5114,"[BUSINESS, DEVELOPMENT STUDIES]"
Marketing Theory,1470-5931,1741-301X,[BUSINESS]
Thunderbird International Business Review,1096-4762,1520-6874,[BUSINESS]
Journal of Entrepreneurship in Emerging Economies,2053-4604,2053-4612,[BUSINESS]
Journal of Social Entrepreneurship,1942-0676,1942-0684,[BUSINESS]
International Review of Retail Distribution and Consumer Research,0959-3969,1466-4402,[BUSINESS]
Measuring Business Excellence,1368-3047,1758-8057,[BUSINESS]
Journal of Financial Services Marketing,1363-0539,1479-1846,[BUSINESS]
International Journal of Entrepreneurship and Innovation,1465-7503,2043-6882,[BUSINESS]
Economics & Sociology,2071-789X,2306-3459,"[BUSINESS, ECONOMICS]"
International Journal of Business and Society,1511-6670,1511-6670,[BUSINESS]
Asia Pacific Journal of Innovation and Entrepreneurship,2071-1395,2398-7812,[BUSINESS]
Transnational Corporations Review,1918-6444,1925-2099,"[BUSINESS, ECONOMICS]"
Business and Human Rights Journal,2057-0198,2057-0201,[BUSINESS]
Management Theory and Studies for Rural Business and Infrastructure Development,1822-6760,2345-0355,[BUSINESS]
Custos e Agronegocio On Line,1808-2882,1808-2882,"[AGRICULTURAL ECONOMICS & POLICY, BUSINESS, ECONOMICS]"
Market-Trziste,0353-4790,1849-1383,[BUSINESS]
Review of Business,0034-6454,0034-6454,[BUSINESS]
Retail and Marketing Review,2708-3209,2708-3209,[BUSINESS]
3C Empresa,2254-3376,2254-3376,[BUSINESS]
Clio America,1909-941X,2389-7848,[BUSINESS]
INTERNATIONAL JOURNAL OF GEOGRAPHICAL INFORMATION SCIENCE,1365-8816,1362-3087,[GEOGRAPHY]
TRANSACTIONS OF THE INSTITUTE OF BRITISH GEOGRAPHERS,0020-2754,1475-5661,[GEOGRAPHY]
GEOGRAPHICAL ANALYSIS,0016-7363,1538-4632,[GEOGRAPHY]
EUROPEAN URBAN AND REGIONAL STUDIES,0969-7764,1461-7145,"[ENVIRONMENTAL STUDIES, GEOGRAPHY, URBAN STUDIES]"
Cartography and Geographic Information Science,1523-0406,1545-0465,[GEOGRAPHY]
Geographical Research,1745-5863,1745-5871,[GEOGRAPHY]
Applied Spatial Analysis and Policy,1874-463X,1874-4621,"[ENVIRONMENTAL STUDIES, GEOGRAPHY]"
Norsk Geografisk Tidsskrift-Norwegian Journal of Geography,0029-1951,1502-5292,[GEOGRAPHY]
Raumforschung und Raumordnung-Spatial Research and Planning,0034-0111,1869-4179,[GEOGRAPHY]
Geoadria,1331-2294,1848-9710,[GEOGRAPHY]
ZFW-Advances in Economic Geography,2748-1956,2748-1964,"[ECONOMICS, GEOGRAPHY]"
Perspectiva Geografica,0123-3769,2500-8684,[GEOGRAPHY]
China Population and Development Studies,2096-448X,2523-8965,[DEMOGRAPHY]
Diaspora Studies,0973-9572,0976-3457,[DEMOGRAPHY]
Nationalities Papers-The Journal of Nationalism and Ethnicity,0090-5992,1465-3923,"[AREA STUDIES, ETHNIC STUDIES]"
Genealogy,N/A,2313-5778,[ETHNIC STUDIES]
Nationalism and Ethnic Politics,1353-7113,1557-2986,[ETHNIC STUDIES]
JOURNAL OF POLITICAL ECONOMY,0022-3808,1537-534X,[ECONOMICS]
TRANSPORTATION RESEARCH PART B-METHODOLOGICAL,0191-2615,1879-2367,"[ECONOMICS, OPERATIONS RESEARCH & MANAGEMENT SCIENCE, TRANSPORTATION]"
JOURNAL OF ECONOMIC BEHAVIOR & ORGANIZATION,0167-2681,1879-1751,[ECONOMICS]
GAMES AND ECONOMIC BEHAVIOR,0899-8256,1090-2473,[ECONOMICS]
LABOUR ECONOMICS,0927-5371,1879-1034,[ECONOMICS]
INSURANCE MATHEMATICS & ECONOMICS,0167-6687,1873-5959,[ECONOMICS]
Economies,N/A,2227-7099,[ECONOMICS]
RESOURCE AND ENERGY ECONOMICS,0928-7655,1873-0221,"[ECONOMICS, ENVIRONMENTAL STUDIES]"
Review of Development Economics,1363-6669,1467-9361,"[DEVELOPMENT STUDIES, ECONOMICS]"
Health Economics Review,2191-1991,2191-1991,"[ECONOMICS, HEALTH POLICY & SERVICES]"
Journal of the Asia Pacific Economy,1354-7860,1469-9648,[ECONOMICS]
B E Journal of Economic Analysis & Policy,2194-6108,1935-1682,[ECONOMICS]
ECONOMIC DEVELOPMENT QUARTERLY,0891-2424,1552-3543,"[DEVELOPMENT STUDIES, ECONOMICS, URBAN STUDIES]"
JOURNAL OF TRANSPORT ECONOMICS AND POLICY,0022-5258,1754-5951,"[ECONOMICS, TRANSPORTATION]"
Equilibrium-Quarterly Journal of Economics and Economic Policy,1689-765X,2353-3293,[ECONOMICS]
Journal of Financial Economic Policy,1757-6385,1757-6393,[ECONOMICS]
STUDIES IN NONLINEAR DYNAMICS AND ECONOMETRICS,1081-1826,1558-3708,[ECONOMICS]
Asia-Pacific Financial Markets,1387-2834,1573-6946,[ECONOMICS]
Journal of Entrepreneurship and Public Policy,2045-2101,2045-211X,[ECONOMICS]
REVUE ECONOMIQUE,0035-2764,1950-6694,[ECONOMICS]
Journal of the Economic Science Association-JESA,2199-6784,2199-6776,[ECONOMICS]
Economic and Social Changes-Facts Trends Forecast,2307-0331,2312-9824,[ECONOMICS]
Basic Income Studies,2194-6094,1932-0183,[ECONOMICS]
Zhurnal Novaya Ekonomicheskaya Assotsiatsiya-Journal of the New Economic Association,2221-2264,2221-2264,[ECONOMICS]
Baltic Journal of Economics,1406-099X,2334-4385,[ECONOMICS]
Revista Galega de Economia,1132-2799,2255-5951,[ECONOMICS]
Ekonomicheskaya politika,1994-5124,2411-2658,[ECONOMICS]
International Journal of Computational Economics and Econometrics,1757-1170,1757-1189,[ECONOMICS]
Journal of Public Finance and Public Choice,2515-6918,2515-6926,[ECONOMICS]
WMU Journal of Maritime Affairs,1651-436X,1654-1642,[TRANSPORTATION]
European Transport-Trasporti Europei,1825-3997,1825-3997,[TRANSPORTATION]
Journal of Transportation Security,1938-7741,1938-775X,[TRANSPORTATION]
Climate Risk Management,2212-0963,2212-0963,[ENVIRONMENTAL STUDIES]
Energy Efficiency,1570-646X,1570-6478,[ENVIRONMENTAL STUDIES]
INTERNATIONAL REGIONAL SCIENCE REVIEW,0160-0176,1552-6925,"[ENVIRONMENTAL STUDIES, URBAN STUDIES]"
International Journal of the Commons,1875-0281,1875-0281,[ENVIRONMENTAL STUDIES]
Maritime Studies,1872-7859,2212-9790,[ENVIRONMENTAL STUDIES]
Revista Brasileira de Ciencias Ambientais,1808-4524,2176-9478,[ENVIRONMENTAL STUDIES]
Letras Verdes,1390-6631,1390-6631,[ENVIRONMENTAL STUDIES]
LATIN AMERICAN PERSPECTIVES,0094-582X,1552-678X,[AREA STUDIES]
MIDDLE EAST JOURNAL,0026-3141,1940-3461,[AREA STUDIES]
Israel Studies Review,2159-0370,2159-0389,[AREA STUDIES]
Korea Observer,0023-3919,0023-3919,[AREA STUDIES]
Revista de Estudios Internacionales Mediterraneos,1887-4460,1887-4460,[AREA STUDIES]
International Journal of Cuban Studies,1756-3461,1756-347X,[AREA STUDIES]
Journal of Environmental Planning and Management,0964-0568,1360-0559,[DEVELOPMENT STUDIES]
HOUSING POLICY DEBATE,1051-1482,2152-050X,"[DEVELOPMENT STUDIES, URBAN STUDIES]"
Information Technology for Development,0268-1102,1554-0170,[DEVELOPMENT STUDIES]
STUDIES IN COMPARATIVE INTERNATIONAL DEVELOPMENT,0039-3606,1936-6167,[DEVELOPMENT STUDIES]
INTERNATIONAL DEVELOPMENT PLANNING REVIEW,1474-6743,1478-3401,[DEVELOPMENT STUDIES]
Journal of Rural and Community Development,1712-8277,1712-8277,[DEVELOPMENT STUDIES]
Journal of South Asian Development,0973-1741,0973-1733,[DEVELOPMENT STUDIES]
Sociology of Development,N/A,2374-538X,[DEVELOPMENT STUDIES]
Diversity-Basel,N/A,1424-2818,[ECOLOGY]
JOURNAL OF CHEMICAL ECOLOGY,0098-0331,1573-1561,[ECOLOGY]
BASIC AND APPLIED ECOLOGY,1439-1791,1618-0089,[ECOLOGY]
ORYX,0030-6053,1365-3008,[ECOLOGY]
MAMMAL REVIEW,N/A,1365-2907,[ECOLOGY]
JOURNAL OF TROPICAL ECOLOGY,0266-4674,1469-7831,[ECOLOGY]
JOURNAL OF FRESHWATER ECOLOGY,0270-5060,2156-6941,[ECOLOGY]
REVISTA CHILENA DE HISTORIA NATURAL,0716-078X,0717-6317,[ECOLOGY]
ECOLOGICAL MANAGEMENT & RESTORATION,1442-7001,1442-8903,[ECOLOGY]
CHEMOECOLOGY,0937-7409,1423-0445,[ECOLOGY]
Bulletin of the Peabody Museum of Natural History,0079-032X,2162-4135,[ECOLOGY]
Czech Polar Reports,1805-0689,1805-0697,[ECOLOGY]
JOURNAL OF THE AMERICAN PLANNING ASSOCIATION,0194-4363,1939-0130,[URBAN STUDIES]
JOURNAL OF PLANNING EDUCATION AND RESEARCH,0739-456X,1552-6577,[URBAN STUDIES]
JOURNAL OF URBAN PLANNING AND DEVELOPMENT,0733-9488,1943-5444,[URBAN STUDIES]
City & Community,1535-6841,1540-6040,[URBAN STUDIES]
Bitacora Urbano Territorial,0124-7913,2027-145X,[URBAN STUDIES]
PUBLIC ADMINISTRATION,0033-3298,1467-9299,[PUBLIC ADMINISTRATION]
POLICY STUDIES JOURNAL,0190-292X,1541-0072,[PUBLIC ADMINISTRATION]
AUSTRALIAN JOURNAL OF PUBLIC ADMINISTRATION,0313-6647,1467-8500,[PUBLIC ADMINISTRATION]
Revista de Administracao Publica,0034-7612,1982-3134,[PUBLIC ADMINISTRATION]
Public Administration and Policy-An Asia-Pacific Journal,1727-2645,2517-679X,[PUBLIC ADMINISTRATION]
Revista Iberoamericana de Estudios Municipales,0718-8838,0719-1790,[PUBLIC ADMINISTRATION]
iForest-Biogeosciences and Forestry,1971-7458,1971-7458,[FORESTRY]
Forest Systems,2171-5068,2171-9845,[FORESTRY]
Dendrobiology,1641-1307,2083-8387,[FORESTRY]
Kastamonu University Journal of Forestry Faculty,1303-2399,1309-4181,[FORESTRY]
Acta Silvae et Ligni,2335-3112,2335-3953,[FORESTRY]
EUROPEAN JOURNAL OF OPERATIONAL RESEARCH,0377-2217,1872-6860,[OPERATIONS RESEARCH & MANAGEMENT SCIENCE]
OPTIMIZATION METHODS & SOFTWARE,1055-6788,1029-4937,[OPERATIONS RESEARCH & MANAGEMENT SCIENCE]
Journal of Industrial and Management Optimization,1547-5816,1553-166X,[OPERATIONS RESEARCH & MANAGEMENT SCIENCE]
4OR-A Quarterly Journal of Operations Research,1619-4500,1614-2411,[OPERATIONS RESEARCH & MANAGEMENT SCIENCE]
DISCOURSE & SOCIETY,0957-9265,1460-3624,[COMMUNICATION]
Convergence-The International Journal of Research into New Media Technologies,1354-8565,1748-7382,[COMMUNICATION]
Games and Culture,1555-4120,1555-4139,[COMMUNICATION]
COMMUNICATION EDUCATION,0363-4523,1479-5795,[COMMUNICATION]
WRITTEN COMMUNICATION,0741-0883,1552-8472,[COMMUNICATION]
Media International Australia,1329-878X,2200-467X,[COMMUNICATION]
Business and Professional Communication Quarterly,2329-4906,2329-4922,[COMMUNICATION]
TECHNICAL COMMUNICATION,0049-3155,N/A,[COMMUNICATION]
COMMUNICATION REVIEW,1071-4421,1547-7487,[COMMUNICATION]
Communication Research and Practice,2204-1451,2206-3374,[COMMUNICATION]
American Journalism,0882-1127,2326-2486,[COMMUNICATION]
CIC-Cuadernos de Informacion y Comunicacion,1135-7991,1988-4001,[COMMUNICATION]
Theoretical and Practical Issues of Journalism,2308-6203,2308-6211,[COMMUNICATION]
Plaridel,1656-2534,1656-2534,[COMMUNICATION]
LABOR HISTORY,0023-656X,1469-9702,[INDUSTRIAL RELATIONS & LABOR]
RELATIONS INDUSTRIELLES-INDUSTRIAL RELATIONS,0034-379X,N/A,[INDUSTRIAL RELATIONS & LABOR]
Revista Pegada,1676-1871,1676-3025,[INDUSTRIAL RELATIONS & LABOR]
Health Sociology Review,1446-1242,1839-3551,[HEALTH POLICY & SERVICES]
Health Services Research and Managerial Epidemiology,2333-3928,2333-3928,[HEALTH POLICY & SERVICES]
Asian Journal of WTO & International Health Law and Policy,1819-5164,N/A,[HEALTH POLICY & SERVICES]
STATISTICAL METHODS IN MEDICAL RESEARCH,0962-2802,1477-0334,[HEALTH CARE SCIENCES & SERVICES]
HEALTH POLICY AND PLANNING,0268-1080,1460-2237,"[HEALTH CARE SCIENCES & SERVICES, HEALTH POLICY & SERVICES]"
Lancet Regional Health-Western Pacific,N/A,2666-6065,[HEALTH CARE SCIENCES & SERVICES]
TECHNOLOGY AND HEALTH CARE,0928-7329,1878-7401,[HEALTH CARE SCIENCES & SERVICES]
JMIR Human Factors,2292-9495,2292-9495,[HEALTH CARE SCIENCES & SERVICES]
Indian Journal of Palliative Care,0973-1075,1998-3735,[HEALTH CARE SCIENCES & SERVICES]
ClinicoEconomics and Outcomes Research,1178-6981,1178-6981,[HEALTH CARE SCIENCES & SERVICES]
IISE Transactions on Healthcare Systems Engineering,2472-5579,2472-5587,"[HEALTH CARE SCIENCES & SERVICES, HEALTH POLICY & SERVICES, OPERATIONS RESEARCH & MANAGEMENT SCIENCE]"
Chronic Wound Care Management and Research,2324-481X,2324-481X,[HEALTH CARE SCIENCES & SERVICES]
Zeitschrift fur Palliativmedizin,1615-2921,1615-293X,[HEALTH CARE SCIENCES & SERVICES]
Review of Finance,1572-3097,1573-692X,"['BUSINESS, FINANCE', ECONOMICS]"
Journal of Financial Stability,1572-3089,1878-0962,"['BUSINESS, FINANCE', ECONOMICS]"
British Accounting Review,0890-8389,1095-8347,"['BUSINESS, FINANCE']"
JOURNAL OF FINANCIAL INTERMEDIATION,1042-9573,1096-0473,"['BUSINESS, FINANCE']"
JOURNAL OF PORTFOLIO MANAGEMENT,0095-4918,2168-8656,"['BUSINESS, FINANCE']"
PUBLIC MONEY & MANAGEMENT,0954-0962,1467-9302,"['BUSINESS, FINANCE', PUBLIC ADMINISTRATION]"
NATIONAL TAX JOURNAL,0028-0283,1944-7477,"['BUSINESS, FINANCE', ECONOMICS]"
Journal of International Financial Management & Accounting,0954-1314,1467-646X,"['BUSINESS, FINANCE']"
Review of Corporate Finance Studies,2046-9128,2046-9136,"['BUSINESS, FINANCE']"
GENEVA PAPERS ON RISK AND INSURANCE-ISSUES AND PRACTICE,1018-5895,1468-0440,"['BUSINESS, FINANCE']"
Accounting History,1032-3732,1749-3374,"['BUSINESS, FINANCE']"
Banks and Bank Systems,1816-7403,1991-7074,"['BUSINESS, FINANCE', ECONOMICS]"
Mathematics and Financial Economics,1862-9679,1862-9660,"['BUSINESS, FINANCE', ECONOMICS]"
Spanish Journal of Finance and Accounting-Revista Espanola de Financiacion y Contabilidad,0210-2412,2332-0753,"['BUSINESS, FINANCE']"
Public Finance Quarterly-Hungary,0031-496X,2064-8278,"['BUSINESS, FINANCE']"
African Journal of Accounting Auditing and Finance,2046-8083,2046-8091,"['BUSINESS, FINANCE']"
Academy Review,2074-5354,2522-9745,"['BUSINESS, FINANCE', ECONOMICS, MANAGEMENT]"
Revista Contabilidade e Controladoria-RC C,1984-6266,1984-6266,"['BUSINESS, FINANCE']"
MANAGEMENT SCIENCE,0025-1909,1526-5501,"[MANAGEMENT, OPERATIONS RESEARCH & MANAGEMENT SCIENCE]"
OMEGA-INTERNATIONAL JOURNAL OF MANAGEMENT SCIENCE,0305-0483,1873-5274,"[MANAGEMENT, OPERATIONS RESEARCH & MANAGEMENT SCIENCE]"
JOURNAL OF MANAGEMENT INFORMATION SYSTEMS,0742-1222,1557-928X,[MANAGEMENT]
M&SOM-Manufacturing & Service Operations Management,1523-4614,1526-5498,"[MANAGEMENT, OPERATIONS RESEARCH & MANAGEMENT SCIENCE]"
EUROPEAN JOURNAL OF INFORMATION SYSTEMS,0960-085X,1476-9344,[MANAGEMENT]
International Journal of Management Education,1472-8117,2352-3565,"[BUSINESS, MANAGEMENT]"
Social Responsibility Journal,1747-1117,1758-857X,[MANAGEMENT]
Industry and Innovation,1366-2716,1469-8390,"[ECONOMICS, MANAGEMENT]"
Journal of Management and Governance,1385-3457,1572-963X,[MANAGEMENT]
Information and Organization,1471-7727,1873-7919,[MANAGEMENT]
MIS Quarterly Executive,1540-1960,1540-1979,[MANAGEMENT]
Asia Pacific Management Review,1029-3132,1029-3132,[MANAGEMENT]
SA Journal of Human Resource Management,1683-7584,2071-078X,[MANAGEMENT]
Journal of Management Control,2191-4761,2191-477X,[MANAGEMENT]
Science Technology and Society,0971-7218,0973-0796,[MANAGEMENT]
Decision Analysis,1545-8490,1545-8504,[MANAGEMENT]
Maritime Business Review,2397-3757,2397-3765,"[BUSINESS, MANAGEMENT, TRANSPORTATION]"
Organization Technology and Management in Construction,1847-5450,1847-6228,[MANAGEMENT]
Journal of Research Administration,1539-1590,1539-1590,[MANAGEMENT]
Revista Gestao & Tecnologia-Journal of Management and Technology,1677-9479,2177-6652,[MANAGEMENT]
NMIMS Management Review,0971-1023,0971-1023,[MANAGEMENT]
JOURNAL OF BUSINESS ETHICS,0167-4544,1573-0697,[BUSINESS]
Business & Society,0007-6503,1552-4205,[BUSINESS]
Journal of Research in Interactive Marketing,2040-7122,2040-7130,[BUSINESS]
JOURNAL OF INTERNATIONAL MARKETING,1069-031X,1547-7215,[BUSINESS]
Journal of Theoretical and Applied Electronic Commerce Research,0718-1876,0718-1876,[BUSINESS]
BUSINESS HISTORY,0007-6791,1743-7938,[BUSINESS]
International Journal of Business Communication,2329-4884,2329-4892,"[BUSINESS, COMMUNICATION]"
JOURNAL OF FOOD PRODUCTS MARKETING,1045-4446,1540-4102,[BUSINESS]
Journal of African Business,1522-8916,1522-9076,[BUSINESS]
BUSINESS HISTORY REVIEW,0007-6805,2044-768X,[BUSINESS]
Entrepreneurship Research Journal,2194-6175,2157-5665,[BUSINESS]
Journal of International Food & Agribusiness Marketing,0897-4438,1528-6983,[BUSINESS]
Small Enterprise Research,1321-5906,1175-0979,[BUSINESS]
Journal of Historical Research in Marketing,1755-750X,1755-7518,[BUSINESS]
AD-minister,1692-0279,2256-4322,[BUSINESS]
African Journal of Business Ethics,1817-7417,0976-3600,[BUSINESS]
GEOJOURNAL,0343-2521,1572-9893,[GEOGRAPHY]
Geography Compass,1749-8198,1749-8198,[GEOGRAPHY]
Transactions in GIS,1361-1682,1467-9671,[GEOGRAPHY]
Polar Journal,2154-896X,2154-8978,"[AREA STUDIES, ENVIRONMENTAL STUDIES, GEOGRAPHY]"
Imago Mundi-The International Journal for the History of Cartography,0308-5694,1479-7801,[GEOGRAPHY]
Present Environment and Sustainable Development,1843-5971,2284-7820,[GEOGRAPHY]
Espaces-Populations-Societes,0755-7809,2104-3752,[GEOGRAPHY]
Atelie Geografico,1982-1956,1982-1956,[GEOGRAPHY]
POPULATION AND ENVIRONMENT,0199-0039,1573-7810,"[DEMOGRAPHY, ENVIRONMENTAL STUDIES]"
GENUS,N/A,2035-5556,[DEMOGRAPHY]
TRANSPORTATION RESEARCH PART A-POLICY AND PRACTICE,0965-8564,1879-2375,"[ECONOMICS, TRANSPORTATION]"
JOURNAL OF HUMAN RESOURCES,0022-166X,1548-8004,"[ECONOMICS, INDUSTRIAL RELATIONS & LABOR]"
APPLIED ECONOMICS LETTERS,1350-4851,1466-4291,[ECONOMICS]
American Economic Journal-Macroeconomics,1945-7707,1945-7715,[ECONOMICS]
CAMBRIDGE JOURNAL OF ECONOMICS,0309-166X,1464-3545,[ECONOMICS]
Review of Environmental Economics and Policy,1750-6816,1750-6824,"[ECONOMICS, ENVIRONMENTAL STUDIES]"
Economics Bulletin,1545-2921,1545-2921,[ECONOMICS]
INFORMATION ECONOMICS AND POLICY,0167-6245,1873-5975,[ECONOMICS]
CONTEMPORARY ECONOMIC POLICY,1074-3529,1465-7287,"[ECONOMICS, PUBLIC ADMINISTRATION]"
CANADIAN JOURNAL OF AGRICULTURAL ECONOMICS-REVUE CANADIENNE D AGROECONOMIE,0008-3976,1744-7976,"[AGRICULTURAL ECONOMICS & POLICY, ECONOMICS]"
JOURNAL OF THE JAPANESE AND INTERNATIONAL ECONOMIES,0889-1583,1095-8681,[ECONOMICS]
Journal of Agricultural and Applied Economics,1074-0708,2056-7405,"[AGRICULTURAL ECONOMICS & POLICY, ECONOMICS]"
Economic and Labour Relations Review,1035-3046,1838-2673,"[ECONOMICS, INDUSTRIAL RELATIONS & LABOR]"
JOURNAL OF WORLD TRADE,1011-6702,2210-2795,[ECONOMICS]
Comparative Economic Studies,0888-7233,1478-3320,[ECONOMICS]
Review of Keynesian Economics,2049-5323,2049-5331,[ECONOMICS]
CHINESE ECONOMY,1097-1475,1558-0954,[ECONOMICS]
CESifo Economic Studies,1610-241X,1612-7501,[ECONOMICS]
Innovation and Development,2157-930X,2157-9318,"[DEVELOPMENT STUDIES, ECONOMICS]"
INTERNATIONAL JOURNAL OF POLITICAL ECONOMY,0891-1916,1558-0970,[ECONOMICS]
ATLANTIC ECONOMIC JOURNAL,0197-4254,1573-9678,[ECONOMICS]
Central Bank Review,1303-0701,1305-8800,[ECONOMICS]
Journal of Australian Political Economy,0156-5826,1839-3675,[ECONOMICS]
Zagreb International Review of Economics & Business,1331-5609,1849-1162,[ECONOMICS]
Studia Universitatis Vasile Goldis Arad Seria Stiinte Economice,1584-2339,2285-3065,[ECONOMICS]
East Asian Economic Review,2508-1640,2508-1667,[ECONOMICS]
Apuntes del CENES,0120-3053,2256-5779,[ECONOMICS]
Revue Interventions Economiques-Papers in Political Economy,0715-3570,1710-7377,[ECONOMICS]
TRANSPORTATION SCIENCE,0041-1655,N/A,"[OPERATIONS RESEARCH & MANAGEMENT SCIENCE, TRANSPORTATION]"
URBAN FORESTRY & URBAN GREENING,1618-8667,1610-8167,"[ENVIRONMENTAL STUDIES, FORESTRY, URBAN STUDIES]"
Wiley Interdisciplinary Reviews-Climate Change,1757-7780,1757-7799,[ENVIRONMENTAL STUDIES]
DISASTERS,0361-3666,1467-7717,[ENVIRONMENTAL STUDIES]
Frontiers in Climate,N/A,2624-9553,[ENVIRONMENTAL STUDIES]
Conservation & Society,0972-4923,0975-3133,[ENVIRONMENTAL STUDIES]
Impact Assessment and Project Appraisal,1461-5517,1471-5465,[ENVIRONMENTAL STUDIES]
NATURAL RESOURCES JOURNAL,0028-0739,0028-0739,[ENVIRONMENTAL STUDIES]
Trumpeter-Journal of Ecosophy,0832-6193,0832-6193,[ENVIRONMENTAL STUDIES]
INTERNATIONAL JOURNAL OF MIDDLE EAST STUDIES,0020-7438,1471-6380,[AREA STUDIES]
JOURNAL OF LATIN AMERICAN STUDIES,0022-216X,1469-767X,[AREA STUDIES]
Mediterranean Politics,1362-9395,1743-9418,[AREA STUDIES]
New Perspectives on Turkey,0896-6346,1305-3299,[AREA STUDIES]
Social Science Japan Journal,1369-1465,1468-2680,[AREA STUDIES]
Japanese Studies,1037-1397,1469-9338,[AREA STUDIES]
Bilig,1301-0549,1301-0549,[AREA STUDIES]
Asian Journal of Middle Eastern and Islamic Studies,2576-5949,2576-5957,[AREA STUDIES]
London Journal,0305-8034,1749-6322,[AREA STUDIES]
Africa Review,0974-4053,0974-4061,[AREA STUDIES]
Revista de Estudios Andaluces,0212-8594,2340-2776,[AREA STUDIES]
DEVELOPMENT AND CHANGE,0012-155X,1467-7660,[DEVELOPMENT STUDIES]
Journal of Environmental Policy & Planning,1523-908X,1522-7200,[DEVELOPMENT STUDIES]
Revista Cooperativismo y Desarrollo-COODES,2310-340X,2310-340X,[DEVELOPMENT STUDIES]
CONSERVATION BIOLOGY,0888-8892,1523-1739,[ECOLOGY]
LANDSCAPE ECOLOGY,0921-2973,1572-9761,[ECOLOGY]
APPLIED VEGETATION SCIENCE,1402-2001,1654-109X,"[ECOLOGY, FORESTRY]"
Fire Ecology,1933-9747,1933-9747,"[ECOLOGY, FORESTRY]"
Aquatic Invasions,1798-6540,1818-5487,[ECOLOGY]
RUSSIAN JOURNAL OF ECOLOGY,1067-4136,1608-3334,[ECOLOGY]
PHYTOCOENOLOGIA,0340-269X,2363-7153,[ECOLOGY]
POLISH POLAR RESEARCH,0138-0338,2081-8262,[ECOLOGY]
Neotropical Biology and Conservation,N/A,2236-3777,[ECOLOGY]
Ecological Frontiers,N/A,2950-5097,[ECOLOGY]
Hacquetia,1581-4661,1854-9829,[ECOLOGY]
Journal of Urban Design,1357-4809,1469-9664,[URBAN STUDIES]
JOURNAL OF PLANNING LITERATURE,0885-4122,1552-6593,[URBAN STUDIES]
TeMA-Journal of Land Use Mobility and Environment,1970-9889,1970-9870,[URBAN STUDIES]
JOURNAL OF EUROPEAN SOCIAL POLICY,0958-9287,1461-7269,[PUBLIC ADMINISTRATION]
European Policy Analysis,N/A,2380-6567,[PUBLIC ADMINISTRATION]
Data & Policy,N/A,2632-3249,[PUBLIC ADMINISTRATION]
Revista do Servico Publico,0034-9240,2357-8017,[PUBLIC ADMINISTRATION]
Cadernos Gestao Publica e Cidadania,1806-2261,2236-5710,[PUBLIC ADMINISTRATION]
FOREST ECOLOGY AND MANAGEMENT,0378-1127,1872-7042,[FORESTRY]
REVISTA ARVORE,0100-6762,1806-9088,[FORESTRY]
Forest Science and Technology,2158-0103,2158-0715,[FORESTRY]
International Journal of Forest Engineering,1494-2119,1913-2220,[FORESTRY]
Forestry Research,N/A,2767-3812,[FORESTRY]
Forestist,2602-4039,2602-4039,[FORESTRY]
Formath,N/A,2188-5729,[FORESTRY]
COMPUTERS & OPERATIONS RESEARCH,0305-0548,1873-765X,[OPERATIONS RESEARCH & MANAGEMENT SCIENCE]
MATHEMATICAL PROGRAMMING,0025-5610,1436-4646,[OPERATIONS RESEARCH & MANAGEMENT SCIENCE]
SYSTEMS & CONTROL LETTERS,0167-6911,1872-7956,[OPERATIONS RESEARCH & MANAGEMENT SCIENCE]
Opsearch,0030-3887,0975-0320,[OPERATIONS RESEARCH & MANAGEMENT SCIENCE]
Memetic Computing,1865-9284,1865-9292,[OPERATIONS RESEARCH & MANAGEMENT SCIENCE]
Top,1134-5764,1863-8279,[OPERATIONS RESEARCH & MANAGEMENT SCIENCE]
Operations Research and Decisions,2081-8858,2391-6060,[OPERATIONS RESEARCH & MANAGEMENT SCIENCE]
Journalism Practice,1751-2786,1751-2794,[COMMUNICATION]
MEDIA PSYCHOLOGY,1521-3269,1532-785X,[COMMUNICATION]
Communication & Sport,2167-4795,2167-4809,[COMMUNICATION]
Mobile Media & Communication,2050-1579,2050-1587,[COMMUNICATION]
Revista Latina de Comunicacion Social,1138-5820,1138-5820,[COMMUNICATION]
Communication Reports,0893-4215,1745-1043,[COMMUNICATION]
Journal of Radio & Audio Media,1937-6529,1937-6537,[COMMUNICATION]
Journal of Information Policy,2381-5892,2158-3897,[COMMUNICATION]
Cuadernos Info,0719-3661,0719-367X,[COMMUNICATION]
AdComunica-Revista Cientifica de Estrategias Tendencias e Innovacion en Communicacion,2174-0992,2254-2728,[COMMUNICATION]
Ambitos,1139-1979,1988-5733,[COMMUNICATION]
Teknokultura: Revista de Cultura Digital y Movimientos Sociales,1549-2230,1549-2230,[COMMUNICATION]
H-ermes-Journal of Communication,2284-0753,2284-0753,[COMMUNICATION]
LABOUR-LE TRAVAIL,0700-3862,1911-4842,[INDUSTRIAL RELATIONS & LABOR]
Administration and Policy in Mental Health and Mental Health Services Research,0894-587X,1573-3289,[HEALTH POLICY & SERVICES]
Palliative & Supportive Care,1478-9515,1478-9523,[HEALTH POLICY & SERVICES]
International Journal of Healthcare Management,2047-9700,2047-9719,[HEALTH POLICY & SERVICES]
JOURNAL OF HEALTHCARE MANAGEMENT,1096-9012,1944-7396,[HEALTH POLICY & SERVICES]
Journal of Healthcare Leadership,1179-3201,1179-3201,[HEALTH POLICY & SERVICES]
BMC HEALTH SERVICES RESEARCH,N/A,1472-6963,[HEALTH CARE SCIENCES & SERVICES]
BMC Medical Research Methodology,N/A,1471-2288,[HEALTH CARE SCIENCES & SERVICES]
Health and Quality of Life Outcomes,N/A,1477-7525,"[HEALTH CARE SCIENCES & SERVICES, HEALTH POLICY & SERVICES]"
npj Digital Medicine,2398-6352,2398-6352,[HEALTH CARE SCIENCES & SERVICES]
JOURNAL OF EVALUATION IN CLINICAL PRACTICE,1356-1294,1365-2753,[HEALTH CARE SCIENCES & SERVICES]
Journal of Multidisciplinary Healthcare,1178-2390,1178-2390,[HEALTH CARE SCIENCES & SERVICES]
Digital Health,2055-2076,2055-2076,"[HEALTH CARE SCIENCES & SERVICES, HEALTH POLICY & SERVICES]"
MILBANK QUARTERLY,0887-378X,1468-0009,"[HEALTH CARE SCIENCES & SERVICES, HEALTH POLICY & SERVICES]"
American Journal of Hospice & Palliative Medicine,1049-9091,1938-2715,[HEALTH CARE SCIENCES & SERVICES]
Patient-Patient Centered Outcomes Research,1178-1653,1178-1661,"[HEALTH CARE SCIENCES & SERVICES, HEALTH POLICY & SERVICES]"
Health Informatics Journal,1460-4582,1741-2811,[HEALTH CARE SCIENCES & SERVICES]
JAMIA Open,N/A,2574-2531,[HEALTH CARE SCIENCES & SERVICES]
JOURNAL OF PALLIATIVE CARE,0825-8597,2369-5293,"[HEALTH CARE SCIENCES & SERVICES, HEALTH POLICY & SERVICES]"
BULLETIN OF THE HISTORY OF MEDICINE,0007-5140,1086-3176,[HEALTH CARE SCIENCES & SERVICES]
International Journal of Population Data Science (IJPDS),N/A,2399-4908,[HEALTH CARE SCIENCES & SERVICES]
Implementation Research and Practice,2633-4895,2633-4895,"[HEALTH CARE SCIENCES & SERVICES, HEALTH POLICY & SERVICES]"
Journal of Health Economics and Outcomes Research,2327-2236,2327-2236,"[ECONOMICS, HEALTH CARE SCIENCES & SERVICES, HEALTH POLICY & SERVICES]"
JOURNAL OF BANKING & FINANCE,0378-4266,1872-6372,"['BUSINESS, FINANCE', ECONOMICS]"
FINANCIAL ANALYSTS JOURNAL,0015-198X,1938-3312,"['BUSINESS, FINANCE']"
European Journal of Finance,1351-847X,1466-4364,"['BUSINESS, FINANCE']"
Review of Quantitative Finance and Accounting,0924-865X,1573-7179,"['BUSINESS, FINANCE']"
JOURNAL OF REAL ESTATE FINANCE AND ECONOMICS,0895-5638,1573-045X,"['BUSINESS, FINANCE', ECONOMICS, URBAN STUDIES]"
JOURNAL OF INDUSTRIAL ECONOMICS,0022-1821,1467-6451,"['BUSINESS, FINANCE', ECONOMICS]"
Journal of Financial Econometrics,1479-8409,1479-8417,"['BUSINESS, FINANCE', ECONOMICS]"
International Journal of Islamic and Middle Eastern Finance and Management,1753-8394,1753-8408,"['BUSINESS, FINANCE', MANAGEMENT]"
International Journal of Central Banking,1815-4654,1815-7556,"['BUSINESS, FINANCE']"
Financial Accountability & Management,0267-4424,1468-0408,"['BUSINESS, FINANCE']"
Journal of Accounting Literature,0737-4607,2452-1469,"['BUSINESS, FINANCE']"
Journal of Commodity Markets,2405-8513,2405-8505,"['BUSINESS, FINANCE', ECONOMICS]"
Studies in Economics and Finance,1086-7376,1755-6791,"['BUSINESS, FINANCE']"
Accounting in Europe,1744-9480,1744-9499,"['BUSINESS, FINANCE']"
Journal of Risk,1465-1211,1755-2842,"['BUSINESS, FINANCE']"
Journal of Financial Regulation and Compliance,1358-1988,1740-0279,"['BUSINESS, FINANCE']"
Green Finance,2643-1092,2643-1092,"['BUSINESS, FINANCE']"
Istanbul Business Research,N/A,2630-5488,"['BUSINESS, FINANCE']"
Istanbul Iktisat Dergisi-Istanbul Journal of Economics,2602-4152,2602-3954,"['BUSINESS, FINANCE', ECONOMICS]"
Southern African Journal of Accountability and Auditing Research-SAJAAR,1028-9011,1028-9011,"['BUSINESS, FINANCE']"
Japanese Accounting Review,2185-4785,2185-4793,"['BUSINESS, FINANCE']"
International Journal of Contemporary Hospitality Management,0959-6119,1757-1049,[MANAGEMENT]
IEEE TRANSACTIONS ON ENGINEERING MANAGEMENT,0018-9391,1558-0040,"[BUSINESS, MANAGEMENT]"
HUMAN RESOURCE MANAGEMENT,0090-4848,1099-050X,[MANAGEMENT]
Journal of Manufacturing Technology Management,1741-038X,1758-7786,[MANAGEMENT]
MANAGERIAL AND DECISION ECONOMICS,0143-6570,1099-1468,"[ECONOMICS, MANAGEMENT]"
Project Management Journal,8756-9728,1938-9507,[MANAGEMENT]
Journal of Fashion Marketing and Management,1361-2026,1758-7433,"[BUSINESS, MANAGEMENT]"
SMALL GROUP RESEARCH,1046-4964,1552-8278,[MANAGEMENT]
INTERNATIONAL JOURNAL OF TECHNOLOGY MANAGEMENT,0267-5730,1741-5276,"[MANAGEMENT, OPERATIONS RESEARCH & MANAGEMENT SCIENCE]"
AUSTRALIAN JOURNAL OF MANAGEMENT,0312-8962,1327-2020,"[BUSINESS, MANAGEMENT]"
Facilities,0263-2772,1758-7131,[MANAGEMENT]
Nonprofit Management & Leadership,1048-6682,1542-7854,"[MANAGEMENT, PUBLIC ADMINISTRATION]"
Journal of Strategy and Management,1755-425X,1755-425X,[MANAGEMENT]
Organization Theory,N/A,2631-7877,[MANAGEMENT]
Journal of Global Operations and Strategic Sourcing,2398-5364,2398-5364,[MANAGEMENT]
World Journal of Entrepreneurship Management and Sustainable Development,2042-5961,2042-597X,[MANAGEMENT]
Service Science,2164-3962,2164-3970,"[BUSINESS, MANAGEMENT]"
Asian Academy of Management Journal,1394-2603,1985-8280,[MANAGEMENT]
Decision,0304-0941,2197-1722,[MANAGEMENT]
Cuadernos de Gestion,1131-6837,1988-2157,"[BUSINESS, MANAGEMENT]"
ACCESS-Access to science business innovation in the digital economy,N/A,2683-1007,"[BUSINESS, ECONOMICS, MANAGEMENT]"
NTU Management Review,1018-1601,2410-2490,[MANAGEMENT]
JOURNAL OF THE ACADEMY OF MARKETING SCIENCE,0092-0703,1552-7824,[BUSINESS]
JOURNAL OF CONSUMER AFFAIRS,0022-0078,1745-6606,"[BUSINESS, ECONOMICS]"
Entrepreneurship and Sustainability Issues,2345-0282,2345-0282,[BUSINESS]
CORPORATE REPUTATION REVIEW,1363-3589,1479-1889,[BUSINESS]
International Journal of Engineering Business Management,1847-9790,1847-9790,[BUSINESS]
Sport Marketing Quarterly,1061-6934,1557-2528,[BUSINESS]
Journal of Nonprofit & Public Sector Marketing,1049-5142,1540-6997,[BUSINESS]
Journal of Global Scholars of Marketing Science,2163-9159,2163-9167,[BUSINESS]
International Journal of Indian Culture and Business Management,1753-0806,1753-0814,[BUSINESS]
Pacific Business Review International,0974-438X,0974-438X,[BUSINESS]
International Journal of Business,1083-4346,1083-4346,[BUSINESS]
Turkish Journal of Business Ethics,1308-4070,2149-8148,[BUSINESS]
Revista de Estudios Empresariales-Segunda Epoca,0213-8964,1988-9046,[BUSINESS]
GEOFORUM,0016-7185,1872-9398,[GEOGRAPHY]
PROGRESS IN HUMAN GEOGRAPHY,0309-1325,1477-0288,[GEOGRAPHY]
Environment and Planning E-Nature and Space,2514-8486,2514-8494,"[ENVIRONMENTAL STUDIES, GEOGRAPHY]"
Urban Science,N/A,2413-8851,"[ENVIRONMENTAL STUDIES, GEOGRAPHY, URBAN STUDIES]"
AUSTRALIAN GEOGRAPHER,0004-9182,1465-3311,[GEOGRAPHY]
Journal of Geovisualization and Spatial Analysis,2509-8810,2509-8829,[GEOGRAPHY]
Quaestiones Geographicae,0137-477X,2081-6383,[GEOGRAPHY]
SPACE AND POLITY,1356-2576,1470-1235,[GEOGRAPHY]
GEOGRAFICKY CASOPIS-Geographical Journal,0016-7193,2453-8787,[GEOGRAPHY]
Anales de Geografia de la Universidad Complutense,0211-9803,1988-2378,[GEOGRAPHY]
Developpement Durable & Territoires,1772-9971,1772-9971,[GEOGRAPHY]
International Journal of Applied Geospatial Research,1947-9654,1947-9662,[GEOGRAPHY]
Geo UERJ,1415-7543,1981-9021,[GEOGRAPHY]
Revista Formacao Online,2178-7298,1517-543X,[GEOGRAPHY]
European Journal of Population-Revue Europeenne de Demographie,0168-6577,1572-9885,[DEMOGRAPHY]
Comparative Migration Studies,N/A,2214-594X,[DEMOGRAPHY]
PERSPECTIVES ON SEXUAL AND REPRODUCTIVE HEALTH,1538-6341,1931-2393,[DEMOGRAPHY]
Sociology of Race and Ethnicity,2332-6492,2332-6506,[ETHNIC STUDIES]
Ethnopolitics,1744-9057,1744-9065,[ETHNIC STUDIES]
Canadian Ethnic Studies-Etudes Ethniques au Canada,0008-3496,1913-8253,[ETHNIC STUDIES]
JOURNAL OF ECONOMIC LITERATURE,0022-0515,2328-8175,[ECONOMICS]
CHINA ECONOMIC REVIEW,1043-951X,1873-7781,[ECONOMICS]
Futures,0016-3287,1873-6378,[ECONOMICS]
PUBLIC CHOICE,0048-5829,1573-7101,[ECONOMICS]
REVIEW OF INTERNATIONAL POLITICAL ECONOMY,0969-2290,1466-4526,[ECONOMICS]
JOURNAL OF AGRICULTURAL ECONOMICS,0021-857X,1477-9552,"[AGRICULTURAL ECONOMICS & POLICY, ECONOMICS]"
EXPERIMENTAL ECONOMICS,1386-4157,1573-6938,[ECONOMICS]
FEMINIST ECONOMICS,1354-5701,1466-4372,[ECONOMICS]
Journal of Asian Economics,1049-0078,1873-7927,[ECONOMICS]
WORLD BANK RESEARCH OBSERVER,0257-3032,1564-6971,"[DEVELOPMENT STUDIES, ECONOMICS]"
JOURNAL OF ECONOMIC ISSUES,0021-3624,1946-326X,[ECONOMICS]
DEFENCE AND PEACE ECONOMICS,1024-2694,1476-8267,[ECONOMICS]
JOURNAL OF AGRICULTURAL AND RESOURCE ECONOMICS,1068-5502,2327-8285,"[AGRICULTURAL ECONOMICS & POLICY, ECONOMICS]"
CANADIAN PUBLIC POLICY-ANALYSE DE POLITIQUES,0317-0861,1911-9917,"[ECONOMICS, PUBLIC ADMINISTRATION]"
Environmental Economics and Policy Studies,1432-847X,1867-383X,[ECONOMICS]
SCOTTISH JOURNAL OF POLITICAL ECONOMY,0036-9292,1467-9485,[ECONOMICS]
Econometrics,N/A,2225-1146,[ECONOMICS]
China Economic Journal,1753-8963,1753-8971,[ECONOMICS]
Economic Computation and Economic Cybernetics Studies and Research,0424-267X,1842-3264,[ECONOMICS]
INTERNATIONAL ECONOMIC JOURNAL,1016-8737,1743-517X,[ECONOMICS]
INTERNATIONAL ECONOMICS AND ECONOMIC POLICY,1612-4804,1612-4812,[ECONOMICS]
Games,N/A,2073-4336,[ECONOMICS]
Forum for Social Economics,0736-0932,1874-6381,[ECONOMICS]
Comparative Economic Research-Central and Eastern Europe,1508-2008,2082-6737,[ECONOMICS]
Scientific Annals of Economics and Business,2501-1960,2501-3165,[ECONOMICS]
Retos-Revista de Ciencias de la Administracion y Economia,1390-6291,1390-8618,[ECONOMICS]
World Review of Political Economy,2042-891X,2042-8928,[ECONOMICS]
Economia Agraria y Recursos Naturales,1578-0732,2174-7350,[ECONOMICS]
Asia and the Global Economy,N/A,2667-1115,[ECONOMICS]
TRANSPORTATION,0049-4488,1572-9435,[TRANSPORTATION]
Transportation Research Interdisciplinary Perspectives,2590-1982,2590-1982,[TRANSPORTATION]
Travel Behaviour and Society,2214-367X,2214-3688,[TRANSPORTATION]
International Journal of Sustainable Transportation,1556-8318,1556-8334,"[ENVIRONMENTAL STUDIES, TRANSPORTATION]"
Journal of Rail Transport Planning & Management,2210-9706,2210-9714,[TRANSPORTATION]
HABITAT INTERNATIONAL,0197-3975,1873-5428,"[DEVELOPMENT STUDIES, ENVIRONMENTAL STUDIES, URBAN STUDIES]"
Energy & Environment,0958-305X,2048-4070,[ENVIRONMENTAL STUDIES]
NATURAL RESOURCES FORUM,N/A,1477-8947,[ENVIRONMENTAL STUDIES]
Frontiers in Sustainable Cities,N/A,2624-9634,"[ENVIRONMENTAL STUDIES, URBAN STUDIES]"
Water Alternatives-An Interdisciplinary Journal on Water Politics and Development,1965-0175,1965-0175,[ENVIRONMENTAL STUDIES]
Resources Environment and Sustainability,2666-9161,2666-9161,[ENVIRONMENTAL STUDIES]
Global Sustainability,N/A,2059-4798,[ENVIRONMENTAL STUDIES]
JOURNAL OF ENVIRONMENTAL LAW,0952-8873,1464-374X,[ENVIRONMENTAL STUDIES]
CONTEMPORARY PACIFIC,1043-898X,1527-9464,[AREA STUDIES]
Social Dynamics-A Journal of African Studies,0253-3952,1940-7874,[AREA STUDIES]
Critical African Studies,2168-1392,2040-7211,[AREA STUDIES]
JOURNAL OF JAPANESE STUDIES,0095-6848,1549-4721,[AREA STUDIES]
European Journal of East Asian Studies,1568-0584,1570-0615,[AREA STUDIES]
African and Asian Studies,1569-2094,1569-2108,[AREA STUDIES]
Journal of Nusantara Studies-JONUS,0127-9319,0127-9386,[AREA STUDIES]
SUSTAINABLE DEVELOPMENT,0968-0802,1099-1719,[DEVELOPMENT STUDIES]
Journal of International Development,0954-1748,1099-1328,[DEVELOPMENT STUDIES]
MOLECULAR ECOLOGY,0962-1083,1365-294X,[ECOLOGY]
GLOBAL ECOLOGY AND BIOGEOGRAPHY,1466-822X,1466-8238,[ECOLOGY]
FRONTIERS IN ECOLOGY AND THE ENVIRONMENT,1540-9295,1540-9309,[ECOLOGY]
JOURNAL OF WILDLIFE MANAGEMENT,0022-541X,1937-2817,[ECOLOGY]
EUROPEAN JOURNAL OF WILDLIFE RESEARCH,1612-4642,1439-0574,[ECOLOGY]
AQUATIC MICROBIAL ECOLOGY,0948-3055,1616-1564,[ECOLOGY]
PERSPECTIVES IN PLANT ECOLOGY EVOLUTION AND SYSTEMATICS,1433-8319,1433-8319,[ECOLOGY]
Animal Biotelemetry,N/A,2050-3385,[ECOLOGY]
Arctic Science,N/A,2368-7460,[ECOLOGY]
URBAN AFFAIRS REVIEW,1078-0874,1552-8332,[URBAN STUDIES]
EURE-REVISTA LATINOAMERICANA DE ESTUDIOS URBANO REGIONALES,0250-7161,0717-6236,[URBAN STUDIES]
Journal of Property Research,0959-9916,1466-4453,[URBAN STUDIES]
Urbe-Revista Brasileira de Gestao Urbana,2175-3369,2175-3369,[URBAN STUDIES]
Revista de Direito da Cidade-City Law,2317-7721,2317-7721,[URBAN STUDIES]
PUBLIC PERSONNEL MANAGEMENT,0091-0260,1945-7421,"[INDUSTRIAL RELATIONS & LABOR, PUBLIC ADMINISTRATION]"
Journal of Chinese Governance,2381-2346,2381-2354,[PUBLIC ADMINISTRATION]
International Social Security Review,0020-871X,1468-246X,[PUBLIC ADMINISTRATION]
International Journal of Public Leadership,2056-4929,2042-8642,[PUBLIC ADMINISTRATION]
NISPAcee Journal of Public Administration and Policy,1337-9038,1338-4309,[PUBLIC ADMINISTRATION]
Administration,0001-8325,2449-9471,[PUBLIC ADMINISTRATION]
Revista de Gestion Publica,0719-1820,0719-1839,[PUBLIC ADMINISTRATION]
AGRICULTURAL AND FOREST METEOROLOGY,0168-1923,1873-2240,[FORESTRY]
AGROFORESTRY SYSTEMS,0167-4366,1572-9680,[FORESTRY]
European Journal of Wood and Wood Products,0018-3768,1436-736X,[FORESTRY]
JOURNAL OF FORESTRY,0022-1201,1938-3746,[FORESTRY]
FORESTRY CHRONICLE,0015-7546,1499-9315,[FORESTRY]
Journal of Sustainable Forestry,1054-9811,1540-756X,[FORESTRY]
CIENCIA FLORESTAL,0103-9954,1980-5098,[FORESTRY]
Mathematical and Computational Forestry & Natural-Resource Sciences,1946-7664,1946-7664,[FORESTRY]
INTERNATIONAL JOURNAL OF PRODUCTION ECONOMICS,0925-5273,1873-7579,[OPERATIONS RESEARCH & MANAGEMENT SCIENCE]
PRODUCTION PLANNING & CONTROL,0953-7287,1366-5871,[OPERATIONS RESEARCH & MANAGEMENT SCIENCE]
COMPUTATIONAL OPTIMIZATION AND APPLICATIONS,0926-6003,1573-2894,[OPERATIONS RESEARCH & MANAGEMENT SCIENCE]
Systems Engineering,1098-1241,1520-6858,[OPERATIONS RESEARCH & MANAGEMENT SCIENCE]
Journal of Simulation,1747-7778,1747-7786,[OPERATIONS RESEARCH & MANAGEMENT SCIENCE]
Journal of Systems Science and Systems Engineering,1004-3756,1861-9576,[OPERATIONS RESEARCH & MANAGEMENT SCIENCE]
International Journal of Mathematical Engineering and Management Sciences,2455-7749,2455-7749,[OPERATIONS RESEARCH & MANAGEMENT SCIENCE]
RESEARCH ON LANGUAGE AND SOCIAL INTERACTION,0835-1813,1532-7973,[COMMUNICATION]
Communication Research Reports,0882-4096,1746-4099,[COMMUNICATION]
Translator,1355-6509,1757-0409,[COMMUNICATION]
Online Journal of Communication and Media Technologies,1986-3497,1986-3497,[COMMUNICATION]
Rhetoric & Public Affairs,1094-8392,1534-5238,[COMMUNICATION]
Journal of Creative Communications,0973-2586,0973-2594,[COMMUNICATION]
SEARCH-Journal of Media and Communication Research,N/A,2672-7080,[COMMUNICATION]
KOME-An International Journal of Pure Communication Inquiry,2063-7330,2063-7330,[COMMUNICATION]
Obra Digital-Revista de Comunicacion,2014-5039,2014-5039,[COMMUNICATION]
Australian Journalism Review,0810-2686,2517-620X,[COMMUNICATION]
Wine Economics and Policy,2213-3968,2212-9774,[AGRICULTURAL ECONOMICS & POLICY]
German Journal of Agricultural Economics,0515-6866,2191-4028,[AGRICULTURAL ECONOMICS & POLICY]
Journal of Integrated Care,1476-9018,2042-8685,[HEALTH POLICY & SERVICES]
Farmaceuticos Comunitarios,1885-8619,2173-9218,[HEALTH POLICY & SERVICES]
JOURNAL OF GENERAL INTERNAL MEDICINE,0884-8734,1525-1497,[HEALTH CARE SCIENCES & SERVICES]
HEALTH TECHNOLOGY ASSESSMENT,1366-5278,2046-4924,[HEALTH CARE SCIENCES & SERVICES]
Journal of Interprofessional Care,1356-1820,1469-9567,"[HEALTH CARE SCIENCES & SERVICES, HEALTH POLICY & SERVICES]"
JOURNAL OF PUBLIC HEALTH POLICY,0197-5897,1745-655X,"[HEALTH CARE SCIENCES & SERVICES, HEALTH POLICY & SERVICES]"
JOURNAL OF HEALTH POLITICS POLICY AND LAW,0361-6878,N/A,"[HEALTH CARE SCIENCES & SERVICES, HEALTH POLICY & SERVICES]"
Journal for Healthcare Quality,1062-2551,1945-1474,"[HEALTH CARE SCIENCES & SERVICES, HEALTH POLICY & SERVICES]"
Annali di Igiene Medicina Preventiva e di Comunita,1120-9135,1120-9135,[HEALTH CARE SCIENCES & SERVICES]
JOURNAL OF AMBULATORY CARE MANAGEMENT,0148-9917,1550-3267,[HEALTH CARE SCIENCES & SERVICES]
Journal of the Liaquat University of Medical and Health Sciences,1729-0341,1729-0341,[HEALTH CARE SCIENCES & SERVICES]
QUANTITATIVE FINANCE,1469-7688,1469-7696,"['BUSINESS, FINANCE', ECONOMICS]"
Annual Review of Financial Economics,1941-1367,1941-1375,"['BUSINESS, FINANCE', ECONOMICS]"
Journal of Multinational Financial Management,1042-444X,1873-1309,"['BUSINESS, FINANCE']"
International Journal of Accounting Information Systems,1467-0895,1873-4723,"[BUSINESS, 'BUSINESS, FINANCE', MANAGEMENT]"
IMF Economic Review,2041-4161,2041-417X,"['BUSINESS, FINANCE', ECONOMICS]"
INTERNATIONAL JOURNAL OF AUDITING,1090-6738,1099-1123,"['BUSINESS, FINANCE']"
International Journal of Managerial Finance,1743-9132,1758-6569,"['BUSINESS, FINANCE']"
Journal of Management Accounting Research,1049-2127,1558-8033,"['BUSINESS, FINANCE']"
Journal of the American Taxation Association,0198-9073,1558-8017,"['BUSINESS, FINANCE']"
Annals of Finance,1614-2446,1614-2454,"['BUSINESS, FINANCE']"
International Journal of Financial Engineering,2424-7863,2424-7944,"['BUSINESS, FINANCE']"
Geneva Risk and Insurance Review,1554-964X,1554-9658,"['BUSINESS, FINANCE', ECONOMICS]"
Journal of Insurance Issues,1531-6076,2332-4244,"['BUSINESS, FINANCE']"
Financial Internet Quarterly,N/A,2719-3454,"['BUSINESS, FINANCE', ECONOMICS]"
Contabilidad y Negocios,1992-1896,2221-724X,"['BUSINESS, FINANCE']"
SOCIO-ECONOMIC PLANNING SCIENCES,0038-0121,1873-6041,"[ECONOMICS, MANAGEMENT, OPERATIONS RESEARCH & MANAGEMENT SCIENCE]"
International Journal of Retail & Distribution Management,0959-0552,1758-6690,"[BUSINESS, MANAGEMENT]"
DECISION SCIENCES,0011-7315,1540-5915,[MANAGEMENT]
Journal of Intellectual Capital,1469-1930,1758-7468,"[BUSINESS, MANAGEMENT]"
International Journal of Emerging Markets,1746-8809,1746-8817,"[BUSINESS, ECONOMICS, MANAGEMENT]"
Science and Public Policy,0302-3427,1471-5430,"[ENVIRONMENTAL STUDIES, MANAGEMENT, PUBLIC ADMINISTRATION]"
Global Business Review,0972-1509,0973-0664,"[BUSINESS, MANAGEMENT]"
Operations Management Research,1936-9735,1936-9743,[MANAGEMENT]
International Journal of Energy Sector Management,1750-6220,1750-6239,[MANAGEMENT]
Journal of Family Business Management,2043-6238,2043-6246,[MANAGEMENT]
Service Business,1862-8516,1862-8508,"[BUSINESS, MANAGEMENT]"
Innovation-Organization & Management,1447-9338,2204-0226,[MANAGEMENT]
FIIB Business Review,2319-7145,2455-2658,"[BUSINESS, MANAGEMENT]"
European Journal of Management and Business Economics,2444-8451,2444-8494,"[BUSINESS, ECONOMICS, MANAGEMENT]"
South African Journal of Economic and Management Sciences,1015-8812,2222-3436,"[ECONOMICS, MANAGEMENT]"
Journal of Global Mobility-The Home of Expatriate Management Research,2049-8799,2049-8802,[MANAGEMENT]
Journal of Management History,1751-1348,1758-7751,[MANAGEMENT]
South African Journal of Business Management,2078-5585,2078-5976,"[BUSINESS, MANAGEMENT]"
German Journal of Human Resource Management-Zeitschrift fur Personalforschung,2397-0022,2397-0030,[MANAGEMENT]
Management Research-The Journal of the Iberoamerican Academy of Management,1536-5433,1558-0946,[MANAGEMENT]
NEGOTIATION JOURNAL,0748-4526,1571-9979,[MANAGEMENT]
Journal of Creating Value,2394-9643,2454-213X,"[BUSINESS, MANAGEMENT]"
Journal of Project Management,2371-8366,2371-8374,[MANAGEMENT]
South Asian Journal of Human Resource Management,2322-0937,2349-5790,[MANAGEMENT]
EURO Journal on Decision Processes,2193-9438,2193-9446,[MANAGEMENT]
Contabilidade Gestao e Governanca,1984-3925,1984-3925,[MANAGEMENT]
SMART-Journal of Business Management Studies,0973-1598,2321-2012,[MANAGEMENT]
TECHNOLOGICAL FORECASTING AND SOCIAL CHANGE,0040-1625,1873-5509,[BUSINESS]
Electronic Commerce Research and Applications,1567-4223,1873-7846,[BUSINESS]
INTERNATIONAL JOURNAL OF ELECTRONIC COMMERCE,1086-4415,1557-9301,[BUSINESS]
Australasian Marketing Journal,1441-3582,1839-3349,[BUSINESS]
INTERNATIONAL JOURNAL OF MARKET RESEARCH,1470-7853,2515-2173,[BUSINESS]
Journal of Research in Marketing and Entrepreneurship,1471-5201,1471-521X,[BUSINESS]
International Journal of the Economics of Business,1357-1516,1466-1829,"[BUSINESS, ECONOMICS]"
Services Marketing Quarterly,1533-2969,1533-2977,[BUSINESS]
Frontiers of Business Research in China,1673-7326,1673-7431,[BUSINESS]
International Journal of E-Business Research,1548-1131,1548-114X,[BUSINESS]
Pacific Rim Property Research Journal,1444-5921,2201-6716,[BUSINESS]
Economics Ecology Socium,2616-7107,2786-8958,"[BUSINESS, ECONOMICS]"
UCJC Business and Society Review,2659-3270,2659-3270,[BUSINESS]
REGIONAL STUDIES,0034-3404,1360-0591,"[ECONOMICS, ENVIRONMENTAL STUDIES, GEOGRAPHY]"
PAPERS IN REGIONAL SCIENCE,1056-8190,1435-5957,"[ECONOMICS, ENVIRONMENTAL STUDIES, GEOGRAPHY]"
European Countryside,1803-8417,1803-8417,[GEOGRAPHY]
New Zealand Geographer,0028-8144,1745-7939,[GEOGRAPHY]
Geography and Natural Resources,1875-3728,1875-371X,[GEOGRAPHY]
Journal of Cultural Geography,0887-3631,1940-6320,[GEOGRAPHY]
Geographies,N/A,2673-7086,[GEOGRAPHY]
Confins-Revue Franco-Bresilienne de Geographie-Revista Franco-Brasileira de Geografia,1958-9212,1958-9212,[GEOGRAPHY]
AUC Geographica,0300-5402,2336-1980,[GEOGRAPHY]
Boletin Goiano de Geografia,0101-708X,1984-8501,[GEOGRAPHY]
Information Geographique,0020-0093,1777-5876,[GEOGRAPHY]
Demographic Research,1435-9871,2363-7064,[DEMOGRAPHY]
Journal of Refugee Studies,0951-6328,1471-6925,"[DEMOGRAPHY, ETHNIC STUDIES]"
Mathematical Population Studies,0889-8480,1547-724X,[DEMOGRAPHY]
Ethnicities,1468-7968,1741-2706,[ETHNIC STUDIES]
AMERICAN ECONOMIC REVIEW,0002-8282,1944-7981,[ECONOMICS]
ECONOMETRICA,0012-9682,1468-0262,[ECONOMICS]
JOURNAL OF ECONOMIC PERSPECTIVES,0895-3309,1944-7965,[ECONOMICS]
JOURNAL OF BUSINESS & ECONOMIC STATISTICS,0735-0015,1537-2707,[ECONOMICS]
JOURNAL OF DEVELOPMENT STUDIES,0022-0388,1743-9140,"[DEVELOPMENT STUDIES, ECONOMICS]"
JOURNAL OF LAW & ECONOMICS,0022-2186,1537-5285,[ECONOMICS]
OXFORD BULLETIN OF ECONOMICS AND STATISTICS,0305-9049,1468-0084,[ECONOMICS]
Econometric Reviews,0747-4938,1532-4168,[ECONOMICS]
Applied Economic Perspectives and Policy,2040-5790,2040-5804,"[AGRICULTURAL ECONOMICS & POLICY, ECONOMICS]"
American Economic Journal-Microeconomics,1945-7669,1945-7685,[ECONOMICS]
Journal of Economic Inequality,1569-1721,1573-8701,[ECONOMICS]
Economics & Politics,0954-1985,1468-0343,[ECONOMICS]
Theoretical Economics,1933-6837,1555-7561,[ECONOMICS]
INTERNATIONAL REVIEW OF LAW AND ECONOMICS,0144-8188,1873-6394,[ECONOMICS]
Entrepreneurial Business and Economics Review,2353-883X,2353-8821,[ECONOMICS]
Inzinerine Ekonomika-Engineering Economics,1392-2785,2029-5839,[ECONOMICS]
JOURNAL OF REGULATORY ECONOMICS,0922-680X,1573-0468,[ECONOMICS]
Research in Economics,1090-9443,1090-9451,[ECONOMICS]
Asian Economic Papers,1535-3516,1536-0083,[ECONOMICS]
International Trade Journal,0885-3908,1521-0545,[ECONOMICS]
Journal of Social and Economic Development,0972-5792,2199-6873,"[DEVELOPMENT STUDIES, ECONOMICS]"
Economic Papers,0812-0439,1759-3441,[ECONOMICS]
ECONOMIC AND SOCIAL REVIEW,0012-9984,0012-9984,[ECONOMICS]
Review of Economics and Political Science,2356-9980,2631-3561,[ECONOMICS]
Applied Economic Analysis,N/A,2632-7627,[ECONOMICS]
Aestimum,1592-6117,1724-2118,[ECONOMICS]
Argumenta Oeconomica,1233-5835,2720-5088,[ECONOMICS]
Economic Journal of Emerging Markets,2086-3128,2502-180X,[ECONOMICS]
Studia Europejskie-Studies in European Affairs,1428-149X,2719-3780,[ECONOMICS]
Homo Oeconomicus-Journal of Behavioral and Institutional Economics,0943-0180,2366-6161,[ECONOMICS]
South Asian Journal of Macroeconomics and Public Finance,2277-9787,2321-0273,[ECONOMICS]
Case Studies on Transport Policy,2213-624X,2213-6258,[TRANSPORTATION]
Transportation Letters-The International Journal of Transportation Research,1942-7867,1942-7875,[TRANSPORTATION]
ENVIRONMENTAL POLITICS,0964-4016,1743-8934,[ENVIRONMENTAL STUDIES]
Extractive Industries and Society,2214-790X,2214-7918,[ENVIRONMENTAL STUDIES]
ENVIRONMENT AND URBANIZATION,0956-2478,1746-0301,"[ENVIRONMENTAL STUDIES, URBAN STUDIES]"
Weather Climate and Society,1948-8327,1948-8335,[ENVIRONMENTAL STUDIES]
ENVIRONMENTAL VALUES,0963-2719,1752-7015,[ENVIRONMENTAL STUDIES]
ENVIRONMENTAL HISTORY,1084-5453,1930-8892,[ENVIRONMENTAL STUDIES]
Journal of Energy & Natural Resources Law,0264-6811,2376-4538,[ENVIRONMENTAL STUDIES]
City and Environment Interactions,2590-2520,2590-2520,[ENVIRONMENTAL STUDIES]
Journal of Contemporary China,1067-0564,1469-9400,[AREA STUDIES]
European Security,0966-2839,1746-1545,[AREA STUDIES]
Asian Studies Review,1035-7823,1467-8403,[AREA STUDIES]
European Review,1062-7987,1474-0575,[AREA STUDIES]
Israel Studies,1084-9513,1527-201X,[AREA STUDIES]
China-An International Journal,0219-7472,0219-8614,[AREA STUDIES]
Asia Policy,1559-0968,1559-2960,[AREA STUDIES]
Modern Italy,1353-2944,1469-9877,[AREA STUDIES]
ISSUES & STUDIES,1013-2511,2529-802X,[AREA STUDIES]
Kajian Malaysia,2180-4273,2180-4273,[AREA STUDIES]
Cuadernos Inter c a mbio sobre Centroamerica y el Caribe,1659-0139,1659-4940,[AREA STUDIES]
Temas de Nuestra America-Revista de Estudios Latinoamericanos,0259-2339,0259-2339,[AREA STUDIES]
PUBLIC ADMINISTRATION AND DEVELOPMENT,0271-2075,1099-162X,"[DEVELOPMENT STUDIES, PUBLIC ADMINISTRATION]"
Community Development,1557-5330,1944-7485,[DEVELOPMENT STUDIES]
Journal of Agriculture Food Systems and Community Development,2152-0798,2152-0801,"[AGRICULTURAL ECONOMICS & POLICY, DEVELOPMENT STUDIES]"
Perspectives on Global Development and Technology,1569-1500,1569-1497,[DEVELOPMENT STUDIES]
JOURNAL OF APPLIED ECOLOGY,0021-8901,1365-2664,[ECOLOGY]
JOURNAL OF BIOGEOGRAPHY,0305-0270,1365-2699,[ECOLOGY]
Ecological Informatics,1574-9541,1878-0512,[ECOLOGY]
URBAN ECOSYSTEMS,1083-8155,1573-1642,[ECOLOGY]
PALEOBIOLOGY,0094-8373,1938-5331,[ECOLOGY]
JOURNAL FOR NATURE CONSERVATION,1617-1381,1618-1093,[ECOLOGY]
Freshwater Science,2161-9549,2161-9565,[ECOLOGY]
Plants People Planet,N/A,2572-2611,[ECOLOGY]
NeoBiota,1619-0033,1314-2488,[ECOLOGY]
ECOSCIENCE,1195-6860,2376-7626,[ECOLOGY]
PACIFIC CONSERVATION BIOLOGY,1038-2097,2204-4604,[ECOLOGY]
Metabarcoding and Metagenomics,N/A,2534-9708,[ECOLOGY]
Russian Journal of Biological Invasions,2075-1117,2075-1125,[ECOLOGY]
JOURNAL OF URBAN AFFAIRS,0735-2166,1467-9906,[URBAN STUDIES]
International Journal of Housing Markets and Analysis,1753-8270,1753-8289,[URBAN STUDIES]
JOURNAL OF URBAN HISTORY,0096-1442,1552-6771,[URBAN STUDIES]
Urban Design International,1357-5317,1468-4519,[URBAN STUDIES]
Regulation & Governance,1748-5983,1748-5991,[PUBLIC ADMINISTRATION]
Public Organization Review,1566-7170,1573-7098,[PUBLIC ADMINISTRATION]
Human Service Organizations Management Leadership & Governance,2330-3131,2330-314X,[PUBLIC ADMINISTRATION]
Perspectives on Public Management and Governance,2398-4910,2398-4929,[PUBLIC ADMINISTRATION]
Public Works Management & Policy,1087-724X,1552-7549,[PUBLIC ADMINISTRATION]
Asia Pacific Journal of Public Administration,2327-6665,2327-6673,[PUBLIC ADMINISTRATION]
Voprosy Gosudarstvennogo i Munitsipalnogo Upravleniya-Public Administration Issues,1999-5431,1999-5431,[PUBLIC ADMINISTRATION]
Forests,N/A,1999-4907,[FORESTRY]
WOOD SCIENCE AND TECHNOLOGY,0043-7719,1432-5225,[FORESTRY]
JOURNAL OF WOOD SCIENCE,1435-0211,1611-4663,[FORESTRY]
Tree Genetics & Genomes,1614-2942,1614-2950,[FORESTRY]
WOOD AND FIBER SCIENCE,0735-6161,0735-6161,[FORESTRY]
AUSTRALIAN FORESTRY,0004-9158,2325-6087,[FORESTRY]
Journal of the Indian Academy of Wood Science,0972-172X,0976-8432,[FORESTRY]
PRODUCTION AND OPERATIONS MANAGEMENT,1059-1478,1937-5956,[OPERATIONS RESEARCH & MANAGEMENT SCIENCE]
QUALITY AND RELIABILITY ENGINEERING INTERNATIONAL,0748-8017,1099-1638,[OPERATIONS RESEARCH & MANAGEMENT SCIENCE]
IISE Transactions,2472-5854,2472-5862,[OPERATIONS RESEARCH & MANAGEMENT SCIENCE]
Proceedings of the Institution of Mechanical Engineers Part O-Journal of Risk and Reliability,1748-006X,1748-0078,[OPERATIONS RESEARCH & MANAGEMENT SCIENCE]
SORT-Statistics and Operations Research Transactions,1696-2281,2013-8830,[OPERATIONS RESEARCH & MANAGEMENT SCIENCE]
COMMUNICATION RESEARCH,0093-6502,1552-3810,[COMMUNICATION]
MEDIA CULTURE & SOCIETY,0163-4437,1460-3675,[COMMUNICATION]
Feminist Media Studies,1468-0777,1471-5902,[COMMUNICATION]
INFORMATION SOCIETY,0197-2243,1087-6537,[COMMUNICATION]
INTERNATIONAL JOURNAL OF CONFLICT MANAGEMENT,1044-4068,1758-8545,[COMMUNICATION]
International Communication Gazette,1748-0485,1748-0493,[COMMUNICATION]
WESTERN JOURNAL OF COMMUNICATION,1057-0314,1745-1027,[COMMUNICATION]
JOURNAL OF FAMILY COMMUNICATION,1526-7431,1532-7698,[COMMUNICATION]
Interaction Studies,1572-0373,1572-0381,[COMMUNICATION]
Rhetoric Society Quarterly,0277-3945,1930-322X,[COMMUNICATION]
Feminist Media Histories,N/A,2373-7492,[COMMUNICATION]
Internet Pragmatics,2542-3851,2542-386X,[COMMUNICATION]
Area Abierta,1578-8393,1578-8393,[COMMUNICATION]
Revista Mediacao,1676-2827,2179-9571,[COMMUNICATION]
EuroChoices,1478-0917,1746-692X,[AGRICULTURAL ECONOMICS & POLICY]
ILR Review,0019-7939,2162-271X,[INDUSTRIAL RELATIONS & LABOR]
Journal of Labor and Society,2471-4607,2667-3657,[INDUSTRIAL RELATIONS & LABOR]
HealthCare-The Journal of Delivery Science and Innovation,2213-0764,2213-0772,[HEALTH POLICY & SERVICES]
QUALITY OF LIFE RESEARCH,0962-9343,1573-2649,"[HEALTH CARE SCIENCES & SERVICES, HEALTH POLICY & SERVICES]"
JOURNAL OF PAIN AND SYMPTOM MANAGEMENT,0885-3924,1873-6513,[HEALTH CARE SCIENCES & SERVICES]
MEDICAL EDUCATION,0308-0110,1365-2923,[HEALTH CARE SCIENCES & SERVICES]
HEALTH ECONOMICS,1057-9230,1099-1050,"[ECONOMICS, HEALTH CARE SCIENCES & SERVICES, HEALTH POLICY & SERVICES]"
EUROPEAN JOURNAL OF CANCER CARE,0961-5423,1365-2354,[HEALTH CARE SCIENCES & SERVICES]
PLOS Digital Health,N/A,2767-3170,[HEALTH CARE SCIENCES & SERVICES]
Journal of Patient Experience,2374-3743,2374-3735,[HEALTH CARE SCIENCES & SERVICES]
SCANDINAVIAN JOURNAL OF PRIMARY HEALTH CARE,0281-3432,1502-7724,[HEALTH CARE SCIENCES & SERVICES]
JOURNAL OF BEHAVIORAL HEALTH SERVICES & RESEARCH,1094-3412,1556-3308,"[HEALTH CARE SCIENCES & SERVICES, HEALTH POLICY & SERVICES]"
Lancet Regional Health - Southeast Asia,2772-3682,2772-3682,[HEALTH CARE SCIENCES & SERVICES]
Frontiers in Health Services,N/A,2813-0146,[HEALTH CARE SCIENCES & SERVICES]
BMJ Leader,N/A,2398-631X,[HEALTH CARE SCIENCES & SERVICES]
International Journal of Healthcare Technology and Management,1368-2156,1741-5144,[HEALTH CARE SCIENCES & SERVICES]
MATHEMATICAL FINANCE,0960-1627,1467-9965,"['BUSINESS, FINANCE', ECONOMICS]"
JOURNAL OF FINANCIAL SERVICES RESEARCH,0920-8550,1573-0735,"['BUSINESS, FINANCE']"
Venture Capital,1369-1066,1464-5343,"['BUSINESS, FINANCE']"
Journal of Management Science and Engineering,2096-2320,2589-5532,"['BUSINESS, FINANCE', ECONOMICS, MANAGEMENT, OPERATIONS RESEARCH & MANAGEMENT SCIENCE]"
International Journal of Theoretical and Applied Finance,0219-0249,1793-6322,"['BUSINESS, FINANCE']"
Behavioral Research in Accounting,1050-4753,1558-8009,"['BUSINESS, FINANCE']"
Journal of Finance and Data Science,N/A,2405-9188,"['BUSINESS, FINANCE', ECONOMICS]"
Journal of Financial Management of Property and Construction,1366-4387,1759-8443,"['BUSINESS, FINANCE']"
Review of Development Finance,1879-9337,1879-9337,"['BUSINESS, FINANCE']"
ISRA International Journal of Islamic Finance,0128-1976,2289-4365,"['BUSINESS, FINANCE']"
Journal of Banking Regulation,1745-6452,1750-2071,"['BUSINESS, FINANCE']"
Real Estate Management and Valuation,1733-2478,2300-5289,"['BUSINESS, FINANCE', MANAGEMENT]"
Accounting Perspectives,1911-382X,1911-3838,"['BUSINESS, FINANCE']"
FinanzArchiv-European Journal of Public Finance,0015-2218,1614-0974,"['BUSINESS, FINANCE', ECONOMICS]"
Journal of Structured Finance,1551-9783,2374-1325,"['BUSINESS, FINANCE']"
JOURNAL OF MANAGEMENT STUDIES,0022-2380,1467-6486,"[BUSINESS, MANAGEMENT]"
Journal of Knowledge Management,1367-3270,1758-7484,[MANAGEMENT]
BRITISH JOURNAL OF MANAGEMENT,1045-3172,1467-8551,"[BUSINESS, MANAGEMENT]"
LONG RANGE PLANNING,0024-6301,1873-1872,"[BUSINESS, DEVELOPMENT STUDIES, MANAGEMENT]"
INTERNATIONAL JOURNAL OF PHYSICAL DISTRIBUTION & LOGISTICS MANAGEMENT,0960-0035,1758-664X,[MANAGEMENT]
Human Resource Management Journal,0954-5395,1748-8583,"[INDUSTRIAL RELATIONS & LABOR, MANAGEMENT]"
MIT SLOAN MANAGEMENT REVIEW,1532-9194,1532-8937,"[BUSINESS, MANAGEMENT]"
International Journal of Quality & Reliability Management,0265-671X,1758-6682,[MANAGEMENT]
ORGANIZATION & ENVIRONMENT,1086-0266,1552-7417,"[ENVIRONMENTAL STUDIES, MANAGEMENT]"
Journal of Brand Management,1350-231X,1479-1803,"[BUSINESS, MANAGEMENT]"
JOURNAL OF SPORT MANAGEMENT,0888-4773,1543-270X,[MANAGEMENT]
International Journal of Organizational Analysis,1934-8835,1758-8561,[MANAGEMENT]
Electronic Commerce Research,1389-5753,1572-9362,"[BUSINESS, MANAGEMENT]"
JOURNAL OF APPLIED BEHAVIORAL SCIENCE,0021-8863,1552-6879,[MANAGEMENT]
Gender in Management,1754-2413,1754-2421,"[BUSINESS, MANAGEMENT]"
International Journal of Lean Six Sigma,2040-4166,2040-4174,[MANAGEMENT]
Logistics-Basel,N/A,2305-6290,"[MANAGEMENT, OPERATIONS RESEARCH & MANAGEMENT SCIENCE]"
GROUP DECISION AND NEGOTIATION,0926-2644,1572-9907,[MANAGEMENT]
Information Systems and E-Business Management,1617-9846,1617-9854,"[BUSINESS, MANAGEMENT]"
International Journal of Quality and Service Sciences,1756-669X,1756-6703,[MANAGEMENT]
HUMAN SYSTEMS MANAGEMENT,0167-2533,1875-8703,[MANAGEMENT]
Intangible Capital,2014-3214,1697-9818,[MANAGEMENT]
Journal of Distribution Science,1738-3110,2093-7717,"[BUSINESS, MANAGEMENT]"
International Journal of Arts Management,1480-8986,1480-8986,[MANAGEMENT]
Irish Journal of Management,1649-248X,2451-2834,[MANAGEMENT]
International Journal of Information Technology Project Management,1938-0232,1938-0240,[MANAGEMENT]
International Journal of Applied Management Science,1755-8913,1755-8921,"[MANAGEMENT, OPERATIONS RESEARCH & MANAGEMENT SCIENCE]"
Annals in Social Responsibility,2056-3515,2056-3523,[MANAGEMENT]
International Journal of Advertising,0265-0487,1759-3948,"[BUSINESS, COMMUNICATION]"
BUSINESS ETHICS QUARTERLY,1052-150X,2153-3326,[BUSINESS]
Journal of Asia Business Studies,1558-7894,1559-2243,[BUSINESS]
Journal of Marketing Analytics,2050-3318,2050-3326,[BUSINESS]
Asia-Pacific Journal of Business Administration,1757-4323,1757-4331,[BUSINESS]
Journal of International Entrepreneurship,1570-7385,1573-7349,[BUSINESS]
Social Enterprise Journal,1750-8614,1750-8533,[BUSINESS]
Journal of the Association for Consumer Research,2378-1815,2378-1823,[BUSINESS]
Transformations in Business & Economics,1648-4460,N/A,"[BUSINESS, ECONOMICS]"
Asian Journal of Technology Innovation,1976-1597,2158-6721,"[BUSINESS, ECONOMICS]"
Journal of Social Marketing,2042-6763,2042-6771,[BUSINESS]
JOURNAL OF ENTERPRISING CULTURE,0218-4958,1793-6330,[BUSINESS]
Journal of Electronic Commerce in Organizations,1539-2937,1539-2929,[BUSINESS]
International Journal of Asian Business and Information Management,1947-9638,1947-9646,[BUSINESS]
International Journal of Business Environment,1740-0589,1740-0597,[BUSINESS]
Revista Brasileira de Inovacao,1677-2504,2178-2822,[BUSINESS]
Foundations and Trends in Marketing,1555-0753,1555-0761,[BUSINESS]
Casopis za Ekonomiju i Trzisne Komunikacije,2232-8823,2232-9633,[BUSINESS]
Environment and Planning B-Urban Analytics and City Science,2399-8083,2399-8091,"[ENVIRONMENTAL STUDIES, GEOGRAPHY, URBAN STUDIES]"
INTERNATIONAL JOURNAL OF URBAN AND REGIONAL RESEARCH,0309-1317,1468-2427,"[GEOGRAPHY, URBAN STUDIES]"
Local Environment,1354-9839,1469-6711,"[ENVIRONMENTAL STUDIES, GEOGRAPHY, URBAN STUDIES]"
Environment and Planning C-Politics and Space,2399-6544,2399-6552,"[ENVIRONMENTAL STUDIES, GEOGRAPHY, PUBLIC ADMINISTRATION]"
Population Space and Place,1544-8444,1544-8452,"[DEMOGRAPHY, GEOGRAPHY]"
GEOGRAPHICAL JOURNAL,0016-7398,1475-4959,[GEOGRAPHY]
AREA,0004-0894,1475-4762,[GEOGRAPHY]
ANNALS OF REGIONAL SCIENCE,0570-1864,1432-0592,"[ECONOMICS, ENVIRONMENTAL STUDIES, GEOGRAPHY]"
Journal of Maps,1744-5647,1744-5647,[GEOGRAPHY]
Regional Science Policy and Practice,1757-7802,1757-7802,[GEOGRAPHY]
Journal of Geographical Systems,1435-5930,1435-5949,[GEOGRAPHY]
Erdkunde,0014-0015,0014-0015,[GEOGRAPHY]
Geographia Polonica,0016-7282,2300-7362,[GEOGRAPHY]
Bulletin of Geography-Socio-Economic Series,1732-4254,2083-8298,[GEOGRAPHY]
Scripta Nova-Revista Electronica de Geografia y Ciencias Sociales,1138-9788,1138-9788,[GEOGRAPHY]
Revista Geografica de America Central,1011-484X,2215-2563,[GEOGRAPHY]
Geograficando,1850-1885,2346-898X,[GEOGRAPHY]
JOURNAL OF POPULATION RESEARCH,1443-2447,1835-9469,[DEMOGRAPHY]
REVIEW OF ECONOMIC STUDIES,0034-6527,1467-937X,[ECONOMICS]
TRANSPORTATION RESEARCH PART E-LOGISTICS AND TRANSPORTATION REVIEW,1366-5545,1878-5794,"[ECONOMICS, OPERATIONS RESEARCH & MANAGEMENT SCIENCE, TRANSPORTATION]"
JOURNAL OF ECONOMIC THEORY,0022-0531,1095-7235,[ECONOMICS]
Journal of the European Economic Association,1542-4766,1542-4774,[ECONOMICS]
JOURNAL OF ECONOMIC PSYCHOLOGY,0167-4870,1872-7719,[ECONOMICS]
Empirical Economics,0377-7332,1435-8921,[ECONOMICS]
Structural Change and Economic Dynamics,0954-349X,1873-6017,[ECONOMICS]
JOURNAL OF REGIONAL SCIENCE,0022-4146,1467-9787,"[ECONOMICS, ENVIRONMENTAL STUDIES]"
REVIEW OF ECONOMIC DYNAMICS,1094-2025,1096-6099,[ECONOMICS]
JOURNAL OF LAW ECONOMICS & ORGANIZATION,8756-6222,1465-7341,[ECONOMICS]
SCANDINAVIAN JOURNAL OF ECONOMICS,0347-0520,1467-9442,[ECONOMICS]
JOURNAL OF EVOLUTIONARY ECONOMICS,0936-9937,1432-1386,[ECONOMICS]
Journal of the Association of Environmental and Resource Economists,2333-5955,2333-5963,"[ECONOMICS, ENVIRONMENTAL STUDIES]"
International Environmental Agreements-Politics Law and Economics,1567-9764,1573-1553,"[ECONOMICS, ENVIRONMENTAL STUDIES]"
Journal of Sports Economics,1527-0025,1552-7794,[ECONOMICS]
THEORY AND DECISION,0040-5833,1573-7187,[ECONOMICS]
POST-SOVIET AFFAIRS,1060-586X,1938-2855,"[AREA STUDIES, ECONOMICS]"
OPEN ECONOMIES REVIEW,0923-7992,1573-708X,[ECONOMICS]
Research in Globalization,N/A,2590-051X,"[ECONOMICS, ENVIRONMENTAL STUDIES]"
JAPAN AND THE WORLD ECONOMY,0922-1425,1879-2006,[ECONOMICS]
European Journal of the History of Economic Thought,0967-2567,1469-5936,[ECONOMICS]
National Institute Economic Review,0027-9501,1741-3036,[ECONOMICS]
Economics of Energy & Environmental Policy,2160-5882,2160-5890,"[ECONOMICS, ENVIRONMENTAL STUDIES]"
OPEC Energy Review,1753-0229,1753-0237,[ECONOMICS]
Romanian Journal of Economic Forecasting,1582-6163,2537-6071,[ECONOMICS]
Annals of Financial Economics,2010-4952,2010-4960,[ECONOMICS]
Panoeconomicus,1452-595X,2217-2386,[ECONOMICS]
Journal of Global Economic Analysis,2377-2999,2377-2999,[ECONOMICS]
Macroeconomics and Finance in Emerging Market Economies,1752-0843,1752-0851,[ECONOMICS]
B E Journal of Theoretical Economics,2194-6124,1935-1704,[ECONOMICS]
Investigacion Economica,0185-1667,N/A,[ECONOMICS]
New Zealand Economic Papers,0077-9954,1943-4863,[ECONOMICS]
Review of Economic Design,1434-4742,1434-4750,[ECONOMICS]
Environmental Economics,1998-6041,1998-605X,"[ECONOMICS, ENVIRONMENTAL STUDIES]"
Journal of the British Blockchain Association,N/A,2516-3957,[ECONOMICS]
Evolutionary and Institutional Economics Review,1349-4961,2188-2096,[ECONOMICS]
Eskisehir Osmangazi Universitesi IIBF Dergisi-Eskisehir Osmangazi University Journal of Economics and Administrative Sciences,1306-6730,1306-6730,[ECONOMICS]
Revista de Economia Mundial,1576-0162,2340-4264,[ECONOMICS]
Journal of Applied Economics and Business Research,1927-033X,1927-033X,[ECONOMICS]
Economics of Peace and Security Journal,1749-852X,1749-852X,[ECONOMICS]
Lecturas de Economia,0120-2596,2323-0622,[ECONOMICS]
TRANSPORTATION RESEARCH PART D-TRANSPORT AND ENVIRONMENT,1361-9209,1879-2340,"[ENVIRONMENTAL STUDIES, TRANSPORTATION]"
Journal of Intelligent Transportation Systems,1547-2450,1547-2442,[TRANSPORTATION]
Asian Transport Studies,2185-5560,2185-5560,[TRANSPORTATION]
Annual Review of Environment and Resources,1543-5938,1545-2050,[ENVIRONMENTAL STUDIES]
HUMAN ECOLOGY,0300-7839,1572-9915,[ENVIRONMENTAL STUDIES]
JOURNAL OF ENVIRONMENTAL EDUCATION,0095-8964,1940-1892,[ENVIRONMENTAL STUDIES]
INTERNATIONAL JOURNAL OF URBAN SCIENCES,1226-5934,2161-6779,"[ENVIRONMENTAL STUDIES, URBAN STUDIES]"
Global Social Challenges Journal,N/A,2752-3349,[ENVIRONMENTAL STUDIES]
Chinese Journal of Environmental Law,2468-6034,2468-6042,[ENVIRONMENTAL STUDIES]
LATIN AMERICAN POLITICS AND SOCIETY,1531-426X,1548-2456,[AREA STUDIES]
JOURNAL OF PALESTINE STUDIES,0377-919X,1533-8614,[AREA STUDIES]
Journal of Balkan and Near Eastern Studies,1944-8953,1944-8961,[AREA STUDIES]
Journal of Contemporary East Asia Studies,2476-1028,2476-1036,[AREA STUDIES]
China Report,0009-4455,0973-063X,[AREA STUDIES]
NWIG-New West Indian Guide-Nieuwe West-Indische Gids,1382-2373,1382-2373,[AREA STUDIES]
African Diaspora,1872-5457,1872-5465,[AREA STUDIES]
Estudios del Desarrollo Social-Cuba y America Latina,2308-0132,2308-0132,[AREA STUDIES]
European Integration Studies,1822-8402,2335-8831,[AREA STUDIES]
Biogeosciences,1726-4170,1726-4189,[ECOLOGY]
MICROBIAL ECOLOGY,0095-3628,1432-184X,[ECOLOGY]
Global Ecology and Conservation,N/A,2351-9894,[ECOLOGY]
ENVIRONMENTAL BIOLOGY OF FISHES,0378-1909,1573-5133,[ECOLOGY]
Fire-Switzerland,2571-6255,2571-6255,"[ECOLOGY, FORESTRY]"
BULLETIN OF THE AMERICAN MUSEUM OF NATURAL HISTORY,0003-0090,1937-3546,[ECOLOGY]
AFRICAN JOURNAL OF RANGE & FORAGE SCIENCE,1022-0119,1727-9380,[ECOLOGY]
Theoretical and Applied Ecology,1995-4301,2618-8406,[ECOLOGY]
TOWN PLANNING REVIEW,0041-0020,1478-341X,[URBAN STUDIES]
Territorios,0123-8418,2215-7484,[URBAN STUDIES]
Nodo,1909-3888,2346-092X,[URBAN STUDIES]
Journal of Comparative Policy Analysis,1387-6988,1572-5448,[PUBLIC ADMINISTRATION]
Transylvanian Review of Administrative Sciences,1842-2845,2247-8310,[PUBLIC ADMINISTRATION]
Civil Szemle,1786-3341,1786-3341,[PUBLIC ADMINISTRATION]
Chinese Public Administration Review,1539-6754,2573-1483,[PUBLIC ADMINISTRATION]
INTERNATIONAL JOURNAL OF WILDLAND FIRE,1049-8001,1448-5516,[FORESTRY]
INTERNATIONAL FORESTRY REVIEW,1465-5489,2053-7778,[FORESTRY]
Revista Chapingo Serie Ciencias Forestales y del Ambiente,2007-3828,2007-4018,[FORESTRY]
RAIRO-OPERATIONS RESEARCH,0399-0559,2804-7303,[OPERATIONS RESEARCH & MANAGEMENT SCIENCE]
Journalism,1464-8849,1741-3001,[COMMUNICATION]
Discourse & Communication,1750-4813,1750-4821,[COMMUNICATION]
International Journal of Sport Communication,1936-3915,1936-3907,[COMMUNICATION]
Communication & Society-Spain,2386-7876,2386-7876,[COMMUNICATION]
Popular Communication,1540-5702,1540-5710,[COMMUNICATION]
Chasqui-Revista Latinoamericana de Comunicacion,1390-1079,1390-924X,[COMMUNICATION]
Galactica Media-Journal of Media Studies - Galaktika Media-Zhurnal Media Issledovanij,N/A,2658-7734,[COMMUNICATION]
Communiquer,N/A,2368-9587,[COMMUNICATION]
ILEF Dergisi,2148-7219,2458-9209,[COMMUNICATION]
Revista Comunicacao Midiatica,2236-8000,2236-8000,[COMMUNICATION]
Agricultural and Resource Economics Review,1068-2805,2372-2614,[AGRICULTURAL ECONOMICS & POLICY]
Agrekon,0303-1853,2078-0400,[AGRICULTURAL ECONOMICS & POLICY]
Labor-Studies in Working-Class History of the Americas,1547-6715,1558-1454,[INDUSTRIAL RELATIONS & LABOR]
HEALTH PROMOTION INTERNATIONAL,0957-4824,1460-2245,[HEALTH POLICY & SERVICES]
Health Research Policy and Systems,1478-4505,1478-4505,[HEALTH POLICY & SERVICES]
HEALTH CARE MANAGEMENT REVIEW,0361-6274,1550-5030,[HEALTH POLICY & SERVICES]
Health Care Management Science,1386-9620,1572-9389,[HEALTH POLICY & SERVICES]
SCIENCES SOCIALES ET SANTE,0294-0337,1777-5914,[HEALTH POLICY & SERVICES]
JOURNAL OF MEDICAL INTERNET RESEARCH,1438-8871,N/A,[HEALTH CARE SCIENCES & SERVICES]
JOURNAL OF PALLIATIVE MEDICINE,1096-6218,1557-7740,[HEALTH CARE SCIENCES & SERVICES]
JOURNAL OF TELEMEDICINE AND TELECARE,1357-633X,1758-1109,[HEALTH CARE SCIENCES & SERVICES]
EASTERN MEDITERRANEAN HEALTH JOURNAL,1020-3397,1687-1634,"[HEALTH CARE SCIENCES & SERVICES, HEALTH POLICY & SERVICES]"
MEDICAL CARE RESEARCH AND REVIEW,1077-5587,1552-6801,"[HEALTH CARE SCIENCES & SERVICES, HEALTH POLICY & SERVICES]"
Joint Commission Journal on Quality and Patient Safety,1553-7250,1938-131X,[HEALTH CARE SCIENCES & SERVICES]
HASTINGS CENTER REPORT,0093-0334,1552-146X,[HEALTH CARE SCIENCES & SERVICES]
Journal of the American Association of Nurse Practitioners,2327-6886,2327-6924,[HEALTH CARE SCIENCES & SERVICES]
NEJM Catalyst Innovations in Care Delivery,N/A,2642-0007,[HEALTH CARE SCIENCES & SERVICES]
Informatics for Health & Social Care,1753-8157,1753-8165,[HEALTH CARE SCIENCES & SERVICES]
International Journal of Telemedicine and Applications,1687-6415,1687-6423,[HEALTH CARE SCIENCES & SERVICES]
Journal of Pharmaceutical Health Services Research,1759-8885,1759-8893,[HEALTH CARE SCIENCES & SERVICES]
Palliative Medicine Reports,2689-2820,2689-2820,[HEALTH CARE SCIENCES & SERVICES]
JMIR AI,N/A,2817-1705,[HEALTH CARE SCIENCES & SERVICES]
Health Problems of Civilization,2353-6942,2354-0265,[HEALTH CARE SCIENCES & SERVICES]
JOURNAL OF FINANCE,0022-1082,1540-6261,"['BUSINESS, FINANCE', ECONOMICS]"
Pacific-Basin Finance Journal,0927-538X,1879-0585,"['BUSINESS, FINANCE']"
JOURNAL OF INTERNATIONAL MONEY AND FINANCE,0261-5606,1873-0639,"['BUSINESS, FINANCE']"
JOURNAL OF FUTURES MARKETS,0270-7314,1096-9934,"['BUSINESS, FINANCE']"
Journal of Accounting Auditing and Finance,0148-558X,2160-4061,"['BUSINESS, FINANCE']"
Journal of Applied Corporate Finance,1078-1196,1745-6622,"['BUSINESS, FINANCE']"
Journal of Emerging Technologies in Accounting,1554-1908,1558-7940,"['BUSINESS, FINANCE']"
Journal of Corporate Accounting and Finance,1044-8136,1097-0053,"['BUSINESS, FINANCE']"
Journal of Emerging Market Finance,0972-6527,0973-0710,"['BUSINESS, FINANCE']"
Review of Derivatives Research,1380-6645,1573-7144,"['BUSINESS, FINANCE', ECONOMICS]"
National Accounting Review,N/A,2689-3010,"['BUSINESS, FINANCE', ECONOMICS]"
Journal of Tax Reform,2412-8872,2414-9497,"['BUSINESS, FINANCE']"
Algorithmic Finance,2158-5571,2157-6203,"['BUSINESS, FINANCE']"
ORGANIZATIONAL BEHAVIOR AND HUMAN DECISION PROCESSES,0749-5978,1095-9920,[MANAGEMENT]
INTERNATIONAL JOURNAL OF HUMAN RESOURCE MANAGEMENT,0958-5192,1466-4399,[MANAGEMENT]
Engineering Construction and Architectural Management,0969-9988,1365-232X,[MANAGEMENT]
Academy of Management Perspectives,1558-9080,N/A,"[BUSINESS, MANAGEMENT]"
JOURNAL OF TECHNOLOGY TRANSFER,0892-9912,1573-7047,[MANAGEMENT]
INDUSTRIAL AND CORPORATE CHANGE,0960-6491,1464-3650,"[BUSINESS, ECONOMICS, MANAGEMENT]"
Business Process Management Journal,1463-7154,1758-4116,"[BUSINESS, MANAGEMENT]"
TQM Journal,1754-2731,1754-274X,[MANAGEMENT]
Journal of Business Logistics,0735-3766,2158-1592,[MANAGEMENT]
EMPLOYEE RELATIONS,0142-5455,1758-7069,"[INDUSTRIAL RELATIONS & LABOR, MANAGEMENT]"
NEW TECHNOLOGY WORK AND EMPLOYMENT,0268-1072,1468-005X,[MANAGEMENT]
European Journal of Training and Development,2046-9012,2046-9020,[MANAGEMENT]
CANADIAN JOURNAL OF ADMINISTRATIVE SCIENCES-REVUE CANADIENNE DES SCIENCES DE L ADMINISTRATION,0825-0383,1936-4490,"[BUSINESS, MANAGEMENT]"
Vision-The Journal of Business Perspective,0972-2629,2249-5304,"[BUSINESS, MANAGEMENT]"
International Journal of Disclosure and Governance,1741-3591,1746-6539,[MANAGEMENT]
International Journal of Shipping and Transport Logistics,1756-6517,1756-6525,"[MANAGEMENT, TRANSPORTATION]"
Journal of Work-Applied Management,2205-2062,2205-149X,[MANAGEMENT]
Journal of Co-operative Organization and Management,2213-297X,2213-2988,[MANAGEMENT]
International Journal of Innovation and Learning,1471-8197,1741-8089,[MANAGEMENT]
International Journal of Management Studies,2232-1608,2180-2467,[MANAGEMENT]
Latin American Business Review,1097-8526,1528-6932,"[BUSINESS, ECONOMICS, MANAGEMENT]"
Teoria e Pratica em Administracao-TPA,2238-104X,2238-104X,[MANAGEMENT]
Journal of Business Research,0148-2963,1873-7978,[BUSINESS]
Internet Research,1066-2243,1066-2243,[BUSINESS]
JOURNAL OF ADVERTISING,0091-3367,1557-7805,"[BUSINESS, COMMUNICATION]"
JOURNAL OF BUSINESS AND PSYCHOLOGY,0889-3268,1573-353X,[BUSINESS]
Corporate Governance-The International Journal of Business in Society,1472-0701,1758-6054,[BUSINESS]
Journal of Strategic Marketing,0965-254X,1466-4488,[BUSINESS]
Journal of Vacation Marketing,1356-7667,1479-1870,[BUSINESS]
Journal of Personal Selling & Sales Management,0885-3134,1557-7813,[BUSINESS]
Journal of International Consumer Marketing,0896-1530,1528-7068,[BUSINESS]
Journal of Internet Commerce,1533-2861,1533-287X,[BUSINESS]
Multinational Business Review,1525-383X,2054-1686,[BUSINESS]
Recherche et Applications en Marketing-English Edition,2051-5707,2051-5707,[BUSINESS]
Journal of Industry Competition & Trade,1566-1679,1573-7012,[BUSINESS]
Health Marketing Quarterly,0735-9683,1545-0864,"[BUSINESS, HEALTH POLICY & SERVICES]"
ESIC Market,0212-1867,1989-3574,[BUSINESS]
Revista Universidad Empresa,0124-4639,2145-4558,[BUSINESS]
APPLIED GEOGRAPHY,0143-6228,1873-7730,[GEOGRAPHY]
Urban Policy and Research,0811-1146,1476-7244,"[ENVIRONMENTAL STUDIES, GEOGRAPHY, URBAN STUDIES]"
Asia Pacific Viewpoint,1360-7456,1467-8373,"[AREA STUDIES, GEOGRAPHY]"
Documents d Analisi Geografica,0212-1573,2014-4512,[GEOGRAPHY]
Geografie,N/A,1212-0014,[GEOGRAPHY]
Miscellanea Geographica,0867-6046,2084-6118,[GEOGRAPHY]
Geograficidade,2238-0205,2238-0205,[GEOGRAPHY]
Immigrants and Minorities,0261-9288,1744-0521,[DEMOGRAPHY]
Estudios Demograficos y Urbanos,0186-7210,2448-6515,[DEMOGRAPHY]
Asian American Journal of Psychology,1948-1985,1948-1993,[ETHNIC STUDIES]
Social Identities,1350-4630,1363-0296,[ETHNIC STUDIES]
PATTERNS OF PREJUDICE,0031-322X,1461-7331,[ETHNIC STUDIES]
Journal of Multicultural Discourses,1744-7143,1747-6615,"[COMMUNICATION, ETHNIC STUDIES]"
Studies in Ethnicity and Nationalism,1473-8481,1754-9469,[ETHNIC STUDIES]
Energy Policy,0301-4215,1873-6777,"[ECONOMICS, ENVIRONMENTAL STUDIES]"
JOURNAL OF ECONOMIC DYNAMICS & CONTROL,0165-1889,1879-1743,[ECONOMICS]
AGRICULTURAL ECONOMICS,0169-5150,1574-0862,"[AGRICULTURAL ECONOMICS & POLICY, ECONOMICS]"
INTERNATIONAL ECONOMIC REVIEW,0020-6598,1468-2354,[ECONOMICS]
European Journal of Health Economics,1618-7598,1618-7601,"[ECONOMICS, HEALTH POLICY & SERVICES]"
ECONOMETRIC THEORY,0266-4666,1469-4360,[ECONOMICS]
JOURNAL OF POLICY ANALYSIS AND MANAGEMENT,N/A,1520-6688,"[ECONOMICS, PUBLIC ADMINISTRATION]"
Journal of Family and Economic Issues,1058-0476,1573-3475,[ECONOMICS]
JOURNAL OF ECONOMIC STUDIES,0144-3585,N/A,[ECONOMICS]
Review of International Economics,0965-7576,1467-9396,[ECONOMICS]
Review of Economics of the Household,1569-5239,1573-7152,[ECONOMICS]
Journal of International Trade & Economic Development,0963-8199,1469-9559,[ECONOMICS]
Journal of Economic Methodology,1350-178X,1469-9427,[ECONOMICS]
Climate Change Economics,2010-0078,2010-0086,"[ECONOMICS, ENVIRONMENTAL STUDIES]"
International Review of Economics Education,1477-3880,2352-4421,[ECONOMICS]
Eurasian Economic Review,1309-422X,2147-429X,[ECONOMICS]
Economics of Transportation,2212-0122,2212-0130,"[ECONOMICS, TRANSPORTATION]"
Asia-Pacific Journal of Regional Science,2509-7946,2509-7954,"[ECONOMICS, ENVIRONMENTAL STUDIES]"
Review of Network Economics,2194-5993,1446-9022,[ECONOMICS]
South East European Journal of Economics and Business,1840-118X,2233-1999,[ECONOMICS]
Review of Behavioral Economics,2326-6198,2326-6201,[ECONOMICS]
International Journal of Economics Management and Accounting,1394-7680,1394-7680,[ECONOMICS]
Croatian Operational Research Review,1848-0225,1848-9931,[ECONOMICS]
POLITICKA EKONOMIE,0032-3233,2336-8225,[ECONOMICS]
Jahrbuch Fur Wirtschaftsgeschichte,0075-2800,2196-6842,[ECONOMICS]
Economic Theory Bulletin,2196-1085,2196-1093,[ECONOMICS]
Vestnik Sankt-Peterburgskogo Universiteta-Ekonomika-St Petersburg University Journal of Economic Studies,1026-356X,2542-226X,[ECONOMICS]
Central European Journal of Economic Modelling and Econometrics,2080-0886,2080-119X,[ECONOMICS]
Indonesian Capital Market Review,1979-8997,2356-3818,[ECONOMICS]
Transportmetrica A-Transport Science,2324-9935,2324-9943,[TRANSPORTATION]
Energy Research & Social Science,2214-6296,2214-6326,[ENVIRONMENTAL STUDIES]
One Earth,2590-3330,2590-3322,[ENVIRONMENTAL STUDIES]
Management of Environmental Quality,1477-7835,1758-6119,[ENVIRONMENTAL STUDIES]
Climate and Development,1756-5529,1756-5537,"[DEVELOPMENT STUDIES, ENVIRONMENTAL STUDIES]"
International Journal of Climate Change Strategies and Management,1756-8692,1756-8706,[ENVIRONMENTAL STUDIES]
Journal of Environmental Studies and Sciences,2190-6483,2190-6491,[ENVIRONMENTAL STUDIES]
Ecosystems and People,N/A,2639-5916,"[ECOLOGY, ENVIRONMENTAL STUDIES]"
Nature + Culture,1558-6073,1558-5468,[ENVIRONMENTAL STUDIES]
Desenvolvimento e Meio Ambiente,1518-952X,2176-9109,[ENVIRONMENTAL STUDIES]
Forests Trees and Livelihoods,1472-8028,2164-3075,"[ENVIRONMENTAL STUDIES, FORESTRY]"
Economics and Environment,2957-0387,2957-0395,[ENVIRONMENTAL STUDIES]
Environmental & Socio-Economic Studies,2354-0079,2354-0079,[ENVIRONMENTAL STUDIES]
Oxford Open Energy,N/A,2752-5082,[ENVIRONMENTAL STUDIES]
British Journal of Middle Eastern Studies,1353-0194,1469-3542,[AREA STUDIES]
Journal of North African Studies,1362-9387,1743-9345,[AREA STUDIES]
China Review-An Interdisciplinary Journal on Greater China,1680-2012,1680-2012,[AREA STUDIES]
Asia & the Pacific Policy Studies,2050-2680,2050-2680,[AREA STUDIES]
East Asia,1096-6838,1874-6284,[AREA STUDIES]
TRaNS-Trans-Regional and -National Studies of Southeast Asia,2051-364X,2051-3658,[AREA STUDIES]
Mir Rossii-Universe of Russia,1811-038X,1811-0398,[AREA STUDIES]
Cahiers des Ameriques Latines,1141-7161,2268-4247,[AREA STUDIES]
Bandung,2590-0013,2198-3534,[AREA STUDIES]
Revista Digital Mundo Asia Pacifico,2344-8172,2344-8172,[AREA STUDIES]
Bresil-s,2257-0543,2425-231X,[AREA STUDIES]
Development Southern Africa,0376-835X,1470-3637,[DEVELOPMENT STUDIES]
ECOLOGY LETTERS,1461-023X,1461-0248,[ECOLOGY]
Ecology and Evolution,2045-7758,2045-7758,[ECOLOGY]
Annual Review of Ecology Evolution and Systematics,1543-592X,1545-2069,[ECOLOGY]
ECOLOGICAL MONOGRAPHS,0012-9615,1557-7015,[ECOLOGY]
BIOCHEMICAL SYSTEMATICS AND ECOLOGY,0305-1978,1873-2925,[ECOLOGY]
ANNALES ZOOLOGICI FENNICI,0003-455X,1797-2450,[ECOLOGY]
Polar Science,1873-9652,1876-4428,[ECOLOGY]
RANGELAND JOURNAL,1036-9872,1834-7541,[ECOLOGY]
COMPOST SCIENCE & UTILIZATION,1065-657X,2326-2397,[ECOLOGY]
POLISH JOURNAL OF ECOLOGY,1505-2249,N/A,[ECOLOGY]
Frontiers of Biogeography,1948-6596,1948-6596,[ECOLOGY]
Ecologies,N/A,2673-4133,[ECOLOGY]
International Journal of Ecology & Development,0972-9984,0973-7308,[ECOLOGY]
CITIES,0264-2751,1873-6084,[URBAN STUDIES]
Urban Forum,1015-3802,1874-6330,[URBAN STUDIES]
Revista de Urbanismo,0717-5051,0717-5051,[URBAN STUDIES]
Journal of Architecture and Planning -King Saud University,1018-3604,1018-3604,[URBAN STUDIES]
PUBLIC ADMINISTRATION REVIEW,0033-3352,1540-6210,[PUBLIC ADMINISTRATION]
INTERNATIONAL JOURNAL OF PUBLIC ADMINISTRATION,0190-0692,1532-4265,[PUBLIC ADMINISTRATION]
Public Policy and Administration,0952-0767,1749-4192,[PUBLIC ADMINISTRATION]
Behavioural Public Policy,2398-063X,2398-0648,[PUBLIC ADMINISTRATION]
Risk Hazards & Crisis in Public Policy,1944-4079,1944-4079,[PUBLIC ADMINISTRATION]
Journal of Forest Research,1341-6979,1610-7403,[FORESTRY]
SILVAE GENETICA,0037-5349,2509-8934,[FORESTRY]
Madera y Bosques,1405-0471,2448-7597,[FORESTRY]
Annals of Forest Research,1844-8135,2065-2445,[FORESTRY]
Jurnal Manajemen Hutan Tropika,2087-0469,2089-2063,[FORESTRY]
SAFETY SCIENCE,0925-7535,1879-1042,[OPERATIONS RESEARCH & MANAGEMENT SCIENCE]
IEEE Systems Journal,1932-8184,1937-9234,[OPERATIONS RESEARCH & MANAGEMENT SCIENCE]
INTERNATIONAL JOURNAL OF SYSTEMS SCIENCE,0020-7721,1464-5319,[OPERATIONS RESEARCH & MANAGEMENT SCIENCE]
NAVAL RESEARCH LOGISTICS,0894-069X,1520-6750,[OPERATIONS RESEARCH & MANAGEMENT SCIENCE]
ENGINEERING OPTIMIZATION,0305-215X,1029-0273,[OPERATIONS RESEARCH & MANAGEMENT SCIENCE]
OPERATIONS RESEARCH LETTERS,0167-6377,1872-7468,[OPERATIONS RESEARCH & MANAGEMENT SCIENCE]
Optimization Letters,1862-4472,1862-4480,[OPERATIONS RESEARCH & MANAGEMENT SCIENCE]
CRIMINAL JUSTICE STUDIES,1478-601X,1478-6028,[OPERATIONS RESEARCH & MANAGEMENT SCIENCE]
Continuum-Journal of Media & Cultural Studies,1030-4312,1469-3666,[COMMUNICATION]
Journal of Media Psychology-Theories Methods and Applications,1864-1105,2151-2388,[COMMUNICATION]
Technical Communication Quarterly,1057-2252,1542-7625,[COMMUNICATION]
Communication and the Public,2057-0473,2057-0481,[COMMUNICATION]
Global Media Journal-Canadian Edition,1918-5901,1918-5901,[COMMUNICATION]
Internet Histories,2470-1475,2470-1483,[COMMUNICATION]
Journal of Gaming and Virtual Worlds,1757-191X,1757-1928,[COMMUNICATION]
Journal of African Media Studies,2040-199X,1751-7974,[COMMUNICATION]
Vivat Academia,1575-2844,1575-2844,[COMMUNICATION]
Westminster Papers in Communication & Culture,1744-6708,1744-6716,[COMMUNICATION]
Journal of Digital Media & Policy,2516-3523,2516-3531,[COMMUNICATION]
Romanian Journal of Communication and Public Relations,1454-8100,2344-5440,[COMMUNICATION]
Journal of Religion Media and Digital Culture,2588-8099,2165-9214,[COMMUNICATION]
Perspectivas de la Comunicacion,0718-4867,0718-4867,[COMMUNICATION]
International Journal of Marketing Communication and New Media,2182-9306,2182-9306,[COMMUNICATION]
Agricultural Finance Review,0002-1466,2041-6326,[AGRICULTURAL ECONOMICS & POLICY]
EUROPEAN JOURNAL OF INDUSTRIAL RELATIONS,0959-6801,1461-7129,[INDUSTRIAL RELATIONS & LABOR]
Employee Responsibilities and Rights Journal,0892-7545,1573-3378,[INDUSTRIAL RELATIONS & LABOR]
International Journal of Comparative Labour Law and Industrial Relations,0952-617X,1875-838X,[INDUSTRIAL RELATIONS & LABOR]
Revue de l IRES,1145-1378,1145-1378,[INDUSTRIAL RELATIONS & LABOR]
E-Journal of International and Comparative Labour Studies,2280-4056,2280-4056,[INDUSTRIAL RELATIONS & LABOR]
Journal of Health Services Research & Policy,1355-8196,1758-1060,[HEALTH POLICY & SERVICES]
Policy Politics & Nursing Practice,1527-1544,1552-7468,[HEALTH POLICY & SERVICES]
HOME HEALTH CARE SERVICES QUARTERLY,0162-1424,1545-0856,[HEALTH POLICY & SERVICES]
Asia Pacific Journal of Health Management,N/A,2204-3136,[HEALTH POLICY & SERVICES]
MEDICAL CARE,0025-7079,1537-1948,"[HEALTH CARE SCIENCES & SERVICES, HEALTH POLICY & SERVICES]"
INTERNATIONAL JOURNAL OF MEDICAL INFORMATICS,1386-5056,1872-8243,[HEALTH CARE SCIENCES & SERVICES]
HEALTH POLICY,0168-8510,1872-6054,"[HEALTH CARE SCIENCES & SERVICES, HEALTH POLICY & SERVICES]"
HEALTH EXPECTATIONS,1369-6513,1369-7625,"[HEALTH CARE SCIENCES & SERVICES, HEALTH POLICY & SERVICES]"
Telemedicine and e-Health,1530-5627,1556-3669,[HEALTH CARE SCIENCES & SERVICES]
AMERICAN JOURNAL OF MANAGED CARE,1088-0224,N/A,"[HEALTH CARE SCIENCES & SERVICES, HEALTH POLICY & SERVICES]"
International Journal of Health Policy and Management,N/A,2322-5939,"[HEALTH CARE SCIENCES & SERVICES, HEALTH POLICY & SERVICES]"
Expert Review of Pharmacoeconomics & Outcomes Research,1473-7167,1744-8379,"[HEALTH CARE SCIENCES & SERVICES, HEALTH POLICY & SERVICES]"
METHODS OF INFORMATION IN MEDICINE,0026-1270,2511-705X,[HEALTH CARE SCIENCES & SERVICES]
Chronic Illness,1742-3953,1745-9206,[HEALTH CARE SCIENCES & SERVICES]
Health Services Insights,1178-6329,1178-6329,[HEALTH CARE SCIENCES & SERVICES]
International Journal of Social Determinants of Health and Health Services,2755-1938,2755-1946,"[HEALTH CARE SCIENCES & SERVICES, HEALTH POLICY & SERVICES]"
REVIEW OF ACCOUNTING STUDIES,1380-6653,1573-7136,"['BUSINESS, FINANCE']"
JOURNAL OF ACCOUNTING AND PUBLIC POLICY,0278-4254,1873-2070,"['BUSINESS, FINANCE', PUBLIC ADMINISTRATION]"
Financial Innovation,N/A,2199-4730,"['BUSINESS, FINANCE']"
Global Finance Journal,1044-0283,1873-5665,"['BUSINESS, FINANCE']"
ACCOUNTING AND BUSINESS RESEARCH,0001-4788,2159-4260,"['BUSINESS, FINANCE']"
MANAGERIAL FINANCE,0307-4358,1758-7743,"['BUSINESS, FINANCE']"
JOURNAL OF ECONOMICS AND BUSINESS,0148-6195,0148-6195,"['BUSINESS, FINANCE']"
FISCAL STUDIES,0143-5671,1475-5890,"['BUSINESS, FINANCE', ECONOMICS]"
Journal of Risk Finance,1526-5943,2331-2947,"['BUSINESS, FINANCE']"
North American Actuarial Journal,1092-0277,2325-0453,"['BUSINESS, FINANCE']"
Advances in Accounting,0882-6110,1046-5715,"['BUSINESS, FINANCE']"
ISSUES IN ACCOUNTING EDUCATION,0739-3172,1558-7983,"['BUSINESS, FINANCE']"
Asia-Pacific Journal of Accounting & Economics,1608-1625,2164-2257,"['BUSINESS, FINANCE', ECONOMICS]"
Journal of Property Investment & Finance,1463-578X,1470-2002,"['BUSINESS, FINANCE']"
Review of Accounting and Finance,1475-7702,1758-7700,"['BUSINESS, FINANCE']"
Intelligent Systems in Accounting Finance & Management,1550-1949,2160-0074,"['BUSINESS, FINANCE']"
International Journal of Health Economics and Management,2199-9023,2199-9031,"['BUSINESS, FINANCE', ECONOMICS, HEALTH POLICY & SERVICES]"
Annals of Actuarial Science,1748-4995,1748-5002,"['BUSINESS, FINANCE', ECONOMICS]"
Investment Analysts Journal,1029-3523,2077-0227,"['BUSINESS, FINANCE']"
Review of Pacific Basin Financial Markets and Policies,0219-0915,1793-6705,"['BUSINESS, FINANCE']"
Asia-Pacific Management Accounting Journal,1675-3194,1675-3194,"['BUSINESS, FINANCE']"
International Insolvency Review,1180-0518,1099-1107,"['BUSINESS, FINANCE']"
Economics and Finance Letters,2312-6310,2312-430X,"['BUSINESS, FINANCE', ECONOMICS]"
STRATEGIC MANAGEMENT JOURNAL,0143-2095,1097-0266,"[BUSINESS, MANAGEMENT]"
HARVARD BUSINESS REVIEW,0017-8012,0017-8012,"[BUSINESS, MANAGEMENT]"
TECHNOVATION,0166-4972,1879-2383,"[MANAGEMENT, OPERATIONS RESEARCH & MANAGEMENT SCIENCE]"
GENDER WORK AND ORGANIZATION,0968-6673,1468-0432,[MANAGEMENT]
Journal of Managerial Psychology,0268-3946,1758-7778,[MANAGEMENT]
International Journal of Logistics Management,0957-4093,1758-6550,[MANAGEMENT]
International Small Business Journal-Researching Entrepreneurship,0266-2426,1741-2870,"[BUSINESS, MANAGEMENT]"
SERVICE INDUSTRIES JOURNAL,0264-2069,1743-9507,[MANAGEMENT]
INTERNATIONAL JOURNAL OF SELECTION AND ASSESSMENT,0965-075X,1468-2389,[MANAGEMENT]
SYSTEMS RESEARCH AND BEHAVIORAL SCIENCE,1092-7026,1099-1743,[MANAGEMENT]
SYSTEM DYNAMICS REVIEW,0883-7066,1099-1727,[MANAGEMENT]
Journal of Humanitarian Logistics and Supply Chain Management,2042-6747,2042-6755,[MANAGEMENT]
SYSTEMIC PRACTICE AND ACTION RESEARCH,1094-429X,1573-9295,[MANAGEMENT]
Culture and Organization,1475-9551,1477-2760,[MANAGEMENT]
IJISPM-International Journal of Information Systems and Project Management,2182-7796,2182-7788,[MANAGEMENT]
Africa Journal of Management,2332-2373,2332-2381,[MANAGEMENT]
Iranian Journal of Management Studies,2008-7055,2345-3745,[MANAGEMENT]
Journal of the International Council for Small Business,2643-7015,2643-7023,"[BUSINESS, MANAGEMENT]"
IIM Kozhikode Society & Management Review,2277-9752,2321-029X,[MANAGEMENT]
Management-Poland,1429-9321,2299-193X,[MANAGEMENT]
Annals of Corporate Governance,2381-6732,2381-6732,[MANAGEMENT]
European Management Studies,N/A,2956-7602,[MANAGEMENT]
JOURNAL OF ADVERTISING RESEARCH,0021-8499,1740-1909,"[BUSINESS, COMMUNICATION]"
Qualitative Market Research,1352-2752,1758-7646,[BUSINESS]
Journal of Electronic Commerce Research,1526-6133,1938-9027,[BUSINESS]
Journal of Global Fashion Marketing,2093-2685,2325-4483,[BUSINESS]
Journal of Marketing for Higher Education,0884-1241,1540-7144,[BUSINESS]
South Asian Journal of Business Studies,2398-628X,2398-6298,[BUSINESS]
Innovative Marketing,1814-2427,1816-6326,[BUSINESS]
Business Systems Research Journal,1847-8344,1847-9375,[BUSINESS]
Biznes Informatika-Business Informatics,1998-0663,1998-0663,[BUSINESS]
WPOM-Working Papers on Operations Management,1989-9068,1989-9068,[BUSINESS]
REUNIR-Revista de Administracao Contabilidade e Sustentabilidade,2237-3667,2237-3667,[BUSINESS]
POLITICAL GEOGRAPHY,0962-6298,1873-5096,[GEOGRAPHY]
Moravian Geographical Reports,1210-8812,2199-6202,[GEOGRAPHY]
International Journal of Cartography,2372-9333,2372-9341,[GEOGRAPHY]
MITTEILUNGEN DER OSTERREICHISCHEN GEOGRAPHISCHEN GESELLSCHAFT,0029-9138,0029-9138,[GEOGRAPHY]
Documenti Geografici,2035-8792,2281-7549,[GEOGRAPHY]
Journal of Geography-Cografya Dergisi,1302-7212,1305-2128,[GEOGRAPHY]
Cadernos de Geografia,0871-1623,2183-4016,[GEOGRAPHY]
Territoire en Mouvement,1954-4863,1950-5698,[GEOGRAPHY]
INTERNATIONAL MIGRATION,0020-7985,1468-2435,[DEMOGRAPHY]
Biodemography and Social Biology,1948-5565,1948-5573,[DEMOGRAPHY]
Spatial Demography,2364-2289,2164-7070,[DEMOGRAPHY]
JOURNAL OF BLACK STUDIES,0021-9347,1552-4566,[ETHNIC STUDIES]
IDENTITIES-GLOBAL STUDIES IN CULTURE AND POWER,1070-289X,1547-3384,[ETHNIC STUDIES]
Spectrum,2162-3244,2162-3252,[ETHNIC STUDIES]
ECONOMIC MODELLING,0264-9993,1873-6122,[ECONOMICS]
JOURNAL OF APPLIED ECONOMETRICS,0883-7252,1099-1255,[ECONOMICS]
American Economic Journal-Applied Economics,1945-7782,1945-7790,[ECONOMICS]
RAND JOURNAL OF ECONOMICS,0741-6261,1756-2171,[ECONOMICS]
JOURNAL OF COMPARATIVE ECONOMICS,0147-5967,1095-7227,[ECONOMICS]
Cogent Economics & Finance,2332-2039,2332-2039,[ECONOMICS]
QUARTERLY REVIEW OF ECONOMICS AND FINANCE,1062-9769,1878-4259,[ECONOMICS]
SOUTHERN ECONOMIC JOURNAL,0038-4038,2325-8012,[ECONOMICS]
EUROPEAN REVIEW OF AGRICULTURAL ECONOMICS,0165-1587,1464-3618,"[AGRICULTURAL ECONOMICS & POLICY, ECONOMICS]"
ECONOMIC POLICY,0266-4658,1468-0327,[ECONOMICS]
Review of International Organizations,1559-7431,1559-744X,[ECONOMICS]
SOCIAL CHOICE AND WELFARE,0176-1714,1432-217X,[ECONOMICS]
MACROECONOMIC DYNAMICS,1365-1005,1469-8056,[ECONOMICS]
ECONOMIC RECORD,0013-0249,1475-4932,[ECONOMICS]
Metroeconomica,0026-1386,1467-999X,[ECONOMICS]
PUBLIC FINANCE REVIEW,1091-1421,1552-7530,[ECONOMICS]
BULLETIN OF ECONOMIC RESEARCH,0307-3378,1467-8586,[ECONOMICS]
Journal of Chinese Economic and Business Studies,1476-5284,1476-5292,[ECONOMICS]
Australian Economic Review,0004-9018,1467-8462,[ECONOMICS]
Journal of Benefit-Cost Analysis,2194-5888,2152-2812,[ECONOMICS]
CIRIEC-Espana Revista de Economia Publica Social y Cooperativa,0213-8093,1989-6816,[ECONOMICS]
ACTA OECONOMICA,0001-6373,1588-2659,[ECONOMICS]
JOURNAL OF MEDIA ECONOMICS,0899-7764,1532-7736,"[COMMUNICATION, ECONOMICS]"
PSL Quarterly Review,2037-3635,2037-3643,[ECONOMICS]
Economics of Transition and Institutional Change,2577-6975,2577-6983,[ECONOMICS]
International Productivity Monitor,1492-9759,1492-9767,[ECONOMICS]
Cuadernos de Economia,0121-4772,2248-4337,[ECONOMICS]
Review of Economic Perspectives,1213-2446,1804-1663,[ECONOMICS]
Journal of Interdisciplinary Economics,0260-1079,2321-5305,[ECONOMICS]
Estudios de Economia,0718-5286,0718-5286,[ECONOMICS]
REICE-Revista Electronica de Investigacion en Ciencias Economicas,2308-782X,2308-782X,[ECONOMICS]
Journal of Energy Markets,1756-3607,1756-3615,[ECONOMICS]
International Journal of Ecological Economics & Statistics,0973-1385,0973-1385,[ECONOMICS]
IATSS Research,0386-1112,2210-4240,[TRANSPORTATION]
Urban Rail Transit,2199-6687,2199-6679,[TRANSPORTATION]
Maritime Transport Research,2666-822X,2666-822X,[TRANSPORTATION]
International Journal of Automotive Technology and Management,1470-9511,1741-5012,[TRANSPORTATION]
Sustainability,N/A,2071-1050,[ENVIRONMENTAL STUDIES]
Sustainable Production and Consumption,2352-5509,2352-5509,[ENVIRONMENTAL STUDIES]
Climate Services,2405-8807,2405-8807,[ENVIRONMENTAL STUDIES]
ENVIRONMENT,0013-9157,1939-9154,[ENVIRONMENTAL STUDIES]
PROGRESS IN PLANNING,0305-9006,1873-4510,[ENVIRONMENTAL STUDIES]
COASTAL MANAGEMENT,0892-0753,1521-0421,[ENVIRONMENTAL STUDIES]
Journal of Agricultural Education & Extension,1389-224X,1750-8622,[ENVIRONMENTAL STUDIES]
GAIA-Ecological Perspectives for Science and Society,0940-5550,2625-5413,[ENVIRONMENTAL STUDIES]
International Journal of Housing Policy,1949-1247,1949-1255,"[ENVIRONMENTAL STUDIES, URBAN STUDIES]"
Ethics Policy & Environment,2155-0085,2155-0093,[ENVIRONMENTAL STUDIES]
Environmental Research: Infrastructure and Sustainability,N/A,2634-4505,[ENVIRONMENTAL STUDIES]
Global Environment,1973-3739,2053-7352,[ENVIRONMENTAL STUDIES]
JOURNAL OF ASIAN AND AFRICAN STUDIES,0021-9096,1745-2538,[AREA STUDIES]
MIDDLE EASTERN STUDIES,0026-3206,1743-7881,[AREA STUDIES]
SOUTH ASIA-JOURNAL OF SOUTH ASIAN STUDIES,0085-6401,1479-0270,[AREA STUDIES]
PACIFIC AFFAIRS,0030-851X,1715-3379,[AREA STUDIES]
JOURNAL OF SOUTHEAST ASIAN STUDIES,0022-4634,1474-0680,[AREA STUDIES]
CANADIAN JOURNAL OF AFRICAN STUDIES,0008-3968,1923-3051,[AREA STUDIES]
JOURNAL OF BALTIC STUDIES,0162-9778,1751-7877,[AREA STUDIES]
Journal of Vietnamese Studies,1559-372X,1559-3738,[AREA STUDIES]
History and Sociology of South Asia,2230-8075,2249-5312,[AREA STUDIES]
Collectivus-Revista de Ciencias Sociales,2382-4018,2382-4018,[AREA STUDIES]
Japanese Studies in Russia,2500-2872,2500-2872,[AREA STUDIES]
Encrucijada Americana,0719-3432,0718-5766,[AREA STUDIES]
AFRICAN DEVELOPMENT REVIEW-REVUE AFRICAINE DE DEVELOPPEMENT,1017-6772,1467-8268,[DEVELOPMENT STUDIES]
BIODIVERSITY AND CONSERVATION,0960-3115,1572-9710,[ECOLOGY]
JOURNAL OF EXPERIMENTAL MARINE BIOLOGY AND ECOLOGY,0022-0981,1879-1697,[ECOLOGY]
BEHAVIORAL ECOLOGY AND SOCIOBIOLOGY,0340-5443,1432-0762,[ECOLOGY]
ECOSYSTEMS,1432-9840,1435-0629,[ECOLOGY]
EUROPEAN JOURNAL OF SOIL BIOLOGY,1164-5563,1778-3615,[ECOLOGY]
Rangeland Ecology & Management,1550-7424,1551-5028,[ECOLOGY]
Ecological Solutions and Evidence,N/A,2688-8319,[ECOLOGY]
PROCEEDINGS OF THE LINNEAN SOCIETY OF NEW SOUTH WALES,0370-047X,N/A,[ECOLOGY]
Housing Care and Support,1460-8790,2042-8375,[URBAN STUDIES]
JOURNAL OF SOCIAL POLICY,0047-2794,1469-7823,[PUBLIC ADMINISTRATION]
INTERNATIONAL REVIEW OF ADMINISTRATIVE SCIENCES,0020-8523,1461-7226,[PUBLIC ADMINISTRATION]
Journal of Public Policy,0143-814X,1469-7815,[PUBLIC ADMINISTRATION]
Canadian Journal of Nonprofit and Social Economy Research,1920-9355,1920-9355,[PUBLIC ADMINISTRATION]
EUROPEAN JOURNAL OF FOREST RESEARCH,1612-4669,1612-4677,[FORESTRY]
FORESTRY,0015-752X,1464-3626,[FORESTRY]
Forest Ecosystems,2095-6355,2197-5620,[FORESTRY]
Floresta e Ambiente,2179-8087,2179-8087,[FORESTRY]
MATHEMATICS OF OPERATIONS RESEARCH,0364-765X,1526-5471,[OPERATIONS RESEARCH & MANAGEMENT SCIENCE]
Journal of Systems Engineering and Electronics,1004-4132,1004-4132,[OPERATIONS RESEARCH & MANAGEMENT SCIENCE]
OPTIMAL CONTROL APPLICATIONS & METHODS,0143-2087,1099-1514,[OPERATIONS RESEARCH & MANAGEMENT SCIENCE]
QUEUEING SYSTEMS,0257-0130,1572-9443,[OPERATIONS RESEARCH & MANAGEMENT SCIENCE]
International Journal of Systems Science-Operations & Logistics,2330-2674,2330-2682,[OPERATIONS RESEARCH & MANAGEMENT SCIENCE]
Operations Research Perspectives,N/A,2214-7160,[OPERATIONS RESEARCH & MANAGEMENT SCIENCE]
EURO Journal on Transportation and Logistics,2192-4376,2192-4384,[OPERATIONS RESEARCH & MANAGEMENT SCIENCE]
JOURNAL OF SOCIAL AND PERSONAL RELATIONSHIPS,0265-4075,1460-3608,[COMMUNICATION]
COMMUNICATION MONOGRAPHS,0363-7751,1479-5787,[COMMUNICATION]
PERSONAL RELATIONSHIPS,1350-4126,1475-6811,[COMMUNICATION]
Frontiers in Communication,N/A,2297-900X,[COMMUNICATION]
Policy and Internet,1944-2866,1944-2866,[COMMUNICATION]
Communication and Critical-Cultural Studies,1479-1420,1479-4233,[COMMUNICATION]
Atlantic Journal of Communication,1545-6870,1545-6889,[COMMUNICATION]
Science Editing,2288-7474,2288-8063,[COMMUNICATION]
SCM Studies in Communication and Media,N/A,2192-4007,[COMMUNICATION]
AQUACULTURE ECONOMICS & MANAGEMENT,1365-7305,1551-8663,[AGRICULTURAL ECONOMICS & POLICY]
Studies in Agricultural Economics,1418-2106,2063-0476,[AGRICULTURAL ECONOMICS & POLICY]
Agris on-line Papers in Economics and Informatics,1804-1930,1804-1930,[AGRICULTURAL ECONOMICS & POLICY]
Agricultura Sociedad y Desarrollo,1870-5472,2594-0244,[AGRICULTURAL ECONOMICS & POLICY]
ECONOMIC AND INDUSTRIAL DEMOCRACY,0143-831X,1461-7099,[INDUSTRIAL RELATIONS & LABOR]
Nouvelle Revue du Travail,2263-8989,2263-8989,[INDUSTRIAL RELATIONS & LABOR]
INTERNATIONAL JOURNAL OF HEALTH PLANNING AND MANAGEMENT,0749-6753,1099-1751,[HEALTH POLICY & SERVICES]
INTERNATIONAL JOURNAL OF HEALTH CARE QUALITY ASSURANCE,0952-6862,1758-6542,[HEALTH POLICY & SERVICES]
Journal of Policy and Practice in Intellectual Disabilities,1741-1122,1741-1130,[HEALTH POLICY & SERVICES]
JOURNAL OF THE AMERICAN MEDICAL INFORMATICS ASSOCIATION,1067-5027,1527-974X,[HEALTH CARE SCIENCES & SERVICES]
MEDICAL TEACHER,0142-159X,1466-187X,[HEALTH CARE SCIENCES & SERVICES]
Lancet Regional Health-Europe,2666-7762,2666-7762,[HEALTH CARE SCIENCES & SERVICES]
BMJ Supportive & Palliative Care,2045-435X,2045-4368,[HEALTH CARE SCIENCES & SERVICES]
JAMA Health Forum,2689-0186,2689-0186,"[HEALTH CARE SCIENCES & SERVICES, HEALTH POLICY & SERVICES]"
Journal of Managed Care & Specialty Pharmacy,2376-0540,2376-1032,[HEALTH CARE SCIENCES & SERVICES]
INTERNATIONAL JOURNAL OF TECHNOLOGY ASSESSMENT IN HEALTH CARE,0266-4623,1471-6348,[HEALTH CARE SCIENCES & SERVICES]
JMIR Serious Games,2291-9279,2291-9279,[HEALTH CARE SCIENCES & SERVICES]
Applied Health Economics and Health Policy,1175-5652,1179-1896,"[ECONOMICS, HEALTH CARE SCIENCES & SERVICES, HEALTH POLICY & SERVICES]"
Families Systems & Health,1091-7527,1939-0602,[HEALTH CARE SCIENCES & SERVICES]
AIMS Public Health,2327-8994,2327-8994,[HEALTH CARE SCIENCES & SERVICES]
Journal of Patient-Centered Research and Reviews,2330-068X,2330-0698,[HEALTH CARE SCIENCES & SERVICES]
Vigilancia Sanitaria em Debate-Sociedade Ciencia & Tecnologia,2317-269X,2317-269X,[HEALTH CARE SCIENCES & SERVICES]
Palliative Medicine in Practice,2545-0425,2545-1359,[HEALTH CARE SCIENCES & SERVICES]
Medycyna Paliatywna-Palliative Medicine,2081-0016,2081-2833,[HEALTH CARE SCIENCES & SERVICES]
JOURNAL OF FINANCIAL ECONOMICS,0304-405X,N/A,"['BUSINESS, FINANCE', ECONOMICS]"
JOURNAL OF MONETARY ECONOMICS,0304-3932,1873-1295,"['BUSINESS, FINANCE', ECONOMICS]"
WORLD ECONOMY,0378-5920,1467-9701,"['BUSINESS, FINANCE', ECONOMICS]"
European Accounting Review,0963-8180,1468-4497,"['BUSINESS, FINANCE']"
Accounting Horizons,0888-7993,1558-7975,"['BUSINESS, FINANCE']"
Journal of Contemporary Accounting & Economics,1815-5669,1815-5669,"['BUSINESS, FINANCE', ECONOMICS]"
Journal of Behavioral Finance,1542-7560,1542-7579,"['BUSINESS, FINANCE', ECONOMICS]"
China Journal of Accounting Research,1755-3091,1755-3091,"['BUSINESS, FINANCE']"
Accounting Research Journal,1030-9616,1839-5465,"['BUSINESS, FINANCE']"
Review of Asset Pricing Studies,2045-9920,2045-9939,"['BUSINESS, FINANCE']"
JOURNAL OF ECONOMICS AND FINANCE,1055-0925,1938-9744,"['BUSINESS, FINANCE', ECONOMICS]"
Financial and Credit Activity-Problems of Theory and Practice,2306-4994,2310-8770,"['BUSINESS, FINANCE']"
Journal of Investing,1068-0896,2168-8613,"['BUSINESS, FINANCE']"
European Actuarial Journal,2190-9733,2190-9741,"['BUSINESS, FINANCE']"
Journal of Investment Strategies,2047-1238,2047-1246,"['BUSINESS, FINANCE']"
Actualidad Contable Faces,1316-8533,1316-8533,"['BUSINESS, FINANCE']"
Journal of Economic Policy Researches-Iktisat Politikasi Arastirmalari Dergisi,2148-3876,2148-3876,"['BUSINESS, FINANCE', ECONOMICS]"
Tourism Management,0261-5177,1879-3193,"[ENVIRONMENTAL STUDIES, MANAGEMENT]"
ADMINISTRATIVE SCIENCE QUARTERLY,0001-8392,1930-3815,"[BUSINESS, MANAGEMENT]"
INFORMATION & MANAGEMENT,0378-7206,1872-7530,[MANAGEMENT]
Journal of Nursing Management,0966-0429,1365-2834,[MANAGEMENT]
INTERNATIONAL JOURNAL OF MANAGEMENT REVIEWS,1460-8545,1468-2370,"[BUSINESS, MANAGEMENT]"
PERSONNEL REVIEW,0048-3486,1758-6933,"[INDUSTRIAL RELATIONS & LABOR, MANAGEMENT]"
Asia Pacific Journal of Management,0217-4561,1572-9958,[MANAGEMENT]
International Entrepreneurship and Management Journal,1554-7191,1555-1938,"[BUSINESS, MANAGEMENT]"
TOTAL QUALITY MANAGEMENT & BUSINESS EXCELLENCE,1478-3363,1478-3371,[MANAGEMENT]
International Journal of Productivity and Performance Management,1741-0401,1758-6658,[MANAGEMENT]
Journal of Service Management,1757-5818,1757-5826,[MANAGEMENT]
Journal of Supply Chain Management,1523-2409,1745-493X,[MANAGEMENT]
Administrative Sciences,N/A,2076-3387,[MANAGEMENT]
ORGANIZATIONAL DYNAMICS,0090-2616,1873-3530,"[BUSINESS, MANAGEMENT]"
MANAGEMENT INTERNATIONAL REVIEW,0938-8249,1861-8901,[MANAGEMENT]
JOURNAL OF MANAGEMENT INQUIRY,1056-4926,1552-6542,[MANAGEMENT]
Journal of Contingencies and Crisis Management,0966-0879,1468-5973,[MANAGEMENT]
Journal of Responsible Innovation,2329-9460,2329-9037,[MANAGEMENT]
International Journal of Innovation and Technology Management,0219-8770,1793-6950,[MANAGEMENT]
Journal of Facilities Management,1472-5967,1741-0983,[MANAGEMENT]
Journal of Competitiveness,1804-171X,1804-1728,"[BUSINESS, ECONOMICS, MANAGEMENT]"
Polish Journal of Management Studies,2081-7452,2081-7452,[MANAGEMENT]
Action Research,1476-7503,1741-2617,[MANAGEMENT]
Cross Cultural & Strategic Management,2059-5794,2059-5794,[MANAGEMENT]
RAUSP Management Journal,2531-0488,2531-0488,"[BUSINESS, MANAGEMENT]"
Journal of Organizational Ethnography,2046-6749,2046-6757,[MANAGEMENT]
Journal of East European Management Studies,0949-6181,1862-0019,[MANAGEMENT]
Management Research and Practice,2067-2462,2067-2462,[MANAGEMENT]
Direccion y Organizacion,1132-175X,2171-6323,[MANAGEMENT]
Navus-Revista de Gestao e Tecnologia,2237-4558,2237-4558,[MANAGEMENT]
Revista Ciencias Administrativas,1414-0896,2318-0722,[MANAGEMENT]
Journal of Organisational Studies and Innovation,2056-9122,2056-9130,[MANAGEMENT]
Interdisciplinary Journal of Management Studies,N/A,2981-0795,[MANAGEMENT]
PSYCHOLOGY & MARKETING,0742-6046,1520-6793,[BUSINESS]
JOURNAL OF INTERACTIVE MARKETING,1094-9968,1520-6653,[BUSINESS]
Competition & Change,1024-5294,1477-2221,"[BUSINESS, ECONOMICS, GEOGRAPHY]"
Journal of Global Entrepreneurship Research,2228-7566,2251-7316,[BUSINESS]
Critical Perspectives on International Business,1742-2043,1758-6062,[BUSINESS]
Journal of Indian Business Research,1755-4195,1755-4209,[BUSINESS]
Journal of Current Issues and Research In Advertising,1064-1734,2164-7313,"[BUSINESS, COMMUNICATION]"
Journal of Business-to-Business Marketing,1051-712X,1547-0628,[BUSINESS]
Social Marketing Quarterly,1524-5004,1539-4093,[BUSINESS]
Journal of Entrepreneurship,0971-3557,0973-0745,[BUSINESS]
Journal of Media Business Studies,1652-2354,2376-2977,[BUSINESS]
Journal for International Business and Entrepreneurship Development,1549-9324,1747-6763,[BUSINESS]
Revue Internationale PME,0776-5436,0776-5436,[BUSINESS]
Suma de Negocios,2215-910X,2027-5692,[BUSINESS]
Asia Marketing Journal,1598-7868,2765-6500,[BUSINESS]
URBAN GEOGRAPHY,0272-3638,1938-2847,"[GEOGRAPHY, URBAN STUDIES]"
CULTURAL GEOGRAPHIES,1474-4740,1477-0881,"[ENVIRONMENTAL STUDIES, GEOGRAPHY]"
CANADIAN GEOGRAPHIES-GEOGRAPHIES CANADIENNES,0008-3658,1541-0064,[GEOGRAPHY]
SINGAPORE JOURNAL OF TROPICAL GEOGRAPHY,0129-7619,1467-9493,[GEOGRAPHY]
Journal of Borderlands Studies,0886-5655,2159-1229,[GEOGRAPHY]
Journal of Urban Mobility,2667-0917,2667-0917,"[GEOGRAPHY, TRANSPORTATION]"
CyberGeo-European Journal of Geography,1278-3366,1278-3366,[GEOGRAPHY]
DEMOGRAPHY,0070-3370,1533-7790,[DEMOGRAPHY]
Journal of the Economics of Ageing,2212-828X,2212-8298,"[DEMOGRAPHY, ECONOMICS]"
Demografie,0011-8265,1805-2991,[DEMOGRAPHY]
ETHNIC AND RACIAL STUDIES,0141-9870,1466-4356,[ETHNIC STUDIES]
Journal of Race Ethnicity and Politics,N/A,2056-6085,[ETHNIC STUDIES]
Latin American and Caribbean Ethnic Studies,1744-2222,1744-2230,[ETHNIC STUDIES]
Energy Economics,0140-9883,1873-6181,[ECONOMICS]
WORLD DEVELOPMENT,0305-750X,1873-5991,"[DEVELOPMENT STUDIES, ECONOMICS]"
REVIEW OF ECONOMICS AND STATISTICS,0034-6535,1530-9142,[ECONOMICS]
Transport Policy,0967-070X,1879-310X,"[ECONOMICS, TRANSPORTATION]"
JOURNAL OF INTERNATIONAL ECONOMICS,0022-1996,1873-0353,[ECONOMICS]
JOURNAL OF ECONOMIC SURVEYS,0950-0804,1467-6419,[ECONOMICS]
ECONOMIC DEVELOPMENT AND CULTURAL CHANGE,0013-0079,1539-2988,"[AREA STUDIES, DEVELOPMENT STUDIES, ECONOMICS]"
ECONOMICA,0013-0427,1468-0335,[ECONOMICS]
ECONOMIC HISTORY REVIEW,0013-0117,1468-0289,[ECONOMICS]
CANADIAN JOURNAL OF ECONOMICS-REVUE CANADIENNE D ECONOMIQUE,0008-4085,1540-5982,[ECONOMICS]
Economics of Innovation and New Technology,1043-8599,1476-8364,[ECONOMICS]
Journal of Choice Modelling,1755-5345,1755-5345,[ECONOMICS]
Local Economy,0269-0942,1470-9325,[ECONOMICS]
European Review of Economic History,1361-4916,1474-0044,[ECONOMICS]
European Journal of Law and Economics,0929-1261,1572-9990,[ECONOMICS]
JAHRBUCHER FUR NATIONALOKONOMIE UND STATISTIK,0021-4027,2366-049X,[ECONOMICS]
Journal of Economics and Development,1859-0020,2632-5330,"[DEVELOPMENT STUDIES, ECONOMICS]"
DEVELOPING ECONOMIES,0012-1533,1746-1049,"[DEVELOPMENT STUDIES, ECONOMICS]"
Annals of Economics and Finance,1529-7373,1529-7373,[ECONOMICS]
World,N/A,2673-4060,[ECONOMICS]
Economic Notes,0391-5026,1468-0300,[ECONOMICS]
Italian Economic Journal,2199-322X,2199-3238,[ECONOMICS]
JOURNAL OF QUANTITATIVE ECONOMICS,0971-1554,2364-1045,[ECONOMICS]
TRIMESTRE ECONOMICO,0041-3011,0041-3011,[ECONOMICS]
Economics and Business Review,2392-1641,2450-0097,[ECONOMICS]
AUSTRALIAN ECONOMIC HISTORY REVIEW,0004-8992,1467-8446,[ECONOMICS]
Revue d Economie Regionale et Urbaine,0180-7307,2107-0865,[ECONOMICS]
Ruch Prawniczy Ekonomiczny i Socjologiczny,0035-9629,2543-9170,[ECONOMICS]
HITOTSUBASHI JOURNAL OF ECONOMICS,0018-280X,2436-097X,[ECONOMICS]
Ekonomika i Matematiceskie Metody-Economics and Mathematical Methods,0424-7388,0424-7388,[ECONOMICS]
Communications in Transportation Research,2772-4247,2772-4247,[TRANSPORTATION]
LAND USE POLICY,0264-8377,1873-5754,[ENVIRONMENTAL STUDIES]
ECOLOGY AND SOCIETY,1708-3087,N/A,"[ECOLOGY, ENVIRONMENTAL STUDIES]"
Regional Environmental Change,1436-3798,1436-378X,[ENVIRONMENTAL STUDIES]
Environmental Education Research,1350-4622,1469-5871,[ENVIRONMENTAL STUDIES]
Environmental Hazards-Human and Policy Dimensions,1747-7891,1878-0059,[ENVIRONMENTAL STUDIES]
Environmental Sociology,2325-1042,2325-1042,[ENVIRONMENTAL STUDIES]
Human Ecology Review,1074-4827,2204-0919,[ENVIRONMENTAL STUDIES]
Pastoralism-Research Policy and Practice,2041-7136,2041-7136,[ENVIRONMENTAL STUDIES]
Consumption and Society,N/A,2752-8499,[ENVIRONMENTAL STUDIES]
AFRICA,0001-9720,1750-0184,[AREA STUDIES]
African Studies Review,0002-0206,1555-2462,[AREA STUDIES]
IDS BULLETIN-INSTITUTE OF DEVELOPMENT STUDIES,0265-5012,1759-5436,"[AREA STUDIES, DEVELOPMENT STUDIES]"
CRITICAL ASIAN STUDIES,1467-2715,1472-6033,[AREA STUDIES]
Journal of Eastern African Studies,1753-1055,1753-1063,[AREA STUDIES]
Iranian Studies,0021-0862,1475-4819,[AREA STUDIES]
China Perspectives,2070-3449,1996-4617,[AREA STUDIES]
Asian Journal of Social Science,1568-4849,1568-5314,[AREA STUDIES]
Journal of Current Southeast Asian Affairs,1868-1034,1868-4882,[AREA STUDIES]
Journal of Contemporary European Research,1815-347X,1815-347X,[AREA STUDIES]
South Asia Research,0262-7280,1741-3141,[AREA STUDIES]
Nordic Journal of African Studies,N/A,1459-9465,[AREA STUDIES]
South Asian Diaspora,1943-8192,1943-8184,[AREA STUDIES]
Boletin Americanista,0520-4100,2014-993X,[AREA STUDIES]
Sibirica-Interdisciplinary journal of Siberian Studies,1361-7362,1476-6787,[AREA STUDIES]
Codrul Cosminului,1224-032X,2067-5860,[AREA STUDIES]
Pampa,1669-3299,2314-0208,[AREA STUDIES]
SOCIAL POLICY & ADMINISTRATION,0144-5596,1467-9515,"[DEVELOPMENT STUDIES, PUBLIC ADMINISTRATION]"
Development Policy Review,0950-6764,1467-7679,[DEVELOPMENT STUDIES]
CANADIAN JOURNAL OF DEVELOPMENT STUDIES-REVUE CANADIENNE D ETUDES DU DEVELOPPEMENT,0225-5189,2158-9100,[DEVELOPMENT STUDIES]
Journal of Development Effectiveness,1943-9342,1943-9407,[DEVELOPMENT STUDIES]
Iberoamerican Journal of Development Studies,2254-2035,2254-2035,[DEVELOPMENT STUDIES]
BIOLOGICAL CONSERVATION,0006-3207,1873-2917,[ECOLOGY]
ECOTOXICOLOGY,0963-9292,1573-3017,[ECOLOGY]
POLAR BIOLOGY,0722-4060,1432-2056,[ECOLOGY]
Regional Studies in Marine Science,2352-4855,2352-4855,[ECOLOGY]
WETLANDS,0277-5212,1943-6246,[ECOLOGY]
JOURNAL OF NATURAL HISTORY,0022-2933,1464-5262,[ECOLOGY]
THEORETICAL POPULATION BIOLOGY,0040-5809,1096-0325,[ECOLOGY]
APPLIED ECOLOGY AND ENVIRONMENTAL RESEARCH,1589-1623,1785-0037,[ECOLOGY]
EVOLUTIONARY ECOLOGY,0269-7653,1573-8477,[ECOLOGY]
Contemporary Problems of Ecology,1995-4255,1995-4263,[ECOLOGY]
Ecosistemas,1697-2473,N/A,[ECOLOGY]
One Ecosystem,N/A,2367-8194,[ECOLOGY]
Vegetation Classification and Survey,2683-0671,2683-0671,[ECOLOGY]
JOURNAL OF URBAN TECHNOLOGY,1063-0732,1466-1853,[URBAN STUDIES]
Brussels Studies,2031-0293,2031-0293,[URBAN STUDIES]
POLICY SCIENCES,0032-2687,1573-0891,[PUBLIC ADMINISTRATION]
ADMINISTRATION & SOCIETY,0095-3997,1552-3039,[PUBLIC ADMINISTRATION]
Policy and Society,1449-4035,1839-3373,[PUBLIC ADMINISTRATION]
POLICY AND POLITICS,0305-5736,1470-8442,[PUBLIC ADMINISTRATION]
JOURNAL OF PUBLIC AFFAIRS EDUCATION,1523-6803,2328-9643,[PUBLIC ADMINISTRATION]
Journal of Public and Nonprofit Affairs,2381-3717,2381-3717,[PUBLIC ADMINISTRATION]
Croatian and Comparative Public Administration,1848-0357,1849-2150,[PUBLIC ADMINISTRATION]
Electronic Government- an International Journal,1740-7494,1740-7508,[PUBLIC ADMINISTRATION]
FOREST SCIENCE,0015-749X,1938-3738,[FORESTRY]
NEW FORESTS,0169-4286,1573-5095,[FORESTRY]
IAWA JOURNAL,0928-1541,2294-1932,[FORESTRY]
Small-Scale Forestry,1873-7617,1873-7854,[FORESTRY]
NETWORKS & SPATIAL ECONOMICS,1566-113X,1572-9427,[OPERATIONS RESEARCH & MANAGEMENT SCIENCE]
International Journal of Industrial Engineering Computations,1923-2926,1923-2934,[OPERATIONS RESEARCH & MANAGEMENT SCIENCE]
Cleaner Logistics and Supply Chain,2772-3909,2772-3909,[OPERATIONS RESEARCH & MANAGEMENT SCIENCE]
Journal of Quality Measurement and Analysis,1823-5670,2600-8602,[OPERATIONS RESEARCH & MANAGEMENT SCIENCE]
JOURNAL OF COMMUNICATION,0021-9916,1460-2466,[COMMUNICATION]
Media and Communication,2183-2439,2183-2439,[COMMUNICATION]
JOURNAL OF APPLIED COMMUNICATION RESEARCH,0090-9882,1479-5752,[COMMUNICATION]
INTERNATIONAL JOURNAL OF PUBLIC OPINION RESEARCH,0954-2892,1471-6909,[COMMUNICATION]
Asian Journal of Communication,0129-2986,1742-0911,[COMMUNICATION]
Communication Culture & Critique,1753-9129,1753-9137,[COMMUNICATION]
Howard Journal of Communications,1064-6175,1096-4649,[COMMUNICATION]
International Journal of Mobile Communications,1470-949X,1741-5217,[COMMUNICATION]
Southern Communication Journal,1041-794X,1930-3203,[COMMUNICATION]
Revista Mediterranea Comunicacion-Journal of Communication,1989-872X,1989-872X,[COMMUNICATION]
Signs and Society,2326-4489,2326-4497,[COMMUNICATION]
Vestnik Moskovskogo universiteta. Seriya 10. Zhurnalistika,0320-8079,0320-8079,[COMMUNICATION]
New Medit,1594-5685,2611-1128,[AGRICULTURAL ECONOMICS & POLICY]
Ekonomika Poljoprivreda-Economics of Agriculture,0352-3462,0352-3462,[AGRICULTURAL ECONOMICS & POLICY]
COMMUNITY MENTAL HEALTH JOURNAL,0010-3853,1573-2789,[HEALTH POLICY & SERVICES]
Zeitschrift fur Evidenz Fortbildung und Qualitaet im Gesundheitswesen,1865-9217,2212-0289,[HEALTH POLICY & SERVICES]
JMIR mHealth and uHealth,2291-5222,2291-5222,[HEALTH CARE SCIENCES & SERVICES]
HEALTH SERVICES RESEARCH,0017-9124,1475-6773,"[HEALTH CARE SCIENCES & SERVICES, HEALTH POLICY & SERVICES]"
JOURNAL OF HEALTH ECONOMICS,0167-6296,1879-1646,"[ECONOMICS, HEALTH CARE SCIENCES & SERVICES, HEALTH POLICY & SERVICES]"
Internet Interventions-The Application of Information Technology in Mental and Behavioural Health,N/A,2214-7829,[HEALTH CARE SCIENCES & SERVICES]
Population Health Management,1942-7891,1942-7905,[HEALTH CARE SCIENCES & SERVICES]
Health Services and Outcomes Research Methodology,1387-3741,1572-9400,[HEALTH CARE SCIENCES & SERVICES]
MDM Policy & Practice,N/A,2381-4683,"[HEALTH CARE SCIENCES & SERVICES, HEALTH POLICY & SERVICES]"
International journal of Health Medicine and Current Research-IJHMCR,2528-4398,2528-3189,[HEALTH CARE SCIENCES & SERVICES]
REVIEW OF FINANCIAL STUDIES,0893-9454,1465-7368,"['BUSINESS, FINANCE', ECONOMICS]"
Research in International Business and Finance,0275-5319,1878-3384,"['BUSINESS, FINANCE']"
Critical Perspectives on Accounting,1045-2354,1095-9955,"['BUSINESS, FINANCE']"
Journal of Business Finance & Accounting,0306-686X,1468-5957,"['BUSINESS, FINANCE']"
Meditari Accountancy Research,2049-372X,2049-3738,"['BUSINESS, FINANCE']"
Journal of Financial Reporting and Accounting,1985-2517,2042-5856,"['BUSINESS, FINANCE']"
FINANCIAL REVIEW,0732-8516,1540-6288,"['BUSINESS, FINANCE']"
Abacus-A Journal of Accounting Finance and Business Studies,0001-3072,1467-6281,"['BUSINESS, FINANCE']"
China Finance Review International,2044-1398,2044-1401,"['BUSINESS, FINANCE']"
JOURNAL OF INFORMATION SYSTEMS,0888-7985,1558-7959,"['BUSINESS, FINANCE']"
Project Leadership and Society,N/A,2666-7215,"[BUSINESS, 'BUSINESS, FINANCE', MANAGEMENT]"
International Finance,1367-0271,1468-2362,"['BUSINESS, FINANCE', ECONOMICS]"
Critical Finance Review,2164-5744,2164-5760,"['BUSINESS, FINANCE']"
Quarterly Journal of Finance,2010-1392,2010-1406,"['BUSINESS, FINANCE']"
INDUSTRIAL MARKETING MANAGEMENT,0019-8501,1873-2062,"[BUSINESS, MANAGEMENT]"
INFORMATION SYSTEMS RESEARCH,1047-7047,1526-5536,[MANAGEMENT]
ORGANIZATIONAL RESEARCH METHODS,1094-4281,1552-7425,[MANAGEMENT]
JOURNAL OF OPERATIONS MANAGEMENT,0272-6963,1873-1317,"[MANAGEMENT, OPERATIONS RESEARCH & MANAGEMENT SCIENCE]"
Tourism Management Perspectives,2211-9736,2211-9744,[MANAGEMENT]
Journal of Innovation & Knowledge,2530-7614,2444-569X,"[BUSINESS, MANAGEMENT]"
Journal of Marketing Management,0267-257X,1472-1376,"[BUSINESS, MANAGEMENT]"
INTERNATIONAL JOURNAL OF MANPOWER,0143-7720,1758-6577,"[INDUSTRIAL RELATIONS & LABOR, MANAGEMENT]"
Research in Transportation Business and Management,2210-5395,2210-5409,"[BUSINESS, MANAGEMENT, TRANSPORTATION]"
Strategic Organization,1476-1270,1741-315X,"[BUSINESS, MANAGEMENT]"
Human Resource Development Quarterly,1044-8004,1532-1096,"[INDUSTRIAL RELATIONS & LABOR, MANAGEMENT]"
Baltic Journal of Management,1746-5265,1746-5273,[MANAGEMENT]
Supply Chain Forum,1625-8312,1624-6039,[MANAGEMENT]
Information Technology & Management,1385-951X,1573-7667,[MANAGEMENT]
RAE-Revista de Administracao de Empresas,0034-7590,2178-938X,"[BUSINESS, MANAGEMENT]"
Marketing and Management of Innovations,2218-4511,2227-6718,[MANAGEMENT]
Academia-Revista Latinoamericana de Administracion,1012-8255,2056-5127,"[BUSINESS, MANAGEMENT]"
Innovation & Management Review,2515-8961,2515-8961,[MANAGEMENT]
International Journal of Knowledge Management,1548-0666,1548-0658,[MANAGEMENT]
Philosophy of Management,1740-3812,2052-9597,[MANAGEMENT]
International Journal of Services Technology and Management,1460-6720,1741-525X,[MANAGEMENT]
International Journal of Information Systems and Supply Chain Management,1935-5726,1935-5734,[MANAGEMENT]
Administracao-Ensino e Pesquisa,2177-6083,2358-0917,[MANAGEMENT]
Asian Journal of Management Cases,0972-8201,0973-0621,[MANAGEMENT]
Vision Gerencial,2477-9547,1317-8822,[MANAGEMENT]
Revista Administracao em Dialogo,2178-0080,2178-0080,[MANAGEMENT]
Revista ENIAC Pesquisa,2316-2341,2316-2341,[MANAGEMENT]
Journal of Retailing and Consumer Services,0969-6989,1873-1384,[BUSINESS]
INTERNATIONAL JOURNAL OF RESEARCH IN MARKETING,0167-8116,1873-8001,[BUSINESS]
Journal of Services Marketing,0887-6045,0887-6045,[BUSINESS]
Journal of Consumer Behaviour,1472-0817,1479-1838,[BUSINESS]
JOURNAL OF PRODUCTIVITY ANALYSIS,0895-562X,1573-0441,"[BUSINESS, ECONOMICS]"
Journal of Marketing Communications,1352-7266,1466-4445,"[BUSINESS, COMMUNICATION]"
International Journal of Innovation Science,1757-2223,1757-2231,[BUSINESS]
Young Consumers,1758-7212,1747-3616,[BUSINESS]
JOURNAL OF CONSUMER POLICY,0168-7034,1573-0700,[BUSINESS]
International Review on Public and Nonprofit Marketing,1865-1984,1865-1992,[BUSINESS]
INTERNATIONAL JOURNAL OF INTERNET MARKETING AND ADVERTISING,1477-5212,1741-8100,[BUSINESS]
American Journal of Business,1935-519X,1935-5181,[BUSINESS]
Gadjah Mada international journal of business,1411-1128,2338-7238,[BUSINESS]
Journal of Philanthropy and Marketing,N/A,2691-1361,[BUSINESS]
International Journal of Business Analytics,2334-4547,2334-4555,[BUSINESS]
Revista Perspectiva Empresarial,2389-8186,2389-8194,[BUSINESS]
PROFESSIONAL GEOGRAPHER,0033-0124,1467-9272,[GEOGRAPHY]
Emotion Space and Society,1755-4586,1878-0040,[GEOGRAPHY]
GEOGRAFISKA ANNALER SERIES B-HUMAN GEOGRAPHY,0435-3684,1468-0467,[GEOGRAPHY]
JOURNAL OF HISTORICAL GEOGRAPHY,0305-7488,1095-8614,[GEOGRAPHY]
Revista de Geografia Norte Grande,0379-8682,0718-3402,[GEOGRAPHY]
Fennia-International Journal of Geography,0015-0010,1798-5617,[GEOGRAPHY]
Geografisk Tidsskrift-Danish Journal of Geography,0016-7223,1903-2471,"[ENVIRONMENTAL STUDIES, GEOGRAPHY]"
STUDIES IN FAMILY PLANNING,0039-3665,1728-4465,[DEMOGRAPHY]
Migration Studies,2049-5838,2049-5846,[DEMOGRAPHY]
Comparative Population Studies,1869-8980,1869-8999,[DEMOGRAPHY]
Central and Eastern European Migration Review,N/A,2300-1682,[DEMOGRAPHY]
Migraciones,1138-5774,2341-0833,[DEMOGRAPHY]
Revista Internacional de Estudios Migratorios,2173-1950,2173-1950,[DEMOGRAPHY]
Race Ethnicity and Education,1361-3324,1470-109X,[ETHNIC STUDIES]
ETHNICITY & HEALTH,1355-7858,1465-3419,[ETHNIC STUDIES]
FOOD POLICY,0306-9192,1873-5657,"[AGRICULTURAL ECONOMICS & POLICY, ECONOMICS]"
Economic Analysis and Policy,0313-5926,0313-5926,[ECONOMICS]
WORK EMPLOYMENT AND SOCIETY,0950-0170,1469-8722,"[ECONOMICS, INDUSTRIAL RELATIONS & LABOR]"
INTERNATIONAL JOURNAL OF INDUSTRIAL ORGANIZATION,0167-7187,1873-7986,[ECONOMICS]
Annual Review of Resource Economics,1941-1340,1941-1359,"[AGRICULTURAL ECONOMICS & POLICY, ECONOMICS, ENVIRONMENTAL STUDIES]"
Journal of Cultural Economy,1753-0350,1753-0369,[ECONOMICS]
Economic Systems,0939-3625,1878-5433,[ECONOMICS]
INTERNATIONAL TAX AND PUBLIC FINANCE,0927-5940,1573-6970,[ECONOMICS]
SINGAPORE ECONOMIC REVIEW,0217-5908,1793-6837,[ECONOMICS]
International Review of Applied Economics,0269-2171,1465-3486,[ECONOMICS]
Economia Politica,1120-2890,1973-820X,[ECONOMICS]
Indian Journal of Labour Economics,0971-7927,0019-5308,"[ECONOMICS, INDUSTRIAL RELATIONS & LABOR]"
International Advances in Economic Research,1083-0898,1573-966X,[ECONOMICS]
Global Economic Review,1226-508X,1744-3873,[ECONOMICS]
Voprosy Ekonomiki,0042-8736,0042-8736,[ECONOMICS]
Studies in Business and Economics,1842-4120,2344-5416,[ECONOMICS]
Review of Regional Studies,0048-749X,1553-0892,[ECONOMICS]
Journal of Korea Trade,N/A,1229-828X,[ECONOMICS]
European Journal of Economics and Economic Policies-Intervention,2052-7764,2052-7772,[ECONOMICS]
Global Economy Journal,2194-5659,1553-5304,[ECONOMICS]
Terra Economicus,2073-6606,2073-6606,[ECONOMICS]
Economics and Business Letters,2254-4380,2254-4380,[ECONOMICS]
China Economic Quarterly International,N/A,2666-9331,[ECONOMICS]
African Review of Economics and Finance-AREF,2042-1478,2410-4906,[ECONOMICS]
Ekonomski Pregled,0424-7558,1848-9494,[ECONOMICS]
International Journal of Applied Behavioral Economics,2160-9802,2160-9810,[ECONOMICS]
Environmental Policy and Governance,1756-932X,1756-9338,[ENVIRONMENTAL STUDIES]
Housing Theory & Society,1403-6096,1651-2278,"[ENVIRONMENTAL STUDIES, URBAN STUDIES]"
Chinese Journal of Population Resources and Environment,2096-9589,2325-4262,[ENVIRONMENTAL STUDIES]
Australasian Journal of Environmental Management,1448-6563,2159-5356,[ENVIRONMENTAL STUDIES]
Environment and Urbanization ASIA,0975-4253,0976-3546,[ENVIRONMENTAL STUDIES]
Psyecology-Bilingual Journal of Environmental Psychology-Revista Bilingue de Psicologia Ambiental,2171-1976,1989-9386,[ENVIRONMENTAL STUDIES]
CHINA QUARTERLY,0305-7410,1468-2648,[AREA STUDIES]
Review of African Political Economy,0305-6244,1740-1720,[AREA STUDIES]
East European Politics,2159-9165,2159-9173,[AREA STUDIES]
Bulletin of Latin American Research,0261-3050,1470-9856,[AREA STUDIES]
Transformation-Critical Perspectives on Southern Africa,0258-7696,1726-1368,[AREA STUDIES]
Africa Spectrum,0002-0397,1868-6869,[AREA STUDIES]
Arab Studies Quarterly,0271-3519,2043-6920,[AREA STUDIES]
Inner Asia,1464-8172,2210-5018,[AREA STUDIES]
Safundi,1753-3171,1543-1304,[AREA STUDIES]
Hallazgos-Revista de Investigaciones,1794-3841,2422-409X,[AREA STUDIES]
Ankara Avrupa Calismalari Dergisi-Ankara Review of European Studies,1303-2518,1303-2518,[AREA STUDIES]
JOURNAL OF PEASANT STUDIES,0306-6150,1743-9361,[DEVELOPMENT STUDIES]
GROWTH AND CHANGE,0017-4815,1468-2257,[DEVELOPMENT STUDIES]
Development in Practice,0961-4524,1364-9213,[DEVELOPMENT STUDIES]
COMMUNITY DEVELOPMENT JOURNAL,0010-3802,1468-2656,[DEVELOPMENT STUDIES]
MARINE ECOLOGY PROGRESS SERIES,0171-8630,1616-1599,[ECOLOGY]
AMERICAN NATURALIST,0003-0147,1537-5323,[ECOLOGY]
JOURNAL OF ANIMAL ECOLOGY,0021-8790,1365-2656,[ECOLOGY]
Biology Letters,1744-9561,1744-957X,[ECOLOGY]
HEREDITY,0018-067X,1365-2540,[ECOLOGY]
ECOLOGICAL RESEARCH,0912-3814,1440-1703,[ECOLOGY]
FLORA,0367-2530,1618-0585,[ECOLOGY]
INTERNATIONAL JOURNAL OF SUSTAINABLE DEVELOPMENT AND WORLD ECOLOGY,1350-4509,1745-2627,[ECOLOGY]
WILDLIFE RESEARCH,1035-3712,1448-5494,[ECOLOGY]
People and Nature,N/A,2575-8314,[ECOLOGY]
ACTA OECOLOGICA-INTERNATIONAL JOURNAL OF ECOLOGY,1146-609X,1873-6238,[ECOLOGY]
Conservation Physiology,2051-1434,2051-1434,[ECOLOGY]
PEDOBIOLOGIA,0031-4056,1873-1511,[ECOLOGY]
WILDLIFE BIOLOGY,0909-6396,1903-220X,[ECOLOGY]
Marine Biology Research,1745-1000,1745-1019,[ECOLOGY]
POLAR RESEARCH,0800-0395,1751-8369,[ECOLOGY]
NEW ZEALAND JOURNAL OF ECOLOGY,0110-6465,1177-7788,[ECOLOGY]
SOUTHEASTERN NATURALIST,1528-7092,1938-5412,[ECOLOGY]
Soil Ecology Letters,2662-2289,2662-2297,[ECOLOGY]
Journal of Wildlife and Biodiversity,N/A,2588-3526,[ECOLOGY]
African Journal of Wildlife Research,2410-7220,2410-8200,[ECOLOGY]
EDUCATION AND URBAN SOCIETY,0013-1245,1552-3535,[URBAN STUDIES]
Urban Research & Practice,1753-5069,1753-5077,[URBAN STUDIES]
ACE-Architecture City and Environment,1886-4805,1886-4805,[URBAN STUDIES]
TRIA-Territorio della Ricerca su Insediamenti e Ambiente,1974-6849,2281-4574,[URBAN STUDIES]
International Public Management Journal,1096-7494,1559-3169,[PUBLIC ADMINISTRATION]
Policy Design and Practice,N/A,2574-1292,[PUBLIC ADMINISTRATION]
Nonprofit Policy Forum,2194-6035,2154-3348,[PUBLIC ADMINISTRATION]
Central European Public Administration Review,2591-2240,2591-2259,[PUBLIC ADMINISTRATION]
TREES-STRUCTURE AND FUNCTION,0931-1890,1432-2285,[FORESTRY]
DENDROCHRONOLOGIA,1125-7865,1612-0051,[FORESTRY]
BALTIC FORESTRY,1392-1355,1392-1355,[FORESTRY]
BOIS ET FORETS DES TROPIQUES,0006-579X,1777-5760,[FORESTRY]
Revista Cubana de Ciencias Forestales,2310-3469,2310-3469,[FORESTRY]
INTERNATIONAL JOURNAL OF PRODUCTION RESEARCH,0020-7543,1366-588X,[OPERATIONS RESEARCH & MANAGEMENT SCIENCE]
ANNALS OF OPERATIONS RESEARCH,0254-5330,1572-9338,[OPERATIONS RESEARCH & MANAGEMENT SCIENCE]
OPTIMIZATION AND ENGINEERING,1389-4420,1573-2924,[OPERATIONS RESEARCH & MANAGEMENT SCIENCE]
APPLIED STOCHASTIC MODELS IN BUSINESS AND INDUSTRY,1524-1904,1526-4025,[OPERATIONS RESEARCH & MANAGEMENT SCIENCE]
MATHEMATICAL METHODS OF OPERATIONS RESEARCH,1432-2994,1432-5217,[OPERATIONS RESEARCH & MANAGEMENT SCIENCE]
Journal of the Operations Research Society of China,2194-668X,2194-6698,[OPERATIONS RESEARCH & MANAGEMENT SCIENCE]
MILITARY OPERATIONS RESEARCH,1082-5983,2163-2758,[OPERATIONS RESEARCH & MANAGEMENT SCIENCE]
Social Media + Society,2056-3051,2056-3051,[COMMUNICATION]
PUBLIC UNDERSTANDING OF SCIENCE,0963-6625,1361-6609,[COMMUNICATION]
JOURNALISM & MASS COMMUNICATION QUARTERLY,1077-6990,2161-430X,[COMMUNICATION]
EUROPEAN JOURNAL OF COMMUNICATION,0267-3231,1460-3705,[COMMUNICATION]
Television & New Media,1527-4764,1552-8316,[COMMUNICATION]
COMMUNICATION QUARTERLY,0146-3373,1746-4102,[COMMUNICATION]
Journal of Communication Management,1363-254X,1478-0852,[COMMUNICATION]
CRITICAL STUDIES IN MEDIA COMMUNICATION,1529-5036,1479-5809,[COMMUNICATION]
Text & Talk,1860-7330,1860-7349,[COMMUNICATION]
Nordicom Review,1403-1108,2001-5119,[COMMUNICATION]
Jurnal Komunikasi-Malaysian Journal of Communication,2289-151X,2289-1528,[COMMUNICATION]
Canadian Journal of Communication,0705-3657,1499-6642,[COMMUNICATION]
JMM-International Journal on Media Management,1424-1277,1424-1250,[COMMUNICATION]
African Journalism Studies,2374-3670,2374-3689,[COMMUNICATION]
Global Media and Communication,1742-7665,1742-7673,[COMMUNICATION]
Communication Teacher,1740-4622,1740-4630,[COMMUNICATION]
Communication Today,1338-130X,1338-130X,[COMMUNICATION]
Index Comunicacion,2444-3239,2174-1859,[COMMUNICATION]
Tripodos,1138-3305,2340-5007,[COMMUNICATION]
Revista Espanola de Comunicacion en Salud,N/A,1989-9882,[COMMUNICATION]
Central European Journal of Communication,1899-5101,1899-5101,[COMMUNICATION]
Revista Internacional de Relaciones Publicas,2174-3681,2174-3681,[COMMUNICATION]
Hipertext Net,N/A,1695-5498,[COMMUNICATION]
Communitas,1023-0556,2415-0525,[COMMUNICATION]
Comunicacion y Hombre,1885-365X,1885-9542,[COMMUNICATION]
International Food and Agribusiness Management Review,1559-2448,1559-2448,[AGRICULTURAL ECONOMICS & POLICY]
Human Resources for Health,N/A,1478-4491,"[HEALTH POLICY & SERVICES, INDUSTRIAL RELATIONS & LABOR]"
WORK AND OCCUPATIONS,0730-8884,1552-8464,[INDUSTRIAL RELATIONS & LABOR]
Global Labour Journal,1918-6711,1918-6711,[INDUSTRIAL RELATIONS & LABOR]
Cuadernos de Relaciones Laborales,1131-8635,1988-2572,[INDUSTRIAL RELATIONS & LABOR]
JOURNAL OF AGING AND HEALTH,0898-2643,1552-6887,[HEALTH POLICY & SERVICES]
Health Systems,2047-6965,2047-6973,[HEALTH POLICY & SERVICES]
International Journal of Health Governance,2059-4631,2059-4631,[HEALTH POLICY & SERVICES]
BMJ Quality & Safety,2044-5415,2044-5423,"[HEALTH CARE SCIENCES & SERVICES, HEALTH POLICY & SERVICES]"
Risk Management and Healthcare Policy,N/A,1179-1594,"[HEALTH CARE SCIENCES & SERVICES, HEALTH POLICY & SERVICES]"
Disability and Health Journal,1936-6574,1876-7583,"[HEALTH CARE SCIENCES & SERVICES, HEALTH POLICY & SERVICES]"
JOURNAL OF MANIPULATIVE AND PHYSIOLOGICAL THERAPEUTICS,0161-4754,N/A,[HEALTH CARE SCIENCES & SERVICES]
Gaceta Sanitaria,0213-9111,1578-1283,"[HEALTH CARE SCIENCES & SERVICES, HEALTH POLICY & SERVICES]"
INTERNATIONAL JOURNAL OF HEALTH SERVICES,0020-7314,1541-4469,"[HEALTH CARE SCIENCES & SERVICES, HEALTH POLICY & SERVICES]"
Journal of Comparative Effectiveness Research,2042-6305,2042-6313,[HEALTH CARE SCIENCES & SERVICES]
Pharmacoeconomics-Open,2509-4262,2509-4254,"[ECONOMICS, HEALTH CARE SCIENCES & SERVICES, HEALTH POLICY & SERVICES]"
Health SA Gesondheid,1025-9848,2071-9736,[HEALTH CARE SCIENCES & SERVICES]
African Journal of Disability,2223-9170,2226-7220,[HEALTH CARE SCIENCES & SERVICES]
Operations Research for Health Care,2211-6923,2211-6923,[HEALTH CARE SCIENCES & SERVICES]
Internet Journal of Allied Health Sciences and Practice,1540-580X,1540-580X,[HEALTH CARE SCIENCES & SERVICES]
International Review of Economics & Finance,1059-0560,1873-8036,"['BUSINESS, FINANCE', ECONOMICS]"
ACCOUNTING ORGANIZATIONS AND SOCIETY,0361-3682,1873-6289,"['BUSINESS, FINANCE']"
Journal of Behavioral and Experimental Finance,2214-6350,2214-6369,"['BUSINESS, FINANCE', ECONOMICS]"
Sustainability Accounting Management and Policy Journal,2040-8021,2040-803X,"['BUSINESS, FINANCE', ENVIRONMENTAL STUDIES, MANAGEMENT]"
Risks,N/A,2227-9091,"['BUSINESS, FINANCE']"
Journal of Islamic Accounting and Business Research,1759-0817,1759-0825,"['BUSINESS, FINANCE']"
Journal of Applied Accounting Research,0967-5426,1758-8855,"['BUSINESS, FINANCE']"
Journal of Public Budgeting Accounting & Financial Management,1096-3367,1945-1814,"['BUSINESS, FINANCE', PUBLIC ADMINISTRATION]"
Qualitative Research in financial Markets,1755-4179,1755-4179,"['BUSINESS, FINANCE']"
Journal of Asset Management,1470-8272,1479-179X,"['BUSINESS, FINANCE']"
Australasian Accounting Business and Finance Journal,1834-2000,1834-2019,"['BUSINESS, FINANCE']"
Review of Behavioral Finance,1940-5979,1940-5987,"['BUSINESS, FINANCE']"
Journal of Computational Finance,1460-1559,1755-2850,"['BUSINESS, FINANCE']"
RISK MANAGEMENT AND INSURANCE REVIEW,1098-1616,1540-6296,"['BUSINESS, FINANCE', ECONOMICS]"
Financial Markets and Portfolio Management,1934-4554,2373-8529,"['BUSINESS, FINANCE']"
Journal of Investment Management,1545-9144,1545-9152,"['BUSINESS, FINANCE']"
Asian Journal of Accounting and Governance,2180-3838,2180-3838,"['BUSINESS, FINANCE']"
De Computis-Revista Espanola de Historia de la Contabilidad,1886-1881,1886-1881,"['BUSINESS, FINANCE']"
Contaduria Universidad de Antioquia,0120-4203,2590-4604,"['BUSINESS, FINANCE']"
Scientific Bulletin of Mukachevo State University-Series Economics,2313-8114,2518-1254,"['BUSINESS, FINANCE']"
OPERATIONS RESEARCH,0030-364X,N/A,"[MANAGEMENT, OPERATIONS RESEARCH & MANAGEMENT SCIENCE]"
SMALL BUSINESS ECONOMICS,0921-898X,1573-0913,"[BUSINESS, ECONOMICS, MANAGEMENT]"
SUPPLY CHAIN MANAGEMENT-AN INTERNATIONAL JOURNAL,1359-8546,1758-6852,"[BUSINESS, MANAGEMENT]"
HUMAN RESOURCE MANAGEMENT REVIEW,1053-4822,1873-7889,[MANAGEMENT]
Journal of Destination Marketing & Management,2212-571X,2212-5752,[MANAGEMENT]
LEADERSHIP & ORGANIZATION DEVELOPMENT JOURNAL,0143-7739,1472-5347,[MANAGEMENT]
GROUP & ORGANIZATION MANAGEMENT,1059-6011,1552-3993,[MANAGEMENT]
International Journal of Logistics-Research and Applications,1367-5567,1469-848X,[MANAGEMENT]
JOURNAL OF FORECASTING,0277-6693,1099-131X,"[ECONOMICS, MANAGEMENT]"
Journal of Family Business Strategy,1877-8585,1877-8593,"[BUSINESS, MANAGEMENT]"
International Journal of Public Sector Management,0951-3558,1758-6666,"[MANAGEMENT, PUBLIC ADMINISTRATION]"
Academy of Management Discoveries,N/A,2168-1007,[MANAGEMENT]
Journal of Modelling in Management,1746-5664,1746-5672,[MANAGEMENT]
Journal of Advances in Management Research,0972-7981,2049-3207,[MANAGEMENT]
European Journal of International Management,1751-6757,1751-6765,[MANAGEMENT]
INTERNATIONAL STUDIES OF MANAGEMENT & ORGANIZATION,0020-8825,1558-0911,[MANAGEMENT]
Team Performance Management,1352-7592,1758-6860,[MANAGEMENT]
Journal of Corporate Real Estate,1463-001X,1479-1048,[MANAGEMENT]
Journal of Innovation Economics & Management,N/A,2032-5355,[MANAGEMENT]
Foresight and STI Governance,1995-459X,2500-2597,"[ECONOMICS, MANAGEMENT]"
Business Management and Economics Engineering,2669-2481,2669-249X,"[BUSINESS, ECONOMICS, MANAGEMENT]"
Revista CICAG,1856-6189,1856-6189,[MANAGEMENT]
MARKETING SCIENCE,0732-2399,1526-548X,[BUSINESS]
Cogent Business & Management,2331-1975,2331-1975,[BUSINESS]
European Business Review,0955-534X,1758-7107,[BUSINESS]
EMERGING MARKETS FINANCE AND TRADE,1540-496X,1558-0938,"[BUSINESS, ECONOMICS]"
Journal of International Business Policy,2522-0691,2522-0705,[BUSINESS]
Journal of Global Marketing,0891-1762,1528-6975,[BUSINESS]
JOURNAL OF BUSINESS AND TECHNICAL COMMUNICATION,1050-6519,1552-4574,"[BUSINESS, COMMUNICATION]"
International Journal of Innovation,2318-9975,2318-9975,[BUSINESS]
Accounting History Review,2155-2851,2155-286X,[BUSINESS]
Landscape Research,0142-6397,1469-9710,"[ENVIRONMENTAL STUDIES, GEOGRAPHY]"
GLOBAL NETWORKS-A JOURNAL OF TRANSNATIONAL AFFAIRS,1470-2266,1471-0374,[GEOGRAPHY]
TIJDSCHRIFT VOOR ECONOMISCHE EN SOCIALE GEOGRAFIE,0040-747X,1467-9663,"[ECONOMICS, GEOGRAPHY]"
Dialogues in Human Geography,2043-8206,2043-8214,[GEOGRAPHY]
Annals of GIS,1947-5683,1947-5691,[GEOGRAPHY]
Geo-Geography and Environment,2054-4049,2054-4049,[GEOGRAPHY]
Geohumanities,2373-566X,2373-5678,[GEOGRAPHY]
Regional Statistics,2063-9538,2064-8243,[GEOGRAPHY]
Finisterra-Revista Portuguesa de Geografia,0430-5027,2182-2905,[GEOGRAPHY]
Journal of Urban and Regional Analysis,2067-4082,2068-9969,[GEOGRAPHY]
Geografares,2175-3709,2175-3709,[GEOGRAPHY]
Entorno Geografico,1692-0074,2382-3518,[GEOGRAPHY]
Asian Population Studies,1744-1730,1744-1749,[DEMOGRAPHY]
BLACK SCHOLAR,0006-4246,2162-5387,[ETHNIC STUDIES]
Journal of African American Studies,1559-1646,1936-4741,[ETHNIC STUDIES]
Identidade,2178-437X,2178-437X,[ETHNIC STUDIES]
American Economic Journal-Economic Policy,1945-7731,1945-774X,[ECONOMICS]
JCMS-Journal of Common Market Studies,0021-9886,1468-5965,[ECONOMICS]
Annual Review of Economics,1941-1383,1941-1391,[ECONOMICS]
Socio-Economic Review,1475-1461,1475-147X,[ECONOMICS]
LAND ECONOMICS,0023-7639,1543-8325,"[ECONOMICS, ENVIRONMENTAL STUDIES]"
Technological and Economic Development of Economy,2029-4913,2029-4921,[ECONOMICS]
Economic Change and Restructuring,1573-9414,1574-0277,[ECONOMICS]
Journal of Agrarian Change,1471-0358,1471-0366,"[DEVELOPMENT STUDIES, ECONOMICS]"
MANCHESTER SCHOOL,1463-6786,1467-9957,[ECONOMICS]
Journal of Economics,0931-8658,1617-7134,[ECONOMICS]
HISTORY OF POLITICAL ECONOMY,0018-2702,1527-1919,[ECONOMICS]
Journal of Applied Economics,1514-0326,1667-6726,[ECONOMICS]
REVIEW OF SOCIAL ECONOMY,0034-6764,1470-1162,[ECONOMICS]
Baltic Journal of Economic Studies,2256-0742,2256-0963,[ECONOMICS]
SCANDINAVIAN ECONOMIC HISTORY REVIEW,0358-5522,1750-2837,[ECONOMICS]
REVUE D ECONOMIE POLITIQUE,0373-2630,2105-2883,[ECONOMICS]
Review of Regional Research-Jahrbuch fur Regionalwissenschaft,0173-7600,1613-9836,[ECONOMICS]
Zbornik Radova Ekonomskog Fakulteta u Rijeci-Proceedings of Rijeka Faculty of Economics,1331-8004,1846-7520,[ECONOMICS]
Journal of Chinese Economic and Foreign Trade Studies,1754-4408,1754-4416,[ECONOMICS]
Agricultural and Resource Economics-International Scientific E-Journal,N/A,2414-584X,"[AGRICULTURAL ECONOMICS & POLICY, ECONOMICS]"
Oeconomia-History Methodology Philosophy,2113-5207,2269-8450,[ECONOMICS]
Ekonomska Misao i Praksa-Economic Thought and Practice,1330-1039,1848-963X,[ECONOMICS]
Journal of Philosophical Economics,1843-2298,1844-8208,[ECONOMICS]
Turkish Journal of Islamic Economics-TUJISE,N/A,2587-232X,[ECONOMICS]
Ekonomista,0013-3205,2299-6184,[ECONOMICS]
European Transport Research Review,1867-0717,1866-8887,[TRANSPORTATION]
Journal of Transportation Safety & Security,1943-9962,1943-9970,[TRANSPORTATION]
Journal of Eta Maritime Science,N/A,2148-9386,[TRANSPORTATION]
Regional Sustainability,2097-0129,2666-660X,[ENVIRONMENTAL STUDIES]
Case Studies in the Environment,2473-9510,2473-9510,[ENVIRONMENTAL STUDIES]
Revista Eletronica em Gestao Educacao e Tecnologia Ambiental,2236-1170,2236-1170,[ENVIRONMENTAL STUDIES]
JOURNAL OF CONTEMPORARY ASIA,0047-2336,1752-7554,[AREA STUDIES]
PACIFIC REVIEW,0951-2748,1470-1332,[AREA STUDIES]
Journal of Contemporary African Studies,0258-9001,1469-9397,[AREA STUDIES]
Journal of the Indian Ocean Region,1948-0881,1948-108X,[AREA STUDIES]
GERMAN STUDIES REVIEW,0149-7952,2164-8646,[AREA STUDIES]
Digest of Middle East Studies,1060-4367,1949-3606,[AREA STUDIES]
Comparative Southeast European Studies,2701-8199,2701-8202,[AREA STUDIES]
Studi irlandesi-A Journal of Irish Studies,2239-3978,2239-3978,[AREA STUDIES]
THIRD WORLD QUARTERLY,0143-6597,1360-2241,[DEVELOPMENT STUDIES]
Indian Growth and Development Review,1753-8254,1753-8262,[DEVELOPMENT STUDIES]
Journal of Sport for Development,2330-0574,2330-0574,[DEVELOPMENT STUDIES]
ISME Journal,1751-7362,1751-7370,[ECOLOGY]
Nature Ecology & Evolution,2397-334X,2397-334X,[ECOLOGY]
JOURNAL OF EVOLUTIONARY BIOLOGY,1010-061X,1420-9101,[ECOLOGY]
BIOTROPICA,0006-3606,1744-7429,[ECOLOGY]
PLANT ECOLOGY,1385-0237,1573-5052,"[ECOLOGY, FORESTRY]"
Frontiers in Forests and Global Change,N/A,2624-893X,"[ECOLOGY, FORESTRY]"
Fungal Ecology,1754-5048,1878-0083,[ECOLOGY]
Theoretical Ecology,1874-1738,1874-1746,[ECOLOGY]
Landscape and Ecological Engineering,1860-1871,1860-188X,[ECOLOGY]
PLANT SPECIES BIOLOGY,0913-557X,1442-1984,[ECOLOGY]
NORTHEASTERN NATURALIST,1092-6194,1938-5307,[ECOLOGY]
Frontiers in Conservation Science,N/A,2673-611X,[ECOLOGY]
Ecological Restoration,1543-4060,1543-4079,[ECOLOGY]
Ecological Questions,1644-7298,2083-5469,[ECOLOGY]
Biosystems Diversity,2519-8513,2520-2529,[ECOLOGY]
Israel Journal of Ecology & Evolution,1565-9801,2224-4662,[ECOLOGY]
Neotropical Biodiversity,N/A,2376-6808,[ECOLOGY]
Tropics,0917-415X,1882-5729,[ECOLOGY]
Chinese Journal of Urban and Environmental Studies,2345-7481,2345-752X,[URBAN STUDIES]
International Journal of Knowledge-Based Development,2040-4468,2040-4476,[URBAN STUDIES]
Public Performance & Management Review,1530-9576,1557-9271,[PUBLIC ADMINISTRATION]
Opera-Colombia,1657-8651,2346-2159,[PUBLIC ADMINISTRATION]
CANADIAN JOURNAL OF FOREST RESEARCH,0045-5067,1208-6037,[FORESTRY]
ANNALS OF FOREST SCIENCE,1286-4560,1297-966X,[FORESTRY]
SCANDINAVIAN JOURNAL OF FOREST RESEARCH,0282-7581,1651-1891,[FORESTRY]
SILVA FENNICA,0037-5330,2242-4075,[FORESTRY]
FOREST PRODUCTS JOURNAL,0015-7473,0015-7473,[FORESTRY]
Cerne,0104-7760,N/A,[FORESTRY]
Scientia Forestalis,1413-9324,1413-9324,[FORESTRY]
Southern Forests-A Journal of Forest Science,2070-2620,2070-2639,[FORESTRY]
NETWORKS,0028-3045,1097-0037,[OPERATIONS RESEARCH & MANAGEMENT SCIENCE]
INFORMS JOURNAL ON COMPUTING,1091-9856,1526-5528,[OPERATIONS RESEARCH & MANAGEMENT SCIENCE]
Mathematical Programming Computation,1867-2949,1867-2957,[OPERATIONS RESEARCH & MANAGEMENT SCIENCE]
Fuzzy Optimization and Decision Making,1568-4539,1573-2908,[OPERATIONS RESEARCH & MANAGEMENT SCIENCE]
International Journal of Management Science and Engineering Management,1750-9653,1750-9661,[OPERATIONS RESEARCH & MANAGEMENT SCIENCE]
INFOR,0315-5986,1916-0615,[OPERATIONS RESEARCH & MANAGEMENT SCIENCE]
Studies in Informatics and Control,1220-1766,N/A,[OPERATIONS RESEARCH & MANAGEMENT SCIENCE]
Journalism Studies,1461-670X,1469-9699,[COMMUNICATION]
HUMAN COMMUNICATION RESEARCH,0360-3989,1468-2958,[COMMUNICATION]
Internet Policy Review,2197-6775,2197-6775,[COMMUNICATION]
Psychology of Popular Media,2689-6567,2689-6575,[COMMUNICATION]
Womens Studies in Communication,0749-1409,2152-999X,[COMMUNICATION]
TRIPLEC-Communication Capitalism & Critique,1726-670X,1726-670X,[COMMUNICATION]
Media History,1368-8804,1469-9729,[COMMUNICATION]
Revista de Comunicacion-Peru,1684-0933,2227-1465,[COMMUNICATION]
International Journal of Media & Cultural Politics,1740-8296,2040-0918,[COMMUNICATION]
Electronic News,1931-2431,1931-244X,[COMMUNICATION]
Journal of Argumentation in Context,2211-4742,2211-4750,[COMMUNICATION]
Austral Comunicacion,2313-9129,2313-9137,[COMMUNICATION]
Tijdschrift voor Communicatiewetenschap,1384-6930,1875-7286,[COMMUNICATION]
Connectist-Istanbul University Journal of Communication Sciences,N/A,2636-8943,[COMMUNICATION]
Zagadnienia Ekonomiki Rolnej,0044-1600,2392-3458,[AGRICULTURAL ECONOMICS & POLICY]
Research on World Agricultural Economy,2737-4777,2737-4785,[AGRICULTURAL ECONOMICS & POLICY]
INTERNATIONAL LABOR AND WORKING-CLASS HISTORY,0147-5479,1471-6445,[INDUSTRIAL RELATIONS & LABOR]
JOURNAL OF HEALTH CARE FOR THE POOR AND UNDERSERVED,1049-2089,1548-6869,[HEALTH POLICY & SERVICES]
Journal of Pediatric Health Care,0891-5245,1532-656X,[HEALTH POLICY & SERVICES]
PSYCHOLOGY PUBLIC POLICY AND LAW,1076-8971,1939-1528,[HEALTH POLICY & SERVICES]
Journal of Health Organization and Management,1477-7266,1758-7247,[HEALTH POLICY & SERVICES]
Health Economics Policy and Law,1744-1331,1744-134X,[HEALTH POLICY & SERVICES]
Journal of Mental Health Policy and Economics,1091-4358,1099-176X,[HEALTH POLICY & SERVICES]
Sahara J-Journal of Social Aspects of HIV-AIDS,1729-0376,1813-4424,[HEALTH POLICY & SERVICES]
JOURNAL OF MEDICAL ECONOMICS,1369-6998,1941-837X,[HEALTH CARE SCIENCES & SERVICES]
Lancet Regional Health-Americas,2667-193X,2667-193X,[HEALTH CARE SCIENCES & SERVICES]
Simulation in Healthcare-Journal of the Society for Simulation in Healthcare,1559-2332,1559-713X,[HEALTH CARE SCIENCES & SERVICES]
Perspectives on Medical Education,2212-2761,2212-277X,[HEALTH CARE SCIENCES & SERVICES]
Australian Journal of Primary Health,1448-7527,1836-7399,"[HEALTH CARE SCIENCES & SERVICES, HEALTH POLICY & SERVICES]"
Value in Health Regional Issues,2212-1099,2212-1099,"[HEALTH CARE SCIENCES & SERVICES, HEALTH POLICY & SERVICES]"
Journal of Healthcare Informatics Research,2509-4971,2509-498X,[HEALTH CARE SCIENCES & SERVICES]
JOURNAL OF THE HISTORY OF MEDICINE AND ALLIED SCIENCES,0022-5045,1468-4373,[HEALTH CARE SCIENCES & SERVICES]
Professional Case Management,1932-8087,1932-8095,[HEALTH CARE SCIENCES & SERVICES]
African Journal of Health Professions Education,2078-5127,2078-5127,[HEALTH CARE SCIENCES & SERVICES]
Journal of Basic and Clinical Health Sciences,2458-8938,2564-7288,[HEALTH CARE SCIENCES & SERVICES]
Journal of Empirical Finance,0927-5398,1879-1727,"['BUSINESS, FINANCE', ECONOMICS]"
Managerial Auditing Journal,0268-6902,1758-7735,"['BUSINESS, FINANCE', MANAGEMENT]"
JOURNAL OF FINANCIAL RESEARCH,0270-2592,1475-6803,"['BUSINESS, FINANCE']"
Journal of Pension Economics & Finance,1474-7472,1475-3022,"['BUSINESS, FINANCE', ECONOMICS]"
Asian Journal of Business and Accounting,1985-4064,2180-3137,"['BUSINESS, FINANCE']"
Asian Academy of Management Journal of Accounting and Finance,1823-4992,2180-4192,"['BUSINESS, FINANCE']"
Ekonomi Politika & Finans Arastirmalari Dergisi,N/A,2587-151X,"['BUSINESS, FINANCE', ECONOMICS]"
JOURNAL OF ORGANIZATIONAL BEHAVIOR,0894-3796,1099-1379,"[BUSINESS, MANAGEMENT]"
Corporate Social Responsibility and Environmental Management,1535-3958,1535-3966,"[BUSINESS, ENVIRONMENTAL STUDIES, MANAGEMENT]"
HUMAN RELATIONS,0018-7267,1741-282X,[MANAGEMENT]
INTERNATIONAL JOURNAL OF OPERATIONS & PRODUCTION MANAGEMENT,0144-3577,1758-6593,[MANAGEMENT]
Public Management Review,1471-9037,1471-9045,"[MANAGEMENT, PUBLIC ADMINISTRATION]"
R & D MANAGEMENT,0033-6807,1467-9310,"[BUSINESS, MANAGEMENT]"
International Journal of Construction Management,1562-3599,2331-2327,[MANAGEMENT]
International Journal of Innovation Management,1363-9196,1757-5877,[MANAGEMENT]
Cornell Hospitality Quarterly,1938-9655,1938-9663,[MANAGEMENT]
Management Communication Quarterly,0893-3189,1552-6798,"[COMMUNICATION, MANAGEMENT]"
Disaster Prevention and Management,0965-3562,1758-6100,"[ENVIRONMENTAL STUDIES, MANAGEMENT]"
Journal of Service Theory and Practice,2055-6225,2055-6225,"[BUSINESS, MANAGEMENT]"
JOURNAL OF CHANGE MANAGEMENT,1469-7017,1479-1811,[MANAGEMENT]
Journal of Management Analytics,2327-0012,2327-0039,"[BUSINESS, MANAGEMENT]"
Knowledge and Process Management,1092-4604,1099-1441,[MANAGEMENT]
Property Management,0263-7472,1758-731X,[MANAGEMENT]
Journal of Organization Design,N/A,2245-408X,"[BUSINESS, MANAGEMENT]"
Digital Business,N/A,2666-9544,"[BUSINESS, MANAGEMENT]"
Management-Journal of Contemporary Management Issues,1331-0194,1846-3363,[MANAGEMENT]
International Journal of Human Capital and Information Technology Professionals,1947-3478,1947-3486,[MANAGEMENT]
RISUS-Journal on Innovation and Sustainability,2179-3565,2179-3565,[MANAGEMENT]
Rossiiskii Zhurnal Menedzhmenta-Russian Management Journal,1729-7427,2618-6977,[MANAGEMENT]
JOURNAL OF MARKETING,0022-2429,1547-7185,[BUSINESS]
JOURNAL OF ENVIRONMENTAL ECONOMICS AND MANAGEMENT,0095-0696,1096-0449,"[BUSINESS, ECONOMICS, ENVIRONMENTAL STUDIES]"
JOURNAL OF CONSUMER PSYCHOLOGY,1057-7408,1532-7663,[BUSINESS]
JOURNAL OF SERVICE RESEARCH,1094-6705,1552-7379,[BUSINESS]
International Journal of Bank Marketing,0265-2323,1758-5937,[BUSINESS]
JOURNAL OF CONSUMER MARKETING,0736-3761,2052-1200,[BUSINESS]
Journal of Macromarketing,0276-1467,1552-6534,[BUSINESS]
Business Strategy and Development,N/A,2572-3170,"[BUSINESS, ENVIRONMENTAL STUDIES]"
Business Ethics the Environment & Responsibility,2694-6416,2694-6424,[BUSINESS]
Revista Brasileira de Marketing,2177-5184,2177-5184,[BUSINESS]
EuroMed Journal of Business,1450-2194,1758-888X,[BUSINESS]
BUSINESS AND SOCIETY REVIEW,0045-3609,1467-8594,[BUSINESS]
Journal of Entrepreneurship Management and Innovation,2299-7075,2299-7326,[BUSINESS]
Foundations and Trends in Entrepreneurship,1551-3114,1551-3122,[BUSINESS]
Revista de Historia Industrial,1132-7200,2385-3247,"[BUSINESS, ECONOMICS]"
Journal of Inter-Organizational Relationships,2694-3980,2694-3999,[BUSINESS]
Journal of Transport Geography,0966-6923,1873-1236,"[ECONOMICS, GEOGRAPHY, TRANSPORTATION]"
Environment and Planning A-Economy and Space,0308-518X,1472-3409,"[ENVIRONMENTAL STUDIES, GEOGRAPHY]"
ECONOMIC GEOGRAPHY,0013-0095,1944-8287,"[ECONOMICS, GEOGRAPHY]"
Annals of the American Association of Geographers,2469-4452,2469-4460,[GEOGRAPHY]
SOCIAL & CULTURAL GEOGRAPHY,1464-9365,1470-1197,[GEOGRAPHY]
EURASIAN GEOGRAPHY AND ECONOMICS,1538-7216,1938-2863,"[AREA STUDIES, GEOGRAPHY]"
SCOTTISH GEOGRAPHICAL JOURNAL,1470-2541,1751-665X,[GEOGRAPHY]
South African Geographical Journal,0373-6245,2151-2418,[GEOGRAPHY]
Asian Geographer,1022-5706,2158-1762,[GEOGRAPHY]
Shima-The International Journal of Research into Island Cultures,1834-6049,1834-6057,[GEOGRAPHY]
Estudios Fronterizos,0187-6961,2395-9134,[GEOGRAPHY]
GeoScape,1802-1115,1802-1115,[GEOGRAPHY]
Espace Politique,1958-5500,1958-5500,[GEOGRAPHY]
Estudios Socioterritoriales,1515-6206,1853-4392,[GEOGRAPHY]
Journal of Immigrant & Refugee Studies,1556-2948,1556-2956,"[DEMOGRAPHY, ETHNIC STUDIES]"
Frontiers in Human Dynamics,N/A,2673-2726,[DEMOGRAPHY]
Poblacion y Salud en Mesoamerica,1659-0201,1659-0201,[DEMOGRAPHY]
Alternative-An International Journal of Indigenous Peoples,1177-1801,1174-1740,[ETHNIC STUDIES]
Journal of Chinese Overseas,1793-0391,1793-2548,[ETHNIC STUDIES]
JOURNAL OF PUBLIC ECONOMICS,0047-2727,0047-2727,[ECONOMICS]
APPLIED ECONOMICS,0003-6846,1466-4283,[ECONOMICS]
AMERICAN JOURNAL OF AGRICULTURAL ECONOMICS,0002-9092,1467-8276,"[AGRICULTURAL ECONOMICS & POLICY, ECONOMICS]"
Tourism Economics,1354-8166,2044-0375,[ECONOMICS]
ENERGY JOURNAL,0195-6574,1944-9089,"[ECONOMICS, ENVIRONMENTAL STUDIES]"
JOURNAL OF ECONOMIC GROWTH,1381-4338,1573-7020,[ECONOMICS]
JOURNAL OF MACROECONOMICS,0164-0704,1873-152X,[ECONOMICS]
EXPLORATIONS IN ECONOMIC HISTORY,0014-4983,1090-2457,[ECONOMICS]
Journal of Economic Policy Reform,1748-7870,1748-7889,"[DEVELOPMENT STUDIES, ECONOMICS]"
Cepal Review,0251-2920,1684-0348,[ECONOMICS]
American Journal of Health Economics,2332-3493,2332-3507,"[ECONOMICS, HEALTH POLICY & SERVICES]"
Journal of Economic Interaction and Coordination,1860-711X,1860-7128,[ECONOMICS]
Portuguese Economic Journal,1617-982X,1617-9838,[ECONOMICS]
EKONOMICKY CASOPIS,0013-3035,0013-3035,[ECONOMICS]
Organizations and Markets in Emerging Economies,2029-4581,2345-0037,[ECONOMICS]
Malaysian Journal of Economic Studies,1511-4554,1511-4554,[ECONOMICS]
Journal of Economics Race and Policy,2520-8411,2520-842X,[ECONOMICS]
Ekonomia i Prawo-Economics and Law,1898-2255,2392-1625,[ECONOMICS]
Seoul Journal of Economics,1225-0279,1225-0279,[ECONOMICS]
Economists Voice,2194-6167,1553-3832,[ECONOMICS]
Revista Economia,0254-4415,2304-4306,[ECONOMICS]
Japanese Political Economy,2329-194X,2329-1958,[ECONOMICS]
History of Economics Review,1037-0196,1838-6318,[ECONOMICS]
ACCIDENT ANALYSIS AND PREVENTION,0001-4575,1879-2057,[TRANSPORTATION]
JOURNAL OF ENVIRONMENTAL PSYCHOLOGY,0272-4944,1522-9610,[ENVIRONMENTAL STUDIES]
Anthropocene Review,2053-0196,2053-020X,[ENVIRONMENTAL STUDIES]
PLOS Climate,N/A,2767-3200,[ENVIRONMENTAL STUDIES]
Cleaner and Responsible Consumption,2666-7843,2666-7843,[ENVIRONMENTAL STUDIES]
INTERNATIONAL JOURNAL OF GLOBAL ENERGY ISSUES,0954-7118,1741-5128,[ENVIRONMENTAL STUDIES]
ASIAN SURVEY,0004-4687,1533-838X,[AREA STUDIES]
JOURNAL OF MODERN AFRICAN STUDIES,0022-278X,1469-7777,[AREA STUDIES]
MODERN CHINA,0097-7004,1552-6836,[AREA STUDIES]
Comparative Studies of South Asia Africa and the Middle East,1089-201X,1548-226X,[AREA STUDIES]
MIDDLE EAST POLICY,1061-1924,1475-4967,[AREA STUDIES]
Asia-Pacific Journal-Japan Focus,1557-4660,1557-4660,[AREA STUDIES]
Millennial Asia,0976-3996,2321-7081,[AREA STUDIES]
Baltic Region,2079-8555,2310-0524,[AREA STUDIES]
Eastern Journal of European Studies,2068-651X,2068-6633,[AREA STUDIES]
Region,2166-4307,2165-0659,[AREA STUDIES]
Contemporary Europe-Sovremennaya Evropa,0201-7083,0201-7083,[AREA STUDIES]
Contemporary Review of the Middle East,2347-7989,2349-0055,[AREA STUDIES]
Caucasus Survey,2376-1199,2376-1202,[AREA STUDIES]
Seoul Journal of Korean Studies,1225-0201,2331-4826,[AREA STUDIES]
Oxford Development Studies,1360-0818,1469-9966,[DEVELOPMENT STUDIES]
Journal of Human Development and Capabilities,1945-2829,1945-2837,[DEVELOPMENT STUDIES]
Area Development and Policy,2379-2949,2379-2957,[DEVELOPMENT STUDIES]
TRENDS IN ECOLOGY & EVOLUTION,0169-5347,1872-8383,[ECOLOGY]
JOURNAL OF ECOLOGY,0022-0477,1365-2745,[ECOLOGY]
ECOLOGICAL APPLICATIONS,1051-0761,1939-5582,[ECOLOGY]
Molecular Ecology Resources,1755-098X,1755-0998,[ECOLOGY]
Ecosphere,2150-8925,2150-8925,[ECOLOGY]
ANIMAL CONSERVATION,1367-9430,1469-1795,[ECOLOGY]
Journal of Plant Ecology,1752-9921,1752-993X,"[ECOLOGY, FORESTRY]"
WESTERN NORTH AMERICAN NATURALIST,1527-0904,1944-8341,[ECOLOGY]
South of Russia-Ecology Development,1992-1098,2413-0958,[ECOLOGY]
Planning Theory & Practice,1464-9357,1470-000X,[URBAN STUDIES]
JOURNAL OF CONTEMPORARY ETHNOGRAPHY,0891-2416,1552-5414,[URBAN STUDIES]
Revista INVI,0718-1299,0718-8358,[URBAN STUDIES]
AMERICAN REVIEW OF PUBLIC ADMINISTRATION,0275-0740,1552-3357,[PUBLIC ADMINISTRATION]
Journal of Public Affairs,1472-3891,1479-1854,[PUBLIC ADMINISTRATION]
CANADIAN PUBLIC ADMINISTRATION-ADMINISTRATION PUBLIQUE DU CANADA,0008-4840,1754-7121,[PUBLIC ADMINISTRATION]
Public Budgeting and Finance,0275-1100,1540-5850,[PUBLIC ADMINISTRATION]
Journal of Judicial Administration,1036-7918,1036-7918,[PUBLIC ADMINISTRATION]
JOURNAL OF TROPICAL FOREST SCIENCE,0128-1283,2521-9847,[FORESTRY]
Sylwan,0039-7660,N/A,[FORESTRY]
Journal of Forest Science,1212-4834,1805-935X,[FORESTRY]
Central European Forestry Journal,2454-034X,2454-0358,[FORESTRY]
Advances in Bamboo Science,N/A,2773-1391,[FORESTRY]
Lesnoy Zhurnal-Forestry Journal,0536-1036,0536-1036,[FORESTRY]
EXPERT SYSTEMS WITH APPLICATIONS,0957-4174,1873-6793,[OPERATIONS RESEARCH & MANAGEMENT SCIENCE]
RELIABILITY ENGINEERING & SYSTEM SAFETY,0951-8320,1879-0836,[OPERATIONS RESEARCH & MANAGEMENT SCIENCE]
Discrete Optimization,1572-5286,1873-636X,[OPERATIONS RESEARCH & MANAGEMENT SCIENCE]
EURO Journal on Computational Optimization,2192-4406,2192-4414,[OPERATIONS RESEARCH & MANAGEMENT SCIENCE]
International Journal of Knowledge and Systems Science,1947-8208,1947-8216,[OPERATIONS RESEARCH & MANAGEMENT SCIENCE]
SCIENCE COMMUNICATION,1075-5470,1552-8545,[COMMUNICATION]
International Journal of Press-Politics,1940-1612,1940-1620,[COMMUNICATION]
JCOM-Journal of Science Communication,1824-2049,1824-2049,[COMMUNICATION]
Cyberpsychology-Journal of Psychosocial Research on Cyberspace,1802-7962,1802-7962,[COMMUNICATION]
IEEE TRANSACTIONS ON PROFESSIONAL COMMUNICATION,0361-1434,1558-1500,[COMMUNICATION]
JAVNOST-THE PUBLIC,1318-3222,1854-8377,[COMMUNICATION]
Revista Icono 14-Revista Cientifica de Comunicacion y Tecnologias,1697-8293,1697-8293,[COMMUNICATION]
Comunicacion y Sociedad-Guadalajara,0188-252X,2448-9042,[COMMUNICATION]
IC-Revista Cientifica de Informacion y Comunicacion,1696-2508,2173-1071,[COMMUNICATION]
Dixit,1688-3497,0797-3691,[COMMUNICATION]
Scientific Papers-Series Management Economic Engineering in Agriculture and Rural Development,2284-7995,2285-3952,[AGRICULTURAL ECONOMICS & POLICY]
Economia Agro-alimentare,1126-1668,1972-4802,[AGRICULTURAL ECONOMICS & POLICY]
MONTHLY LABOR REVIEW,0098-1818,1937-4658,[INDUSTRIAL RELATIONS & LABOR]
INDUSTRIAL RELATIONS JOURNAL,0019-8692,1468-2338,[INDUSTRIAL RELATIONS & LABOR]
PSYCHIATRIC SERVICES,1075-2730,1557-9700,[HEALTH POLICY & SERVICES]
Health Systems & Reform,2328-8604,2328-8620,[HEALTH POLICY & SERVICES]
Health Services Management Research,0951-4848,1758-1044,[HEALTH POLICY & SERVICES]
ACADEMIC MEDICINE,1040-2446,1938-808X,[HEALTH CARE SCIENCES & SERVICES]
HEALTH AFFAIRS,0278-2715,0278-2715,"[HEALTH CARE SCIENCES & SERVICES, HEALTH POLICY & SERVICES]"
JMIR Research Protocols,1929-0748,1929-0748,[HEALTH CARE SCIENCES & SERVICES]
Implementation Science Communications,N/A,2662-2211,"[HEALTH CARE SCIENCES & SERVICES, HEALTH POLICY & SERVICES]"
JOURNAL OF CONTINUING EDUCATION IN THE HEALTH PROFESSIONS,0894-1912,1554-558X,[HEALTH CARE SCIENCES & SERVICES]
Current Opinion in Supportive and Palliative Care,1751-4258,1751-4266,[HEALTH CARE SCIENCES & SERVICES]
JBI Evidence Implementation,2691-3321,2691-3321,[HEALTH CARE SCIENCES & SERVICES]
Biomedical Human Kinetics,0043-9630,2080-2234,[HEALTH CARE SCIENCES & SERVICES]
Health Care Science,2771-1749,2771-1757,[HEALTH CARE SCIENCES & SERVICES]
Journal of Hospital Management and Health Policy,2523-2533,2523-2533,[HEALTH CARE SCIENCES & SERVICES]
JOURNAL OF ACCOUNTING & ECONOMICS,0165-4101,1879-1980,"['BUSINESS, FINANCE', ECONOMICS]"
Emerging Markets Review,1566-0141,1873-6173,"['BUSINESS, FINANCE', ECONOMICS]"
WORLD BANK ECONOMIC REVIEW,0258-6770,1564-698X,"['BUSINESS, FINANCE', DEVELOPMENT STUDIES, ECONOMICS]"
Review of Financial Economics,1058-3300,1873-5924,"['BUSINESS, FINANCE']"
International Journal of Managerial and Financial Accounting,1753-6715,1753-6723,"['BUSINESS, FINANCE']"
FINANCE A UVER-CZECH JOURNAL OF ECONOMICS AND FINANCE,0015-1920,0015-1920,"['BUSINESS, FINANCE']"
Maliye Dergisi,1300-3623,1300-3623,"['BUSINESS, FINANCE']"
Journal of Risk Model Validation,1753-9579,1753-9587,"['BUSINESS, FINANCE']"
Journal of Accounting Review,1018-1687,1018-1687,"['BUSINESS, FINANCE']"
ATA Journal of Legal Tax Research,1543-866X,1543-866X,"['BUSINESS, FINANCE']"
INTERNATIONAL JOURNAL OF PROJECT MANAGEMENT,0263-7863,1873-4634,[MANAGEMENT]
INTERNATIONAL JOURNAL OF FORECASTING,0169-2070,1872-8200,"[ECONOMICS, MANAGEMENT]"
JOURNAL OF THE OPERATIONAL RESEARCH SOCIETY,0160-5682,1476-9360,"[MANAGEMENT, OPERATIONS RESEARCH & MANAGEMENT SCIENCE]"
INTERNATIONAL JOURNAL OF ENTREPRENEURIAL BEHAVIOR & RESEARCH,1355-2554,1758-6534,"[BUSINESS, MANAGEMENT]"
Journal of Product and Brand Management,1061-0421,2054-1643,"[BUSINESS, MANAGEMENT]"
Journal of Hospitality Marketing & Management,1936-8623,1936-8631,"[BUSINESS, MANAGEMENT]"
Electronic Markets,1019-6781,1422-8890,"[BUSINESS, MANAGEMENT]"
Strategic Entrepreneurship Journal,1932-4391,1932-443X,"[BUSINESS, MANAGEMENT]"
Academy of Management Learning & Education,1537-260X,N/A,[MANAGEMENT]
Management Research Review,2040-8269,2040-8277,[MANAGEMENT]
Sport Management Review,1441-3523,1839-2083,[MANAGEMENT]
Journal of Management & Organization,1833-3672,1839-3527,[MANAGEMENT]
JOURNAL OF MANAGEMENT DEVELOPMENT,0262-1711,1758-7492,[MANAGEMENT]
Global Strategy Journal,2042-5791,2042-5805,"[BUSINESS, MANAGEMENT]"
European Management Review,1740-4754,1740-4762,[MANAGEMENT]
JOURNAL OF ENGINEERING AND TECHNOLOGY MANAGEMENT,0923-4748,1879-1719,"[BUSINESS, MANAGEMENT]"
Learning Organization,0969-6474,1758-7905,[MANAGEMENT]
Leadership,1742-7150,1742-7169,[MANAGEMENT]
VINE Journal of Information and Knowledge Management Systems,2059-5891,2059-5905,[MANAGEMENT]
European Research on Management and Business Economics,2444-8834,2444-8842,"[BUSINESS, ECONOMICS, MANAGEMENT]"
BRQ-Business Research Quarterly,2340-9444,2340-9444,"[BUSINESS, MANAGEMENT]"
Journal of Organizational Effectiveness-People and Performance,2051-6614,2051-6622,[MANAGEMENT]
Amfiteatru Economic,1582-9146,2247-9104,"[BUSINESS, ECONOMICS, MANAGEMENT]"
INDUSTRIAL AND COMMERCIAL TRAINING,0019-7858,1758-5767,[MANAGEMENT]
Journal of Leadership Studies,1935-2611,1935-262X,[MANAGEMENT]
Evidence-based HRM-A Global Forum for Empirical Scholarship,2049-3983,2049-3991,[MANAGEMENT]
Quality Management Journal,1068-6967,2575-6222,[MANAGEMENT]
Triple Helix,2590-0366,2197-1927,[MANAGEMENT]
Journal of Transport and Supply Chain Management,2310-8789,1995-5235,[MANAGEMENT]
International Journal of Knowledge Management Studies,1743-8268,1743-8276,[MANAGEMENT]
Scientific Papers of the University of Pardubice-Series D-Faculty of Economics and Administration,1211-555X,1804-8048,"[BUSINESS, ECONOMICS, MANAGEMENT]"
Acta Structilia,1023-0564,2415-0487,[MANAGEMENT]
Gecontec-Revista Internacional de Gestion del Conocimiento y la Tecnologia,2255-5684,2255-5684,[MANAGEMENT]
ENTREPRENEURSHIP THEORY AND PRACTICE,1042-2587,1540-6520,[BUSINESS]
JOURNAL OF WORLD BUSINESS,1090-9516,1878-5573,[BUSINESS]
PUBLIC RELATIONS REVIEW,0363-8111,1873-4537,"[BUSINESS, COMMUNICATION]"
INTERNATIONAL MARKETING REVIEW,0265-1335,1758-6763,[BUSINESS]
Future Business Journal,2314-7202,2314-7210,[BUSINESS]
International Journal of Gender and Entrepreneurship,1756-6266,1756-6274,[BUSINESS]
Journal of Financial Counseling and Planning,1052-3073,1947-7910,"[BUSINESS, ECONOMICS]"
QME-Quantitative Marketing and Economics,1570-7156,1573-711X,"[BUSINESS, ECONOMICS]"
Central European Business Review,N/A,1805-4862,[BUSINESS]
Revista Ecorfan,2007-1582,2007-3682,[BUSINESS]
Gender Place and Culture,0966-369X,1360-0524,[GEOGRAPHY]
GEOGRAPHICAL REVIEW,0016-7428,1931-0846,[GEOGRAPHY]
Childrens Geographies,1473-3285,1473-3277,[GEOGRAPHY]
Territory Politics Governance,2162-2671,2162-268X,[GEOGRAPHY]
JOURNAL OF GEOGRAPHY,0022-1341,1752-6868,[GEOGRAPHY]
Island Studies Journal,N/A,1715-2593,[GEOGRAPHY]
European Spatial Research and Policy,1231-1952,1896-1525,[GEOGRAPHY]
Folia Geographica,1336-6157,2454-1001,[GEOGRAPHY]
Revista Acta Geografica,1980-5772,2177-4307,[GEOGRAPHY]
POPULATION AND DEVELOPMENT REVIEW,0098-7921,1728-4457,[DEMOGRAPHY]
JOURNAL OF BIOSOCIAL SCIENCE,0021-9320,1469-7599,[DEMOGRAPHY]
EUROPEAN JOURNAL OF MIGRATION AND LAW,1388-364X,1571-8166,[DEMOGRAPHY]
Papeles de Poblacion,1405-7425,1405-7425,[DEMOGRAPHY]
Population Review,1549-0955,1549-0955,[DEMOGRAPHY]
Nations and Nationalism,1354-5078,1469-8129,[ETHNIC STUDIES]
ECOLOGICAL ECONOMICS,0921-8009,1873-6106,"[ECOLOGY, ECONOMICS, ENVIRONMENTAL STUDIES]"
JOURNAL OF DEVELOPMENT ECONOMICS,0304-3878,1872-6089,[ECONOMICS]
ECONOMICS LETTERS,0165-1765,1873-7374,[ECONOMICS]
REGIONAL SCIENCE AND URBAN ECONOMICS,0166-0462,1879-2308,"[ECONOMICS, ENVIRONMENTAL STUDIES, URBAN STUDIES]"
European Journal of Political Economy,0176-2680,1873-5703,[ECONOMICS]
NEW POLITICAL ECONOMY,1356-3467,1469-9923,[ECONOMICS]
Research in Transportation Economics,0739-8859,1875-7979,"[ECONOMICS, TRANSPORTATION]"
OXFORD ECONOMIC PAPERS-NEW SERIES,0030-7653,1464-3812,[ECONOMICS]
REVIEW OF INCOME AND WEALTH,0034-6586,1475-4991,[ECONOMICS]
JOURNAL OF ECONOMIC EDUCATION,0022-0485,2152-4068,[ECONOMICS]
Journal of Agribusiness in Developing and Emerging Economies,2044-0839,2044-0847,"[AGRICULTURAL ECONOMICS & POLICY, ECONOMICS]"
NBER Macroeconomics Annual,0889-3365,1537-2642,[ECONOMICS]
POST-COMMUNIST ECONOMIES,1463-1377,1465-3958,[ECONOMICS]
World Trade Review,1474-7456,1475-3138,[ECONOMICS]
Journal of Forest Economics,1104-6899,1618-1530,"[ECONOMICS, FORESTRY]"
SOUTH AFRICAN JOURNAL OF ECONOMICS,0038-2280,1813-6982,[ECONOMICS]
Asian Economic Policy Review,1832-8105,1748-3131,[ECONOMICS]
Journal of Human Capital,1932-8575,1932-8664,[ECONOMICS]
ECONOMIC AFFAIRS,0265-0665,1468-0270,[ECONOMICS]
Contemporary Economics,2084-0845,2300-8814,[ECONOMICS]
Bio-based and Applied Economics,2280-6180,2280-6172,[ECONOMICS]
REVESCO-Revista de Estudios Cooperativos,1885-8031,1135-6618,[ECONOMICS]
Economic Annals-XXI,1728-6220,1728-6239,[ECONOMICS]
Water Economics and Policy,2382-624X,2382-6258,"[ECONOMICS, ENVIRONMENTAL STUDIES]"
Hacienda Publica Espanola-Review of Public Economics,0210-1173,2386-4176,[ECONOMICS]
Econ Journal Watch,1933-527X,1933-527X,[ECONOMICS]
International Journal of Contemporary Economics and Administrative Sciences,1925-4423,1925-4423,[ECONOMICS]
Journal of Institutional Studies,2076-6297,2412-6039,[ECONOMICS]
Agrarian South-Journal of Political Economy,2277-9760,2321-0281,"[DEVELOPMENT STUDIES, ECONOMICS]"
Journal of Mehmet Akif Ersoy University Economics and Administrative Sciences Faculty,2149-1658,2149-1658,[ECONOMICS]
Revista Finanzas y Politica Economica,2248-6046,2011-7663,[ECONOMICS]
Regionologiya-Regionology Russian Journal of Regional Studies,2413-1407,2587-8549,"[AREA STUDIES, ECONOMICS]"
Manchester Journal of International Economic Law,1742-3945,1742-3945,[ECONOMICS]
TRANSPORTATION RESEARCH PART F-TRAFFIC PSYCHOLOGY AND BEHAVIOUR,1369-8478,1873-5517,[TRANSPORTATION]
TRANSPORT REVIEWS,0144-1647,1464-5327,[TRANSPORTATION]
Transportation in Developing Economies,2199-9287,2199-9295,[TRANSPORTATION]
Nature Sustainability,2398-9629,2398-9629,[ENVIRONMENTAL STUDIES]
Marine Policy,0308-597X,1872-9460,[ENVIRONMENTAL STUDIES]
Environmental Impact Assessment Review,0195-9255,1873-6432,[ENVIRONMENTAL STUDIES]
CLIMATE POLICY,1469-3062,1752-7457,"[ENVIRONMENTAL STUDIES, PUBLIC ADMINISTRATION]"
Natural Hazards Review,1527-6988,1527-6996,[ENVIRONMENTAL STUDIES]
Cleaner Environmental Systems,2666-7894,2666-7894,[ENVIRONMENTAL STUDIES]
Current Research in Environmental Sustainability,2666-0490,2666-0490,[ENVIRONMENTAL STUDIES]
Discover Sustainability,N/A,2662-9984,[ENVIRONMENTAL STUDIES]
Review of European Comparative & International Environmental Law,2050-0386,2050-0394,[ENVIRONMENTAL STUDIES]
Journal of Human Rights and the Environment,1759-7188,1759-7196,[ENVIRONMENTAL STUDIES]
Ocean Yearbook,0191-8575,2211-6001,[ENVIRONMENTAL STUDIES]
Observatorio Medioambiental,1139-1987,1988-3277,[ENVIRONMENTAL STUDIES]
Central Asian Survey,0263-4937,1465-3354,[AREA STUDIES]
Turkish Studies,1468-3849,1743-9663,[AREA STUDIES]
Contemporary South Asia,0958-4935,1469-364X,[AREA STUDIES]
Journal of Australian Studies,1444-3058,1835-6419,[AREA STUDIES]
India Review,1473-6489,1557-3036,[AREA STUDIES]
American Review of Canadian Studies,0272-2011,1943-9954,[AREA STUDIES]
International Journal of African Renaissance Studies,1818-6874,1753-7274,[AREA STUDIES]
International Journal of Canadian Studies,1180-3991,1923-5291,[AREA STUDIES]
Papeles de Europa,1989-5917,1989-5917,[AREA STUDIES]
Journal of Developing Societies,0169-796X,1745-2546,[DEVELOPMENT STUDIES]
Ecohydrology,1936-0584,1936-0592,[ECOLOGY]
AoB Plants,2041-2851,2041-2851,[ECOLOGY]
Ecological Processes,N/A,2192-1709,[ECOLOGY]
International Journal for Parasitology-Parasites and Wildlife,2213-2244,2213-2244,[ECOLOGY]
CHEMISTRY AND ECOLOGY,0275-7540,1029-0370,[ECOLOGY]
TROPICAL ECOLOGY,0564-3295,2661-8982,[ECOLOGY]
POPULATION ECOLOGY,1438-3896,1438-390X,[ECOLOGY]
ECOHYDROLOGY & HYDROBIOLOGY,1642-3593,2080-3397,[ECOLOGY]
VIE ET MILIEU-LIFE AND ENVIRONMENT,0240-8759,N/A,[ECOLOGY]
Eco mont-Journal on Protected Mountain Areas Research,2073-106X,2073-1558,[ECOLOGY]
Ciudad y Territorio-Estudios Territoriales-CyTET,1133-4762,N/A,[URBAN STUDIES]
Ciudades-Revista del Instituto Universitario de Urbanistica de la Universidad de Valladolid,1133-6579,2445-3943,[URBAN STUDIES]
Administracao Publica e Gestao Social,2175-5787,2175-5787,[PUBLIC ADMINISTRATION]
HOLZFORSCHUNG,0018-3830,1437-434X,[FORESTRY]
BOSQUE,0717-9200,0717-9200,[FORESTRY]
JOURNAL OF MANUFACTURING SYSTEMS,0278-6125,1878-6642,[OPERATIONS RESEARCH & MANAGEMENT SCIENCE]
JOURNAL OF QUALITY TECHNOLOGY,0022-4065,2575-6230,[OPERATIONS RESEARCH & MANAGEMENT SCIENCE]
OR SPECTRUM,0171-6468,1436-6304,[OPERATIONS RESEARCH & MANAGEMENT SCIENCE]
JOURNAL OF SCHEDULING,1094-6136,1099-1425,[OPERATIONS RESEARCH & MANAGEMENT SCIENCE]
Flexible Services and Manufacturing Journal,1936-6582,1936-6590,[OPERATIONS RESEARCH & MANAGEMENT SCIENCE]
Quality Technology and Quantitative Management,1684-3703,1811-4857,[OPERATIONS RESEARCH & MANAGEMENT SCIENCE]
Information Communication & Society,1369-118X,1468-4462,[COMMUNICATION]
LANGUAGE & COMMUNICATION,0271-5309,1873-3395,[COMMUNICATION]
Communication Studies,1051-0974,1745-1035,[COMMUNICATION]
Communications-European Journal of Communication Research,0341-2059,1613-4087,[COMMUNICATION]
Chinese Journal of Communication,1754-4750,1754-4769,[COMMUNICATION]
Journal of Communication Inquiry,0196-8599,1552-4612,[COMMUNICATION]
NARRATIVE INQUIRY,1387-6740,1569-9935,[COMMUNICATION]
JOURNAL OF TECHNICAL WRITING AND COMMUNICATION,0047-2816,1541-3780,[COMMUNICATION]
Journalism and Media,N/A,2673-5172,[COMMUNICATION]
Media & Jornalismo,1645-5681,2183-5462,[COMMUNICATION]
British Journalism Review,0956-4748,1741-2668,[COMMUNICATION]
Comunicacio-Revista de Recerca i d Analisi,2014-0304,2014-0444,[COMMUNICATION]
Journal for Labour Market Research,2510-5019,2510-5027,[INDUSTRIAL RELATIONS & LABOR]
Nordic Journal of Working Life Studies,2245-0157,2245-0157,[INDUSTRIAL RELATIONS & LABOR]
International Journal on Working Conditions,2182-9535,2182-9535,[INDUSTRIAL RELATIONS & LABOR]
AIDS CARE-PSYCHOLOGICAL AND SOCIO-MEDICAL ASPECTS OF AIDS/HIV,0954-0121,1360-0451,[HEALTH POLICY & SERVICES]
Journal of Genetic Counseling,1059-7700,1573-3599,[HEALTH POLICY & SERVICES]
Journal of Health Care Chaplaincy,0885-4726,1528-6916,[HEALTH POLICY & SERVICES]
International Journal of Human Rights in Health Care,2056-4902,2056-4902,[HEALTH POLICY & SERVICES]
