unit_idx,unit_type,name,issn,field_eb,country_code,a_p,v_EBAX,rank_EBAX,v_E,rank_E,v_B,rank_B,v_A,rank_A,v_X,rank_X,v_eps1,rank_eps1
1341575764,institution,Federal Reserve Bank of Minneapolis,,,US,44.138888888888886,19.038500148230625,1,19.88872602216483,1.0,,,2.7745834679968793,106.0,0.7684149599122803,645.0,8.996548763114369,1
23254222,source,American Economic Review,0002-8282,E,,483.0,15.324791414453623,2,13.680032258979086,2.0,,,,,,,7.140816816024298,2
203860005,source,The Quarterly Journal of Economics,0033-5533,E,,208.0,15.138935069303113,3,13.171246570402097,3.0,,,,,,,6.898897876212535,3
95464858,source,Econometrica,0012-9682,E,,324.0,12.501455204328247,4,12.017051035724759,4.0,,,,,,,5.033570583743955,8
1321305853,institution,National Bureau of Economic Research,,,US,300.1747204184704,11.498537941295053,5,10.949873845893325,5.0,6.368192564044552,4.0,8.227790519340637,7.0,3.875267307791903,31.0,5.464518509786667,6
5353659,source,The Journal of Finance,0022-1082,A,,188.0,9.580094500286592,6,,,,,9.18045457768302,4.0,,,5.114371682148801,7
1279858714,institution,Center for Economic and Policy Research,,,US,199.69384920634917,9.080289383080169,7,8.019725112076996,8.0,2.79299908606087,91.0,8.220945236025095,8.0,0.7719829176136487,639.0,4.756255096238679,11
95323914,source,Journal of Political Economy,0022-3808,E,,319.0,8.462504447300983,8,7.181657829797122,13.0,,,,,,,3.793723746571574,20
127708089,source,Journal of Economic Literature,0022-0515,E,,138.0,8.461026833263787,9,7.606976215825192,11.0,,,,,,,4.398160396117935,14
142990027,source,Journal of Marketing,0022-2429,B,,42.0,8.430711357183887,10,,,9.580498981239908,1.0,,,,,5.652450611097322,5
4210173904,source,Brookings Papers on Economic Activity,0007-2303,E,,17.0,8.384907155640498,11,7.55671986727149,12.0,,,,,,,4.084779742865479,17
149240962,source,Journal of Financial Economics,0304-405X,A,,629.0,8.157744108078386,12,,,,,7.369602965119283,11.0,,,4.909393508910821,9
40347166,institution,University of Chicago,,,US,527.5862329174093,7.729908407587895,13,7.721942822165946,9.0,2.921479111775654,80.0,8.209759405861002,9.0,1.6973092058149568,258.0,4.126641671251845,16
27614628,source,Academy of Management Annals,1941-6067,B,,106.0,7.5836037506162155,14,,,8.010079645353914,2.0,,,,,4.401157603222451,13
154570441,institution,"University of California, Santa Barbara",,,US,126.55005851439674,7.274411228984337,15,9.021031965214352,7.0,1.949012481155998,200.0,0.6297877755619956,564.0,1.0007383919389787,523.0,3.285721500802483,24
170137484,source,Review of Financial Studies,0893-9454,A,,513.0,7.133916289101786,16,,,,,6.541280746662889,14.0,,,3.930430014807322,18
97018004,institution,Stanford University,,,US,485.02313921372746,6.971635349921871,17,6.345312226568292,16.0,4.555653784919783,17.0,10.309324120715358,3.0,1.9190212922140975,215.0,3.7508755646873264,21
20089843,institution,Princeton University,,,US,263.3609758297259,6.951180301810744,18,7.675595461278911,10.0,0.9948831343209384,681.0,2.540733417492887,123.0,0.4266773669997525,902.0,3.0583778383120936,33
88935262,source,The Review of Economic Studies,0034-6527,E,,411.0,6.740040467893094,19,6.110483103421091,20.0,,,,,,,3.0709155905745633,32
170166683,source,American Economic Journal Macroeconomics,1945-7707,E,,223.0,6.404032324497846,20,5.3147332049513025,28.0,,,,,,,2.896924668131099,42
4210174288,source,American Economic Review Insights,2640-205X,E,,148.0,6.182938458470256,21,5.626212788819092,25.0,,,,,,,3.0095777065908753,34
2801851002,institution,Harvard University Press,,,US,227.12597306795251,6.15159075382868,22,6.92897781925506,15.0,3.223333443862502,60.0,4.082814538334993,56.0,2.58249093641432,108.0,3.1515243627955916,30
196715598,source,Annual Review of Economics,1941-1383,E,,127.0,6.148176462694207,23,6.137723414638479,19.0,,,,,,,3.386984441010384,23
57502794,institution,Federal Reserve Bank of Philadelphia,,,US,52.56349206349208,6.094403521029175,24,5.152139147206317,31.0,,,4.900003095255935,35.0,,,2.9395802348983335,37
32971472,institution,Yale University,,,US,343.96706667515497,5.861191582084184,25,6.140779826576607,18.0,3.381807886642035,49.0,5.755537425162965,19.0,0.70699085455568,693.0,2.8536468477715764,44
158011328,source,American Economic Journal Economic Policy,1945-7731,E,,255.0,5.836809244844852,26,5.220525921502223,29.0,,,,,,,2.7122113792402596,51
43638361,institution,Federal Reserve Bank of New York,,,US,65.38068181818181,5.513121205890765,27,4.814097965107524,33.0,,,4.267728395769663,51.0,,,2.909026211554531,40
61544103,institution,London Business School,,,GB,162.8007410503203,5.505810526721526,28,10.100141848452221,6.0,3.5431121480154384,44.0,4.651953505950521,41.0,,,3.27901836456178,25
62142384,source,Journal of Accounting and Economics,0165-4101,A,,234.0,5.410914816402544,29,,,,,6.217330101757693,16.0,,,2.7443187220337975,50
2735409286,source,The Review of Asset Pricing Studies,2045-9920,A,,98.0,5.383879437175602,30,,,,,4.312944479333086,47.0,,,3.8856059702826564,19
2802905149,institution,Federal Reserve Board of Governors,,,US,250.64611083361083,5.365142818487206,31,4.015519780948033,45.0,1.9154132123351344,208.0,5.110688900443164,29.0,0.7504253190079508,659.0,3.196287944300687,27
136199984,institution,Harvard University,,,US,325.7765737657508,5.333604091603569,32,5.898866193483352,24.0,4.403064677289239,22.0,3.0576456427672722,92.0,1.3617638106206689,366.0,2.9825540096878953,35
19990318,institution,Federal Reserve Bank of San Francisco,,,US,57.14444444444443,5.2842595096133325,33,6.110304578106753,21.0,,,1.4269279757603934,221.0,,,2.9751969741669435,36
4210140326,institution,Centre for Economic Policy Research,,,GB,209.43611111111105,5.2402143221901,34,4.6099377944061315,34.0,2.9509768830468937,77.0,5.070159035564361,30.0,1.9541892244708183,209.0,2.902255086977002,41
4210193178,source,Organization Theory,2631-7877,B,,118.0,5.169818420601275,35,,,5.324960452175228,8.0,,,,,2.8279519694427733,45
95457486,institution,"University of California, Berkeley",,,US,483.14181158689496,5.153701268231543,36,5.335547247979846,27.0,2.9029967654665776,82.0,6.67649789391592,13.0,1.1291242433774022,459.0,2.6794139094193032,52
63966007,institution,Massachusetts Institute of Technology,,,US,367.33114548849846,5.088220702587233,37,7.0349137406030815,14.0,3.2101066263653872,62.0,5.197005320431901,27.0,2.0180936464950623,190.0,2.7744206474931166,47
79576946,institution,University of Pennsylvania,,,US,419.7733494640035,5.048426638391675,38,5.170833414708687,30.0,3.9916292227471466,32.0,7.859585389133403,10.0,0.3995318982449755,933.0,2.9200659013587127,39
102949365,source,Strategic Management Journal,0143-2095,B,,477.0,5.001966925167896,39,,,5.149124493865903,9.0,,,,,2.612863656388008,57
34139249,source,The RAND Journal of Economics,0741-6261,E,,134.0,4.986476448356778,40,3.7041873988450678,53.0,,,,,,,2.229064940705286,88
103531236,institution,Boston College,,,US,224.44097275273748,4.9370211401663555,41,4.382792129907351,37.0,4.009387374127109,30.0,5.215705032439944,26.0,0.8367239841357216,600.0,2.76263286824801,48
77697173,institution,Federal Reserve Bank of Chicago,,,US,62.31369047619048,4.886523710702734,42,4.014017493020272,46.0,,,4.075290405426348,57.0,,,2.255580523306246,83
143668711,source,Administrative Science Quarterly,0001-8392,B,,110.0,4.843521840866052,43,,,5.018495536655973,12.0,,,,,2.2868674049774214,80
46763546,source,Academy of Management Review,0363-7425,B,,255.0,4.71704593220009,44,,,5.039013246899515,11.0,,,,,2.5494651427153303,59
117778295,source,Academy of Management Journal,0001-4273,B,,307.0,4.641216641881614,45,,,4.964498182370213,14.0,,,,,2.3169052848877185,76
111116695,source,Journal of Accounting Research,0021-8456,A,,202.0,4.587066392122035,46,,,,,5.047375894257067,32.0,,,2.44143188680769,65
199447588,source,Journal of Public Economics,0047-2727,E,,628.0,4.501144488676861,47,4.282882483267932,39.0,,,,,,,3.165788758456129,29
36788626,institution,California University of Pennsylvania,,,US,74.37275641025643,4.380797124073246,48,4.416183576853475,36.0,4.961576191455657,15.0,3.11604181997272,89.0,3.557144639766091,46.0,2.1764800573478267,98
2800403580,institution,University of Minnesota System,,,US,43.3234126984127,4.379002825457262,49,2.724694859958326,85.0,5.737988232030631,5.0,3.7524075809283466,65.0,0.11568195022793779,1210.0,2.744573023565986,49
592451,institution,Indiana University,,,US,117.78189033189031,4.285812900780631,50,4.080555399854163,43.0,4.016485324898157,29.0,5.729962557521708,20.0,0.140850264763042,1193.0,2.398260386704598,69
170897317,institution,Duke University,,,US,383.9794843666824,4.258297579445981,51,3.417821265642401,61.0,4.3128721008320765,24.0,5.358081344199876,25.0,1.0874898142941676,484.0,2.3263152172587085,75
5388228,institution,University of Rochester,,,US,124.08382352941177,4.248461435487093,52,3.020836435894425,75.0,4.503231319557471,19.0,5.3966341810311835,23.0,,,2.197543608283883,91
2801613365,institution,Mitchell Institute,,,US,28.46663699747812,4.2469360286228905,53,6.338504003721063,17.0,4.088354142031198,27.0,3.5384322411635996,76.0,,,2.246573587296439,85
2800817003,institution,Southern California University for Professional Studies,,,US,34.79282747366859,4.245411738290699,54,2.2500821169355087,114.0,5.5982295593265645,6.0,5.660150810843685,21.0,,,2.3107961698151067,78
57206974,institution,New York University,,,US,494.7915400740963,4.219536016828064,55,4.079364450125071,44.0,3.9287126143831697,36.0,3.375917229596685,83.0,1.8406489956018488,224.0,2.3832122433953695,70
161318765,institution,"University of California, Los Angeles",,,US,193.6902807840308,4.144431762406191,56,4.242957272987136,40.0,3.6086478045546704,42.0,4.777637305815813,38.0,2.1124951687652036,174.0,2.127020256898063,108
11853582,source,Review of Accounting Studies,1380-6653,A,,338.0,4.113189781513795,57,,,,,4.339335788640202,46.0,,,2.3024917121278277,79
163534328,source,Marketing Science,0732-2399,B,,327.0,4.11288969933021,58,,,4.068066957317121,28.0,,,,,2.065356691567538,113
111088046,institution,Boston University,,,US,267.457190888398,4.081758315340861,59,3.509350675000092,58.0,3.9818454370849086,33.0,3.068643665782106,91.0,3.974327692278326,28.0,2.5824694376826756,58
2736251538,source,The Review of Corporate Finance Studies,2046-9128,A,,126.0,4.0751005089113,60,,,,,3.454477019530883,78.0,,,2.8122249898245215,46
4210152270,institution,INSEAD,,,SG,53.95003607503608,3.996905478560001,61,2.443871000590425,101.0,4.558045830514297,16.0,1.1294372704540359,297.0,,,2.262732291622645,82
36258959,institution,University of California San Diego,,,US,180.97260394576185,3.9855192029243263,62,3.885727026320598,51.0,3.0214463545765593,71.0,4.372499684568147,44.0,0.832557454015092,601.0,1.9846899203597237,133
1333512998,institution,United States Census Bureau,,,US,49.85039682539682,3.955825325907565,63,3.887625819890284,50.0,0.10150392337663128,2034.0,0.44918965318362053,796.0,0.31095293505859295,1028.0,1.9846916210365255,132
4210096112,institution,Rutgers Sexual and Reproductive Health and Rights,,,NL,53.54563492063493,3.918959773101828,64,0.8984032405504804,469.0,5.099141311733581,10.0,6.912746267779576,12.0,3.221943631705625,59.0,2.6286180246853945,56
4210096135,institution,Ross School,,,US,61.68670634920635,3.8790988006694027,65,4.462028713236379,35.0,3.6216531119949837,41.0,5.417920763903151,22.0,,,2.227452576015149,89
115283149,institution,Brookings Institution,,,US,50.10000000000001,3.841645761522125,66,4.350482685342438,38.0,2.124670941103574,163.0,1.4913552811432862,206.0,1.042126061699892,502.0,3.184499174986071,28
1317239608,institution,Federal Reserve,,,US,99.63020174270176,3.838758225785475,67,2.5268743740562134,96.0,2.8902777400358235,85.0,3.6226171506633302,70.0,1.4103283626677652,349.0,2.1943230751562655,93
127742747,source,Journal of Econometrics,0304-4076,E,,787.0,3.7886814979439767,68,3.6395939392365233,55.0,,,,,,,1.9910576099913788,128
200399037,institution,University of Puerto Rico System,,,PR,39.12365779645191,3.7802986961387304,69,,,4.975558782775024,13.0,0.2936365506009139,1104.0,,,5.675408745981842,4
78577930,institution,Columbia University,,,US,577.5406639169797,3.7645241263620117,70,4.116046438407032,42.0,3.155309912028908,65.0,2.9952321211442694,95.0,2.5821673721601766,109.0,2.0587980147374125,116
156003414,source,Quantitative Economics,1759-7323,E,,169.0,3.727326829837897,71,3.8886564955035796,49.0,,,,,,,1.5002890420415675,313
92709572,source,Journal of Interactive Marketing,1094-9968,B,,74.0,3.715112389435375,72,,,4.101073893542716,26.0,,,,,4.350513565804295,15
107672454,institution,Dartmouth College,,,US,118.89796592296591,3.7053951984570292,73,4.978073349321161,32.0,2.7165716256323527,97.0,4.682606824481524,39.0,,,2.0210124032021426,121
107639228,institution,University of Notre Dame,,,US,225.27329402165853,3.6865873536002214,74,3.455417206242514,59.0,3.279821732617715,58.0,4.206123462012009,54.0,1.0428498781506381,500.0,2.1499419641714477,103
111979921,institution,Northwestern University,,,US,280.5547451516492,3.670135996855368,75,3.5901750097611376,56.0,3.069605057942489,69.0,4.268170108080348,50.0,0.4239227515921617,905.0,2.1902432044305358,94
114027177,institution,University of North Carolina at Chapel Hill,,,US,270.6030358461708,3.6606354119422764,76,1.572227064337866,193.0,4.426875464841226,21.0,6.09175348230886,17.0,2.0998917104372565,177.0,2.0532775017379965,117
6711363,source,Journal of Monetary Economics,0304-3932,A,,373.0,3.6509851418242287,77,,,,,2.648065239699839,115.0,,,1.8906513810811358,147
1321605679,institution,Statistics Norway,,,NO,51.033333333333324,3.6445147987750413,78,3.2189019464906545,69.0,1.9912919992656837,192.0,1.9287174086230747,157.0,,,1.7251121946543955,198
206124708,source,Organization Science,1047-7039,B,,514.0,3.628978686656072,79,,,3.704801402543753,39.0,,,,,1.6721783030632376,221
133599136,source,Organizational Research Methods,1094-4281,B,,117.0,3.600421895524462,80,,,3.975381820322438,35.0,,,,,2.880254680116471,43
46860202,institution,Bank of England,,,GB,110.67076224429168,3.5806810082783196,81,3.0006798662480145,76.0,0.8987753427285321,777.0,2.784705267571179,103.0,,,2.1867178120087054,95
33323087,source,Management Science,0025-1909,B,,2051.0,3.563306184267087,82,,,2.5928657357078992,104.0,,,,,1.8891560707038213,148
122767448,source,Journal of Management,0149-2063,B,,459.0,3.554691398224647,83,,,3.8472394160139034,37.0,,,,,2.4138816767625833,67
198098467,source,Journal of International Economics,0022-1996,E,,422.0,3.548809566641884,84,3.1330876300242423,72.0,,,,,,,1.8257531084684693,166
74973139,institution,Carnegie Mellon University,,,US,180.21528096086917,3.506477702262541,85,2.6920962088825795,88.0,4.453855179695547,20.0,2.608331798492821,117.0,0.9746653738979165,534.0,2.242354883042317,86
147692640,source,Journal of Urban Economics,0094-1190,E,,225.0,3.4977640746292056,86,3.2396394929172483,67.0,,,,,,,2.0163750494323702,122
4210170931,source,Annual Review of Financial Economics,1941-1367,A,,101.0,3.4790383288623987,87,,,,,2.913806420191949,97.0,,,2.136959388817056,106
27837315,institution,University of Michigan,,,US,399.85984500063057,3.4659377626703645,88,3.8892183751530425,48.0,3.0549189197656252,70.0,2.998408521603742,94.0,0.8548446979652747,593.0,1.8718885489121322,153
150468666,institution,Emory University,,,US,172.24005439005438,3.445937778855338,89,2.0098990523216558,135.0,4.3807404085118336,23.0,5.00219585053919,33.0,0.0999555126236244,1231.0,3.0848479302782392,31
4210136188,institution,European Corporate Governance Institute,,,BE,31.215277777777775,3.4373380137445633,90,0.9182268473820333,452.0,2.1071017165982497,166.0,5.134033587937028,28.0,,,2.4942652914626233,60
93666758,source,Journal of Economic Issues,0021-3624,E,,36.0,3.4196411532004154,91,3.1828034227134037,71.0,,,,,,,1.6960190871836183,211
116184629,source,National Tax Journal,0028-0283,A,,21.0,3.406428279897908,92,,,,,2.5453754202280883,122.0,,,1.6747371668917364,220
151321946,institution,Center for Economic Research and Graduate Education – Economics Institute,,,CZ,29.262499999999996,3.385102932864701,93,3.655159777237792,54.0,0.14502928804040452,1976.0,0.24752400266762772,1224.0,,,1.5933248572381615,263
71675930,institution,Frankfurt School of Finance & Management,,,DE,94.05018939393938,3.371101030177011,94,1.3978817123584675,235.0,3.49693663441637,47.0,4.902503652713883,34.0,2.0985335360834014,178.0,2.353604840594834,71
160506855,source,The Accounting Review,0001-4826,A,,495.0,3.3607997171380477,95,,,,,3.6732247820481403,69.0,,,1.7181947171457859,199
187626162,source,Entrepreneurship Theory and Practice,1042-2587,B,,265.0,3.3579064467244715,96,,,3.5284057491448437,45.0,,,,,2.206648275847432,90
84218800,institution,"University of California, Davis",,,US,187.3066398878899,3.3432082829877747,97,2.9984161915272987,77.0,4.004798258160651,31.0,2.8680171587319916,100.0,0.5276102157762887,817.0,1.9973301957675809,125
100005738,institution,Brigham Young University,,,US,131.92466150153066,3.331225210433045,98,5.9544953106837415,22.0,2.0046447316410663,189.0,3.822080858104154,62.0,0.5059912918426033,837.0,2.155690299435226,100
202697423,institution,University of Zurich,,,CH,256.8695156232656,3.328761295938173,99,3.9243884985538866,47.0,2.287837413511547,128.0,2.3197241083799525,135.0,1.9378151940668622,212.0,2.4094880927164106,68
42134832,institution,Barcelona School of Economics,,,ES,104.06154956154955,3.2884324326519545,100,3.4192316197688593,60.0,1.7356516503202903,253.0,4.107917332369948,55.0,,,1.810115753977779,174
2799283415,institution,Fisher College,,,US,55.17299783549784,3.276742250376081,101,5.8997729696431165,23.0,2.9660514709688726,76.0,3.691185020987689,67.0,,,2.445385101394412,64
204465549,institution,Washington University in St. Louis,,,US,212.86620177918135,3.2591059884603215,102,3.197307681536937,70.0,2.9664460730121376,75.0,3.2339665994860387,86.0,0.20502652687437928,1131.0,1.8595456387974592,156
898769471,institution,Bank of Canada,,,CA,130.88273809523812,3.251642445500935,103,2.6249072740038253,90.0,0.40438830723811614,1541.0,3.169003196461876,88.0,,,1.8168779286703889,171
185103710,institution,"University of California, Santa Cruz",,,US,56.98452380952381,3.2397686177267797,104,1.871591201088405,153.0,5.326530978852416,7.0,4.257325773320329,52.0,4.78645930765478,17.0,2.4484754421389248,63
165087003,source,Journal of the European Economic Association,1542-4766,E,,281.0,3.214064284522882,105,3.1007323353187175,73.0,,,,,,,1.6150161019707774,247
140842003,source,Review of Environmental Economics and Policy,1750-6816,E,,83.0,3.1977141248721734,106,3.3010204220943176,64.0,,,,,,,1.9849965029964898,131
102272798,institution,INSEAD,,,FR,111.9702859833665,3.1566276832601945,107,2.787902931632369,84.0,3.2880393612698398,56.0,3.7838144848037385,64.0,,,1.7718931530967659,183
4210092408,institution,Toulouse School of Economics,,,FR,127.5863383838384,3.1342872189716546,108,3.3083843148845884,63.0,2.7635712450782073,94.0,1.1612271401634662,286.0,,,1.700442231820288,210
145429826,source,Journal of Consumer Research,0093-5301,B,,206.0,3.123594461078005,109,,,3.35724049412991,51.0,,,,,1.769627402050025,184
4210121976,institution,Centro de Estudios Monetarios y Financieros,,,ES,38.006623376623374,3.091058853600564,110,3.348781877947281,62.0,1.6002232642382324,285.0,2.875600121985667,99.0,,,1.5910295692938092,265
74775410,institution,Rice University,,,US,155.62679858840852,3.0772031261954544,111,5.4016094723345285,26.0,2.4047058813550564,114.0,2.1021110985880087,149.0,,,1.5861624744421956,272
38024979,source,Journal of International Business Studies,0047-2506,B,,435.0,3.053245684601748,112,,,3.327279821970888,52.0,,,,,1.9468607892452776,139
152304618,source,The Leadership Quarterly,1048-9843,B,,176.0,3.0386475286601393,113,,,3.4006953140665868,48.0,,,,,2.241858018327148,87
81410195,source,Manufacturing & Service Operations Management,1523-4614,B,,586.0,3.0348112521355715,114,,,3.1431029330861127,66.0,,,,,1.7406981929699619,191
135310074,institution,University of Wisconsin–Madison,,,US,318.40792843408434,3.0262245730305826,115,3.2583747465163326,66.0,3.2962620355406167,55.0,2.423073744430902,129.0,1.4801316348125024,329.0,1.5721807002546453,280
127060114,source,NBER Macroeconomics Annual,0889-3365,E,,72.0,3.0145261011021587,116,2.69953864138514,86.0,,,,,,,1.4412443306907492,352
170486558,institution,Universitat Pompeu Fabra,,,ES,118.67782999164577,2.96370375416243,117,3.831701121817719,52.0,1.0876677139789717,596.0,2.1562243690440734,145.0,1.0697436288419762,494.0,1.5124953161693346,308
1174212,institution,University of Southern California,,,US,418.2624962308373,2.9601398603329905,118,2.2889672904674803,111.0,3.5706262012587042,43.0,3.389924872585872,82.0,1.0045620258804326,521.0,1.8775670146315384,151
119950638,source,Journal of Marketing Research,0022-2437,B,,36.0,2.957592267582415,119,,,3.1701301226191116,64.0,,,,,1.626452640363688,241
4210119109,institution,Indiana University Bloomington,,,US,299.4208642746143,2.95361717661866,120,1.352076904882842,252.0,3.3653326582725716,50.0,3.2560247089660286,85.0,0.44138783200696463,890.0,2.185081590797999,96
54157616,institution,Swiss Finance Institute,,,CH,102.0131313131313,2.9525102054482053,121,1.5712637150050788,194.0,0.6281078639022275,1144.0,3.7396353390536383,66.0,,,2.075823191661931,111
198892436,source,Accounting Organizations and Society,0361-3682,A,,166.0,2.9502509295243673,122,,,,,2.8344989480339198,102.0,,,1.7049667862768618,208
184565670,institution,Georgetown University,,,US,207.36849765731344,2.9442603524314737,123,3.2263331639030564,68.0,2.2464039793601778,135.0,3.397583940474718,81.0,1.1549784086977157,451.0,1.7102547997419129,202
205783295,institution,Cornell University,,,US,491.0534129760563,2.93659238007343,124,2.644776691202029,89.0,2.7224572552669044,96.0,3.9247455486595126,60.0,0.9674401547732336,537.0,1.7417092708525743,190
77793887,institution,Federal Reserve Bank of St. Louis,,,US,65.96944444444445,2.9204549986949178,125,2.9844224954197958,78.0,0.03494697614989816,2116.0,2.39550980454219,132.0,0.6267405049531074,745.0,1.740143588459343,193
5124864,institution,École Polytechnique Fédérale de Lausanne,,,CH,63.57965298637913,2.913063752414409,126,1.2855237859092108,274.0,3.7791970523305882,38.0,2.710860359506604,108.0,0.7171365721308218,683.0,1.9807715358107967,134
8557221,source,Journal of Labor Economics,0734-306X,E,,171.0,2.9008071585822837,127,2.5445062683653115,93.0,,,,,,,1.451909478309437,341
31690342,source,Strategic Entrepreneurship Journal,1932-4391,B,,162.0,2.847530924365833,128,,,2.9965085763761703,73.0,,,,,1.633194010716544,239
21260181,source,IMF Economic Review,2041-4161,A,,149.0,2.843515189408261,129,,,,,1.710283761963463,171.0,,,1.5449834296389984,293
66946132,institution,"University of Maryland, College Park",,,US,308.65555944055944,2.8416469018341646,130,1.696049775584906,174.0,4.533237809140296,18.0,1.5627910393841777,194.0,1.1766668162242706,440.0,1.9382005760584395,140
4210183760,source,Strategy Science,2333-2050,B,,132.0,2.8391369134642375,131,,,2.7699936286593685,93.0,,,,,1.2769803684733556,510
185261750,institution,University of Toronto,,,CA,554.4918766539139,2.784721436182024,132,2.5515619246884085,92.0,2.919341739534985,81.0,2.7068644363796937,109.0,1.8136244685861276,230.0,1.5998792225310121,257
141945490,institution,University of British Columbia,,,CA,342.11995542898796,2.739283402463519,133,2.958700699648773,79.0,2.3374674454828352,122.0,3.1085624300261485,90.0,2.280076213525568,144.0,1.6192511978522581,245
4210116924,institution,"Chinese University of Hong Kong, Shenzhen",,,CN,126.61646825396824,2.7347245884001428,134,2.250019022664507,115.0,1.768476219310511,247.0,3.4350098108067133,79.0,3.6264710559990943,43.0,1.8804466692880053,150
163499366,source,Review of Economic Dynamics,1094-2025,E,,247.0,2.733520022817213,135,2.5018320799266425,98.0,,,,,,,1.3108988680829767,475
66201313,source,Journal of Business Venturing,0883-9026,B,,227.0,2.7040968575950357,136,,,2.926055613711699,78.0,,,,,1.8528057615216746,157
180061323,source,The Review of Economics and Statistics,0034-6535,E,,540.0,2.703122342982603,137,2.5411136632567377,94.0,,,,,,,1.3607074222794326,429
130238516,institution,University of Minnesota,,,US,345.39626479514635,2.6984356930970494,138,2.2353734601190673,117.0,2.3604775630356847,117.0,5.363630448145516,24.0,1.586203496935409,287.0,1.7403211231731617,192
151705444,source,Journal of Management Studies,0022-2380,B,,496.0,2.6978322877131533,139,,,2.922630280482521,79.0,,,,,1.9518906671780276,137
187481652,institution,Instituto Tecnológico Autónomo de México,,,MX,57.040764790764776,2.6875728612176717,140,3.5707729042968364,57.0,0.7443081363098962,979.0,4.388798445591616,43.0,,,1.3721204053097371,413
909854389,institution,London School of Economics and Political Science,,,GB,720.2564680716887,2.681373183911441,141,2.5004522960583206,99.0,1.9298095409990956,204.0,3.993826406726984,58.0,2.207568090874404,154.0,1.670836366972055,222
125608309,source,Journal of Service Research,1094-6705,B,,205.0,2.6788850013425005,142,,,3.1074805623583672,67.0,,,,,2.0625921613247753,114
153515283,institution,European Central Bank,,,DE,222.2419774669775,2.6517662915122484,143,1.4061016500009385,233.0,1.2309913385992253,495.0,3.531873456427725,77.0,0.0751998797257287,1248.0,1.8182394947586347,169
181233156,institution,University of Oregon,,,US,107.5242784992785,2.6328467693681925,144,2.056690276787282,131.0,2.36927903384386,115.0,4.298670807601615,48.0,1.558839852300797,299.0,1.734201914411038,194
152282257,source,Journal of Corporate Finance,0929-1199,A,,815.0,2.630529038885576,145,,,,,1.8103687144580092,163.0,,,2.0770747923665676,110
200769079,institution,Hong Kong University of Science and Technology,,,HK,143.36169386169388,2.6298601340304844,146,2.1120036486463474,127.0,3.0817799218858797,68.0,2.650916443085231,114.0,1.620362463780578,275.0,1.7070176938658173,207
45992627,source,The Economic Journal,0013-0133,E,,496.0,2.6293511985310882,147,2.69215665416218,87.0,,,,,,,1.445988587117714,348
83860666,institution,HEC Paris,,,FR,96.04260184260184,2.616002997023711,148,2.203342454766017,119.0,2.5329512237327774,107.0,2.559994404856459,121.0,1.4401203751061276,341.0,1.525032610833377,301
68415526,institution,Federal Reserve Bank of Dallas,,,US,58.99444444444444,2.6117285773857746,149,2.8188798547451412,83.0,,,0.77074809091452,453.0,,,2.1447107962703966,104
6902469,institution,Brandeis University,,,US,54.10878427128425,2.610234341510539,150,1.3900720812230312,237.0,2.1418110558814383,158.0,4.817920217978942,36.0,,,1.5844525306645358,273
201448701,institution,University of Washington,,,US,369.4395888130358,2.595816745053577,151,0.9099012450883326,460.0,3.3046419046278537,54.0,9.01741408812001,5.0,2.2298847053290585,149.0,1.558981774320831,283
170201317,institution,University of Pittsburgh,,,US,188.5664617486893,2.5948664302462934,152,2.2019379023678423,120.0,3.2878743668734303,57.0,2.775931600755221,105.0,0.7712885255317491,641.0,1.6434560632257613,235
204250578,institution,"University of California, Irvine",,,US,196.8552960383843,2.5926175607476845,153,1.444284250575932,225.0,3.1930950239592315,63.0,4.6029535557647545,42.0,1.384763004744676,359.0,1.6531007782210232,229
1309849503,institution,RAND Corporation,,,US,62.36765873015874,2.574018737303876,154,3.0353300282588975,74.0,2.349294493013925,120.0,0.6131731214939681,577.0,0.5097074842779182,831.0,1.8174931649896673,170
92522684,source,Journal of the Academy of Marketing Science,0092-0703,B,,346.0,2.544079965407299,155,,,2.8951841997252927,84.0,,,,,2.182801482635868,97
130701444,institution,Georgia Institute of Technology,,,US,200.59268833018837,2.540388645476989,156,1.5779310986960304,192.0,2.8467033983500976,87.0,3.1799830999616776,87.0,0.460378564163326,875.0,1.5876088618436643,270
166002381,source,Journal of Applied Psychology,0021-9010,B,,364.0,2.5400898166874937,157,,,2.7086521051118164,98.0,,,,,1.7903667443718394,179
159120381,source,Journal of Retailing,0022-4359,B,,183.0,2.539575642453324,158,,,2.8096414809556185,90.0,,,,,2.1529404614388095,101
128956969,institution,Texas Christian University,,,US,129.88412698412696,2.5380207761390747,159,0.7624268390246505,585.0,3.3201455395452846,53.0,1.7448469799145234,167.0,,,1.8362496662199361,161
143995394,source,Journal of World Business,1090-9516,B,,242.0,2.5367730695501196,160,,,2.8316853287184847,89.0,,,,,1.9930567479669317,127
86519309,institution,The University of Texas at Austin,,,US,414.8530192415397,2.5307714925804285,161,1.884237890496164,151.0,2.168825036461041,151.0,4.220745466065963,53.0,1.3222486979861066,378.0,1.5526794660768188,288
188538660,institution,University of Colorado Boulder,,,US,162.78302745934323,2.5091414850516895,162,1.7209813753067793,170.0,2.4792631315181977,110.0,3.9579636081094636,59.0,1.3750308791737837,362.0,1.6028055150274327,255
106098198,source,Oxford Review of Economic Policy,0266-903X,E,,205.0,2.502804599849103,163,2.316875341788468,108.0,,,,,,,1.8862950903367253,149
39555362,institution,University of Warwick,,,GB,448.3709551548905,2.4895092082335233,164,2.8554903820188153,81.0,2.152308510600007,154.0,1.9371476151244524,155.0,2.8998410368291094,82.0,1.6504358554948266,232
52989892,institution,Bank for International Settlements,,,CH,90.47637085137085,2.4368167318997576,165,2.1665356460174197,123.0,0.5086324213976992,1366.0,1.4700335805704878,210.0,,,2.0300430802871112,120
57995698,institution,Paris School of Economics,,,FR,125.510582010582,2.4217354116767957,166,2.4448635952284037,100.0,1.4204239745402327,380.0,1.52235522093219,200.0,,,1.3863524373675404,399
157725225,institution,University of Illinois Urbana-Champaign,,,US,454.703227004753,2.413459951468887,167,2.301317871713334,109.0,1.890004718116749,217.0,3.6759027975245964,68.0,1.8871811008933206,217.0,1.4587535248456651,335
33741590,source,Academy of Management Perspectives,1558-9080,B,,138.0,2.4083269630632156,168,,,2.5060692542368868,109.0,,,,,1.4373074849263197,355
72816309,institution,Drexel University,,,US,161.35364357864358,2.4051344934553276,169,2.1480382015747574,124.0,1.915414199754023,207.0,3.33781714228351,84.0,1.1663901880315304,445.0,1.8348125074910222,162
149131268,source,Journal of Economic Theory,0022-0531,E,,528.0,2.4031191879106157,170,2.3650087922813583,106.0,,,,,,,1.031008186986903,853
79891267,institution,Singapore Management University,,,SG,295.22146825396817,2.400076504537533,171,2.2005970254497527,121.0,2.8472533055375435,86.0,2.062165875362553,152.0,1.0099986479757965,520.0,1.7746893879397432,182
55521800,institution,Goldsmiths University of London,,,GB,64.97344877344878,2.390639887570537,172,0.8339703392874346,520.0,2.3351023217011933,123.0,24.651950530441752,1.0,0.4961598893075062,850.0,1.5701816330625378,281
4210186510,source,Journal of International Business Policy,2522-0691,B,,136.0,2.3731407915873777,173,,,2.026294038323273,181.0,,,,,2.4166235263396882,66
9731383,source,Research Policy,0048-7333,A,,728.0,2.3604489261291315,174,,,,,1.3725154648142939,226.0,,,1.906356882733235,145
71209653,institution,Bocconi University,,,IT,480.0655763017176,2.358913409115346,175,2.58978298088303,91.0,2.150718523044225,155.0,1.2428526681884202,256.0,0.6638647286661248,720.0,1.4686363450013495,327
1850255,institution,University of Basel,,,CH,79.24467893217894,2.3527097758464772,176,1.7512107826330015,164.0,6.719884150382757,3.0,0.3931406192796555,899.0,2.808019309394051,90.0,1.658088095296179,226
83909951,institution,Morgan State University,,,US,53.517996217178464,2.3515299900646935,177,,,3.5057715777547758,46.0,0.3817880265951805,918.0,,,1.9157421490514093,144
998097505,source,The Journal of Law and Economics,0022-2186,E,,130.0,2.3426107789923534,178,1.828295449518766,156.0,,,,,,,1.0672999209351812,781
200719446,institution,Vanderbilt University,,,US,175.20413475413474,2.342527523875991,179,2.3010830543490655,110.0,1.5937307912305945,288.0,2.6044106089423096,118.0,0.5220125576025332,821.0,1.365771661700812,424
27804330,institution,Brown University,,,US,63.5815836940837,2.3373936748292916,180,2.5364039355779817,95.0,0.834882672813984,850.0,1.5742680383377163,191.0,,,1.0604768797713569,795
72880728,source,The Journal of Economic Perspectives,0895-3309,E,,39.0,2.329179554427714,181,2.0344999731523195,134.0,,,,,,,1.6049125817239827,254
65924262,source,Contemporary Accounting Research,0823-9150,A,,376.0,2.3195190015374276,182,,,,,2.276723483053026,137.0,,,1.3897440358133575,397
2735550652,source,Journal of the Association of Environmental and Resource Economists,2333-5955,E,,42.0,2.3057222011236767,183,2.370623062206986,105.0,,,,,,,1.1026719266572627,726
51556381,institution,University of Virginia,,,US,250.42967767526588,2.2974648731858878,184,1.4401638404658683,226.0,2.569153334489059,105.0,2.655973246716397,112.0,0.9356652336177429,555.0,1.4955287608209762,315
47251452,institution,Wake Forest University,,,US,63.91487511671335,2.2750785698337634,185,0.9844988781440822,407.0,2.368118267434609,116.0,3.5899842638350856,71.0,,,2.126612527609617,109
62957338,source,The Journal of Human Resources,0022-166X,E,,156.0,2.246871360320779,186,2.2318749262474333,118.0,,,,,,,1.091629895382221,742
4210213798,source,AEA Papers and Proceedings,2574-0768,X,,527.0,2.243219974880475,187,,,,,,,0.5932111844773271,759.0,1.1204829634044704,708
45129253,institution,University College London,,,GB,514.3025914598709,2.231123379153938,188,2.4316274078547027,102.0,2.6871020480037417,99.0,0.7376140477880985,471.0,2.3840357262454215,129.0,1.5453162302119468,291
2765008422,source,Global Strategy Journal,2042-5791,B,,126.0,2.2292679526761714,189,,,2.472230718872553,111.0,,,,,1.4881448821839534,317
193228710,source,Journal of Financial and Quantitative Analysis,0022-1090,A,,334.0,2.2204193155555476,190,,,,,1.9478554020747167,153.0,,,1.379814314335358,406
125775545,source,Operations Research,0030-364X,B,,746.0,2.2200350385569774,191,,,1.9547341729367729,197.0,,,,,1.0671932878656347,782
87216513,institution,Michigan State University,,,US,413.9684178974619,2.2090217145666755,192,1.9507862940700564,144.0,1.9571393749248485,196.0,4.3700413795674855,45.0,1.965977122960264,207.0,1.4737300514265605,325
28882882,source,Organization Studies,0170-8406,B,,408.0,2.2015177501222984,193,,,2.242777128338539,137.0,,,,,1.2706039427337712,515
193531525,institution,George Washington University,,,US,230.69242139290094,2.1873217560732203,194,1.4261798174354228,227.0,2.4049266616188683,113.0,3.5469126661406216,75.0,2.2028795994684987,156.0,1.7444762957562985,189
47508984,institution,Imperial College London,,,GB,224.48653878416658,2.1737582022193793,195,1.167229294607185,313.0,2.3258095029680144,124.0,4.285683872427115,49.0,1.0218593801215556,513.0,1.5813740600523218,274
11394615,source,Strategic Organization,1476-1270,B,,170.0,2.1705245280454344,196,,,2.259836866629954,132.0,,,,,1.2601711241214046,526
145311948,institution,Johns Hopkins University,,,US,270.122395578278,2.168336983392715,197,1.6530293598281145,186.0,3.2165054599437535,61.0,1.2735638755569028,250.0,2.065609985290797,183.0,1.3716390586785374,415
145608581,institution,University of Miami,,,US,181.43779779588604,2.166549246091147,198,0.6143780189758026,769.0,2.5402526603354123,106.0,3.4264599769894093,80.0,0.8291771450953068,605.0,1.6390526271512766,237
166337079,institution,Queen Mary University of London,,,GB,205.06174793460502,2.162729588174458,199,2.953501222005313,80.0,0.9529020622994281,717.0,1.610463189993634,185.0,2.094880943950163,179.0,1.3612446271399379,428
124055696,institution,University of Copenhagen,,,DK,220.14638222500787,2.1470093155888472,200,2.3981768317550327,103.0,0.702960418657974,1036.0,1.619594128881929,183.0,2.500052115161948,117.0,1.3298982125577359,456
142306484,source,Journal of Operations Management,0272-6963,B,,220.0,2.134839489700792,201,,,2.311965906611086,126.0,,,,,1.4199739495388064,374
110152177,institution,University of Akron,,,US,105.26666666666665,2.1345717307949057,202,0.534854412314848,888.0,2.837227683457085,88.0,1.453510058261644,216.0,2.3350375327306203,134.0,4.402161749224754,12
166621295,source,Journal of Health Economics,0167-6296,E,,369.0,2.1331206675970993,203,2.1866085139419367,122.0,,,,,,,1.3831446231049556,403
55769427,institution,Indiana University – Purdue University Indianapolis,,,US,49.37969877344879,2.1055546782034993,204,1.2731795345129486,282.0,3.646034143163797,40.0,0.10179216040079803,1561.0,,,1.6895268975724962,213
889458895,institution,University of Hong Kong,,,HK,578.6235730734644,2.103687833659031,205,1.6078397771842179,189.0,1.8987359107146902,213.0,2.937585903608901,96.0,1.4469489757283696,340.0,1.5758332521793466,279
101209419,source,Journal of Development Economics,0304-3878,E,,592.0,2.0974829517136673,206,2.1446220439318524,125.0,,,,,,,1.475227537188561,324
4210173453,source,AMS Review,1869-814X,B,,120.0,2.091846176500165,207,,,2.358486444080955,119.0,,,,,1.5768164046679618,278
4210173595,source,American Journal of Health Economics,2332-3493,E,,23.0,2.079070474556072,208,2.0077731335340743,137.0,,,,,,,0.92484306577466,1060
125068653,institution,IE University,,,ES,125.20110546087594,2.073702789703655,209,1.3840835322341596,240.0,2.122694485985185,164.0,2.384145406560186,133.0,,,1.6802552628717145,216
87745625,source,International Journal of Management Reviews,1460-8545,B,,145.0,2.073249118714899,210,,,2.2854370923412257,129.0,,,,,1.9334690524152225,141
172782825,source,California Management Review,0008-1256,B,,130.0,2.071997905611587,211,,,2.1349838814999873,160.0,,,,,2.336606408812234,73
103311983,source,Journal of Advertising,0091-3367,B,,221.0,2.068366027222195,212,,,2.247543563337741,133.0,,,,,1.689745890337505,212
76844451,source,Annual Review of Resource Economics,1941-1340,E,,114.0,2.0637557680081526,213,1.9533888469217682,142.0,,,,,,,1.7132185413011358,201
223532165,institution,University of Utah,,,US,252.6815739070534,2.0635588145918633,214,1.1357547447024245,327.0,2.006332601868171,187.0,5.0584283212680425,31.0,0.3876720851262413,949.0,1.2429203031028366,550
130769515,institution,Pennsylvania State University,,,US,636.9681224798048,2.0497247086422683,215,1.98188406482209,138.0,2.039230793257213,179.0,2.164136562493338,143.0,1.1085605167584283,471.0,1.4576554073837806,337
91045830,institution,Texas A&M University,,,US,373.89433566756804,2.041718218967621,216,1.2443395251574378,295.0,2.465752294654545,112.0,2.8978418772354337,98.0,0.8780745919327925,576.0,1.606939212551221,251
202812398,source,Information Systems Research,1047-7047,B,,480.0,2.041595807252128,217,,,2.2444984980240554,136.0,,,,,1.4448765343569687,351
179979277,source,International Economic Review,0020-6598,E,,242.0,2.03218244201,218,2.0614387786189865,129.0,,,,,,,0.9622137891896014,975
121934306,institution,Tufts University,,,US,55.56113932363933,2.021177179052843,219,1.9616383419583572,141.0,1.3664389970764654,412.0,,,0.5683714448259729,790.0,1.4868178040523725,318
180519160,institution,Copenhagen Business School,,,DK,651.6550795362859,2.018658888092544,220,1.7191565872993706,171.0,1.9800242271279305,194.0,2.099489522869025,150.0,2.214822201679121,152.0,1.6189452266089956,246
126307644,institution,University of Iowa,,,US,144.43412698412695,2.016096819360929,221,1.3726564157338697,245.0,2.723757265042746,95.0,2.065545515039037,151.0,0.2441447973663416,1093.0,1.2199616552234365,578
168864056,institution,Bilkent University,,,TR,97.12023809523808,2.01214601823166,222,3.288297156377681,65.0,0.8269988295432362,861.0,0.5390585630468729,671.0,1.247185549415197,409.0,1.4494208861082356,344
11810700,source,International Journal of Research in Marketing,0167-8116,B,,271.0,2.0097806132565816,223,,,2.340956423070815,121.0,,,,,1.9170108810323114,143
178169726,institution,Southern Methodist University,,,US,123.99487239655463,1.9973226824394188,224,0.7094780206717978,649.0,2.164350570099295,152.0,3.899455006202982,61.0,,,1.354765905975425,432
2058785,source,Journal of money credit and banking,0022-2879,A,,115.0,1.9890182935534046,225,,,,,1.1086698461147335,304.0,,,1.0593736878905267,797
107077323,institution,Worcester Polytechnic Institute,,,US,53.017883022774335,1.9597297832365783,226,0.20349915027363938,1627.0,2.785991257698153,92.0,0.11448986749073399,1525.0,4.422812463286969,20.0,3.266045589328224,26
155660961,institution,University of Turku,,,FI,179.14789377289375,1.9557565683952038,227,0.4638665202949197,1013.0,2.8999444676399135,83.0,0.5729676260755325,620.0,0.6804098393728777,712.0,2.647169590478443,55
887064364,institution,University of Amsterdam,,,NL,401.41158604283606,1.955239826566318,228,1.697197888206996,173.0,1.8769810281806032,221.0,2.2758404046781977,138.0,5.057250632621687,15.0,1.4337277754594517,360
181565077,institution,Georgia State University,,,US,250.85991324622782,1.9550272971273295,229,1.8948217921087842,149.0,2.2472565488488256,134.0,1.655346344369173,178.0,0.7419631156417118,666.0,2.0623447520219553,115
55732556,institution,Arizona State University,,,US,488.86941433409453,1.9473036349238813,230,1.5565177075647942,198.0,2.2986600705851217,127.0,2.1427562963072595,146.0,2.4105645925641834,124.0,1.5389983815451487,296
186143895,institution,Lehigh University,,,US,90.55277777777778,1.944894567973761,231,0.8668377344570576,493.0,2.214824623761154,143.0,2.574193408632737,120.0,0.1588061202065879,1172.0,1.597605135588816,261
2802236040,institution,University of Colorado System,,,US,30.17222222222222,1.9349585829172988,232,1.2638614142869304,287.0,2.005672689558274,188.0,2.65311594977908,113.0,,,1.1792469197697644,630
52357470,institution,The Ohio State University,,,US,334.3314967626113,1.9342553783984067,233,1.4065300631591935,232.0,2.1966955063220808,145.0,2.6021253849906194,119.0,2.311744666266273,139.0,1.3045702551664704,480
114457229,institution,University of Geneva,,,CH,124.02463924963925,1.9248158465719445,234,0.7261828326356076,626.0,3.976665059574048,34.0,2.2307127009126635,141.0,0.6692158269891434,716.0,1.391415170062642,396
161593684,institution,Stockholm University,,,SE,197.44797242325168,1.9238793455062628,235,2.322279155815178,107.0,1.6036506731799518,282.0,0.9720936676942771,352.0,1.228534930639178,415.0,1.2307863266331271,564
86501945,institution,University of Delaware,,,US,169.7909223106928,1.9170173094651908,236,1.1547637796009629,318.0,1.3988013118422307,388.0,4.660917769654109,40.0,1.5542759222378448,302.0,1.2138381199944883,591
106686155,source,Journal of Risk and Uncertainty,0895-5646,A,,121.0,1.9158803728285485,237,,,,,1.33810409487184,231.0,,,1.1028268465080222,725
135140700,institution,University of Bonn,,,DE,169.0465219421102,1.911639710719997,238,2.0398594773642036,132.0,0.5709416401248291,1251.0,1.0021564719881912,341.0,0.1563915416517343,1175.0,1.1077297669497186,719
165932596,institution,National University of Singapore,,,SG,621.137829754668,1.9058338414462652,239,1.6923730291984065,175.0,2.184701723816897,147.0,1.4037370327236849,223.0,1.760133534148221,242.0,1.4227618030350366,372
141600920,source,Fiscal Studies,0143-5671,E,,126.0,1.9042272309717019,240,1.9396247985022719,145.0,,,,,,,2.171363346544426,99
241749,institution,University of Cambridge,,,GB,523.4522712010212,1.90143155103348,241,1.5387380232911612,205.0,2.6737003704737607,101.0,1.4573014725808568,214.0,1.567222571307388,296.0,1.5021970845536896,312
114395901,institution,University of Nebraska–Lincoln,,,US,170.26478056310074,1.897532987588184,242,1.0558013593109061,360.0,2.145270470833925,157.0,2.7004581098251887,110.0,1.0154016154689225,516.0,1.4789780617450243,322
5984737,source,Journal of Financial Intermediation,1042-9573,A,,115.0,1.893964903026249,243,,,,,1.6752249007269326,175.0,,,1.1773159568953375,632
180242103,institution,Stockholm School of Economics,,,SE,245.74577852027636,1.8929594576684827,244,1.8886779511109397,150.0,1.9298848847479095,203.0,1.4470154723157178,219.0,1.2930719873852996,393.0,1.587869983889599,269
40120149,institution,University of Oxford,,,GB,677.8599057519364,1.8904731097572445,245,1.6718602619088911,179.0,2.02356517818407,182.0,1.628819436120966,182.0,1.9873982453071757,200.0,1.552987976133351,287
2875300,source,Review of International Political Economy,0969-2290,X,,329.0,1.8838326565475823,246,,,,,,,2.6867684386546746,99.0,1.270742207320832,514
61446109,source,Human Relations,0018-7267,B,,308.0,1.8775799524882362,247,,,1.9995925291081127,190.0,,,,,1.4157099332138698,376
107183665,source,Journal of service management,1757-5818,B,,217.0,1.8718326154141416,248,,,2.1481415591066075,156.0,,,,,2.142331380032702,105
57201433,institution,Università della Svizzera italiana,,,CH,72.08199855699856,1.8659335732323274,249,0.8871840687760403,477.0,2.1590863491941,153.0,6.512205040086961,15.0,1.206867549559574,433.0,1.4319062271762637,364
177725633,institution,Chinese University of Hong Kong,,,HK,365.43559010434006,1.845599960833511,250,1.0993669990542299,345.0,1.6682413179258697,268.0,2.6147979164611703,116.0,1.7514630403862448,244.0,1.448240147333623,345
181046868,institution,BI Norwegian Business School,,,NO,249.64237228405455,1.8439565494700676,251,2.379362221086761,104.0,1.5360890879135367,318.0,2.6740546433195345,111.0,1.4333301765586672,345.0,1.5248473609292075,302
180825142,institution,"City, University of London",,,GB,260.2807955932956,1.843238710179707,252,0.960787129627828,427.0,2.6807988796839375,100.0,0.9733813538762761,351.0,3.32635791216072,54.0,1.3962420479390987,393
96062909,institution,Babson College,,,US,105.52045480931095,1.8414786132176235,253,0.13164944034107903,1792.0,2.1995931729472287,144.0,1.835236750926582,161.0,0.4539443427171131,880.0,1.8273835682053878,164
197251160,institution,Hebrew University of Jerusalem,,,IL,164.63151154401152,1.8230511663495979,254,2.246994270015831,116.0,1.3287605777238394,434.0,1.306210546397985,237.0,1.3531603388123081,368.0,1.0010048252845698,915
16391192,institution,Tel Aviv University,,,IL,182.11984126984123,1.8127956366954,255,1.7847534034423085,159.0,1.6682188886859812,269.0,2.4129047254031235,131.0,0.8294416598769353,604.0,1.1082036197059006,718
165733156,institution,University of Georgia,,,US,341.221835794924,1.8106430580360557,256,1.3425170259301078,257.0,2.1771120401075996,148.0,3.0057921511783534,93.0,0.3509106057015119,983.0,1.2604381079632556,525
59553526,institution,Stony Brook University,,,US,71.89534632034632,1.8085289116952128,257,2.522223945446354,97.0,1.0282281503857247,651.0,1.344301327680761,230.0,0.0917620395063671,1237.0,1.1009450657816735,729
114832834,institution,Tulane University,,,US,148.15872190611321,1.807595863707132,258,0.9047618630205083,465.0,2.324348556626363,125.0,2.4839204267669546,126.0,1.326909588133822,376.0,1.077714760968144,765
70983195,institution,Syracuse University,,,US,198.49566802620194,1.7960193724983806,259,1.47537033694565,221.0,2.2312713843201415,139.0,1.2259605042084507,261.0,2.2194125854155837,151.0,1.5264484776948128,300
16269868,institution,Santa Clara University,,,US,92.3843253968254,1.7959699192354903,260,0.8870585032065619,479.0,2.2234484334246125,142.0,1.55325004534893,199.0,,,1.2094660296801962,596
874792244,institution,European University Institute,,,IT,124.66578282828283,1.793673249478562,261,1.671457921281214,180.0,0.7399853838692054,986.0,0.9586262027628845,355.0,2.013731028781742,191.0,1.0529597309534753,808
162577319,institution,The University of Texas at Dallas,,,US,268.02723665223664,1.7913978214534227,262,0.70800817705981,651.0,2.190699551087724,146.0,1.3250471294485149,234.0,,,1.2956324819595593,489
185253248,source,Human Resource Management Review,1053-4822,B,,156.0,1.7817899093556717,263,,,2.0229496028879708,183.0,,,,,2.3123928694835896,77
12912129,institution,Northeastern University,,,US,189.5462665112665,1.7813378457614886,264,0.43173279513066093,1091.0,2.644199768652419,102.0,1.0397124597838492,325.0,1.6194726887038218,276.0,1.3680303652312331,420
158012942,institution,University of Richmond,,,US,90.85535714285714,1.7777006075345312,265,2.0090011684405815,136.0,2.2635096653277595,131.0,0.7718125374629364,451.0,1.0875330018030047,483.0,1.2314804350053281,562
180923762,institution,University of Cologne,,,DE,164.93186029656616,1.7734175757669537,266,1.7496246977064112,165.0,1.9837209113205836,193.0,1.1518586745432051,290.0,1.9644838054287141,208.0,1.4238583125593085,369
155781252,institution,University of South Carolina,,,US,313.45583199251416,1.769728902028499,267,0.6710899371360901,699.0,2.067750380384915,177.0,2.236389268425803,140.0,0.3618624648371587,974.0,1.5126808193170336,307
4210148621,institution,Luxembourg Institute of Socio-Economic Research,,,LU,38.7906746031746,1.7639235839968121,268,1.3947660690625812,236.0,0.20214856527853026,1901.0,0.17724558275599256,1389.0,,,1.06331759431102,789
124261006,institution,École Supérieure des Sciences Économiques et Commerciales,,,FR,88.72758769008767,1.7638216184696858,269,2.056942945678527,130.0,1.6976309515635857,265.0,0.6641481635990915,528.0,,,1.1877375971269866,621
103635307,institution,"University of California, Riverside",,,US,94.63333333333331,1.7600351685714033,270,1.1022058759735645,342.0,4.287095584327999,25.0,1.2685356017019376,252.0,0.5854826977505397,767.0,0.963162976879099,974
153718931,institution,University of Ottawa,,,CA,225.40413406758086,1.7573968945479281,271,2.821858741397881,82.0,1.2811078131136824,462.0,0.5835555787095711,608.0,1.696258797028612,259.0,1.4362546860896201,356
133335107,source,Mathematical Finance,0960-1627,E,,132.0,1.7543097370671652,272,1.5665284794715324,195.0,,,,,,,0.9152391369960212,1084
39422238,institution,University of Illinois Chicago,,,US,206.39413071070425,1.749492022000996,273,0.8722596157736867,488.0,1.951937381265839,199.0,3.5583887819940427,73.0,3.8245934772028614,32.0,1.0338115545816149,841
192455969,institution,York University,,,CA,328.39511255050184,1.7322435058076793,274,1.2368737449715785,298.0,1.9043856912098562,212.0,1.0876203811071297,310.0,1.7143279289759104,252.0,1.3680595870516508,419
122073985,source,The Journal of Economic History,0022-0507,E,,199.0,1.7216960013740703,275,1.7408136720575982,167.0,,,,,,,0.7891151774285775,1385
193662353,institution,Utrecht University,,,NL,341.68103283555644,1.7203247588232353,276,1.749599938624049,166.0,1.5469138728129883,314.0,1.2968081249708947,241.0,4.1813598067973174,23.0,1.4671217330525779,329
204722609,institution,Queen's University,,,CA,161.13801557919203,1.7172386520887506,277,1.0795203285883435,352.0,2.3603924926450857,118.0,1.2947836833867026,242.0,1.5824931668233524,289.0,1.3794672746887164,407
125749732,institution,Western University,,,CA,320.0321560410395,1.7142461832506246,278,1.1338047025622389,328.0,2.2286330799936613,140.0,0.8959813111077044,386.0,1.2205260122564663,423.0,1.3647937083453152,425
202963720,institution,University of St.Gallen,,,CH,335.5017857142857,1.7123303814216162,279,1.4572415840418562,224.0,2.223945237528186,141.0,0.9575160193634328,357.0,1.0920869976697887,478.0,1.7966185009761613,178
200872515,source,Journal of Environmental Economics and Management,0095-0696,E,,439.0,1.70862142414448,280,1.7083860764209289,172.0,,,,,,,1.2231442537397366,574
931913249,institution,Norwegian School of Economics,,,NO,217.97681466481268,1.7085869569414178,281,1.8826515555352599,152.0,1.409705370955864,384.0,1.4621388545218021,211.0,0.019347929013365524,1291.0,1.350748538166452,440
49389958,source,Econometric Theory,0266-4666,E,,173.0,1.6992608510130676,282,1.6693308904670754,181.0,,,,,,,0.7480296088228174,1502
4432739,institution,University of Bergen,,,NO,73.09491341991341,1.6971191887838164,283,2.0829528815512646,128.0,1.747292937213938,252.0,1.0699199836187936,313.0,1.587121237350749,286.0,1.5961382306757181,262
5023651,institution,McGill University,,,CA,237.83208022484345,1.6923665273440054,284,1.384430865281757,239.0,1.9204009321011644,205.0,2.191304580468731,142.0,3.7087426986019163,38.0,1.2643168312299318,522
75845752,source,Auditing A Journal of Practice & Theory,0278-0380,A,,172.0,1.6915870929138892,285,,,,,1.4510271460021822,218.0,,,0.9990617037094504,919
99065089,institution,Tsinghua University,,,CN,588.3617229366494,1.689870394827336,286,1.3089013709154569,268.0,1.1563641353448104,538.0,3.5515933489480305,74.0,0.6560370309016109,726.0,1.7487178236028715,188
189712700,institution,University of Konstanz,,,DE,62.08055555555555,1.6891168496366387,287,2.034574763524135,133.0,1.3553015518109555,421.0,1.2820702829802033,247.0,,,1.2884138347145968,498
108192572,institution,HEC Montréal,,,CA,353.51310606060605,1.6884335224486684,288,1.9525255012046605,143.0,1.8412394464895754,229.0,1.3045751409752013,238.0,0.3658417132637511,970.0,1.3364843315535873,452
56441308,institution,Libera Università Internazionale degli Studi Sociali Guido Carli,,,IT,196.62400793650795,1.6800088198346785,289,1.686133432561312,177.0,1.7176468073163544,260.0,0.8314306849822929,423.0,2.3323143815838208,136.0,1.665132602338615,223
160573970,source,Journal of Organizational Behavior,0894-3796,B,,358.0,1.678824935128384,290,,,1.8336378479177378,232.0,,,,,1.2732144464230235,511
4210202650,source,Academy of Management Discoveries,2168-1007,B,,156.0,1.6783511814980692,291,,,1.793249398871398,241.0,,,,,0.9113318990944593,1094
84392919,institution,Temple University,,,US,244.53222502056616,1.6674814116811585,292,0.6395244988877311,734.0,2.0190900072505085,184.0,1.644031379086756,179.0,0.5879655313804822,765.0,1.3541596695494935,434
113497174,source,Human Resource Management Journal,0954-5395,B,,265.0,1.664731266891112,293,,,1.8651933742362519,224.0,,,,,1.4818597293387321,319
96413208,institution,Swinburne University of Technology Sarawak Campus,,,MY,54.06234737484738,1.663717755320026,294,0.27313354484985436,1468.0,2.011896955683659,185.0,0.8908483663208198,389.0,0.7153029191381224,687.0,4.896162964523521,10
43968019,institution,Karlstad University,,,SE,62.97801226551226,1.6629342677513224,295,0.1927608069679646,1655.0,2.170401560004957,150.0,0.31176124555030504,1074.0,,,1.7896577955574786,180
38350834,source,Journal of Business Logistics,0735-3766,B,,148.0,1.661752018645166,296,,,1.9126229745045842,210.0,,,,,1.4355843924033662,357
38825547,source,Economic Geography,0013-0095,E,,115.0,1.6608789018918657,297,1.31952448533166,264.0,,,,,,,1.458465644539998,336
4210089966,institution,London School of Hygiene & Tropical Medicine,,,GB,48.636179582166086,1.658705490959235,298,1.176626346115365,308.0,,,0.10034743878307385,1562.0,12.345282034894547,1.0,1.5479804406090811,290
154425047,institution,University of Alberta,,,CA,235.8962024087024,1.6556703988100931,299,0.9586848149415986,428.0,3.2327314047805715,59.0,1.1506985192663435,291.0,3.2939090191510907,58.0,1.2780417467227436,508
197518295,institution,IZA - Institute of Labor Economics,,,DE,169.96670634920633,1.6496169266433398,300,1.5558672534655134,199.0,1.5877728046726143,295.0,0.8197816383400612,428.0,,,1.127703287478846,700
25250876,source,Economy and Society,0308-5147,E,,63.0,1.6491342318952285,301,1.733243064980337,168.0,,,,,,,0.9704285884563303,965
168635309,institution,University of Calgary,,,CA,237.27368233618233,1.6479629936075508,302,1.2893029355559156,273.0,2.105023771931269,167.0,1.283236849035618,246.0,1.6231690314466858,273.0,1.3961017616266116,394
25169866,institution,Universidade Católica Portuguesa,,,PT,125.36441798941799,1.6376333154014755,303,0.6028153519230526,782.0,2.27601095412631,130.0,0.9563369054530655,358.0,2.760273551829145,94.0,1.8691603484859167,154
69338747,source,European Economic Review,0014-2921,E,,782.0,1.6369274641686111,304,1.5531603440733515,201.0,,,,,,,1.0854711509526296,751
102248843,institution,Vienna University of Economics and Business,,,AT,322.41009527364514,1.6316953555887526,305,1.202872614053759,304.0,2.0069693274628904,186.0,1.6356860526499362,181.0,1.839488909559473,225.0,1.4589296798280045,334
193700539,institution,Tilburg University,,,NL,358.5981569116016,1.6240523256920765,306,1.099868258741677,344.0,1.8666994281257763,223.0,1.2790953244354824,248.0,1.4920065731026313,321.0,1.3121728467936828,472
50310733,institution,Banco de Portugal,,,PT,43.01303418803419,1.621497019031623,307,1.4687319871227777,222.0,1.3577135969910836,419.0,1.164430811536823,284.0,,,0.9156877957922213,1081
114090438,institution,Goethe University Frankfurt,,,DE,225.30479747729748,1.6151505558294295,308,1.7809821523249685,160.0,0.991746557080479,687.0,1.1815487544029104,273.0,1.3280476486922979,375.0,1.195285628219682,615
5593406,institution,Universitat Ramon Llull,,,ES,151.10614560792806,1.6134888853426113,309,0.6465075946395251,727.0,2.0372223777959975,180.0,0.8749664924144768,398.0,0.5727058326366673,785.0,1.6573517789462167,227
24603500,institution,University of Massachusetts Amherst,,,US,242.58224532476868,1.611417980490523,310,1.2605097824326914,290.0,1.8639925281895457,225.0,2.783071168897528,104.0,1.0885086507438628,482.0,1.2346627147311697,558
149070780,source,Production and Operations Management,1059-1478,B,,1135.0,1.610595928782976,311,,,1.750277236254649,251.0,,,,,1.0827279748205296,757
171543936,institution,Free University of Bozen-Bolzano,,,IT,153.93056402534663,1.6068564910579153,312,0.8395911373834251,515.0,2.1306643570161667,161.0,0.46341945298277853,766.0,1.224128369448152,418.0,2.2473764898121464,84
18095783,source,Journal of Business and Economic Statistics,0735-0015,E,,433.0,1.599779822526142,313,1.6326806375382943,187.0,,,,,,,0.8065231609125969,1339
8204097,institution,Ludwig-Maximilians-Universität München,,,DE,182.68721848200107,1.5992875600414538,314,1.3469099583395392,256.0,2.232377806833316,138.0,0.8986950478839586,383.0,2.709621670635974,98.0,1.3030967691577826,482
31748134,source,Industrial Marketing Management,0019-8501,B,,933.0,1.5970461392951645,315,,,1.8098704946472421,239.0,,,,,1.7181755820249291,200
1310145890,institution,International Monetary Fund,,,US,423.37090548340547,1.5932742195206895,316,1.3574077485983482,249.0,0.7618253844723761,951.0,1.0708171985532307,312.0,1.5961901291838616,283.0,1.2444267132580795,547
44376543,source,Business & Society,0007-6503,B,,258.0,1.591189273223968,317,,,1.7310750611090413,258.0,,,,,1.2161808273791161,583
172675005,institution,Nanyang Technological University,,,SG,292.0521825396825,1.589914162584002,318,0.9735667106511992,417.0,1.5958128381080996,286.0,2.139353681232047,147.0,0.8993278355820331,570.0,1.545150746118495,292
177802217,institution,University of Mannheim,,,DE,217.7092427049971,1.587661858351224,319,1.8271958414366136,157.0,1.3652712124502164,413.0,1.39127674021083,224.0,0.9566045548445516,543.0,1.3131020012237142,470
138006243,institution,University of Arizona,,,US,241.77966616716617,1.585774204166691,320,0.9553591274813482,429.0,2.0800028129554646,171.0,2.8364474357787524,101.0,1.042443932881573,501.0,0.9544760748038741,996
913958620,institution,Erasmus University Rotterdam,,,NL,766.4566552277897,1.584405437417988,321,1.1481624647694235,319.0,2.0714183941319155,176.0,1.6183758034889582,184.0,1.096957185991918,476.0,1.2159650737681247,584
9927081,institution,Aalto University,,,FI,294.91703106834683,1.5830748644767596,322,1.298729533398393,271.0,1.7281231268051378,259.0,1.4705406876632747,209.0,0.9981080816396729,526.0,1.349463314248929,441
209991678,institution,Maastricht School of Management,,,NL,46.002678571428575,1.579120516015366,323,0.8385394743029966,516.0,1.545470823022943,315.0,2.462050173124745,128.0,0.6160122858160169,750.0,1.5565152094158465,285
23010633,source,Asian Economic Policy Review,1748-3131,E,,125.0,1.5778858273623564,324,1.8306765015878372,155.0,,,,,,,1.042153268982787,826
33519306,source,Econometrics Journal,1368-4221,E,,124.0,1.577221206135584,325,1.4147586581941995,229.0,,,,,,,0.7977785949502335,1362
2802706902,institution,Knoxville College,,,US,32.282936507936505,1.5764207924722067,326,0.2524266102620136,1523.0,2.0810871748655386,170.0,0.46546946452379784,761.0,,,1.249636605116337,544
168719708,institution,City University of Hong Kong,,,HK,324.59466117216107,1.5748628587518814,327,1.133268468107871,329.0,1.7784476049577824,245.0,1.5600847778408669,198.0,2.9144236939931303,81.0,1.249959579490633,542
66510378,source,Critical Perspectives on Accounting,1045-2354,A,,248.0,1.5710053709366976,328,,,,,1.227983058035238,259.0,,,1.2307324816201626,565
98635879,institution,American University of Beirut,,,LB,77.53465608465608,1.569239923708331,329,0.9083452758689121,463.0,1.8350732970138839,231.0,1.3367963747387206,232.0,,,1.374790952211429,409
85739584,source,Journal of Applied Econometrics,0883-7252,E,,268.0,1.5669330691163763,330,1.5635698834294822,196.0,,,,,,,0.8933368773154682,1131
1334329717,institution,World Bank,,,US,277.6109599364137,1.565969501351419,331,1.5296028606450807,207.0,0.4581674619928046,1451.0,0.9780535051480644,347.0,0.9267886333247247,557.0,1.2780679327324531,507
23343376,source,International Business Review,0969-5931,B,,406.0,1.5632607922823067,332,,,1.7829255792709169,243.0,,,,,1.5155863433117625,306
889315371,institution,Agricultural & Applied Economics Association,,,US,62.559156097314,1.560062291791867,333,1.6914315011055385,176.0,0.30431656296587023,1733.0,0.19224843185474133,1360.0,2.262623813244731,147.0,1.057111061259984,803
1650206,source,Milbank Quarterly,0887-378X,X,,211.0,1.5599247843096566,334,,,,,,,1.8421622104435493,223.0,1.4089243670291716,383
2876017,source,Journal of Banking & Finance,0378-4266,E,,884.0,1.5594102632180513,335,0.9878374712953037,403.0,,,,,,,1.185765420789649,623
93284759,source,Journal of Business Research,0148-2963,B,,3502.0,1.5585029155350159,336,,,1.7314787640261813,256.0,,,,,2.2777064775590556,81
51601045,institution,University of Bath,,,GB,280.97873349866956,1.5579166121011907,337,0.8177664057136075,537.0,2.073861412749629,175.0,0.8374263931627364,417.0,3.775905242778639,33.0,1.4533575157729408,339
64175962,institution,China Europe International Business School,,,CN,102.68218575718578,1.5575782673142982,338,0.5211656314391142,906.0,1.827035401921596,234.0,1.0186985427228674,333.0,3.3275920373807355,53.0,1.2574962349331391,530
97565354,institution,University of Lausanne,,,CH,190.73279320095108,1.551480362193638,339,1.2143968974916133,300.0,1.8867067205227088,218.0,1.498531648069448,205.0,1.7018754524489859,256.0,1.013208004997408,882
197323543,institution,Johannes Gutenberg University Mainz,,,DE,52.22335164835164,1.5505386723079935,340,0.9782705980777052,412.0,1.906550231703421,211.0,2.3454674561738202,134.0,,,1.239942522541203,555
120250893,institution,New York University Abu Dhabi,,,AE,44.341666666666654,1.549450931390271,341,1.8050921530374042,158.0,0.5079472127871094,1367.0,0.0378165037259377,1664.0,,,0.786836171711922,1389
921990950,institution,University of Colorado Denver,,,US,81.84414890664888,1.5488393352616496,342,1.52252754163317,209.0,1.8530577907423988,227.0,1.014872587934808,337.0,,,1.1305897293544527,695
75027704,institution,University of Tennessee at Knoxville,,,US,247.32885209183164,1.5486493601143458,343,1.065315779071006,355.0,1.8959772412975155,214.0,1.490854916164305,207.0,0.7773673341896573,633.0,1.4261972609097713,368
169221615,source,Information Economics and Policy,0167-6245,E,,96.0,1.543985138818613,344,1.3242205593121068,263.0,,,,,,,1.1448396218503172,672
84340266,institution,WHU – Otto Beisheim School of Management,,,DE,188.58260774714873,1.537687970878392,345,1.0047723784199438,389.0,1.6498463090252302,273.0,1.224067067767386,262.0,,,1.6617665904287586,224
146416000,institution,University of Kansas,,,US,134.7240859607682,1.5291249452914406,346,0.5866653897236428,801.0,1.7629493411949788,248.0,2.4734579094026192,127.0,1.2503219766813016,407.0,1.1222137731916548,705
50357001,institution,Universidad Carlos III de Madrid,,,ES,239.31424963924962,1.5261791240614804,347,1.3859944885691953,238.0,2.087294465405369,169.0,0.5851843940919426,607.0,,,0.9951269050034557,923
205892228,institution,Berlin School of Economics and Law,,,DE,98.99251253132829,1.5210681925506093,348,0.5946406467011762,792.0,2.981607271302406,74.0,0.453071651301837,786.0,2.9217291138587687,80.0,2.4501217087901153,62
184564680,institution,Inter-American Development Bank,,,US,87.62738095238096,1.518175539394895,349,1.3767030239256912,242.0,0.7591456836292858,954.0,0.7531881037454663,463.0,,,0.947139318010245,1014
124549413,source,Journal of Economic Surveys,0950-0804,E,,263.0,1.513139131577617,350,1.4946671641693934,216.0,,,,,,,1.3840791973594015,401
35440088,institution,ETH Zurich,,,CH,295.9583545539428,1.5103879225620083,351,1.2715130100883025,285.0,2.138867486994521,159.0,0.7708336918494544,452.0,1.6889783666847724,262.0,1.421107627558251,373
141810926,institution,Baruch College,,,US,161.02517514935738,1.504319350128508,352,1.3512665201961536,253.0,1.4314456888182916,376.0,1.5012158208051616,203.0,,,1.1468697620503292,671
31746571,institution,UNSW Sydney,,,AU,475.3918723946882,1.5034000013207143,353,1.5823517609092217,191.0,1.4805558204548301,350.0,1.3080981626478347,235.0,0.5366683336376286,808.0,1.2563282658212946,533
16285277,institution,William & Mary,,,US,45.32114621489621,1.5025757218737488,354,1.9061889782953414,147.0,1.9471403347577494,201.0,0.47597878358767515,745.0,0.4632010731914438,874.0,1.0944602878663268,738
179517972,source,Canadian Journal of Agricultural Economics/Revue canadienne d agroeconomie,0008-3976,X,,139.0,1.4985300958754233,355,,,,,,,3.3075417832100245,56.0,2.647716476447603,54
2898242091,source,Journal of Business Venturing Insights,2352-6734,B,,301.0,1.4973078542433191,356,,,1.6291584959381546,277.0,,,,,1.4626518928976844,332
121820613,institution,Louisiana State University,,,US,162.7266670375315,1.4921922660751883,357,2.2807552670874935,112.0,1.5145573081977914,331.0,0.8923707879616501,388.0,0.5852001236385196,768.0,1.1313708360010308,693
18436875,source,International Journal of Electronic Commerce,1086-4415,B,,56.0,1.4900012066513617,358,,,1.655038169150567,272.0,,,,,1.3244134245267392,464
116483603,source,Journal of Risk & Insurance,0022-4367,A,,136.0,1.4889129261527179,359,,,,,1.6866921779054114,174.0,,,0.9346659624715905,1036
579031,source,Economic Theory,0938-2259,E,,340.0,1.4821805022835943,360,1.555480067272788,200.0,,,,,,,0.7033085622616683,1610
146242404,source,New Political Economy,1356-3467,E,,262.0,1.4807700609523495,361,1.3763645820196813,243.0,,,,,,,1.02262316918913,869
162525099,source,Financial Analysts Journal,0015-198X,A,,12.0,1.479778410027768,362,,,,,1.0644646558396127,315.0,,,1.1895445870504613,617
162608824,institution,University of Sussex,,,GB,337.17325036075033,1.4787150812397256,363,1.7611416339534591,162.0,1.3970074384304654,390.0,0.8587282014844645,409.0,2.9425649432125334,79.0,1.414716406538382,379
190249584,institution,Universität Innsbruck,,,AT,168.19760938604807,1.477030754925396,364,1.9755495822422566,139.0,1.1597150465992587,536.0,0.6591460673569313,538.0,0.18558891213026793,1149.0,1.3717254805937873,414
28290843,institution,University of Surrey,,,GB,235.32027041585866,1.4751624822164715,365,1.6604790945804304,184.0,1.6022341240857694,283.0,1.1897526040825674,270.0,0.6976265091522568,704.0,1.6090701403452816,250
146268463,source,Journal of Institutional Economics,1744-1374,E,,230.0,1.4747311219985904,366,1.377960002496343,241.0,,,,,,,0.9509210152048446,1005
121847817,institution,"The Graduate Center, CUNY",,,US,36.82559523809525,1.4710534745646484,367,1.496214453547748,215.0,0.9585573999793459,711.0,0.753942118611803,461.0,,,0.8776844662368036,1166
93630570,source,Journal of Product Innovation Management,0737-6782,B,,203.0,1.4696145440262605,368,,,1.658678554689206,271.0,,,,,1.3693327362225782,418
133738476,institution,University of Massachusetts Lowell,,,US,102.28376623376624,1.4686948107214046,369,0.4008897593780242,1168.0,1.7787903407760879,244.0,1.2879509178418265,244.0,1.9922365638247679,198.0,1.2935379829101072,491
110002522,institution,University of Essex,,,GB,364.242911142911,1.4661679238926413,370,2.2672130319931583,113.0,1.0943342116597954,590.0,0.7861393045758771,447.0,0.8035722484448246,617.0,1.2955544683905613,490
1330701686,institution,Collegio Carlo Alberto,,,IT,55.62331349206349,1.4642948909493463,371,1.4168811607261986,228.0,1.2515985369145028,479.0,0.5998245311731742,590.0,,,1.0780313180744292,764
56590836,institution,Monash University,,,AU,722.5330116016861,1.4632524400617117,372,1.5056239452706779,213.0,1.588013028717576,294.0,1.0607518851751998,317.0,2.3412918438155734,132.0,1.4142825111388,380
103163165,institution,Florida State University,,,US,278.0029981413007,1.4617869490634627,373,1.098844510283888,346.0,1.8703377344882768,222.0,1.3607923257313492,228.0,1.562985997882903,297.0,1.2541304825622996,537
35566140,institution,Loyola Marymount University,,,US,59.30574684374488,1.4596257846144396,374,1.002266412798057,392.0,1.995843394799634,191.0,0.5222833301039495,687.0,0.12220385768572123,1207.0,1.2153774621496796,587
71052956,institution,University of Reading,,,GB,322.8596921123775,1.4595035015052578,375,0.9086778882814752,461.0,2.0740629356099065,174.0,0.5863633748180427,606.0,2.4046178489877024,126.0,1.8743079563764289,152
118119388,source,Journal of Family Business Strategy,1877-8585,B,,133.0,1.4579694599203707,376,,,1.588452840338979,293.0,,,,,1.2896756607033508,497
102322142,institution,"Rutgers, The State University of New Jersey",,,US,422.5590867916904,1.456535089363854,377,1.3712427735476038,246.0,1.541233738704026,316.0,1.3637841298348643,227.0,2.030133294262061,187.0,1.177313732676538,633
18014758,institution,Simon Fraser University,,,CA,213.55771558766992,1.4563969281586666,378,1.542164695711788,204.0,1.521065730154284,327.0,0.8984293510065401,384.0,2.0069576599186143,193.0,1.2157184695595349,585
118564535,institution,University of Bern,,,CH,148.45079365079363,1.450620627349529,379,1.7739059797198529,161.0,0.8350715602432502,849.0,0.7088036949450086,493.0,1.6980925290975657,257.0,0.9968270759261613,920
39841227,source,International Journal of Forecasting,0169-2070,E,,440.0,1.4479289583045045,380,1.274659887705114,279.0,,,,,,,1.4789774485259377,323
163774179,source,Labour Economics,0927-5371,E,,478.0,1.4460934382506614,381,1.4093078258149836,231.0,,,,,,,0.974216676603036,958
87933477,source,Environment and Planning A Economy and Space,0308-518X,X,,509.0,1.4460612134697224,382,,,,,,,2.1878930974263344,159.0,1.030948738288849,854
877107187,institution,University of Roehampton,,,GB,40.48452380952382,1.4392024325628028,383,0.0578400517414182,1909.0,1.892925653794311,216.0,0.20903253369812075,1321.0,,,1.6246412290515337,243
100930933,institution,University College Dublin,,,IE,249.5043213649096,1.438623785957036,384,1.2764377479578406,277.0,1.5933002353422836,289.0,0.9692122856031901,354.0,1.527713298660918,308.0,1.4319835533701124,363
143302722,institution,University of Kentucky,,,US,187.1319795944796,1.4362152809015902,385,1.1578730690645418,316.0,1.6594820575384368,270.0,1.7595360767467865,166.0,0.7390140191841302,668.0,1.0034893237384728,909
1319597252,institution,Center for Global Development,,,US,34.4797619047619,1.4327858157810613,386,1.4801816655131184,220.0,0.34111742551144264,1658.0,0.2870648865456522,1122.0,1.517509543230701,314.0,1.1340242881685905,689
34771391,institution,University of Cyprus,,,CY,85.2910052910053,1.4300181366761964,387,0.8923246450923396,472.0,2.0744557313956533,173.0,1.5629327922646206,193.0,,,1.3528170807167128,436
4210168091,source,The Journal of Law Economics and Organization,1465-7341,E,,127.0,1.4241458014243973,388,1.3699967058511984,247.0,,,,,,,0.6386600941055652,1788
97316453,source,Cambridge Journal of Regions Economy and Society,1752-1378,E,,188.0,1.4214561462106379,389,1.35455045709679,250.0,,,,,,,1.028461989692119,857
131249849,institution,Oregon State University,,,US,118.90261544011544,1.4207533207529994,390,0.574840077799043,823.0,2.049383231439697,178.0,1.7336271315230836,168.0,0.6636265149398225,721.0,1.105129718914848,722
5085271,institution,Hanken School of Economics,,,FI,198.65638528138533,1.4192643529675264,391,0.9139672226312643,458.0,1.7311834981945176,257.0,0.7947230177573366,442.0,,,1.7077852375101388,205
98677209,institution,University of Edinburgh,,,GB,360.27933114991936,1.4188154503338697,392,1.679917323807753,178.0,1.5358785356830824,319.0,0.7900637743067678,444.0,1.4546637808426073,338.0,1.149326611292543,666
16835326,institution,University of St Andrews,,,GB,101.71516516516517,1.410990314587432,393,1.373965854426943,244.0,1.7781661574220236,246.0,0.663088440916913,529.0,6.040424069091402,6.0,1.5327899593249925,298
1282776028,institution,German Institute for Economic Research,,,DE,90.79305555555555,1.4047073424362049,394,1.1701165687282402,309.0,0.8910814788448939,789.0,1.6591525974287384,177.0,0.5402237449188368,803.0,1.1693323395545576,646
23732399,institution,Montana State University,,,US,50.814682539682536,1.4039609729472458,395,1.2611159628288198,289.0,1.1346243364267765,556.0,3.583109963321727,72.0,1.1333592123092469,456.0,1.1987049065788578,607
134094273,source,Human Resource Management,0090-4848,B,,226.0,1.401210432008575,396,,,1.5556504925623622,312.0,,,,,1.2570537780459325,532
83205935,institution,Malaviya National Institute of Technology Jaipur,,,IN,142.2544719169719,1.399562243633047,397,0.47300149442689193,993.0,1.5801206864694415,300.0,1.1056506518197013,305.0,,,3.616215091339819,22
33213144,institution,University of Florida,,,US,433.7866538301412,1.3941903912633993,398,0.34657825998963626,1292.0,2.103243829691762,168.0,2.5257627174735924,124.0,1.1655887220142613,446.0,1.0442261205422891,823
4210119896,institution,King's College School,,,GB,58.41299715402038,1.3930819298453165,399,1.5103315747916604,210.0,1.8858504402107903,219.0,0.7433449575746858,466.0,2.3330323231847094,135.0,1.3225775000576168,466
34352273,institution,Maastricht University,,,NL,289.2116567132073,1.391944061144613,400,1.0021241499205502,393.0,1.5297931927368977,323.0,1.7252426620941583,170.0,4.5763661910834195,18.0,1.2148915806588516,589
58956616,institution,Case Western Reserve University,,,US,105.52047258297257,1.3898035273840939,401,0.7686025487235119,580.0,1.824285769669119,235.0,0.9437665567986403,362.0,0.069735897048917,1250.0,1.1302341330048726,696
185071736,institution,Chapman University,,,US,101.24408369408368,1.3887334706426664,402,0.9550541719506476,430.0,3.005953501445972,72.0,0.8885497137643668,391.0,,,0.7814930547342113,1401
78715868,institution,University of Arkansas at Fayetteville,,,US,210.25570822825495,1.3879540462381115,403,0.5452276302538935,876.0,1.9126526056072706,209.0,1.7791232257925425,164.0,0.6300745262773121,741.0,1.3666081186935015,422
137902535,institution,North Carolina State University,,,US,239.91344093021718,1.3873269144663696,404,1.3353230287834814,260.0,1.360584635619464,417.0,2.4936640266960115,125.0,2.1085499318191534,176.0,1.1533095988351014,660
17986141,source,Journal of Management Inquiry,1056-4926,B,,124.0,1.3872972101381564,405,,,1.501783403633268,340.0,,,,,0.9392672629957375,1027
201298700,institution,Banque de France,,,FR,87.59092237127952,1.3872264151617288,406,1.1045898680725756,338.0,,,1.8673247357421312,159.0,,,0.960493410750121,982
45682993,source,Academy of Management Learning and Education,1537-260X,B,,214.0,1.3870984072518409,407,,,1.4146940832747454,383.0,,,,,0.9540925112204386,998
108468826,institution,Stevens Institute of Technology,,,US,82.62970085470084,1.3850198142476229,408,0.3949862250294507,1187.0,1.4755251452537261,354.0,1.1747389034720435,277.0,,,1.086837706102386,748
84664706,source,Personnel Psychology,0031-5826,B,,193.0,1.3778788935784594,409,,,1.5161295333136096,330.0,,,,,0.8684665394854614,1189
164321952,source,International Journal of Operations & Production Management,0144-3577,B,,451.0,1.3763937145587082,410,,,1.5745473726290864,303.0,,,,,1.3274461611961292,460
8692664,institution,University of Oklahoma,,,US,184.7251848618671,1.376141198468615,411,0.75985349570132,594.0,1.6226688026797218,278.0,1.4116905894494594,222.0,2.2042924701614224,155.0,1.0949191438870625,736
148909191,source,Marketing Letters,0923-0645,B,,241.0,1.3740092441190923,412,,,1.4587030938487413,362.0,,,,,0.8273625531128095,1291
123946342,institution,Binghamton University,,,US,90.0485680985681,1.3726740055785782,413,1.5313444024081146,206.0,1.2995981072577651,452.0,0.9308669664531676,365.0,,,1.114227480796888,712
9435936,source,Long Range Planning,0024-6301,B,,217.0,1.3720348533903368,414,,,1.466509371750741,359.0,,,,,1.2420236202119663,551
162148367,institution,Pontificia Universidad Católica de Chile,,,CL,134.03385122048914,1.3707071656847827,415,1.3544358361598812,251.0,1.383091638780831,402.0,0.35776692082861367,972.0,0.42718433893257934,901.0,0.8321948508545604,1280
76633192,source,Journal of Business Ethics,0167-4544,B,,1411.0,1.3694746566091651,416,,,1.4176078642879413,382.0,,,,,1.2214354263276779,575
186354981,institution,University of Passau,,,DE,77.61630906080117,1.3680659227948748,417,1.0577393194511737,359.0,1.2529767513073857,478.0,1.5858713529457193,189.0,0.5310458089080462,813.0,1.3165776297690683,469
165799507,institution,Rensselaer Polytechnic Institute,,,US,68.46944444444445,1.3641508569393839,418,0.9380758672962101,437.0,1.4979873079904584,342.0,1.2706850706398198,251.0,3.65195184291518,42.0,0.8715805735125008,1179
190082696,institution,Durham University,,,GB,363.3918397143396,1.3632457753352727,419,1.274502746961447,281.0,1.6307646281293033,276.0,0.8437887467863542,413.0,3.8990542383014315,29.0,1.432418633966851,361
121634618,source,Journal of Financial Stability,1572-3089,A,,348.0,1.3621385208224266,420,,,,,1.0333569216917844,331.0,,,1.2259658238960192,571
41869786,source,Small Business Economics,0921-898X,A,,634.0,1.3619998986046733,421,,,,,0.6783255848639331,516.0,,,1.2704711662291435,516
198488067,institution,Tinbergen Institute,,,NL,99.80781024531025,1.3570050077952442,422,1.3615693678159237,248.0,2.5193369161063193,108.0,0.46796026254708284,760.0,,,0.7325243881292789,1538
12834331,institution,University of Wyoming,,,US,94.82224474642699,1.3540224374253937,423,1.723280299085982,169.0,1.3686044565604187,410.0,0.4057892823492129,876.0,,,1.2912689164661488,493
91136226,institution,University of Sheffield,,,GB,427.6190362132657,1.3535829900740248,424,1.4869467799721465,219.0,1.2339374309542246,492.0,0.924714345281485,370.0,2.9697459615441977,75.0,1.1527042455307257,662
142476485,institution,École Polytechnique,,,FR,47.257480158730154,1.3533232032143647,425,1.4934910050453425,217.0,0.5290022029519355,1324.0,0.4164200636509991,851.0,,,0.7674432104336317,1451
157946625,source,Financial Management,0046-3892,A,,133.0,1.3524286343537681,426,,,,,1.1753919392944823,276.0,,,0.875165305870664,1173
865915315,institution,Vrije Universiteit Amsterdam,,,NL,451.0238261541936,1.351084449228098,427,0.9966935995614367,396.0,1.8571872782672156,226.0,0.63644815842045,559.0,1.55477118370089,301.0,1.2049926702332243,603
4210148300,institution,Institut d'Economie Scientifique Et de Gestion,,,FR,154.24771241830067,1.350222661862012,428,1.157420398636373,317.0,1.610161945223547,281.0,1.0231008720145742,332.0,0.6841542002357721,710.0,1.3005821361126686,483
145471836,source,Explorations in Economic History,0014-4983,E,,127.0,1.3486893804161066,429,1.0514375271636476,364.0,,,,,,,0.6693106388609581,1702
165779595,institution,The University of Melbourne,,,AU,617.5599645778649,1.3480444686478152,430,0.9501006706370811,433.0,1.7081965691867587,263.0,1.6438731957106774,180.0,1.3503959683416582,369.0,1.0176117961808544,877
66862912,institution,Chalmers University of Technology,,,SE,136.9988095238095,1.3440574011452484,431,0.6496742096584809,723.0,1.3905046707858837,398.0,4.788664040843566,37.0,5.5898715735973985,10.0,1.758287423662486,186
4210224324,source,Accounting Auditing & Accountability Journal,0951-3574,A,,478.0,1.3429361331711944,432,,,,,0.8676104925005673,404.0,,,1.2135562822137247,592
177364143,institution,Centre for European Economic Research,,,DE,84.38809523809525,1.341353307650124,433,1.2067451333566739,301.0,1.4436260603954012,369.0,0.6285001997708193,565.0,,,1.366695297630429,421
125977778,source,International Journal of Contemporary Hospitality Management,0959-6119,B,,985.0,1.3410782415062437,434,,,1.535595975483185,320.0,,,,,1.6760862849672264,218
90803817,institution,Universidad del Rosario,,,CO,69.58165584415585,1.3405433262314308,435,1.8514087817386091,154.0,0.3543523919921874,1641.0,0.22661515908062554,1279.0,0.052713053064545455,1262.0,0.8866344414961586,1147
4210131537,institution,Montpellier Business School,,,FR,188.4051151913221,1.339908411056454,436,0.8081731297340725,543.0,1.8094638868801063,240.0,0.6015672151989759,588.0,2.2644329285672318,146.0,1.8022859491789025,175
181401687,institution,American University,,,US,144.56011192310993,1.3347477474632818,437,1.0269296975615663,376.0,2.1301751672475673,162.0,1.2025975642232356,267.0,1.996216036175299,194.0,1.2497189496798802,543
323237,source,Accounting and Business Research,0001-4788,A,,161.0,1.3325905813438679,438,,,,,1.169440890111129,281.0,,,0.8759753264312888,1172
91754907,source,American Journal of Agricultural Economics,0002-9092,E,,271.0,1.332200782747417,439,1.2548031778178164,291.0,,,,,,,0.9338859732600283,1040
113456305,institution,Leuphana University of Lüneburg,,,DE,178.2655072896452,1.329615497108778,440,0.877711167528259,483.0,1.715838760887476,261.0,0.6419375459505596,553.0,0.7467006005659415,662.0,1.610428968566082,249
33434090,institution,University of Massachusetts Boston,,,US,109.52255008063831,1.3289077080463676,441,0.8333485137599483,522.0,2.074588851049649,172.0,0.8376053706984813,416.0,0.5782069651697743,779.0,1.0373633780612255,838
17301866,institution,University of Alabama,,,US,263.4540346068933,1.3265220252846872,442,0.6182488696103686,763.0,1.5141514384848618,333.0,1.5601858845305676,197.0,1.7220572117340873,249.0,1.0674835527199715,778
4210201861,source,Applied Economic Perspectives and Policy,2040-5790,E,,357.0,1.3261981501538957,443,1.3495536102599257,254.0,,,,,,,1.0384195338018007,837
4210149577,institution,ESCP Business School,,,FR,78.13277041585866,1.3261940051178647,444,0.6515369225832585,722.0,1.7577406947894636,250.0,1.1403097382411123,294.0,,,1.9707335548927845,135
36234482,institution,University of Bristol,,,GB,306.2321572041792,1.324033242140162,445,1.335380891899361,259.0,1.4360033955092293,373.0,0.709042049628141,492.0,5.877489952157713,8.0,1.2167756400468397,582
76835614,institution,University of Missouri,,,US,203.72207602339182,1.3222662900915403,446,1.2745236552318744,280.0,1.4814085196854607,349.0,1.579410742466112,190.0,1.976830340020518,204.0,1.1026492569901123,727
173911158,institution,Iowa State University,,,US,266.9684744902035,1.3212483796092604,447,0.8675468604254322,492.0,1.5178126447502918,328.0,2.1619955697688114,144.0,0.6251381698451602,747.0,1.2485085642348075,546
181356434,source,Accounting Horizons,0888-7993,A,,226.0,1.3209315241267834,448,,,,,1.112083904700111,302.0,,,0.8349825963337825,1270
190632392,institution,Luleå University of Technology,,,SE,100.82599206349207,1.3206704511865628,449,0.5556864235622776,857.0,1.8467217948279495,228.0,1.4591698654068546,213.0,,,2.0488994024488987,118
129086836,source,Real Estate Economics,1080-8620,A,,167.0,1.3161636947138826,450,,,,,1.090165569093572,309.0,,,0.7235373283846435,1559
177792750,source,Decision Sciences,0011-7315,B,,180.0,1.3151711228867693,451,,,1.4700089390906528,358.0,,,,,1.2431128945579848,549
185763367,institution,Bank of Spain,,,ES,124.11271367521367,1.3129669104814885,452,1.0868967275603425,350.0,0.6804909799167237,1076.0,1.9317804466528725,156.0,,,0.896869752803061,1117
134113660,institution,"University of Nevada, Reno",,,US,95.89632594300818,1.3061166280737113,453,1.0227331670385684,377.0,1.5211507636734558,326.0,0.6974369381516994,500.0,0.858941352038805,589.0,1.0130212256763804,884
28407311,institution,University of Manchester,,,GB,601.2989566009247,1.305913411561324,454,1.1090045960602144,334.0,1.530616777960196,322.0,0.9344513406866838,363.0,2.5071740763974235,115.0,1.2716648116541578,512
72915307,source,Organization,1350-5084,B,,293.0,1.2996981487825376,455,,,1.291198529965434,455.0,,,,,1.0077132040019343,898
42775652,institution,Link Campus University,,,IT,31.042460317460314,1.2982658375128528,456,0.14457312483783327,1759.0,1.9194668225043918,206.0,0.11433519985693336,1526.0,,,1.905129788338346,146
219193219,institution,Purdue University West Lafayette,,,US,388.19398656898653,1.2969857574080184,457,0.9618378176565927,426.0,1.4901930474165928,345.0,2.294020406750438,136.0,0.7205261627548838,681.0,1.0135976451122486,881
143804889,institution,Loughborough University,,,GB,291.46210317460316,1.296807894093743,458,1.2480526556030955,294.0,1.819879044997342,236.0,0.3523499879064864,987.0,1.1959850489688117,435.0,1.4510949461918021,342
54009628,institution,University of Bayreuth,,,DE,190.12288259836214,1.295153649469272,459,1.0312615162903387,372.0,1.67395500939913,266.0,0.5085388951853094,701.0,1.5755843429433063,293.0,1.4230508633980254,371
157394403,institution,Baylor University,,,US,126.23648263043535,1.2934890186422145,460,0.9169702779843392,454.0,1.394355423490442,392.0,1.0352450116763883,328.0,1.486151149475705,324.0,0.9606295798880706,981
107631327,source,Regional Science and Urban Economics,0166-0462,E,,271.0,1.2928360000228187,461,1.1690165822148761,311.0,,,,,,,0.9079903868741239,1103
46039370,source,Journal of Economic Geography,1468-2702,E,,178.0,1.292781190253654,462,1.298774356085744,270.0,,,,,,,0.7592710174431678,1466
62916508,institution,Technical University of Munich,,,DE,294.44696032725443,1.2924427474063593,463,0.7886706526371693,555.0,1.6359135968324043,275.0,1.0489986657425432,320.0,1.1266744901242614,460.0,1.1340711111110233,688
77432436,institution,Research Institute of Industrial Economics,,,SE,65.16865079365078,1.2921749793415513,464,1.1054906224754548,336.0,1.2004488334178227,518.0,0.38652903304162217,909.0,1.8376035472679424,226.0,0.8547884259827678,1226
23923803,institution,University of Exeter,,,GB,268.694210631448,1.2920894922260384,465,1.0126987119484667,385.0,1.5840485713358012,297.0,1.1641109919187738,285.0,1.040043568312253,503.0,1.2501681143223362,541
1351752,institution,Koç University,,,TR,64.78441346235464,1.2876549327602989,466,1.103279280984048,341.0,1.2332916638557212,493.0,1.2263670899777774,260.0,0.913379021926082,560.0,0.950962539324537,1004
884043246,institution,Hamburg University of Technology,,,DE,26.782656926406922,1.2874400415498786,467,0.8623014670024978,495.0,1.577185235012287,302.0,0.18452865321041081,1369.0,1.3588804137036377,367.0,1.9234801694366455,142
79619799,institution,University of Birmingham,,,GB,375.81651295919204,1.2831380927834892,468,1.0556785301411198,361.0,1.4742847726778696,356.0,1.033929379186275,330.0,2.6235991475984632,105.0,1.450004418766143,343
102896891,source,Psychology and Marketing,0742-6046,B,,762.0,1.2820791665608633,469,,,1.4581897122560707,363.0,,,,,1.2562959732526868,534
70931966,institution,Université de Montréal,,,CA,100.80622895622894,1.2818993911709549,470,1.3488782282456004,255.0,1.4651840858358978,360.0,0.5875200026618005,603.0,1.5256485683733425,309.0,0.7273671784930151,1550
19358283,source,International Journal of Advertising,0265-0487,B,,329.0,1.2794653926313408,471,,,1.4319140047970937,375.0,,,,,1.2119894973177316,595
95314075,source,Leadership,1742-7150,B,,161.0,1.2791654176692642,472,,,1.3406369579738895,430.0,,,,,1.0981456600268418,731
3035068822,source,Journal of Organization Design,2245-408X,B,,97.0,1.2716828720717834,473,,,1.2407057485832844,489.0,,,,,0.7760744842365014,1418
139924743,institution,Bentley University,,,US,144.77433149982954,1.2693514997769424,474,0.9940403307883194,397.0,1.2911384788574398,456.0,1.2351339742981007,257.0,1.603974601688227,281.0,1.2073630059600404,600
185443292,institution,Wayne State University,,,US,106.7714466089466,1.2673371995558562,475,1.1323398826686355,330.0,1.1824682916630478,527.0,1.5907676957295125,188.0,1.4095105489130721,350.0,1.0036634323891502,908
74623043,institution,Deutsche Bundesbank,,,DE,127.54580142080144,1.263876838942524,476,1.1033367313999523,340.0,2.173160372967669,149.0,1.3019081787119007,240.0,,,0.8567697462708547,1220
94552155,source,Organization & Environment,1086-0266,B,,91.0,1.2618815185820662,477,,,1.2714704508371548,467.0,,,,,1.1410944412173343,676
140172145,institution,University of Connecticut,,,US,217.24870037370036,1.2600109370833228,478,0.8444596637818862,512.0,1.9674744323934474,195.0,1.4524669055151413,217.0,1.033526841517608,508.0,0.8778770950784679,1164
8078737,institution,Clemson University,,,US,177.19484901437215,1.25806818106594,479,1.272490763055718,284.0,1.3616232817515463,415.0,0.8056246621954398,433.0,2.114186866426691,173.0,0.9405504046719683,1025
212119943,institution,University of Victoria,,,CA,120.75006348131349,1.2551049877642753,480,0.6764615350556966,688.0,1.7617286785037045,249.0,0.7597989575638815,460.0,2.175912544006087,162.0,1.008799724276236,892
951315,institution,Graduate Institute of International and Development Studies,,,CH,50.575,1.2542481583959242,481,1.176727113175677,307.0,1.2723209069959116,466.0,0.7243788370949854,484.0,2.0120559464051317,192.0,0.8893154291040456,1145
171424506,source,European Accounting Review,0963-8180,A,,269.0,1.2512539731774834,482,,,,,0.9240478657804031,371.0,,,0.9589040479635591,987
155976169,institution,Witten/Herdecke University,,,DE,57.75458937198067,1.2467643519012703,483,0.5642029410299394,845.0,1.5576301149481964,309.0,0.818019151511251,429.0,,,1.6500157336918118,233
181188550,institution,Bank of Finland,,,FI,44.68333333333334,1.2467327959855081,484,0.7703464386888615,577.0,0.5535614137938747,1279.0,1.486082581980411,208.0,,,0.9543596314643361,997
75951250,institution,Freie Universität Berlin,,,DE,139.26612648965587,1.245920486081565,485,0.9794486971818656,410.0,1.8411755712663767,230.0,0.07011578965408562,1607.0,1.132944374879407,457.0,1.045090436117678,822
172526255,source,Finance and Stochastics,0949-2984,E,,97.0,1.2453802027560754,486,1.3160572946752005,266.0,,,,,,,0.5674258403527347,1963
83328450,institution,Miami University,,,US,156.23531746031745,1.2452745886064156,487,0.7068708372356242,653.0,1.1540072481150891,540.0,1.2127837369433048,265.0,,,0.983022547138009,943
67415387,institution,Lancaster University,,,GB,360.40307018854963,1.2446847012396323,488,0.6359271202394486,742.0,1.5927853861268708,290.0,1.1785207265213147,275.0,1.6530590998730819,268.0,1.2179414765481942,581
145507837,source,Industrial and Corporate Change,0960-6491,A,,290.0,1.2437278109691652,489,,,,,0.7281880855304493,480.0,,,0.8064817764898393,1340
48254654,source,Journal of Business Finance &amp Accounting,0306-686X,A,,324.0,1.2411137216990504,490,,,,,1.0035737716859723,340.0,,,0.8254251847155184,1295
129774422,institution,University of Vienna,,,AT,202.84948257019676,1.2406658650029487,491,0.9052252332302265,464.0,1.5559862135178746,311.0,1.8316241443326142,162.0,1.7169324575378575,251.0,0.927065153515636,1057
128621090,source,The Journal of Economic Education,0022-0485,X,,144.0,1.2385103988678954,492,,,,,,,1.2136922127775318,428.0,0.6243385685594637,1822
43439940,institution,University of Southampton,,,GB,346.50883462942284,1.2383852016853594,493,0.900393548907133,468.0,1.4960928991055478,343.0,0.9014234074477583,382.0,0.964622439097501,538.0,1.6446955322863201,234
14243506,institution,Hong Kong Polytechnic University,,,HK,731.646060883561,1.238344603035692,494,0.5232048137398779,902.0,1.373720765686221,406.0,1.5607579637014037,196.0,1.1883301178700545,436.0,1.5645924477772055,282
124357947,institution,University of London,,,GB,80.3773148148148,1.2365259989029749,495,0.917397610538818,453.0,1.3447106320188744,426.0,1.0677239302910924,314.0,2.146938861723378,167.0,1.3245652044021627,463
123044942,institution,Universitat Autònoma de Barcelona,,,ES,206.23396070303966,1.2341912481845736,496,1.3298493167338314,262.0,1.025177086225465,652.0,0.253377125119631,1201.0,3.139118023331357,64.0,1.2283138488554786,567
43019230,source,PharmacoEconomics,1170-7690,E,,432.0,1.2336287508850026,497,1.330797274072599,261.0,,,,,,,1.3807181039178942,404
168717511,source,The Journal of Applied Behavioral Science,0021-8863,B,,167.0,1.2305431989772622,498,,,1.3528575763756026,423.0,,,,,1.0673129795960956,780
859038795,institution,Virginia Tech,,,US,279.0441386295948,1.229729973791796,499,0.9877902389913479,404.0,1.3554478260420686,420.0,1.727511434670312,169.0,1.5598065314498575,298.0,1.0589316833894704,800
4210150763,institution,Gran Sasso Science Institute,,,IT,41.756746031746026,1.2282826888294032,500,1.1691786189068711,310.0,1.1802189438876491,529.0,1.5923484017364218,187.0,,,1.19608446846019,612
74656192,institution,University of Göttingen,,,DE,221.7372211122211,1.2208235393174054,501,1.1683975840833851,312.0,1.8101652914575947,238.0,0.8423945183038516,415.0,,,1.4624346467480993,333
183935753,institution,King's College London,,,GB,353.25620220060785,1.2204526371487157,502,0.8428983853186213,514.0,1.8840254353465735,220.0,0.6853541482637804,505.0,1.437514614053135,343.0,1.0115624683237847,889
123387679,institution,Uppsala University,,,SE,249.0909083499376,1.2199266971526326,503,1.4042839498880064,234.0,1.0658223597677527,623.0,0.25524212989352313,1198.0,3.43426692398856,48.0,0.8919169735710168,1137
7863295,institution,Villanova University,,,US,194.41291486291487,1.2190838736668215,504,0.5419115574011825,882.0,1.3948817541153749,391.0,1.456529703202003,215.0,3.1826042789484696,62.0,1.0411150626950647,831
99768379,source,Management Learning,1350-5076,B,,218.0,1.2181487884719269,505,,,1.3295648069920492,433.0,,,,,0.8709489168980525,1180
37660120,source,Human Resource Development Review,1534-4843,B,,111.0,1.2173308716173392,506,,,1.3276899638915076,435.0,,,,,1.2075012510053054,599
63548447,institution,Lappeenranta-Lahti University of Technology,,,FI,218.90625,1.2172753891804777,507,0.28912592645449436,1430.0,1.5141299890924764,334.0,0.26540195296440167,1173.0,1.2222657635882965,420.0,1.9882652576023796,130
162290304,institution,Scuola Superiore Sant'Anna,,,IT,202.98580627705627,1.2168212720480465,508,0.821970462542361,530.0,1.3417876515811376,428.0,1.6029749981430772,186.0,,,1.2813241418585715,504
32021983,institution,Christian-Albrechts-Universität zu Kiel,,,DE,115.9343362193362,1.2154897962068736,509,1.0553089670391758,362.0,1.8309611871841291,233.0,0.16580482078712466,1414.0,4.8404321818644584,16.0,1.0393811888845677,833
4210166174,institution,Joint Research Center,,,ES,81.0342934842935,1.2142855587299957,510,1.0203063674177333,379.0,0.9333387459791195,740.0,1.015322431850063,336.0,1.4567801279232389,337.0,2.0402501957443646,119
141568987,institution,Hong Kong Baptist University,,,HK,151.05555152363976,1.2140516607068492,511,1.07122569253006,354.0,1.2369780934628567,490.0,0.9753173644435865,349.0,1.0013280178863548,522.0,1.0417799365166218,827
130828816,institution,University of Leeds,,,GB,430.8876557528763,1.2140064962609685,512,0.7714710271690496,575.0,1.7097674593104997,262.0,0.7863440127940577,446.0,2.5187750258600814,114.0,1.3491774234712532,443
42934936,institution,Dublin City University,,,IE,152.66009504987764,1.2135638455198332,513,0.6126826442155885,771.0,1.594305076731858,287.0,0.6792502953132789,513.0,2.965752254921463,77.0,1.7090275671924975,203
88155538,institution,Universidad de Navarra,,,ES,138.66948028673832,1.2085778241784901,514,0.8187834325462024,535.0,1.43958177545909,371.0,1.199433794031919,269.0,0.5393184856553014,805.0,1.0254179160895427,864
187531555,institution,Lund University,,,SE,386.71482655173054,1.2080592488188455,515,1.2791189184081835,276.0,1.227706121235334,497.0,0.7784025253538074,450.0,1.301441943056317,387.0,1.0786657197457432,763
26538001,institution,San Diego State University,,,US,137.76765873015873,1.2074153231325195,516,1.557333516027028,197.0,1.2554976230166897,475.0,0.9275601843104517,368.0,1.076391722702998,490.0,1.0218008935010763,870
138645024,source,Journal of Comparative Economics,0147-5967,E,,235.0,1.2073345849594639,517,1.1424622109262557,321.0,,,,,,,0.9572838378246656,989
148599315,source,International Journal of Hospitality Management,0278-4319,B,,1139.0,1.2072997992762347,518,,,1.3755469329806844,405.0,,,,,1.9948125742883793,126
129604602,institution,The University of Sydney,,,AU,626.1653590947038,1.205454088429566,519,0.7874318608412718,556.0,1.6218569607889,279.0,0.975716793552292,348.0,1.518863308339665,313.0,1.2667971313160848,518
95674353,institution,UCLouvain,,,BE,172.18533209709682,1.2046083802920764,520,1.3381011512226266,258.0,1.0579788640855285,630.0,0.5607317382577486,639.0,0.0686382712667598,1251.0,0.9992590041308088,918
122328836,institution,Indian School of Business,,,IN,86.87747805736936,1.202926652008571,521,1.5929321492062851,190.0,1.3619104409142802,414.0,0.5202345499594249,689.0,,,0.9833564562497946,942
118298121,source,Journal of Hospitality Marketing & Management,1936-8623,B,,207.0,1.199520542506985,522,,,1.3840639658222018,401.0,,,,,1.950325982124311,138
72951846,institution,Washington State University,,,US,177.61233243651463,1.1923689898362946,523,1.2983226512649013,272.0,1.2736546189601747,465.0,0.6827786110954233,507.0,2.821433559869898,87.0,1.2022161566466083,605
205793605,source,Business Strategy and the Environment,0964-4733,B,,1538.0,1.1905188717470765,524,,,1.372404065577654,408.0,,,,,1.651557881600899,231
894721429,institution,EAE Business School,,,ES,124.04962121212121,1.190160598438278,525,0.18310499943496833,1679.0,1.5698272138352265,305.0,0.3749597281028006,933.0,0.22666567222984782,1109.0,1.3590104183843168,431
78792899,source,Journal of Small Business Management,0047-2778,B,,346.0,1.1898374827880014,526,,,1.325688487817875,436.0,,,,,1.143588470220748,673
99464096,institution,KU Leuven,,,BE,434.17191975230776,1.189230893316096,527,0.8514269614593392,506.0,1.5576084752131942,310.0,1.3023480211877334,239.0,1.6595017316490566,266.0,1.041674194549807,828
106157433,institution,University of Kassel,,,DE,143.44537518037518,1.1889302361285998,528,0.652290332215258,720.0,1.4621714665965413,361.0,1.1728400091907685,279.0,2.643136290191318,101.0,1.6377734520042277,238
55106644,institution,Amsterdam University of Applied Sciences,,,NL,45.12341269841269,1.1884415401467423,529,0.26701268142413664,1482.0,1.8119616469928252,237.0,0.020173069162350624,1683.0,1.0395651022305026,505.0,1.4342282445094061,358
2764399430,source,Journal of Responsible Innovation,2329-9037,X,,193.0,1.1881863514889837,530,,,,,,,3.5744368376617346,44.0,0.8469514521685169,1243
102502594,institution,Northern Illinois University,,,US,79.40202149875049,1.1845427780611395,531,1.1408974723261647,323.0,1.5600493197854364,308.0,0.4333702035320783,826.0,1.5283547146812884,307.0,0.9846002284163546,939
392282,institution,"University at Albany, State University of New York",,,US,85.55856782106783,1.1821864086537095,532,1.1076841866514098,335.0,1.424088704070198,377.0,0.5317675899383262,676.0,3.74309852357892,35.0,0.8640716791165048,1200
6144335,source,The Journal of Strategic Information Systems,0963-8687,B,,109.0,1.1821558903885616,533,,,1.334120959884909,431.0,,,,,1.5787131603976452,276
93860229,institution,Politecnico di Milano,,,IT,447.68113724384745,1.181621795436427,534,0.8887133903193158,475.0,1.4369494328758539,372.0,0.8231920333065488,427.0,1.1817285412608605,438.0,1.5446107173287946,294
107859553,source,International Small Business Journal Researching Entrepreneurship,0266-2426,B,,211.0,1.1802816357805999,535,,,1.3038452898830584,450.0,,,,,1.1720583587823918,642
11782782,source,Australasian Marketing Journal (AMJ),1441-3582,B,,203.0,1.1794600362303573,536,,,1.3867558891482579,399.0,,,,,1.5773758813970211,277
169381384,institution,University of Groningen,,,NL,513.1165340052104,1.1780535153671423,537,0.8728191436256213,487.0,1.60039794197713,284.0,0.9218750010314435,372.0,1.3119965490307397,385.0,1.114649232244856,711
4210158000,institution,ILMA University,,,PK,36.73880952380952,1.1779890503088746,538,0.9737064654574121,416.0,1.516836829836839,329.0,0.6536425606686146,544.0,,,2.9218127806861123,38
1332873766,institution,Banco de la República Colombia,,,CO,64.23809523809524,1.1775318660746892,539,1.029030331067777,373.0,,,0.19278074068057044,1359.0,,,0.7770025058048518,1414
2735620406,source,Journal of Professions and Organization,2051-8803,B,,102.0,1.1764215866257317,540,,,1.0956286481938258,588.0,,,,,0.8137686208409968,1324
57093077,institution,Swinburne University of Technology,,,AU,259.88575036075036,1.1763938510824075,541,0.4213067734807705,1117.0,1.507604869651204,339.0,0.5884679109665186,600.0,0.8461653146688568,595.0,2.3524319579497797,72
129162050,institution,TBS Education,,,FR,166.56471396960524,1.1747290602969203,542,0.33880139291565486,1312.0,1.5104107636803452,336.0,0.70146754026392,495.0,0.4645010845533651,873.0,1.683463937253334,215
184840846,institution,Virginia Commonwealth University,,,US,121.3899642024642,1.1742300032454631,543,0.7510225948776109,603.0,1.7333171599654746,254.0,0.6998887239466872,498.0,2.03223220309639,186.0,0.7690800444749157,1445
184126201,source,British Journal of Management,1045-3172,B,,463.0,1.1739371645916714,544,,,1.2922434204294784,454.0,,,,,1.065205833646346,785
118353179,institution,DePaul University,,,US,116.63869047619048,1.1735089496561968,545,0.6873246850036063,674.0,1.1483802278045938,547.0,1.6680069884818647,176.0,,,1.1757974472549098,636
4210092681,institution,Antwerp Management School,,,BE,26.120833333333337,1.1701117736653228,546,0.1274961437573375,1802.0,1.5895901147669376,291.0,0.6397045548745142,556.0,,,1.2973685363018772,486
44585919,source,Journal of Economic Dynamics and Control,0165-1889,E,,581.0,1.1692486646033704,547,0.9999808075228491,394.0,,,,,,,0.741565736909317,1517
107640659,institution,South Ural State University,,,RU,51.50567460317462,1.1636936100760138,548,1.9060946105365792,148.0,0.9824969013793621,696.0,0.8959254752667308,387.0,0.5825123139638325,773.0,2.1501362433322857,102
44461941,institution,University of Houston,,,US,398.08188948306594,1.1611244139799308,549,0.4614266186180814,1024.0,1.5725430788307448,304.0,1.7734906508167956,165.0,0.9097749762041497,564.0,1.052211666604116,811
186903577,institution,University of Luxembourg,,,LU,135.56468253968254,1.1594263508803222,550,0.8871771587378067,478.0,0.845184127724964,836.0,1.1722618006240504,280.0,2.8835501255048106,83.0,1.0587609323855194,801
63072094,institution,University of Portsmouth,,,GB,304.2541491596638,1.1591460432787308,551,1.0204533146809203,378.0,1.4041576417088486,386.0,0.7985609410910534,438.0,0.374182593981746,958.0,1.8131398748711594,172
146655781,institution,University of Liverpool,,,GB,320.6768215459026,1.1583714354504393,552,0.4542689216951938,1044.0,1.5887006394911098,292.0,0.7357584950366408,474.0,2.9714028245804927,74.0,1.2072270299907462,601
68618741,institution,Polytechnic University of Bari,,,IT,67.18194444444445,1.15753822000079,553,0.49265254009674236,957.0,1.457072258825795,365.0,0.43201566608352976,829.0,,,1.991057544683162,129
78757542,institution,University of Newcastle Australia,,,AU,198.63640150698973,1.1566476163789052,554,1.0646525079278542,356.0,1.3942242139205248,393.0,0.6737672508683401,520.0,0.7761373697609291,635.0,1.7986140593890683,177
94271068,institution,ESCP Business School,,,DE,86.21401135414293,1.1530282259650309,555,0.2990459423914002,1408.0,1.4846415757580333,348.0,0.39762586075336587,892.0,,,1.2599515160846462,527
3416249,source,Review of Industrial Organization,0889-938X,E,,208.0,1.150641945014964,556,0.968557513009417,420.0,,,,,,,0.5811940185674087,1930
195188575,source,Marketing Theory,1470-5931,B,,172.0,1.1504975155431933,557,,,1.250043813268624,481.0,,,,,0.734135183430373,1534
22465464,institution,University of Münster,,,DE,164.4834406334406,1.1504971822498027,558,1.509656116886713,211.0,1.3103933185115317,442.0,0.6606152945525555,533.0,,,1.2997386701264206,484
86762183,source,Journal of Accounting and Public Policy,0278-4254,A,,266.0,1.1504145836074382,559,,,,,0.8694614253531682,401.0,,,0.9859173979177684,936
204337017,institution,Aarhus University,,,DK,453.680850416243,1.1490896407666824,560,1.5443570841724001,203.0,1.0477532561435408,636.0,0.670521392878714,522.0,1.373452689732951,363.0,0.9597296930068376,984
207789805,institution,Lahore University of Management Sciences,,,PK,132.14482924482925,1.1486258185809473,561,1.5457769999637172,202.0,1.2087839895349852,511.0,1.2858916056578948,245.0,0.2337429225983422,1104.0,1.9541345251564233,136
4210146410,institution,Science Oxford,,,GB,27.212037037037035,1.1486081670529256,562,0.6379135025279259,737.0,1.8948418302339676,215.0,1.1738361739916061,278.0,,,0.8023271998111905,1351
55239356,source,Journal of Purchasing and Supply Management,1478-4092,B,,146.0,1.1463041444008426,563,,,1.2866117849559644,458.0,,,,,1.1556845223776626,657
119908498,source,Journal of International Marketing,1069-031X,B,,15.0,1.1444263998686541,564,,,1.3665661736597097,411.0,,,,,0.8356673046063279,1269
99067594,source,Journal of Industrial Economics,0022-1821,E,,149.0,1.1440818756239737,565,0.821529023536213,531.0,,,,,,,0.5454093393584396,2008
117965899,institution,University of Hawaiʻi at Mānoa,,,US,106.73825359825359,1.1435706335309075,566,0.9673619491631247,421.0,1.4858185411912481,347.0,0.5619182189671867,638.0,0.9075892651560413,566.0,0.9568277455566594,991
206895457,institution,University of Siegen,,,DE,93.66944444444447,1.1394137447358137,567,0.7204718712301781,636.0,1.699820665653882,264.0,0.621637384719004,569.0,0.7523798153699274,657.0,1.111949156553397,714
37376905,source,Journal of Public Policy & Marketing,0743-9156,B,,17.0,1.1384242586694886,568,,,1.2174216402781215,505.0,,,,,1.0746882932012203,769
25235501,source,Journal of Retailing and Consumer Services,0969-6989,B,,1665.0,1.1382746630539171,569,,,1.3061491231200169,448.0,,,,,1.8463869548792955,159
2799429437,institution,ICMA Centre,,,GB,35.32032828282828,1.137963546841878,570,1.412945881933091,230.0,0.9544022980991265,715.0,0.6149235959727515,575.0,,,1.1678885524380218,649
1118541,institution,University of East Anglia,,,GB,162.18195960504784,1.1363923374576679,571,1.0882710747797228,349.0,1.6112619887772897,280.0,0.27615354709605083,1150.0,2.4561468299911575,120.0,1.0868119907403966,749
152897404,source,Research-Technology Management,0895-6308,B,,6.0,1.1363652312624473,572,,,1.3082985337161532,445.0,,,,,1.0620087438315853,792
65644108,institution,Adam Smith Institute,,,GB,109.85756373256375,1.1358884664796756,573,0.74274150670487,611.0,1.5857290054694224,296.0,0.9581254859262185,356.0,0.3671372664148863,969.0,1.2255395657742219,572
159176309,institution,Universität Hamburg,,,DE,316.8160420656219,1.1357286036030416,574,0.9879023290951876,402.0,1.2815295694841013,461.0,0.8041886315074808,434.0,1.8188331197635441,228.0,1.1892823810803894,618
184816971,source,International Journal of Production Economics,0925-5273,B,,1229.0,1.1346520262865871,575,,,1.2619326205312553,472.0,,,,,1.821293949377253,168
94499970,source,Energy Economics,0140-9883,E,,2596.0,1.1341678309965513,576,1.1903637040841903,305.0,,,,,,,1.686447017834716,214
51195161,institution,École de management de Lyon,,,FR,194.78259657009656,1.1313845814959815,577,0.811188813711047,541.0,1.3074708599007452,447.0,0.6529909829923058,545.0,2.3517344917756264,130.0,1.4340105307705406,359
89389284,source,European Journal of Marketing,0309-0566,B,,576.0,1.1286789989503518,578,,,1.2864823904566007,459.0,,,,,1.0440919630428218,824
140059072,source,Human Resource Development International,1367-8868,B,,184.0,1.1283080925256954,579,,,1.2467985561350405,483.0,,,,,1.2904174092162595,495
169199633,institution,Aston University,,,GB,210.72988178275259,1.127805650614126,580,0.755314015024181,599.0,1.4574196889343267,364.0,0.45034436985073356,792.0,,,1.5890805764554168,267
84884186,institution,Newcastle University,,,GB,336.49694552617507,1.1263325338891559,581,0.9242653911328303,447.0,1.3612752804656933,416.0,0.5707576874034168,627.0,0.9870508809581422,531.0,1.4094770500865377,382
177969490,institution,University of Southern Denmark,,,DK,303.75269415812636,1.1260322272831618,582,0.8553937168713679,500.0,1.1797823054815346,530.0,1.0643481904376206,316.0,3.1426047519534768,63.0,1.3743799590816559,410
141649914,institution,Nanchang University,,,CN,183.02896825396832,1.123801848964247,583,1.614794053229554,188.0,0.6908779910019376,1055.0,0.49139970861191223,718.0,0.9390594371344742,551.0,2.327724319841793,74
176453806,institution,University of Potsdam,,,DE,71.75007936507939,1.1219293105539898,584,0.8487937222013199,510.0,1.324463198627467,437.0,1.1896804323938177,271.0,2.423031328543691,122.0,1.5930677278071053,264
14500998,institution,International University of Monaco,,,MC,61.64631272798975,1.120840770945044,585,0.8336609387909496,521.0,1.4461655460306133,368.0,0.4266211638451076,838.0,,,1.2661217430214435,520
6450948,source,Issues in Accounting Education,0739-3172,B,,178.0,1.1186187258975908,586,,,1.2034905339624524,515.0,,,,,0.6858404367668034,1665
4210092722,institution,Office Of Health Economics,,,GB,48.950054112554106,1.116409878569575,587,1.1587473876688446,315.0,,,1.8384529724838665,160.0,,,0.6647056593536061,1724
145872427,institution,Radboud University Nijmegen,,,NL,168.33432489540425,1.1148365744986708,588,0.7927828346212658,551.0,1.2040741059988436,514.0,1.228517449148988,258.0,0.944890134826796,548.0,1.0618218341538803,794
79765343,institution,University of Vaasa,,,FI,232.1283369408369,1.1129013054984123,589,1.1013021736155615,343.0,1.4888089615773188,346.0,0.5103527391806469,700.0,,,1.8113369803309007,173
4210142324,institution,CY Cergy Paris Université,,,FR,83.06613109113108,1.1128630842309148,590,1.1417801687800948,322.0,1.5691607533972625,307.0,0.3345491076375244,1018.0,,,0.7725316606247941,1435
90326151,institution,Ecole des Hautes Etudes Commerciales du Nord,,,FR,178.2420666453925,1.1122199624222842,591,1.6570096566737842,185.0,1.2483185579290732,482.0,0.537199972756787,672.0,,,1.0673965899942233,779
108218269,source,Regulation & Governance,1748-5983,B,,306.0,1.1104917996047086,592,,,0.962665964585889,709.0,,,,,0.8184563187935227,1310
176820844,source,European Review of Economic History,1361-4916,E,,115.0,1.1101265585098659,593,1.2487403949407314,293.0,,,,,,,0.5309405778535989,2046
160856358,institution,University of San Diego,,,US,64.8544815387105,1.1097156001456083,594,1.5064663861332028,212.0,1.215838065810591,508.0,0.30424108540979733,1081.0,,,0.942722784749993,1021
878454856,institution,Hasselt University,,,BE,85.16963904151403,1.1086848070711304,595,1.3194462342126163,265.0,1.3002231710354397,451.0,0.29923555726408035,1092.0,,,0.9080822031803925,1102
165143802,institution,The University of Queensland,,,AU,580.5208437594468,1.1084334621420227,596,1.0079937324120707,386.0,1.3727556969134982,407.0,0.6568578447190706,540.0,1.7630486042999616,238.0,1.1277680720827037,699
50366009,source,Urban Studies,0042-0980,X,,860.0,1.108138935937933,597,,,,,,,1.8811648918297181,219.0,0.9218242549878908,1063
3131550300,institution,Université Toulouse-I-Capitole,,,FR,27.69453523328523,1.1074393449597548,598,1.4931211424187143,218.0,0.9873369058143018,691.0,0.6825236361345162,508.0,,,0.9747491716227231,957
114571967,source,National Institute Economic Review,0027-9501,E,,101.0,1.1054835454901746,599,1.2246986203856385,299.0,,,,,,,0.710684676637311,1595
4210118689,institution,Joint Research Centre,,,IT,75.83112176938708,1.1021745502273959,600,1.1367071821651022,325.0,0.7786790051738234,925.0,0.5781121312206291,615.0,,,1.3970441617889928,391
1289910757,institution,NEOMA Business School,,,FR,310.5161754003314,1.1010372753226587,601,0.7812861065835951,565.0,1.3912011635839774,397.0,0.25637955821074615,1194.0,4.11224335467648,25.0,1.3735190148331728,411
52099693,institution,University of York,,,GB,367.9340956599773,1.0989015473156998,602,1.3045500068379285,269.0,0.9099391649714985,767.0,0.5230299786694276,684.0,1.0856132940643468,485.0,0.8959379628760661,1121
89864525,institution,Universität Trier,,,DE,91.95257936507937,1.0946656464312539,603,0.7329208762329077,622.0,1.226824245514052,499.0,0.8152010665908442,430.0,,,1.2578364480853725,529
960608072,source,Journal of International Management,1075-4253,B,,277.0,1.0926447175488918,604,,,1.2465619580096614,484.0,,,,,1.0263564239604401,862
184558857,institution,Royal Holloway University of London,,,GB,199.5378066378066,1.0925060729378964,605,0.9690825422263334,419.0,1.0164400747536326,660.0,1.0167197056501664,334.0,3.3820827947890493,51.0,0.8768889269552886,1168
39307421,source,Technological Forecasting and Social Change,0040-1625,B,,3015.0,1.0914544824623746,606,,,1.122896814487704,573.0,,,,,2.1320817703545076,107
20121455,institution,Bielefeld University,,,DE,114.68195045695047,1.0906339653991226,607,1.315148802291518,267.0,0.7699738790710734,935.0,0.726310675663819,482.0,0.688382984982949,706.0,0.732475115623306,1539
106165777,institution,University of Central Florida,,,US,298.6752779931368,1.0899244995698463,608,0.46272173664051774,1016.0,1.3933124849547152,395.0,0.9995433345405974,342.0,0.2373128004563981,1099.0,1.3526867784315089,437
142263535,institution,University of Nottingham,,,GB,343.78457070707066,1.0896323821986489,609,1.2391821360457316,297.0,1.174127247063603,531.0,0.5595856838327024,640.0,0.7372776105766852,669.0,1.150763202286524,665
20581793,institution,University of Kent,,,GB,192.5692062295003,1.089029011807189,610,1.1249881263023018,331.0,1.2456702073051,485.0,0.5636678195101614,636.0,1.9798715647706435,203.0,1.2404781763292019,554
2764509274,source,China Finance Review International,2044-1398,A,,133.0,1.0886704389790567,611,,,,,0.7906004218433521,443.0,,,1.1070681511781655,720
44260953,institution,Heinrich Heine University Düsseldorf,,,DE,129.3488736263736,1.0840822317421923,612,1.6625188903564807,182.0,0.6741419538933182,1082.0,0.4097309515453218,868.0,2.1304045760158843,169.0,1.0326756873829745,845
14291815,source,Journal of Marketing Management,0267-257X,B,,372.0,1.0812809223764226,613,,,1.2116090137913986,509.0,,,,,1.0728374074865585,771
63190737,institution,"University at Buffalo, State University of New York",,,US,102.6904761904762,1.0803636312671774,614,0.4419509624292233,1070.0,0.7322428909956877,997.0,2.4143513983198863,130.0,0.7708476641356892,642.0,0.7757098250302465,1419
35298862,source,Journal of Macromarketing,0276-1467,B,,241.0,1.0801989499215032,615,,,1.2070361457022007,512.0,,,,,0.7430693758441154,1514
188760350,institution,Ollscoil na Gaillimhe – University of Galway,,,IE,127.74945321562969,1.0798733738167294,616,1.0507065865380194,365.0,1.4477837563929408,367.0,0.41209995284554585,863.0,0.9761199737420143,532.0,1.1611410023956001,654
115237062,source,Journal of Economics & Management Strategy,1058-6407,A,,217.0,1.0786064452844526,617,,,,,0.5728600244226728,621.0,,,0.6476278398657455,1763
32625721,institution,University of Saskatchewan,,,CA,137.05064935064934,1.0764626211680808,618,0.4064960301742662,1157.0,0.8193920898197419,870.0,0.31861194403721294,1057.0,8.603244331153139,3.0,2.0681598040268456,112
161463649,institution,Audencia Business School,,,FR,170.01325848064977,1.0756485208268265,619,0.3979319799404854,1180.0,1.3938050120951384,394.0,0.45541165688165586,780.0,,,1.3316256857342559,455
165057322,source,Production Planning & Control,0953-7287,B,,530.0,1.0729357491555573,620,,,1.251507155934416,480.0,,,,,1.503562856403286,311
9351053,source,Financial Review,0732-8516,A,,169.0,1.0727892469193319,621,,,,,0.8833739224165014,393.0,,,0.7036860630811071,1606
8087733,institution,University of Tübingen,,,DE,82.18568931068928,1.0720275174321878,622,0.9489451067308015,434.0,1.4700094267897421,357.0,0.5423995794887172,664.0,,,0.773074949974957,1433
205640436,institution,Curtin University,,,AU,356.6355874993364,1.0710517815377156,623,0.6044267605856212,778.0,1.4544707175443736,366.0,0.38889083522499546,905.0,3.0096431912097312,71.0,1.3630058303126928,426
173807628,source,International Journal of Consumer Studies,1470-6423,B,,461.0,1.0690124127772764,624,,,1.2056442697582477,513.0,,,,,1.4901403960102804,316
170239107,institution,University of South Australia,,,AU,282.47166305916306,1.068864103430932,625,0.6937317407600726,666.0,1.4193982606447497,381.0,0.5877439048438792,601.0,0.5170467997941344,826.0,1.7665563281138499,185
38613568,source,Journal of Change Management,1469-7017,B,,87.0,1.068696924315317,626,,,1.1530228144585362,543.0,,,,,1.031969016020487,847
39586589,institution,Swansea University,,,GB,166.31204791832693,1.0684398567989928,627,0.4614306999871174,1023.0,1.5838118560804266,298.0,0.4215245947111789,843.0,1.20386001247996,434.0,1.8661725853169044,155
2912066455,source,Journal of Financial Counseling and Planning,1052-3073,B,,129.0,1.0673476220967286,628,,,1.1900951421077925,523.0,,,,,0.6226921217774208,1829
27963644,institution,HHL Leipzig Graduate School of Management,,,DE,119.58937908496729,1.0664577131605526,629,0.7533267653470219,602.0,1.0752939971783235,614.0,0.5344699998163094,674.0,,,1.5788952268402128,275
59007373,source,Supply Chain Management An International Journal,1359-8546,B,,247.0,1.0643379542418963,630,,,1.2540139614520727,477.0,,,,,1.3540296493328572,435
110079840,institution,University of Hohenheim,,,DE,164.95926434676437,1.0637781614289,631,0.7477984523027035,608.0,1.539765166968691,317.0,0.60718005026639,586.0,0.09920932776969012,1232.0,1.6793310957576786,217
1925986,institution,Loyola University Chicago,,,US,91.43290133779264,1.063123219306315,632,0.5710004062890786,825.0,0.9989473713898711,673.0,0.3257499133737215,1040.0,,,0.8899939572312815,1142
24943067,institution,Fudan University,,,CN,508.2739114126613,1.0626056778083577,633,0.796216595164557,549.0,1.2575207991036923,474.0,1.1014939516516444,306.0,0.5658770867398072,791.0,1.1325092984825653,690
83019370,institution,Eindhoven University of Technology,,,NL,160.26734644582473,1.0614506402269235,634,1.03728963956083,370.0,1.1586358604005165,537.0,1.375770910371931,225.0,1.7884577422310945,234.0,1.1317805571343047,692
174458059,institution,National Technical University of Athens,,,GR,71.77054889554888,1.0592148934428212,635,1.7553344845323546,163.0,0.397840486496403,1556.0,0.5462600974709421,655.0,0.9129794088681759,561.0,1.598147633554864,260
99043593,institution,Macquarie University,,,AU,596.1419270343184,1.0548461187306977,636,0.9480639620559452,435.0,1.2758416976738582,464.0,0.662465512686551,530.0,0.9760325213366096,533.0,1.3423538124455834,449
154130895,institution,University of Auckland,,,NZ,436.5153820061378,1.0543959062660406,637,0.5097112692261436,925.0,1.5791897210915915,301.0,0.4837991003697799,729.0,1.3267501851873496,377.0,1.215473240557254,586
207154782,source,Journal of Financial Econometrics,1479-8409,A,,154.0,1.0541721255886538,638,,,,,0.7792612485360881,449.0,,,0.6162700940961037,1842
92446798,institution,Colorado State University,,,US,193.3866543564248,1.0538834712170648,639,1.1050946603923009,337.0,1.2451689128884142,486.0,0.8608361956613497,407.0,0.4313744534191238,896.0,1.0327037523959512,844
86125002,source,Environmental and Resource Economics,0924-6460,E,,479.0,1.0533965582946487,640,1.08202056478284,351.0,,,,,,,1.0842752727719827,754
113237667,source,Business Horizons,0007-6813,B,,230.0,1.0524768956936907,641,,,1.202218182077274,516.0,,,,,1.7324101028421226,196
11701301,institution,Griffith University,,,AU,530.5495879572734,1.051643456090908,642,0.575888980618737,819.0,1.5813256934001483,299.0,0.3946424003971343,897.0,,,1.5089458327270489,309
78650965,institution,Technische Universität Dresden,,,DE,137.46474713026436,1.0507135611349052,643,0.8083116638369225,542.0,1.341006574993449,429.0,0.4388682285306826,819.0,2.140991486969218,168.0,1.6054479172003175,253
121883995,institution,Johannes Kepler University of Linz,,,AT,158.55938505938505,1.0498211277978462,644,1.1143954758545298,333.0,1.0789441878295751,608.0,0.7326596183587905,476.0,,,1.3041239540970115,481
181418319,institution,SKEMA Business School,,,FR,98.10151833460655,1.0487360481973336,645,0.7469977429506183,609.0,0.9425857778629549,731.0,1.1849817695072304,272.0,0.368381880469761,967.0,1.1100862484094685,715
131651094,institution,University of Denver,,,US,113.67265512265512,1.048325539191857,646,0.438583051578656,1077.0,1.3090591327071004,443.0,1.0925286843090274,308.0,1.329299939933818,374.0,1.046763693880067,818
100191712,institution,Pepperdine University,,,US,93.16865079365078,1.0466952864937515,647,0.7770311036638652,568.0,1.4769936164005897,352.0,0.22592433747603155,1282.0,,,1.0430811924290435,825
82951845,institution,RMIT University,,,AU,488.9859879036043,1.0465203740470927,648,1.1386866941788147,324.0,0.9993424231783034,672.0,1.0342735003345727,329.0,1.2435977187638332,410.0,1.3602017938545417,430
200650556,institution,University of Agder,,,NO,137.21117373458213,1.0460905708296622,649,0.7343473429287206,621.0,1.2689908143082862,469.0,0.5975640655734545,592.0,2.1162458292254933,172.0,1.6753125915509022,219
2801299839,institution,Collins College,,,US,27.247222222222227,1.0449150695806015,650,0.13346766357382747,1788.0,1.5080320594823813,338.0,0.25963316201695713,1185.0,,,1.4533331236567093,340
38901890,source,International Journal of Accounting Information Systems,1467-0895,B,,108.0,1.0445248180115105,651,,,1.0726406661643884,617.0,,,,,1.5862623945382788,271
145200904,source,Health Economics,1057-9230,E,,691.0,1.0433419665760493,652,1.0486977389653833,366.0,,,,,,,0.6958369212243611,1628
149704539,institution,Deakin University,,,AU,337.1456306199688,1.0428978112515608,653,0.8688979425203724,489.0,1.3421299558407276,427.0,0.6838077129937213,506.0,2.1226879904692977,170.0,1.3452831776497014,447
82497590,institution,Auburn University,,,US,333.01421278185296,1.039782705502666,654,0.24613240356642335,1540.0,1.5263779850143395,325.0,1.5211084767714835,201.0,0.6450443131883121,734.0,1.0947812256733926,737
31575130,institution,SOAS University of London,,,GB,58.910648148148155,1.0360684306573507,655,0.6122996387271128,772.0,0.8504783360206865,827.0,1.1596964777739505,287.0,2.079546327382042,181.0,1.2437366015363331,548
111236770,institution,University of Vermont,,,US,68.39009013404925,1.0358621204498115,656,0.8210644595419121,532.0,1.7861729296380666,242.0,0.36227781880936943,961.0,0.5508878064730846,796.0,0.8120848631463173,1331
16069442,source,Journal of Management Accounting Research,1049-2127,A,,132.0,1.0351901883238497,657,,,,,0.9840349214958736,346.0,,,0.5537695709048219,1995
127591826,institution,University of Dayton,,,US,89.07295653463878,1.0347310046564224,658,0.762198355435428,586.0,0.921568362569738,753.0,1.0423377862736467,321.0,,,0.9337855936786558,1041
114017466,institution,University of Technology Sydney,,,AU,437.7909134572055,1.0347126632914936,659,0.9197958145402417,450.0,1.3778340114398786,403.0,0.6101388826561263,580.0,0.5205873333954264,824.0,1.090407260719043,743
2764372386,source,Journal of Behavioral and Experimental Finance,2214-6350,A,,403.0,1.0339675091344998,660,,,,,0.5675602703084766,632.0,,,1.7077902410813082,204
70175541,source,Management and Organization Review,1740-8776,B,,244.0,1.033294759004125,661,,,1.1451453754542127,551.0,,,,,0.7458626247676049,1507
17389662,institution,University of Nicosia,,,CY,137.95865079365078,1.0332067594634828,662,2.138545524575271,126.0,1.1839422294229112,526.0,0.05800381713403142,1626.0,0.014972649545825509,1296.0,1.8337754875329675,163
102179633,institution,New School,,,US,72.74206349206348,1.0305053950865242,663,0.7541987973688883,600.0,0.5246878463466775,1331.0,3.7857240082343613,63.0,0.33636398553166125,1001.0,0.6320369745745051,1799
153861934,source,Journal of Marketing Education,0273-4753,B,,112.0,1.0301512790720666,664,,,1.2180068862724656,504.0,,,,,0.920481039711943,1066
9360294,institution,University of Bologna,,,IT,476.0659084450644,1.029954235802864,665,0.8535392453409854,503.0,1.2411905422581264,488.0,0.6914778755000328,501.0,0.7142044105865508,688.0,1.0467820675455888,817
99606308,source,Economic Policy,0266-4658,E,,133.0,1.0294353316376466,666,0.9868603795244844,405.0,,,,,,,0.7550060679458419,1482
60158472,institution,Concordia University,,,CA,227.9058261183261,1.0282052067897431,667,0.8767757439746591,484.0,0.9722456717706524,703.0,0.9311312208902496,364.0,2.624065598027524,104.0,0.9733987124703468,963
149213910,institution,University of Antwerp,,,BE,167.83282134532135,1.0271369765266887,668,0.793320940522001,550.0,1.4758730762394021,353.0,0.6691787126633538,523.0,0.2831364846685619,1058.0,1.0986590003302177,730
118347636,institution,Australian National University,,,AU,558.3218564005329,1.0245841994753657,669,0.9525754642775869,432.0,1.2845687219606348,460.0,0.7001613645215772,497.0,1.484068244077371,325.0,0.9444378026224775,1019
179225836,institution,University of Augsburg,,,DE,91.05043290043291,1.0228603256564799,670,0.7763217333476837,570.0,1.1897338057158457,524.0,0.8541453213364023,411.0,1.6633406123462717,265.0,1.2066491277126319,602
92008406,institution,University of Stavanger,,,NO,145.35255454794247,1.020342939847768,671,1.2695883447692864,286.0,1.0853643872286345,601.0,0.4788067209133617,739.0,2.026662253996961,188.0,1.2320312295795819,561
200763008,institution,Justus-Liebig-Universität Gießen,,,DE,97.38603896103896,1.01990155621273,672,0.5663256760791489,839.0,1.73226834980948,255.0,0.9020619818298748,381.0,0.43498929857384605,892.0,1.2195297849864972,579
181647926,institution,University of Strathclyde,,,GB,237.38122535107567,1.018849879690104,673,0.9217030090247419,449.0,1.3919072880128676,396.0,0.4534791344480019,785.0,0.7917896576948256,625.0,1.1357352002781724,686
132053463,institution,Université Libre de Bruxelles,,,BE,93.96750992063494,1.0186355672086358,674,0.9249540829705668,446.0,1.1720349238693575,532.0,0.4240076166048889,841.0,0.7528885492388796,656.0,0.8163703025098322,1317
139894009,institution,University of Bradford,,,GB,111.98957749766572,1.0167238822301774,675,0.4671960994521741,1005.0,1.3777780861510351,404.0,0.5541763179528588,647.0,1.0529214977060957,497.0,1.6058680584426326,252
70698675,source,Technovation,0166-4972,B,,617.0,1.016368103071115,676,,,1.1488896446218018,545.0,,,,,1.429666910183925,367
55633929,institution,World Bank Group,,,US,110.84793650793652,1.016231092905701,677,1.0289126132226525,374.0,0.39138460521619733,1569.0,0.21152588019273785,1315.0,,,0.7572831857720392,1470
117841876,institution,Université Paris-Panthéon-Assas,,,FR,47.895634920634926,1.0157091856461056,678,1.077606516141084,353.0,0.750491009803207,969.0,1.1393759558506062,295.0,2.632401002687144,103.0,0.612773006242746,1846
98251732,institution,McMaster University,,,CA,242.1497571872572,1.0147351581612725,679,0.9045816838752041,466.0,1.5099362758543748,337.0,0.6266536398432309,568.0,0.5830412958118923,770.0,0.8008219473974658,1354
191693275,source,Human Resource Development Quarterly,1044-8004,B,,113.0,1.0142386662480691,680,,,1.129028734510976,562.0,,,,,0.9482297795041054,1012
90697900,institution,EBS University of Business and Law,,,DE,56.37619047619047,1.0139914021959517,681,0.1378001677619362,1777.0,1.5484434406286085,313.0,0.3006304523342129,1090.0,,,1.1715679149619926,643
206615888,source,Economic Inquiry,0095-2583,E,,333.0,1.0119629059303665,682,0.8197286205373837,533.0,,,,,,,0.6478409902472035,1761
187200255,source,Competition & Change,1024-5294,E,,150.0,1.0077257811772113,683,0.992342093765916,399.0,,,,,,,0.7937197517238759,1369
57862637,source,Journal of Housing Economics,1051-1377,E,,144.0,1.0073638016963467,684,0.826505863393718,525.0,,,,,,,0.7016495128016712,1616
75627377,source,SIAM Journal on Financial Mathematics,1945-497X,E,,77.0,1.0068759522414077,685,1.0042118211479663,390.0,,,,,,,0.42717126470870087,2243
163151358,institution,Cyprus University of Technology,,,CY,73.56626984126984,1.0049447478770588,686,0.38317059874922765,1218.0,1.324081331368973,438.0,0.6422497029090709,551.0,,,1.6201528918850165,244
130785548,institution,Clark University,,,US,48.478822055137854,1.0047757557563612,687,1.0443153348931644,369.0,0.9296953052991397,745.0,0.6595204939288297,537.0,0.688967345273141,705.0,0.8798984321234075,1161
102149020,institution,University of North Carolina at Charlotte,,,US,141.87327681451217,1.0044144250282658,688,0.32905952580244374,1340.0,1.3850075012983363,400.0,0.8433021365517315,414.0,,,0.8763266553890144,1171
205274468,institution,Trinity College Dublin,,,IE,239.33793717353498,1.0039084882809441,689,0.5980956092752522,789.0,1.2547428895365953,476.0,1.0594632671081063,318.0,1.0260125593811886,512.0,1.2488330680171462,545
2613432,institution,University of South Florida,,,US,210.1290490340413,1.002386109599203,690,0.22424847718793905,1584.0,1.2166829256446774,507.0,0.9286879298304032,367.0,3.2953274263259664,57.0,0.9532880120250641,1002
1314466530,institution,Tokai University,,,JP,29.59682539682539,1.0021118119736259,691,0.7896285175071976,554.0,2.1111643473996664,165.0,1.244372133218816,255.0,,,2.484619007526744,61
76766440,institution,University of San Francisco,,,US,68.603373015873,1.0007446924259253,692,0.37019016577663905,1241.0,1.4755114491837318,355.0,1.1314900831712886,296.0,0.4334499894537556,894.0,0.8538245012003064,1229
2801380234,institution,University of South-Eastern Norway,,,NO,95.99822755877233,1.0006468452231632,693,0.7223016702181418,632.0,1.3046410331391858,449.0,0.23314907577759547,1257.0,0.4988485870993407,845.0,1.2514730641531489,539
12079687,institution,Edith Cowan University,,,AU,184.52708461773864,0.9980102311421896,694,0.2902191000988448,1428.0,1.111128975588578,578.0,0.9249614156147309,369.0,2.8195457127429813,89.0,1.8215008065607234,167
92565720,source,Oxford Bulletin of Economics and Statistics,0305-9049,E,,235.0,0.9978165427417377,695,0.9756802525408997,413.0,,,,,,,0.655234243891734,1743
77308338,source,Corporate Governance An International Review,0964-8410,B,,208.0,0.9969415069064793,696,,,0.9468259107314184,726.0,,,,,0.7869606323817228,1388
196829312,institution,La Trobe University,,,AU,240.33568376068376,0.9961761911648491,697,0.8181875631296522,536.0,1.0951259978321335,589.0,0.9301682829947809,366.0,1.628143078821943,270.0,2.0114383466325667,124
4210232136,source,Journal of Current Issues & Research in Advertising,1064-1734,B,,118.0,0.9959817217443364,698,,,1.12649961018879,566.0,,,,,0.66945092138143,1700
87209429,source,Journal of Benefit-Cost Analysis,2152-2812,E,,104.0,0.9951869397467572,699,0.9409728860644228,436.0,,,,,,,0.7781533690341446,1408
10747938,source,Journal of International Money and Finance,0261-5606,A,,614.0,0.9951576176528417,700,,,,,0.6645066285030562,527.0,,,0.8250586187629573,1297
4210190151,source,Omega,0305-0483,B,,641.0,0.995095826662408,701,,,1.0848800647488566,602.0,,,,,1.2151370647232191,588
24306055,institution,Suffolk University,,,US,97.96785714285714,0.9948596104246344,702,0.9627316469018701,423.0,0.679312276372542,1077.0,1.8834474070928455,158.0,,,1.0317575116453186,849
183232449,source,International Journal of Industrial Organization,0167-7187,A,,239.0,0.9945836035958816,703,,,,,0.5136783077136291,698.0,,,0.585801963927818,1915
45224653,source,Journal of Research in Interactive Marketing,2040-7122,B,,221.0,0.9944230950841203,704,,,1.1531378600762725,542.0,,,,,1.2922248787049524,492
223822909,institution,Heidelberg University,,,DE,79.0623253111411,0.9939525734920269,705,0.999893691506382,395.0,1.3585759256528962,418.0,0.1486204657815482,1456.0,0.10074145569945016,1230.0,0.8901238720743864,1140
166825849,institution,Tampere University,,,FI,180.71072193522846,0.9929220813579411,706,0.8683499350685507,490.0,1.0765438243551573,612.0,1.1693321192618968,282.0,2.3479848550328195,131.0,1.3998707745458663,390
16733864,institution,National Taiwan University,,,TW,244.22697196365422,0.9926877778089509,707,0.4708996757237369,1000.0,1.9302227752132772,202.0,0.5408367313476857,666.0,1.2310829898471076,414.0,1.1384392547501083,680
39854758,institution,Auckland University of Technology,,,NZ,329.27308802308795,0.9926757669653382,708,0.3082408558605884,1379.0,1.39787222928157,389.0,0.44097094749414767,814.0,1.2206780480999921,422.0,1.220276037342542,576
59475652,source,Health Care Management Science,1386-9620,X,,164.0,0.9915006388454422,709,,,,,,,1.119326284418365,465.0,0.8134298852221652,1327
127646213,source,Journal of Financial Markets,1386-4181,A,,187.0,0.9908029319820334,710,,,,,0.8610413800680945,406.0,,,0.6701037322504709,1698
133999245,institution,"University of Nevada, Las Vegas",,,US,186.70338698511594,0.9853728829826438,711,1.0141044539794992,384.0,1.0648121708884377,625.0,1.1662826270357356,283.0,,,1.1557319627370706,656
52333995,source,Journal of Economic Methodology,1350-178X,E,,129.0,0.984914788132438,712,0.9620305255906774,425.0,,,,,,,0.6375878284354177,1790
169335092,institution,University of North Carolina at Greensboro,,,US,151.4338934012847,0.9846692081896798,713,0.7922560419808254,553.0,1.017960229551752,659.0,0.7138534699543995,489.0,2.2864613178088784,143.0,1.0252591907355177,865
94722563,institution,University of Jyväskylä,,,FI,155.13551587301586,0.9838387486641097,714,0.44295749750381785,1069.0,1.3119609185707448,440.0,0.5434809233954101,662.0,2.8616253491778427,84.0,1.445686208601412,350
123185442,institution,Reykjavík University,,,IS,40.21753246753247,0.9830697754256273,715,0.1813072153758966,1685.0,1.3212137378599473,439.0,0.6713933514513672,521.0,,,1.4696919857587785,326
186335123,institution,East Carolina University,,,US,111.2012244245889,0.9810288415755692,716,0.37064266668228485,1238.0,1.3312318254924884,432.0,0.6193195881654076,572.0,0.5818706992406033,775.0,1.0875303842289699,746
192266589,source,Group & Organization Management,1059-6011,B,,277.0,0.9790137573536308,717,,,1.0820818886998445,604.0,,,,,0.7756092919852066,1420
102335020,institution,Karlsruhe Institute of Technology,,,DE,126.05449134199135,0.977141654193734,718,1.0188021603754844,380.0,1.1536305797010975,541.0,0.7955562236029484,440.0,0.7219797022424508,679.0,1.0338763186533173,840
106938459,institution,University of New Brunswick,,,CA,56.444444444444436,0.9759062436324598,719,0.4671908391853331,1006.0,0.9498554586727659,721.0,1.5666468374307885,192.0,1.6788538997932203,263.0,1.1378858522228301,681
193524592,institution,Tianjin University of Finance and Economics,,,CN,154.2891339869281,0.9757302906945172,720,0.7631590911469927,584.0,0.8740892550864401,802.0,0.7954924086577749,441.0,,,1.286363160235941,501
63772739,institution,Florida Atlantic University,,,US,207.63711298004523,0.9738766550201984,721,0.5682487964977795,834.0,1.2204714768978324,502.0,0.6337093352922027,560.0,0.28157440401024925,1059.0,0.9413214651447596,1024
181827316,institution,Université Catholique de Lille,,,FR,24.83293650793651,0.9726477201287002,722,0.7034621808437781,655.0,1.512790526463117,335.0,0.39778237975684083,891.0,,,1.1740945078791944,640
2764393121,source,The American Economist,0569-4345,E,,82.0,0.9723542428859395,723,0.6755341796594934,690.0,,,,,,,0.5750660256830936,1943
66943878,institution,De Montfort University,,,GB,178.96760461760465,0.9715337736072268,724,0.40972090579869114,1148.0,1.1242776636049305,570.0,0.809932109265787,432.0,2.385100250009165,128.0,1.4155585788269056,377
187270080,source,European Journal of Work and Organizational Psychology,1359-432X,B,,299.0,0.9689930205848479,725,,,1.0369275204867816,642.0,,,,,0.9192602001136697,1069
19700959,institution,Florida International University,,,US,280.14886964886966,0.9642639125071227,726,0.4297647406701723,1097.0,1.5351593362119937,321.0,0.7155951328048332,488.0,0.3492686904951472,985.0,0.9120451040708625,1093
102134673,institution,Linköping University,,,SE,180.7087773337774,0.9629001127002408,727,1.135831551247473,326.0,1.111817537066883,577.0,0.40130637039493616,884.0,0.7253389726367664,678.0,1.3277133190788908,459
162714631,institution,George Mason University,,,US,413.26371248348306,0.9620110220982205,728,0.6569692501612855,715.0,1.5141644422687874,332.0,0.7381696381506159,470.0,1.2992762076768491,389.0,0.6133934427002152,1844
881427289,institution,University of Gothenburg,,,SE,285.6843453682175,0.9617257996957052,729,1.0951671858191034,347.0,0.8487756209224326,831.0,0.5590257573111009,641.0,2.193642104749904,157.0,0.9423693123022245,1022
181369854,institution,Friedrich-Alexander-Universität Erlangen-Nürnberg,,,DE,211.7027167277167,0.9616285914430642,730,0.591266993200429,796.0,1.2447265226196567,487.0,0.6377820345712001,558.0,0.16259423589907887,1166.0,1.3619951618014632,427
184446198,source,Journal of Public Economic Theory,1097-3923,E,,225.0,0.9603832772343415,731,0.9815452321229552,409.0,,,,,,,0.5235721926008756,2066
2912564958,source,Journal of Public Budgeting Accounting & Financial Management,1096-3367,B,,205.0,0.9602352904534144,732,,,0.9836911412062942,694.0,,,,,1.328105180261495,458
91712215,institution,Saarland University,,,DE,63.94799950452124,0.9595227747884932,733,0.2965830650071971,1417.0,1.2363723370468063,491.0,0.15420208757992412,1438.0,,,1.049142734123151,813
75381157,institution,Wilfrid Laurier University,,,CA,185.90878517617648,0.9582998699148196,734,0.6002747161391528,787.0,1.0959005567093543,586.0,0.9112846779440792,379.0,1.2818927692313988,397.0,0.9135657495242606,1088
126345244,institution,Portland State University,,,US,111.9763499480789,0.9568053698175876,735,0.6658638030352547,706.0,1.3548414076141313,422.0,0.6182315252307305,573.0,1.1188891749823169,466.0,0.9816398618475909,946
4210166741,institution,University of Klagenfurt,,,AT,76.14880952380952,0.9564595230614679,736,0.6970819421607537,662.0,1.2223424617639693,501.0,0.8832810778017705,394.0,0.8065786374101278,616.0,1.4006151243425058,388
175672440,source,Regional Studies,0034-3404,E,,738.0,0.9530161648788531,737,0.9916801768926209,400.0,,,,,,,0.8564692400564433,1222
368840534,institution,University of Mississippi,,,US,177.87311364647815,0.9529008586019018,738,0.23508651354236018,1562.0,1.6701434303272136,267.0,1.0135448624376613,338.0,0.534810275873876,810.0,0.9896124902135904,931
204136569,institution,The Open University,,,GB,124.94500291422906,0.9512776719215323,739,0.5801114133168893,813.0,1.0920447967508946,592.0,0.8007684505533323,436.0,2.279077756279543,145.0,0.8704269549457716,1183
95793202,institution,Otto-von-Guericke University Magdeburg,,,DE,41.54087301587302,0.949730167293907,740,0.41133039629694773,1143.0,1.6422960269446079,274.0,0.3798262857694931,922.0,,,1.3521028792812246,438
17626003,institution,University of Rhode Island,,,US,133.19130591630594,0.9486207254323291,741,0.4386710995133992,1076.0,1.569188171204251,306.0,0.5407941948756464,667.0,2.5317938945906286,112.0,0.9267302202900504,1058
2800387288,institution,European Commission,,,BE,85.68926073926072,0.9472848344876361,742,0.7744785740806788,572.0,1.2306091887744095,496.0,0.5949117480543666,594.0,5.465990227800662,13.0,1.0183514976658887,874
123534392,institution,University of North Texas,,,US,277.8910301277123,0.9460921382954942,743,0.2915910733638534,1425.0,1.1234190670762365,572.0,1.149469063516685,293.0,1.4010994950438584,355.0,1.2312599376641262,563
10052268,institution,New Mexico State University,,,US,82.52301587301586,0.9438650305486088,744,0.5324460494757135,891.0,1.4232154166833806,379.0,0.3994215043027287,889.0,0.025881759110016132,1288.0,0.9342747603094277,1037
52179390,institution,University of Waikato,,,NZ,246.81771987174906,0.9434167068135172,745,1.2544844660018841,292.0,0.87719302355234,798.0,0.6212031401709727,570.0,0.4691523052725267,866.0,1.401198141493595,387
63135867,institution,University of Cincinnati,,,US,86.67399626517272,0.9430515900755685,746,0.18828552761981288,1665.0,1.9529506126194607,198.0,0.6496284342218704,546.0,0.7954751946784948,622.0,0.6059291727761661,1863
165253824,source,Scandinavian Journal of Economics,0347-0520,E,,129.0,0.9406813264364495,747,1.0177509822184707,381.0,,,,,,,0.5351322428379515,2035
142910587,institution,University of Salento,,,IT,153.61380262249827,0.9403226396735173,748,0.28436622265771866,1439.0,1.4343659848238923,374.0,0.36409884826369526,955.0,,,1.8260055724460285,165
20231570,institution,Peking University,,,CN,763.6409937284938,0.9399381301323336,749,0.858326319345914,497.0,1.148211493991422,548.0,0.8724602879058382,399.0,0.9698129629429834,536.0,0.9089979897296026,1098
100134864,source,European Journal of Political Economy,0176-2680,E,,426.0,0.9396908396346674,750,0.9086108922932377,462.0,,,,,,,0.7254684872095175,1555
8606887,institution,Grand Valley State University,,,US,57.791210502892746,0.9391113892996371,751,0.8530495040205415,505.0,1.2678537187962537,470.0,0.1575687819368319,1428.0,,,0.8329544962890068,1278
175759345,source,Economic Development Quarterly,0891-2424,E,,114.0,0.9387834352586069,752,0.8466555802454535,511.0,,,,,,,0.4996676473182743,2121
83558840,institution,Universidade Nova de Lisboa,,,PT,227.95094310278137,0.9378723647303812,753,0.9738617983630444,415.0,0.9987238384886836,675.0,0.765151907335091,457.0,0.48606563295957994,855.0,1.1759227930313678,635
94616838,institution,Jönköping University,,,SE,174.13216089466087,0.9374639275462265,754,0.7118203322471152,646.0,1.1307490228138968,560.0,0.4598750991417268,774.0,0.6030937041129242,752.0,1.0934522331078875,739
4210099530,institution,IPAG Business School,,,FR,137.08415286404417,0.9369608366660422,755,0.7244101197894193,631.0,0.9741859178136018,701.0,0.8266623244925151,425.0,,,1.4798882395025421,321
164389053,institution,Fordham University,,,US,171.61736928104574,0.9348106626744621,756,0.5026400133176295,935.0,1.4996486724798097,341.0,0.6767748854539503,517.0,0.43034950385605614,898.0,0.9089500375721086,1100
67031392,institution,Carleton University,,,CA,176.52738095238095,0.9340857193073219,757,1.2065593467065574,302.0,0.89590444476927,783.0,0.4420009814854295,812.0,0.7646279201606898,649.0,0.9643833820757814,972
149461666,institution,Ca' Foscari University of Venice,,,IT,201.3832282913165,0.9326909853320052,758,0.6711773128609746,698.0,1.4238624214930555,378.0,0.5808798798326039,612.0,,,1.2373179464523332,556
39343248,institution,Humboldt-Universität zu Berlin,,,DE,124.74147500375439,0.9315311916402431,759,0.8501568548014395,507.0,0.5009884808749232,1379.0,1.1521459552671744,289.0,2.8395182690132743,85.0,0.7709055331816601,1438
51205905,institution,Kedge Business School,,,FR,219.4539875758916,0.9312616484306246,760,0.5025626528607009,936.0,1.1325227736112673,559.0,1.10122147157259,307.0,1.1259924430505268,461.0,1.112520270944339,713
9300472,institution,Bournemouth University,,,GB,119.76489621489621,0.9306412119035975,761,0.6862972918147546,675.0,1.0780701806451514,610.0,0.6330145787704384,561.0,0.3075361752666097,1034.0,1.4005480600240925,389
184942183,institution,University of Oslo,,,NO,169.01235937265346,0.9273335149928504,762,1.1234133681323453,332.0,0.8175587982358576,873.0,0.3948286129473636,896.0,0.7472963349220375,661.0,0.668793850392611,1708
153901656,institution,University of North Carolina Wilmington,,,US,78.95178284851183,0.9268752757449905,763,0.33755646187191085,1317.0,0.8264828421908087,862.0,0.3662239224982906,952.0,10.355271915039541,2.0,0.845357703392585,1248
13955877,institution,Bar-Ilan University,,,IL,124.49217953099532,0.9260229921513478,764,0.9310573590244647,443.0,1.1283388753914687,563.0,0.51510120447305,695.0,0.9479752895922805,547.0,0.8615729652661305,1208
21250087,institution,Charles University,,,CZ,152.362028978933,0.9251721929676137,765,1.028122705496901,375.0,0.34014637229727285,1662.0,0.6609829983088743,532.0,,,0.7921834723796318,1373
94658018,institution,University of Memphis,,,US,113.2307743658211,0.9250749175143971,766,0.8918193093524384,473.0,0.9714126787616599,704.0,0.632209012088705,563.0,0.362356697037511,973.0,0.9561330817914407,993
82509713,institution,Mälardalen University,,,SE,66.26093073593074,0.9236485978286059,767,0.14535569504351484,1755.0,1.1411596449547203,553.0,0.2302304361333778,1263.0,0.6998948212909487,702.0,1.589672901442362,266
1294671590,institution,Centre National de la Recherche Scientifique,,,FR,415.76863999879504,0.9235957811430232,768,0.9755734015198498,414.0,0.8736341257012608,804.0,0.5238213214649711,683.0,1.1130887366876634,469.0,0.8046950905977964,1343
180851279,source,Journal of Services Marketing,0887-6045,B,,350.0,0.9234647306655059,769,,,1.0798269204067996,606.0,,,,,0.8475377985672146,1241
169521973,institution,University of New Mexico,,,US,126.69226190476192,0.9233016729813717,770,1.2847952203664004,275.0,0.9517608863652557,719.0,0.40105948433098904,886.0,2.597840084719709,107.0,0.9494756397658766,1009
83809506,institution,University of South Alabama,,,US,49.36626984126984,0.9220492383692952,771,0.6874642721703214,672.0,1.277767662619214,463.0,0.032400349200140094,1674.0,2.9954997435712856,72.0,1.5274782894143317,299
178712713,institution,Bryant University,,,US,61.2940243557066,0.9215838140423489,772,0.33217458346679707,1335.0,1.226845527599186,498.0,0.20686874033698016,1326.0,2.3187657122786316,137.0,0.8545688115904174,1228
94624287,institution,University of Twente,,,NL,210.83970063161243,0.9211407464476326,773,0.47603672963648497,981.0,1.082818484250673,603.0,0.27416706835770893,1160.0,3.6603504116134653,41.0,1.2543047458756988,536
160993911,institution,Queensland University of Technology,,,AU,388.3114829614829,0.9206159625327792,774,0.63577843443902,743.0,1.3082788501790306,446.0,0.3870115599422908,907.0,0.32387590415481227,1018.0,1.2592567454789452,528
49331332,source,Service Industries Journal,0264-2069,B,,204.0,0.9199508123622909,775,,,1.073648245414646,615.0,,,,,1.3492296086798417,442
7882870,institution,University of Glasgow,,,GB,257.5848636929519,0.9191971670728782,776,0.6649707691018824,708.0,1.443233568456521,370.0,0.5794017752039226,613.0,1.2104704261483017,430.0,0.9191294922566751,1070
47605537,institution,Hang Seng University of Hong Kong,,,HK,57.209960317460315,0.9152997274242503,777,0.6364514008519754,741.0,1.1814529247511754,528.0,0.7524818795512347,464.0,2.1495135151564253,165.0,1.2816180015783147,503
80281795,institution,University of Otago,,,NZ,288.4601088525002,0.9149879050430518,778,0.6658541534188755,707.0,1.311154040523838,441.0,0.5885666209090911,599.0,0.30042071051395786,1038.0,0.9961969496865558,921
887968799,institution,RWTH Aachen University,,,DE,147.02071857880682,0.9148976082426279,779,0.5641520119823107,846.0,1.1902034552460532,522.0,0.3929924744376254,900.0,3.469513586366361,47.0,1.1665587792575587,650
43637407,source,R and D Management,0033-6807,B,,277.0,0.9145137544484411,780,,,1.0204413871867544,657.0,,,,,0.9070360352377489,1107
200332995,institution,TU Dortmund University,,,DE,117.00577200577199,0.9144608032366919,781,0.7053561064359682,654.0,1.0870636805248848,599.0,0.6799149729259522,512.0,1.1164999431906606,468.0,1.0897361284462554,744
81365321,institution,Old Dominion University,,,US,172.5957722832723,0.9126878029154164,782,0.3959157735671632,1185.0,1.2197810055754856,503.0,0.6603473312600276,534.0,0.8429481221593379,598.0,0.9738523885588853,960
16296580,source,Southern Economic Journal,0038-4038,E,,239.0,0.9083966483176443,783,0.6929139431681742,668.0,,,,,,,0.5590310501818446,1982
115475287,institution,Oklahoma State University,,,US,206.82987012987013,0.9080838132031304,784,0.6401876263608011,733.0,1.058948872351031,628.0,1.0090306186687572,339.0,1.7605547193285147,241.0,1.053182864882714,807
71422933,institution,Sheffield Hallam University,,,GB,89.15396825396824,0.9060747271083431,785,0.9930914940539077,398.0,0.9835408644793691,695.0,0.4214562734738018,844.0,0.033511983548633724,1284.0,1.3376141882429562,451
92834545,institution,École Supérieure de Commerce de Rennes,,,FR,130.0638888888889,0.9043516952669733,786,0.6779067035856233,686.0,1.0151081317769999,662.0,0.6325792477503102,562.0,,,1.522010303927395,304
53276908,institution,Marymount University,,,US,53.0468253968254,0.9031458068216993,787,0.15440650191884606,1741.0,0.05754563709147293,2095.0,15.027395787931706,2.0,0.13006979288356937,1204.0,0.5714332359689398,1952
4210106879,institution,Ohio University,,,US,89.05430574098799,0.9029078103772412,788,0.0579729952727537,1908.0,1.1258202109464157,567.0,0.6994743951585289,499.0,0.4582644663214546,876.0,0.8399821981188959,1255
191556934,source,Journal of Intellectual Capital,1469-1930,B,,247.0,0.9018775170707725,789,,,1.050423542231285,632.0,,,,,1.4805217455672584,320
50631486,source,Journal of Knowledge Management,1367-3270,B,,619.0,0.90138749785555,790,,,1.078465255602211,609.0,,,,,1.3083893009381444,478
120156002,institution,Boise State University,,,US,68.9982114199404,0.9013424217469197,791,1.2055663126955731,303.0,0.996972287974548,679.0,0.5328931248043972,675.0,0.07667892454905152,1247.0,0.9089671115068353,1099
177877127,institution,The University of Western Australia,,,AU,369.2150938637351,0.9013268694899296,792,0.6948708573005824,665.0,1.024183118074317,653.0,0.57906190936004,614.0,3.0971512081313386,66.0,1.1394476319399351,678
153473198,institution,North China Electric Power University,,,CN,76.70711233211235,0.8986922812506511,793,0.6106290434993193,774.0,0.3753981492203386,1600.0,0.857782511198576,410.0,,,2.6582686977693637,53
67103694,source,Cambridge Journal of Economics,0309-166X,E,,203.0,0.8978897266834293,794,0.9187055541813125,451.0,,,,,,,0.622966438981046,1827
49327401,source,Journal of Sports Economics,1527-0025,E,,179.0,0.8927262716574079,795,0.8533607177368854,504.0,,,,,,,0.6113538209259092,1850
178634671,source,Financial Accountability and Management,0267-4424,A,,155.0,0.8921934218966296,796,,,,,0.6132639038205651,576.0,,,0.9342643573544175,1038
68666633,institution,Grenoble Ecole de Management,,,FR,192.70712135134752,0.8919811160036123,797,0.6698538131565481,701.0,1.0650570090420448,624.0,0.317807821627644,1058.0,,,0.8579820530086218,1217
4210147161,institution,Mudra Institute of Communications Ahmedabad,,,IN,44.35608465608465,0.8913846086116614,798,,,1.1248708852618765,568.0,0.018587696460104688,1688.0,,,1.7036019512441458,209
60488453,institution,Middlesex University,,,GB,142.17955182072828,0.8912251963124486,799,0.5136421563661536,922.0,1.150134585462742,544.0,0.23076605742681644,1261.0,0.06668249595580063,1254.0,1.3061492787764013,479
891191580,institution,Aalborg University,,,DK,227.5646625003823,0.8904087469184784,800,0.7124788677260762,645.0,0.9747856768235909,700.0,0.9969536729178449,343.0,2.2124265857364196,153.0,1.0540103942734742,806
82284825,institution,Cranfield University,,,GB,149.66650461644068,0.8892408664136694,801,0.4871702007508007,964.0,1.145772869886424,550.0,0.606031221971251,587.0,,,1.3409107443965187,450
96673099,institution,Technical University of Denmark,,,DK,119.13645967059762,0.888144272423952,802,0.3814656747899932,1220.0,1.5295258249201942,324.0,1.2926326430184143,243.0,2.7421028532776774,96.0,1.0800943909357488,761
11039511,institution,University of Bergamo,,,IT,206.95742451992453,0.8881302457458056,803,0.32762744925955356,1341.0,1.0289921814765486,650.0,0.8508035831252855,412.0,,,1.1634102793736771,652
101788309,source,Papers of the Regional Science Association,1056-8190,E,,237.0,0.8878224306555118,804,0.9361464787953399,438.0,,,,,,,0.7027422537598174,1612
202178085,source,The Journal of Real Estate Finance and Economics,0895-5638,A,,243.0,0.8876033228535575,805,,,,,0.7538110791012825,462.0,,,0.6308041897749612,1804
74801974,institution,The University of Tokyo,,,JP,255.68696581196576,0.8855596708053979,806,0.9359117124254821,439.0,0.5464099548689622,1293.0,0.4156670626711069,854.0,0.111006638741587,1219.0,0.7815534680876214,1400
47838141,institution,Saint Louis University,,,US,52.02255799755801,0.8842971940900604,807,0.2640164554540006,1492.0,0.9755217398534962,698.0,1.4621326271698711,212.0,,,0.7822285673238301,1399
968139600,source,Journal of Personal Selling and Sales Management,0885-3134,B,,121.0,0.8817214979524565,808,,,0.997176763908998,677.0,,,,,0.6335308234475272,1798
12315562,institution,Texas Tech University,,,US,320.04533586870025,0.8811097156439169,809,0.7496577532275296,605.0,1.1842507026121964,525.0,0.7171667389105364,487.0,1.1224017998757356,463.0,0.7925996316864565,1371
61413993,source,Journal of Business and Psychology,0889-3268,B,,316.0,0.8804966648768303,810,,,0.9411613435302743,733.0,,,,,0.7645371632186532,1455
120991925,source,Telecommunications Policy,0308-5961,X,,406.0,0.8797290288824472,811,,,,,,,1.721197492001962,250.0,1.4972069550257192,314
136211407,source,Ecological Economics,0921-8009,E,,1201.0,0.8794329079310691,812,0.8942551538610722,471.0,,,,,,,1.1170749757920222,709
138689650,institution,University of Padua,,,IT,277.94422083227226,0.8793850293743766,813,0.7683006030304655,581.0,1.1164750911490149,576.0,0.4779137291852441,741.0,2.0252722178986464,189.0,1.1217319091958908,706
84027002,institution,Leeds Beckett University,,,GB,97.50673117731941,0.8793742709919214,814,0.9329865368709647,441.0,0.9283404056360385,747.0,0.3615796933403937,963.0,3.0916165945703367,68.0,1.3948468820024515,395
79510175,institution,Cardiff University,,,GB,404.35523039762165,0.8791251063139568,815,0.5202254116277006,909.0,1.2985325335619688,453.0,0.6092960810254242,581.0,1.26507908585069,399.0,0.9805118152763989,950
105567970,source,European Management Journal,0263-2373,B,,398.0,0.8784182229705415,816,,,1.0105478222719828,663.0,,,,,1.2708050198380196,513
195460627,institution,University of Aberdeen,,,GB,171.1769373600256,0.8783694225361219,817,0.4156109765085294,1138.0,1.2898225592589845,457.0,0.7412377344796993,468.0,0.015482864948327107,1295.0,1.139053721157097,679
98259816,institution,"Birkbeck, University of London",,,GB,123.38894110275687,0.878256004196493,818,0.5912825514857948,795.0,1.0093706093908745,664.0,0.5481394424087028,653.0,1.8861373850283123,218.0,1.0177893190176202,876
904495901,institution,Ruhr University Bochum,,,DE,109.59067460317459,0.8768286993192634,819,0.758406823433464,597.0,1.087191967712465,598.0,1.2101768385116929,266.0,0.3938224372285625,937.0,0.8250030489546796,1299
22247924,source,Entrepreneurship and Regional Development,0898-5626,B,,244.0,0.8764999583692401,820,,,0.9960184539754934,680.0,,,,,0.7312884907301341,1545
56934997,institution,Changsha University of Science and Technology,,,CN,95.52002525252524,0.8764944259796456,821,0.8957175149923248,470.0,0.4233110921229756,1510.0,0.6803814065651245,510.0,,,1.3837360245946881,402
183638586,institution,Parthenope University of Naples,,,IT,244.56686507936504,0.8754096781485432,822,0.4725805474716044,995.0,1.200184969664451,519.0,0.701150717873444,496.0,0.34411891811057405,992.0,1.6268902135511907,240
191208505,institution,Xiamen University,,,CN,680.0770171495171,0.874116412574439,823,0.9151193284644495,457.0,0.9221259694756649,752.0,0.5671325421339455,634.0,0.7735578781569316,638.0,1.137347653696674,682
129650269,source,Open Economies Review,0923-7992,E,,186.0,0.8731632192344692,824,0.7822788055448282,562.0,,,,,,,0.5341504545173074,2036
144747835,source,Australian Accounting Review,1035-6908,A,,92.0,0.8729822050577724,825,,,,,0.40639706551725713,875.0,,,1.0472043979856522,816
78037679,institution,UiT The Arctic University of Norway,,,NO,49.88555877305877,0.8729422601654935,826,1.053045095501222,363.0,0.9483941081158321,723.0,0.9205955885582765,374.0,0.5189221982687806,825.0,0.9951646522333759,922
206312523,source,Journal of Cultural Economy,1753-0350,E,,299.0,0.8726375228520615,827,0.8832536534514843,481.0,,,,,,,0.5494922682426886,2000
15766117,institution,University of Graz,,,AT,137.08874911505544,0.8713878270643117,828,0.7571395021322501,598.0,0.96007934984321,710.0,1.2512747526991688,253.0,0.10142831674199937,1227.0,0.9687886701790106,967
2699952,institution,Pontifícia Universidade Católica do Rio de Janeiro,,,BR,104.38888888888889,0.8697339932212717,829,1.9649313621037916,140.0,0.5700211787887486,1254.0,0.8280289041137899,424.0,,,0.8966076679725279,1118
52977244,institution,Insper,,,BR,87.49976053639848,0.8695336256608257,830,0.7388184463871995,616.0,1.1486373711450435,546.0,1.3080319811619794,236.0,,,0.7668748094218202,1453
47864991,source,Applied Psychology,0269-994X,X,,317.0,0.8690745391912681,831,,,,,,,1.3855019464153526,358.0,1.0592069244124356,798
13591777,institution,University of Nottingham Ningbo China,,,CN,242.3580868205868,0.8690449057819302,832,0.4437824236316763,1066.0,1.4073042710392847,385.0,0.32852622978865315,1036.0,2.806409999877951,91.0,1.214098356391426,590
185930956,source,Contemporary Economic Policy,1074-3529,E,,168.0,0.8688365212406213,833,0.7015057556561877,657.0,,,,,,,0.512064441307044,2089
41302103,source,International Journal of Physical Distribution & Logistics Management,0960-0035,B,,203.0,0.8682181353535823,834,,,1.0160761833719574,661.0,,,,,1.0460961787316816,819
160393188,source,Journal of the Japanese and International Economies,0889-1583,E,,94.0,0.8682037293728454,835,0.9819982148479927,408.0,,,,,,,1.0808748330309037,759
180437899,institution,University of Bremen,,,DE,108.44698592116816,0.8670531344263882,836,0.5753304606175733,822.0,0.9787088689007863,697.0,0.5864510632208336,605.0,0.5889630167181622,762.0,0.9513156222329778,1003
169699294,source,Accounting Education,0963-9284,B,,171.0,0.8623350848430328,837,,,1.0607309067919246,626.0,,,,,1.1855091560925437,625
66890659,institution,Saint Mary's University,,,CA,96.83988095238092,0.8615401304236066,838,0.3778643423143749,1222.0,1.0911674608575863,594.0,0.6783284971747972,515.0,0.8603610169759027,585.0,0.8205613637389799,1306
197396629,source,The British Accounting Review,0890-8389,A,,277.0,0.8608573920216706,839,,,,,0.6278247180777419,566.0,,,0.8583765295377528,1214
32597200,institution,Ghent University,,,BE,287.4284421596921,0.8606290105650231,840,0.49079630967813687,960.0,1.0915902210484831,593.0,0.5711180437523558,626.0,0.8683965667456504,581.0,1.0282459911488102,858
55060895,institution,University of Greenwich,,,GB,130.400873015873,0.8597640031629392,841,0.6310154512334761,748.0,0.8943498645112606,784.0,1.155391015191274,288.0,1.3993156246031324,357.0,1.3330928287167998,454
182227784,source,Social Marketing Quarterly,1524-5004,B,,76.0,0.8586419711003003,842,,,0.9633101368526944,708.0,,,,,0.701456062979933,1617
183533211,institution,University of Wisconsin–Whitewater,,,US,86.76035825545173,0.8575621837761481,843,0.15135217734447837,1747.0,1.4015315544680658,387.0,0.346101900810682,992.0,0.5095451259781362,832.0,1.029183318974124,856
107181468,source,Journal of Accounting Auditing & Finance,0148-558X,A,,186.0,0.8566631609278655,844,,,,,0.7301080696196542,478.0,,,0.5724661553621634,1949
45084792,institution,University of Florence,,,IT,231.83671153902932,0.8556747014116289,845,0.6282344231390482,750.0,1.2259296169869736,500.0,0.30991008578047435,1076.0,0.06743923670986537,1253.0,1.069481678838096,776
71637028,institution,University of Brighton,,,GB,45.6770202020202,0.8554177147681639,846,0.8259856688496556,527.0,0.7272886738429853,1004.0,0.9868524001938305,345.0,0.581261261098634,776.0,1.213168758705399,593
108845946,source,Economica,0013-0427,E,,188.0,0.8553130437993918,847,0.9720740764975556,418.0,,,,,,,0.5066912667779196,2102
139660479,institution,Central South University,,,CN,372.6934611684611,0.8550359670120187,848,0.8883973924237069,476.0,0.9665097816449933,706.0,0.6445674991787808,549.0,0.2965133168238189,1043.0,1.4684512779808525,328
32361082,source,European Review of Agricultural Economics,0165-1587,E,,184.0,0.8548558739263153,849,0.8678863701699523,491.0,,,,,,,0.6868096918576896,1661
176497116,source,Management Communication Quarterly,0893-3189,B,,156.0,0.854472980982959,850,,,0.8660754519876062,812.0,,,,,0.5962510802920409,1885
185905316,source,The Journal of Technology Transfer,0892-9912,B,,380.0,0.8539472212827516,851,,,0.8760615562277315,800.0,,,,,0.8344395757796637,1273
182689569,source,Quantitative Finance,1469-7688,E,,472.0,0.8535719524476302,852,0.6830401793343578,679.0,,,,,,,0.5559165956930233,1991
51101395,institution,Université Paris 1 Panthéon-Sorbonne,,,FR,152.65551226551221,0.8533765208336868,853,1.058286547710309,358.0,0.7012356205511269,1039.0,0.5699021634163935,628.0,0.7968758415952877,620.0,0.6618730121332692,1728
60559429,institution,Nazarbayev University,,,KZ,52.80694444444444,0.8525124726422808,854,0.7250172658474112,630.0,0.9510643576806043,720.0,0.6267928396331468,567.0,5.16030751830791,14.0,0.7706870078930791,1440
161548249,institution,Bangor University,,,GB,59.50286796536796,0.8521340443089899,855,0.7924587633448342,552.0,0.5445227200799072,1295.0,0.8785073801642831,396.0,,,1.0849768684504197,752
76198965,institution,Friedrich Schiller University Jena,,,DE,69.78249639249638,0.8519668539703659,856,0.26439546009640413,1489.0,0.760645860465531,953.0,1.5006073242658304,204.0,,,0.8304275845111784,1287
181679659,institution,Shanghai University of Finance and Economics,,,CN,594.8680305805307,0.8511703484376613,857,0.7768888701679997,569.0,1.087969352158159,595.0,0.539234716786355,670.0,2.409392711549057,125.0,0.9349912974613843,1035
47301684,institution,Illinois State University,,,US,134.46865079365077,0.8480968810588986,858,0.80731121036274,545.0,1.0369862672522818,640.0,0.29763095199273615,1097.0,,,0.8469806128592178,1242
161046081,institution,University of Freiburg,,,DE,92.78266518505649,0.846566873184453,859,0.7009532840066388,658.0,1.1007274189515859,583.0,0.7365756587818872,472.0,0.7610164328135871,651.0,0.8037521250319103,1346
2801696985,institution,France Business School,,,FR,48.158928571428575,0.8465607431526083,860,1.6622160577824507,183.0,0.6317419224198131,1136.0,0.3907978297369781,902.0,,,1.197204205695138,610
13511017,institution,Texas State University,,,US,137.21351794340924,0.8460104978147835,861,0.8229277750812689,529.0,0.9902084642118547,689.0,0.34995802999345504,989.0,1.0710227870518996,491.0,0.9815725576027445,947
4210160754,institution,Vlerick Business School,,,BE,25.83472222222222,0.8459045368695799,862,1.007711074756306,387.0,1.048114549809195,633.0,0.15405004092212066,1439.0,,,0.9610372397646001,980
133837150,institution,University of Huddersfield,,,GB,149.7214199880579,0.845784839857354,863,0.9166736654561952,456.0,1.019551039076044,658.0,0.4695492796877528,758.0,1.5000434465583448,319.0,1.3721794783053778,412
169541294,institution,Flinders University,,,AU,75.1841264128029,0.8443229960865092,864,1.272532956125316,283.0,1.3467729644921445,425.0,0.003114551895015417,1707.0,0.15090276868039207,1177.0,0.9175395572464898,1075
160194987,source,Journal of Industry Competition and Trade,1566-1679,E,,89.0,0.8442968867948125,865,0.5690067953452728,831.0,,,,,,,0.8316919184073788,1283
864998749,institution,Indian Institute of Management Mumbai,,,IN,158.93809523809523,0.8426515857957753,866,0.7828329159025561,559.0,1.0733734050023735,616.0,0.1815653890326204,1375.0,1.5246753875296155,310.0,1.7559403601639747,187
132285554,source,Creativity and Innovation Management,0963-1690,B,,244.0,0.8423250270720818,867,,,0.92155979533783,754.0,,,,,0.8630380821822411,1203
25217355,institution,University of Pavia,,,IT,116.74044566544568,0.8421737385591515,868,0.5699463246189679,830.0,1.022500465417471,654.0,0.9164225760580487,376.0,,,1.3265136704729272,461
195939026,institution,Glasgow Caledonian University,,,GB,57.52653318903319,0.8416685888422195,869,0.7616533473081478,587.0,0.6217136974219898,1157.0,0.6087560323153628,582.0,,,1.1510231103825994,664
65528657,source,Journal of Regional Science,0022-4146,E,,215.0,0.84125115146197,870,0.8588108332083247,496.0,,,,,,,0.6817714443818083,1677
14568501,source,Review of Social Economy,0034-6764,E,,97.0,0.8411824485093587,871,0.885768922228881,480.0,,,,,,,0.5166660326153889,2080
4210224898,source,Journal of Service Theory and Practice,2055-6225,B,,159.0,0.8401250748096003,872,,,0.9937707454533617,683.0,,,,,0.8453025401954121,1249
76440981,source,Canadian Journal of Economics/Revue canadienne d économique,0008-4085,E,,240.0,0.8396061356628917,873,0.7256524836712315,627.0,,,,,,,0.5151028461327632,2083
4210166444,institution,Institut de Recherche pour le Développement,,,FR,20.25648050090277,0.8392841248181617,874,0.9286289970908536,444.0,0.4698631049253914,1427.0,1.0415792312152972,324.0,0.9555752337200184,544.0,0.7558465410516533,1476
125839683,institution,Beijing Institute of Technology,,,CN,313.3508521108521,0.8391325696296376,875,0.9234720564230253,448.0,1.006749145645753,668.0,0.33948945759490257,1005.0,0.40631811688129554,920.0,1.844887732025167,160
129043915,institution,University of Udine,,,IT,93.08809523809525,0.8389932436877967,876,0.27595765983638143,1460.0,1.1964978680647598,520.0,0.4557622455703251,779.0,,,1.5991746053074105,258
2799858192,institution,London School of Business and Management,,,GB,55.603968253968254,0.8387208915705613,877,0.9785388326865029,411.0,0.6274299652198703,1145.0,0.8350727087579718,421.0,1.5222550141514033,311.0,0.9341598016232742,1039
114112103,institution,Leibniz University Hannover,,,DE,162.51381992190815,0.8377592493695527,878,0.6973303081407977,661.0,1.1420457305732932,552.0,0.5941366080016204,595.0,0.8152665959300506,613.0,0.9373807776879749,1032
119003972,institution,Roma Tre University,,,IT,195.74841269841272,0.8375650101440205,879,0.934034380654191,440.0,0.8365503292284551,847.0,0.33809325486698055,1008.0,2.0718253207650252,182.0,1.0513957705107293,812
12097938,institution,West Virginia University,,,US,258.6837770027297,0.8368134366419675,880,0.3601532157384562,1254.0,1.2671823386220065,471.0,1.2212184083937556,263.0,1.0300594178216005,509.0,0.7342135123279013,1533
197112600,source,Emerging Markets Review,1566-0141,A,,342.0,0.8328211994809258,881,,,,,0.4912514168380117,719.0,,,0.8911281457220035,1138
2802326326,institution,The University of Texas Rio Grande Valley,,,US,153.8422619047619,0.8318292724969213,882,0.41750649344115104,1130.0,0.8891916656454281,791.0,0.9112924620401159,378.0,0.8670177006904842,584.0,0.9133879038920191,1090
36547454,source,International Entrepreneurship and Management Journal,1554-7191,B,,392.0,0.8311478946139071,883,,,0.9398439729992559,734.0,,,,,1.1023640857887693,728
4577782,institution,Technische Universität Berlin,,,DE,157.14720688668058,0.8301466832754368,884,1.1847879961315244,306.0,0.6996402700292461,1043.0,0.24613268791123452,1227.0,0.7257204814707718,677.0,1.1781756418066627,631
6243863,source,Journal of Accounting Education,0748-5751,B,,99.0,0.8299838587744681,885,,,1.030112559561734,649.0,,,,,1.0635703734815187,787
4210169096,source,Accounting Economics and Law - A Convivium,2152-2820,B,,99.0,0.8290985485285096,886,,,1.0809220155461268,605.0,,,,,0.5400026168146215,2028
44265643,institution,Rowan University,,,US,61.628968253968246,0.827491437833966,887,0.11381849488689937,1830.0,0.9748214976609415,699.0,0.2608816879602652,1183.0,,,1.1417072076788022,674
201324441,institution,University of Ferrara,,,IT,83.04677579365081,0.8258557747800775,888,0.735747239406451,619.0,0.7890704431464249,905.0,1.5186661824533845,202.0,2.755414444166881,95.0,0.9808637123748281,949
76239586,source,Qualitative Research in Accounting & Management,1176-6093,A,,130.0,0.8257247386326158,889,,,,,0.5960652315826749,593.0,,,0.736344486948875,1531
4401200333,institution,ESIC Business & Marketing School,,,,46.64900793650794,0.8254728169876159,890,0.1750167713680232,1700.0,1.1692047244233241,533.0,0.2904671415699727,1114.0,0.5134679453007363,828.0,1.639866332588899,236
94339441,institution,Western Kentucky University,,,US,54.1,0.824171521054572,891,0.49921971488658484,944.0,0.5739435936280293,1244.0,1.2489481766376014,254.0,1.2147797077380476,425.0,0.703489543661274,1608
2746051580,institution,Université Paris Sciences et Lettres,,,FR,36.121957671957674,0.8241055529688575,892,1.044409365871292,368.0,0.6434802985355782,1123.0,0.47498686417151864,748.0,0.3714307019812613,964.0,0.6923685113816677,1643
43415676,source,Journal of Strategic Marketing,0965-254X,B,,261.0,0.8240811835970657,893,,,0.9431954570125765,730.0,,,,,0.9769279115728942,953
128649747,institution,Libera Università Maria SS. Assunta,,,IT,89.71944444444443,0.8221912305459178,894,0.6874295096561899,673.0,1.0369691528923786,641.0,0.2832867920451587,1131.0,1.9503302995146092,210.0,1.1979662157907391,609
145572626,source,International Review of Financial Analysis,1057-5219,A,,1807.0,0.8215194543021412,895,,,,,0.5486066623006371,651.0,,,1.0112396993843102,890
4162551,source,International Journal of Gender and Entrepreneurship,1756-6266,B,,98.0,0.8213045953361255,896,,,0.9176167868797322,757.0,,,,,0.9363261461089489,1033
185492890,institution,University of Canterbury,,,NZ,178.81224810213942,0.8205042996632002,897,0.44356147707857213,1067.0,1.1245525908185698,569.0,0.5033817636822726,706.0,,,1.0919096366741263,740
79940851,institution,University of Brescia,,,IT,112.68142135642135,0.8200059535973713,898,0.5303787693117284,894.0,1.2171632493581621,506.0,0.17044584388413475,1403.0,0.11228866146035658,1216.0,1.4152929600150168,378
145875555,source,Journal of Empirical Finance,0927-5398,A,,335.0,0.8198191342854729,899,,,,,0.5748731427135317,617.0,,,0.6463368566227311,1769
58171247,source,Journal of Product & Brand Management,1061-0421,B,,338.0,0.8197629305798061,900,,,0.946600643962695,728.0,,,,,1.0732959182918849,770
230495080,institution,University of Limerick,,,IE,100.15020541549954,0.819325551718598,901,0.5581181474565297,851.0,1.0478353950449188,634.0,0.3688122993436485,946.0,0.3076362223340478,1033.0,1.219013628677873,580
4210209722,source,Asian Economic Papers,1535-3516,E,,80.0,0.8191096435680768,902,0.7669430074392151,582.0,,,,,,,1.3806453956829745,405
82880672,institution,Beihang University,,,CN,205.26873355402768,0.8190569796313543,903,0.9910865817180953,401.0,0.8498854474237287,829.0,0.4388630554287748,820.0,1.5569212498822884,300.0,1.1954148150627808,614
157485424,institution,Korea Advanced Institute of Science and Technology,,,KR,220.1488095238095,0.8190382448732425,904,0.5209537568731324,908.0,1.0210054186102504,656.0,0.711406191894968,491.0,1.088884249520307,481.0,0.8002673662575778,1356
51532219,institution,University of Lincoln,,,GB,151.04359886466665,0.8177065570179921,905,0.34343966209251353,1302.0,1.09565389033091,587.0,0.4497717539752969,793.0,2.1776579699556775,161.0,1.4099377883795141,381
134988049,source,Econometric Reviews,0747-4938,E,,181.0,0.8176443209922066,906,0.8491399136139323,508.0,,,,,,,0.4045496896570475,2284
140551370,source,Cornell Hospitality Quarterly,1938-9655,B,,171.0,0.8136089126292773,907,,,0.9124176844576709,763.0,,,,,0.7746379620738312,1425
2735010472,source,Journal of the Association for Consumer Research,2378-1815,B,,24.0,0.8128899190955862,908,,,0.7767139725586615,927.0,,,,,0.5624090406308402,1978
133599470,institution,Universidad del Desarrollo,,,CL,64.38189634439634,0.8125658112502168,909,0.11593071899794345,1825.0,0.9929780073267092,686.0,1.6923727863663351,172.0,1.2578658763635828,402.0,0.8901194969904637,1141
2735890421,source,The World Bank Economic Review,0258-6770,E,,159.0,0.8115300569013925,910,0.8434895581952705,513.0,,,,,,,0.4967868807852383,2128
73417466,institution,Coventry University,,,GB,232.3602564102564,0.8110211341335312,911,0.3478658230748586,1288.0,1.0365846667377494,643.0,0.392983561156045,901.0,0.44633595055981135,886.0,1.4321196570416723,362
2764400943,source,Journal of Global Fashion Marketing,2093-2685,B,,123.0,0.8096760701015984,912,,,0.9077046216072497,769.0,,,,,0.9052538503861361,1108
55143463,institution,University of Turin,,,IT,383.1265079365079,0.8090309165347449,913,0.5524725352531576,868.0,1.0699146375167312,619.0,0.4424645388948843,809.0,1.3827000361069635,360.0,1.310984402611229,474
1335884394,institution,Economic Research Service,,,US,83.73928571428571,0.8084834648922704,914,0.8763788897846607,485.0,,,0.3009021236240468,1088.0,0.4890623522516686,854.0,0.6063267060382764,1860
75421653,institution,University of Missouri–Kansas City,,,US,61.352202937249665,0.8077702786450719,915,0.2966943515462599,1416.0,1.1370749132753286,555.0,0.6487126893458678,548.0,1.7515508773200945,243.0,0.8704667034085865,1182
174413665,source,Review of Income and Wealth,0034-6586,E,,192.0,0.8070671241950566,916,0.7821349408469588,563.0,,,,,,,0.5667424633784109,1966
36209479,source,Industry and Innovation,1366-2716,B,,233.0,0.8062404612333198,917,,,0.7439376209753589,980.0,,,,,0.7092594192148489,1596
59897056,institution,"California State University, Long Beach",,,US,87.9095238095238,0.8050251714686547,918,0.30688310820231784,1384.0,1.031002319152377,648.0,0.7297946616954322,479.0,,,0.5521186725339757,1999
141184754,source,Economic Modelling,0264-9993,E,,1336.0,0.804853630034197,919,0.8246366950208113,528.0,,,,,,,0.9213182345911353,1065
176795851,source,Journal of Macroeconomics,0164-0704,E,,207.0,0.8039811295893758,920,0.716731670384327,640.0,,,,,,,0.613288165178412,1845
255234318,institution,Universidad de Zaragoza,,,ES,348.05853174603175,0.803976221105818,921,0.33849785610041777,1314.0,1.4955929994457426,344.0,0.4478541949634826,798.0,0.2597624718735787,1081.0,1.4233401849225762,370
98947143,institution,California State Polytechnic University,,,US,63.18891033891034,0.8038719750412088,922,0.22037579859742215,1592.0,1.0354747409748604,645.0,0.4505963239764428,790.0,3.7620349689012076,34.0,1.0691211546159718,777
120125038,institution,Bond University,,,AU,85.07992530345473,0.8017678393382959,923,0.5703569371656823,827.0,1.4780614116858963,351.0,0.2383321804774031,1244.0,0.054544359911541905,1260.0,1.0458973590456098,821
13469542,institution,Vrije Universiteit Brussel,,,BE,123.37675595238095,0.8012277428753973,924,0.5648694778366641,843.0,1.0797329479296136,607.0,0.12810211504160124,1499.0,1.576712195278183,292.0,0.8087512479956649,1335
177477856,institution,Polytechnic University of Turin,,,IT,120.29662698412699,0.8006737957653927,925,0.42122849803178775,1118.0,1.001649202738718,670.0,1.1172037820934655,301.0,0.5260084121275741,818.0,1.1879802298381688,620
102607778,institution,Cleveland State University,,,US,65.94166666666666,0.7988848671750329,926,0.25963951635268073,1504.0,0.911360215515184,764.0,1.0419276002876905,323.0,1.1226274394884432,462.0,0.8601578777694137,1211
69737025,institution,University of Chile,,,CL,135.96369047619046,0.7984169636606412,927,0.41666686799468167,1135.0,1.370554115742103,409.0,0.43800794237902746,821.0,1.321780390624105,380.0,0.6607549837537021,1730
124227911,institution,Ben-Gurion University of the Negev,,,IL,135.45117542481674,0.797582621440974,928,0.6840626536948432,678.0,0.6981721268463099,1049.0,0.14665313662234644,1462.0,,,0.5653631517365867,1971
90267481,institution,Umeå University,,,SE,129.31238898929303,0.7975536555560678,929,0.9100995169622337,459.0,1.0399335739825002,639.0,0.14329604070496743,1468.0,0.5820904126151005,774.0,1.151281444233766,663
62318514,institution,University of Duisburg-Essen,,,DE,191.09546971719868,0.7972193301290447,930,0.8002382611862567,547.0,0.8426042332441683,839.0,0.587739905614071,602.0,1.5704165700772594,295.0,1.1045632913046757,724
167360494,institution,University of Wuppertal,,,DE,68.7078588078588,0.797158472545961,931,0.44445709380866644,1064.0,1.0340849804595882,646.0,0.46356915316386865,765.0,0.8597677262931349,586.0,0.9946004764280262,924
92422469,source,Journal of Multinational Financial Management,1042-444X,A,,110.0,0.7969540526583504,932,,,,,0.4518412459963953,788.0,,,1.0019468770162423,911
116843975,source,Journal of Emerging Technologies in Accounting,1554-1908,B,,128.0,0.7967692513892253,933,,,0.905868131604109,773.0,,,,,0.7644512036628809,1456
59433898,institution,Brunel University of London,,,GB,276.69778873087694,0.7966170274069171,934,0.46553838369114886,1010.0,1.086327284633883,600.0,0.3517991834103154,988.0,1.531178115709584,306.0,1.2903978076702685,496
135086714,source,Journal of Information Technology,0268-3962,B,,137.0,0.7950589658286119,935,,,0.8904243631436322,790.0,,,,,0.9815166355051251,948
170231156,source,International Journal of Entrepreneurial Behaviour & Research,1355-2554,B,,501.0,0.7949724451917949,936,,,0.9295640763709925,746.0,,,,,1.0122065902392259,886
2802079931,institution,Nord University,,,NO,86.17415223665222,0.7936494396802535,937,0.28684120518761635,1432.0,0.7499868824342449,971.0,0.8369747798472982,418.0,,,1.1312448237953474,694
178535277,institution,University of the West of England,,,GB,115.56111111111112,0.7932290390255882,938,1.2420288015385526,296.0,0.8428878863495829,838.0,0.13395815769978392,1479.0,1.070381969566587,493.0,0.795732134814187,1365
12870472,institution,Birmingham City University,,,GB,69.06520013802623,0.7929414058057376,939,1.9373580308698912,146.0,0.5707914450273706,1252.0,0.4159187818964732,853.0,0.5114805117013452,830.0,0.841117719915574,1254
57913696,institution,Istanbul Medeniyet University,,,TR,55.28217893217893,0.7924570091684229,940,0.6438848380721572,731.0,0.2618307190814793,1828.0,1.201465625225686,268.0,,,1.7072849514721182,206
4210186350,source,Journal of Competition Law & Economics,1744-6414,E,,33.0,0.7924130917801782,941,0.8490838466161658,509.0,,,,,,,0.650013259339736,1750
159129438,institution,Université du Québec à Montréal,,,CA,220.3465918139831,0.7921343442605894,942,1.5026859235345265,214.0,0.7252985862392157,1007.0,0.44599317235648583,801.0,0.48224782318307774,859.0,0.8848090366946968,1150
151746483,institution,University of Waterloo,,,CA,265.81430980960636,0.7917815859653345,943,0.5548507296245565,862.0,0.8790216820615832,796.0,0.8839540565725214,392.0,0.859228623276055,587.0,0.7558721713638563,1475
12818680,source,Corporate Social Responsibility and Environmental Management,1535-3958,B,,1054.0,0.7906772232417589,944,,,0.9317293935060521,743.0,,,,,1.123519804927823,701
148368070,source,International Journal of Selection and Assessment,0965-075X,B,,198.0,0.7894585530603933,945,,,0.8663599509203865,810.0,,,,,0.5678689966908397,1961
137519996,source,Electronic Markets,1019-6781,B,,315.0,0.7886974894805172,946,,,0.8971492191609918,781.0,,,,,1.3547509358600984,433
73680622,source,Journal of Pensions Economics and Finance,1474-7472,A,,118.0,0.7864471262717827,947,,,,,0.4887259999057007,723.0,,,0.45483044525248356,2201
119439378,institution,University of Verona,,,IT,195.11028138528135,0.7863974570291815,948,0.5243147538510714,901.0,1.069976783712522,618.0,0.3710416053325284,942.0,,,1.2978206694103163,485
198089087,institution,Ball State University,,,US,72.21924603174604,0.7862654892801788,949,0.9318564124277738,442.0,0.9898546805722691,690.0,0.5192557875568502,692.0,0.3895455043969971,944.0,0.8697048613468529,1185
204778367,institution,Norwegian University of Science and Technology,,,NO,314.08686623604854,0.7837122743811807,950,0.5229274413168058,904.0,1.2331700143488626,494.0,0.3215328490903291,1049.0,1.0912233356059697,479.0,1.2365949525042002,557
82743730,source,Journal of International Financial Markets Institutions and Money,1042-4431,A,,568.0,0.7834257890244272,951,,,,,0.5399829451536216,668.0,,,0.9539761457573881,999
180670191,institution,"University of California, San Francisco",,,US,29.684957607751723,0.7831453237049936,952,0.42901665529347177,1100.0,2.64258871019502,103.0,8.850922155173086,6.0,0.8246961907903329,611.0,0.4614696392305167,2194
134235054,institution,Sabancı Üniversitesi,,,TR,74.16785714285714,0.7823743196962045,953,1.4640751253741473,223.0,0.7083630268014922,1027.0,0.4099757389331256,867.0,0.29455906796637404,1044.0,0.7894467159442932,1383
46247651,institution,University of Manitoba,,,CA,137.10547267060423,0.7816160846355222,954,0.3399440070595177,1310.0,1.347469679092164,424.0,0.4037175422360664,879.0,3.0932441312974204,67.0,0.8194374240469561,1309
128478731,source,Management International Review,0938-8249,B,,144.0,0.7812302882483588,955,,,0.9096626760297541,768.0,,,,,0.7325906659293773,1537
90871651,institution,University of Toledo,,,US,77.19060814028842,0.7798146974065248,956,0.5988076532675402,788.0,0.831976691492623,854.0,0.5720693474517945,624.0,,,0.9651380322338631,971
27632631,source,Journal of Brand Management,1350-231X,B,,162.0,0.7789297215482948,957,,,0.9003829882677616,776.0,,,,,0.8994647015608106,1116
34280410,source,Journal of Productivity Analysis,0895-562X,A,,159.0,0.7773979548595017,958,,,,,0.37679252427915594,930.0,,,0.5061195510966905,2105
157286207,institution,"National University of Ireland, Maynooth",,,IE,82.33661050278697,0.7771865163068364,959,0.18605696126034388,1670.0,1.1295537741427786,561.0,0.36964803525544254,944.0,1.8157390569032201,229.0,1.2875572596914493,499
881766915,institution,Nanjing University,,,CN,335.66849652254064,0.77658872836612,960,0.8155809155796262,538.0,0.8987669959308308,778.0,0.41134142249639016,864.0,0.700265192725196,701.0,0.9465544867015456,1016
43579087,institution,University of Wisconsin–Milwaukee,,,US,129.33571428571426,0.7759106112035628,961,0.6266529365971792,753.0,1.1555411696424096,539.0,0.5557996060084945,644.0,0.03471856259626411,1282.0,0.6757436923698701,1687
6014304,source,Journal of the American Taxation Association,0198-9073,A,,71.0,0.773818146779576,962,,,,,0.7316266463653693,477.0,,,0.4682164806039482,2185
86987016,institution,KTH Royal Institute of Technology,,,SE,116.67828187893979,0.7735148428109964,963,0.4759301161279234,982.0,1.1017755576132453,582.0,0.4885131076659299,725.0,1.0204108645612344,514.0,1.1833570576629837,628
142823887,institution,St. John's University,,,US,90.50337301587304,0.7730009889018309,964,0.3023454574209694,1400.0,1.21082524226347,510.0,0.8975182230790225,385.0,1.5008857493595633,318.0,1.0123828024368187,885
146563203,institution,University of International Business and Economics,,,CN,626.904413919414,0.7721940151810717,965,0.7491064571555741,607.0,0.9980050522749537,676.0,0.48941305344288294,722.0,1.082325410274243,488.0,1.2271610201428205,570
148503350,source,Queueing Systems,0257-0130,B,,231.0,0.7718923742590859,966,,,0.7627064203081427,949.0,,,,,0.3446713536059226,2373
116953780,institution,Tongji University,,,CN,332.17075488509306,0.7715408265294706,967,0.2899275642510268,1429.0,1.2014086985137398,517.0,0.32042416094801435,1054.0,1.2732772115300337,398.0,1.1756838317219471,637
11983389,institution,Manchester Metropolitan University,,,GB,173.51760132568955,0.7715329829375897,968,0.39489255727922495,1188.0,1.0071428071284672,667.0,0.31764447462071344,1059.0,2.5711313781934577,111.0,1.0265065323940445,861
182651638,source,Economic Systems Research,0953-5314,E,,115.0,0.7695182396329167,969,0.736319806582983,618.0,,,,,,,0.669200363970853,1704
150744194,institution,Waseda University,,,JP,223.80092309651133,0.7689022744131253,970,0.9254776267186701,445.0,0.7313757912921314,998.0,0.38624116965123395,910.0,0.7479372663540591,660.0,0.761393689022982,1462
191240316,institution,University of Hull,,,GB,84.88423423423424,0.7686744015127529,971,0.7721186261395568,574.0,0.8332035250096022,852.0,0.49261792303005025,715.0,2.8213625038776438,88.0,1.0305658779626328,855
1315541505,institution,Austrian Institute of Economic Research,,,AT,47.19751082251083,0.7685449447435806,972,0.8116482139964136,540.0,0.3143784876213217,1709.0,0.47444923959592844,749.0,,,0.8331713928874279,1277
203071086,source,Review of Managerial Science,1863-6683,B,,428.0,0.7666621975829915,973,,,0.8638906987671031,814.0,,,,,1.0388609878020916,835
204824540,institution,University of Wollongong,,,AU,307.932278508455,0.766446151915006,974,0.44984029237360446,1054.0,0.9390335355208185,735.0,0.5818036840795574,611.0,1.219697155883877,424.0,1.0075918219566367,900
157638225,institution,"California State University, Northridge",,,US,75.09759578427803,0.7657305933835297,975,0.17194695978034802,1705.0,1.0041830038853055,669.0,0.8702476796716395,400.0,1.0278238822532437,511.0,0.8007842775124876,1355
151404345,source,Journal of Post Keynesian Economics,0160-3477,E,,17.0,0.7652489387150986,976,0.8197212092245133,534.0,,,,,,,0.5884507178694323,1903
3045169105,institution,Southern University of Science and Technology,,,CN,127.00099206349205,0.7650216968820149,977,0.34526902488709704,1297.0,1.3085177439982434,444.0,0.5392420542970807,669.0,0.7019651367863985,700.0,0.8154196003848345,1321
199440890,institution,American University of Sharjah,,,AE,158.89597069597068,0.7648400403417728,978,0.5808856749939211,811.0,0.8661167438778291,811.0,0.6086475587873995,583.0,,,1.0522358845812594,810
7424199,source,Public Choice,0048-5829,X,,405.0,0.7646857191302073,979,,,,,,,0.9391607104297802,550.0,0.47771945565233476,2170
870178186,institution,Nyenrode Business University,,,NL,65.5253787878788,0.7639733112447594,980,0.1919450814668107,1660.0,1.0000594308741328,671.0,0.6557964983121816,541.0,1.9764500759561736,205.0,0.9907895425810126,928
157674565,institution,University of Liège,,,BE,88.19766021016021,0.7636729777461908,981,0.7100152521917062,647.0,1.0686610412788897,620.0,0.2683897688467672,1169.0,0.2992701811010447,1042.0,0.9045444613351815,1110
79175213,source,Journal of Financial Services Research,0920-8550,A,,89.0,0.7634999356122159,982,,,,,0.5042116335907602,704.0,,,0.669325784030199,1701
108688024,institution,Qingdao University,,,CN,194.28773448773447,0.7631098184812275,983,1.0069227655470523,388.0,0.8722971679204233,806.0,0.3027001784273555,1087.0,0.9087976939669205,565.0,1.7889127664266535,181
51504820,institution,San Jose State University,,,US,63.96428571428572,0.7626726392395056,984,0.604326449633146,779.0,0.8274061535165437,860.0,0.9208966969444209,373.0,0.19862856125388126,1133.0,0.8486505961476598,1239
64831726,source,Journal of Leadership & Organizational Studies,1548-0518,B,,119.0,0.7626174785643282,985,,,0.8968065849927961,782.0,,,,,0.8727682127281524,1177
189158943,institution,University of Milan,,,IT,188.301902033152,0.762166717181691,986,0.5954437413501352,791.0,0.7695505785725911,938.0,0.6860982017841596,504.0,1.3785138879736978,361.0,0.6770091187936537,1686
223464139,institution,Linnaeus University,,,SE,96.5056746031746,0.7607598891834323,987,1.05864677844584,357.0,0.767436991567243,939.0,0.251753976691966,1208.0,,,0.8895987161673437,1144
182666042,source,Naval Research Logistics (NRL),0894-069X,B,,300.0,0.7582471907788916,988,,,0.7178675866659902,1015.0,,,,,0.5469019130609805,2004
28777354,institution,Sejong University,,,KR,142.68824925074924,0.7582269373909117,989,0.3924197308661405,1192.0,1.1651578106417495,534.0,0.1496864544770341,1453.0,0.5710044775550945,789.0,1.5341526922073179,297
32062511,institution,Heriot-Watt University,,,GB,125.04162283401412,0.7581365792904056,990,0.6621458131567107,712.0,0.9482106107378557,724.0,0.44974411035234896,794.0,0.6556376206903423,727.0,1.1168733339162518,710
155173764,institution,Rochester Institute of Technology,,,US,86.80000000000001,0.7580411265031598,991,0.12234341068329131,1808.0,0.9066560046436092,771.0,1.3557450013417764,229.0,0.16168420346264922,1169.0,0.9766139832578832,954
192396691,institution,University of New Orleans,,,US,98.56408767245216,0.7577131338825556,992,0.1279759985023107,1801.0,1.126579346356291,565.0,0.51932778817067,691.0,0.11779043401418353,1208.0,1.334964930866667,453
186995768,institution,Università degli studi di Cassino e del Lazio Meridionale,,,IT,60.53849206349204,0.7550630742093364,993,0.5764537043227477,817.0,1.0214258850843076,655.0,0.22619177853677186,1280.0,,,1.257091929156444,531
913481162,institution,Wageningen University & Research,,,NL,228.45787918567646,0.7547222807371896,994,0.6659563277660401,705.0,0.7731763808131803,929.0,0.34165869821274353,1000.0,5.475804813709633,12.0,1.0384875405419276,836
108290504,institution,University of Pisa,,,IT,219.40835991493884,0.7545665035257088,995,0.6676408516730375,703.0,0.8410112122808454,841.0,0.6804122303629603,509.0,0.16068343538672605,1170.0,0.9386186241960699,1029
87328381,source,Journal of Occupational and Organizational Psychology,0963-1798,B,,234.0,0.7544753969201231,996,,,0.8347553706190617,851.0,,,,,0.6947314140861209,1632
201726411,institution,United Arab Emirates University,,,AE,149.13545482295478,0.7537412725626284,997,0.49555059773028426,951.0,0.8655900929361683,813.0,0.6598519107692705,536.0,1.5815535020515763,290.0,1.266346583543488,519
61992289,source,Journal of Advertising Research,0021-8499,B,,128.0,0.7536160130763415,998,,,0.8725367835410266,805.0,,,,,0.5646766012564106,1973
149285975,source,Land Economics,0023-7639,E,,248.0,0.753097961270597,999,0.7606457858164762,589.0,,,,,,,0.3665385382379939,2344
19645890,source,China Economic Review,1043-951X,E,,625.0,0.7528528473392121,1000,0.6828984221754164,680.0,,,,,,,1.025124178526767,866
131296671,source,Accounting Forum,0155-9982,A,,134.0,0.7512498091681573,1001,,,,,0.47279382285957394,754.0,,,0.7917569345024292,1375
204831749,institution,Southwestern University of Finance and Economics,,,CN,862.9791666666667,0.7509977991112806,1002,0.6494816861572434,724.0,1.046418174563813,637.0,0.45372755239079227,784.0,1.1716841081389968,441.0,1.1712493263161958,644
4210162190,institution,"China University of Petroleum, East China",,,CN,56.18051948051948,0.7499366794050047,1003,0.8349895274878346,519.0,0.9108095561300855,765.0,,,,,1.5984001188956527,259
94626330,institution,University of Bamberg,,,DE,124.37579365079364,0.7498317460643582,1004,0.42464994938575445,1109.0,0.91704395790242,759.0,0.5368487514067147,673.0,,,0.8657605338943128,1194
4400600934,institution,ICN Business School,,,,36.67075396825397,0.7488337025419484,1005,1.2635641410030103,288.0,0.725461047268081,1006.0,0.5459331699059854,657.0,,,0.7198358644421062,1573
9364636,institution,Salisbury University,,,US,57.89642857142858,0.7482736948174245,1006,0.5191943104666222,916.0,0.862738953646266,816.0,0.45164127436822465,789.0,1.8086821661854224,231.0,0.8525763359087164,1233
59944920,institution,Yaşar University,,,TR,93.31642857142857,0.7481706951607281,1007,0.5299716341717975,895.0,0.9225881967114298,750.0,0.4161489201979354,852.0,1.8321345192017473,227.0,1.6249829350047245,242
81022070,source,Journal of Policy Modeling,0161-8938,E,,287.0,0.7480582826794938,1008,0.7597148014216482,595.0,,,,,,,0.9413511083807833,1023
51158804,institution,Massey University,,,NZ,405.43945637695634,0.7477511163496038,1009,0.5374314960106211,885.0,0.8469504915222547,834.0,0.567950641080254,631.0,,,1.086938879957478,747
12093191,institution,University of Stirling,,,GB,119.7412878787879,0.7474261515624341,1010,0.9169234701718817,455.0,0.667496681712742,1093.0,0.45767255058830725,777.0,3.0593558419805804,69.0,0.8556283795697268,1223
45438204,institution,The University of Texas at San Antonio,,,US,130.75180268848493,0.7468363749622361,1011,0.28136730119275605,1444.0,1.0087249995452108,665.0,0.5727002080292655,622.0,0.8670906989509937,583.0,0.68668839332995,1662
121980950,institution,Utah State University,,,US,120.49496087375762,0.7467335048993275,1012,0.3740806895074992,1233.0,1.1281059590230158,564.0,0.7619738563188485,458.0,1.784837244990573,236.0,0.5439197935983688,2011
159948400,institution,Jinan University,,,CN,423.4410353535353,0.7465416686567962,1013,0.8263937957729213,526.0,0.7058352418980451,1032.0,0.5447793025271565,659.0,0.13528425082237802,1196.0,1.0189426441916298,873
90840245,institution,Rollins College,,,US,44.676623376623375,0.7463352884097568,1014,,,0.5729478520706622,1247.0,1.1222767789550598,299.0,0.6585237269771793,725.0,0.9890537022396284,933
11883440,institution,James Madison University,,,US,90.94755970924196,0.7463297547071538,1015,0.11158436114144775,1832.0,0.9065699225932824,772.0,0.5199953523869916,690.0,6.107670702739004,5.0,0.750927621247557,1494
124261462,institution,Oxford Brookes University,,,GB,104.04805194805196,0.7457558659969343,1016,0.40226565568414885,1165.0,0.9565815354876717,712.0,0.44514408880839834,804.0,0.4149698479519878,915.0,0.9908294812022542,927
22128151,institution,University of Derby,,,GB,120.31785714285714,0.745668431277794,1017,0.5555601226216766,858.0,0.9422480837661538,732.0,0.4618089170564499,769.0,0.599471567736679,754.0,1.2842820935427692,502
36515993,institution,Eastern Mediterranean University,,,CY,115.29166666666667,0.744640123075726,1018,0.41163543199990427,1142.0,1.107513447065999,579.0,0.24945278562833145,1215.0,2.1475949260439915,166.0,1.652077039739275,230
430192,institution,Appalachian State University,,,US,88.76898828067053,0.7435668788785937,1019,0.7857214166410837,558.0,0.8974532648572882,780.0,0.4469394584377302,799.0,2.0526961509179857,185.0,0.7085977400930479,1597
41156924,institution,Victoria University of Wellington,,,NZ,239.84835801453445,0.7435654188465308,1020,0.5558171237956852,856.0,0.7818676480345798,923.0,0.8030399274599449,435.0,1.7505495313427697,245.0,0.7324731044191408,1540
191114782,source,Journal of Fashion Marketing and Management,1361-2026,B,,223.0,0.743564798241345,1021,,,0.7729245685946159,930.0,,,,,1.0077434868068644,897
39387349,institution,University of Chieti-Pescara,,,IT,164.3235994397759,0.7405356484826304,1022,0.4269777715814439,1102.0,1.058409193303514,629.0,0.541363604431525,665.0,0.7871384663256432,630.0,1.0834770587069562,755
2800207870,institution,Høyskolen Kristiania,,,NO,50.326190476190476,0.7405320872900149,1023,4.144661862775303,41.0,0.7439291913816367,981.0,0.09741439482880801,1569.0,1.1322692900235294,458.0,0.8321905000544161,1281
97048498,source,The International Journal of Logistics Management,0957-4093,B,,334.0,0.7402734950225623,1024,,,0.8556333506530328,825.0,,,,,1.1546678979220606,659
19820366,institution,Chinese Academy of Sciences,,,CN,255.70501787564282,0.740104031889307,1025,0.6760460943171872,689.0,1.0924425112538947,591.0,0.717289440223761,486.0,1.2986536763428023,390.0,1.1966312303034725,611
175138789,source,Journal of International Entrepreneurship,1570-7385,B,,101.0,0.738799471773801,1026,,,0.8119605215654897,880.0,,,,,0.607145856420201,1856
78988378,institution,Renmin University of China,,,CN,876.226738816739,0.7382370006974933,1027,0.7219578162665078,634.0,0.816000001502607,874.0,0.47564048220427646,746.0,0.5722698828473122,786.0,0.8310015482279717,1284
5681781,institution,The University of Adelaide,,,AU,268.62283549783547,0.73805120110745,1028,0.5167406571267035,920.0,1.0673292016127927,621.0,0.4731974785807217,753.0,0.11607586896790709,1209.0,0.9317893969334337,1047
172313144,source,European Management Review,1740-4754,B,,284.0,0.73765937551346,1029,,,0.8081776956252652,884.0,,,,,0.7079021997585389,1599
897542642,institution,University of Plymouth,,,GB,61.20843733343734,0.7374064027927937,1030,0.09164285587329989,1869.0,1.0577314607368473,631.0,0.4400907913269806,816.0,1.9906540647849138,199.0,1.1606675651097271,655
189196454,institution,The University of Texas at Arlington,,,US,116.1146825396825,0.7363837173211791,1031,0.18021228073797269,1688.0,1.0478078099085752,635.0,0.4804199751410015,736.0,0.4210122255494347,909.0,0.6872646331469661,1658
128223704,source,Economics and Philosophy,0266-2671,E,,139.0,0.7357083273376036,1032,0.7165620797027425,641.0,,,,,,,0.32007388655363295,2406
2737541009,source,International journal of information systems and project management,2182-7788,B,,133.0,0.7350450699997393,1033,,,0.8596351207202874,819.0,,,,,0.9024052885286105,1112
90259746,institution,Capital University of Economics and Business,,,CN,377.2750360750361,0.7348057897149336,1034,0.8351758671539606,517.0,1.033766667943094,647.0,0.4132085065129859,859.0,0.44488738019764384,887.0,1.0483640888775037,815
16609230,institution,Hunan University,,,CN,475.02646492396485,0.7342908765547186,1035,0.702570663148781,656.0,0.998901784031834,674.0,0.4691690403958458,759.0,0.4029537979099966,923.0,1.1288685734760278,697
43313876,institution,Dalian Maritime University,,,CN,99.74880952380951,0.7333828115888252,1036,0.5500683057315993,870.0,1.0873026051889498,597.0,0.15702938861878168,1430.0,0.9228003233693132,558.0,1.2044954134484587,604
52590639,institution,Nottingham Trent University,,,GB,190.9637626262626,0.7333635430289898,1037,0.400387559259144,1170.0,1.0978797381064236,584.0,0.24969331422486177,1214.0,0.1837482362463216,1152.0,1.13191989464737,691
194514787,source,Applied Health Economics and Health Policy,1175-5652,E,,289.0,0.7330638772116507,1038,0.7777141150724154,566.0,,,,,,,1.0804094986362391,760
124412575,source,Mathematics and Financial Economics,1862-9660,A,,96.0,0.732627508115502,1039,,,,,0.33374767759971463,1020.0,,,0.4298373535777757,2237
143578492,institution,Asia University,,,TW,54.66657356532357,0.7325717818593304,1040,0.4886539672793395,963.0,1.2616152965870169,473.0,0.07355040070046535,1606.0,0.6382007889079863,738.0,1.725742655369874,197
2764449665,source,Journal of Wine Economics,1931-4361,A,,143.0,0.7321182490339331,1041,,,,,0.7685978105278927,454.0,,,0.40212126153775707,2286
202934171,source,Journal of Mathematical Economics,0304-4068,E,,354.0,0.7316978937420199,1042,0.7509035728471799,604.0,,,,,,,0.40365897707091725,2285
122266389,institution,University of Nebraska at Omaha,,,US,93.3294115163796,0.7309805023132419,1043,0.39603182287318256,1184.0,0.7542088843457829,962.0,0.9191488705407934,375.0,1.0901200200676777,480.0,0.6801451770762922,1680
133731052,institution,University of Helsinki,,,FI,177.36832932279916,0.7299278176049182,1044,0.5491602201282411,872.0,1.0764394164666276,613.0,0.5551791618502238,646.0,0.9640775247186645,540.0,0.8154917743519166,1320
165058066,source,Resource and Energy Economics,0928-7655,E,,156.0,0.7277297247185787,1045,0.7700923754091763,578.0,,,,,,,0.6580486376502982,1739
22265921,institution,National Central University,,,TW,125.2480339105339,0.7271205703661039,1046,0.808084401321139,544.0,0.7876664922177826,909.0,0.4911372748473453,720.0,0.32732236994453273,1012.0,1.0121570387520014,887
4210142311,institution,Excelia Business School,,,FR,167.2968253968254,0.7260539221693725,1047,1.5235748585110842,208.0,0.787103923325395,911.0,0.34634181414087356,991.0,0.39090873836206663,941.0,1.3127351422182545,471
136612413,source,Journal of Futures Markets,0270-7314,A,,362.0,0.7258729243019495,1048,,,,,0.5227661493563829,686.0,,,0.5822611279129346,1926
131852005,source,European Financial Management,1354-7798,A,,247.0,0.725650753146956,1049,,,,,0.6421866504656593,552.0,,,0.6037896542181596,1865
45372229,source,World Economy,0378-5920,E,,598.0,0.7254501032825182,1050,0.7198093799166596,637.0,,,,,,,0.6865366118129888,1663
43406934,institution,Université Laval,,,CA,256.2414954928113,0.7245969043344274,1051,0.7740663387234811,573.0,0.5849311536534683,1222.0,0.8657423982024696,405.0,1.2259750705274437,417.0,0.7686768624554426,1448
174216632,institution,City University of New York,,,US,86.58333333333333,0.723848338186411,1052,0.3730628214921626,1235.0,1.0360801191504831,644.0,0.5872906999068633,604.0,4.142264879013185,24.0,0.8451148133607014,1250
2898409089,source,BRQ Business Research Quarterly,2340-9436,B,,146.0,0.7234185581145963,1053,,,0.7581812518282253,958.0,,,,,0.8566920470534418,1221
74413500,institution,University of Windsor,,,CA,82.08730158730158,0.7233486116955455,1054,0.25394842036684795,1518.0,0.9340073140239933,738.0,0.6801823500920449,511.0,0.41213346409585316,918.0,0.959005346623089,986
2898363556,source,Econometrics and Statistics,2452-3062,E,,229.0,0.7233284039966602,1055,0.7420992798920717,612.0,,,,,,,0.4446856045437044,2218
899713450,institution,Air University,,,PK,52.848015873015875,0.7229224959674232,1056,0.6571658797534672,714.0,0.5327148099409355,1316.0,0.9948977282936308,344.0,,,1.6004511469702405,256
67177122,source,Marketing Education Review,1052-8008,B,,121.0,0.7227647287244912,1057,,,0.8616044675389883,818.0,,,,,0.6136810999975162,1843
109173049,institution,Beijing Foreign Studies University,,,CN,52.15,0.722662367582597,1058,0.1927082627691329,1656.0,0.514107199277423,1353.0,0.7059912514537446,494.0,,,1.2241921637751187,573
27357992,institution,Dalian University of Technology,,,CN,243.8222985347985,0.7222445943695843,1059,0.6021138487021571,783.0,0.9929904610164606,685.0,0.3035762081578468,1085.0,1.987092017273812,201.0,1.3464453926610656,445
52721111,source,Journal of Real Estate Research,0896-5803,A,,111.0,0.7216553944573262,1060,,,,,0.725142613139478,483.0,,,0.4472625259830417,2215
91203450,institution,University of Haifa,,,IL,114.5918831168831,0.7213259180598574,1061,1.048296698163771,367.0,0.7706272313381769,932.0,0.4014067236011248,882.0,0.08682800417677926,1240.0,0.6353693228682481,1795
157773358,institution,Sun Yat-sen University,,,CN,580.5461750749251,0.7208395550523441,1062,0.46910070494113487,1002.0,1.067068573534989,622.0,0.3786833541709078,925.0,0.9319688902230922,556.0,0.9132962532417014,1091
35673206,source,International Marketing Review,0265-1335,B,,247.0,0.7206258940556275,1063,,,0.8510090696522209,826.0,,,,,0.8302989273928315,1288
82262387,source,Journal of Information Systems,0888-7985,E,,113.0,0.7203490968727265,1064,0.6192329646981972,761.0,,,,,,,0.5664280004656963,1969
174025329,institution,University of the Sunshine Coast,,,AU,87.59761904761905,0.7196446055863018,1065,0.12864239299896899,1800.0,1.0073064287985396,666.0,0.14171603148141704,1470.0,,,0.908585496720812,1101
2764690196,source,Journal of Choice Modelling,1755-5345,E,,146.0,0.7189867337982556,1066,0.7413832966442889,614.0,,,,,,,0.5740019163953246,1946
187788904,source,Journal of Hospitality and Tourism Management,1447-6770,B,,783.0,0.7184183831703012,1067,,,0.8285082123182711,857.0,,,,,1.4399515364028153,353
32394136,institution,Northumbria University,,,GB,287.268489057239,0.7182837301410834,1068,0.6461856544365263,728.0,0.8454576688983702,835.0,0.5984287574252902,591.0,0.7898816403657417,627.0,1.0313115911996684,851
167074060,source,Tijdschrift voor Economische en Sociale Geografie,0040-747X,E,,204.0,0.7170241673822908,1069,0.7305191425006263,623.0,,,,,,,0.8507684432262772,1235
2764805720,source,Eurasian Economic Review,1309-4297,B,,128.0,0.716093137476628,1070,,,0.6840698346066633,1067.0,,,,,0.7462952118298829,1506
149919469,institution,California Polytechnic State University,,,US,67.56715784215784,0.7156777584557187,1071,0.5978059910708178,790.0,0.6507418926633747,1114.0,0.6412776502828507,555.0,,,0.6300236513986429,1807
87354575,institution,National Chengchi University,,,TW,175.83834586466168,0.7145917196270942,1072,0.4173934732763215,1131.0,1.117861910156676,575.0,0.4767061104895081,744.0,0.7965300491257122,621.0,0.6990020958507029,1619
2764767644,source,The Journal of Retirement,2326-6899,B,,60.0,0.7133902229219738,1073,,,0.32953878403434766,1686.0,,,,,0.3995902649229395,2293
2764810659,source,Journal of Small Business & Entrepreneurship,0827-6331,B,,141.0,0.7123990514238056,1074,,,0.8396746016478619,844.0,,,,,1.1688643634135578,648
4405392,institution,Boğaziçi University,,,TR,73.39944546194546,0.7122454825403046,1075,1.1438005891610512,320.0,0.6668991304240232,1095.0,0.136381796865002,1477.0,0.09219654610750547,1236.0,0.8137483349150892,1325
201731998,source,Local Economy The Journal of the Local Economy Policy Unit,0269-0942,E,,173.0,0.7119775599144234,1076,0.7215264221794387,635.0,,,,,,,0.5625629607334529,1977
98358874,institution,Delft University of Technology,,,NL,170.81598031598034,0.7109830162179251,1077,0.7090520012167469,650.0,0.7261682393808239,1005.0,0.12221940983080329,1511.0,3.5573329538614407,45.0,0.9901808263929435,929
116067653,institution,University of Rome Tor Vergata,,,IT,305.250931013431,0.7107792110697191,1078,0.7600580468436646,593.0,0.7639034284502064,946.0,0.3287378488266058,1034.0,1.168807579939738,444.0,0.933370620612518,1044
848706,institution,Sungkyunkwan University,,,KR,318.98809523809524,0.7098624039698322,1079,0.3455468974452921,1294.0,1.2694709920349747,468.0,0.5187478928996193,693.0,0.669673275565969,715.0,0.7580109930790588,1469
189751245,source,Journal of Consumer Affairs,0022-0078,B,,277.0,0.7098513621780034,1080,,,0.7087998263907295,1026.0,,,,,0.5936284718686946,1892
42192170,source,International Tax and Public Finance,0927-5940,A,,234.0,0.7098462213415117,1081,,,,,0.24037980947468818,1236.0,,,0.5083965240394219,2100
126193024,institution,London Metropolitan University,,,GB,44.15992063492063,0.7095096997972071,1082,0.09708431983309293,1857.0,0.9067268160309365,770.0,0.37480791725704254,934.0,0.3140414443905576,1025.0,1.660886056243912,225
88577320,source,Finance research letters,1544-6123,A,,3717.0,0.7090913443839725,1083,,,,,0.4715449346811246,757.0,,,1.0490008110736406,814
183067930,institution,Shanghai Jiao Tong University,,,CN,527.3139595117535,0.708948665558499,1084,0.5815233426878431,809.0,0.8911165994693437,788.0,0.5909266154466305,598.0,0.5141353243530371,827.0,0.820470042431606,1307
19648265,institution,Wright State University,,,US,60.679304029304035,0.7088076073292955,1085,0.1343516537574442,1786.0,0.9562674223048406,713.0,0.0401482190617033,1659.0,,,0.7254539992761251,1556
2802304065,institution,University Carlo Cattaneo,,,IT,89.78275058275058,0.708509705906586,1086,0.2982875248168007,1410.0,1.0779287333133025,611.0,0.1285118533362739,1497.0,,,1.2078853606834605,597
189590672,institution,Kansas State University,,,US,193.75444310362536,0.7075180954208032,1087,0.6697442123828194,702.0,0.7615341070875294,952.0,0.8895792991646094,390.0,0.4018594475106958,925.0,0.5643563905885542,1974
111428342,institution,Hitotsubashi University,,,JP,191.19940476190476,0.707232905723935,1088,0.8918154406379629,474.0,0.277970511453696,1793.0,0.3826000663108799,914.0,1.5513353628400852,303.0,0.6232873758486295,1825
47720641,institution,Huazhong University of Science and Technology,,,CN,513.9407106782106,0.7070760164751945,1089,0.49710664111808595,948.0,0.9326693416680754,742.0,0.5276694887017233,681.0,3.680618932026484,40.0,1.0621050949226847,791
121797337,institution,Leiden University,,,NL,92.60905899655901,0.7063903176206625,1090,0.8548858783872616,501.0,0.365810122013505,1618.0,0.6590575328124747,539.0,1.740674512788297,247.0,0.7049296065575948,1604
161221442,source,Abacus,0001-3072,A,,143.0,0.7052536693983169,1091,,,,,0.4842169898270223,728.0,,,0.48914896439257016,2145
4210210387,source,Cross Cultural & Strategic Management,2059-5794,B,,155.0,0.7044357917893401,1092,,,0.8177923399926456,872.0,,,,,0.6497057392871851,1752
132432621,source,Journal of International Accounting Auditing and Taxation,1061-9518,A,,165.0,0.7041169203947879,1093,,,,,0.3325953136517132,1023.0,,,1.0336426436595079,842
82316188,source,European Journal of Finance,1351-847X,A,,413.0,0.7027162526710902,1094,,,,,0.38126192363506073,920.0,,,0.7226583129089524,1563
99041443,institution,Mississippi State University,,,US,131.40309338209283,0.701987815394837,1095,0.6556021470191153,717.0,0.7584158007797309,957.0,0.9459276844409793,361.0,0.7845748147519824,631.0,0.8114411722268033,1332
6498739,institution,Indian Statistical Institute,,,IN,84.66590909090908,0.7019849551843989,1096,1.0147689001444804,383.0,0.24157440257335525,1855.0,0.10529095379108434,1547.0,,,0.5833399548107457,1923
165492527,source,The Economic History Review,0013-0117,E,,385.0,0.7016345019559205,1097,0.7601159782452646,592.0,,,,,,,0.33773858577642857,2387
2764806082,source,China Journal of Accounting Research,1755-3091,B,,127.0,0.6999528429870804,1098,,,0.5416754790632867,1302.0,,,,,0.9140384724051123,1086
71838634,institution,San Francisco State University,,,US,74.06891116130245,0.698921105717756,1099,0.4928118832169643,956.0,0.8737171485321388,803.0,0.4421050694439871,811.0,1.4965540185092259,320.0,0.6868555527170486,1660
102461120,institution,Marquette University,,,US,74.89636752136752,0.698752727603404,1100,0.5418987288489877,883.0,1.1073877709645759,580.0,0.3792276541426274,924.0,0.2885514882176208,1053.0,0.5580446984743692,1983
76130692,institution,Zhejiang University,,,CN,549.7027961852963,0.6981931558872414,1101,0.4803037593679338,970.0,0.9225328769773764,751.0,0.4647086492532974,763.0,2.601801353919365,106.0,0.9453820217243254,1017
136661304,source,Managerial Auditing Journal,0268-6902,A,,182.0,0.693986761084835,1102,,,,,0.4242763457129797,840.0,,,0.9163759035325667,1079
221716585,institution,The University of Texas at Tyler,,,US,78.4625,0.6926631925526233,1103,0.6928604318463166,669.0,0.7506786200119421,968.0,0.40108329220638567,885.0,,,0.6804919024784675,1679
100532134,institution,Université Claude Bernard Lyon 1,,,FR,80.79011493136494,0.6924219715482427,1104,0.6252449998347588,755.0,0.7003148901074685,1042.0,0.5732895919817965,619.0,1.350251430631063,370.0,0.7446759411146077,1510
44925452,institution,Özyeğin University,,,TR,66.82549019607843,0.6909915696901597,1105,0.6244775275296198,758.0,0.8720617752204365,807.0,0.19909510732215244,1340.0,,,0.7734511275391978,1430
154338468,institution,University of Fribourg,,,CH,78.4108645983646,0.6906292408982576,1106,0.648377405294545,725.0,0.7649179080643081,944.0,0.6756943330723709,518.0,2.948015500937628,78.0,0.6689070736476975,1707
56435720,institution,Université Paris Dauphine-PSL,,,FR,110.7788715913716,0.6900646950040197,1107,0.9020650122775028,467.0,0.6663226967989705,1096.0,0.228619219807531,1273.0,0.31705389795546524,1021.0,0.46736642756709196,2187
107325288,source,Social Choice and Welfare,0176-1714,E,,297.0,0.6895895307774804,1108,0.7264603590897003,625.0,,,,,,,0.34174244288878347,2379
4210208451,source,Quarterly Journal of Finance,2010-1392,A,,90.0,0.6891960575726925,1109,,,,,0.545444567074267,658.0,,,0.37164248784165965,2338
48566637,institution,Ulsan National Institute of Science and Technology,,,KR,51.2077380952381,0.6887026462495328,1110,0.5575367609751319,854.0,0.956243336661013,714.0,0.3297831873972915,1030.0,,,0.9435268034912975,1020
21491767,institution,Aix-Marseille Université,,,FR,137.0045942020942,0.6880947865031993,1111,0.7665571959733954,583.0,0.666014916903459,1097.0,0.3964104358132902,894.0,,,0.7035205377032363,1607
29049940,source,Pacific-Basin Finance Journal,0927-538X,A,,985.0,0.6879131066417292,1112,,,,,0.446919663751644,800.0,,,0.804975699298836,1342
157614274,institution,University of Cape Town,,,ZA,242.81711958277359,0.6878427802801624,1113,0.5682976632820294,833.0,0.8748045661536346,801.0,0.3039682085515919,1084.0,1.3053019627469655,386.0,0.8626235600809368,1206
98381234,institution,University of Oulu,,,FI,179.42101978430924,0.6877824582500305,1114,0.45463844858487257,1042.0,0.8213472594357992,868.0,1.561393596559649,195.0,2.0638057548585396,184.0,0.9740313994313142,959
16530434,source,The European Journal of Health Economics,1618-7598,E,,477.0,0.6876097940944714,1115,0.6733855731141315,694.0,,,,,,,0.9099479764868692,1097
54108979,institution,Norwegian University of Life Sciences,,,NO,57.67573304312434,0.6875324365840111,1116,0.7603673045045365,591.0,0.6049795031632497,1186.0,1.109292196946819,303.0,1.3152367628143644,384.0,0.7513495433032035,1492
19894307,institution,Université de Montpellier,,,FR,118.28051032325155,0.6873849409364007,1117,0.6717299973560842,697.0,0.9167941594805814,760.0,0.48194328901614886,733.0,0.2615588522158034,1080.0,0.7694853047180765,1443
141478581,source,Journal of Enterprise Information Management,1741-0398,B,,339.0,0.6858824215420183,1118,,,0.7516697111477261,966.0,,,,,1.4561445712887404,338
4210097214,institution,Shandong Management University,,,CN,82.46938108038914,0.6857339781091661,1119,0.2876482007939397,1431.0,0.8192812809095621,871.0,0.5288458760278884,679.0,2.224958650968468,150.0,0.9534520841335178,1001
206945453,institution,Paderborn University,,,DE,87.38638583638583,0.6857067363650249,1120,0.3203357450165926,1360.0,1.1049637057880382,581.0,0.786454915329272,445.0,,,0.904273730695559,1111
59649739,institution,Jiangxi University of Finance and Economics,,,CN,239.38313492063492,0.6851908351911534,1121,0.3587143755200856,1260.0,0.7375957131258388,990.0,0.583359944647958,609.0,0.07177056471646544,1249.0,1.557126040953337,284
900890020,institution,University of Palermo,,,IT,159.9235849697806,0.6845928325537914,1122,0.7140969253708052,642.0,0.6739940495537292,1083.0,0.719127732718695,485.0,1.9268946827510949,213.0,0.8576116485803866,1218
2802331213,institution,Paris School of Business,,,FR,183.89853174603172,0.6843470848568851,1123,0.5757049985583189,820.0,0.8313163951796873,855.0,0.4391541832398419,818.0,,,1.2516228847134665,538
91044093,institution,Zayed University,,,AE,172.5636311378134,0.6842231665836318,1124,0.6075851416578495,777.0,0.6531862807532787,1110.0,0.6083485185241432,584.0,0.8269462265099182,608.0,1.032622841419206,846
4210115145,institution,"University of Minnesota, Duluth",,,US,54.111675824175826,0.6839866725774332,1125,0.3592788051292916,1258.0,0.9484902366628885,722.0,0.3247792148219624,1044.0,,,0.8334428691173227,1276
65353606,source,International Journal of Retail & Distribution Management,0959-0552,B,,360.0,0.6837142899892289,1126,,,0.7870496689840217,912.0,,,,,0.9843995257082224,940
116292333,institution,National Graduate Institute for Policy Studies,,,JP,60.108333333333334,0.6835728392188295,1127,0.7695309307278692,579.0,0.20955412529198558,1897.0,0.49260065387165425,716.0,3.7094578185928557,37.0,0.7203274769093827,1571
40814766,source,Journal of Marketing for HIGHER EDUCATION,0884-1241,B,,133.0,0.6831907649090669,1128,,,0.7514113203314542,967.0,,,,,0.9222861550315529,1062
14140830,institution,Shih Chien University,,,TW,50.80833333333333,0.6829455350592304,1129,1.016933065538467,382.0,0.6105496076810877,1176.0,0.25956092097183486,1186.0,,,1.369374550445424,417
144472306,source,Journal of Manufacturing Technology Management,1741-038X,B,,317.0,0.6827296551830998,1130,,,0.8053146139088511,887.0,,,,,1.1553491817271944,658
152372256,source,International Journal of Auditing,1090-6738,A,,150.0,0.6826212657558756,1131,,,,,0.41753724543601367,849.0,,,0.7553363906448531,1480
4210088668,institution,"Institut National de Recherche pour l'Agriculture, l'Alimentation et l'Environnement",,,FR,100.09899699999822,0.6813851300069117,1132,0.6739852316127123,692.0,0.74137428335393,985.0,0.20076326839402228,1339.0,2.3377414952693445,133.0,0.6359269576773751,1794
131948415,institution,National Taichung University of Science and Technology,,,TW,75.79444444444445,0.6809657184386646,1133,0.30642382484846337,1389.0,1.1468686420978411,549.0,0.20466097795425675,1329.0,1.4806691276325432,328.0,1.2646309555099464,521
196272386,institution,Providence College,,,US,65.44910413660413,0.6808838096881565,1134,0.47693061059773006,977.0,1.134532896869303,557.0,0.45513536427380497,782.0,,,0.7777816474631163,1411
11874761,institution,University of North Florida,,,US,82.75162337662339,0.6806534169838208,1135,0.17092336803458394,1706.0,0.7946094692832026,896.0,1.275578674993514,249.0,0.8567273717640645,590.0,0.9139004859891677,1087
201799495,institution,Middle East Technical University,,,TR,70.92518453768456,0.6804802374160135,1136,0.6150528885179638,767.0,1.1381664656090371,554.0,0.2604524952009385,1184.0,,,1.188433714251128,619
119587767,source,Journal of Business and Industrial Marketing,0885-8624,B,,772.0,0.680402877285466,1137,,,0.7767566015601209,926.0,,,,,0.7474558399417921,1503
182336501,source,Career Development International,1362-0436,B,,182.0,0.6803079884455745,1138,,,0.7658829972436653,942.0,,,,,0.7748524575474415,1423
153648349,institution,University of Leicester,,,GB,175.82640900765904,0.6797394139865843,1139,0.6417739179870646,732.0,0.7101541158517125,1024.0,0.6599954893561328,535.0,1.506702676709174,316.0,0.6529859781215817,1748
60668342,institution,University of Regensburg,,,DE,121.98962703962704,0.6796627240865617,1140,0.8664706502105786,494.0,0.41403819435945083,1527.0,0.40389389399952663,878.0,,,0.8176891744856549,1312
71267560,institution,University of Naples Federico II,,,IT,322.58555166565833,0.6778434546107402,1141,0.565996748542957,840.0,0.8808335042948997,795.0,0.4430066918915187,808.0,0.10491597926225545,1222.0,1.148673475479581,667
86375777,source,International Journal of Accounting and Information Management,1758-9037,B,,174.0,0.6774033427818792,1142,,,0.9175710273969225,758.0,,,,,1.1981472967053872,608
2898307581,source,Journal of Innovation & Knowledge,2444-569X,B,,399.0,0.6765963772228256,1143,,,0.7339135703250592,995.0,,,,,1.7996182890703702,176
73142707,institution,Athens University of Economics and Business,,,GR,261.23164098972927,0.6765241869195325,1144,0.3857082251084918,1209.0,0.828027148163246,858.0,0.4609535250818863,771.0,0.16254654174045402,1167.0,0.777146678673716,1413
139264467,institution,Seoul National University,,,KR,371.95419141184857,0.6758636378629672,1145,0.5527136014820837,867.0,0.8421497283765262,840.0,0.7406211747981317,469.0,1.0850603721275842,487.0,0.7324310977828535,1541
94775995,source,European Business Review,0955-534X,B,,212.0,0.6755643216703394,1146,,,0.7856389354108669,915.0,,,,,1.0078261830380781,895
4210206470,source,Journal of Sustainable Finance & Investment,2043-0795,B,,218.0,0.6739114761254112,1147,,,0.7127903652677792,1019.0,,,,,1.3235347590345394,465
186803428,institution,Brock University,,,CA,176.92857142857142,0.6713570468766072,1148,0.23253122885449276,1566.0,0.9524286638262367,718.0,0.28229014981676204,1136.0,1.5427999077539556,305.0,0.7997925971978349,1357
2802355861,institution,Australian Institute of Business,,,AU,42.186904761904756,0.6709732807712957,1149,0.3703690849468118,1240.0,0.7921442195860314,903.0,0.5229870500376239,685.0,,,1.1358065112510691,685
192056284,source,Economics of Innovation and New Technology,1043-8599,E,,209.0,0.6709479670771503,1150,0.5818337393067816,808.0,,,,,,,0.6244230022525873,1819
2764807039,source,Service Science,2164-3962,B,,83.0,0.6706732433643094,1151,,,0.7191039026944178,1012.0,,,,,0.5017060500995484,2116
4210171086,source,The Journal of Risk,1465-1211,E,,12.0,0.6706307474747147,1152,0.049777201309209214,1917.0,,,,,,,0.4426356971987545,2223
122534668,institution,Marche Polytechnic University,,,IT,186.60398785996608,0.6695286394706859,1153,0.6781292902397191,684.0,0.7584191826948173,956.0,0.5132847881760833,699.0,0.329906156122339,1008.0,0.90704948559182,1106
206777745,institution,Nanjing Audit University,,,CN,199.61051587301586,0.6674000310764376,1154,0.7099342181262719,648.0,0.6213279493777377,1158.0,0.4370602477563147,822.0,1.3377718853481761,372.0,0.9316836321410555,1048
99242495,source,Journal of Air Transport Management,0969-6997,B,,477.0,0.6666887681567311,1155,,,0.6990215549479496,1047.0,,,,,1.4472837195492656,346
9871798,source,European Business Organization Law Review,1566-7529,B,,143.0,0.6666229181991243,1156,,,0.6143397546313967,1169.0,,,,,0.8459661014026745,1247
42468459,source,The Journal of Marketing Theory and Practice,1069-6679,B,,194.0,0.6661400989956553,1157,,,0.7699217943953219,936.0,,,,,0.839477924970515,1258
110378019,institution,Southern Illinois University Carbondale,,,US,63.5435321168966,0.6658113411213963,1158,0.4432252788271039,1068.0,0.9465879136277229,729.0,1.4335720532135747,220.0,2.420229650341786,123.0,0.6309484602702291,1803
4210202311,source,The International journal of accounting/International journal of accounting,1094-4060,A,,108.0,0.6657663589151901,1159,,,,,0.40148355178913914,881.0,,,0.5858962561304059,1914
2764583656,source,Journal of Social Marketing,2042-6763,B,,118.0,0.6653732855083458,1160,,,0.7831071335137787,920.0,,,,,0.7114739767449917,1594
2279609970,institution,Université de Lille,,,FR,144.5006458697248,0.6651303929289254,1161,0.5582508506982017,850.0,0.8128139608852599,876.0,0.36385477552426776,957.0,0.2812774458284066,1060.0,0.7556238404024872,1477
150314799,institution,International Food Policy Research Institute,,,US,74.59940476190478,0.6636427788373257,1162,0.7492532878028341,606.0,0.02517294555004564,2128.0,,,0.40174402276922205,926.0,0.684749871207307,1668
162096671,institution,Universidad de Los Andes,,,CO,90.00765031265031,0.6634409752584495,1163,0.965870422664169,422.0,0.47148649373743245,1425.0,0.2436914687561971,1230.0,1.4877418492365895,323.0,0.6162888348461119,1841
67638930,source,Structural Change and Economic Dynamics,0954-349X,E,,615.0,0.6632055735710886,1164,0.6780703641045195,685.0,,,,,,,0.9637697540597704,973
129826125,institution,Södertörn University,,,SE,32.1015873015873,0.6623429871356881,1165,0.5425964488786814,880.0,0.8446818834958142,837.0,0.14784892714646078,1458.0,,,1.2283706084033366,566
161057412,institution,University of New Hampshire,,,US,89.49050207039339,0.6617230662238314,1166,0.23023969824917628,1570.0,1.1619830471617236,535.0,0.47749492147606026,742.0,1.0793138195727694,489.0,0.7726180741201568,1434
126231945,institution,Queen's University Belfast,,,GB,193.16098986146937,0.6600516708993245,1167,0.7868812831358485,557.0,0.5506532443448964,1286.0,0.4719028325166998,756.0,0.7563545912214679,654.0,0.6584121688326534,1736
4306508649,source,Journal of Industrial and Business Economics,0391-2078,E,,158.0,0.6596460280630432,1168,0.55765573041553,852.0,,,,,,,0.9790522168123093,951
861853513,institution,Sapienza University of Rome,,,IT,469.2334706959707,0.6595534207713286,1169,0.7418426236139404,613.0,0.7309981418994607,1000.0,0.32253891807839996,1046.0,0.3695880160945351,966.0,0.8619083066939004,1207
41073452,institution,Management Center Innsbruck,,,AT,45.97519841269841,0.6594723755966292,1170,1.0916753133545682,348.0,0.8583809841862106,820.0,0.34515434391514704,994.0,,,0.9170892954307448,1077
118118575,institution,New Jersey Institute of Technology,,,US,52.32341269841271,0.6586648405478817,1171,0.3772417563422394,1224.0,0.9341347509887602,737.0,0.22674506708483133,1278.0,,,0.9049686252290168,1109
165102784,institution,Duquesne University,,,US,54.772222222222226,0.6584627559795204,1172,0.09871578467978549,1855.0,0.8578760496964261,822.0,1.04226802207864,322.0,1.464617510738889,333.0,0.7375270856486396,1527
63098007,institution,Liverpool John Moores University,,,GB,91.79920634920634,0.6577738494276348,1173,0.13662953838618216,1781.0,0.8277176565500285,859.0,0.43963996332370026,817.0,0.5885910799750916,763.0,1.0319085996319668,848
194348271,institution,"Government College University, Faisalabad",,,PK,55.609559884559886,0.6577536435489119,1174,0.6930501273537616,667.0,0.8097221402681586,883.0,0.3451277579366529,995.0,0.39874905270922895,934.0,1.4634045124651733,331
79189158,institution,University of Castilla-La Mancha,,,ES,238.81508162316982,0.6568687440172557,1175,0.5785089960459591,816.0,0.9656813254045895,707.0,0.2843616207023428,1128.0,0.37312571257387095,961.0,1.175231823974727,638
184813773,institution,"California State University, East Bay",,,US,52.00865800865801,0.6565310938104865,1176,0.5575943114560004,853.0,0.7946324772367496,895.0,0.6901669784458202,502.0,,,0.6255748779451722,1815
45303301,source,Critical Perspectives on International Business,1742-2043,B,,117.0,0.656215493212478,1177,,,0.7122597485108101,1020.0,,,,,0.528981926145774,2052
172980758,institution,Kennesaw State University,,,US,166.41380253275526,0.6553103479867657,1178,0.4939049299510531,953.0,0.6701427682940676,1088.0,0.9500149927084589,359.0,0.4757028197567513,863.0,0.7124598485513362,1589
121852782,source,Journal of Global Marketing,0891-1762,B,,105.0,0.6540701605646347,1179,,,0.7313054808363622,999.0,,,,,0.7722232031369742,1437
131221577,institution,Bucknell University,,,US,55.95886210854239,0.6529946761672476,1180,0.21973915845400752,1594.0,0.9100456475122065,766.0,2.1365155363569666,148.0,0.10918824128102918,1220.0,0.48499978119326037,2155
4210222895,source,Meditari Accountancy Research,2049-372X,B,,360.0,0.6526271638007175,1181,,,0.8712426044508224,808.0,,,,,0.9825835587943379,945
4800084,institution,Southwest Jiaotong University,,,CN,387.53214285714273,0.6518327252037946,1182,0.7252463115621596,628.0,0.5041926878309677,1375.0,0.6164752943715487,574.0,0.9938849575976387,530.0,0.9600219929207247,983
170810187,source,International Journal of Bank Marketing,0265-2323,B,,331.0,0.6514015328257808,1183,,,0.7705487712819186,933.0,,,,,1.107053610580644,721
7345157,source,Eastern Economic Journal,0094-5056,E,,75.0,0.6498875402874151,1184,0.47570805629778146,983.0,,,,,,,0.43393349965363615,2231
98461037,institution,Tecnológico de Monterrey,,,MX,227.11479978354976,0.6497276639708754,1185,0.417783775407757,1127.0,0.8937366442582164,786.0,0.3900031033208284,904.0,0.5605980485839577,794.0,1.0833539558204368,756
126520041,institution,University of Science and Technology of China,,,CN,421.00238095238103,0.6497076725308065,1186,0.4735473807961926,991.0,0.8677126405565497,809.0,0.14414565496222465,1467.0,1.2071486840166241,432.0,0.9071655845135168,1105
125768316,institution,Northampton Community College,,,US,57.34166666666666,0.6479467076129615,1187,0.7125790926128663,644.0,0.5328144182962866,1313.0,,,,,0.5535930289665104,1996
530967,institution,Toronto Metropolitan University,,,CA,263.2864357864358,0.6456436079201049,1188,0.5736847685017682,824.0,0.7654009601453369,943.0,0.5721454926206037,623.0,0.32891479451382766,1010.0,0.9893588958547027,932
190363454,source,Organizational Behavior Teaching Review,1052-5629,X,,165.0,0.64547455136319,1189,,,,,,,1.1447256639563135,453.0,0.6298985814544983,1808
161515732,institution,University of St. Thomas - Minnesota,,,US,56.817658730158726,0.6447946133475947,1190,0.09708208836783869,1858.0,0.9907221732643541,688.0,0.22801903228421722,1275.0,,,0.8304937877686679,1286
107707843,institution,Roskilde University,,,DK,78.31065323565325,0.6444611192803609,1191,0.7068776321003594,652.0,0.3863465274821915,1577.0,0.8784523286733021,397.0,2.800263532867329,92.0,0.8255913414798296,1294
136999626,source,Journal of Property Investment and Finance,1463-578X,A,,146.0,0.6441460713977902,1192,,,,,0.4630122195455996,767.0,,,0.6319810213112371,1800
25846049,institution,National Tsing Hua University,,,TW,91.99761904761903,0.6420935809693967,1193,0.3486737611260212,1285.0,0.7879008202422357,908.0,0.5630648939694388,637.0,4.3910821090170655,21.0,0.6818892860124004,1676
874055015,institution,Teesside University,,,GB,75.74365079365079,0.6414671617779291,1194,0.4054930184450509,1159.0,0.9146258196785373,761.0,0.26098351284094545,1182.0,,,1.5223651075856326,303
107036887,source,Asia Pacific Journal of Management,0217-4561,B,,299.0,0.6405126247661157,1195,,,0.7635221976786868,947.0,,,,,0.6377054818880115,1789
55712492,institution,Zhejiang University of Technology,,,CN,209.69291680541681,0.6404262711702652,1196,0.47412364800723594,987.0,0.9180998216001335,756.0,0.4128073939454368,860.0,3.1070658558006947,65.0,1.2911003087512312,494
8133038,source,Research in International Business and Finance,0275-5319,A,,1168.0,0.6399562015539207,1197,,,,,0.4072590593391717,872.0,,,1.007823260857259,896
56306041,institution,Lebanese American University,,,LB,209.13589285714278,0.6390531685247124,1198,0.5210542989000303,907.0,0.8123361100116181,878.0,0.4111051097037183,865.0,,,1.0955200246785965,735
119942284,institution,Missouri State University,,,US,54.3726598427533,0.6387829513626943,1199,0.0244912811863738,1958.0,0.8975273883934741,779.0,0.30326191614561954,1086.0,,,0.6531980977671101,1747
135598925,institution,Kyushu University,,,JP,128.59694837326418,0.6382038199973202,1200,0.6335522984831434,745.0,0.7241564314674257,1009.0,0.34299146788289675,998.0,3.2051660526773875,60.0,1.0042912024623907,907
7876267,institution,Open University of the Netherlands,,,NL,96.19846831409329,0.6380542211191235,1201,0.3886376638667218,1205.0,0.9930350317837907,684.0,0.45978231083030485,775.0,0.056604022391733504,1257.0,0.9445363993054551,1018
49185572,institution,Yunnan University of Finance And Economics,,,CN,104.19047619047619,0.6377988513575586,1202,0.5421095816038378,881.0,0.7137247969777533,1018.0,0.5737063646959175,618.0,0.28391429677002483,1057.0,1.0965520430450917,734
169108374,institution,University of the Basque Country,,,ES,221.68996512746511,0.6375259089677475,1203,0.7408069337678957,615.0,0.9333500148092808,739.0,0.1774144613128868,1388.0,0.4829422125245796,858.0,0.7555557077841404,1478
31512782,institution,Technical University of Darmstadt,,,DE,147.76031746031748,0.6375212850763758,1204,0.32289774260030596,1350.0,0.8943238991725193,785.0,0.3326162768330746,1022.0,,,1.0331956398416486,843
162868743,institution,Tianjin University,,,CN,569.5716144966145,0.6368661199351578,1205,0.5672629195597239,837.0,0.6381619088428941,1132.0,0.5430023228573141,663.0,1.9957446658479143,195.0,0.9900246930653481,930
94951947,institution,University of Westminster,,,GB,88.42323232323231,0.6364145024752917,1206,0.4026089854662196,1164.0,0.812163839233172,879.0,0.2831043464538044,1132.0,1.6039375044905422,282.0,1.0057324760726742,906
16097986,institution,Universitat de València,,,ES,561.964687079738,0.6352396768497902,1207,0.3909246735829664,1196.0,0.9726329269854699,702.0,0.3357720411349995,1014.0,0.37467187806907754,956.0,1.108441826049232,716
184999862,institution,Universidad de Salamanca,,,ES,132.05270774976657,0.6350665835874508,1208,0.46259163276807824,1017.0,0.9946001140030546,682.0,0.31586303239851704,1064.0,0.2643887913893608,1077.0,1.0634834169991743,788
79817857,institution,University of Guelph,,,CA,201.32627690936516,0.6347380316540022,1209,0.3353965967633895,1327.0,0.6498270573903019,1116.0,0.6740676971126757,519.0,3.6829201731828882,39.0,1.0414228998146322,830
142725411,source,Journal of Contemporary Accounting & Economics,1815-5669,A,,129.0,0.6346085276442087,1210,,,,,0.3821651252224909,916.0,,,0.8415469352281164,1253
130480701,institution,Dongbei University of Finance and Economics,,,CN,322.7916666666667,0.6345610985011791,1211,0.51280971217016,923.0,0.8767835889486374,799.0,0.3323700546715971,1025.0,0.9567524827310913,542.0,1.000315979389213,917
44666525,institution,University of the South Pacific,,,FJ,60.10240683229814,0.6342395030301353,1212,0.30287369501188594,1398.0,0.9858896552836371,692.0,0.16750514820983792,1410.0,,,1.438616747362735,354
2764884217,source,Technology Innovation Management Review,1927-0321,B,,22.0,0.6341337022476602,1213,,,0.5999350398180119,1198.0,,,,,1.4189176179286915,375
87547150,institution,Southern Illinois University Edwardsville,,,US,58.00416666666666,0.6335616240120977,1214,1.1040570320143777,339.0,0.614616209531432,1168.0,0.3721685878018502,941.0,,,0.8854768988571042,1149
2764892107,source,Multinational Business Review,1525-383X,B,,121.0,0.6326769890945151,1215,,,0.7839822930162827,919.0,,,,,0.543747144009582,2012
42678134,source,Journal of Hospitality & Tourism Research,1096-3480,B,,434.0,0.6326616724069278,1216,,,0.6953029488064117,1053.0,,,,,0.7983027434184997,1361
4210121459,institution,Pôle Léonard de Vinci,,,FR,86.79444444444445,0.630820673184287,1217,0.6192296522413818,762.0,0.7161851155354135,1016.0,0.5275664004178112,682.0,,,0.773805933955173,1427
150229711,institution,University of Electronic Science and Technology of China,,,CN,186.47440476190474,0.6305373977104988,1218,0.3431852565193154,1304.0,0.6837835260542106,1068.0,0.28402650459203566,1129.0,6.481581824536479,4.0,1.0754838017521,767
27001385,source,Advances in Accounting,0882-6110,A,,129.0,0.6305130438888404,1219,,,,,0.4234599227796414,842.0,,,0.5427359786207134,2017
130438778,institution,Memorial University of Newfoundland,,,CA,100.80850677100676,0.6302098626996453,1220,0.19491804903305437,1646.0,0.44096611616946985,1485.0,0.9499887859011643,360.0,3.1955750075376668,61.0,0.6061298544683643,1862
139290212,institution,Hofstra University,,,US,58.333191393238124,0.6295406044134418,1221,0.13790720818713326,1776.0,1.0409859612502672,638.0,0.39789994201326684,890.0,,,0.7734608380775458,1429
200284239,institution,Universidade de Santiago de Compostela,,,ES,188.3309514316093,0.6287084645576942,1222,0.44175268991772604,1071.0,0.9025786190286099,775.0,0.37438685379541026,935.0,0.6506937717140516,730.0,1.1819445506364168,629
4210118524,institution,Université Bourgogne Franche-Comté,,,FR,71.65157106782105,0.62850366219805,1223,0.4767047614460028,979.0,0.7859300999052473,914.0,0.8332752792049067,422.0,0.14105927495355317,1192.0,1.0578170066516983,802
4210091279,institution,Université Sorbonne Paris Nord,,,FR,36.145992063492066,0.628491564121202,1224,0.7825892261418171,560.0,0.353671585639081,1643.0,0.45652024229756244,778.0,0.6200656840180397,749.0,0.485969125051216,2152
4387153298,institution,EM Normandie Business School,,,FR,107.6345238095238,0.6281904491171929,1225,0.5194237913842388,914.0,0.6727945531219589,1085.0,0.7667938728333659,456.0,0.7942022983119997,623.0,1.2776145085288768,509
15356059,source,Review of Political Economy,0953-8259,E,,363.0,0.6273248591519858,1226,0.6661197270713073,704.0,,,,,,,0.4422813032152732,2224
180726961,institution,Shenzhen University,,,CN,255.29724627224627,0.6270533635119744,1227,0.41752250138384445,1129.0,0.8370737817983297,846.0,0.41743766386596215,850.0,1.5139800437039543,315.0,1.09740125567909,733
11662577,institution,Monash University Malaysia,,,MY,114.81780904280906,0.626586742820996,1228,0.49926419519289406,943.0,0.8577060420469835,823.0,0.3587633765082604,967.0,2.96705903745623,76.0,1.007646723549163,899
83816512,institution,University of Genoa,,,IT,139.15902660141788,0.6263796968513241,1229,0.5656233394827069,841.0,0.8125466616742213,877.0,0.33564573679780235,1015.0,,,0.9484884787662504,1011
139232146,source,Personnel Review,0048-3486,B,,509.0,0.626182056160652,1230,,,0.710386980188522,1022.0,,,,,0.8719224732267911,1178
177721651,institution,Oakland University,,,US,77.66388888888889,0.6260900219067759,1231,0.716931066829122,639.0,0.6730162789318443,1084.0,0.25865847955579707,1189.0,0.9498946953430644,545.0,0.4955808035165952,2132
149910238,institution,Kent State University,,,US,117.11342007207868,0.6255556961597384,1232,0.19520282756732765,1644.0,0.9474776163661063,725.0,0.34430559110062864,996.0,2.091299666892746,180.0,0.9850093040975598,938
40434647,institution,Université Paris Nanterre,,,FR,52.05059523809524,0.6254181152951709,1233,0.8351738069909205,518.0,0.6443474847370915,1121.0,0.5312585663908942,677.0,,,0.5673444762144665,1964
155093810,institution,University of Idaho,,,US,49.64577399495624,0.6246673188050417,1234,0.6798428585797295,683.0,0.4144516074162185,1526.0,0.2204785069560933,1295.0,,,0.51064937753385,2093
4210165038,institution,University of Chinese Academy of Sciences,,,CN,248.64062351999848,0.6239166079026695,1235,0.7757993746207609,571.0,0.5691939380081971,1258.0,0.43422817819672405,824.0,0.7458185785636731,664.0,1.061854887721739,793
179026463,institution,Beijing Technology and Business University,,,CN,177.3803571428571,0.6239087673510821,1236,0.3036408389398893,1394.0,0.41648677943346835,1523.0,0.8688885806648031,402.0,0.9958545407209705,528.0,0.9567851422288025,992
26437253,institution,Örebro University,,,SE,100.04906015037595,0.6215828220998407,1237,0.4167599436087162,1134.0,0.7113643126545066,1021.0,0.3549057860281598,978.0,0.4295653074509621,899.0,0.7206596669568266,1569
858936495,institution,ZHAW Zurich University of Applied Sciences,,,CH,40.9491452991453,0.6199446842688345,1238,0.5415283651009436,884.0,0.7736014857692125,928.0,0.11309997827026694,1528.0,,,0.8822014934635924,1155
181727666,institution,University of Economics Ho Chi Minh City,,,VN,580.7388033737175,0.6198905280405462,1239,0.8311274427593573,523.0,0.388222580397744,1575.0,0.6617352259890463,531.0,0.7654890978522845,646.0,1.3199875831427352,468
100066346,institution,University of Stuttgart,,,DE,73.45386904761905,0.6198202359803657,1240,0.5814413046023439,810.0,0.7482622379035345,974.0,0.18637171679822195,1365.0,,,1.148598150306246,668
205237279,institution,Nankai University,,,CN,390.42678571428564,0.6192249737960506,1241,0.6540657077594412,719.0,0.560989248433319,1265.0,0.49269767570751083,714.0,2.111901937149107,175.0,0.9313966816783766,1049
277688954,institution,Université Paris-Saclay,,,FR,88.31504921213566,0.6186938146490326,1242,0.5451414279460978,877.0,0.5098150913758167,1361.0,0.4005507953516916,887.0,1.69400148321898,260.0,0.6812291852000815,1678
4322298,institution,Towson University,,,US,90.9190476190476,0.6179382255454448,1243,0.3054852145450177,1390.0,0.9275601165463039,748.0,0.22537544461543946,1283.0,0.32652009345638755,1013.0,0.6906802204270984,1648
4210189013,source,Management Review Quarterly,2198-1620,B,,268.0,0.6174628600373312,1244,,,0.6694378802507166,1091.0,,,,,0.9466806673247298,1015
2739393555,source,Journal of Agricultural and Applied Economics,1074-0708,E,,151.0,0.616850604227154,1245,0.6165519499201572,764.0,,,,,,,0.4431978307702977,2221
4210189271,source,Leadership & Organization Development Journal,0143-7739,B,,313.0,0.6163227594075608,1246,,,0.7038568331769305,1033.0,,,,,1.0800153087088311,762
208333798,institution,University of Missouri–St. Louis,,,US,66.1183541017653,0.6137485692355843,1247,0.20252798655400545,1630.0,0.539836286896581,1304.0,0.2963941765182064,1100.0,,,0.5765501216480087,1940
173789977,source,Corporate Governance,1472-0701,B,,362.0,0.6132886642618356,1248,,,0.8146761344938637,875.0,,,,,1.0766620333363752,766
27577105,institution,University College Cork,,,IE,165.60879877203408,0.6127728135568679,1249,0.6566283944558093,716.0,0.5998712689021712,1199.0,0.7128130109374728,490.0,1.6222594097639476,274.0,0.7946952096694305,1367
4210095297,institution,MIT University,,,MK,34.31379988132325,0.612411856243258,1250,0.22866310421039737,1576.0,0.810178861767659,881.0,0.5180194519573895,694.0,1.7058127829461074,255.0,0.7472922127912202,1504
53726244,source,Journal of Managerial Psychology,0268-3946,B,,235.0,0.6120497177187645,1251,,,0.6970720014784315,1051.0,,,,,0.587915657494864,1905
159247623,institution,Mansoura University,,,EG,62.6357202982203,0.6116533619691161,1252,0.3873620562749446,1207.0,0.805531749311044,886.0,0.3905218984271451,903.0,,,1.4316310012250602,365
3123212020,institution,Universidad Politécnica de Cartagena,,,ES,88.5820707070707,0.6113036892612294,1253,0.45644757681542114,1034.0,0.9252684868849604,749.0,0.29268110133363506,1108.0,0.35834049043203897,977.0,1.0856774934747535,750
46176106,institution,Universidad de Burgos,,,ES,68.10357142857144,0.610836039510379,1254,0.4349260064433241,1085.0,0.3631124012607756,1626.0,1.1222976474433892,298.0,0.2140737330636051,1122.0,0.895176489270429,1123
4575257,institution,Hanyang University,,,KR,246.6115079365079,0.6092833143955142,1255,0.4307129906590234,1095.0,0.7663636938787222,940.0,0.3214687248895756,1050.0,1.615256053127031,277.0,0.8951660753049218,1124
137867983,institution,Central University of Finance and Economics,,,CN,615.5934523809524,0.6089525556096229,1256,0.569988033204846,829.0,0.600600036447311,1194.0,0.4642893173963172,764.0,1.0929340723165117,477.0,0.8251929774367547,1296
130194489,institution,University of Alicante,,,ES,176.82146464646462,0.6087029696700804,1257,0.6264636299709059,754.0,0.7349850046510056,993.0,0.2859900284124692,1123.0,,,0.8699992468700902,1184
4210220312,source,International Journal of Logistics Research and Applications,1367-5567,B,,367.0,0.6082962697456773,1258,,,0.6765343864334795,1079.0,,,,,1.1215572281996788,707
126936603,source,International Regional Science Review,0160-0176,E,,110.0,0.6082427769328296,1259,0.5655551729820215,842.0,,,,,,,0.4824319393447337,2163
3124059619,institution,China University of Geosciences,,,CN,105.5185361860362,0.6073822250496513,1260,0.734379598214789,620.0,0.5891243006294584,1212.0,0.16555142490115687,1416.0,0.4239603287864066,904.0,1.5190587601820726,305
45204951,institution,University of Calabria,,,IT,149.6767857142857,0.6073549972202597,1261,0.33653915680507,1321.0,0.8240388350456681,865.0,0.4795452916528462,737.0,,,0.8965057092547796,1120
58610484,institution,Seattle University,,,US,45.21326358826359,0.6071050922680472,1262,0.4638637100573136,1014.0,0.9971608988688214,678.0,0.2345199195765221,1253.0,,,0.4623658854171509,2192
131729948,institution,University of Salerno,,,IT,269.65762797144373,0.6070157071191951,1263,0.6718286834557189,696.0,0.6911706704296644,1054.0,0.2873670660360747,1120.0,0.2667438911456072,1071.0,0.9183702487423229,1072
193223587,institution,University of Trento,,,IT,188.89067724556855,0.6067474627804684,1264,0.5858194227602932,803.0,0.6052116077509765,1185.0,0.41522453946237453,855.0,0.9360504520827247,554.0,0.8158291450988367,1319
130217899,institution,Åbo Akademi University,,,FI,54.89021672771673,0.6065229508934918,1265,0.24682977631266023,1537.0,0.7954197981224003,893.0,0.10763518288899247,1539.0,0.1482192431551667,1180.0,0.9179357902229329,1074
32389192,institution,University of Alabama at Birmingham,,,US,52.92166305916305,0.6064711064644996,1266,0.01764172838121306,1969.0,0.9534872555429107,716.0,0.9738579303078977,350.0,,,0.6033682831576014,1867
60053951,institution,Universitat Politècnica de València,,,ES,250.3352118119975,0.6062911931638048,1267,0.2844451450910502,1438.0,0.8842945427717493,793.0,0.7605056764955196,459.0,0.11194991080898925,1217.0,1.4018053288344854,386
54467454,source,International Environmental Agreements Politics Law and Economics,1567-9764,E,,155.0,0.6061367129713233,1268,0.7222750101505663,633.0,,,,,,,0.562315855052287,1979
158934434,institution,Zhongnan University of Economics and Law,,,CN,611.026388888889,0.6060692894311476,1269,0.6816013163347897,681.0,0.6770137238147864,1078.0,0.36623218584427564,951.0,0.1915789330194526,1142.0,0.8804008694235592,1160
143806524,source,The Journal of Portfolio Management,0095-4918,A,,262.0,0.6059251686429156,1270,,,,,0.44046617164560947,815.0,,,0.4790558815596359,2167
2610724,institution,Chemnitz University of Technology,,,DE,53.78666666666667,0.6056336372294051,1271,0.719643997446716,638.0,0.5693887942709257,1257.0,0.4818627036786669,734.0,1.4686506597624787,332.0,0.8531385938675844,1231
111277659,institution,Chonnam National University,,,KR,60.12619047619047,0.604374401615078,1272,0.5366211327750908,887.0,0.8235727395740705,866.0,0.4064230291203645,874.0,,,0.5402839156660342,2027
39815113,institution,Georgia Southern University,,,US,100.09194481530929,0.6037453441687486,1273,0.24190649449594256,1551.0,0.9309860542449079,744.0,0.2729294359797768,1163.0,0.32883555031817757,1011.0,0.5805422418088914,1933
201841394,institution,Université Côte d'Azur,,,FR,54.680428810320116,0.603369991260595,1274,0.5760340660503401,818.0,0.5696426642412425,1255.0,0.796314395189993,439.0,1.7481353201131307,246.0,0.698946210876565,1620
67328108,institution,"California State University, Fresno",,,US,49.3361111111111,0.6032506612855302,1275,0.08629220581215176,1873.0,0.8098558138253743,882.0,0.8354103986300325,420.0,0.9032694246902228,567.0,0.5923704274005283,1893
74899385,institution,Central Queensland University,,,AU,83.4734126984127,0.6017965177031945,1276,0.5850685427847954,805.0,0.6856546908568679,1064.0,0.4152150459044896,856.0,0.4658583153306195,872.0,1.0709231698145985,775
57328836,institution,North Dakota State University,,,US,103.92298620382732,0.6010555383294951,1277,0.5033573704469207,934.0,0.858180595406599,821.0,0.3348746165157303,1016.0,1.4068669239539062,352.0,0.6934053421225648,1639
198244214,institution,Université Clermont Auvergne,,,FR,35.13100288600289,0.6007550085407,1278,0.6387138544655988,736.0,0.3423391601256827,1656.0,0.4795343677563794,738.0,,,0.6856580089560544,1667
54459138,institution,University of Salford,,,GB,45.721969696969694,0.600392122403022,1279,0.6154235777820666,766.0,0.9667264432973407,705.0,0.10272903206685731,1557.0,0.5449085920642841,801.0,0.8937231177190847,1129
193775966,institution,Yonsei University,,,KR,359.4383494721652,0.6001135559826749,1280,0.3576310794586726,1263.0,0.8557674707678936,824.0,0.29725129513104553,1098.0,1.4340561233947147,344.0,0.7960455762721111,1364
177097968,institution,University of Tennessee at Chattanooga,,,US,66.1371235721703,0.5999901845996195,1281,0.5834307322853165,806.0,0.753535114169442,963.0,0.5446713843476072,660.0,1.7909191332355545,233.0,0.7272355238017216,1551
204512498,institution,University of Macau,,,MO,298.4633699633699,0.599961017609931,1282,0.3001609173946514,1405.0,0.8404857811522233,842.0,0.4075322611336624,871.0,0.039567496701073596,1276.0,0.7895696694161516,1381
142934699,institution,"California State University, Fullerton",,,US,145.11069102237326,0.5991217019825509,1283,0.4716861234657614,996.0,0.8399555869087054,843.0,0.37837474061109044,926.0,0.3557947813300488,979.0,0.5233327318485753,2067
6013065,source,Journal of Management & Governance,1385-3457,B,,214.0,0.5991083971163961,1284,,,0.7096790329058497,1025.0,,,,,0.83800145833036,1262
36399199,institution,Nanjing University of Science and Technology,,,CN,202.11468253968252,0.5986681352671153,1285,0.9856354689080141,406.0,0.6226891046296714,1154.0,0.35587202132687806,975.0,1.9211483836625836,214.0,0.9276938828467536,1056
184983240,institution,Northeast Normal University,,,CN,62.242292429792435,0.598290924198089,1286,0.7814709553559467,564.0,0.33547632821164675,1673.0,0.3114690049727694,1075.0,0.8561371905708933,591.0,1.2786082386826068,506
130692619,institution,Bern University of Applied Sciences,,,CH,33.95725806451613,0.598086100358568,1287,0.31097539578907796,1375.0,0.7590455128201368,955.0,0.16648269458088605,1412.0,1.1809132709630512,439.0,0.6869937464008267,1659
170164250,institution,Elon University,,,US,52.42619047619048,0.5953556634381922,1288,0.22203475942491488,1588.0,0.8303602590324982,856.0,0.35353235375786485,982.0,0.6878859200704839,709.0,0.4977010990510752,2124
3034727917,source,Financial Innovation,2199-4730,A,,441.0,0.5952960974553524,1289,,,,,0.4270911860507018,834.0,,,1.2605629933549858,524
168416876,institution,Northern Kentucky University,,,US,54.56111111111112,0.5942425038858875,1290,,,0.8501365716118561,828.0,0.1127906671894557,1529.0,1.807182152454353,232.0,0.639499049995992,1784
106785703,institution,Institut polytechnique de Grenoble,,,FR,27.399126984126983,0.5938002831000702,1291,1.0324779524129344,371.0,0.37589259213331794,1599.0,0.2851953239745312,1125.0,1.252773150012318,405.0,0.5571028061432396,1989
113306721,institution,Hiroshima University,,,JP,87.54523809523809,0.5925063255182007,1292,0.4216798043144054,1115.0,0.9376834516959397,736.0,0.09685231379006032,1571.0,,,0.7288926157999227,1548
41958068,source,Journal of Consumer Behaviour,1472-0817,B,,562.0,0.5916526228353046,1293,,,0.6578835732433868,1107.0,,,,,0.7117684317580015,1592
27483092,institution,University of Perugia,,,IT,97.3730339105339,0.5912567626746317,1294,0.33544864176609285,1326.0,0.8484719013970068,833.0,0.46023522454147114,773.0,,,0.7448096530533929,1509
905225518,institution,Shanghai University of International Business and Economics,,,CN,123.55892857142858,0.590538101280236,1295,0.6011584763848072,785.0,0.710285208212511,1023.0,0.3408843089802875,1001.0,1.9842414554195333,202.0,0.7221007233907606,1565
206007305,source,Economic Systems,0939-3625,E,,268.0,0.590171667954602,1296,0.5606236185981317,848.0,,,,,,,0.6925930228655116,1642
55952717,institution,Universitat Rovira i Virgili,,,ES,91.12718253968255,0.5895411794698713,1297,0.42965410243174473,1098.0,0.7628101706673701,948.0,0.2809812966603329,1138.0,0.388936039006233,945.0,0.7929513435553902,1370
90727586,institution,Zhejiang University of Finance and Economics,,,CN,370.1998015873015,0.5894113362885538,1298,0.6925985100727315,670.0,0.5766230629389619,1239.0,0.3273729919942219,1038.0,1.875559260458854,220.0,0.8896377857349891,1143
204730241,institution,Université Paris Cité,,,FR,70.61454775645177,0.5877227688487783,1299,0.6444332443693227,730.0,0.3657355790061423,1619.0,0.3131141091290416,1071.0,0.8473155259770913,594.0,0.4721491261826502,2178
169615421,institution,Middle Tennessee State University,,,US,109.60508514719963,0.5874973094055815,1300,0.32190610539716125,1355.0,0.7435001651986721,982.0,0.26508870222280584,1174.0,1.0108616028483335,518.0,0.5141928485300529,2085
39804081,institution,Sorbonne Université,,,FR,36.03460292144502,0.587174752727188,1301,0.7267368242108825,624.0,0.29889258935641594,1746.0,0.255793139877452,1197.0,0.8549901298030196,592.0,0.39455235506661274,2305
143593769,institution,East China University of Science and Technology,,,CN,169.83062076812075,0.5870990799219254,1302,0.6336990974626423,744.0,0.6517554131568541,1113.0,0.41395836868091024,857.0,2.1563809659060547,163.0,0.9179892418044959,1073
36178057,source,Economics Letters,0165-1765,E,,1800.0,0.5865754331200506,1303,0.5514939077467369,869.0,,,,,,,0.4882757358309253,2148
60342839,institution,Qatar University,,,QA,330.01111111111106,0.5865151973974815,1304,0.40419140189993574,1161.0,0.848661224687508,832.0,0.33808985244001316,1009.0,0.582881911489217,771.0,1.3216003261752889,467
17145004,institution,Northwestern Polytechnical University,,,CN,214.2291005291005,0.585913083579887,1305,0.22202371534481846,1589.0,0.7981196345471104,890.0,0.3742752488968436,936.0,0.5415265539351886,802.0,0.7800067408514814,1405
173439891,institution,HES-SO University of Applied Sciences and Arts Western Switzerland,,,CH,91.60142912642914,0.58574574412554,1306,0.4740378405533459,988.0,0.5498089638811213,1288.0,0.800390539732232,437.0,,,0.6926566700404012,1641
2736629167,source,Journal of Economic Structures,2193-2409,E,,120.0,0.5851397665623,1307,0.5706726026971308,826.0,,,,,,,1.431617552920632,366
150702451,source,Global Finance Journal,1044-0283,A,,320.0,0.5847175080732521,1308,,,,,0.3640593572632395,956.0,,,0.8129783586074065,1329
138216421,institution,Eastern Michigan University,,,US,65.0921568627451,0.5840149074898753,1309,0.4779690441962675,975.0,0.7622040299067112,950.0,0.18496428929377298,1368.0,0.35605790393221864,978.0,0.6099143377341765,1853
197809005,institution,"University of Campania ""Luigi Vanvitelli""",,,IT,128.30436507936508,0.5823459719995909,1310,0.7608874204306416,588.0,0.6454235567240775,1120.0,0.19516443118573176,1353.0,0.8682174835935454,582.0,0.8708650122553491,1181
4210144888,institution,Business France,,,FR,43.82142857142857,0.5821800045842119,1311,0.2520004264296007,1527.0,0.5113840084845757,1360.0,0.6102471903354304,579.0,,,1.2076590545558843,598
926574661,institution,Leipzig University,,,DE,136.28086940836943,0.5818499074086656,1312,0.41618269042561695,1136.0,0.8814620935370829,794.0,0.13157204231396086,1490.0,3.4333597304312207,49.0,0.663076007934492,1726
15057530,institution,Université de Bordeaux,,,FR,92.54404942279942,0.5816062316353915,1313,0.6020597839209718,784.0,0.519382432340482,1342.0,0.5822125459511195,610.0,1.5856975519831873,288.0,0.669990824808484,1699
4210143550,institution,Taylor's University,,,MY,161.66916666666668,0.581191964974891,1314,0.7997497839162155,548.0,0.5763444154017408,1240.0,0.592569772379635,597.0,1.7622127121422697,240.0,1.446109730482397,347
171971387,source,Scandinavian Journal of Management,0956-5221,B,,123.0,0.5808575204945101,1315,,,0.5816391878554358,1230.0,,,,,0.5451262453209537,2009
145099083,source,Journal of Economics and Business,0148-6195,A,,108.0,0.5800729713468826,1316,,,,,0.35512232445379627,977.0,,,0.801835013240025,1352
164936912,institution,The University of Texas at El Paso,,,US,126.98361148197596,0.5797174610331095,1317,0.2632274024580935,1493.0,0.749971116357114,972.0,0.44516935300428045,803.0,1.8905270208399398,216.0,0.688132647067762,1655
13134134,institution,Universidad de Cantabria,,,ES,87.49630230880231,0.5788639286603505,1318,0.39687465760597557,1182.0,1.0967194324448328,585.0,0.03748749525212633,1666.0,0.5845975437991154,769.0,0.8638848375909224,1202
132286405,institution,Kadir Has University,,,TR,64.75277777777778,0.5782996166294663,1319,0.36673127305542697,1245.0,0.3927255281341465,1566.0,0.8237187816377084,426.0,0.18891708014203032,1145.0,0.8695441611246673,1186
4210171597,source,Accounting and Finance,0810-5391,A,,728.0,0.5779593553498568,1320,,,,,0.34335653474400535,997.0,,,0.5707842707290168,1953
66752286,institution,University of Milano-Bicocca,,,IT,208.8298191542757,0.5773079637598921,1321,0.386564577423669,1208.0,0.7848060782556918,916.0,0.3457984098226892,993.0,,,0.8947970907493421,1127
4210202212,source,INFORMS Journal on Applied Analytics,2644-0865,B,,149.0,0.5768607262042198,1322,,,0.6004330251732464,1196.0,,,,,0.3708082130872529,2340
142024983,institution,Prince Sultan University,,,SA,80.57519841269841,0.5767288793329629,1323,0.2646346682938829,1488.0,0.7723453864652549,931.0,0.4943313770823584,713.0,0.185183206918409,1150.0,1.185275504954151,626
35777872,institution,North Carolina Agricultural and Technical State University,,,US,57.11178992347216,0.576601312219657,1324,0.1371565719295698,1779.0,0.5270168497833077,1329.0,0.4964594892926477,711.0,4.087438075781136,26.0,0.6533734136740605,1746
135394783,source,The International Journal of Management Education,1472-8117,B,,448.0,0.5749344751328399,1325,,,0.6572094977150942,1108.0,,,,,1.4665644620573173,330
193408319,source,Corporate Communications An International Journal,1356-3289,X,,235.0,0.5742404130063036,1326,,,,,,,1.0853105211487317,486.0,0.5870412737352245,1909
21067949,institution,Adolfo Ibáñez University,,,CL,80.1561111111111,0.5739825394717242,1327,0.11971384798264473,1814.0,1.1192622004767787,574.0,0.1641962960232808,1418.0,,,0.6634791190274516,1725
151201029,institution,Consejo Nacional de Investigaciones Científicas y Técnicas,,,AR,93.23308368362716,0.5739760948900706,1328,0.5261484573056809,898.0,1.1237769155423012,571.0,0.5675451283760553,633.0,0.7602297708464445,652.0,0.5313365740339304,2044
211433327,institution,Ministry of Natural Resources,,,CN,22.458984533984534,0.5738743329042719,1329,0.6735419884678546,693.0,0.19722881912744286,1911.0,0.25403705924962394,1199.0,,,1.1232007661787622,703
91781374,source,Accounting History,1032-3732,A,,115.0,0.5726369149689094,1330,,,,,0.44336826970244125,806.0,,,0.42778197884219127,2241
32574673,institution,Shantou University,,,CN,64.69007936507936,0.5722721155281515,1331,0.26522057809113697,1486.0,0.798785868828916,889.0,0.506214111305713,703.0,,,0.9474439209621063,1013
48661868,source,China & World Economy,1671-2234,E,,211.0,0.5717252423699208,1332,0.620164323729951,760.0,,,,,,,0.6617322860933696,1729
2799600557,institution,Japan External Trade Organization,,,JP,63.865277777777784,0.5717086826075493,1333,0.6468915161562003,726.0,,,,,,,0.6686984087805169,1709
204593131,institution,College of Charleston,,,US,58.20952380952381,0.5707890132224255,1334,0.07740830071628088,1880.0,0.9208876850444369,755.0,0.3740470878133678,937.0,0.4326601856416433,895.0,0.9285409763797128,1055
37320504,source,Industrial Management & Data Systems,0263-5577,X,,548.0,0.5704320088889493,1335,,,,,,,1.9738150476633587,206.0,1.0073422305652704,901
66867065,institution,East China Normal University,,,CN,207.71174242424243,0.5699782087944987,1336,0.579507144211972,814.0,0.5932001622435773,1208.0,0.3536778656811446,981.0,1.4615706839199287,335.0,0.7909036303364175,1378
28166907,institution,Karolinska Institutet,,,SE,40.380644424222005,0.5692046559710698,1337,0.713326242381197,643.0,0.28322748485376237,1784.0,2.2627203636675586,139.0,0.23579335020287845,1101.0,0.8359018650088836,1268
183939566,source,Sustainability Accounting Management and Policy Journal,2040-8021,B,,250.0,0.5675749543335465,1338,,,0.6883621094043245,1059.0,,,,,1.0010358153664014,914
120691247,institution,University of Hagen,,,DE,95.62500000000003,0.5667422720182169,1339,0.7605673612346511,590.0,0.4484484725700297,1470.0,0.11904575474893701,1518.0,,,0.5411124931457105,2023
194028371,institution,University of Regina,,,CA,70.9169191919192,0.5666502798849561,1340,0.882585385792778,482.0,0.5748779537948957,1242.0,0.04743436430985995,1643.0,,,0.8769094412519957,1167
70900168,institution,Université Savoie Mont Blanc,,,FR,51.66956349206349,0.5660680943186424,1341,0.5284593445209577,896.0,0.7281708976788845,1003.0,,,,,0.555227186210537,1993
162526994,source,International Journal of Market Research,1470-7853,B,,183.0,0.5659269313090215,1342,,,0.6646019484799401,1102.0,,,,,0.7184445993414569,1578
7161550,source,Spatial Economic Analysis,1742-1772,E,,130.0,0.5651321818966452,1343,0.6267706282950244,752.0,,,,,,,0.43759908279559523,2230
251738,institution,Edinburgh Napier University,,,GB,76.78857531357532,0.5650844267591201,1344,0.6981934680536099,660.0,0.8260232463491902,864.0,0.14070719725865238,1471.0,0.9635540418218154,541.0,0.8027016773419088,1350
2764804572,source,Economic Theory Bulletin,2196-1085,E,,89.0,0.5648112468801024,1345,0.44908948402660126,1055.0,,,,,,,0.23079610213645504,2511
899635006,institution,Université Grenoble Alpes,,,FR,80.22565295815295,0.5641880054101868,1346,0.4714164996107425,998.0,0.7016383475394377,1038.0,0.37815357274829287,928.0,0.5498813444710556,797.0,0.6948393040794464,1631
155526628,source,The North American Journal of Economics and Finance,1062-9408,A,,768.0,0.564177556430184,1347,,,,,0.33909131985361696,1007.0,,,0.7618282582785464,1460
47993699,source,Journal of Engineering and Technology Management,0923-4748,B,,138.0,0.5641205257095343,1348,,,0.6653952493147274,1101.0,,,,,0.8011728532151509,1353
173304897,institution,Universidad de Granada,,,ES,282.6141585266585,0.5640670170351592,1349,0.32249908356867296,1352.0,0.7816533824728847,924.0,0.29052998053507073,1113.0,0.8402493148721981,599.0,1.0013094476674744,913
166088655,institution,Montclair State University,,,US,84.86944444444444,0.5626218215486433,1350,0.4709154993835004,999.0,0.6107172581476978,1175.0,0.41829197261247947,847.0,1.61143862478911,279.0,0.8680730015570917,1190
59289252,source,Intereconomics,0020-5346,E,,148.0,0.5622275969648015,1351,0.5193936909770673,915.0,,,,,,,1.1665353153345694,651
151491554,source,The Geneva Papers on Risk and Insurance Issues and Practice,1018-5895,A,,153.0,0.5620839921699912,1352,,,,,0.31618168006758196,1063.0,,,0.7421417430701996,1516
83436808,institution,Hankuk University of Foreign Studies,,,KR,92.475,0.5617537121704729,1353,0.37560440502836373,1228.0,0.7843846030970516,917.0,0.26102782415199743,1180.0,2.2491015486128956,148.0,0.7585054379229685,1468
205051169,institution,Kingston University,,,GB,77.34678513917645,0.561704121518672,1354,0.41794000258166986,1126.0,0.7011675022412462,1041.0,0.21138583459682683,1316.0,0.3732904103059454,960.0,1.023491408929683,868
170658231,institution,Osnabrück University,,,DE,73.69407993966817,0.5614041378877626,1355,0.7589544486965413,596.0,0.5186101787490964,1345.0,0.6127956031004737,578.0,0.5969307978025616,756.0,0.6464767100012591,1768
119045251,institution,Huaqiao University,,,CN,146.03373015873015,0.5605030792216429,1356,0.48265751384777167,967.0,0.8009701300635479,888.0,0.17553323282323466,1393.0,,,1.0721906389234357,773
184746854,institution,Lincoln University,,,NZ,120.17202380952381,0.5601059089472277,1357,0.59151380892617,794.0,0.7469019974131567,976.0,0.36892335743087595,945.0,,,1.0636733860278342,786
125273398,source,The Quarterly Review of Economics and Finance,1062-9769,E,,474.0,0.5599557573618414,1358,0.4683790206143911,1003.0,,,,,,,0.6654419376380292,1722
868834043,institution,University of the West of Scotland,,,GB,58.22896825396826,0.5585387895720899,1359,0.34507711672700736,1298.0,0.753074198822592,964.0,0.3850918164173658,911.0,0.4528535735114914,881.0,1.066917361216681,783
4210130704,institution,University of Michigan–Dearborn,,,US,43.651657552973354,0.5584534393677595,1360,0.1525188343631055,1745.0,0.7518876577544404,965.0,0.4032571096409356,880.0,,,0.5051591080374228,2108
11923345,institution,Wrocław University of Science and Technology,,,PL,42.8732142857143,0.5581342408350777,1361,1.2753449721724615,278.0,0.28309037853554103,1785.0,,,0.27788700282844336,1061.0,0.7200063085064825,1572
121409115,source,International Review of Law and Economics,0144-8188,E,,172.0,0.5579731363252948,1362,0.49885684557432947,946.0,,,,,,,0.4098476614856605,2277
2764850437,source,International Economics,2110-7017,E,,231.0,0.5567376346239025,1363,0.5824341511666548,807.0,,,,,,,0.7219428686737673,1566
191005381,source,Defence and Peace Economics,1024-2694,E,,212.0,0.5564068816219191,1364,0.5586091063882063,849.0,,,,,,,0.5116045338634588,2090
919208787,institution,Louisiana Tech University,,,US,65.78333333333333,0.5562544467608361,1365,0.2435141896764209,1545.0,0.7977092408604376,891.0,0.18337094633167386,1371.0,,,0.7083050879608441,1598
142974352,institution,National Sun Yat-sen University,,,TW,136.6294427794428,0.5553213094109299,1366,0.4816124442290351,969.0,0.7028830572789898,1037.0,0.2321390686346861,1258.0,1.5208391037166515,312.0,0.7503779220919111,1496
114150738,institution,Fu Jen Catholic University,,,TW,67.88849206349205,0.5545450468624002,1367,0.4331276568846502,1088.0,0.4945285966347701,1386.0,0.5689127318770899,629.0,,,0.6958106602736678,1629
197854408,institution,University of Malta,,,MT,57.97146464646466,0.5539498724326238,1368,0.3563303984171525,1266.0,0.527658260392944,1326.0,0.5940609059625204,596.0,2.4332616916132213,121.0,1.2633198101231686,523
9224756,institution,Northeastern University,,,CN,251.7977564102564,0.5539427444185709,1369,0.33780367703032893,1315.0,0.721220860953314,1011.0,0.3822147911514585,915.0,0.9698867412496719,535.0,0.9506793788336699,1006
4210186250,source,Journal of Competitiveness,1804-171X,B,,90.0,0.5536403312223678,1370,,,0.4939665937827036,1388.0,,,,,2.195540714734215,92
4921948,institution,Pusan National University,,,KR,140.57341269841268,0.553588813112565,1371,0.5025596727355025,937.0,0.6819033316053615,1073.0,0.45046200208251064,791.0,1.7121218484924363,254.0,0.9153134262830641,1082
4210129130,institution,Asian Development Bank,,,PH,59.1888888888889,0.5533989790537289,1372,0.5181679965613564,917.0,0.03169517211483679,2121.0,0.32656112263499304,1039.0,,,0.7605751527008106,1464
16337185,institution,University of Sannio,,,IT,60.84166666666667,0.5516298118849364,1373,0.9623982960564399,424.0,0.5688073325527375,1260.0,0.2970401725321843,1099.0,,,0.7993169402665329,1360
26772273,source,Climate Change Economics,2010-0078,E,,111.0,0.5511469688406965,1374,0.674825033197613,691.0,,,,,,,0.48095793055419617,2165
113940042,institution,Shanghai University,,,CN,358.48870851370856,0.5497609639321548,1375,0.35123931968172095,1279.0,0.7696463420561624,937.0,0.35333857589518375,983.0,1.4839264205155103,326.0,0.8174709525099997,1315
37461747,institution,Wuhan University,,,CN,512.4785654160654,0.5494772312631716,1376,0.46140583859420453,1025.0,0.6405874965557132,1128.0,0.5062949365125969,702.0,0.5786803947484149,778.0,0.8935097101715496,1130
12449238,institution,Université d'Orléans,,,FR,48.59765512265511,0.5490822717858375,1377,0.5528532031490191,866.0,0.46312419244224345,1437.0,0.37385875118543926,938.0,,,0.5098265682879539,2097
2764655866,source,Review of Keynesian Economics,2049-5323,E,,143.0,0.5490602340578243,1378,0.6997833641448236,659.0,,,,,,,0.4419044236415373,2226
99682543,institution,University of Minho,,,PT,221.1242424242424,0.548799665456005,1379,0.6250329583134893,756.0,0.6383354444941599,1130.0,0.25595737743063607,1196.0,0.6261161363726209,746.0,0.785355489488552,1391
4210176257,source,Journal of Management Science and Engineering,2096-2320,E,,143.0,0.5479422385750693,1380,0.3182812229934213,1362.0,,,,,,,0.9852445057138421,937
124601658,institution,University of Parma,,,IT,124.1824620452161,0.5465120437909978,1381,0.5445167607310352,879.0,0.6066658919734389,1183.0,0.3951242613781571,895.0,,,0.8494152791004154,1238
16076960,institution,COMSATS University Islamabad,,,PK,311.12737734487735,0.5458672877312288,1382,0.43218309804305055,1090.0,0.757881592278799,959.0,0.30660942461454566,1079.0,0.4982205606146205,846.0,1.4058354102104351,385
135117807,institution,Université de Sherbrooke,,,CA,72.23266594516593,0.5457518630050382,1383,0.5058997746158908,930.0,0.5205079141725352,1338.0,0.2660218760037472,1170.0,0.22472308303791197,1111.0,0.7524753834167699,1489
71783669,source,Review of International Economics,0965-7576,E,,256.0,0.5456023246836673,1384,0.49917477715201575,945.0,,,,,,,0.37725687781601785,2328
204823248,institution,Huazhong Agricultural University,,,CN,118.97048702343056,0.5452923255134382,1385,0.6087213523077286,775.0,0.7305260910968657,1001.0,0.13361697314669538,1483.0,0.46754760675560286,870.0,1.034934366741394,839
48957891,source,The TQM Journal,1754-2731,B,,530.0,0.5446948297155798,1386,,,0.6259164300017512,1148.0,,,,,1.135192476070936,687
190397597,institution,University of Urbino,,,IT,104.2388888888889,0.5443890299238405,1387,0.5887995898301758,799.0,0.563725322178181,1261.0,0.2080199756128065,1323.0,1.6268411048878093,271.0,0.6933838982230848,1640
118501908,institution,National Research University Higher School of Economics,,,RU,466.52820048309184,0.5443177614843911,1388,0.6379045807736847,738.0,0.7067149582377434,1031.0,0.3402615477798042,1003.0,0.7049832152980025,697.0,0.7533860610709873,1487
129902397,institution,Dalhousie University,,,CA,133.55219191913733,0.5442303621084811,1389,0.43906986262683567,1075.0,0.6889436397206181,1058.0,0.37834066336069233,927.0,1.5034044230293409,317.0,0.8498877571749565,1237
90149737,source,European Journal of Innovation Management,1460-1060,B,,530.0,0.5438025017115954,1390,,,0.6431286138029214,1124.0,,,,,0.9387548145191257,1028
129801699,institution,University of Tasmania,,,AU,167.04165790595326,0.5436636357958194,1391,0.4136360442100256,1140.0,0.592969625980504,1210.0,0.49976464018373473,710.0,0.9645972455030443,539.0,0.7022026045929808,1614
87482320,institution,University of Management and Technology,,,PK,104.04400432900432,0.5424429379644632,1392,0.5861076939230593,802.0,0.7224405939746098,1010.0,0.2533464523999895,1202.0,0.04671757267147183,1268.0,1.2550890787315716,535
90610280,institution,South China University of Technology,,,CN,378.62097734781554,0.5422357859684981,1393,0.37570610556387063,1227.0,0.7462291188325743,978.0,0.33446969463136716,1019.0,2.473190346455754,118.0,0.8175766703690405,1313
87208437,institution,University of Tulsa,,,US,49.64980158730159,0.5421891171688562,1394,0.17268133806430008,1703.0,0.7414416068992421,984.0,0.163147993013602,1419.0,,,0.666544420099211,1716
154533451,source,IEEE Transactions on Engineering Management,0018-9391,B,,1570.0,0.5419794217199446,1395,,,0.6264568229662639,1147.0,,,,,0.813064267965018,1328
38631343,institution,EM Strasbourg Business School,,,FR,60.45517676767677,0.5418522204865616,1396,0.44094817686548193,1072.0,0.6209500421159452,1159.0,0.27250457749561635,1165.0,0.3415738058778041,995.0,0.6434864700446821,1774
182534213,institution,Universidade do Porto,,,PT,322.35517903392906,0.5418361956794985,1397,0.4040346124516007,1162.0,0.7926336506456921,902.0,0.23750954478682626,1247.0,0.10101257945075647,1228.0,0.788629785117172,1387
51216347,institution,Anglia Ruskin University,,,GB,56.94285714285716,0.5404112940101196,1398,0.6520624921040786,721.0,0.5384939797005988,1309.0,0.7857407352804593,448.0,1.4063879249506912,353.0,0.7264460320356462,1554
4210210207,source,Journal of Management Analytics,2327-0012,B,,94.0,0.5402532433992195,1399,,,0.5550909257604235,1275.0,,,,,1.3964633833010784,392
10902133,institution,Universitat Jaume I,,,ES,176.24634502923976,0.5393857491263396,1400,0.5674778988615871,835.0,0.6460865202759228,1118.0,0.4300795166786657,833.0,,,0.8175038251701671,1314
175051016,institution,Universidad Publica de Navarra,,,ES,114.26111111111109,0.5393281897325395,1401,0.5079483601544811,928.0,0.5234544417140541,1335.0,0.4315009995313844,830.0,,,0.8792992866843037,1163
173574685,source,International Journal of Theoretical and Applied Finance,0219-0249,E,,140.0,0.5392870208575257,1402,0.39146965702655095,1194.0,,,,,,,0.287279823618574,2454
68891433,institution,Indian Institute of Technology Delhi,,,IN,325.47225829725835,0.5387644638852171,1403,0.38877667837807117,1203.0,0.7970601572065068,892.0,0.30893763688356035,1077.0,0.3625781336838583,972.0,0.9550339133908315,995
3409213,source,Service Business,1862-8508,B,,143.0,0.5386820039436173,1404,,,0.6382961738699605,1131.0,,,,,0.8951002905557323,1125
150870154,institution,Indian Institute of Management Ahmedabad,,,IN,279.5863636363636,0.5386338251148776,1405,0.5647981198537794,844.0,0.6678387276080263,1092.0,0.24909093600582308,1220.0,0.4896039229927564,853.0,0.8196969539488087,1308
115752224,institution,University of Insubria,,,IT,60.857638888888886,0.5385056900773432,1406,0.3552663766830557,1270.0,0.8064778973278061,885.0,0.37797686924095325,929.0,0.20102938053053662,1132.0,0.8143298440117706,1322
4210154111,institution,Université Gustave Eiffel,,,FR,34.88218253968254,0.5381233350628658,1407,0.3661928208803291,1246.0,0.5348650997922362,1311.0,0.6789138143346307,514.0,4.269713510385759,22.0,0.4916470814882837,2139
2898275063,source,European Research on Management and Business Economics,2444-8834,A,,116.0,0.5381061086219022,1408,,,,,0.20975674953971216,1318.0,,,1.6566128696581859,228
65837984,institution,Kobe University,,,JP,226.7313492063492,0.5379655057207977,1409,0.516939334906152,919.0,0.6827467802696896,1070.0,0.3532262603000888,984.0,,,0.7382247060383758,1525
106296451,institution,University of Foggia,,,IT,66.97157415597817,0.5377932919682652,1410,0.5787216231659102,815.0,0.6856478976508711,1065.0,0.22992003393273952,1265.0,,,0.9162546271610542,1080
98285908,institution,The University of Osaka,,,JP,53.32258852258852,0.5375937449877363,1411,0.6456162550830044,729.0,0.4446629287250867,1474.0,0.008961692820696652,1700.0,,,0.44459464010203215,2219
178258306,source,Empirical Economics,0377-7332,E,,732.0,0.5370008929989826,1412,0.5200901246256017,910.0,,,,,,,0.5291059088108795,2051
26073974,source,Oxford Economic Papers,0030-7653,E,,222.0,0.5369071277913241,1413,0.5271146597330085,897.0,,,,,,,0.33010913221386773,2395
162838928,institution,National Chung Hsing University,,,TW,71.80119047619047,0.5367602455398963,1414,0.2671594222594705,1481.0,0.8218325722277676,867.0,0.15236219485829297,1447.0,,,1.0589405788734687,799
181631907,institution,University of Ibadan,,,NG,101.34298941798941,0.5365402869277286,1415,0.39424533901193265,1190.0,0.15340133702826844,1962.0,0.8596236336596677,408.0,0.08743251969734095,1239.0,1.309533566859101,477
929597975,institution,National University of Sciences and Technology,,,PK,94.93910256410257,0.5362580019973117,1416,0.4502039748500159,1053.0,0.5598450984333954,1266.0,0.5999491980864052,589.0,0.04656027962320737,1269.0,1.0409876347064777,832
102064193,institution,University of Siena,,,IT,141.37741702741704,0.5354323191226477,1417,0.633120036272759,747.0,0.6114926465249094,1174.0,0.29298954844156816,1106.0,,,0.5212752447742034,2073
146099957,source,International Journal of Finance & Economics,1076-9307,A,,1134.0,0.5352810540376757,1418,,,,,0.28869930968075,1117.0,,,0.688374142838127,1654
89652312,institution,Northwest A&F University,,,CN,121.2490600125681,0.5352302749891139,1419,0.6031313021185669,781.0,0.5448598932037908,1294.0,0.3213974569707888,1051.0,,,1.039080155357419,834
142740786,institution,University of Louisville,,,US,93.7472222222222,0.5350019819850352,1420,0.4937057263328137,954.0,0.5540192165297133,1276.0,0.6195909209805565,571.0,0.2220777788766695,1113.0,0.5385580234128444,2031
161321875,institution,University of Beira Interior,,,PT,241.9700396825397,0.5347787697782806,1421,0.6141290955231201,770.0,0.6293588158621761,1141.0,0.3837273361141111,912.0,0.508350189055004,834.0,1.2004818232509535,606
35928602,institution,Kyung Hee University,,,KR,233.2119337606838,0.534692081561331,1422,0.12723676476710744,1805.0,0.9466905525462449,727.0,0.3492423091005027,990.0,1.5954133634190137,284.0,1.031111161054532,852
111245572,institution,Indian Institute of Management Raipur,,,IN,153.6027777777778,0.5340167942056202,1423,0.14872821055639845,1750.0,0.7077753046046432,1028.0,0.2796763339103965,1141.0,0.9446843504443148,549.0,0.956868335241699,990
112862951,institution,University of Messina,,,IT,102.85277777777777,0.5328215373752759,1424,0.5802970655844192,812.0,0.4943961291211127,1387.0,0.36171959759194633,962.0,2.823778810541496,86.0,0.8685819755553891,1188
746986,institution,Halmstad University,,,SE,41.766684704184705,0.5327402072206031,1425,0.16848812410527458,1714.0,0.6587457291542145,1106.0,0.5768831948851537,616.0,0.4729465054018669,865.0,0.9615206099887285,978
154099455,institution,Shandong University,,,CN,379.4105318740399,0.532716534089638,1426,0.4465598311212692,1059.0,0.7821990279639736,922.0,0.37614976765528535,931.0,0.7768753127082417,634.0,0.9023079828779529,1113
4210209709,source,Health Policy,0168-8510,E,,666.0,0.5324725641624334,1427,0.5036099934903356,933.0,,,,,,,0.8307948905890254,1285
103320735,institution,Università Cattolica del Sacro Cuore,,,IT,330.3630275669749,0.5317196113613244,1428,0.5854721016546806,804.0,0.4275010332784484,1506.0,0.4886529505575181,724.0,0.043137769323290207,1272.0,0.62765227877796,1813
25254941,institution,Beijing Normal University,,,CN,406.2171328671328,0.5311347616743,1429,0.5199073339996054,912.0,0.7493001613821765,973.0,0.29354142141478456,1105.0,1.608874824634489,280.0,0.9203655537144769,1067
161103922,institution,Philipps University of Marburg,,,DE,105.30098039215686,0.5307581388267376,1430,0.5306754774721887,893.0,0.45745309050458804,1454.0,0.8114102295672762,431.0,,,0.7131286983725148,1587
154010748,source,Management Decision,0025-1747,B,,777.0,0.5305852314803006,1431,,,0.5968667441591408,1203.0,,,,,0.7552088283697611,1481
79516672,institution,University of Louisiana at Lafayette,,,US,55.59924242424243,0.5305690294899362,1432,0.23676422028535932,1559.0,0.7951832367603374,894.0,0.47242896280859326,755.0,0.29991468738394444,1040.0,0.6013067213372734,1873
98234996,source,Accounting Research Journal,1030-9616,A,,166.0,0.5300271592463169,1433,,,,,0.21299893224038835,1308.0,,,0.7547560467728879,1484
94588446,institution,Hongik University,,,KR,74.51944444444445,0.5298263657749155,1434,0.27000559636524807,1475.0,0.6721512368199616,1087.0,0.4810020355426642,735.0,,,0.6598152085798051,1733
87445476,institution,Xi'an Jiaotong University,,,CN,773.6288780663781,0.5296620955802389,1435,0.3906352620715968,1197.0,0.7941820003955947,898.0,0.3407498669697638,1002.0,1.994052642319391,196.0,0.8399042793148107,1256
25757504,institution,China University of Mining and Technology,,,CN,180.45134078884075,0.5296080020022348,1436,0.6333209911435356,746.0,0.543268498596387,1299.0,0.33997382227142264,1004.0,0.6882945125465715,707.0,1.152893651538799,661
176790772,institution,Murdoch University,,,AU,54.566457198715256,0.5289842159527647,1437,0.4513566196205922,1050.0,0.5509046462355959,1285.0,0.6536983981059803,543.0,,,1.347889763905647,444
199690760,source,Innovation,1447-9338,B,,120.0,0.5283639119237873,1438,,,0.5820951486302284,1228.0,,,,,0.5984381477094857,1881
2802166871,institution,Universidad Católica del Norte,,,CL,47.33737373737374,0.5282246824388411,1439,0.6852190975960556,677.0,0.4390664430793117,1490.0,,,0.33930322131817375,999.0,0.7230912022159877,1562
204305389,source,Journal of Management Development,0262-1711,B,,145.0,0.5281716481504122,1440,,,0.6162619208613841,1166.0,,,,,1.0059761384382209,904
56067802,institution,Université de Rennes,,,FR,31.78697049782576,0.5281343555021196,1441,0.7364673842398718,617.0,0.58468712892295,1224.0,0.038377564004389166,1663.0,,,0.5544082282028892,1994
187400657,institution,South China Normal University,,,CN,108.72420634920636,0.5280539355771905,1442,0.6389086614295278,735.0,0.47727189704408396,1412.0,0.41223308124329916,862.0,1.2225191345296884,419.0,0.7778199486567061,1410
162611689,source,Business Economics,0007-666X,E,,122.0,0.5274666018943776,1443,0.42587216956709284,1105.0,,,,,,,0.44341339024152104,2220
22248866,institution,AgroParisTech,,,FR,18.300260685082115,0.5274520735168794,1444,0.5549434611768849,860.0,0.6846142324508422,1066.0,0.14509803747840702,1464.0,,,0.45908564823625364,2196
203951103,institution,Keio University,,,JP,161.41248196248196,0.5266311208916701,1445,0.4578111032677774,1029.0,0.826184188966347,863.0,0.5022361993194008,708.0,0.2596647968385591,1082.0,0.5685109440159413,1959
188935350,institution,Anhui University of Finance and Economics,,,CN,147.20297619047616,0.5263408474830903,1446,0.5334267621189838,890.0,0.6455280753104731,1119.0,0.23860178173817342,1243.0,0.3427651387782122,994.0,1.2697786967269293,517
205490536,institution,Dongguk University,,,KR,69.80278332778333,0.526000369757598,1447,0.26697087740477243,1483.0,0.7325617091891675,996.0,0.4267562718683222,837.0,,,0.8626970563707496,1205
123338534,institution,Università degli Studi del Piemonte Orientale “Amedeo Avogadro”,,,IT,58.30262972321795,0.5257857279136242,1448,0.1674200412951485,1720.0,1.1908306179344914,521.0,0.33133461881357684,1026.0,,,0.8500616988484718,1236
130442723,institution,Universidade Federal do Rio Grande do Sul,,,BR,228.4442117664944,0.5256862160125482,1449,0.24342904542978047,1546.0,0.8361653732309478,848.0,0.358379904011714,968.0,0.6656634159066634,719.0,0.8929555179728814,1132
50441567,institution,Universitat de les Illes Balears,,,ES,88.575,0.5255090521397277,1450,0.5215836815177854,905.0,0.5318351002226499,1319.0,0.03613525106100881,1669.0,,,0.5808107585272165,1932
148189957,source,Journal of Management History,1751-1348,B,,131.0,0.5251309904491933,1451,,,0.4440105746376633,1477.0,,,,,0.31995561804819095,2407
126863827,institution,Pace University,,,US,54.67973864142089,0.5233141745856585,1452,0.2966966172720988,1415.0,0.6084422467065383,1179.0,0.5503513689873468,648.0,,,0.49880950528942697,2123
21193070,institution,Beijing Jiaotong University,,,CN,169.4845238095238,0.5232315322258263,1453,0.636861961176018,740.0,0.5361647339168237,1310.0,0.32102435644146476,1053.0,2.4633812522542398,119.0,0.8415597954513994,1252
95013407,institution,Universidad Pablo de Olavide,,,ES,169.61101499831082,0.5227746591968543,1454,0.8292313157211504,524.0,0.5327543106038448,1315.0,0.19786265641547257,1348.0,0.2581391822541432,1085.0,0.652046195314916,1749
22299242,institution,Kyoto University,,,JP,173.62339153416735,0.5224396614588567,1455,0.6145585196685054,768.0,0.3810435312740086,1590.0,0.29065419881878757,1112.0,0.13352077850276328,1200.0,0.6735002352703953,1692
175532246,institution,University of Eastern Finland,,,FI,107.33580655455657,0.5222487698751552,1456,0.3489942663588654,1284.0,0.6759788575067344,1080.0,0.2957699283225987,1102.0,0.3492304434636731,986.0,0.8121065409770137,1330
5561750,institution,University of Bari Aldo Moro,,,IT,166.5837157940099,0.5221326646035862,1457,0.6160972144211352,765.0,0.6257582983222555,1151.0,0.2742277045022434,1159.0,0.05236605652735539,1263.0,0.8242413539310771,1301
138847295,institution,Universitat Oberta de Catalunya,,,ES,50.98154761904763,0.522091335630067,1458,0.814803999511959,539.0,0.5794585521299974,1235.0,0.15500665624128032,1433.0,1.5898485038754722,285.0,0.739285360814084,1523
4210156332,institution,Chinese Research Academy of Environmental Sciences,,,CN,58.353117650323526,0.5219256494976096,1459,0.5086655075904668,927.0,,,5.852675609234138,18.0,,,0.6199878819859183,1835
39063666,institution,University of Catania,,,IT,132.188955026455,0.5215091206824319,1460,0.5371433725188954,886.0,0.6805125701542373,1075.0,0.18306618061893593,1372.0,0.5394217954421928,804.0,0.6317703400570484,1801
97188460,institution,Nantes Université,,,FR,34.236854339617494,0.5212715158992041,1461,0.45750143864066684,1031.0,0.43986759941282705,1487.0,0.4735467113111111,752.0,,,0.5214726565659146,2072
153806059,institution,Shanghai Business School,,,CN,81.6626984126984,0.5210015465554617,1462,0.34549208045650504,1295.0,0.7880117356130555,907.0,0.2826757234892962,1134.0,0.4123869863338188,916.0,0.6033686872737384,1866
57667410,source,Annals of Operations Research,0254-5330,B,,2545.0,0.5208267194197829,1463,,,0.5779686863234103,1237.0,,,,,0.7731768909379673,1432
27825529,institution,California State University Los Angeles,,,US,82.79285714285716,0.5196479369338334,1464,0.33443928821471164,1330.0,0.764002548309971,945.0,0.15843601064545582,1425.0,,,0.6721278348832713,1695
148751991,institution,Sogang University,,,KR,122.84810606060606,0.5195632894901699,1465,0.2524126550802816,1524.0,0.7032317626053735,1035.0,0.7420468598176081,467.0,0.9142474853169237,559.0,0.5170136347739319,2079
141649380,institution,Western Michigan University,,,US,76.64285714285714,0.5193483368488865,1466,0.1633894902009722,1726.0,0.933257612178545,741.0,0.08102428317945366,1591.0,1.635838768369683,269.0,0.6650603252021979,1723
37173775,source,European Journal of Law and Economics,0929-1261,E,,167.0,0.5189062893781159,1467,0.4593356116704257,1027.0,,,,,,,0.4202310214105469,2253
37987034,institution,Guangzhou University,,,CN,159.2313034188034,0.5186709301343005,1468,0.4729376072790587,994.0,0.6305345781451742,1140.0,0.4772010431198153,743.0,0.3065744810518523,1035.0,1.104603913736208,723
107033909,source,Journal of Economics,0931-8658,E,,174.0,0.5185855067439068,1469,0.41591180481235074,1137.0,,,,,,,0.28759753810137334,2453
190134885,institution,Helmut Schmidt University,,,DE,73.46388888888889,0.5179914011739268,1470,0.27114057949331216,1473.0,0.7188723278665919,1013.0,0.8677758745211154,403.0,,,0.6661715440239419,1719
155043079,institution,University of Nottingham Malaysia Campus,,,MY,80.49880952380954,0.5176291807171433,1471,0.7440446891802528,610.0,0.4956624783126312,1385.0,0.25642893004621875,1193.0,,,0.9835874161624208,941
191879574,institution,Inha University,,,KR,95.72023809523809,0.5173647418252003,1472,0.15636122352325288,1738.0,0.8882632239180792,792.0,0.05990053844615366,1622.0,0.158072149320789,1174.0,0.9877681621385838,935
67900169,institution,Chung-Ang University,,,KR,134.78739495798317,0.5171837518450944,1473,0.20969403677914203,1613.0,0.5529485905127884,1282.0,1.0353671943513718,327.0,0.48475359439679855,856.0,0.741227238725664,1518
4210190745,source,Asia-Pacific Journal of Financial Studies,2041-6156,B,,140.0,0.51665293002855,1474,,,0.5276366612773922,1327.0,,,,,0.4830855416625691,2159
4210168539,source,Science and Public Policy,0302-3427,X,,366.0,0.5162333036735306,1475,,,,,,,1.2141077675802934,427.0,0.5244266977853329,2063
24906876,institution,Institut Agro Montpellier,,,FR,11.710738795518203,0.5161322999826198,1476,0.5056238993485904,932.0,0.7501092231974977,970.0,,,,,0.4856206792380762,2153
2764516016,source,European journal of training and development,2046-9012,B,,215.0,0.5153518087469368,1477,,,0.5836798070622593,1226.0,,,,,0.8948484117304802,1126
3125743391,institution,China University of Geosciences (Beijing),,,CN,67.7009108946609,0.5147826396996115,1478,0.6006634504751096,786.0,0.1939196595180023,1916.0,0.4268745653094174,836.0,,,0.9299220619289477,1052
68947357,institution,Université de Strasbourg,,,FR,100.27412900939215,0.5142398282558105,1479,0.419016501805991,1122.0,0.6089910945926827,1178.0,0.3080122620036176,1078.0,0.18251908553094756,1154.0,0.6211931741591754,1831
134161618,institution,National Taiwan Normal University,,,TW,40.269047619047626,0.5139249527338843,1480,0.08623129850416217,1874.0,0.6184217388464387,1161.0,0.7433803099227997,465.0,,,0.7402370340034528,1520
168273071,source,International Review of Economics & Finance,1059-0560,A,,1567.0,0.5129731541570299,1481,,,,,0.31559383336478025,1066.0,,,0.6794239562661382,1682
4210155236,institution,National Research Council,,,IT,45.19984521531494,0.5118345683804026,1482,0.4899056337872703,962.0,0.685777485763342,1063.0,0.38369590012473737,913.0,0.10276038250166043,1226.0,0.9184457762992746,1071
4394735563,source,Journal of applied corporate finance,1745-6622,A,,115.0,0.511834211637314,1483,,,,,0.27489847424461367,1155.0,,,0.38408170735951414,2315
197347611,institution,Korea University,,,KR,270.8310994560995,0.5115036141718133,1484,0.4337078022449263,1086.0,0.755778090064779,961.0,0.2177341760269252,1301.0,1.3723257936686546,364.0,0.6393804692179531,1785
111753288,institution,Fujian Normal University,,,CN,45.676497113997115,0.5113440957992307,1485,0.4677514973372867,1004.0,0.7380451694680805,989.0,0.045853033858034756,1647.0,0.34461183397048867,990.0,0.967736571858195,969
4210166615,institution,INESC TEC,,,PT,52.369527116402125,0.5107515697927674,1486,0.2061198773737021,1620.0,0.7361615369645006,992.0,0.056921322786870024,1630.0,,,0.9135358888537983,1089
158248296,institution,Amirkabir University of Technology,,,IR,67.42638888888888,0.5105602863951005,1487,0.7773134796213281,567.0,0.5571943219424917,1268.0,0.3154442996682341,1067.0,,,0.8815944951761908,1157
2764879640,source,Global Journal of Flexible Systems Management,0972-2696,B,,167.0,0.5099483583346929,1488,,,0.617124100428762,1164.0,,,,,1.0415680332934112,829
4210172729,source,Journal of Humanitarian Logistics and Supply Chain Management,2042-6747,B,,105.0,0.5097732244814582,1489,,,0.5847404594303175,1223.0,,,,,0.672564383963641,1693
71270174,institution,Victoria University,,,AU,83.10104617604617,0.5096291381759891,1490,0.48476977147210654,965.0,0.623898789452813,1153.0,0.2524676787385522,1204.0,,,0.8941839183245729,1128
139289085,source,Qualitative Market Research An International Journal,1352-2752,B,,163.0,0.5096290395744772,1491,,,0.530439734018352,1322.0,,,,,0.5335236415514153,2039
184843921,institution,Hebei University of Technology,,,CN,83.82539682539684,0.5093821038480969,1492,0.455201920626411,1040.0,0.7701280547694833,934.0,0.15480060070129156,1435.0,,,0.9131746664895314,1092
25355098,institution,Chang'an University,,,CN,70.22242063492062,0.5092286957970711,1493,0.3923025936132941,1193.0,0.7146290859782762,1017.0,0.5145435698589459,696.0,0.09706184607416865,1233.0,1.1358420847309025,684
96908189,institution,Xinjiang University,,,CN,43.34040959040959,0.5092151203716261,1494,0.570157359815225,828.0,0.6860319788641391,1062.0,0.25856804133696903,1190.0,,,1.3105736364888472,476
79238269,institution,Universidad de Sevilla,,,ES,309.6516854417512,0.5091591137571766,1495,0.25443089251251755,1517.0,0.595179642741265,1204.0,0.5481757100809947,652.0,0.5825263287002153,772.0,0.8344287452882257,1274
12832649,institution,Gachon University,,,KR,80.03333333333335,0.5078561351934395,1496,0.16819247190608558,1717.0,0.4055095018935108,1538.0,0.6072875642919512,585.0,,,0.7890651999113715,1386
208081647,institution,Coastal Carolina University,,,US,27.288095238095238,0.5077748222283855,1497,0.20867591979032046,1616.0,0.6183048326783623,1162.0,0.4179335870727015,848.0,1.3366046934375757,373.0,0.5861130450792896,1913
71495548,institution,Indian Institute of Management Calcutta,,,IN,110.19444444444443,0.5075136937172057,1498,0.661032078899769,713.0,0.5930730961697726,1209.0,0.11571522373216274,1523.0,0.3556623359717752,980.0,0.5987940224057451,1878
69356397,institution,Xi’an Jiaotong-Liverpool University,,,CN,235.40122655122656,0.507375313672224,1499,0.3681524400150788,1243.0,0.7567868358260408,960.0,0.272830122352617,1164.0,0.8307457429777562,603.0,0.7489590211102118,1497
55285296,institution,UCSI University,,,MY,108.27724799710094,0.5073710355494759,1500,0.06693315454198061,1893.0,0.6819910340442275,1072.0,0.06680874910413068,1610.0,1.0383163484309081,506.0,1.3517844477097907,439
99908691,institution,Yuan Ze University,,,TW,63.83167989417989,0.5073117762473579,1501,0.2986529167406299,1409.0,0.5737232031711843,1245.0,0.3329297064919308,1021.0,,,0.9940989712326067,925
204291657,institution,Hosei University,,,JP,68.87063492063491,0.5069004938301579,1502,0.680660572804983,682.0,0.2710323400735289,1808.0,0.18085507985435664,1379.0,,,0.45056076302722475,2209
29817978,source,Marketing Intelligence & Planning,0263-4503,B,,280.0,0.5068237129759552,1503,,,0.5734301732288691,1246.0,,,,,0.8599972059251918,1212
88060688,institution,Universidad Politécnica de Madrid,,,ES,109.26823308270679,0.5067991658005643,1504,0.3218376035681076,1356.0,0.5065036790025456,1370.0,1.0155872243849484,335.0,1.2485181538237016,408.0,0.9615432652389855,977
171812798,source,Metroeconomica,0026-1386,E,,152.0,0.5067352014818811,1505,0.568605708381805,832.0,,,,,,,0.3238024628489866,2403
111950717,institution,Macau University of Science and Technology,,,MO,156.81587301587302,0.5062143663190751,1506,0.3979693685688677,1179.0,0.669524590799436,1090.0,0.21270393924649886,1311.0,0.8118790024145611,614.0,0.9735597596895323,961
2898531903,source,Journal of commodity markets,2405-8505,A,,150.0,0.505698544982409,1507,,,,,0.32528887758713404,1042.0,,,0.5124285594446091,2087
120518121,source,Atlantic Economic Journal,0197-4254,E,,114.0,0.5056134507020025,1508,0.4741588150848024,986.0,,,,,,,0.28156772669661223,2460
11406153,institution,Shanghai International Studies University,,,CN,97.675,0.5055595987376885,1509,0.40737621480735503,1155.0,0.6281108947474435,1143.0,0.3945181544334336,898.0,,,0.8845219327192456,1153
100633361,institution,University of Massachusetts Dartmouth,,,US,59.96507936507937,0.505176282698656,1510,0.1964302488868412,1640.0,0.5779379966397692,1238.0,0.49980820300448636,709.0,0.9953025967956356,529.0,0.9152825535178638,1083
43369023,institution,"California State University, San Bernardino",,,US,44.559418767507005,0.505169578471846,1511,0.51484146645119,921.0,0.6442195803723132,1122.0,0.24048167966825218,1235.0,,,0.6985262181390132,1622
153976015,institution,University of Ljubljana,,,SI,230.1050607255325,0.5045145166594391,1512,0.2786992145554014,1452.0,0.8631252138033026,815.0,0.2216680126132496,1292.0,0.13296801345627848,1201.0,0.8647513954969905,1198
4210149618,institution,Guangdong University of Finance,,,CN,142.72321428571428,0.5045063321310711,1513,0.5199737847190893,911.0,0.5933000088484641,1207.0,0.2903013801949198,1115.0,,,0.9375198111252196,1031
75059550,institution,Zhejiang Gongshang University,,,CN,349.4027777777777,0.5041571311433654,1514,0.30004407662757915,1406.0,0.8617269503470644,817.0,0.20192472843265258,1337.0,1.2143662907617225,426.0,1.0269753059225228,860
122346577,institution,University of Modena and Reggio Emilia,,,IT,146.428953889248,0.5028728072916486,1515,0.4079793693519053,1153.0,0.6995072817708313,1044.0,0.2302413671365955,1262.0,,,0.7030419711823964,1611
47818738,institution,Sultan Qaboos University,,,OM,153.37558954203692,0.5026493059893068,1516,0.3847454543327622,1213.0,0.5557743328436796,1273.0,0.6888288278780476,503.0,0.7165348569104683,684.0,0.8551498064917195,1225
2764726166,source,Asia Pacific Management Review,1029-3132,B,,128.0,0.5022465279873808,1517,,,0.5854666209424634,1221.0,,,,,1.5523652033890183,289
44430492,institution,Indian Institute of Management Bangalore,,,IN,150.95589133089135,0.5020371283258545,1518,0.34993696959036097,1282.0,0.6722564322555202,1086.0,0.20714259423481157,1325.0,0.6300769599089715,740.0,0.5693287498900145,1955
4210150398,institution,Hunan University of Finance and Economics,,,CN,87.63015873015871,0.5015387667188776,1519,0.5231972050230226,903.0,0.31284605855186454,1711.0,0.3649728630196951,954.0,,,0.6685853008426494,1710
2898402987,source,Spanish Journal of Marketing - ESIC,2444-9695,X,,109.0,0.5003148688862403,1520,,,,,,,1.1022720584843784,473.0,1.345809309438617,446
63634437,institution,Universidad Autónoma de Madrid,,,ES,180.03131914381913,0.4995293296184056,1521,0.3623658217327704,1251.0,0.5148926192304274,1350.0,0.4432421305538869,807.0,4.018276775509607,27.0,0.6619646278533556,1727
2803079837,institution,American University of the Middle East,,,KW,75.57222222222224,0.49931552983282135,1522,0.562458286552504,847.0,0.5709963426737444,1250.0,0.31304106375124124,1072.0,,,1.311365790483963,473
2764680368,source,Social and Environmental Accountability Journal,0969-160X,B,,117.0,0.49895854417629387,1523,,,0.5133722603544684,1354.0,,,,,0.6391950156271301,1786
192723185,source,Knowledge Management Research & Practice,1477-8238,B,,271.0,0.49887075276222437,1524,,,0.5870937954120914,1218.0,,,,,0.776170641126993,1417
182519303,source,World Trade Review,1474-7456,X,,167.0,0.49866785185311324,1525,,,,,,,0.7521794328979553,658.0,0.3519545055456033,2362
201037040,source,International Journal of Manpower,0143-7720,B,,360.0,0.4982574581380873,1526,,,0.5826681689011413,1227.0,,,,,1.002604558332115,910
9842412,institution,Nanjing University of Aeronautics and Astronautics,,,CN,229.3771825396825,0.4977566089251802,1527,0.7252396514235547,629.0,0.46231673396973294,1439.0,0.2220346308350734,1289.0,0.4010135444737625,930.0,1.0887543100865675,745
99990550,source,Journal of Consumer Policy,0168-7034,X,,109.0,0.49658772975324433,1528,,,,,,,0.9122674754920401,562.0,0.568646102740898,1957
31419693,institution,Kyungpook National University,,,KR,65.20380591630592,0.49651475568558145,1529,0.2868023676312848,1433.0,0.7935236086202265,900.0,0.17806247563333946,1385.0,,,0.8481875979496398,1240
144250037,source,Journal of Applied Accounting Research,0967-5426,A,,218.0,0.49642812392093283,1530,,,,,0.19633740115882078,1351.0,,,0.8082508084835688,1336
4210183343,source,Journal of Creating Value,2394-9643,B,,55.0,0.4964260384347877,1531,,,0.5816888174974943,1229.0,,,,,0.5264078838227216,2057
354108,institution,Minjiang University,,,CN,39.235408163265305,0.4961367619641504,1532,0.13215508805822512,1791.0,0.838585517563174,845.0,0.4088085740716943,870.0,3.3247300488630414,55.0,0.6721317216735683,1694
159665162,institution,National Institute of Development Administration,,,TH,117.67896825396826,0.4957764775288223,1533,0.46233344170266916,1019.0,0.6670719501881708,1094.0,0.1694222824103594,1404.0,0.22939587735709852,1108.0,0.9688853353298253,966
75900474,institution,Hubei University,,,CN,35.12442353942354,0.49537617930504946,1534,0.5180296750639072,918.0,0.650077954480914,1115.0,0.11429623893178503,1527.0,1.6265231184866173,272.0,0.7541237817266132,1486
204983213,institution,Harbin Institute of Technology,,,CN,366.08117179117176,0.49519173255176646,1535,0.4357019522279622,1082.0,0.6825209733027083,1071.0,0.18830482524912598,1363.0,2.19061294608375,158.0,0.7829338059127342,1397
3354691,source,Journal of Small Business and Enterprise Development,1462-6004,B,,280.0,0.4949545059303822,1536,,,0.5433075606865999,1298.0,,,,,0.745677067958246,1508
55133342,institution,University of Macerata,,,IT,95.93576097105509,0.49481449205687456,1537,0.3477007688104582,1290.0,0.9140491695603342,762.0,0.15832093398570485,1426.0,0.18654457747083383,1148.0,1.1771156972472923,634
179311214,institution,Gulf University for Science & Technology,,,KW,80.21701388888889,0.49446088965575213,1538,0.30094590057113496,1404.0,0.40740197172578646,1535.0,0.8359939626464254,419.0,,,1.3253823677557146,462
4210197888,source,Review of International Business and Strategy,2059-6014,B,,137.0,0.49401751175471853,1539,,,0.5798678356156892,1232.0,,,,,0.7547636792638303,1483
3593595,source,Australian Journal of Agricultural and Resource Economics,1364-985X,E,,158.0,0.4938881766316033,1540,0.49930199321203445,942.0,,,,,,,0.49326549868102104,2135
24185976,institution,Sichuan University,,,CN,461.28059163059163,0.49325793342412017,1541,0.36300281731633915,1250.0,0.6809285628758499,1074.0,0.31759054610609216,1060.0,0.8711552528417975,580.0,0.8766143716122649,1169
148366613,institution,National Yang Ming Chiao Tung University,,,TW,122.16305555555556,0.4929731295716544,1542,0.07650278716728948,1881.0,0.6612835980206168,1104.0,0.36634041869335643,950.0,,,0.6441962139185688,1773
2898574612,source,Economic Analysis and Policy,0313-5926,E,,1066.0,0.4928680878784952,1543,0.549429010640431,871.0,,,,,,,1.005914826351508,905
159650629,institution,University of Sassari,,,IT,44.40053155781417,0.4927124523402342,1544,0.4575355994251177,1030.0,0.7944014533260968,897.0,0.09807012404794424,1566.0,0.29188739768965766,1050.0,0.7232836955948166,1561
71503853,institution,University of Algarve,,,PT,54.1888888888889,0.49240051179136973,1545,0.34327998959737305,1303.0,0.6071466567658913,1182.0,0.05042205802440261,1637.0,0.3933417894342514,938.0,0.803051372916041,1348
230915877,institution,The American College of Greece,,,GR,44.44682539682541,0.49224994929982063,1546,0.22316469171702918,1586.0,0.6023202704568381,1190.0,0.48266582642577693,731.0,,,0.6478133653391575,1762
2764889392,source,Accounting Historians Journal,0148-4184,A,,70.0,0.4922473162210967,1547,,,,,0.48340049734467677,730.0,,,0.3126520717484411,2423
4210116649,institution,University of Inland Norway,,,NO,71.83344155844155,0.4918103520969536,1548,0.507843931362525,929.0,0.6222827104433019,1155.0,0.2563207325315669,1195.0,3.8756485652154993,30.0,0.7916709583859229,1377
197981039,source,Economics and Politics,0954-1985,E,,149.0,0.491724208067507,1549,0.4652733991498524,1011.0,,,,,,,0.31240856835987735,2424
63525965,institution,Western Sydney University,,,AU,182.79484126984127,0.4917052854606418,1550,0.30765376132796496,1382.0,0.6258097167258174,1150.0,0.4480095598290462,797.0,1.2890479556843744,394.0,0.9293857977466569,1054
122161766,source,Journal of Forecasting,0277-6693,A,,497.0,0.49169573726791627,1551,,,,,0.36245747658318067,960.0,,,0.5494092448390817,2001
93320256,institution,University of Tampa,,,US,91.18936545022991,0.49134463376326226,1552,0.06984906371199055,1892.0,0.7865350547140652,913.0,0.12174021999302412,1512.0,,,0.5986655292586965,1880
4210141702,institution,University of Gävle,,,SE,61.358333333333334,0.4910442949306785,1553,0.09257542534091083,1867.0,0.6553804679858969,1109.0,0.2984488153507134,1095.0,0.09677886693109529,1234.0,0.8463840659339722,1245
3923682,institution,Soochow University,,,CN,118.2689014202172,0.49095791911250647,1554,0.3705721157501175,1239.0,0.5950862174457244,1205.0,0.2497835887687983,1213.0,1.6932062438254425,261.0,0.720363974341225,1570
148814761,source,Journal of International Consumer Marketing,0896-1530,B,,139.0,0.49086302165577367,1555,,,0.5535107224226349,1280.0,,,,,0.8385349770808297,1261
124504522,source,Information Systems Management,1058-0530,B,,133.0,0.49033277952613963,1556,,,0.5386582707804874,1308.0,,,,,1.2338674904513802,559
174731842,institution,Islamia University of Bahawalpur,,,PK,54.01518759018759,0.4896769132926123,1557,0.7706199531226625,576.0,0.6020161352591206,1192.0,0.051502210524018446,1636.0,,,1.27994702254812,505
57664883,institution,Ajou University,,,KR,58.63690476190475,0.4896574124680269,1558,0.6373896717342084,739.0,0.6141891364922792,1170.0,0.08749187096088834,1583.0,0.019946917699132278,1290.0,0.6417171243998728,1777
200845125,institution,Nanjing University of Information Science and Technology,,,CN,134.715873015873,0.4887408873289096,1559,0.554576055576582,864.0,0.7464686157446775,977.0,0.18092162027350792,1377.0,1.8456772372090444,222.0,1.0710771390927836,774
146613903,institution,Shanghai Lixin University of Accounting and Finance,,,CN,114.82857142857142,0.4875856595405563,1560,0.6862855981606325,676.0,0.5841808873466645,1225.0,0.2812994326623414,1137.0,,,0.8965275021368119,1119
39332106,source,Journal of Food Products Marketing,1045-4446,B,,92.0,0.48730242704144106,1561,,,0.4835363516598865,1403.0,,,,,0.7688305714633379,1446
173589923,source,Family and Consumer Sciences Research Journal,1077-727X,X,,113.0,0.4872294003769203,1562,,,,,,,1.1082699041919049,472.0,0.3466277089090926,2369
3131870445,institution,Woxsen School of Business,,,IN,33.23829365079364,0.4866788952043576,1563,0.1762468670645979,1696.0,0.5122310552446482,1356.0,1.326973468456099,233.0,,,1.0282017323083126,859
145894827,institution,Indian Institute of Technology Kharagpur,,,IN,345.002904040404,0.486507918921053,1564,0.4553068652594207,1039.0,0.6835459905353849,1069.0,0.19604174918140713,1352.0,0.6549139977321737,728.0,0.9762912820675383,955
37574244,institution,Sichuan Agricultural University,,,CN,116.89744144744144,0.4864086065471251,1565,0.5089773264380592,926.0,0.725227214428958,1008.0,0.2632023250761189,1176.0,0.7056309764762191,695.0,1.1468725026061022,670
177092143,source,Australian Journal of Management,0312-8962,B,,192.0,0.4862940468376617,1566,,,0.4586486684236308,1448.0,,,,,0.5432131491980386,2013
90183372,institution,Université de Lorraine,,,FR,114.0304541657173,0.4859667948437309,1567,0.3546481256225769,1272.0,0.6904205583617455,1056.0,0.16191543153300664,1420.0,,,0.6466424133961914,1767
189109744,institution,Indian Institute of Technology Dhanbad,,,IN,78.92023809523809,0.48586634480309476,1568,0.3822417194242841,1219.0,0.5701241398963117,1253.0,0.3363007806465532,1013.0,5.91063119797874,7.0,1.1916525638915076,616
62110574,source,Review of Quantitative Finance and Accounting,0924-865X,A,,486.0,0.4855172554218266,1569,,,,,0.320009600735355,1056.0,,,0.39719645259928277,2295
5486590,source,International Economics and Economic Policy,1612-4804,E,,126.0,0.48535896117785465,1570,0.4739514877655717,989.0,,,,,,,0.5231572261304747,2068
162030827,institution,Thapar Institute of Engineering & Technology,,,IN,76.46944444444443,0.4852054491307552,1571,0.47680002621622986,978.0,0.5501920628045447,1287.0,0.21786153002098865,1300.0,,,1.122310880951976,704
4210156205,institution,Indian Institute of Management Visakhapatnam,,,IN,58.35833333333335,0.48519282130892466,1572,0.03763285344715296,1937.0,0.6882665397736866,1060.0,0.1125883416576783,1530.0,,,0.9535173254321098,1000
141596103,institution,University of Lisbon,,,PT,442.75848444641014,0.4850164454475901,1573,0.446980312627603,1056.0,0.5537636318684871,1277.0,0.33918927147583966,1006.0,1.254110678394356,404.0,0.7572010018115791,1471
34941771,source,Venture Capital,1369-1066,B,,104.0,0.484746839918944,1574,,,0.4673135897842061,1431.0,,,,,0.3960862517469941,2298
165339363,institution,Universidad de Oviedo,,,ES,200.24267900142513,0.4842870754708093,1575,0.3835057866756449,1217.0,0.7011871896744658,1040.0,0.7683034738014809,455.0,0.22483670975963826,1110.0,0.8744022585022478,1175
160156518,source,International Journal of Fashion Design Technology and Education,1754-3266,X,,205.0,0.4842283171587859,1576,,,,,,,1.1378601830799877,455.0,0.5816586416388901,1928
102624508,source,The Learning Organization,0969-6474,B,,194.0,0.48407131532331577,1577,,,0.5265168669396164,1330.0,,,,,0.713614538102312,1586
149672521,institution,Federation University,,,AU,49.18730158730159,0.48388366930067156,1578,0.4180909301895603,1124.0,0.44987632171846126,1468.0,0.46143096151702,770.0,,,0.6432149033942263,1775
94083415,source,Journal of Behavioral Finance,1542-7560,A,,151.0,0.4834379500642273,1579,,,,,0.2773548089012077,1146.0,,,0.42344991164295204,2250
180723199,source,Agribusiness,0742-4477,E,,330.0,0.48280707085487723,1580,0.4352755251527048,1083.0,,,,,,,0.5217967999647544,2071
267729,source,International Transactions in Operational Research,0969-6016,B,,656.0,0.48199156417638644,1581,,,0.5432545497712821,1300.0,,,,,0.5619741335241301,1980
165789823,source,Journal of Consumer Marketing,0736-3761,B,,288.0,0.48186757525226603,1582,,,0.5570203318116431,1270.0,,,,,0.6404489211342165,1781
200838492,source,Manchester School,1463-6786,E,,155.0,0.48150321762964204,1583,0.6117246033618386,773.0,,,,,,,0.33795507963893484,2385
158842170,institution,Chongqing University,,,CN,399.191212953713,0.4814505113773018,1584,0.5017101095644392,940.0,0.5888641202223589,1213.0,0.33086702530473266,1027.0,2.634687846155567,102.0,0.8923088635771218,1134
4210191457,source,Innovation and Development,2157-930X,X,,117.0,0.4811339480899843,1585,,,,,,,1.0290857192371103,510.0,0.4418234261594679,2227
201459984,institution,Guangdong University Of Finances and Economics,,,CN,78.36369047619048,0.4811050343091625,1586,0.47835793758042766,974.0,0.6009352765915096,1193.0,0.24104545439427122,1233.0,,,0.8286274083384556,1289
147962203,institution,Democritus University of Thrace,,,GR,79.87063492063493,0.48031897286908415,1587,0.39889961236056964,1175.0,0.6095807451948987,1177.0,0.5497572945159434,649.0,0.38893239691404696,946.0,1.3863724194458131,398
197681013,institution,Université Paris-Est Créteil,,,FR,32.03880425130425,0.4802071707417902,1588,0.46486129021292,1012.0,0.6654829450033442,1100.0,0.25682909382786023,1191.0,0.05514232158526639,1258.0,0.5840585952132559,1920
2737431740,source,Econometrics,2225-1146,E,,152.0,0.48015889140579127,1589,0.49369140782399457,955.0,,,,,,,0.3379835233059104,2384
1629065,institution,Central Michigan University,,,US,71.117292753975,0.47998935822180433,1590,0.4373697439171626,1078.0,0.6035072403890435,1188.0,0.41028224704147503,866.0,0.520603892281933,823.0,0.6838057876800275,1671
96733725,institution,Shanghai Maritime University,,,CN,98.4970238095238,0.47984712243603106,1591,0.4511010206876326,1051.0,0.6318976864776157,1135.0,0.12910849309843508,1493.0,3.3357229259246917,52.0,0.8826314650858585,1154
2799289540,institution,Indian Institute of Management Kashipur,,,IN,133.9666666666667,0.4788152366138128,1592,0.025838690048608195,1956.0,0.6627440884581663,1103.0,0.3581437774386101,970.0,0.614084306010681,751.0,0.881297803825346,1158
174878644,institution,University of Patras,,,GR,140.03730158730158,0.47871977613047195,1593,0.6222538532006344,759.0,0.3877091315675326,1576.0,0.4605987149990033,772.0,0.37233188848555326,963.0,0.6829094291990239,1674
18727733,source,IMA Journal of Management Mathematics,1471-678X,X,,132.0,0.47867987331066164,1594,,,,,,,1.3007066105123817,388.0,0.49184104173721804,2138
43566213,institution,National Taipei University of Business,,,TW,66.94722222222222,0.4783312854924229,1595,0.2503874213924122,1532.0,0.7072170179047791,1030.0,0.1537730650158103,1440.0,0.4234075428235419,906.0,0.8873554775303086,1146
192703390,institution,Ming Chuan University,,,TW,89.31408730158729,0.47809055019348784,1596,0.38351575161583024,1216.0,0.7075091134577042,1029.0,0.14886514890018376,1455.0,,,0.7898275731424613,1380
194450716,institution,Jilin University,,,CN,185.91914936914938,0.47808451527217993,1597,0.4466170679110729,1057.0,0.7871389447308286,910.0,0.24914001075587353,1219.0,0.31564568700867746,1023.0,0.8337339626802882,1275
108103353,institution,Universidad de Valladolid,,,ES,109.55481310803891,0.4779009365539803,1598,0.45450412791274575,1043.0,0.8194559355757134,869.0,0.2331860250187464,1256.0,0.14157448206457007,1191.0,0.6845826925600607,1669
136040515,institution,Universidad de Deusto,,,ES,119.35149572649571,0.4773252441578122,1599,0.3595921213662757,1257.0,0.588741701822869,1214.0,0.15185918762133882,1448.0,0.825542130465074,609.0,0.864999036455021,1196
44202434,institution,Fundação Getulio Vargas,,,BR,213.6858849579539,0.47699014981442905,1600,0.398679494969202,1176.0,0.6063507505664336,1184.0,0.35306656422699595,986.0,0.2125280145598311,1124.0,0.7115948873574872,1593
157417397,institution,Bowling Green State University,,,US,79.37691197691198,0.4768920882783014,1601,1.0024951342072272,391.0,0.4704429563244601,1426.0,0.3609668498296144,965.0,,,0.6177745576381132,1839
111112146,institution,Tallinn University of Technology,,,EE,107.68273957523958,0.4768246798923238,1602,0.46181122638602223,1021.0,0.7937011131530572,899.0,0.27179067836924253,1166.0,0.13188102473101143,1203.0,0.7148001394113571,1584
185808892,institution,Polytechnic Institute of Cávado and Ave,,,PT,44.1260989010989,0.47659165284965854,1603,,,0.695664125613573,1052.0,0.06444928403026154,1616.0,0.6629426737559028,722.0,1.0081050122486772,894
176601375,institution,Khalifa University of Science and Technology,,,AE,74.2565046065046,0.4762502086850557,1604,0.20563702031429706,1622.0,0.6166476405116935,1165.0,0.045678466364345784,1649.0,2.5270036890748777,113.0,1.1855964347129324,624
201384688,institution,National University of Computer and Emerging Sciences,,,PK,57.60119047619048,0.475813493574253,1605,0.8554528622302217,499.0,0.5305893884334534,1321.0,0.18091707399699056,1378.0,0.5318685434867595,812.0,1.1411359472643243,675
137056471,institution,Nanjing University of Finance and Economics,,,CN,428.59775641025635,0.4756364292884136,1606,0.4187196827862951,1123.0,0.5397159760521242,1306.0,0.3665825886388077,949.0,0.49937391346384635,844.0,0.792370930735531,1372
29891158,institution,University of Sharjah,,,AE,225.64662698412698,0.4754443995759815,1607,0.45205656963775376,1048.0,0.575161835047984,1241.0,0.45491651854067144,783.0,0.3986591213286946,935.0,1.0245909131118578,867
138801177,institution,University of Ulster,,,GB,92.50780423280423,0.47510441760039035,1608,0.3365202630150829,1322.0,0.6408016837974859,1127.0,0.3676764713635557,948.0,0.7154259689777323,686.0,0.5406118593288712,2026
142108993,institution,Southwest University,,,CN,87.5470779220779,0.47498851658366015,1609,0.4251685822632559,1107.0,0.9027976712971072,774.0,0.16616050553025044,1413.0,,,0.8244902973414762,1300
1076045,source,Culture and Organization,1475-9551,B,,149.0,0.47439785448726324,1610,,,0.45776714583286865,1453.0,,,,,0.3952497489047238,2302
124633538,institution,University of Seoul,,,KR,72.60595238095237,0.47352595064643266,1611,0.3409030975746035,1307.0,1.1336522712861175,558.0,0.28277660166766916,1133.0,0.8936589455821755,573.0,0.5091939307334117,2099
197145128,source,Journal of Organizational Change Management,0953-4814,B,,283.0,0.47189076136989017,1612,,,0.5200221872626216,1341.0,,,,,0.782460233523458,1398
158451771,source,Journal of Marketing Communications,1352-7266,B,,199.0,0.4714518042427284,1613,,,0.45842829306309685,1449.0,,,,,0.5573494233396397,1986
51077184,institution,Saint Joseph's University,,,US,49.20873015873015,0.4697265936164991,1614,0.6884447498604996,671.0,0.4914239630853469,1391.0,0.27486072247404403,1156.0,0.8445529602340198,597.0,0.6285206392392966,1811
201537933,institution,Tohoku University,,,JP,94.8893217893218,0.4696088542799148,1615,0.5673060622368173,836.0,0.291446243624385,1766.0,0.15783355417158393,1427.0,,,0.417204188585316,2262
105454292,institution,Guru Gobind Singh Indraprastha University,,,IN,117.09801587301584,0.46935652765230657,1616,0.6766787307552862,687.0,0.5859960312941466,1220.0,0.07606600149813783,1600.0,0.5880576569680288,764.0,1.5882359950477651,268
61561007,source,The Journal of Risk Finance,1526-5943,A,,133.0,0.46895012324044966,1617,,,,,0.2693465277797134,1167.0,,,0.5921688482006574,1894
141445968,institution,Ton Duc Thang University,,,VN,85.82500000000002,0.46872754980531545,1618,0.46622411735784813,1009.0,0.6005872696976572,1195.0,0.4341541662810376,825.0,,,1.3713652751477021,416
71999127,institution,Universitat de Barcelona,,,ES,260.50048384155525,0.46865823113339006,1619,0.4670915275806645,1007.0,0.4477161753491356,1471.0,0.5302295715947906,678.0,0.5980182248289054,755.0,0.5893640536939658,1902
206916388,source,Journal of Asset Management,1470-8272,A,,188.0,0.4686368495258419,1620,,,,,0.29105750385901685,1111.0,,,0.5283903506144133,2054
4210131560,institution,Université Mohammed VI Polytechnique,,,MA,31.15770757020757,0.4685038834060836,1621,0.4551257892770051,1041.0,0.32405613451827003,1694.0,0.05229389253712827,1635.0,1.470331029019481,330.0,0.5478834686954643,2003
114193083,source,Chinese Economy,1097-1475,E,,137.0,0.4675779440806279,1622,0.47014461512051087,1001.0,,,,,,,0.5976336699452492,1882
4210169731,source,Journal of Accounting in Emerging Economies,2042-1168,B,,162.0,0.46690796010952085,1623,,,0.5813559962203946,1231.0,,,,,0.779916280565704,1407
157386601,institution,North South University,,,BD,84.45873015873018,0.46604327873718954,1624,0.4459401790535334,1061.0,0.5465438750220014,1292.0,0.2749460612672055,1154.0,0.7713053971937976,640.0,1.001914516732648,912
141901250,source,Strategic Change,1086-1718,B,,224.0,0.4659300965626421,1625,,,0.509307277705003,1363.0,,,,,0.8080768041691192,1337
127536956,source,Journal of International Accounting Research,1542-6297,A,,118.0,0.4657116635056386,1626,,,,,0.39666680911743657,893.0,,,0.3111399109815795,2427
107949126,institution,University of Lethbridge,,,CA,55.37216463647846,0.4655419674389108,1627,0.24742960964364186,1536.0,0.6971950736811829,1050.0,0.2848598210158925,1127.0,0.8004810257819289,618.0,0.513984014481808,2086
172446870,institution,University of Cagliari,,,IT,111.74636752136752,0.4655228678965583,1628,0.5347758549552393,889.0,0.5117735866502725,1358.0,0.22969252075227975,1267.0,0.2925349941724079,1047.0,0.5723816457667805,1950
113957626,source,International Journal of Political Economy,0891-1916,E,,100.0,0.46546502095844267,1629,0.5449845374377883,878.0,,,,,,,0.3553130180278977,2356
148128674,institution,University of Shanghai for Science and Technology,,,CN,81.12936507936507,0.46494591674641583,1630,0.7824014763540327,561.0,0.44210245809085247,1482.0,0.1371836886887854,1476.0,0.3331323948312837,1003.0,1.1405177043349035,677
47844,institution,Al Akhawayn University,,,MA,60.348611111111104,0.464509341153467,1631,0.06125825766249157,1902.0,0.7475385102928492,975.0,0.20924369703672543,1319.0,,,1.365983833940838,423
142444530,institution,University of Trieste,,,IT,44.65744047619048,0.46422870407922995,1632,0.302913463864552,1397.0,0.5239877385451457,1333.0,0.8820565271762364,395.0,,,0.6661899289443917,1718
58438227,source,Journal of Revenue and Pricing Management,1476-6930,A,,184.0,0.4639117365214107,1633,,,,,0.4314101740682041,831.0,,,0.3897574196768612,2310
55990551,institution,University of Wollongong in Dubai,,,AE,50.99206349206349,0.4629787879489792,1634,0.5307804514561275,892.0,0.6243932810549127,1152.0,0.12865457336751607,1495.0,0.2862679849831256,1055.0,1.045904250698502,820
14314212,institution,Osaka University of Economics,,,JP,85.51785714285715,0.4628288836595575,1635,0.40885937609058237,1150.0,0.9857504423449832,693.0,0.16932055646945965,1405.0,,,0.3813348370633541,2321
70935693,source,Japan and the World Economy,0922-1425,E,,97.0,0.46254350056859755,1636,0.4179610219823742,1125.0,,,,,,,0.4305779404922332,2236
152972827,source,International Journal of Lean Six Sigma,2040-4166,B,,221.0,0.46180866395129816,1637,,,0.5327583712549822,1314.0,,,,,0.7850933060536567,1392
4210152127,institution,Conway School of Landscape Design,,,US,31.71587301587301,0.46131767062634077,1638,0.3154492456114504,1366.0,0.45629087695872306,1457.0,0.4754467606869338,747.0,2.9723341198123046,73.0,0.5056264009482467,2106
184693016,institution,China Medical University,,,TW,15.57253968253968,0.46123862695289497,1639,0.3462698810291837,1293.0,0.7432953955564361,983.0,0.24501378457716752,1228.0,4.50269895815351,19.0,1.1485080629640476,669
165881774,source,The B E Journal of Theoretical Economics,1935-1704,E,,108.0,0.4600554737535565,1640,0.47999477188663026,972.0,,,,,,,0.2303809739333522,2513
177639307,institution,University of Dundee,,,GB,104.38629426129425,0.4594683160933969,1641,0.4959627586723523,950.0,0.4580795257951361,1452.0,0.28394781279058107,1130.0,,,0.7489170940952479,1498
185940356,institution,Soochow University,,,TW,84.28015873015873,0.45930517424760525,1642,0.32063941545675595,1359.0,0.6186273484889169,1160.0,0.32528909801162625,1041.0,1.0346540682815277,507.0,0.7695275998465427,1442
78091837,source,Review of World Economics,1610-2878,E,,149.0,0.4592160438673121,1643,0.44484338186319594,1062.0,,,,,,,0.4199010300657945,2255
52158045,institution,China Agricultural University,,,CN,162.96123214748215,0.45901714147486505,1644,0.45905869152406814,1028.0,0.7394885874222406,987.0,0.6415360369549613,554.0,,,0.6904342004123013,1650
56007636,institution,Keele University,,,GB,41.920623249299716,0.4584265425558447,1645,0.6726518609993701,695.0,0.515364919096639,1349.0,0.08995192308148103,1582.0,,,1.0600857811681883,796
121243025,institution,"International Islamic University, Islamabad",,,PK,87.4452380952381,0.4581507491095113,1646,0.40190506030710677,1166.0,0.569582345882747,1256.0,0.21410029807628658,1305.0,,,0.9776634564267889,952
28615091,institution,Kyonggi University,,,KR,46.24491341991343,0.4573927020853197,1647,0.3385366530365822,1313.0,0.579788219825158,1234.0,0.2289794629432358,1270.0,,,0.8568556263613157,1219
192756129,institution,University of Macedonia,,,GR,215.76166666666668,0.4572339269294654,1648,0.42598619873870963,1104.0,0.5571389062559635,1269.0,0.149237511443546,1454.0,,,0.8236997575042345,1302
4210106663,institution,International University of Rabat,,,MA,81.28406593406594,0.4569837398985556,1649,0.2303532317809706,1568.0,0.4962590105832964,1384.0,0.44214150179594913,810.0,,,0.7960666520325801,1363
21370196,institution,Aristotle University of Thessaloniki,,,GR,87.8962756082254,0.45666998716591456,1650,0.433320544733212,1087.0,0.5087774302474395,1365.0,0.1337817068560582,1480.0,0.902026221066142,568.0,0.6832090227665487,1673
59225215,institution,Bahria University,,,PK,71.18174603174603,0.4562627242304918,1651,0.29144361019125337,1426.0,0.665677123700435,1099.0,0.09270523818134774,1578.0,0.018738549182522827,1292.0,1.195744251590211,613
153230381,institution,Charles Sturt University,,,AU,47.06666666666668,0.4558846937541045,1652,0.5471563107095306,874.0,0.49127076184109375,1392.0,0.4048863042893704,877.0,,,0.7669094722427109,1452
136745531,source,Macroeconomic Dynamics,1365-1005,E,,247.0,0.45571276233405655,1653,0.40046495972172585,1169.0,,,,,,,0.29075521581280045,2447
91720666,institution,ESSCA School of Management,,,FR,152.87023809523808,0.455496940275173,1654,0.3238622609631915,1345.0,0.5925126604819619,1211.0,0.32006204811362665,1055.0,0.6614557066362494,723.0,0.7253813258310372,1557
188771183,institution,Iqra University,,,PK,127.95873015873018,0.4552521251589071,1655,0.6625957116675842,711.0,0.5278486827031648,1325.0,0.2620674473534826,1179.0,0.7288181530137867,675.0,1.5395738753350292,295
4210226649,source,Competitiveness Review An International Business Journal incorporating Journal of Global Competitiveness,1059-5422,B,,222.0,0.455094662211723,1656,,,0.5051426941064879,1371.0,,,,,0.842422641494799,1251
154864474,institution,National Taiwan University of Science and Technology,,,TW,92.24305555555556,0.4547336150780471,1657,,,0.6000527323851971,1197.0,0.22614373786949588,1281.0,0.48389433465547654,857.0,0.8267312616682146,1292
119635470,institution,Universidad de Las Palmas de Gran Canaria,,,ES,113.6086691086691,0.45465491532381835,1658,0.2752887513960363,1464.0,0.6900740140267627,1057.0,0.12889395099345627,1494.0,0.2922238235835085,1049.0,0.9553457144330387,994
173901576,source,The Journal of Derivatives,1074-1240,E,,89.0,0.4545360507930223,1659,0.2998046722958603,1407.0,,,,,,,0.26582063925111,2479
170172562,institution,Guizhou University of Finance and Economics,,,CN,73.08571428571427,0.4542504384218517,1660,0.6967319836612144,663.0,0.4512517891891677,1464.0,0.27361844005496283,1162.0,,,0.9330807403861322,1045
121748325,institution,Universidad Complutense de Madrid,,,ES,345.17458236208233,0.45400837736428246,1661,0.2865412670907775,1435.0,0.7185496958509584,1014.0,0.29568686863771243,1103.0,0.5646486179262283,792.0,0.7210033492901409,1568
21945476,institution,Shanghai Normal University,,,CN,92.98531746031746,0.4537406315645025,1662,0.21880143739876318,1596.0,0.8330226525563509,853.0,0.3661510578052775,953.0,1.4879635616051572,322.0,0.6778834963654131,1684
4210188437,source,Supply Chain Forum an International Journal,1624-6039,B,,156.0,0.45367309668684314,1663,,,0.5235870137882745,1334.0,,,,,0.6952767107612032,1630
132357854,institution,Indian Institute of Management Kozhikode,,,IN,168.9780525030525,0.45355177959028564,1664,0.26778583915802556,1479.0,0.5872291903795296,1217.0,0.10590552303958878,1543.0,0.2079628560941329,1127.0,0.6938684008224321,1635
4210229067,source,Business and Human Rights Journal,2057-0198,B,,105.0,0.4529997491845496,1665,,,0.4441178117473678,1475.0,,,,,0.3160241233512359,2415
8991828,institution,Pukyong National University,,,KR,46.161111111111104,0.4528342959822145,1666,0.46155516631864796,1022.0,0.4636474642634279,1435.0,0.4416099567356773,813.0,1.7139573726661812,253.0,0.6305430312338579,1805
4210099437,institution,Hubei University Of Economics,,,CN,62.574603174603176,0.45269307548558807,1667,0.6284269700838658,749.0,0.5981999674414871,1202.0,0.21027934855654312,1317.0,,,0.8349609359711236,1271
48825208,institution,Université Paris 8,,,FR,53.05952380952381,0.4519892759481594,1668,0.45412571205238844,1045.0,0.4759598478615415,1417.0,0.5478757378860319,654.0,,,0.35662630171098497,2354
4210231290,source,Financial markets and portfolio management,1934-4554,A,,94.0,0.4517763576681072,1669,,,,,0.3307104207521404,1028.0,,,0.5427731789191356,2015
68288478,institution,Sukkur IBA University,,,PK,90.31468253968252,0.44993852364525194,1670,0.5548478286709886,863.0,0.5617927369161426,1263.0,0.4845820001958251,726.0,,,0.9734624944780386,962
80180929,institution,Universidad de Murcia,,,ES,206.04632166079534,0.4494281295380088,1671,0.3082360557757062,1380.0,0.7340878796827689,994.0,0.27533904688929745,1153.0,0.7134401314755754,689.0,0.9397099162559912,1026
187709482,source,Electronic Commerce Research and Applications,1567-4223,B,,411.0,0.44787268292543436,1672,,,0.49967129436968044,1381.0,,,,,1.0139178187040636,880
185163786,institution,King Abdulaziz University,,,SA,211.93027152585975,0.44744184193782643,1673,0.5245525218317905,900.0,0.5155372838874568,1348.0,0.46510493904411965,762.0,0.15866025336181305,1173.0,1.052777746417168,809
4210205650,source,The International Review of Retail Distribution and Consumer Research,0959-3969,B,,129.0,0.44700037144319754,1674,,,0.49155511841236327,1390.0,,,,,0.5341099305561646,2037
88830068,institution,Shaanxi Normal University,,,CN,66.00925925925927,0.4465441194309239,1675,0.2729424687759436,1469.0,0.7906315558781234,904.0,0.2200156818065902,1297.0,5.644252138883581,9.0,0.7622323164963528,1459
158867519,institution,International Management Institute,,,IN,239.87361111111105,0.4459103610037915,1676,0.2432956102421237,1547.0,0.5783445693744641,1236.0,0.25249162011371296,1203.0,1.3218985932163168,379.0,0.910199580236981,1096
942037226,source,Business History,0007-6791,B,,383.0,0.44583855934921834,1677,,,0.38511616918858044,1580.0,,,,,0.29130509534947824,2446
4210214005,source,Latin American Journal of Central Banking,2666-1438,E,,72.0,0.44564417253688,1678,0.4561288056855436,1037.0,,,,,,,0.3797732568346356,2324
106778892,institution,Princess Nourah bint Abdulrahman University,,,SA,50.44484126984126,0.44553188034419994,1679,0.19222273958261554,1659.0,0.5798640142727466,1233.0,0.15547176247703104,1432.0,,,1.0317425511400113,850
2764465404,source,Entrepreneurship Research Journal,2157-5665,B,,157.0,0.44467801825188097,1680,,,0.5222144902608452,1336.0,,,,,0.4252152587877597,2245
35246616,source,International Review of Finance,1369-412X,A,,162.0,0.4446698608589075,1681,,,,,0.2911161723502511,1110.0,,,0.3752675922954216,2331
145581781,institution,Chongqing Technology and Business University,,,CN,121.2256349206349,0.44342615759700843,1682,0.3518399709624015,1278.0,0.7889909938926173,906.0,0.18442760145567236,1370.0,2.122028986469927,171.0,0.8250163785619685,1298
4210169982,source,Eurasian economic review :,2147-429X,E,,123.0,0.44342086087823707,1683,0.4046851210816066,1160.0,,,,,,,0.6426721857995392,1776
26598852,source,Economia Politica,1120-2890,E,,158.0,0.4433636441883487,1684,0.48237575607056915,968.0,,,,,,,0.4709945377432263,2182
298625061,institution,Swedish University of Agricultural Sciences,,,SE,96.4815063275741,0.4432709461703104,1685,0.43506283544034124,1084.0,0.4423862386803252,1481.0,0.6549732110623431,542.0,,,0.5281019335403023,2056
4394735553,source,Annals of Public and Cooperative Economics,1370-4788,E,,172.0,0.4431971548485736,1686,0.4302514638987377,1096.0,,,,,,,0.4831130726553049,2158
84339108,institution,Sunway University,,,MY,167.45749811035523,0.44279532751527967,1687,0.6699611978703826,700.0,0.5422128208530911,1301.0,0.22176429786218727,1291.0,1.5781531398168174,291.0,1.2277439982702423,568
2764835697,source,Asian Development Review,0116-1105,E,,83.0,0.44269712476158546,1688,0.5248216855607545,899.0,,,,,,,0.37059377856245385,2342
50561683,source,International Review of Applied Economics,0269-2171,E,,210.0,0.44234801970868926,1689,0.4738734541788744,990.0,,,,,,,0.5208357534696739,2076
172828483,institution,University of Sri Jayewardenepura,,,LK,56.18811327561327,0.44229640139641585,1690,0.9531451468138172,431.0,0.45884537357052013,1447.0,0.45224710771695287,787.0,0.7988873999529088,619.0,0.6900460149181094,1651
919628346,institution,University of the Pacific,,,PE,60.62222222222222,0.4412343682294765,1691,0.2948902392563889,1421.0,0.35618908922662584,1636.0,1.939381524732231,154.0,1.4827252807681124,327.0,0.6124847482943495,1848
4210111616,institution,Wuhan Business University,,,CN,24.6255291005291,0.44014320033347687,1692,0.48006905873732,971.0,0.6992929033517226,1046.0,0.2243566135614081,1285.0,,,1.0629898114750553,790
172297888,source,The Review of Austrian Economics,0889-3047,E,,128.0,0.4396406504046,1693,0.34545941833208665,1296.0,,,,,,,0.2563851415062526,2489
105799767,source,European Journal of the History of Economic Thought,0967-2567,E,,213.0,0.43894676607035155,1694,0.4155817987508752,1139.0,,,,,,,0.22915262390420907,2514
186272606,institution,Guangdong University of Foreign Studies,,,CN,238.78750000000002,0.43877208819306,1695,0.46183362746470463,1020.0,0.5622039527520566,1262.0,0.2289175508554962,1271.0,0.18888509821219143,1146.0,0.7143499974181852,1585
53592917,institution,Jiangxi Normal University,,,CN,55.25806878306877,0.43794940526487436,1696,0.8539826946816758,502.0,0.27839087528793316,1792.0,0.13999183224556636,1473.0,0.206146844115074,1129.0,0.7470639125548972,1505
20942203,institution,Hainan University,,,CN,151.08488128157245,0.4379134904181928,1697,0.4219464699840717,1114.0,0.5115491707929981,1359.0,0.32499466713983705,1043.0,2.1861622902821773,160.0,0.8225942642769839,1303
110026055,institution,Iscte – Instituto Universitário de Lisboa,,,PT,331.8811525974026,0.43789122301711936,1698,0.35576180282087594,1268.0,0.5200390183015227,1340.0,0.1928905562599013,1358.0,1.1634279005743973,448.0,0.7848253234514248,1394
149486094,source,Australian Economic Review,0004-9018,E,,127.0,0.4370131716491146,1699,0.4440854809221384,1065.0,,,,,,,0.31727243881626865,2412
49396926,source,Thunderbird International Business Review,1096-4762,B,,223.0,0.43690885166168525,1700,,,0.5245527244926206,1332.0,,,,,0.5387829948077902,2030
82593474,source,Asian Business & Management,1472-4782,B,,159.0,0.43657909658984423,1701,,,0.5310030365841639,1320.0,,,,,0.5803189314314485,1935
206651237,institution,East Texas A&M University,,,US,72.02619047619048,0.436417570482634,1702,0.39029251123235836,1198.0,0.593885672826937,1206.0,0.1750361107144669,1395.0,,,0.5759665790791169,1941
25112270,institution,Universidade Federal de Pernambuco,,,BR,139.8909090909091,0.4361718539301056,1703,0.7540091522849303,601.0,0.4023130126373525,1545.0,0.10206273130625222,1560.0,0.266057558040446,1074.0,0.5004787847428968,2120
161977297,source,Journal of Accounting & Organizational Change,1832-5912,B,,179.0,0.43599933965651355,1704,,,0.4581800533133644,1450.0,,,,,0.7018071426485702,1615
62905163,source,Operations Management Research,1936-9735,B,,317.0,0.43562697369409104,1705,,,0.5092073187565813,1364.0,,,,,0.8162566007358363,1318
56308077,institution,Indian Institute of Management Rohtak,,,IN,119.18452380952381,0.4355903648368406,1706,0.23236157793025006,1567.0,0.5997294490661079,1200.0,0.06077817838179851,1620.0,0.4780694512647489,860.0,0.8344670071429041,1272
35075559,source,Review of Behavioral Finance,1940-5979,A,,158.0,0.4354069733696031,1707,,,,,0.19799155843771768,1347.0,,,0.5974993125585868,1883
164923136,source,Environment and Development Economics,1355-770X,E,,120.0,0.4351896298926584,1708,0.4540451223066921,1046.0,,,,,,,0.38575196640142895,2314
4210181832,source,Total Quality Management & Business Excellence,1478-3363,B,,269.0,0.4350533686273611,1709,,,0.48899013931208507,1394.0,,,,,0.7007867913307476,1618
111398093,institution,Kozminski University,,,PL,151.2300467076783,0.43485785396333027,1710,0.22920699370079028,1574.0,0.6388250746869122,1129.0,0.2524404385643539,1205.0,0.38858897643262647,947.0,0.6684709394506613,1711
49934816,institution,Hunan University of Technology,,,CN,54.45425685425685,0.4347392102753495,1711,0.40681761116466764,1156.0,0.699386520735552,1045.0,0.16179650444597243,1421.0,0.3672614701727048,968.0,0.6940130404759455,1634
121026525,source,Journal of Evolutionary Economics,0936-9937,E,,206.0,0.4344419863569319,1712,0.35712031593437377,1265.0,,,,,,,0.3947261072418283,2303
4210214382,source,Erasmus Journal for Philosophy and Economics,1876-9098,E,,148.0,0.43437827796727735,1713,0.49431560173461053,952.0,,,,,,,0.1731481541447109,2567
69050122,institution,Near East University,,,CY,54.9046485260771,0.43415327363930867,1714,0.23368601343621972,1564.0,0.6870893145799091,1061.0,0.12809044298897734,1500.0,,,1.184793645024017,627
196699116,institution,Wuhan University of Technology,,,CN,131.8996087246087,0.43372234391620057,1715,0.5663496484646648,838.0,0.6025096982967085,1189.0,0.15293866455738558,1444.0,0.44788383164441703,884.0,0.7510752522022778,1493
201928713,source,Review of Radical Political Economics,0486-6134,X,,144.0,0.4337152961196066,1716,,,,,,,0.4734664406994826,864.0,0.30516924336684065,2436
191031105,source,Asia Pacific Journal of Marketing and Logistics,1355-5855,B,,572.0,0.4336562690596972,1717,,,0.520059363226908,1339.0,,,,,0.7842561708158303,1395
166264140,source,Emerging Markets Finance and Trade,1540-496X,A,,915.0,0.43351598789792967,1718,,,,,0.2521971566798006,1206.0,,,0.7055074228732192,1603
58276920,source,Journal of European real estate research,1753-9269,A,,99.0,0.43329593206484573,1719,,,,,0.3869393943440315,908.0,,,0.41827185743285294,2258
145722265,institution,University of Thessaly,,,GR,146.37619047619046,0.4325885016554957,1720,0.4464216635057586,1060.0,0.5575086787815716,1267.0,0.26578099383665904,1171.0,,,0.8361669037099395,1266
3129629310,institution,Ho Chi Minh University of Banking,,,VN,145.99166666666667,0.43255402849761154,1721,0.6082393737723727,776.0,0.1718059120044691,1943.0,0.46229806457203965,768.0,0.7063943610234927,694.0,0.9888201627521478,934
74917840,source,The Journal of Financial Research,0270-2592,A,,207.0,0.4322179074279947,1722,,,,,0.30535671046484725,1080.0,,,0.32685489008659135,2398
16365422,institution,Hefei University of Technology,,,CN,259.04749278499276,0.43204722448891364,1723,0.25206449854323904,1526.0,0.5867557970499204,1219.0,0.20290726641647805,1333.0,1.4529685319388004,339.0,0.7611760843590498,1463
4210198543,source,Journal of Agribusiness in Developing and Emerging Economies,2044-0839,X,,228.0,0.4312643753054308,1724,,,,,,,1.3181798147661699,381.0,0.5488765374493337,2002
40963666,institution,Central China Normal University,,,CN,76.19146825396822,0.431184805567623,1725,0.391252643461934,1195.0,0.6311013882548725,1139.0,0.1549877983406973,1434.0,1.2614055100228332,401.0,0.7287730010649065,1549
188329596,institution,University of Canberra,,,AU,106.89071435100846,0.43071853193577037,1726,0.38553664585002984,1210.0,0.5045402678966312,1373.0,0.28057440348047563,1139.0,1.0624133963865439,495.0,0.557231130486408,1987
20489460,source,Benchmarking An International Journal,1463-5771,B,,647.0,0.4305433822198634,1727,,,0.518620528301783,1344.0,,,,,0.9356932564002267,1034
83145862,source,History of Political Economy,0018-2702,E,,167.0,0.43051422671406014,1728,0.4327660320837411,1089.0,,,,,,,0.18896439316600858,2554
173899330,institution,Henan University,,,CN,130.37335164835164,0.430330956465047,1729,0.2589427194190372,1506.0,0.8492469540781264,830.0,0.20186347990118994,1338.0,0.6398981457825907,737.0,0.8627657395343934,1204
155381812,institution,University of Trás-os-Montes and Alto Douro,,,PT,65.42902236652236,0.43014413688081327,1730,0.16227153546129214,1727.0,0.6428879587536723,1125.0,0.4496015634832158,795.0,1.5491446185229174,304.0,1.097920665974945,732
76903346,institution,University of Coimbra,,,PT,213.20705241396033,0.4282345897519191,1731,0.27201942478999147,1471.0,0.5691274434429696,1259.0,0.43246878536114924,828.0,0.6441626503625287,735.0,0.8138100107727348,1323
119050109,institution,Ahlia University,,,BH,64.49071428571428,0.42743058302363574,1732,0.13864233801336925,1774.0,0.6022039814722452,1191.0,0.13352459029498187,1484.0,1.3164221528098552,383.0,1.240886703283232,553
6469544,institution,City University of Macau,,,MO,132.5565170940171,0.42680425771221475,1733,0.24662635029460894,1539.0,0.6529525798208069,1112.0,0.24011525544210496,1238.0,0.04422170618607783,1270.0,0.9581680111809288,988
2765032997,source,Indian Economic Review,0019-4670,E,,108.0,0.42660795997563633,1734,0.4228125839756998,1113.0,,,,,,,0.40988675745856795,2276
86467917,institution,James Cook University,,,AU,58.24981684981685,0.42626423533066177,1735,0.27903444858844967,1448.0,0.7841589594609659,918.0,0.08582603702579494,1585.0,3.402008692464726,50.0,0.8953257994301911,1122
3125347698,institution,Babeș-Bolyai University,,,RO,192.23550194931772,0.4246723647714032,1736,0.4169041886246058,1133.0,0.6258362120199754,1149.0,0.1329031562490148,1486.0,,,1.108265259844205,717
4387154394,institution,National Kaohsiung University of Science and Technology,,,,116.24404761904762,0.42396355568577426,1737,0.3155936325269254,1365.0,0.5030587618341101,1377.0,0.3305059266571759,1029.0,1.4586857392350796,336.0,0.804367571216267,1345
206927904,source,Asia Pacific Journal of Human Resources,1038-4111,B,,147.0,0.423524829291652,1738,,,0.502484252971368,1378.0,,,,,0.5842358408129987,1918
332035737,institution,National Institute for Health and Care Excellence,,,GB,55.173635636522626,0.4229633360840874,1739,0.42934438558191257,1099.0,,,,,,,0.45839848339763684,2197
1285402005,institution,World Trade Organization,,,CH,98.57660256410257,0.4220877208897581,1740,0.4777591326185708,976.0,,,,,1.4631478390070456,334.0,0.5244641186893164,2062
4654613,institution,University of Warsaw,,,PL,252.9637167416347,0.42207697086187396,1741,0.3740291577265271,1234.0,0.5610991935011118,1264.0,0.26559821096422254,1172.0,0.2469928842667523,1092.0,0.6583366227114611,1737
4210226436,source,Operations and Supply Chain Management An International Journal,2579-9363,B,,157.0,0.42187546861187836,1742,,,0.4768205631932324,1415.0,,,,,0.617825857264634,1838
33003672,institution,Indian Institute of Management Indore,,,IN,194.23928571428573,0.42144731624313075,1743,0.3645637815951565,1248.0,0.5326755158335281,1317.0,0.1811845374150524,1376.0,0.11450719399325025,1212.0,0.7072206417837542,1600
111599522,institution,Jiangnan University,,,CN,139.96133033633032,0.4209426208607517,1744,0.2734146821746914,1467.0,0.6530246872197172,1111.0,0.32159853041100117,1048.0,0.03389672177497872,1283.0,0.6474768834317377,1764
172901346,institution,St Petersburg University,,,RU,125.38472222222225,0.4209129767542477,1745,0.22350496000522505,1585.0,0.7823135964666087,921.0,0.1470892013385777,1461.0,0.5924726137239849,761.0,0.7370787539132952,1529
127362389,institution,Murray State University,,,US,44.858333333333334,0.42046678583703456,1746,0.007939595384536246,1980.0,0.5340596752352351,1312.0,0.28717200692652295,1121.0,0.07920620405556007,1246.0,0.698620635110989,1621
115592961,institution,Jiangsu University,,,CN,228.00164742664745,0.4201364241722158,1747,0.46255878746754475,1018.0,0.462507675681081,1438.0,0.2744124051817929,1157.0,1.1402517064659379,454.0,1.2130552690989491,594
59475050,institution,Jamia Millia Islamia,,,IN,97.0817821067821,0.41860003133857737,1748,0.20648002076929858,1619.0,0.3654818543206314,1620.0,,,5.545983406907963,11.0,1.408593352383455,384
59483232,institution,Shandong University of Finance and Economics,,,CN,211.8661075036075,0.4185329445128021,1749,0.47951005588981477,973.0,0.5439976672802169,1296.0,0.24916486825632664,1218.0,0.5509757670472523,795.0,0.7588025493721284,1467
200777214,institution,National and Kapodistrian University of Athens,,,GR,175.41538220551382,0.418202274491337,1750,0.3225132244739499,1351.0,0.47711014077317815,1413.0,0.4269082911224466,835.0,0.2058834089789109,1130.0,0.5686072670311719,1958
4210188630,source,Accounting Perspectives,1911-382X,B,,96.0,0.41792657727323707,1751,,,0.31281504969090507,1712.0,,,,,0.4230947730463346,2251
110930757,institution,Management Development Institute,,,IN,247.75263157894736,0.41701346525601857,1752,0.3927842415009223,1191.0,0.5163346390989797,1346.0,0.21235973538971628,1312.0,0.5340554063430285,811.0,0.9336333586296874,1043
180492355,source,Public Finance Review,1091-1421,E,,110.0,0.4169158739153033,1753,0.2594723714765326,1505.0,,,,,,,0.22865143505416488,2515
686019,institution,AGH University of Krakow,,,PL,87.43822751322752,0.4167825343530771,1754,0.603475791464348,780.0,0.38226893320856103,1587.0,1.056080971419564,319.0,0.21878237151536792,1119.0,0.6584988112772939,1734
141576021,institution,Université Le Havre Normandie,,,FR,55.052380952380965,0.41632843358892835,1755,0.49181151089280967,959.0,0.4402633195579788,1486.0,0.25089131593452385,1210.0,,,0.820767217822121,1305
181877577,institution,Shanxi University,,,CN,49.28297258297259,0.41578587545109047,1756,0.4715664926309344,997.0,0.634867451514337,1134.0,0.14584198212879743,1463.0,,,0.5800146207231435,1936
96679780,institution,Chuo University,,,JP,80.6345238095238,0.4157640919821688,1757,0.4634679908273553,1015.0,0.18589499160258066,1925.0,0.5715876072220607,625.0,,,0.4865690820254424,2151
94625822,institution,Northern University of Malaysia,,,MY,436.32596371882084,0.4154112005769237,1758,0.3507884152938422,1280.0,0.43701455102365366,1493.0,0.727958841543806,481.0,0.712421575990509,690.0,1.3431661478829997,448
185523456,institution,University of Southern Queensland,,,AU,130.89265873015876,0.4152539054160363,1759,0.30517919472213584,1393.0,0.5045549899788166,1372.0,0.47414713030455097,750.0,,,0.9683006103489978,968
25399158,institution,Mahidol University,,,TH,136.08945915195915,0.41456348034372004,1760,0.3014276579075712,1402.0,0.4512840949358366,1463.0,0.556228133730086,643.0,,,1.0146803811365925,879
931278978,institution,College of Business Administration,,,LV,70.75535714285714,0.4145066782685488,1761,0.22669267300798995,1581.0,0.5141499691523835,1352.0,0.7354260703524949,475.0,0.4970714647742874,849.0,0.6754666908101481,1688
46472734,source,Young Consumers Insight and Ideas for Responsible Marketers,1747-3616,B,,160.0,0.4141997311854184,1762,,,0.4767654076566762,1416.0,,,,,0.7740155454205994,1426
4210239487,source,Italian Economic Journal,2199-322X,E,,143.0,0.4140705032077463,1763,0.40399612121866335,1163.0,,,,,,,0.3484067095678389,2366
157600745,source,International Journal of Productivity and Performance Management,1741-0401,B,,551.0,0.4137983986950869,1764,,,0.48044044855014656,1407.0,,,,,0.8793730907921365,1162
173759888,institution,Hunan Normal University,,,CN,75.02415223665224,0.4134331158216983,1765,0.4248077420825244,1108.0,0.5400960471070896,1303.0,0.18810418052740932,1364.0,,,0.8607426586319932,1210
100141487,source,Growth and Change,0017-4815,X,,338.0,0.41332402224751336,1766,,,,,,,0.832248936230567,602.0,0.5304848349644481,2048
69458508,source,Journal of Asian Economics,1049-0078,E,,376.0,0.41259588302127337,1767,0.40798154908435574,1152.0,,,,,,,0.6083052071451014,1854
130823665,institution,Ural Federal University,,,RU,124.66349206349206,0.4120832379644083,1768,0.36743592651151114,1244.0,0.8931108083521577,787.0,0.21942833425453692,1298.0,0.3703881200796272,965.0,0.8765695001398887,1170
117222138,institution,Abu Dhabi University,,,AE,208.17132936507934,0.4115032769703677,1769,0.3234406647657696,1348.0,0.4596018943445577,1444.0,0.354230369560669,980.0,0.34075170247825537,997.0,1.1359351918690719,683
4880106,institution,Feng Chia University,,,TW,141.42757936507937,0.41134671670069733,1770,0.4104815613995341,1146.0,0.612231166972607,1173.0,0.25204969126012006,1207.0,,,0.6203786648647882,1833
13669392,source,German Economic Review,1465-6485,E,,69.0,0.4112938926247613,1771,0.4233255836693368,1112.0,,,,,,,0.39653070599376355,2297
61722147,institution,Universidade do Vale do Rio dos Sinos,,,BR,142.92400793650793,0.41025678919012154,1772,0.204414636424016,1624.0,0.5558785616491435,1272.0,,,0.6683770184140981,718.0,0.7321504368241302,1543
2764531464,source,History of Economics Review,1037-0196,E,,99.0,0.41009687730456,1773,0.4392920599606947,1074.0,,,,,,,0.3133219094088957,2422
68817889,source,Social enterprise journal,1750-8533,B,,137.0,0.4099870492515993,1774,,,0.4130744722149566,1528.0,,,,,0.5208506757830601,2075
203364070,source,Bulletin of Indonesian Economic Studies,0007-4918,E,,79.0,0.4099585942241422,1775,0.4961481231804338,949.0,,,,,,,1.5038064073888429,310
41930762,source,Japanese Economic Review,1352-4739,E,,118.0,0.4097536222100858,1776,0.45728721742569634,1032.0,,,,,,,0.3650711027353556,2345
154757721,institution,University of Piraeus,,,GR,167.41170634920633,0.40937298313586873,1777,0.4171843274512895,1132.0,0.43077761639906004,1500.0,0.3117898037746728,1073.0,0.00456101802605124,1299.0,0.5998608911575748,1876
917184967,institution,Bank of China,,,CN,31.93611111111111,0.4092560473418659,1778,0.21381410663760567,1606.0,0.6487995468438641,1117.0,0.22989821081054157,1266.0,,,0.780404590590361,1404
4210134189,institution,Xiamen University Malaysia,,,MY,39.116471437059666,0.40913331655321883,1779,0.5756691451438817,821.0,0.473211629220544,1422.0,0.24053857238966425,1234.0,,,1.2959383409916747,488
4210129200,institution,O. P. Jindal Global University,,,IN,219.29945697577278,0.40902190689625845,1780,0.14526144936756916,1756.0,0.6076359992216362,1181.0,0.07385028247600539,1604.0,0.6480645044188732,731.0,0.7898614204062794,1379
52170813,institution,Ariel University,,,IL,82.97857142857143,0.40896916830657254,1781,0.5893409945298822,797.0,0.48725198752233995,1397.0,0.07439356405001928,1603.0,,,0.5408477546761186,2024
83259278,institution,Manouba University,,,TN,134.33888888888887,0.4072055430434214,1782,0.4199091889387088,1120.0,0.33535714397268496,1674.0,0.3760992122332087,932.0,,,0.7323337297237174,1542
76214153,institution,Lanzhou University,,,CN,131.32542233005944,0.40678158679784243,1783,0.452528662847794,1047.0,0.5875963542765951,1216.0,0.22036773961138084,1296.0,,,0.6971093934504564,1626
143868143,institution,Anhui University,,,CN,99.37658730158729,0.40648155475912034,1784,0.3573866494832987,1264.0,0.5712884934929381,1249.0,0.23495802382818767,1251.0,,,0.7308648877274603,1546
187179583,source,International Journal of Wine Business Research,1751-1062,B,,116.0,0.4055570405691521,1785,,,0.4365907887903725,1494.0,,,,,0.5239101003782544,2064
182083151,institution,Universidad Rey Juan Carlos,,,ES,334.4289432789433,0.40528467223630765,1786,0.2560356875547245,1513.0,0.6358462555106554,1133.0,0.31357441819196497,1070.0,0.1768996801091302,1158.0,0.9759192546881985,956
182000528,institution,Ajman University,,,AE,57.092777777777776,0.405172146428853,1787,0.0630931758802523,1901.0,0.5030662417369808,1376.0,0.3591108343037595,966.0,,,0.8649928849878298,1197
23218617,source,Journal of International Trade & Economic Development,0963-8199,E,,283.0,0.4031697596085536,1788,0.43605040092951003,1081.0,,,,,,,0.4719479827136643,2180
34649780,source,Measuring Business Excellence,1368-3047,B,,118.0,0.40134724360409785,1789,,,0.48743208281164047,1396.0,,,,,0.7722810268856322,1436
2765073605,source,European Journal of Economics and Economic Policies Intervention,2052-7764,E,,143.0,0.4011948110424556,1790,0.4010299675869298,1167.0,,,,,,,0.2631467634206074,2480
28006308,institution,Shandong Normal University,,,CN,55.070670995670994,0.40104854688982233,1791,0.46633747903248257,1008.0,0.4595569103520182,1445.0,0.32781423463991144,1037.0,,,1.2336443892657027,560
139024713,institution,Guangdong University of Technology,,,CN,156.84213564213564,0.4003036516677455,1792,0.3980071359591805,1178.0,0.5214052302067561,1337.0,0.20768652556990497,1324.0,0.790360746603945,626.0,0.594125932822915,1891
29894533,institution,Charles Darwin University,,,AU,57.00793650793651,0.3995197604351792,1793,0.3054790961466302,1391.0,0.3409202931376462,1661.0,0.7361641439424063,473.0,0.708630180705501,692.0,0.8745798164010291,1174
119856527,institution,Cadi Ayyad University,,,MA,56.02662337662338,0.398960712166012,1794,0.35777243592655184,1262.0,0.5722256586819172,1248.0,,,,,1.000957168872102,916
1558358,source,Journal of Business Strategy,0275-6668,B,,176.0,0.3986858083494512,1795,,,0.4738052145456463,1421.0,,,,,0.6374909520751368,1791
124851215,source,Journal of Social Entrepreneurship,1942-0676,B,,183.0,0.39827230425296267,1796,,,0.4556582829744678,1458.0,,,,,0.44277189551363183,2222
52354020,institution,University of Almería,,,ES,137.6266233766234,0.39826368769037573,1797,0.32161544978196344,1357.0,0.6611226146264272,1105.0,0.35460048860316046,979.0,0.32391154888451,1017.0,0.8996815512291877,1115
91661715,source,Kyklos,0023-5962,E,,152.0,0.3978502770416725,1798,0.41300490021082337,1141.0,,,,,,,0.32143386226920395,2404
4210168767,source,Africa Journal of Management,2332-2373,B,,100.0,0.3976146339542283,1799,,,0.45689520461498256,1455.0,,,,,0.37899496885899137,2325
203899302,institution,Universiti Teknologi Petronas,,,MY,68.26660006660006,0.3975267740192746,1800,1.163308420513232,314.0,0.3740866857313085,1602.0,,,0.828489267283553,606.0,1.1746173296165932,639
164338815,source,EuroMed Journal of Business,1450-2194,B,,205.0,0.39747043517518377,1801,,,0.48323103503091186,1405.0,,,,,0.8060047855328341,1341
44854399,institution,University of Southern Mississippi,,,US,54.39857609710551,0.3974409708580519,1802,0.24473445919019282,1544.0,0.44405603923348336,1476.0,0.2391382109209171,1240.0,,,0.5331111673320716,2041
14764538,source,Journal of strategy and management,1755-425X,B,,158.0,0.3969295839210591,1803,,,0.449007112871516,1469.0,,,,,0.6907033823883029,1647
102913810,institution,Universiti Malaysia Pahang Al-Sultan Abdullah,,,MY,75.61111111111111,0.39620277905393153,1804,0.4266190104897519,1103.0,0.36061656319819063,1627.0,0.3324179617351624,1024.0,0.3743740341909099,957.0,1.0549186730389393,805
81020251,institution,Great Lakes Institute of Management,,,IN,54.759523809523806,0.3959718102938191,1805,0.8563791494781667,498.0,0.45423161934027256,1459.0,0.04786070880562732,1642.0,1.039917788706881,504.0,0.9915563257662805,926
2765013869,source,Journal of Family Business Management,2043-6238,B,,246.0,0.3959302044598961,1806,,,0.47494759552695376,1419.0,,,,,0.5092655078791584,2098
251424209,institution,Universitat de Girona,,,ES,75.24531412523405,0.39401690445047005,1807,0.45642197340587604,1035.0,0.4724051646079172,1424.0,,,0.22328587494258842,1112.0,0.6672291087462252,1715
151220816,source,Post-Communist Economies,1463-1377,E,,173.0,0.3933043369196792,1808,0.47539522367837583,985.0,,,,,,,0.4943119830675707,2134
59028903,institution,Ocean University of China,,,CN,120.34883658008657,0.3931876795516343,1809,0.4555344636633953,1038.0,0.3591534716863783,1630.0,0.25948930409512466,1187.0,,,0.8903932372565978,1139
931681460,institution,Universiti Tunku Abdul Rahman,,,MY,114.12994597839138,0.39237672080973884,1810,0.19034040670092975,1662.0,0.4995361867525367,1382.0,0.20305576405074863,1332.0,0.7690746369024068,643.0,0.9263962684680926,1059
149050951,source,Journal of Chinese Economic and Business Studies,1476-5284,E,,113.0,0.3922002134102942,1811,0.43615609608309713,1080.0,,,,,,,0.7895518617398734,1382
48912391,institution,Istanbul Technical University,,,TR,134.77837301587303,0.39210765840480144,1812,0.307641273807611,1383.0,0.38935806964833986,1570.0,0.48212610310694376,732.0,0.3317757058297204,1005.0,0.7034128478387064,1609
2801014300,institution,Florida Gulf Coast University,,,US,63.70172576162783,0.39209171643825613,1813,0.8009083035572057,546.0,0.41536086251714954,1525.0,0.04117218570533006,1658.0,,,0.4102895020510625,2275
33849332,institution,University of Malaya,,,MY,422.41858974358973,0.39170931651774743,1814,0.27609475451290205,1458.0,0.4834659530512705,1404.0,0.38830346672544896,906.0,0.19467606643441435,1136.0,1.0086667780092462,893
37738278,source,Knowledge and Process Management,1092-4604,B,,130.0,0.39169184480686303,1815,,,0.45276286627706774,1461.0,,,,,0.7441449429301187,1511
82767444,institution,Universidad de Málaga,,,ES,208.4797415547416,0.390730464523441,1816,0.29785664517684335,1412.0,0.6423742645137372,1126.0,0.14476053302611325,1465.0,0.13256302604321968,1202.0,0.8819821996005167,1156
8408910,institution,Cardiff Metropolitan University,,,GB,50.44007936507937,0.39067335408382176,1817,0.11933315068408064,1815.0,0.6218917135909503,1156.0,0.15257190187715006,1446.0,0.300215372898717,1039.0,0.6980198513794044,1624
24027795,institution,University of Johannesburg,,,ZA,650.0265787540787,0.39054339516753767,1818,0.35991142428354067,1255.0,0.47315748568380667,1423.0,0.11841647779125379,1519.0,0.8460147359893853,596.0,0.9612767444896698,979
177955009,institution,China University of Political Science and Law,,,CN,56.71190476190477,0.39025890570605265,1819,0.3236982481243168,1346.0,0.5535020744452382,1281.0,0.23193708606641508,1259.0,,,0.4927328028036716,2137
3130814776,institution,University of Okara,,,PK,30.4706043956044,0.3901243581593661,1820,0.19984808538786145,1632.0,0.6267294666136534,1146.0,0.06371923299373412,1618.0,0.3130869601656812,1027.0,0.7700465674926684,1441
4210217951,source,Journal of risk and financial management,1911-8066,E,,2163.0,0.390108693328259,1821,0.37610053641246727,1226.0,,,,,,,0.7892334548858214,1384
126145234,institution,Chaoyang University of Technology,,,TW,104.98146825396826,0.39007673749097715,1822,0.21732685295920853,1601.0,0.5388221940283877,1307.0,0.035550371924779334,1670.0,,,0.7763374273807084,1416
1328775524,institution,Zhejiang Sci-Tech University,,,CN,90.61626984126983,0.3898192656084404,1823,0.07900462856738977,1878.0,0.7927394061049983,901.0,0.09308979182976161,1577.0,2.3032759684513264,142.0,0.5247304598122581,2061
101479585,institution,South China Agricultural University,,,CN,124.27591297591296,0.38944374968318607,1824,0.3896010482317996,1199.0,0.5125748359188698,1355.0,0.3634468717206562,959.0,1.7257608301911553,248.0,0.6562801201808472,1741
2764593300,source,Agricultural and Resource Economics Review,1068-2805,E,,102.0,0.38917643834338195,1825,0.36525931754408814,1247.0,,,,,,,0.2582498903865054,2487
4210226759,source,Quantitative Finance and Economics,2573-0134,E,,125.0,0.38869066687645437,1826,0.360761937494337,1252.0,,,,,,,0.6690099736340778,1706
75390827,institution,Beijing University of Chemical Technology,,,CN,93.01911976911975,0.38803135440294795,1827,0.42151299242182433,1116.0,0.46118512486700813,1441.0,0.19190328741098528,1361.0,2.672620907505616,100.0,0.7380787066102539,1526
114493937,institution,Creighton University,,,US,62.20708351876577,0.3880138139164266,1828,0.2790084232205027,1449.0,0.47575769686129443,1418.0,0.1934096352746843,1357.0,0.8247598807842739,610.0,0.40156459796534677,2287
44455300,source,Journal of Environmental Management,0301-4797,E,,10421.0,0.38786777558294455,1829,0.4177696050012142,1128.0,,,,,,,0.8612770445787613,1209
2764812334,source,Quality Management Journal,1068-6967,B,,63.0,0.38751100913135855,1830,,,0.44547215745326835,1473.0,,,,,0.510811375352085,2092
197610006,institution,University of Lagos,,,NG,79.66930014430014,0.38726716631804187,1831,0.44659969261676724,1058.0,0.20312867391956035,1900.0,0.12435864275489816,1505.0,1.2127674578389867,429.0,0.9654453401674578,970
6289922,institution,Universidade de Vigo,,,ES,159.19602364010257,0.38677206991368324,1832,0.43083289608140246,1094.0,0.45117438595461845,1465.0,0.173673682117393,1396.0,0.33647889861452274,1000.0,0.5044014007703862,2109
135237710,institution,Zhejiang Normal University,,,CN,49.159920634920624,0.38645526475836783,1833,0.2617980559747521,1498.0,0.6048385930909977,1187.0,0.3583188343063583,969.0,0.8196444913888408,612.0,0.666415171066498,1717
154851008,institution,Indian Institute of Technology Roorkee,,,IN,232.10479797979795,0.38629499443118137,1834,0.22776053453746103,1577.0,0.5326099553015292,1318.0,0.09698952911402729,1570.0,0.5295279647591745,815.0,0.7407675640533777,1519
179324530,institution,Jilin University of Finance and Economics,,,CN,117.7279761904762,0.3862387029736283,1835,0.19753259666514372,1638.0,0.49180344079252725,1389.0,0.2850638100371427,1126.0,1.4701629565086676,331.0,0.6904457942873705,1649
119454577,institution,Nanjing Agricultural University,,,CN,142.43924686424688,0.38548218392197053,1836,0.3222784437331297,1353.0,0.26440873768522777,1823.0,0.4212433189278466,845.0,0.8994764584341275,569.0,0.6838119841835727,1670
91807558,institution,National Cheng Kung University,,,TW,183.22329402165852,0.38437771166648066,1837,0.3478065611503912,1289.0,0.47708023280603645,1414.0,0.2791319249789929,1144.0,2.3106653251457727,140.0,0.5732428596693908,1947
23946033,institution,University of Tehran,,,IR,393.64788493670073,0.38415666027366285,1838,0.4091404685245521,1149.0,0.46970043436583847,1428.0,0.33473087120251865,1017.0,0.2727391987576959,1067.0,0.8066945952826221,1338
2764773172,source,International Journal of Engineering Business Management,1847-9790,B,,102.0,0.38325424118418333,1839,,,0.4001494629725212,1551.0,,,,,0.9193550669501435,1068
2913204857,source,Journal of Business Economics,0044-2372,B,,212.0,0.38318179146138776,1840,,,0.3774458719714713,1597.0,,,,,0.4950105168020994,2133
132210109,source,International Journal of Game Theory,0020-7276,E,,162.0,0.38309112394277883,1841,0.4110268919038427,1144.0,,,,,,,0.23616972753504487,2506
2764882396,source,Borsa Istanbul Review,2214-8450,A,,353.0,0.3830239417277672,1842,,,,,0.18040908122287982,1380.0,,,1.0554120847185844,804
181326427,institution,Donghua University,,,CN,116.28985088985088,0.38155286008838624,1843,0.181916126453681,1682.0,0.5557001971682705,1274.0,0.26905579363015447,1168.0,,,0.6063955040220165,1859
48018076,institution,Christ University,,,IN,196.24242424242422,0.38112610220865034,1844,0.5941416486592257,793.0,0.18400068580448253,1929.0,2.764780531364152,107.0,0.07926938666529358,1245.0,0.5289725540921665,2053
118000741,source,The Journal of Investing,1068-0896,A,,102.0,0.3805939268130672,1845,,,,,0.3006958113804231,1089.0,,,0.19950409907841068,2545
46597724,institution,Poznań University of Technology,,,PL,75.37500000000001,0.3802418701384208,1846,,,0.42234758593214844,1513.0,,,,,0.5722642967553311,1951
98232940,source,International Review on Public and Nonprofit Marketing,1865-1984,B,,140.0,0.37982327864183757,1847,,,0.44106583991058784,1484.0,,,,,0.49281273998608083,2136
4210214252,source,Risks,2227-9091,B,,876.0,0.37924577306865254,1848,,,0.32057191771098986,1699.0,,,,,0.5672457318981895,1965
1287339526,institution,Reserve Bank of India,,,IN,69.86868686868686,0.37919742030707587,1849,0.3443326705245529,1299.0,0.3892989872963954,1571.0,1.0394555012656885,326.0,0.8992917303062085,571.0,0.41519796826158406,2264
8696757,institution,Singapore University of Social Sciences,,,SG,65.86626602564102,0.3789351864303536,1850,0.4309506815064276,1093.0,0.4009505830357917,1549.0,0.23427671740782477,1254.0,,,1.0095755778730515,891
37802460,institution,Northwest University,,,CN,73.17825091575092,0.3782985692585937,1851,0.5548564105520728,861.0,0.2434763203861263,1851.0,0.1326971538230163,1487.0,,,0.8925303160600738,1133
56085075,institution,University of Tartu,,,EE,105.97794150294152,0.3782064689740097,1852,0.2793469611001001,1447.0,0.5475380973228061,1290.0,1.1804027874919207,274.0,0.6992763522185579,703.0,0.6485331654834682,1757
39147953,institution,Universidad de Cádiz,,,ES,109.09920634920633,0.37817885024068926,1853,0.3552863558102348,1269.0,0.48578669877079506,1401.0,0.04641564682131621,1646.0,0.6521377897479974,729.0,0.5959827005438223,1887
133770707,source,Empirica,0340-8744,E,,136.0,0.3781012296465772,1854,0.38847855640865453,1206.0,,,,,,,0.4150422677938683,2266
64032852,institution,Pan-Atlantic University,,,NG,59.98932178932179,0.3778971845274501,1855,0.3220515251845037,1354.0,0.5004243298475226,1380.0,0.01713266884115213,1692.0,0.3055364699255249,1036.0,0.8460974309678955,1246
4210138731,institution,ICFAI Foundation for Higher Education,,,IN,50.77698412698413,0.3777903737339399,1856,0.15398727589981095,1742.0,0.38910719708122643,1572.0,0.484443858468543,727.0,0.3028531085590941,1037.0,0.8213903658243211,1304
4210151987,institution,Ministry of Agriculture and Rural Affairs,,,CN,42.2742575942576,0.3774164461878084,1857,0.4099057610075819,1147.0,0.5142008231534304,1351.0,0.1319689079759081,1489.0,,,0.5774517554223384,1939
166533956,institution,Institute of Management Technology,,,IN,315.35217086834734,0.377248461659411,1858,0.17298160732620985,1701.0,0.48815095776454714,1395.0,0.22056123689873228,1294.0,1.2403205833356186,413.0,0.6974034752247539,1625
4210230413,source,Management Research Review,2040-8269,B,,319.0,0.3771000304089585,1859,,,0.43314898443796984,1499.0,,,,,0.7161485076251799,1582
108714496,institution,Tunis University,,,TN,98.60694444444444,0.3764770592212438,1860,0.40759275048457466,1154.0,0.4351867877402158,1497.0,0.2566547798959881,1192.0,,,0.7331732906707746,1536
63341726,institution,Université du Québec à Trois-Rivières,,,CA,56.218968253968264,0.3763150329755514,1861,0.6641724448724476,710.0,0.5073957665606033,1369.0,0.6655749660706043,526.0,0.2561005371021971,1087.0,0.641689554946831,1778
169333911,institution,Gdańsk University of Technology,,,PL,108.42085137085137,0.3748415577890316,1862,0.4835930993008104,966.0,0.26803027219457054,1815.0,0.09375043776503997,1576.0,2.4013961395111636,127.0,0.930485489009195,1051
189268942,institution,Universidad de Alcalá,,,ES,137.2736994000152,0.3742584216540376,1863,0.1554455414688835,1740.0,0.6312975189910522,1138.0,0.023323360691185846,1678.0,0.7217134323992634,680.0,1.0180150974787068,875
177233841,institution,"Vietnam National University, Hanoi",,,VN,138.60497835497833,0.374133493516543,1864,0.2831511978448417,1440.0,0.3007348641998024,1739.0,0.5286937841562067,680.0,0.10327136155746122,1224.0,0.8029384845266911,1349
202899961,institution,Bank Indonesia,,,ID,82.17896825396826,0.37376261305431335,1865,0.5197218892220877,913.0,0.14608390886165462,1974.0,0.17859238342231123,1383.0,,,0.83763558756106,1263
28257850,institution,London South Bank University,,,GB,56.89302054154996,0.3735915743434829,1866,0.11446130534426294,1829.0,0.698981931002861,1048.0,0.14729704544290517,1460.0,0.39065743480270176,942.0,0.5082459834534294,2101
139759216,institution,Beijing University of Posts and Telecommunications,,,CN,63.270634920634926,0.37307630216091664,1867,0.2806199911519302,1445.0,0.37431185007940065,1601.0,0.2507999707180527,1211.0,3.741290114011407,36.0,0.851274628751131,1234
4210188240,source,Journal of Organizational Effectiveness People and Performance,2051-6614,B,,175.0,0.3730486656235454,1868,,,0.4507368110351366,1466.0,,,,,0.5852399456203501,1916
153849593,source,Baltic Journal of Management,1746-5265,B,,173.0,0.3730325940087359,1869,,,0.443337557180818,1478.0,,,,,0.5741282747138056,1944
134085113,institution,King Fahd University of Petroleum and Minerals,,,SA,108.08343776106932,0.3726335190171732,1870,0.2104071758032841,1611.0,0.4190892556239992,1518.0,0.2855329189735495,1124.0,1.3181121489071719,382.0,0.7955501350395332,1366
4210165760,institution,College of Accounting,,,SI,49.36698412698412,0.3718304879131067,1871,,,0.3984297031011437,1555.0,0.9701825233064613,353.0,0.5960616805478471,757.0,0.7189284044202897,1576
4210138501,institution,Chinese Academy of Agricultural Sciences,,,CN,32.61274304399305,0.37121911294871657,1872,0.4517332530164383,1049.0,0.15355269224523824,1960.0,0.05028860349091476,1639.0,,,0.7385283954127311,1524
199127151,source,Qualitative Research in Organizations and Management An International Journal,1746-5648,B,,94.0,0.3711640030281106,1873,,,0.42213714126696433,1515.0,,,,,0.5676683032975848,1962
120238654,institution,Saudi Electronic University,,,SA,67.40811688311689,0.3707127751855268,1874,0.23016096906485545,1572.0,0.48540608813518105,1402.0,0.23595592689600764,1250.0,,,1.250394933151381,540
177909021,institution,Universidade Federal de São Carlos,,,BR,130.7563750862664,0.37038697572068685,1875,0.29615632462425323,1418.0,0.5434095934200923,1297.0,0.5551932587445029,645.0,0.3737990670029224,959.0,0.6937041405627016,1636
27765905,institution,North-West University,,,ZA,308.8898935786436,0.3702719981833586,1876,0.17244145997104415,1704.0,0.5744927559852416,1243.0,0.02156446571455696,1681.0,2.7693269193404406,93.0,0.7748379107600052,1424
2508752,source,Business Process Management Journal,1463-7154,B,,416.0,0.3695067523838437,1877,,,0.43880413934440116,1491.0,,,,,0.7486463212845892,1500
69552723,institution,University of Pretoria,,,ZA,484.8462232212232,0.36882054052126473,1878,0.4561776145238509,1036.0,0.3365186654856601,1670.0,0.3612536488581373,964.0,0.574166717348781,783.0,0.5416940179018971,2021
145487455,institution,Cairo University,,,EG,143.1965984015984,0.3685366002537066,1879,0.47610068426208696,980.0,0.43478910671046367,1498.0,0.23765087564137974,1246.0,,,0.6395576427346923,1783
203746597,source,The Annals of Regional Science,0570-1864,E,,331.0,0.3668259422537966,1880,0.33747881705258775,1319.0,,,,,,,0.37784841836322136,2327
1283613182,institution,Universidade Tecnológica Federal do Paraná,,,BR,68.4688492063492,0.3662910819762209,1881,0.37522540563549617,1230.0,0.4427373325038674,1479.0,,,0.38038607071466624,952.0,0.9485814400757198,1010
196564809,source,The B E Journal of Macroeconomics,1935-1690,E,,93.0,0.3656759582201516,1882,0.3980849983211407,1177.0,,,,,,,0.20228698140612017,2541
149594827,institution,Xidian University,,,CN,54.37738095238094,0.3651301479914386,1883,0.3323267707616894,1333.0,0.5119876933816866,1357.0,0.16881191279966345,1407.0,,,0.6837074472403536,1672
4210144925,institution,Technological University Dublin,,,IE,57.42021825396825,0.36489724485075387,1884,0.3588655201069187,1259.0,0.415415704101912,1524.0,0.10434661883283515,1550.0,,,0.5627159350015247,1976
116345831,source,International Journal of Emerging Markets,1746-8809,B,,793.0,0.3647350740641849,1885,,,0.4176947773498054,1520.0,,,,,0.6081523957357844,1855
96749437,institution,Texas A&M University – Corpus Christi,,,US,81.33176748176749,0.36397053657178335,1886,0.27578523820944684,1461.0,0.46175386014271785,1440.0,0.4453266892291433,802.0,,,0.5895044881660795,1901
92403157,institution,University of Science and Technology Beijing,,,CN,199.64844183594187,0.36366545955505797,1887,0.3560982341245829,1267.0,0.3686337182835623,1611.0,0.32858820221701024,1035.0,,,0.6469508789154348,1766
207176912,source,Journal of Foodservice Business Research,1537-8020,B,,214.0,0.3634384994027588,1888,,,0.4393575511923231,1488.0,,,,,0.5357693668907052,2034
48379061,institution,Shahid Beheshti University,,,IR,89.7154761904762,0.3629607643501757,1889,0.161606462395857,1729.0,0.5536363013131735,1278.0,0.25046523731890596,1212.0,0.21889400272132345,1118.0,0.836014720231793,1267
4210131919,institution,Xi'an University of Technology,,,CN,104.56850649350649,0.36283793873701725,1890,0.39895873611716204,1173.0,0.5076962456886136,1368.0,0.08446708666624161,1587.0,0.5927705599529587,760.0,0.6200691977878546,1834
202264103,source,Journal of Asia Business Studies,1558-7894,B,,219.0,0.36272278363829824,1891,,,0.3887314510632607,1574.0,,,,,0.7487407102790077,1499
178450904,institution,Universidad Nacional de Educación a Distancia,,,ES,88.20885885885886,0.3626790492475655,1892,0.2642686278123877,1491.0,0.5517831598094456,1283.0,0.2514778365664944,1209.0,1.255637926038253,403.0,0.6674905988005304,1714
12615008,institution,Beijing Normal-Hong Kong Baptist University,,,CN,65.66210317460317,0.36154969513055973,1893,0.2504413674271528,1531.0,0.6151342688224055,1167.0,0.1767090876032881,1390.0,1.6535585050256156,267.0,0.5160400475194982,2081
108108428,institution,Thammasat University,,,TH,150.17015873015873,0.36129191568959335,1894,0.22277157975330575,1587.0,0.46488769467920243,1433.0,0.36370078204361306,958.0,0.40796780074773914,919.0,0.8580413531229585,1216
149064342,source,Mathematical Social Sciences,0165-4896,E,,225.0,0.36104498170259053,1895,0.3962330108829034,1183.0,,,,,,,0.22099364671854788,2525
193615760,institution,Dokuz Eylül University,,,TR,90.63600928659753,0.36086910754424795,1896,0.027671253351693806,1954.0,0.6657046026457543,1098.0,0.21220214662824177,1313.0,0.012584379980407819,1297.0,0.7392911344800642,1522
74796645,institution,"Birla Institute of Technology and Science, Pilani",,,IN,176.26468253968255,0.3601639940153078,1897,0.3108565211689488,1376.0,0.4294790654959278,1503.0,0.19808815833722668,1346.0,0.39257528632599314,940.0,0.7617167140978196,1461
142204992,institution,University of Lahore,,,PK,103.19479797979798,0.3600960600256289,1898,0.49240810893451104,958.0,0.36534526750076246,1622.0,0.2791993891709534,1143.0,0.14537918083657222,1184.0,0.8679175190078718,1191
91699865,institution,Indian Institute of Management Lucknow,,,IN,286.46700244200247,0.35963142143644095,1899,0.33113964880990654,1337.0,0.39281753837369693,1565.0,0.2765128349452907,1148.0,0.31025395721550997,1031.0,0.6369082091825025,1793
96580804,institution,Universidad Pontificia Comillas,,,ES,69.84444444444443,0.3582301783209598,1900,0.5020648695529789,938.0,0.4590188264817647,1446.0,0.24012592070995337,1237.0,0.32615539759374107,1014.0,0.6879298448551928,1657
170238339,institution,Duy Tan University,,,VN,39.53939393939393,0.356558286720919,1901,0.589302455245586,798.0,0.31656011107096754,1703.0,,,0.14736647964022687,1181.0,0.8102638300202528,1333
95074589,source,Review of Accounting and Finance,1475-7702,B,,98.0,0.3561966674175437,1902,,,0.30785468388817294,1723.0,,,,,0.41840978899866843,2257
99613584,institution,National Taipei University,,,TW,135.32301587301586,0.3561605117750914,1903,0.1473260323716097,1754.0,0.5994823603124247,1201.0,0.24825387492022546,1222.0,,,0.5692069936040365,1956
4210171430,source,Journal of Enterprising Communities People and Places in the Global Economy,1750-6204,B,,192.0,0.35605857978843414,1904,,,0.41019481664205376,1532.0,,,,,0.7805972950794084,1402
103309803,source,International Journal of Quality and Service Sciences,1756-669X,B,,116.0,0.35577124461658943,1905,,,0.41819986220451094,1519.0,,,,,0.8735494165189658,1176
2737155129,source,Journal of Central Banking Theory and Practice,1800-9581,E,,91.0,0.3557275718898492,1906,0.3890896785260884,1201.0,,,,,,,0.4825317639298223,2162
4210226067,source,Journal of Hospitality and Tourism Insights,2514-9792,B,,361.0,0.35563676776319825,1907,,,0.4039126155223613,1543.0,,,,,0.6582959174846087,1738
4210206027,source,Journal of Education for Business,0883-2323,B,,146.0,0.3546011641497186,1908,,,0.40391704641507564,1542.0,,,,,0.4163160224992063,2263
213512949,institution,T A Pai Management Institute,,,IN,53.799624624624634,0.3544118522087072,1909,0.8759105904855802,486.0,0.3062267482572002,1730.0,0.5571545450258825,642.0,0.04415197721939693,1271.0,0.6958945637445435,1627
45643870,institution,Pontifícia Universidade Católica do Rio Grande do Sul,,,BR,56.73509407259408,0.3541137434740822,1910,0.1936520965267729,1652.0,0.6315349033089356,1137.0,,,0.2420096755146809,1096.0,0.6104346479980308,1852
191420491,institution,Universidad de Jaén,,,ES,106.01739926739927,0.3537085479130907,1911,0.06332778061628348,1899.0,0.6743182851647727,1081.0,0.11127341925011236,1533.0,0.24372662952327864,1094.0,0.7264888928090679,1553
141165859,source,Studies in Economics and Finance,1086-7376,A,,179.0,0.3537030669118477,1912,,,,,0.16557505964899458,1415.0,,,0.5292419667040754,2050
120949314,source,Comparative Economic Studies,0888-7233,E,,106.0,0.3535161722522029,1913,0.34853581184623483,1287.0,,,,,,,0.40000249420302225,2291
37796252,institution,Beijing University of Technology,,,CN,146.51888528138528,0.35329479953992005,1914,0.36414917724377094,1249.0,0.39990942248121175,1552.0,0.3040372461161814,1083.0,1.1570588956269572,450.0,0.7374780770577297,1528
162827531,institution,Indian Institute of Technology Bombay,,,IN,151.31457431457432,0.3527324676184992,1915,0.24508101476446312,1543.0,0.5568499949448119,1271.0,0.09515364375604429,1575.0,0.2770808558257253,1062.0,0.6485832171351139,1756
55766468,source,International Studies of Management and Organization,0020-8825,B,,94.0,0.35252360755898215,1916,,,0.42548566164348317,1508.0,,,,,0.31626244164152484,2413
2764807727,source,The International Journal of Entrepreneurship and Innovation,1465-7503,B,,153.0,0.35188460036388175,1917,,,0.40104963310213426,1548.0,,,,,0.3953945714747215,2301
79989894,source,International Journal of Managerial Finance,1743-9132,A,,184.0,0.35148561822996804,1918,,,,,0.22355030432862136,1286.0,,,0.5102644990142269,2094
26092322,institution,Stellenbosch University,,,ZA,277.29704184704184,0.3514683827730376,1919,0.5867062470159558,800.0,0.29679999852575206,1753.0,0.11831311824530287,1520.0,0.5029310267877978,842.0,0.4174794671170786,2261
1014724869,source,Economic Research-Ekonomska Istraživanja,1331-677X,E,,1069.0,0.3507103528221027,1920,0.33614711298690775,1324.0,,,,,,,0.9590667115639309,985
178331978,institution,Université de Dschang,,,CM,97.35694444444447,0.35057887268509935,1921,0.2972656156430966,1413.0,0.4858753518929919,1400.0,0.04889347817630723,1641.0,2.3065931264614883,141.0,0.7921428489155798,1374
31683504,institution,Beijing Forestry University,,,CN,86.04062950937953,0.3503957743260803,1922,0.34259851078040404,1305.0,0.7295436670845349,1002.0,0.27560445491360525,1152.0,,,0.6483320961775262,1758
4210216222,source,Journal of Entrepreneurship in Emerging Economies,2053-4604,B,,259.0,0.35038535754288525,1923,,,0.40547382255844,1539.0,,,,,0.7553971423673633,1479
24062138,institution,Konkuk University,,,KR,69.76904761904763,0.35005399596494846,1924,0.13534652726665058,1784.0,0.5511791583054789,1284.0,0.24756242348735064,1223.0,1.2887474982890101,395.0,0.7186661354353295,1577
163340411,institution,Hohai University,,,CN,180.02176434676434,0.3498796525291964,1925,0.34754101169072826,1291.0,0.4200809700328922,1517.0,0.23022838342818383,1264.0,1.0708101405261774,492.0,0.6454938576491573,1772
4210172902,source,Journal of Institutional and Theoretical Economics JITE,0932-4569,E,,14.0,0.3498186310062965,1926,0.3242545429723535,1344.0,,,,,,,0.15549586374749247,2584
99789271,source,The Journal of Fixed Income,1059-8596,A,,79.0,0.3490302644470541,1927,,,,,0.24439755878649957,1229.0,,,0.17321321621996724,2566
155589366,source,Business and Society Review,0045-3609,X,,124.0,0.3489434028811957,1928,,,,,,,0.4978193746675323,848.0,0.3459003564693741,2370
4210162014,institution,Indian Institute of Management Ranchi,,,IN,198.4845238095238,0.34892566261366637,1929,0.37524611480234965,1229.0,0.4795448625355417,1409.0,0.0859610179145893,1584.0,0.49045159276275857,852.0,0.7434175741840143,1513
38909374,source,The Journal of Alternative Investments,1520-3255,A,,90.0,0.34868703276332524,1930,,,,,0.28878793083818927,1116.0,,,0.3578303514581117,2352
148099405,institution,Xi'an University of Architecture and Technology,,,CN,71.00092592592593,0.348135996785304,1931,0.3584661965531129,1261.0,0.4740512611535538,1420.0,0.0581618471131316,1624.0,0.40008539280807554,932.0,0.6032018739673097,1869
192619145,institution,University of the Witwatersrand,,,ZA,374.67835497835495,0.3464050125353873,1932,0.28666381493658183,1434.0,0.392164032198952,1568.0,0.2419695000738965,1232.0,0.7300109925767908,674.0,0.649171608519979,1754
60134161,institution,Nagoya University,,,JP,90.48472222222223,0.34618890964415255,1933,0.35248393809598444,1277.0,0.11880537102977579,2011.0,0.2928458543170485,1107.0,0.5766004035370514,781.0,0.584016446467645,1921
24354313,institution,Universidad de Buenos Aires,,,AR,68.41858706913055,0.34612954033947857,1934,0.39522499685585993,1186.0,0.5474396480815689,1291.0,0.06739553940079812,1608.0,0.26981409223639224,1070.0,0.33252393635018096,2393
132806614,institution,University of Dubai,,,AE,67.13275613275613,0.34595675151159566,1935,0.654778969940816,718.0,0.35275107456933646,1645.0,0.3579524831090794,971.0,,,0.8370827155225323,1264
36893310,institution,University of Hyderabad,,,IN,79.64999999999999,0.3454631801004697,1936,0.5543531496700842,865.0,0.2213623108621961,1881.0,0.15323396733305922,1443.0,0.5721373835823723,787.0,0.7514077589052045,1491
170751988,institution,Shanxi University of Finance and Economics,,,CN,56.61666666666666,0.34543552833219554,1937,0.44451039587737523,1063.0,0.5484099167522254,1289.0,0.1825591209753061,1373.0,,,0.6934699185550621,1638
4210222123,source,Journal of Open Innovation Technology Market and Complexity,2199-8531,B,,798.0,0.3447705928950912,1938,,,0.3994270019773572,1554.0,,,,,1.7339682526807751,195
158705510,source,Journal of Economic Studies,0144-3585,E,,418.0,0.34402407838843096,1939,0.3442233661294885,1300.0,,,,,,,0.5338370178796844,2038
8124760,source,Journal of Management & Organization,1833-3672,B,,324.0,0.34401192813894294,1940,,,0.38631261688138774,1578.0,,,,,0.4310457662527339,2235
152031979,institution,Nanjing Normal University,,,CN,113.5734943977591,0.34356438179258963,1941,0.42353374047867925,1111.0,0.41690760955781636,1521.0,0.12061089396716275,1514.0,1.3994754833090317,356.0,0.6711798490771893,1696
137554564,source,Journal of Hospitality Leisure Sport & Tourism Education,1473-8376,B,,153.0,0.34346041544209077,1942,,,0.4118509426661083,1531.0,,,,,1.172061899205807,641
9617848,institution,Universitat Politècnica de Catalunya,,,ES,77.546574701466,0.34328549825980814,1943,0.32989726719212326,1339.0,0.588562037163162,1215.0,0.3229068924571537,1045.0,0.14442408455802144,1186.0,0.688914431985946,1653
189462010,institution,Universiti Brunei Darussalam,,,BN,121.82619047619048,0.34276004759190964,1944,0.36951624863977944,1242.0,0.3570617871215397,1634.0,0.5138092760330816,697.0,0.7408268451484945,667.0,0.9071701162642388,1104
4210155994,institution,Zhengzhou Business University,,,CN,48.28849206349207,0.3422777582800559,1945,0.42566192402245373,1106.0,0.27064876607319,1810.0,0.21290735033451905,1309.0,2.5782815905964123,110.0,0.8046942479280864,1344
301324184,institution,Xavier School of Management,,,IN,148.22500000000002,0.341939171047356,1946,0.11847179148047837,1816.0,0.4504721981811539,1467.0,0.23734478330612044,1248.0,,,0.5575384560370893,1985
156216236,institution,Qassim University,,,SA,81.7786435786436,0.34177004087820556,1947,0.6649539452736992,709.0,0.2907591991123836,1768.0,0.15153124641778248,1450.0,0.008876154875931864,1298.0,0.7571032889964969,1472
2764580720,source,Journal of Global Scholars of Marketing Science,2163-9159,B,,146.0,0.3413323798585183,1948,,,0.4021364226230657,1547.0,,,,,0.4562070077511461,2199
4210177123,source,Journal of Global Operations and Strategic Sourcing,2398-5364,B,,108.0,0.34106140547605296,1949,,,0.3845521443946069,1583.0,,,,,0.9236076309279838,1061
90745801,institution,University of New England,,,AU,84.77182539682539,0.34085027443870436,1950,0.30879452191759693,1377.0,0.5044469579309965,1374.0,0.09769006165829866,1568.0,1.2948566989584578,392.0,0.6584161367599746,1735
167027274,institution,Nanjing Forestry University,,,CN,69.56229437229439,0.3408340496173485,1951,0.3946623093298829,1189.0,0.439356247078774,1489.0,0.09617015245596322,1573.0,,,0.6859835545065578,1664
117460449,source,Asia Pacific Business Review,1360-2381,B,,300.0,0.3405333138884028,1952,,,0.3814594060412065,1589.0,,,,,0.4059091080187204,2280
2764896919,source,Environmental Economics and Policy Studies,1432-847X,E,,137.0,0.3404277624586066,1953,0.3596759494296107,1256.0,,,,,,,0.381537736379752,2319
879563668,institution,Universidade Estadual Paulista (Unesp),,,BR,107.06584478323609,0.34011687542108693,1954,0.21608265016487033,1603.0,0.5293883848240784,1323.0,,,0.29247988796950836,1048.0,0.7369005359224221,1530
135768898,institution,Ritsumeikan University,,,JP,110.13142135642136,0.3394838672847946,1955,0.30330918379751104,1396.0,0.2892534091057528,1770.0,0.07961388370399877,1596.0,,,0.6483179051558666,1759
1516879,institution,Tarbiat Modares University,,,IR,105.13963924963925,0.33928778613477373,1956,0.5119343188879659,924.0,0.23273558700963262,1869.0,0.3815535837571992,919.0,0.7158796625750856,685.0,0.6946936659432129,1633
2764820791,source,Journal of Organizational Ethnography,2046-6749,B,,91.0,0.339263953256965,1957,,,0.3270006656913689,1690.0,,,,,0.2592938990744085,2484
65285256,institution,Pontifical Catholic University of Peru,,,PE,153.17777777777775,0.3390283911711172,1958,0.21823730390778476,1598.0,0.3559221623546886,1637.0,0.648719625206857,547.0,0.2471299396893172,1091.0,0.47791484096571024,2169
4210100043,institution,Superior University,,,PK,51.8984126984127,0.33789998294319995,1959,0.3852520141913193,1211.0,0.36847765658304066,1612.0,0.3363338273540404,1012.0,,,1.378220107990317,408
138938424,institution,Università degli Studi della Tuscia,,,IT,55.35338203463204,0.33766906778451455,1960,0.47547075504446584,984.0,0.2552988944078267,1838.0,0.08054076210867618,1593.0,,,0.6024040655481383,1871
145897649,institution,Minzu University of China,,,CN,65.86309523809523,0.3374844170938579,1961,0.24573254191133986,1542.0,0.6134571637467043,1171.0,0.19869968379064007,1342.0,,,0.6740926519879096,1690
2738677470,source,Oeconomia Copernicana,2083-1277,E,,157.0,0.33730022057798,1962,0.3026072878621293,1399.0,,,,,,,1.1870678990552272,622
33096239,institution,National Dong Hwa University,,,TW,53.59166666666666,0.33719620503122694,1963,0.19688038714021944,1639.0,0.527376630969987,1328.0,0.23100440513988182,1260.0,0.4675148125847105,871.0,0.4879622690195822,2149
183898223,institution,International Hellenic University,,,GR,86.85674603174603,0.3371115008085179,1964,0.10732338046701555,1839.0,0.4119249981075399,1530.0,0.36773840241328926,947.0,,,0.7212677005498357,1567
50632499,institution,Chongqing University of Technology,,,CN,45.03115079365079,0.33710495359755965,1965,0.18404193183887166,1675.0,0.4476567445325331,1472.0,0.40013314465921634,888.0,,,0.6825259702617769,1675
151221077,institution,Chung Yuan Christian University,,,TW,69.2095238095238,0.3368051446678824,1966,0.42111318554330307,1119.0,0.4646069982503046,1434.0,0.1532849730277033,1442.0,,,0.750480479368456,1495
86958956,institution,Ferdowsi University of Mashhad,,,IR,139.94362026862026,0.33670012979121466,1967,0.3315808302604711,1336.0,0.4789590052985452,1410.0,0.1751230211583889,1394.0,0.1458408748182909,1182.0,0.8922199469712156,1135
21803372,institution,University of Évora,,,PT,80.20814602064603,0.3363150775115903,1968,0.3888016074889792,1202.0,0.4611774056965951,1442.0,0.09226026893599268,1579.0,0.06846164787020678,1252.0,0.5430190216752158,2014
36721946,institution,Kuwait University,,,KW,78.30357142857143,0.33566752521317267,1969,0.23732420054828685,1557.0,0.43544891622373566,1496.0,0.30418099917943037,1082.0,0.331523585550311,1006.0,0.5052377696878926,2107
111664937,institution,Rzeszów University of Technology,,,PL,48.78055555555556,0.33559981464113214,1970,0.33696028670416434,1320.0,0.21500366051019332,1890.0,,,0.99976065843607,525.0,1.2200126165619216,577
109935558,institution,Ningbo University,,,CN,118.3127886002886,0.3348800786314726,1971,0.26971840429731364,1476.0,0.4692050798289905,1429.0,0.31411249669416225,1069.0,1.2424469220631522,412.0,0.7161147105774087,1583
126596746,institution,Jagiellonian University,,,PL,113.18013375513378,0.33392345117356464,1972,0.2938344745384652,1422.0,0.44246360305298,1480.0,0.047247386808990315,1644.0,0.7739724382680608,637.0,0.6478539681626885,1760
170979836,institution,Jadavpur University,,,IN,70.90396825396826,0.3337521827825537,1973,0.23625815198299457,1560.0,0.6078729201726525,1180.0,0.10254958337420646,1558.0,1.2434651085715474,411.0,0.4573704816394594,2198
17974374,institution,Universidade de São Paulo,,,BR,493.9628788493878,0.333391725978452,1974,0.3894393925628375,1200.0,0.33837322290607147,1668.0,0.37976737990021553,923.0,1.2092784239283743,431.0,0.6126115743443844,1847
116778711,source,Asian Journal of Technology Innovation,1976-1597,B,,137.0,0.3333831516866679,1975,,,0.3250819722438074,1693.0,,,,,0.40091808402382684,2289
66624660,source,Pacific Accounting Review,0114-0582,B,,144.0,0.33321111313761953,1976,,,0.4563931561101702,1456.0,,,,,0.6488585868915714,1755
76569877,institution,Southeast University,,,CN,324.2243833943833,0.3325667949789406,1977,0.31227061452239513,1374.0,0.4379320970853903,1492.0,0.24735295327761897,1225.0,0.8876353520628928,575.0,0.6552448837444056,1742
195024194,institution,Riphah International University,,,PK,52.56174242424243,0.3324333689630947,1978,0.6954589959151155,664.0,0.42974677807029554,1502.0,0.04571782219120852,1648.0,1.2208378434274005,421.0,1.0657936804647166,784
2737328910,source,REVESCO Revista de Estudios Cooperativos,1135-6618,X,,118.0,0.33227793609499684,1979,,,,,,,0.4200845963232344,911.0,0.542711417741266,2018
164507624,source,Asian Review of Accounting,1321-7348,B,,146.0,0.33227447916245245,1980,,,0.4866503075780678,1398.0,,,,,0.48350079437695986,2157
157427695,source,International Journal of Islamic and Middle Eastern Finance and Management,1753-8394,B,,256.0,0.3322222345810663,1981,,,0.4250689144322947,1509.0,,,,,0.7755129501871509,1421
2764541937,source,Journal of Economics and Development,1859-0020,E,,81.0,0.33185896180437835,1982,0.2953488561593436,1419.0,,,,,,,0.9294868348781186,1053
161127581,institution,Universidade Federal Fluminense,,,BR,145.024317986818,0.33152913193587974,1983,0.5552151125044827,859.0,0.3395178375121084,1664.0,0.17991057669223506,1381.0,0.18493254659884723,1151.0,0.5821008926237864,1927
157001289,source,Journal of Nonprofit & Public Sector Marketing,1049-5142,B,,90.0,0.3300266900906665,1984,,,0.4221842457231489,1514.0,,,,,0.3876592822207837,2312
4210206464,source,International journal of organizational analysis,1758-8561,B,,499.0,0.32977402506433307,1985,,,0.36619177209628856,1617.0,,,,,0.7233550829795712,1560
4210139642,institution,The State Bank of Vietnam,,,VN,72.29285714285713,0.3288841932372998,1986,0.49062949519832005,961.0,0.17531287325393888,1938.0,0.17135861353108933,1400.0,,,0.6691387921510138,1705
204649255,source,China Economic Journal,1753-8963,E,,89.0,0.3287636936556009,1987,0.3066763307818835,1386.0,,,,,,,0.7830159501752706,1396
4210218316,source,European Journal of Management and Business Economics,2444-8451,E,,139.0,0.32824674663770464,1988,0.3010962639205233,1403.0,,,,,,,0.667747741054374,1713
158716096,institution,University of Peloponnese,,,GR,90.61230158730157,0.32752543885252045,1989,0.1272882313236921,1804.0,0.5095406000692474,1362.0,0.372604532068966,939.0,0.22950434430880298,1107.0,0.5218721042434294,2070
163245316,institution,Corvinus University of Budapest,,,HU,242.0244545887499,0.3272867370805452,1990,0.30858285343205905,1378.0,0.30715299429108534,1726.0,0.24944938330103425,1216.0,0.7357473050553903,671.0,0.5039465693979901,2111
146918421,source,Social Responsibility Journal,1747-1117,B,,320.0,0.32708591492297173,1991,,,0.372520050680002,1607.0,,,,,0.751549777254542,1490
138925566,institution,Ewha Womans University,,,KR,84.71785714285714,0.3269468880772364,1992,0.398924605812796,1174.0,0.3759224194430649,1598.0,0.17221735026822138,1399.0,1.0508899938639187,498.0,0.5791426203074254,1937
172780181,institution,University of the Punjab,,,PK,111.24065656565656,0.326886769407531,1993,0.21764274942897333,1600.0,0.5188233069720981,1343.0,0.1083864811481686,1536.0,0.4910467190889453,851.0,1.01610847784589,878
157358134,institution,RMIT Vietnam,,,VN,133.32123015873015,0.32665035568417705,1994,0.19456401992469935,1649.0,0.46087402793697885,1443.0,0.098471006837328,1565.0,,,0.7996773767344094,1358
4610292,institution,Xiangtan University,,,CN,63.304166666666674,0.3258264346480572,1995,0.35256537827314344,1276.0,0.4274597795652715,1507.0,0.16154907262075865,1422.0,,,0.836457045518737,1265
138690464,institution,University of Ghana,,,GH,309.29702380952386,0.32555223531026184,1996,0.3438713412750092,1301.0,0.33612816230614606,1671.0,0.1473535366370733,1459.0,1.7693560231787773,237.0,0.6407910642292369,1780
202575966,institution,Central Bank of the Republic of Turkey,,,TR,113.15833333333333,0.3254940038410362,1997,0.2728201741295314,1470.0,0.09715094320528692,2040.0,0.24720518810271966,1226.0,,,0.5148861812872858,2084
5518804,institution,BRAC University,,,BD,43.31051587301587,0.3246822591343042,1998,0.5568330206949371,855.0,0.30457159838804865,1732.0,0.19409841026448715,1356.0,0.08419646617150756,1243.0,0.8647262638965985,1199
146620803,institution,Wenzhou University,,,CN,48.276587301587305,0.3246766401449391,1999,0.3124782752225406,1373.0,0.4526008465643095,1462.0,0.1535886674719885,1441.0,,,0.6065637072707145,1858
38196630,source,Asia-Pacific Journal of Business Administration,1757-4323,B,,163.0,0.32464369075263416,2000,,,0.3531240260209789,1644.0,,,,,0.8386488174402378,1260
135706173,source,Journal of Leadership Studies,1935-2611,B,,126.0,0.32454133253614625,2001,,,0.3847181098107124,1582.0,,,,,0.25529630184519086,2490
130164084,source,Journal of financial reporting & accounting,1985-2517,B,,352.0,0.3240046946617718,2002,,,0.4217219994831723,1516.0,,,,,0.7119562164851795,1590
2764639155,source,Transnational Corporation Review,1918-6444,A,,110.0,0.3236504613868742,2003,,,,,0.07986352070198455,1595.0,,,0.6228345253717911,1828
4210173643,source,International Journal of Health Economics and Management,2199-9023,E,,90.0,0.3236039626278368,2004,0.1773748682963018,1694.0,,,,,,,0.347462140385078,2368
67581229,institution,Istanbul University,,,TR,112.7185574229692,0.32305026199630305,2005,0.1649056129203642,1723.0,0.6176017866535594,1163.0,0.12678436985212338,1502.0,0.37627313600669315,954.0,0.7172349360572972,1580
40285785,source,Journal of Applied Economics,1514-0326,E,,192.0,0.3224114238381593,2006,0.2776349341208377,1456.0,,,,,,,0.45192358957766154,2206
130699561,source,Technology Analysis and Strategic Management,0953-7325,B,,865.0,0.32233969201554374,2007,,,0.37073197530735125,1608.0,,,,,0.5100559919096858,2095
16197041,institution,Cyprus International University,,,CY,67.39900793650793,0.3223110771705932,2008,0.33448498615020655,1329.0,0.2699763040563858,1812.0,0.35628143959606967,974.0,,,1.091877386855521,741
130343225,institution,Universiti Putra Malaysia,,,MY,503.9075396825396,0.32207232962055904,2009,0.20899906317802305,1615.0,0.38391204752955715,1586.0,0.19831043442825805,1344.0,0.7311013416059552,673.0,0.7733981439208584,1431
26771391,institution,Jaipuria Institute of Management,,,IN,226.0837008742891,0.3217955777305922,2010,0.6249920325163082,757.0,0.41001875151688716,1534.0,0.2886338974677884,1118.0,0.23568062464833756,1102.0,0.7937272176611746,1368
158129444,source,Journal of Developmental Entrepreneurship,1084-9467,B,,109.0,0.32169896764335304,2011,,,0.33036491312244287,1683.0,,,,,0.23391513865487173,2508
127482291,source,Journal of Research in Marketing and Entrepreneurship,1471-5201,B,,82.0,0.32162670370618784,2012,,,0.3153097589105419,1706.0,,,,,0.45171114894592224,2207
4210231679,source,Journal of Industrial Integration and Management,2424-8622,X,,113.0,0.32071506931835747,2013,,,,,,,1.9934892218122147,197.0,1.0809818941523832,758
80375752,source,Current Issues in Auditing,1936-1270,B,,77.0,0.32030504991374725,2014,,,0.3861786460241739,1579.0,,,,,0.35839788050572696,2350
95496512,source,Review of Development Economics,1363-6669,E,,442.0,0.3197810842022379,2015,0.337650086269174,1316.0,,,,,,,0.3717741387514591,2337
181391015,institution,Universidade Estadual de Campinas (UNICAMP),,,BR,213.05267216443684,0.3195929948318593,2016,0.43724474431414645,1079.0,0.3397719296681201,1663.0,0.30002196556716176,1091.0,0.505681440656437,839.0,0.4260169131202783,2244
80143920,institution,Shandong University of Science and Technology,,,CN,70.45793650793652,0.3195475459269955,2017,0.5057008577256018,931.0,0.3035367245767769,1734.0,0.04371865672850441,1650.0,1.2622728087718846,400.0,0.8135856033644439,1326
2764933780,source,ASIA MARKETING JOURNAL,1598-7868,X,,74.0,0.31930778578479957,2018,,,,,,,1.0160920132775026,515.0,0.22084531172291152,2526
25607154,institution,Juraj Dobrila University of Pula,,,HR,73.3490889212828,0.3190877664677874,2019,0.11276979861646279,1831.0,0.6129830739276749,1172.0,,,0.4281410308262637,900.0,1.2413504466421974,552
192392021,institution,University of Central Punjab,,,PK,63.3297619047619,0.3182295918806111,2020,0.4566659323909665,1033.0,0.3664106821499022,1616.0,0.09991305970392912,1563.0,0.15146143665621095,1176.0,1.0204185604413223,872
81159284,source,International Journal of Quality & Reliability Management,0265-671X,B,,377.0,0.31822392203922906,2021,,,0.36714620884984894,1615.0,,,,,0.5803843163991839,1934
4210137468,institution,XIM University,,,IN,74.41666666666667,0.31808123738897204,2022,0.17849177578362874,1693.0,0.33902299547542764,1665.0,0.4440823572838755,805.0,0.1620454164647677,1168.0,0.5664260008310756,1970
133771110,institution,University of Cape Coast,,,GH,199.67936507936506,0.31766442742369655,2023,0.29250247114511274,1424.0,0.35800479817668257,1633.0,0.42642279648916226,839.0,0.5459891772818114,800.0,0.8328768979402984,1279
205612303,institution,Chinese Culture University,,,TW,67.99523809523808,0.31742034718884465,2024,0.16776826228921496,1719.0,0.4061552089265183,1536.0,0.225076200953412,1284.0,,,0.5740620692261785,1945
4210168739,source,M n gement,1286-4692,B,,129.0,0.3165371301278436,2025,,,0.31079183925241727,1716.0,,,,,0.2987459576439783,2445
4210153668,institution,Wenzhou-Kean University,,,CN,93.65833333333333,0.31631911347257763,2026,0.2129604474404056,1608.0,0.4532833807487662,1460.0,0.24922847435609777,1217.0,,,0.5467728852235106,2006
4210218449,source,Business Ethics the Environment & Responsibility,2694-6416,B,,420.0,0.3151529425495178,2027,,,0.37324504853288104,1603.0,,,,,0.338090846888247,2383
293362453,institution,Polytechnic Institute of Coimbra,,,PT,30.30100822380235,0.3150615041347051,2028,0.6273003152037496,751.0,0.32920249213759756,1687.0,0.22876597763614642,1272.0,1.0983003803544555,475.0,0.7691635984850542,1444
169427155,institution,Instituto Politécnico de Leiria,,,PT,77.71336112717691,0.3147370378468214,2029,0.12997685569184197,1795.0,0.416628707492124,1522.0,0.10314090729891257,1556.0,,,0.7668078645813201,1454
4210165529,institution,University of Business and Technology,,,SA,280.7938708513708,0.31472560784658554,2030,0.3243871773316927,1343.0,0.3183207812402776,1701.0,0.4737096368343977,751.0,0.25881354680962926,1083.0,0.8846508261952329,1151
4210144839,institution,Hamad bin Khalifa University,,,QA,52.95155677655678,0.31465342424171183,2031,0.30643128108438406,1388.0,0.34116299415183177,1657.0,0.18255678800883818,1374.0,2.3159925071854297,138.0,1.025696761064102,863
150807315,institution,Guangxi University,,,CN,127.55458333333333,0.3137332609044959,2032,0.4198867920141081,1121.0,0.2881804532397312,1772.0,0.12526889730688803,1503.0,,,0.495756881411617,2131
68051293,source,Philosophy of Management,1740-3812,B,,109.0,0.31369241283644117,2033,,,0.3228958533684285,1696.0,,,,,0.2531947358445162,2493
4210091267,institution,İstanbul Gelişim Üniversitesi,,,TR,67.04444444444445,0.3134569092274265,2034,0.19913168515250765,1635.0,0.737471616501536,991.0,0.1653200453116438,1417.0,,,1.0131423293973258,883
3129492623,institution,University of Da Nang,,,VN,98.2332070707071,0.31340625393753335,2035,0.20757918727887753,1618.0,0.2990117723585945,1745.0,0.27713411235824814,1147.0,0.027581829971506835,1286.0,0.7805849131682298,1403
81556334,institution,Amrita Vishwa Vidyapeetham,,,IN,182.9252506265664,0.3132784942523829,2036,0.16422418536792308,1725.0,0.3842094560494427,1585.0,0.27934191740873154,1142.0,1.11858052891239,467.0,0.6736913753323087,1691
206011266,institution,Kwansei Gakuin University,,,JP,85.04285714285714,0.312614220452099,2037,0.2627394681416641,1495.0,0.22897094910480273,1873.0,1.118247705463051,300.0,,,0.3057591899651606,2435
157392197,institution,Hashemite University,,,JO,99.58928571428571,0.311691383170256,2038,0.34114613927109233,1306.0,0.4008411257731471,1550.0,0.5436695002991486,661.0,,,0.96166615858682,976
4210168092,source,Journal of the History of Economic Thought,1053-8372,E,,186.0,0.3114262912741052,2039,0.3144396008780674,1370.0,,,,,,,0.14151281370324925,2597
23574469,institution,Krakow University of Economics,,,PL,212.495,0.3110970732333502,2040,0.24888383076783765,1535.0,0.48256218864869205,1406.0,0.4915119259186386,717.0,0.8740293127868504,579.0,0.7631755682450946,1457
3125470973,institution,Istanbul Medipol University,,,TR,46.861111111111114,0.3110529382201889,2041,0.08775058828991397,1872.0,0.18370986937667594,1930.0,0.9094638580393237,380.0,0.18728496386859295,1147.0,0.9319520532544282,1046
205746353,institution,University of Dhaka,,,BD,124.31746031746032,0.31103485928185126,2042,0.42393822614307586,1110.0,0.394429799088563,1563.0,0.17795530049970143,1386.0,1.410546157796601,348.0,0.7849910133172491,1393
118292597,institution,National Taipei University of Technology,,,TW,47.03439754689755,0.31076253387490016,2043,0.34002793942140214,1309.0,0.39956267367965703,1553.0,0.21739675948954554,1302.0,,,0.6692742653472663,1703
158708052,institution,Chulalongkorn University,,,TH,197.53032106782106,0.31061724472078867,2044,0.2504598800689793,1530.0,0.42999727832179524,1501.0,0.37256705712453675,940.0,1.4032956084295216,354.0,0.5030278172327843,2115
82571370,institution,GLA University,,,IN,75.04920634920634,0.31025566194383525,2045,0.49717360701829244,947.0,0.37866225094994826,1595.0,,,1.1706269899734982,442.0,0.779955624863061,1406
201533460,source,Applied Economics,0003-6846,E,,2398.0,0.30991493845395535,2046,0.3126894165183139,1372.0,,,,,,,0.34564403234160324,2371
7947594,institution,University of Maine,,,US,63.830158730158736,0.3091077933797684,2047,0.30802185818613137,1381.0,0.5397623709447741,1305.0,0.16057886146138312,1423.0,1.439900877445889,342.0,0.4149200816475287,2267
4210150297,institution,Institute of Business Management,,,PK,77.89583333333333,0.30818492640522566,2048,0.2692294879002811,1477.0,0.40298679522444,1544.0,0.12466775663150184,1504.0,0.5058054405740072,838.0,0.9385556246180072,1030
58879488,source,Journal of Financial Regulation and Compliance,1358-1988,A,,104.0,0.3077223439687288,2049,,,,,0.10429522323821779,1551.0,,,0.4755939196924188,2171
80693520,institution,American University in Cairo,,,EG,71.71072666072666,0.3073232261005948,2050,0.35262105092947693,1275.0,0.21311895104687567,1893.0,0.4329883160571448,827.0,,,0.4239831803495524,2248
172574986,institution,Kaunas University of Technology,,,LT,105.5605345093503,0.30706570538231437,2051,0.07475028460422949,1886.0,0.7034909065990684,1034.0,0.0747172140255631,1601.0,0.3728678341229244,962.0,0.9175254096415282,1076
178563901,source,Society and Business Review,1746-5680,B,,113.0,0.3063170053441164,2052,,,0.34102303164115844,1660.0,,,,,0.600739576446184,1875
180910786,institution,Universidad de la República de Uruguay,,,UY,66.14858058608058,0.3049513427033551,2053,0.2778895290884467,1454.0,0.3277016032464378,1689.0,0.3156365859547703,1065.0,0.2207666043953325,1116.0,0.3721984674083103,2336
148099254,institution,National Chung Cheng University,,,TW,76.43373015873016,0.3048213510216416,2054,0.33651702101411857,1323.0,0.3678318568677033,1614.0,0.15287887445461742,1445.0,,,0.3815058750467426,2320
3132277652,institution,International Centre for Education in Islamic Finance,,,MY,61.58888888888889,0.304444556976528,2055,0.22705072132771514,1580.0,0.3955535000977424,1560.0,0.27613880668237856,1151.0,0.08452125492061319,1242.0,0.7916873144334979,1376
4210181806,source,South Asian Journal of Business Studies,2398-628X,B,,93.0,0.3043082456059538,2056,,,0.26136630857662585,1829.0,,,,,0.78682109210634,1390
4210102611,institution,ICFAI Business School,,,IN,81.3436507936508,0.3043070788082509,2057,0.055250476480136104,1912.0,0.47779273045253184,1411.0,0.01977355170103285,1684.0,0.24141382508197676,1097.0,0.7270012706974434,1552
114724389,source,Journal of African Business,1522-8916,B,,151.0,0.30425576527424425,2058,,,0.3063602612348195,1729.0,,,,,0.489567570753133,2142
36448004,institution,Shaheed Zulfiqar Ali Bhutto Institute of Science and Technology,,,PK,73.05119047619048,0.3033664550867094,2059,0.3709168169287005,1236.0,0.3513115189385387,1647.0,0.3287662247149968,1033.0,0.3753229514454187,955.0,0.8671433749952606,1192
4210145463,institution,WSB University,,,PL,42.06944444444444,0.30317813485147066,2060,0.07554362802435521,1884.0,0.3922207722651576,1567.0,,,1.614470218443903,278.0,0.6920224394483059,1644
122964287,institution,National Institute of Technology Tiruchirappalli,,,IN,143.9607142857143,0.3028606898835216,2061,0.21338195084487213,1607.0,0.36514352309415243,1623.0,0.01797806155599949,1690.0,,,0.5552692277793981,1992
200274427,source,Pacific Economic Review,1361-374X,E,,97.0,0.3016541433504609,2062,0.2821061451190322,1442.0,,,,,,,0.3205312366071488,2405
138400101,source,Managerial and Decision Economics,0143-6570,A,,1169.0,0.3009288011344633,2063,,,,,0.2189806521913663,1299.0,,,0.34049751256288274,2382
165831266,institution,Nirma University,,,IN,109.46666666666667,0.3007330810613993,2064,0.26523801390392543,1485.0,0.29291859555305644,1762.0,0.4067234583583697,873.0,,,0.7533026648139658,1488
203847022,institution,Instituto Politécnico de Lisboa,,,PT,57.78048340548341,0.3007043364575131,2065,0.19474843977642697,1648.0,0.2811087000619117,1786.0,0.6393173669050028,557.0,,,0.484961356644171,2156
138622004,institution,National Economics University,,,VN,339.081931956932,0.29994766725912814,2066,0.3142521033312764,1371.0,0.3389434644794508,1666.0,0.16810314695221612,1409.0,0.21831631706813615,1120.0,0.916836239346184,1078
4210096063,institution,Ho Chi Minh City Open University,,,VN,157.9472222222222,0.29992769483896653,2067,0.22972855478931578,1573.0,0.3467672146509795,1649.0,0.17831032840334413,1384.0,0.27468632401638443,1065.0,0.8690759825082033,1187
154526488,institution,Inserm,,,FR,16.309451839583417,0.2995733459250488,2068,0.3015583499075868,1401.0,0.18570909063663976,1926.0,1.0728064208804824,311.0,,,0.3198985041250446,2408
138164181,institution,Alexandru Ioan Cuza University,,,RO,120.103841991342,0.29941237942996934,2069,0.35401302295176,1274.0,0.22719327810519863,1875.0,0.40137583214089906,883.0,2.151603241849479,164.0,1.0121321242644672,888
4210230903,source,Engineering Management Journal,1042-9247,X,,138.0,0.2991287694028394,2070,,,,,,,0.7747132617246609,636.0,0.34409166240181266,2377
184351885,source,Managerial Finance,0307-4358,A,,387.0,0.29905670991800565,2071,,,,,0.17875842293655095,1382.0,,,0.4273600131761822,2242
2799888298,institution,Skyline University College,,,AE,48.272023809523816,0.2988175605070306,2072,0.30671865505015466,1385.0,0.41013365901112603,1533.0,0.2737901906469686,1161.0,3.0245541485588245,70.0,2.014521880904905,123
4210168278,source,International Journal of Global Business and Competitiveness,0973-4619,B,,62.0,0.29860723607396766,2073,,,0.35017212021918814,1648.0,,,,,0.5424720078894294,2019
7726996,institution,Henan University of Economic and Law,,,CN,46.8186507936508,0.29858415821598355,2074,0.23387009509015416,1563.0,0.42294657273732694,1511.0,0.23424081246828077,1255.0,,,0.5307695194579368,2047
21449261,institution,Masaryk University,,,CZ,111.47614538239539,0.29838152818200214,2075,0.25683646593586346,1512.0,0.3330442038018648,1679.0,0.2626000404513338,1178.0,0.9979284864420838,527.0,0.6219227594092555,1830
133529467,institution,Sharif University of Technology,,,IR,81.10952380952382,0.2979252509154766,2076,0.33749827422135464,1318.0,0.28695471355413715,1774.0,1.1505475088168369,292.0,0.8591740814236519,588.0,0.5112146966068872,2091
98984247,source,Computational Economics,0927-7099,A,,677.0,0.2977244381696486,2077,,,,,0.18544843125500537,1367.0,,,0.41297478756402456,2270
4306506326,source,CIRIEC-España revista de economía pública social y cooperativa,0213-8093,X,,111.0,0.2973841172176245,2078,,,,,,,0.5238605352758167,819.0,0.542760756426551,2016
4210088963,institution,University of Ha'il,,,SA,58.286111111111104,0.29734432815064127,2079,0.33497597807115215,1328.0,0.3541498629145019,1642.0,0.1227863602300796,1507.0,0.647995425420134,733.0,0.8656212432042881,1195
28046988,institution,Kwame Nkrumah University of Science and Technology,,,GH,250.34920634920636,0.29683923058222156,2080,0.2788198117287279,1451.0,0.3547474745262398,1639.0,0.10587613161417168,1544.0,1.4276910662411362,347.0,0.6372632413626189,1792
67009956,institution,Iran University of Science and Technology,,,IR,82.76785714285714,0.29647160084554286,2081,0.2652113742427734,1487.0,0.39535927623753225,1561.0,0.023952415870075516,1677.0,0.4032498886803782,922.0,0.5950808230952207,1890
205929853,source,Electronic Commerce Research,1389-5753,B,,467.0,0.2963172999885529,2082,,,0.3166326050247501,1702.0,,,,,0.6199114687514945,1836
4403386521,institution,Banking Academy of Vietnam,,,,34.333333333333336,0.2959977561089502,2083,0.3054108380591697,1392.0,0.1429196111904757,1979.0,0.20525888546692436,1327.0,,,0.4200380000457505,2254
38877650,institution,Zhengzhou University,,,CN,123.37783748509555,0.29596481236221384,2084,0.26431033233251233,1490.0,0.3646062355103685,1625.0,0.23884810639158738,1242.0,0.7689936073541953,644.0,0.6244216959446983,1820
4104125,institution,Universidade Federal de Santa Catarina,,,BR,215.21230158730157,0.2951076206447081,2085,0.34853810051440726,1286.0,0.3847718981526487,1581.0,0.21369192119508812,1306.0,0.5089024413926213,833.0,0.7706997751252107,1439
165737746,institution,Tomas Bata University in Zlín,,,CZ,168.6014411027569,0.29458678470844385,2086,0.19386390963806346,1651.0,0.3728116332792477,1604.0,0.43463674136324665,823.0,0.8756707399290872,578.0,0.9112495919834356,1095
2764837506,source,Indian Journal of Labour Economics,0019-5308,X,,144.0,0.29448339978130506,2087,,,,,,,0.4412034402158159,891.0,0.3965631139566115,2296
139478629,source,Journal of Business-to-Business Marketing,1051-712X,B,,130.0,0.29416081555558016,2088,,,0.32970560024739604,1685.0,,,,,0.24462296767534605,2497
185571130,institution,Al-Farabi Kazakh National University,,,KZ,35.343025030525034,0.29405696425051325,2089,0.16080214448813443,1732.0,0.7383550737086108,988.0,0.3290499660126766,1031.0,0.20846927723213504,1126.0,0.884551946520879,1152
31595395,institution,Chengdu University of Technology,,,CN,69.79716117216117,0.293904423911951,2090,0.2620888393893108,1496.0,0.29642373140874945,1755.0,0.2979314903305608,1096.0,1.0532254550536235,496.0,0.6858246566753209,1666
80606768,institution,Universidad de Extremadura,,,ES,113.68779761904761,0.2937737843234797,2091,0.11635464590154426,1824.0,0.3289228729679116,1688.0,0.2208699705078235,1293.0,0.25503762575118266,1088.0,0.6456124518066466,1770
4210209416,source,Green Finance,2643-1092,E,,90.0,0.29320077806988315,2092,0.25964937280982897,1503.0,,,,,,,0.7763823187261566,1415
171491724,source,Journal of Economics and Finance,1055-0925,A,,154.0,0.2926868769025278,2093,,,,,0.11104530266235453,1534.0,,,0.3446594818118687,2374
179097149,institution,University of Carthage,,,TN,102.12224025974027,0.29233942522390016,2094,0.38425082465398025,1214.0,0.3600969381582939,1628.0,0.2021054046558155,1335.0,0.26636431685135525,1073.0,0.6347000243625593,1796
118803816,institution,Liaoning University,,,CN,129.64404761904763,0.2923027322876064,2095,0.2119959757336957,1610.0,0.364967658425639,1624.0,0.19758545672024644,1349.0,2.506016694132531,116.0,0.6782447161817182,1683
157696592,institution,Universiti Malaysia Terengganu,,,MY,155.00747835497833,0.29202870001700537,2096,0.19550332908449244,1642.0,0.3792377120651797,1593.0,0.38180826558165276,917.0,0.40226671820622506,924.0,1.074838047522849,768
862322245,institution,Universidad EAFIT,,,CO,114.58888888888889,0.29162480435065125,2097,0.37424817583108244,1232.0,0.3798473255587619,1592.0,0.13374660110472078,1481.0,0.09657597822033448,1235.0,0.5036004041622336,2112
127670440,institution,Bahauddin Zakariya University,,,PK,43.70080475080475,0.2914422912067105,2098,0.27899636357255003,1450.0,0.29045541233411487,1769.0,0.36986795451097737,943.0,0.31089068921964214,1029.0,0.9502214730182466,1008
7589121,institution,University of Professional Studies,,,GH,158.65238095238095,0.29115430926704317,2099,0.18461072842543708,1674.0,0.43549150609627585,1495.0,0.11541860486526777,1524.0,1.4297833504893809,346.0,0.775153901682416,1422
41198531,institution,Nanjing University of Posts and Telecommunications,,,CN,51.47698412698413,0.2908728632988628,2100,0.23926121452488228,1553.0,0.3785962128629429,1596.0,0.10805767501006239,1537.0,0.7046589788999027,699.0,0.6025803357534806,1870
61474858,source,Services Marketing Quarterly,1533-2969,B,,80.0,0.29032577924745645,2101,,,0.37072070197471435,1609.0,,,,,0.36462736656471145,2346
2165841,source,International Finance,1367-0271,A,,66.0,0.29031765285006245,2102,,,,,0.19832779864510347,1343.0,,,0.3552855620672859,2357
201675752,source,Canadian Journal of Administrative Sciences / Revue Canadienne des Sciences de l Administration,0825-0383,B,,143.0,0.29023106582899605,2103,,,0.31004910711228506,1718.0,,,,,0.27623751646761663,2466
924760719,institution,University of North Georgia,,,US,65.69285714285715,0.28959686550134617,2104,0.18771630079804438,1667.0,0.628483444423085,1142.0,0.0801402158880073,1594.0,,,0.33446249961583013,2391
55074384,source,The B E Journal of Economic Analysis & Policy,1935-1682,E,,199.0,0.2888573647206057,2105,0.3324676030110701,1332.0,,,,,,,0.2494317760041561,2495
150729083,institution,Universidade de Brasília,,,BR,203.4111471861472,0.2887754384510502,2106,0.4509437322838148,1052.0,0.262269849244434,1827.0,0.2825206764305558,1135.0,0.1234182668961968,1206.0,0.3666373947071604,2343
141081643,source,Journal of Innovation Economics & Management,2032-5355,B,,127.0,0.2884291621188487,2107,,,0.3153878571208341,1705.0,,,,,0.4649827194200301,2190
60858718,institution,University of Aveiro,,,PT,220.07420725409858,0.2883651641036977,2108,0.3394766574064611,1311.0,0.3556941013952117,1638.0,0.17357324358480214,1397.0,0.45624642769775764,879.0,0.7238591630093297,1558
2764347203,source,Risk Management and Insurance Review,1098-1616,A,,74.0,0.2883475071022638,2109,,,,,0.4302653827720459,832.0,,,0.35212447522325613,2361
186129607,institution,Canadian University of Dubai,,,AE,53.601190476190474,0.28760130572426734,2110,0.09946860275983715,1853.0,0.46692143804016795,1432.0,0.12353007189750147,1506.0,,,0.9309500250798579,1050
4210181022,source,World Journal of Entrepreneurship Management and Sustainable Development,2042-5961,B,,56.0,0.2875151758718852,2111,,,0.2930646144781743,1761.0,,,,,1.0726429514732043,772
107470533,institution,Tamkang University,,,TW,87.575,0.28715998819253796,2112,0.1705468266342242,1708.0,0.39670882553615766,1559.0,0.18970254950373794,1362.0,,,0.595724073209593,1888
2764516800,source,Journal of Small Business Strategy,1081-8510,B,,100.0,0.28713226424962296,2113,,,0.3464971282883791,1650.0,,,,,0.42439849809840996,2247
12469534,institution,Quaid-i-Azam University,,,PK,72.25873015873016,0.28710254124487666,2114,0.30358900515929943,1395.0,0.40467520608936774,1540.0,0.0324845821958178,1673.0,,,0.9218152861262888,1064
92251255,institution,University of Split,,,HR,124.33238150738151,0.28603447172152086,2115,0.04135213886986581,1930.0,0.8787986661543249,797.0,0.3219012511209006,1047.0,0.4510468628418748,883.0,0.4962254809325051,2130
80947539,institution,Fuzhou University,,,CN,156.78485449735447,0.28592101753050236,2116,0.27736336506876513,1457.0,0.3347699441678047,1675.0,0.2285480894681215,1274.0,0.6020678174322853,753.0,0.628938895883675,1810
4210224398,source,International Hospitality Review,2516-8142,X,,96.0,0.28489602764081595,2117,,,,,,,0.42649009310657177,903.0,0.8280491730168666,1290
126744593,institution,"University of Maryland, Baltimore",,,US,69.93176955894347,0.2843823725640699,2118,0.3065134865342167,1387.0,,,,,,,0.230919111945614,2510
98805295,institution,University of the Aegean,,,GR,86.65201247165531,0.28316233853463535,2119,0.32338353291403366,1349.0,0.3702734591615103,1610.0,0.28032013102556447,1140.0,0.0023940208807618274,1300.0,0.5910521550378016,1897
203088144,institution,Nova Southeastern University,,,US,103.0952380952381,0.2831378764375612,2120,0.13982339265754565,1769.0,0.44167953287498823,1483.0,0.22211865259173036,1288.0,,,0.41346143038152,2268
94234084,institution,Indian Institute of Technology Kanpur,,,IN,108.34090909090908,0.2827573087668454,2121,0.2754745520605427,1463.0,0.38050782418697193,1591.0,0.08467143685833128,1586.0,0.03701741185126625,1279.0,0.47044344147070405,2183
243754102,institution,Universidade Federal do Ceará,,,BR,80.95973830973831,0.2824498840465776,2122,0.399764431964058,1171.0,0.28381170038256665,1782.0,0.034576401296392896,1672.0,0.6882684545945812,708.0,0.3510689894961171,2363
122140584,institution,Universidade Federal do Rio de Janeiro,,,BR,218.15529470529472,0.2822460010714889,2123,0.4084319601643851,1151.0,0.27192611887138773,1806.0,0.20491733550610808,1328.0,0.5366830297379287,807.0,0.38925663339724814,2311
91213080,source,The Economists Voice,1553-3832,E,,74.0,0.281659373734446,2124,0.2981705310088575,1411.0,,,,,,,0.22378992441118203,2521
56822791,institution,Ghana Institute of Management and Public Administration,,,GH,81.85000000000001,0.2815115743588656,2125,0.40555502950965394,1158.0,0.2764802426807165,1797.0,0.0525733188618507,1634.0,0.546493879068756,799.0,0.7682714032550915,1450
21668869,source,Strategic Direction,0258-0543,B,,12.0,0.2814493010563797,2126,,,0.24458108943025145,1849.0,,,,,0.5212313827721184,2074
158749337,institution,Princess Sumaya University for Technology,,,JO,67.87265873015873,0.28132755924037267,2127,0.014246572924519559,1978.0,0.3976124551303795,1558.0,0.2589106615228525,1188.0,,,1.0213269397437492,871
4210176701,source,Logforum,1734-459X,B,,35.0,0.2813020587619289,2128,,,0.20113699170260918,1904.0,,,,,0.6276156150351125,1814
163151501,institution,Hangzhou Normal University,,,CN,56.56468253968253,0.28080118043825575,2129,0.3886870427962925,1204.0,0.3936312304055747,1564.0,0.0907152291999396,1581.0,0.42152573152210393,908.0,0.5867054619136501,1910
57522439,source,Australian Economic Papers,0004-900X,E,,162.0,0.28021237217649925,2130,0.2781131395994109,1453.0,,,,,,,0.31233021726185684,2425
142899784,institution,University of Sfax,,,TN,459.78528911564626,0.27990093178118697,2131,0.3707850555009721,1237.0,0.30727859812598085,1725.0,0.2235386295622831,1287.0,0.8280341379989016,607.0,0.7225450399768321,1564
141552693,source,Journal of Islamic marketing,1759-0833,B,,442.0,0.27919707962408336,2132,,,0.35958902528549047,1629.0,,,,,1.1691402333874474,647
10660446,institution,Kunming University of Science and Technology,,,CN,72.83552253302253,0.2786353410641774,2133,0.3258384318599994,1342.0,0.3266996997125827,1691.0,0.17564164456216708,1392.0,0.6344819920913889,739.0,0.6244070718484329,1821
4210230127,source,management revue,0935-9915,B,,6.0,0.2784536376039974,2134,,,0.29587735635068874,1756.0,,,,,0.2521776574449681,2494
11019714,institution,Universidade da Coruña,,,ES,96.34194139194139,0.27837386745985454,2135,0.20367305716041814,1625.0,0.5160666374172302,1347.0,0.08240363805512292,1590.0,1.8617375656189865,221.0,0.5031898811906154,2114
170287006,source,Scandinavian Economic History Review,0358-5522,E,,106.0,0.2783356003940961,2136,0.23022686040223922,1571.0,,,,,,,0.16853173675129177,2570
189210763,institution,Yunnan University,,,CN,53.581908369408374,0.27808999182393895,2137,0.3303295595757111,1338.0,0.3433753076069771,1654.0,0.1444514422977074,1466.0,,,0.5665978308954771,1968
166595748,source,International Review of Economics,1863-4613,E,,104.0,0.2775024111360504,2138,0.2377357531201995,1555.0,,,,,,,0.2568633111479439,2488
187855631,institution,Foreign Trade University,,,VN,149.4496031746032,0.2774196421494648,2139,0.183869830991761,1677.0,0.2466092149846545,1846.0,0.5220776653913054,688.0,0.5766668304609248,780.0,0.5449898839946581,2010
27570832,institution,Jadara University,,,JO,55.60575396825397,0.27706887624031307,2140,0.015785037408394313,1972.0,0.37274731875910294,1605.0,,,0.5876388586818589,766.0,1.384876256493246,400
4210096295,institution,University of Finance - Marketing,,,VN,138.91666666666666,0.27673493995206594,2141,0.20353029516340934,1626.0,0.39774822833897433,1557.0,0.455224610727413,781.0,0.9375263436631377,552.0,0.8580429428270889,1215
66524056,source,Journal of Business Economics and Management,1611-1699,B,,294.0,0.27669388753544505,2142,,,0.21696074532564336,1886.0,,,,,0.7779457115525308,1409
151727225,institution,Harbin Engineering University,,,CN,87.76071428571427,0.2766034004098654,2143,0.3850379021641999,1212.0,0.352589796379477,1646.0,0.10500355676716294,1548.0,0.7935681570250557,624.0,0.6777515089930067,1685
18193975,institution,SGH Warsaw School of Economics,,,PL,309.7426467051467,0.27638292600005365,2144,0.2814312727679473,1443.0,0.3386090973167838,1667.0,0.47837213924462285,740.0,1.0150825498565976,517.0,0.5422929175628731,2020
4210182956,source,Journal of Marketing Analytics,2050-3318,B,,229.0,0.27588553823193485,2145,,,0.341066331959839,1659.0,,,,,0.5468165942524899,2005
166928557,institution,University of Monastir,,,TN,46.15833333333334,0.27587278886679023,2146,0.3499430248510015,1281.0,0.2931557661872622,1759.0,0.3375878051581941,1010.0,,,0.8531515403865533,1230
71351135,source,International Journal of Disclosure and Governance,1741-3591,B,,179.0,0.27574476366253814,2147,,,0.36831019871786114,1613.0,,,,,0.45971464357644753,2195
109297418,institution,Gebze Technical University,,,TR,69.35833333333335,0.2755848846045342,2148,0.14024138297220717,1767.0,0.39534664662694935,1562.0,0.12268790626852895,1508.0,,,0.706321281677111,1602
74319210,institution,Chitkara University,,,IN,96.12245670995672,0.27435338196887693,2149,0.10583869518780686,1844.0,0.33835692743120344,1669.0,0.037546123213070715,1665.0,0.5351779607542171,809.0,1.123406735231817,702
165230279,institution,Universitas Gadjah Mada,,,ID,249.66670274170272,0.27387581526962007,2150,0.4396385165899583,1073.0,0.3109518394003203,1715.0,0.043510260313041144,1652.0,1.1020387103706542,474.0,0.6401343243892301,1782
207627288,source,International Journal of Integrated Supply Management,1477-5360,B,,87.0,0.2727332830930257,2151,,,0.3338906241008308,1678.0,,,,,0.3341222935438066,2392
3122011922,institution,University of Žilina,,,SK,104.78565592903828,0.2720422233691245,2152,0.340426609986449,1308.0,0.3792069134045073,1594.0,,,1.121397508072727,464.0,1.445813142301035,349
146534985,source,Journal of Economic Interaction and Coordination,1860-711X,E,,132.0,0.27203178166497005,2153,0.2750652730433396,1466.0,,,,,,,0.20894290337120003,2535
178232147,institution,Guizhou University,,,CN,59.82337662337663,0.2719700554816019,2154,0.2385348249943002,1554.0,0.4798982711473023,1408.0,0.10597514477996998,1542.0,,,0.44551841923558316,2217
136286870,source,Journal of Indian Business Research,1755-4195,B,,75.0,0.27189458133067934,2155,,,0.3298791739505743,1684.0,,,,,0.7040048563244629,1605
4210150808,institution,Ankara Yıldırım Beyazıt University,,,TR,56.69487734487734,0.27101040389283754,2156,0.04979509606603449,1915.0,0.4634237596257235,1436.0,0.23474243165774686,1252.0,,,0.7683832669369446,1449
146399215,institution,University of Tsukuba,,,JP,85.24151635401634,0.270853478266274,2157,0.3234581710880464,1347.0,0.265561341445576,1820.0,0.21281505906061707,1310.0,0.9107074856280861,563.0,0.39238648066438936,2306
4210239688,source,Communications of the Association for Information Systems,1529-3181,B,,110.0,0.2699932189528367,2158,,,0.31860009559181873,1700.0,,,,,0.45070434466547205,2208
4210193400,source,Economic Change and Restructuring,1573-9414,E,,402.0,0.2689720530180331,2159,0.25318589174448286,1520.0,,,,,,,0.5040659394980191,2110
32948690,source,Qualitative Research in Financial Markets,1755-4179,B,,170.0,0.2688311532298499,2160,,,0.2984449953124941,1747.0,,,,,0.5875719930291018,1907
232005693,institution,Universidad Francisco de Vitoria,,,ES,48.11805555555555,0.26805183401634075,2161,0.2861641711404024,1436.0,0.1960707233492984,1914.0,0.22921371918884492,1269.0,,,0.44084894820363585,2229
12379730,institution,Poznań University of Economics and Business,,,PL,315.41111111111104,0.26748069578080375,2162,0.17038891997510414,1709.0,0.2892205721584247,1771.0,0.5680351049705864,630.0,0.3437820806310615,993.0,0.6310912492038464,1802
191972202,institution,Amity University,,,IN,221.07817460317457,0.2674200477402345,2163,0.12020795200192137,1813.0,0.3581994554936952,1632.0,0.2488270557310065,1221.0,0.7314779292776636,672.0,0.7995026051992465,1359
4210206322,source,PharmacoEconomics - Open,2509-4254,E,,234.0,0.2664897528736259,2164,0.27566951865799333,1462.0,,,,,,,0.4133393630541374,2269
146165071,institution,Universidade Federal de Viçosa,,,BR,64.43585026085026,0.26645225563372393,2165,0.27515539066655753,1465.0,0.405857069399593,1537.0,,,,,0.37354469630264897,2334
28710699,institution,Hellenic Mediterranean University,,,GR,42.61230158730158,0.265754241878883,2166,0.3149312055333664,1368.0,0.27695622020981125,1796.0,0.3162005017372106,1062.0,,,0.602228613998198,1872
2764875035,source,Journal of Entrepreneurship and Public Policy,2045-2101,X,,77.0,0.2656316571802499,2167,,,,,,,0.4679647494824907,869.0,0.29946135950792224,2444
202144432,source,Science Technology and Society,0971-7218,B,,15.0,0.26531878917202006,2168,,,0.29688173815576874,1751.0,,,,,0.20866160542491338,2537
195297104,source,Organizational Dynamics,0090-2616,B,,109.0,0.26353804970118827,2169,,,0.33185137694444855,1682.0,,,,,0.45318550027696497,2203
22361854,source,Cost Effectiveness and Resource Allocation,1478-7547,E,,258.0,0.26298740507876806,2170,0.24289546601476458,1549.0,,,,,,,0.6255557458497343,1816
34975756,source,Journal of Global Responsibility,2041-2568,B,,111.0,0.26293097517961267,2171,,,0.34628269514037363,1651.0,,,,,0.5032670510274707,2113
182202855,institution,South East European University,,,MK,50.861111111111114,0.26209058090934345,2172,0.061229436506338435,1903.0,0.3844965792744083,1584.0,,,0.15035733334722648,1178.0,0.6345194602672382,1797
56271844,source,Information Systems and e-Business Management,1617-9846,B,,162.0,0.2612804714350256,2173,,,0.29314997560069195,1760.0,,,,,0.5630368291985554,1975
2764651625,source,Journal of Economic Integration,1225-651X,E,,116.0,0.26100320639273744,2174,0.21681877828249363,1602.0,,,,,,,0.28134702158823216,2461
967494592,source,Global Business Review,0972-1509,B,,420.0,0.260775767569449,2175,,,0.28109479581821456,1787.0,,,,,0.5647657952009537,1972
130179515,source,Economic Record,0013-0249,E,,241.0,0.26065878897726275,2176,0.27788131555943285,1455.0,,,,,,,0.1979097438877077,2546
4210241102,source,Innovation & Management Review,2515-8961,B,,81.0,0.2605526073784487,2177,,,0.2967692520481595,1754.0,,,,,0.8180384031658077,1311
4210184380,source,ISRA International Journal of Islamic Finance,0128-1976,B,,96.0,0.26017994188269766,2178,,,0.29791435148614587,1749.0,,,,,1.1621791999577162,653
4210181789,source,Journal of the International Council for Small Business,2643-7015,B,,140.0,0.26006773674995226,2179,,,0.3158872583752509,1704.0,,,,,0.337883028258543,2386
129963087,source,Journal of Islamic accounting and business research,1759-0817,B,,423.0,0.2594981448891005,2180,,,0.33243143458837343,1680.0,,,,,0.8466200570172238,1244
16292982,institution,National Institute of Technology Rourkela,,,IN,92.99999999999999,0.25947469613782637,2181,0.16190274563952214,1728.0,0.3071247071426768,1727.0,0.05551929965917739,1631.0,0.11128609053762352,1218.0,0.6981446998834951,1623
111496547,source,Scottish Journal of Political Economy,0036-9292,E,,114.0,0.25934454576563104,2182,0.29053684788238265,1427.0,,,,,,,0.20505438413206345,2540
126354654,source,Journal of Financial Services Marketing,1363-0539,B,,166.0,0.2589127079062741,2183,,,0.3006446452264797,1740.0,,,,,0.6915017951663041,1646
142208455,institution,VSB - Technical University of Ostrava,,,CZ,99.03551587301588,0.25855323713396683,2184,0.25482350826660194,1515.0,0.2968340030202396,1752.0,0.23624286504377412,1249.0,0.23393334751379377,1103.0,0.5014253998954294,2117
4210201856,source,New Zealand Economic Papers,0077-9954,E,,100.0,0.25793955335572444,2185,0.2926899327747516,1423.0,,,,,,,0.2219567011169559,2523
181343428,institution,University of Zagreb,,,HR,323.85992492209886,0.25741365416288425,2186,0.12892088826419762,1798.0,0.6695340727152967,1089.0,0.3805386928767055,921.0,0.26354736922237154,1079.0,0.5836208197821834,1922
50760025,institution,Hangzhou Dianzi University,,,CN,80.2311147186147,0.25703591525112557,2187,0.2600653381979382,1502.0,0.2982462857332735,1748.0,0.20198696576651687,1336.0,1.2505764354107263,406.0,0.4475867991791623,2214
186771145,institution,Covenant University,,,NG,130.2218253968254,0.2564424264567888,2188,0.21560604448077625,1604.0,0.2730645513027314,1800.0,0.14793206299408804,1457.0,0.5734201606842896,784.0,0.9012925074382406,1114
2764889080,source,Evolutionary and Institutional Economics Review,1349-4961,E,,75.0,0.25634175972867074,2189,0.27197098029174316,1472.0,,,,,,,0.22130454519250162,2524
4387155442,institution,University of Economics and Law,,,,55.30496031746031,0.25528417592039027,2190,0.29718484011156915,1414.0,0.31401202218322144,1710.0,0.1543738595039479,1436.0,,,0.7178389725797111,1579
2764827305,source,International Journal of Financial Studies,2227-7072,B,,431.0,0.2549674760485753,2191,,,0.272634871137978,1802.0,,,,,0.6916237681624375,1645
104817121,institution,University of Sarajevo,,,BA,80.95114942528734,0.25490019927370944,2192,0.13960404865510123,1771.0,0.48609187519702357,1399.0,1.6867843727009475,173.0,,,0.5960056496241793,1886
2764518860,source,Annals of Economics and Statistics,1968-3863,E,,36.0,0.25437420468374944,2193,0.2530362419456254,1522.0,,,,,,,0.15785079755497286,2582
110166357,institution,University of Delhi,,,IN,425.982683982684,0.2543549750259767,2194,0.25315218036877846,1521.0,0.29720784019083063,1750.0,0.16844955940218612,1408.0,0.39041762680131337,943.0,0.6053794406049853,1864
5847235,institution,University of Petroleum and Energy Studies,,,IN,89.9518253968254,0.25425258448784227,2195,0.13842190327991447,1775.0,0.32257417953203227,1697.0,0.10227229400759706,1559.0,0.7281414236775223,676.0,0.6237491604591795,1824
2738551320,source,Health Economics Review,2191-1991,X,,224.0,0.2538961453114907,2196,,,,,,,0.4230325263008713,907.0,0.5254793098587649,2058
83579964,institution,Széchenyi István University,,,HU,45.3279761904762,0.253762278464254,2197,0.07420713526206012,1887.0,0.3425446603564247,1655.0,,,0.7882939153737424,629.0,1.1694371150145149,645
23246025,source,Corporate Reputation Review,1363-3589,B,,84.0,0.25367102845551565,2198,,,0.19842527939384347,1907.0,,,,,0.2869883559793018,2456
45998257,institution,Sohar University,,,OM,60.38849206349205,0.2534845868038856,2199,0.25583948818068497,1514.0,0.3460204720309749,1652.0,0.11949394369552248,1516.0,0.19759018665098624,1134.0,0.5845913941147974,1917
4210175454,source,Management Research The Journal of the Iberoamerican Academy of Management,1536-5433,B,,75.0,0.2533715581879261,2200,,,0.299210110319101,1744.0,,,,,0.5919763162049037,1895
61350954,source,Journal of Advances in Management Research,0972-7981,B,,115.0,0.25330061472791887,2201,,,0.3003935860505707,1742.0,,,,,0.718934801914111,1575
4210183922,source,Journal of General Management,0306-3070,B,,164.0,0.25244653436932496,2202,,,0.26862485931695684,1814.0,,,,,0.30491807689988837,2438
62069514,source,The Journal of Entrepreneurship,0971-3557,B,,86.0,0.25243455069608434,2203,,,0.3004326680722792,1741.0,,,,,0.4422691092748632,2225
4576418,institution,University of Technology Malaysia,,,MY,286.99446359196367,0.25242458027437686,2204,0.41092412229516206,1145.0,0.2808130617082163,1789.0,0.10449310027423712,1549.0,0.7357942762693646,670.0,0.8811098973455433,1159
897156735,institution,Bank of Korea,,,KR,59.73611111111111,0.25190158004458185,2205,0.14261952186631036,1761.0,,,0.5030022665317904,707.0,,,0.3024694617824454,2441
152429107,institution,Jawaharlal Nehru University,,,IN,120.39431818181819,0.2498028366457512,2206,0.25708733689204727,1511.0,0.10524352111599007,2026.0,0.4189913339685559,846.0,0.6818159523890207,711.0,0.4462932785179794,2216
226983648,institution,Narsee Monjee Institute of Management Studies,,,IN,158.94063492063492,0.24935649528212975,2207,0.1377791755105422,1778.0,0.32519372663048646,1692.0,0.043512783597162284,1651.0,0.44748026721484735,885.0,0.5683598930227806,1960
184139950,institution,Moscow State Institute of International Relations,,,RU,36.765079365079366,0.2491945782321376,2208,0.14046050250998007,1766.0,0.427647454494118,1505.0,0.4902355097131871,721.0,1.2854471881589618,396.0,0.586427125925703,1911
173212132,institution,Vilnius University,,,LT,178.9322960028813,0.24905840874780338,2209,0.3326669596994929,1331.0,0.2804215300814578,1790.0,0.13747383019538192,1475.0,0.24133351794615848,1098.0,0.6105102591895475,1851
171210897,institution,Aligarh Muslim University,,,IN,201.8315476190476,0.24844400345473433,2210,0.2611930331290304,1500.0,0.30925523624610696,1720.0,0.05742215940915566,1629.0,0.528923041313141,816.0,0.9827885236963408,944
2764777187,source,Annals of Financial Economics,2010-4952,E,,93.0,0.24824233299770393,2211,0.3794360815204509,1221.0,,,,,,,0.4249630501342629,2246
131868736,institution,Prince of Songkla University,,,TH,78.15225885225884,0.2470986582991894,2212,0.3976657028874034,1181.0,0.30854497704126477,1721.0,0.03945020207484465,1662.0,,,0.7195853697547052,1574
4626487,institution,King Faisal University,,,SA,113.74526815776815,0.24667871763351373,2213,0.2518219576008344,1528.0,0.3340562581568969,1677.0,0.29892607401438054,1093.0,0.10471547596899954,1223.0,0.9142615178052723,1085
2738355984,source,Administrative Sciences,2076-3387,B,,798.0,0.24648327778073692,2214,,,0.27304710061122206,1801.0,,,,,0.6179232680028157,1837
4210126102,institution,Department of Finance,,,AU,34.68611111111112,0.24634373876546214,2215,0.37448333581099025,1231.0,0.14656299996060276,1973.0,0.2421743635468927,1231.0,0.05211169757828208,1264.0,0.3082987679241117,2430
134784518,institution,Institute of Business Administration Karachi,,,PK,61.86904761904762,0.24559875955422536,2216,0.10210426179323073,1851.0,0.22683097125682097,1876.0,0.3422957660071647,999.0,,,0.48936423377523924,2143
4394735609,source,Foreign Trade Review,0971-7625,E,,77.0,0.2455800259273318,2217,0.282709575634914,1441.0,,,,,,,0.31565669239410016,2417
35427347,institution,Islamic University of Indonesia,,,ID,90.75924603174604,0.24452869540909192,2218,0.0567823279521302,1910.0,0.38908494612974553,1573.0,0.027116268944811645,1676.0,,,1.554862545054839,286
123443094,institution,Universidade Estadual de Maringá,,,BR,59.28690476190476,0.24441030618628504,2219,0.13554028483885716,1783.0,0.497005364773941,1383.0,,,0.25263419742602766,1089.0,0.35793915255313996,2351
4210150237,institution,Dhofar University,,,OM,72.29523809523809,0.24435520692535745,2220,0.21413285356089495,1605.0,0.35460214506862126,1640.0,0.058156700104169345,1625.0,,,0.8638995472832577,1201
106663880,institution,University of Bahrain,,,BH,87.08324314574314,0.24368996737782933,2221,0.31493363333351104,1367.0,0.3210470460831577,1698.0,0.12713642018192722,1501.0,0.03922062496931054,1277.0,0.8318879997914566,1282
193530623,source,Studies in Nonlinear Dynamics and Econometrics,1081-1826,E,,168.0,0.2436320338933758,2222,0.18574284863476384,1671.0,,,,,,,0.1475743863238283,2591
175691731,institution,Pondicherry University,,,IN,76.54166666666667,0.2432573204264433,2223,0.20319433312726903,1629.0,0.2867122805165543,1776.0,0.05768232676005365,1627.0,0.7884449529608805,628.0,0.7296792569635902,1547
90392387,source,South African Journal of Economics,0038-2280,E,,101.0,0.24304265313216786,2224,0.26760965022304056,1480.0,,,,,,,0.39541769598802534,2300
116955675,source,Asia-Pacific Financial Markets,1387-2834,A,,159.0,0.24294527723565193,2225,,,,,0.10355185169022019,1555.0,,,0.40034103245126534,2290
102700472,source,Financial Services Review,1057-0810,B,,95.0,0.2428248198140956,2226,,,0.28462126272429444,1780.0,,,,,0.15239010386927027,2585
4210099699,institution,University of Jeddah,,,SA,54.0546568627451,0.24280809508323323,2227,0.5019570446501007,939.0,0.24571671280568513,1848.0,0.26306118355403124,1177.0,0.2927081319952825,1046.0,0.8388073954011892,1259
2898418539,source,International Journal of Innovation Studies,2096-2487,B,,72.0,0.24266642596815372,2228,,,0.23677199602856286,1862.0,,,,,1.1280264930740513,698
22431819,source,International Economic Journal,1016-8737,E,,105.0,0.24266246433462157,2229,0.19231910738833913,1658.0,,,,,,,0.32746254389700985,2397
181388337,source,International Journal of Innovation Management,1363-9196,B,,318.0,0.24083209705989736,2230,,,0.2673490920180722,1816.0,,,,,0.25394979122316275,2492
185277049,source,Journal of Banking Regulation,1745-6452,E,,109.0,0.2406215852157846,2231,0.1839864393505919,1676.0,,,,,,,0.4175845595776934,2260
17120543,institution,National University of Modern Languages,,,PK,35.055952380952384,0.24006688887336455,2232,0.1058558769934155,1843.0,0.21340782291676755,1892.0,0.2762544288388556,1149.0,1.36760749437082,365.0,0.6033564147233818,1868
4210127441,institution,Indian Institute of Technology Jammu,,,IN,65.8,0.24004722070001322,2233,0.13263127042981687,1789.0,0.33582487546214856,1672.0,0.041506930911933325,1657.0,1.1516933355350019,452.0,0.5415476874294191,2022
72227227,institution,Makerere University,,,UG,170.45520923520922,0.23921579476244265,2234,0.2619951567747497,1497.0,0.3027063540228265,1736.0,,,1.5730622458720334,294.0,0.7564007701134715,1473
2738281210,source,Review of Business Management,1806-4892,X,,76.0,0.2387698635418775,2235,,,,,,,0.3300165672727504,1007.0,0.5066138055936859,2103
28022161,institution,King Saud University,,,SA,111.52706598956598,0.23869540503423858,2236,0.25365063853867126,1519.0,0.27952206209737596,1791.0,0.6662494066717283,525.0,0.26495715429825206,1076.0,0.5919373201191667,1896
3030835295,source,Economic Affairs,0265-0665,E,,116.0,0.23842323190123105,2237,0.24302055411174653,1548.0,,,,,,,0.19488388765935283,2549
4210109591,institution,Thuongmai University,,,VN,78.93968253968254,0.23718812613934678,2238,0.2681688817930967,1478.0,0.2666835032759929,1818.0,0.010038202282668869,1699.0,0.2769750456158888,1063.0,0.8546036959921463,1227
4210125143,institution,Chengdu University,,,CN,32.02180735930736,0.23713040161074622,2239,0.15362632325263445,1743.0,0.29101062945205,1767.0,0.19481177432218558,1354.0,1.7628252307604797,239.0,0.5219271803262389,2069
4400600926,institution,Indian Institute of Management Bodh Gaya,,,,39.355555555555554,0.23621413704205968,2240,0.3165219986602305,1364.0,0.19828168478994393,1909.0,0.22740185388665446,1277.0,,,0.5699384181875707,1954
119004910,institution,Silesian University of Technology,,,PL,105.10099206349209,0.23615504160273168,2241,0.24968075690320304,1534.0,0.2951337490083594,1758.0,,,0.5123514692005865,829.0,1.8487019706723973,158
166753014,source,Health Services Management Research,0951-4848,X,,128.0,0.23606131057345967,2242,,,,,,,0.5051661445225629,840.0,0.3449732253076043,2372
35913352,institution,Prague University of Economics and Business,,,CZ,372.55772925904506,0.23598061930150904,2243,0.13083084859337427,1793.0,0.2724888476606694,1804.0,0.5461070332241509,656.0,0.21016561399042918,1125.0,0.3958586569275465,2299
139322472,institution,Universiti Sains Malaysia,,,MY,566.0125474129045,0.23592603134672774,2244,0.21287723847998347,1609.0,0.277620328153428,1795.0,0.20397305685806597,1330.0,1.1637771041606366,447.0,0.7427208157883245,1515
2737251451,source,Management Science Letters,1923-9335,B,,357.0,0.23588351187882808,2245,,,0.246863323739118,1845.0,,,,,1.3284279821060563,457
84524832,institution,Alexandria University,,,EG,41.01235623037093,0.23564696822764256,2246,0.09503565583376644,1863.0,0.3654372831295667,1621.0,0.21527086363739903,1304.0,,,0.45195188162171396,2205
131740757,institution,Texas A&M International University,,,US,100.89166666666667,0.23546223527395926,2247,0.10748319884033507,1838.0,0.35637505528797003,1635.0,0.35311313710205916,985.0,,,0.28989486502704104,2450
29617571,institution,University of Indonesia,,,ID,367.17110056610056,0.23543451656206615,2248,0.377596134681451,1223.0,0.2853987322193482,1779.0,0.2610017689158865,1181.0,0.27303069572899824,1066.0,0.9336461157368661,1042
8636806,institution,University of Sousse,,,TN,202.3236111111111,0.2350189847451433,2249,0.2613557664359512,1499.0,0.28602422859720184,1777.0,0.15174741460272093,1449.0,0.05967646302072965,1256.0,0.5812992091392679,1929
4210192575,source,GLOBAL BUSINESS & FINANCE REVIEW,1088-6931,B,,38.0,0.23364160749613064,2250,,,0.27178058931996657,1807.0,,,,,0.27269584218657617,2469
2736601860,source,Entrepreneurial Business and Economics Review,2353-8821,B,,151.0,0.2333623071407655,2251,,,0.2350191684731446,1866.0,,,,,0.6251354371590444,1817
1290523313,institution,Magyar Agrár- és Élettudományi Egyetem,,,HU,98.73912337662338,0.232899092500094,2252,0.22468488886804117,1583.0,0.31443322938163554,1708.0,0.07641875778039388,1599.0,0.7650245527159877,647.0,1.2863722708365786,500
4210191619,source,Logistics,2305-6290,B,,344.0,0.23277362867131962,2253,,,0.26089414088967045,1831.0,,,,,0.6880322381782559,1656
4101805,institution,Yıldız Technical University,,,TR,98.77817460317459,0.23256820916636214,2254,0.20773706458974606,1617.0,0.24903172421534686,1842.0,0.20331379457437315,1331.0,0.017670500943224608,1293.0,0.4547873647768605,2202
173896063,source,Property Management,0263-7472,X,,165.0,0.23211445112109316,2255,,,,,,,0.659350121185587,724.0,0.4079439734616428,2279
282159120,institution,İstanbul Nişantaşı Üniversitesi,,,TR,46.20178571428571,0.23163628601521824,2256,0.3548825207768012,1271.0,0.10475921504294358,2028.0,0.09795886901170504,1567.0,,,0.6455540434006295,1771
2738413198,source,Equilibrium Quarterly Journal of Economics and Economic Policy,1689-765X,X,,141.0,0.23160835531390142,2257,,,,,,,1.2985500773593854,391.0,0.7343519430947655,1532
27878738,institution,Fore School of Management,,,IN,115.26314102564102,0.23155795574194873,2258,0.09417891494850006,1864.0,0.25657149065883683,1835.0,0.19814838485984498,1345.0,1.3464299293697857,371.0,0.5195023681927146,2078
15925821,source,Journal of Modelling in Management,1746-5664,B,,257.0,0.23123283337795913,2259,,,0.27771025916441394,1794.0,,,,,0.4496898790531395,2210
105710273,source,Review of Financial Economics,1058-3300,A,,99.0,0.23122913769223444,2260,,,,,0.1308832195230921,1491.0,,,0.24567439292612217,2496
863896202,institution,Delhi Technological University,,,IN,114.57500000000002,0.23116440383483847,2261,0.1693599414199907,1712.0,0.2577488017812633,1834.0,0.04321551686685958,1653.0,0.36335395418828614,971.0,0.6284230141454709,1812
38919395,institution,Indian Institute of Foreign Trade,,,IN,173.13925518925515,0.23114962259740468,2262,0.2291814534889817,1575.0,0.3016168525999258,1738.0,0.09163393834390306,1580.0,0.10825259936336686,1221.0,0.5758542061949458,1942
179193067,institution,Khon Kaen University,,,TH,146.7240476190476,0.23082833879325282,2263,0.23563236331900067,1561.0,0.25930395375716736,1832.0,0.10373680923153678,1554.0,0.6203602800914447,748.0,0.6007958296969779,1874
156260212,source,Research in Economics,1090-9443,E,,124.0,0.22988201257037788,2264,0.19567564730092563,1641.0,,,,,,,0.22051473491939616,2527
4210112678,institution,University of the Coast,,,CO,50.74940476190475,0.2290266216610004,2265,0.023796081552387487,1960.0,0.7662382931824278,941.0,0.11946408183999004,1517.0,,,0.3749256025405622,2332
240666556,institution,Imam Mohammad ibn Saud Islamic University,,,SA,93.44285714285715,0.22901069399393537,2266,0.29525863677122693,1420.0,0.21676672041915068,1888.0,0.15059532395977018,1451.0,0.3410123817894335,996.0,0.5731429687861724,1948
83863532,institution,Polytechnic Institute of Porto,,,PT,104.5270985958486,0.22871407572058516,2267,0.24588685796098597,1541.0,0.2665159132701796,1819.0,0.2875155148585074,1119.0,0.2581513360611888,1084.0,0.7775624688155686,1412
52418104,institution,Universidade Federal do Paraná,,,BR,186.1040458937198,0.22817163888679592,2268,0.24145916055360506,1552.0,0.32405283979851734,1695.0,0.09905577730019387,1564.0,0.11444065973476397,1213.0,0.5010023019165312,2118
21881038,institution,IPB University,,,ID,107.40152625152626,0.22740172759774696,2269,0.2573769582361668,1510.0,0.3434697917801117,1653.0,,,0.040842528583874466,1274.0,0.9505474198798799,1007
57658676,source,Journal of Financial Management of Property and Construction,1366-4387,X,,94.0,0.2265584510920558,2270,,,,,,,0.5032323632931609,841.0,0.3759217519447371,2329
48076826,institution,Chiang Mai University,,,TH,102.43730158730158,0.2263994107138928,2271,0.192844737722156,1654.0,0.310381778918916,1717.0,0.16717540572314535,1411.0,0.37747057678200396,953.0,0.584235357501379,1919
149205526,source,Chinese Management Studies,1750-614X,B,,319.0,0.2259212118839543,2272,,,0.2700923240498576,1811.0,,,,,0.34301425642942157,2378
4210210758,source,Asian Journal of Business Research,1178-8933,X,,67.0,0.22560850578853764,2273,,,,,,,0.3330111377324122,1004.0,0.40123357294408046,2288
4164984,institution,International Islamic University Malaysia,,,MY,222.74991702741707,0.2255426258739206,2274,0.1854774570220819,1673.0,0.311517871853023,1714.0,0.1734812913531562,1398.0,,,0.8777601717128324,1165
89506807,institution,University of Western Macedonia,,,GR,57.06488095238095,0.2239057696561936,2275,0.31975645752768933,1361.0,0.26412866009570235,1825.0,,,0.26638640881264747,1072.0,0.8090446351266493,1334
96544531,source,Applied Economics Letters,1350-4851,E,,1939.0,0.2224756254856365,2276,0.21982877909957335,1593.0,,,,,,,0.26947916950552525,2474
28703636,source,Journal of Corporate Accounting & Finance,1044-8136,B,,242.0,0.22202757746562934,2277,,,0.26093911483524046,1830.0,,,,,0.261635407461989,2482
123565023,institution,Vietnam National University Ho Chi Minh City,,,VN,245.64246031746032,0.22172816468022322,2278,0.21870707014656937,1597.0,0.3118073672984307,1713.0,0.17058596043239477,1402.0,0.09077320224468192,1238.0,0.7687703102420853,1447
2898542531,source,Revista de Contabilidad,1138-4891,B,,110.0,0.2217134077182217,2279,,,0.2513384508205195,1841.0,,,,,0.39471123744033015,2304
110200422,institution,Universidade Federal de Minas Gerais,,,BR,189.54353068575864,0.22049529625785386,2280,0.19417812218161434,1650.0,0.2365017292253343,1863.0,0.06651598268912534,1612.0,0.7646287556438672,648.0,0.3626126521868973,2347
35961687,institution,Universidad de Antioquia,,,CO,99.14771339771339,0.22033967341112765,2281,0.11082273230746545,1834.0,0.46874389773424713,1430.0,,,,,0.4176212692307544,2259
47854491,source,International Journal of Entrepreneurial Venturing,1742-5360,B,,131.0,0.2198711113256189,2282,,,0.2386027727612506,1860.0,,,,,0.20595912065492172,2538
101163346,source,International Journal of Strategic Property Management,1648-715X,B,,138.0,0.21888911801550032,2283,,,0.2418857463738274,1852.0,,,,,0.3873223519106423,2313
74897591,institution,Marmara University,,,TR,83.78888888888889,0.2186292793270778,2284,0.12912686025718903,1797.0,0.4124618320289378,1529.0,0.03659160129195905,1667.0,0.47601464983606573,862.0,0.6163465254995525,1840
83776822,institution,Shandong Institute of Business and Technology,,,CN,69.0373015873016,0.21823585602561868,2285,0.5469188722112234,875.0,0.11361038302672319,2018.0,0.14038604703861107,1472.0,,,0.43256917269992307,2233
149218525,institution,Ankara University,,,TR,67.30396825396826,0.2181689975948812,2286,0.1393535526387239,1773.0,0.4021799933959676,1546.0,0.1987714399547253,1341.0,0.1923571528293989,1140.0,0.5318709495571892,2043
203894561,source,International Journal of Pharmaceutical and Healthcare Marketing,1750-6123,X,,137.0,0.2176610914464388,2287,,,,,,,0.5932824528726449,758.0,0.42373610714328797,2249
141595442,institution,University of Bucharest,,,RO,37.11704545454545,0.21760281346162605,2288,0.2180225102284003,1599.0,0.29288265468346214,1763.0,,,0.1488746191887811,1179.0,0.358914858380616,2348
149146142,source,International Journal of Innovation and Technology Management,0219-8770,B,,254.0,0.2174959431165829,2289,,,0.2591880102399042,1833.0,,,,,0.34751010722694536,2367
4210203108,source,Asia-Pacific Journal of Accounting & Economics,1608-1625,A,,236.0,0.21659208839580374,2290,,,,,0.15705427128446564,1429.0,,,0.2412512229840767,2501
166459259,institution,Shiraz University,,,IR,59.68015873015873,0.21620024283498562,2291,0.5488963493803657,873.0,0.0999372774870222,2037.0,0.5653022859610224,635.0,0.24271931443080863,1095.0,0.4992521364433016,2122
181744264,institution,Kharazmi University,,,IR,77.53809523809524,0.21580475578763733,2292,0.11738872261601652,1818.0,0.2859535936398371,1778.0,0.32878569163013255,1032.0,0.14232729660119212,1189.0,0.5808194486575321,1931
4210190667,source,Asian Journal of Accounting Research,2443-4175,B,,86.0,0.21566002754860533,2293,,,0.2993905245339601,1743.0,,,,,1.2275288634816206,569
146367977,institution,Applied Science Private University,,,JO,72.22025012025011,0.21502505068126737,2294,0.10275370745410642,1850.0,0.2919154279226689,1764.0,0.06394437142500424,1617.0,0.6687430634765378,717.0,0.8395243141130964,1257
4068193,institution,University of Belgrade,,,RS,160.56183665685953,0.21491384859284765,2295,0.2467426923180648,1538.0,0.25632844308024866,1837.0,0.17780919083361957,1387.0,0.7590162599505209,653.0,0.5560944415634648,1990
2800301432,institution,IMS Unison University,,,IN,77.33023809523809,0.214876591625633,2296,0.031639398276162585,1947.0,0.30326705339125504,1735.0,0.06526337603649837,1614.0,,,0.6249596447266248,1818
160968435,institution,University of Sargodha,,,PK,34.90198412698413,0.21420816483143956,2297,0.19114929326622238,1661.0,0.3079823278012513,1722.0,,,,,0.6301409603210855,1806
2800084297,institution,Indian Institute of Management Shillong,,,IN,95.72063492063494,0.21162467889408465,2298,0.13937042120863347,1772.0,0.2742243447973697,1799.0,0.08247408487115718,1589.0,0.292774075550924,1045.0,0.5303147266478911,2049
4210202595,source,International Journal of Financial Engineering,2424-7863,E,,178.0,0.21134995375237234,2299,0.17296448429354438,1702.0,,,,,,,0.22557626162206404,2519
2764665428,source,Journal of Entrepreneurship Management and Innovation,2299-7075,B,,76.0,0.21130442159672153,2300,,,0.26469714826426566,1821.0,,,,,0.7435927331437838,1512
199693650,institution,Umm al-Qura University,,,SA,52.28650793650794,0.21088079983754623,2301,0.316835298884635,1363.0,0.358506467263425,1631.0,0.07726423899931655,1598.0,0.21491340052558747,1121.0,0.4893000192669227,2144
192372812,source,Journal of International Food & Agribusiness Marketing,0897-4438,B,,131.0,0.21033376814453106,2302,,,0.20364722763808693,1899.0,,,,,0.3443004675814265,2376
3121153395,institution,West University of Timişoara,,,RO,95.91944444444444,0.21004914452695417,2303,0.38354055520275315,1215.0,0.10145545143709009,2035.0,0.26468297358182236,1175.0,0.468654219354329,868.0,0.5775229705052843,1938
83291730,institution,University for Development Studies,,,GH,83.66839826839826,0.2087536129377494,2304,0.2798868467287956,1446.0,0.17732060115945372,1936.0,0.0592584255316829,1623.0,0.7560222505221716,655.0,0.5323635701629517,2042
200432940,institution,Allameh Tabataba'i University,,,IR,79.20353535353534,0.20868407020748844,2305,0.09717487984758982,1856.0,0.18222689091705763,1932.0,0.050331649469783094,1638.0,2.7334369673179233,97.0,0.5099024602502779,2096
2765036513,source,Australasian Accounting Business and Finance Journal,1834-2000,B,,184.0,0.20864918657864298,2306,,,0.2645265123982776,1822.0,,,,,0.5666220028530826,1967
2764768042,source,Journal of Economics Finance and Administrative Science,2077-1886,E,,87.0,0.20769578358311747,2307,0.3360190989856973,1325.0,,,,,,,0.5531731243450787,1997
114972647,institution,University of Jordan,,,JO,199.98728724978724,0.206693000874741,2308,0.05572348101273939,1911.0,0.27211163370158264,1805.0,0.09614799104698588,1574.0,1.2269591749462831,416.0,0.8589838386561292,1213
16277215,institution,University of Houston - Downtown,,,US,52.63242100578549,0.20665888564763227,2309,0.04229593537748235,1928.0,0.2692644846285436,1813.0,0.3213039539654734,1052.0,,,0.30493333849783266,2437
305801656,institution,Wroclaw University of Economics and Business,,,PL,176.8768740031898,0.20563841572199976,2310,0.13693091184034803,1780.0,0.2434917125859049,1850.0,0.3552473944563245,976.0,1.1113419396077298,470.0,0.3551226448721034,2358
4210208553,source,OPEC Energy Review,1753-0229,E,,80.0,0.20492814960907574,2311,0.1952881596293689,1643.0,,,,,,,0.3748792062832956,2333
244572783,institution,Symbiosis International University,,,IN,563.9580225686766,0.2044874431211019,2312,0.16619854113074492,1722.0,0.25246219122237046,1840.0,0.4963592699222856,712.0,0.3533521467538296,981.0,0.7125546902976317,1588
2736877889,source,Management & Marketing,1842-0206,B,,127.0,0.20409318809363938,2313,,,0.22080611437693276,1882.0,,,,,0.734116263892564,1535
18167132,institution,Universidade Presbiteriana Mackenzie,,,BR,63.75908521303258,0.20364260440245308,2314,0.04165895876296419,1929.0,0.30269151919964526,1737.0,0.061968158776667115,1619.0,0.5082181478005454,835.0,0.4966630019009967,2129
4210179146,source,Business Strategy & Development,2572-3170,B,,286.0,0.203000328066277,2315,,,0.23895788285659836,1859.0,,,,,0.37799415839453154,2326
134635517,institution,Bandung Institute of Technology,,,ID,191.0095634920635,0.20287896667262462,2316,0.1269768343615454,1806.0,0.28326916747598213,1783.0,0.11168983203435859,1531.0,0.051589327115856086,1265.0,0.6570710754750311,1740
945769174,source,Revue d économie politique,0373-2630,E,,80.0,0.20265215573950565,2317,0.14735077204685176,1753.0,,,,,,,0.11579639421191137,2629
2765038058,source,Human Systems Management,0167-2533,B,,227.0,0.20248108289630004,2318,,,0.22923532711814262,1872.0,,,,,0.33569430364058517,2390
2737296559,source,Economies,2227-7099,E,,956.0,0.20239237967291807,2319,0.1996121582143227,1634.0,,,,,,,0.6067901766879962,1857
233745408,institution,Pontificia Universidad Javeriana,,,CO,127.43128815628815,0.20165900307587023,2320,0.10380862619421216,1848.0,0.3055427481200837,1731.0,0.04290181849088382,1654.0,0.18316686164754484,1153.0,0.3752695134897683,2330
26999989,institution,University of the Free State,,,ZA,102.28769841269843,0.20151578740038886,2321,0.11802055068808773,1817.0,0.2953709992719033,1757.0,,,0.43085655246053656,897.0,0.4788874329138646,2168
79161377,institution,Punjabi University,,,IN,170.44444444444446,0.20107160285803188,2322,0.19234915828716995,1657.0,0.24040283965029827,1858.0,0.15437065720253468,1437.0,0.1736024624273914,1159.0,0.5373410421414491,2032
145019703,institution,Al-Zaytoonah University of Jordan,,,JO,98.53809523809525,0.20079491526905122,2323,0.18165236139301352,1684.0,0.2629011236879316,1826.0,,,,,0.7561577502006487,1474
1331070479,institution,Université de Yaoundé I,,,CM,85.99722222222222,0.20070425284282478,2324,0.25783357510127497,1508.0,0.08047808522971035,2056.0,0.02198260126037382,1680.0,1.0099996360337375,519.0,0.34878223614466103,2364
37696226,institution,University of Maribor,,,SI,104.21866883116884,0.200292621380133,2325,0.1148510201719895,1826.0,0.30705360588579056,1728.0,,,0.19164653402273815,1141.0,0.6416218059663931,1779
119744171,institution,Higher Colleges of Technology,,,AE,91.14166666666668,0.200082472846714,2326,0.22150508706384966,1590.0,0.22494564395260533,1878.0,0.1765620167194534,1391.0,0.14300885782804118,1188.0,0.5896661599499592,1899
136830121,institution,Islamic Azad University South Tehran Branch,,,IR,60.85757575757575,0.2000495348861682,2327,0.37712066737633737,1225.0,0.21421882142360427,1891.0,0.23982436120491987,1239.0,,,0.5406755111030855,2025
188742231,source,International Journal of Innovation Science,1757-2223,B,,202.0,0.19985808382229753,2328,,,0.23569310242402744,1864.0,,,,,0.6062945762113686,1861
60370010,source,Journal of the Knowledge Economy,1868-7865,E,,1176.0,0.1989985786041867,2329,0.249729430796557,1533.0,,,,,,,0.4117051255110925,2273
130757258,source,International Game Theory Review,0219-1989,X,,109.0,0.19889953564836635,2330,,,,,,,0.41807530275048016,913.0,0.12725672021838236,2611
108158533,source,Journal of Quality Assurance in Hospitality & Tourism,1528-008X,B,,280.0,0.19880749931172517,2331,,,0.23563013258651944,1865.0,,,,,0.42121213609462604,2252
162583106,source,Health Marketing Quarterly,0735-9683,B,,95.0,0.19856816000941857,2332,,,0.2206353586603209,1883.0,,,,,0.254346419710404,2491
126021079,source,International Journal of Sport Finance,1558-6235,X,,36.0,0.1984619021478853,2333,,,,,,,,,0.211459837082993,2531
2764865913,source,Economics and Business Letters,2254-4380,E,,133.0,0.19819106167967862,2334,0.1698766660590594,1711.0,,,,,,,0.30778671531531,2432
170913539,source,Bulletin of Economic Research,0307-3378,E,,207.0,0.19735673587341693,2335,0.1896685177549182,1664.0,,,,,,,0.19497557169892896,2548
126160977,source,Mathematical Methods of Operations Research,1432-2994,X,,144.0,0.19691384003903514,2336,,,,,,,0.32423441361358935,1016.0,0.16261236085438174,2575
16035445,source,Enterprise & Society,1467-2227,B,,77.0,0.1968669014815891,2337,,,0.14718235214020806,1971.0,,,,,0.12504672706730463,2616
4210153204,institution,Universidade Portucalense,,,PT,49.71733025746183,0.1967218350565401,2338,0.2759661164265626,1459.0,0.3073619031544735,1724.0,0.04655872119635447,1645.0,,,0.5879645845964309,1904
113509650,source,Journal of the Asia Pacific Economy,1354-7860,E,,281.0,0.1959006272033589,2339,0.21027971860062242,1612.0,,,,,,,0.3239521209228366,2402
200606013,institution,Daffodil International University,,,BD,24.77799422799423,0.1954666345949167,2340,0.4735197147811939,992.0,0.14045586138193783,1984.0,0.05750626764163592,1628.0,1.170513325853306,443.0,1.0067250783412471,903
78768387,institution,University of Prishtina,,,XK,82.02164502164501,0.1950945344140376,2341,0.17556963559839334,1699.0,0.19646147828104066,1913.0,0.20820436796463493,1322.0,0.40160775131449955,927.0,0.4552297543506037,2200
4210195452,source,FIIB Business Review,2319-7145,X,,220.0,0.19500321950730773,2342,,,,,,,0.8096645759659538,615.0,0.479516972038946,2166
142608572,institution,Prince Sattam Bin Abdulaziz University,,,SA,154.13394327894326,0.19426837130415986,2343,0.23352767668798402,1565.0,0.26431390223771306,1824.0,0.31722645029117263,1061.0,0.38646333530990257,950.0,0.6655564361597075,1721
4210175221,source,Asia-Pacific Journal of Regional Science,2509-7946,E,,142.0,0.19399102583845695,2344,0.22742723265230014,1578.0,,,,,,,0.355591435991853,2355
109960688,source,Journal of Human Resources in Hospitality & Tourism,1533-2845,B,,108.0,0.1938956283309547,2345,,,0.22759975278406866,1874.0,,,,,0.3179755978361109,2411
33501960,institution,Universidade Federal de Santa Maria,,,BR,101.7549861973775,0.19365800406980233,2346,0.2605899540591652,1501.0,0.23162960069353075,1870.0,0.019462791561457464,1686.0,,,0.4719176871671644,2181
8961855,institution,Universidad Nacional Autónoma de México,,,MX,171.54404761904763,0.19352453541327982,2347,0.2662256743237197,1484.0,0.19123782825384866,1922.0,0.005767986702183236,1703.0,0.11513238903508523,1211.0,0.31419699147918634,2419
173029219,institution,Multimedia University,,,MY,109.4275793650794,0.19347092468140234,2348,0.35449289061719613,1273.0,0.21687157243745023,1887.0,0.06469331459523774,1615.0,0.6769118040823854,713.0,0.892046920800575,1136
88045947,source,The International Trade Journal,0885-3908,E,,148.0,0.19329372344991283,2349,0.1787444229806572,1690.0,,,,,,,0.22636384043878371,2518
21173400,institution,Mutah University,,,JO,75.49166666666666,0.19269326368625272,2350,0.12579079413169947,1807.0,0.2259563987252507,1877.0,0.0660163802073436,1613.0,,,0.4654064383483368,2189
16146169,source,International Journal of Economic Theory,1742-7355,E,,100.0,0.19232927167289118,2351,0.20342360327852016,1628.0,,,,,,,0.16255773675840696,2576
54515432,institution,Burdur Mehmet Akif Ersoy Üniversitesi,,,TR,65.75694444444444,0.19165699204815118,2352,0.04855595441386258,1922.0,1.0596586526388716,627.0,0.13363659425904137,1482.0,,,0.301098695367852,2442
63596082,institution,Tunis El Manar University,,,TN,120.74027777777776,0.19137995571182573,2353,0.19361288215364128,1653.0,0.20179017528993706,1902.0,0.21302158443615368,1307.0,,,0.4719973907971933,2179
181870614,source,Journal of Financial Economic Policy,1757-6385,E,,127.0,0.19137107860984573,2354,0.18075856382644515,1687.0,,,,,,,0.2675161896614925,2476
29659387,source,Industrial and Commercial Training,0019-7858,B,,103.0,0.1900091026333712,2355,,,0.23389744343406166,1867.0,,,,,0.6391768341274102,1787
165682329,institution,Guru Nanak Dev University,,,IN,117.32083333333331,0.18961760926971896,2356,0.03786599265721255,1936.0,0.27250628474644023,1803.0,0.03137466011415762,1675.0,,,0.5571948628620778,1988
2765075218,source,Cogent Economics & Finance,2332-2039,E,,986.0,0.1892253006870676,2357,0.1897244517782948,1663.0,,,,,,,0.5253506716122228,2059
4210120329,institution,RTI Health Solutions,,,US,78.85281224473917,0.18901746463136862,2358,0.1990900644697045,1636.0,,,,,,,0.14455586423948985,2594
4210186315,source,DECISION,0304-0941,B,,115.0,0.18876451186951407,2359,,,0.14981533207760703,1966.0,,,,,0.287120591503097,2455
885383172,institution,National University of Malaysia,,,MY,343.78967920967926,0.1886752380923628,2360,0.42788655612193355,1101.0,0.1393245944694555,1985.0,0.29185664730661826,1109.0,0.15946946414869945,1171.0,0.5896260043837501,1900
49131624,source,International Journal of Social Economics,0306-8293,E,,392.0,0.18860480542329938,2361,0.15938703824451741,1736.0,,,,,,,0.4284703016930468,2240
4210179427,source,Academia Revista Latinoamericana de Administración,1012-8255,B,,106.0,0.1883250948270478,2362,,,0.20049271488013226,1905.0,,,,,0.30820265091701643,2431
5100685,institution,University of Education,,,PK,25.320604395604395,0.18813066891498637,2363,0.14128431306054148,1764.0,0.33419402116224345,1676.0,0.1601591532004669,1424.0,0.1421160609147736,1190.0,0.47274829215937336,2177
4210123993,institution,Van Lang University,,,VN,40.046031746031744,0.18802988558257513,2364,0.4315739246443781,1092.0,0.10446292194746323,2029.0,0.10424301017314964,1552.0,,,0.8168351578925566,1316
82178847,source,Economic Papers A journal of applied economics and policy,0812-0439,E,,92.0,0.18695846972242283,2365,0.16714158311301797,1721.0,,,,,,,0.2100129507180995,2533
161913731,institution,Al Ain University,,,AE,141.4174603174603,0.1861274869773478,2366,0.1836178577326744,1678.0,0.19812936702940545,1910.0,0.23890835277978664,1241.0,0.28838591065763736,1054.0,0.6471684920380091,1765
62126747,source,The Singapore Economic Review,0217-5908,E,,524.0,0.18518383709211267,2367,0.1795973543450229,1689.0,,,,,,,0.2863330967679384,2457
2764824119,source,Real Estate Management and Valuation,2300-5289,E,,132.0,0.18499920578148343,2368,0.22734142410437025,1579.0,,,,,,,0.2591215388582674,2485
39268498,institution,University of Isfahan,,,IR,140.1847222222222,0.1848997481383282,2369,0.2522432907360308,1525.0,0.22308115606917667,1880.0,,,,,0.3729778805710215,2335
226432,institution,Universiti Malaysia Kelantan,,,MY,53.21832611832612,0.18483196328744,2370,0.28549880690329216,1437.0,0.24175841721870428,1853.0,,,0.7046647473494078,698.0,0.762664684232422,1458
80611190,institution,Jeonbuk National University,,,KR,72.49215367965368,0.1847053828011278,2371,0.17858292673490234,1692.0,0.2334270868659058,1868.0,0.19475907188800354,1355.0,,,0.32556888309671056,2400
135388327,institution,University of Kashmir,,,IN,108.9858225108225,0.18411242532176955,2372,0.04276902171929571,1926.0,0.26683426705639063,1817.0,,,0.1946671122415851,1137.0,0.49052204242754854,2141
4210216953,source,International Journal of Economic Policy Studies,1881-4387,E,,76.0,0.18351265876480824,2373,0.2095627155487019,1614.0,,,,,,,0.3103042756945016,2428
140389752,source,Revista de Economía Mundial,1576-0162,E,,184.0,0.18277281879871066,2374,0.09347631772458155,1865.0,,,,,,,0.19235122732080845,2552
3019271933,institution,Nicolaus Copernicus University,,,PL,118.07638888888889,0.18227152598926,2375,0.10499347396969691,1845.0,0.23041161295782003,1871.0,0.22786829832864128,1276.0,1.7851232067111789,235.0,0.4886675718337217,2146
2898392467,source,Future Business Journal,2314-7202,B,,258.0,0.18166500778204286,2376,,,0.200350898615943,1906.0,,,,,0.7595101007652052,1465
11892038,institution,University of Nigeria,,,NG,181.256786220602,0.18158032354573592,2377,0.250849383203657,1529.0,0.2102867835434974,1896.0,0.07830014386332047,1597.0,0.22025458681977178,1117.0,0.44759014087254856,2213
25359449,source,International Advances in Economic Research,1083-0898,E,,114.0,0.18150069919111894,2378,0.16810945161756485,1718.0,,,,,,,0.23695965066256222,2505
152786945,source,Stochastics,1744-2508,X,,167.0,0.18077482940937564,2379,,,,,,,0.23031568311774278,1106.0,0.1150556911311917,2631
34250744,institution,University of Łódź,,,PL,308.7496031746031,0.17979766790402074,2380,0.1820208830435641,1681.0,0.23755918059959885,1861.0,0.08316621940762225,1588.0,0.7105363810084859,691.0,0.41272339517221707,2272
118905719,institution,University of Primorska,,,SI,61.27349368318755,0.17832632734077933,2381,0.25455571210884564,1516.0,0.21973070506679213,1884.0,,,0.16774068996879726,1161.0,0.45200652622610243,2204
4210219734,source,National Accounting Review,2689-3010,E,,85.0,0.17815705166245938,2382,0.15113868303355357,1748.0,,,,,,,0.42847774506591585,2239
154347574,institution,University of Rijeka,,,HR,141.46792431706223,0.1767270885028001,2383,0.11057941624500202,1835.0,0.372739320642744,1606.0,1.2175790459447433,264.0,0.1340130251904763,1199.0,0.5396522546089227,2029
2764792399,source,Investment Analysts Journal,1029-3523,A,,113.0,0.1766763729957561,2384,,,,,0.10542459491996417,1546.0,,,0.21910434460075215,2528
211738395,institution,Financial University,,,RU,130.04945887445888,0.176549062152093,2385,0.18554265430397998,1672.0,0.25460390968764024,1839.0,0.13622273950806613,1478.0,0.43400816001593817,893.0,0.8663001568086295,1193
85507684,institution,Yarmouk University,,,JO,110.61527777777778,0.17637434679001468,2386,0.34945894019868623,1283.0,0.19832787183142897,1908.0,0.2217806128229778,1290.0,0.38815503609161556,948.0,0.48535643231097764,2154
188922065,institution,University of Economics in Katowice,,,PL,132.9828177822853,0.17615170971098992,2387,0.06443018794044635,1898.0,0.2707625311907308,1809.0,0.021138365814543026,1682.0,0.2890475221261822,1052.0,0.5467365417260507,2007
48843708,institution,Pamukkale University,,,TR,80.89669140383425,0.1756364762590828,2388,0.10870998672976236,1837.0,0.2917592561627392,1765.0,0.10933592878430877,1535.0,,,0.428991443071084,2238
263417816,institution,The Russian Presidential Academy of National Economy and Public Administration,,,RU,50.96868686868686,0.17545744760029958,2389,0.25881142498257137,1507.0,0.27575344206223373,1798.0,0.1859872746809339,1366.0,0.41987200796377,912.0,0.2704051158996179,2473
155419210,institution,"Islamic Azad University, Science and Research Branch",,,IR,54.675000000000004,0.17453833908005034,2390,0.5013230446086548,941.0,0.15552586714063213,1955.0,0.10784406419476444,1538.0,0.4576338141281434,877.0,0.5204788844269275,2077
4210159643,institution,Institute of Technology and Business,,,CZ,75.59978991596638,0.1739635114626613,2391,0.31480132884320017,1369.0,0.19304011693234127,1918.0,0.12159964109795007,1513.0,0.7051339184741965,696.0,0.8261573840824916,1293
4210212964,source,World,2673-4060,X,,178.0,0.17388291572857942,2392,,,,,,,0.2641341430778699,1078.0,0.3118885879866034,2426
104354167,source,Acta Oeconomica,0001-6373,E,,133.0,0.17287030824777977,2393,0.15946661346196625,1735.0,,,,,,,0.21681866839767486,2529
4210173805,source,Evidence-based HRM a Global Forum for Empirical Scholarship,2049-3983,B,,163.0,0.1726246787594076,2394,,,0.21570047958732325,1889.0,,,,,0.27791888993687697,2464
31079310,institution,Al al-Bayt University,,,JO,85.40158730158728,0.1714146709947044,2395,0.4614016083727579,1026.0,0.21161854701616742,1895.0,0.21671895573374791,1303.0,,,0.8530781056747742,1232
91357014,institution,Banaras Hindu University,,,IN,122.5888888888889,0.17127841664611435,2396,0.2577147304990385,1509.0,0.21766936140268026,1885.0,0.0736827571077638,1605.0,0.3446857994239684,989.0,0.6746408812162303,1689
2798341630,source,Corporate Ownership and Control,1727-9232,B,,295.0,0.17008723981265084,2397,,,0.2412274177559237,1856.0,,,,,0.2428790900336677,2498
165390105,institution,University of South Africa,,,ZA,379.67210424710436,0.17008152278573443,2398,0.19803618443060464,1637.0,0.15377876017589245,1959.0,0.08062984614474229,1592.0,0.762513811819067,650.0,0.5334667631315053,2040
4210187131,source,South East European Journal of Economics and Business,2233-1999,E,,73.0,0.16969306253685248,2399,0.1351677084362191,1785.0,,,,,,,0.307351458407464,2433
205133468,institution,Airlangga University,,,ID,333.1455357142857,0.16964986867409015,2400,0.12100437394922142,1812.0,0.24620049060237667,1847.0,0.10561649442051937,1545.0,0.2699812052450573,1069.0,0.8863983840750373,1148
88491126,institution,Bucharest University of Economic Studies,,,RO,486.7123250717291,0.16939787549918003,2401,0.13034850917829044,1794.0,0.16722259183935365,1944.0,0.4588479989389156,776.0,0.21354149561518226,1123.0,0.6706133742989218,1697
74788687,institution,Comenius University Bratislava,,,SK,78.17453102453102,0.16898547913685485,2402,0.11655227983653882,1822.0,0.09533792724697514,2043.0,0.29850601543483135,1094.0,0.3930332143972657,939.0,0.4737453195573859,2175
183776795,source,Review of Pacific Basin Financial Markets and Policies,0219-0915,B,,133.0,0.16875988704917938,2403,,,0.197220439824766,1912.0,,,,,0.17862444451561355,2560
41461413,institution,Universiti Malaysia Sarawak,,,MY,150.53163832199544,0.16861976527997646,2404,0.20166820603793362,1631.0,0.17424012681131062,1940.0,0.33672868379885484,1011.0,0.7421804954130226,665.0,0.5061811918127852,2104
61727081,source,Economics & Sociology,2071-789X,X,,237.0,0.16754235622091185,2405,,,,,,,0.6296876533314759,742.0,0.6493149081594993,1753
2738076829,source,Cogent Business & Management,2331-1975,B,,1749.0,0.16721746450437885,2406,,,0.19570608233899706,1915.0,,,,,0.623023872409542,1826
66514158,institution,Hacettepe University,,,TR,138.84272875816993,0.1671188258346539,2407,0.07770667632467923,1879.0,0.38203304409277605,1588.0,0.2295900639092183,1268.0,1.6662701950800147,264.0,0.22755487569121477,2516
177671886,institution,Mercu Buana University,,,ID,81.97394688644688,0.16694452321079456,2408,0.18757798104621728,1668.0,0.21168169137495113,1894.0,0.007336929001141679,1701.0,0.643239265236797,736.0,1.6136080231326946,248
4210176348,source,Journal of Science and Technology Policy Management,2053-4620,X,,241.0,0.16691545024057663,2409,,,,,,,0.46867406273657053,867.0,0.5531069741996397,1998
173161963,institution,University of Prešov,,,SK,82.63084733893557,0.1666676228896258,2410,0.22116682452414638,1591.0,0.0649801352606795,2082.0,0.6685632301776382,524.0,0.4517728836000552,882.0,0.5953006949761276,1889
47996466,institution,University of Warmia and Mazury in Olsztyn,,,PL,117.72568860877684,0.16642357522527906,2411,0.23753106157099887,1556.0,0.13105978829949885,1997.0,0.0968172283223187,1572.0,0.5309567716540157,814.0,0.39186945466387213,2308
112982808,institution,Universiti Sains Islam Malaysia,,,MY,88.2547619047619,0.16625329799466698,2412,0.014803293712579902,1974.0,0.25643742053408863,1836.0,0.00713567230476506,1702.0,0.055066493709342086,1259.0,0.6546138592414097,1744
110360157,institution,Lovely Professional University,,,IN,143.50892857142858,0.16620061882262643,2413,0.09228292216342067,1868.0,0.1790036868026155,1935.0,,,1.9475147709360427,211.0,0.5238083788260515,2065
4210237825,source,International Journal of Ethics and Systems,2514-9369,X,,190.0,0.1660391881199213,2414,,,,,,,0.7804394860958279,632.0,0.6204464668278028,1832
197907453,institution,Akdeniz University,,,TR,104.55000000000001,0.16591893612868183,2415,0.09540295083234956,1862.0,0.30959380170497436,1719.0,0.039977641037887895,1660.0,0.5379901918893915,806.0,0.41106893615030216,2274
2898603574,source,RAUSP Management Journal,2531-0488,B,,94.0,0.16454853963985813,2416,,,0.1747621651688983,1939.0,,,,,0.39964255088614165,2292
36243813,institution,Universidad Nacional de Colombia,,,CO,159.76273422937217,0.16442096799800224,2417,0.08895294301293212,1871.0,0.2875212488766699,1773.0,0.9135151601162084,377.0,0.12909215980265296,1205.0,0.34857206895349974,2365
980556082,source,Agricultural Economics (Zemědělská ekonomika),0139-570X,X,,164.0,0.16436447471641602,2418,,,,,,,0.5483896980189994,798.0,0.49108256788385624,2140
2764594251,source,Engineering Economics,1392-2785,X,,165.0,0.16426649150889303,2419,,,,,,,0.4446168822989933,888.0,0.5249027099586618,2060
4210220385,source,Economics,1864-6042,E,,117.0,0.16242427820958863,2420,0.17006284556774207,1710.0,,,,,,,0.18506254714581433,2557
128035191,source,The Developing Economies,0012-1533,E,,136.0,0.16083956481010803,2421,0.20554155893213388,1623.0,,,,,,,0.1521709665637172,2586
2764538546,source,Polish Journal of Management Studies,2081-7452,X,,34.0,0.15993386148002398,2422,,,,,,,0.580283850881351,777.0,0.48288301156886315,2160
24290265,source,Health Services and Outcomes Research Methodology,1387-3741,X,,102.0,0.15953860138018125,2423,,,,,,,0.30769137974642013,1032.0,0.1368209196989542,2600
2764853111,source,Journal of Economic and Financial Sciences,1995-7076,B,,114.0,0.1591434111356967,2424,,,0.13806503706234,1987.0,,,,,0.2627405761340634,2481
51452335,institution,Panjab University,,,IN,85.89583333333333,0.15787980857308143,2425,0.26304906373607706,1494.0,0.19125253140756926,1921.0,0.017674888508422724,1691.0,0.35080085488105706,984.0,0.4822712166770495,2164
231025917,institution,Hellenic Open University,,,GR,72.52460317460317,0.15719121779308928,2426,0.1823083052528308,1680.0,0.1557679491529142,1954.0,0.14977598652334675,1452.0,0.4997052799026796,843.0,0.4054906878816521,2281
49164534,source,Journal of International Commerce Economics and Policy,1793-9933,E,,69.0,0.15682826444284778,2427,0.19490674995053797,1647.0,,,,,,,0.18157607415703936,2558
4210240883,source,Bulletin of Monetary Economics and Banking,1410-8046,E,,127.0,0.15574869817191905,2428,0.19509333427991443,1645.0,,,,,,,0.35662657062499725,2353
78880903,institution,Universidad de Huelva,,,ES,65.32499999999999,0.1553598159829765,2429,0.10983487563989705,1836.0,0.286932071922167,1775.0,0.20904737787964775,1320.0,0.03898822588414536,1278.0,0.3293229487158064,2396
4210131147,institution,SRM University,,,IN,66.77896825396824,0.1542433225453272,2430,0.17577204764816598,1697.0,0.1811785629860042,1934.0,0.29622441695344925,1101.0,0.22149549806206176,1114.0,0.32456121106157687,2401
46803900,source,Macroeconomics and Finance in Emerging Market Economies,1752-0843,E,,110.0,0.15336502559062598,2431,0.13985789738084262,1768.0,,,,,,,0.24182946041358294,2500
4210221741,source,Organizations and Markets in Emerging Economies,2029-4581,X,,74.0,0.15325589852537777,2432,,,,,,,0.19103296623153918,1143.0,0.28307995127904995,2458
4210169699,source,China Journal of Accounting Studies,2169-7213,B,,133.0,0.15286037032476202,2433,,,0.1813860113601143,1933.0,,,,,0.21067770359537136,2532
103703290,institution,Sakarya University,,,TR,121.69169996669999,0.1513893367126805,2434,0.17683542388614454,1695.0,0.20801481939920322,1898.0,0.13866062006430863,1474.0,0.6708150663018744,714.0,0.5577633841093828,1984
166073570,institution,Binus University,,,ID,191.44067460317464,0.1513513888760915,2435,0.12879214072856535,1799.0,0.1891109497572333,1923.0,0.052785764779485024,1633.0,0.4014796301381755,928.0,0.7314673582768311,1544
2801516365,institution,Kumasi Technical University,,,GH,52.16666666666667,0.15080627048673861,2436,0.23704751419324221,1558.0,0.18654857684441184,1924.0,0.004686220485704,1705.0,,,0.467803163893436,2186
2898124213,source,Journal of Accounting Literature,0737-4607,A,,140.0,0.15033692919074595,2437,,,,,0.10741792365663433,1540.0,,,0.20940529659167467,2534
45711476,institution,Obafemi Awolowo University,,,NG,120.02738095238095,0.14998183633780873,2438,0.2423718155432041,1550.0,0.10823782046285939,2023.0,0.14222807776906068,1469.0,0.4003318562620764,931.0,0.4192385039337558,2256
146583814,institution,Mykolas Romeris University,,,LT,75.19199134199134,0.14986090908420974,2439,0.1422069189281655,1762.0,0.42250616051271744,1512.0,,,0.04245411303440839,1273.0,0.599833415208293,1877
4210225395,source,St Petersburg University Journal of Economic Studies,1026-356X,X,,18.0,0.1496935745021711,2440,,,,,,,1.0004253470889273,524.0,0.5313160286146661,2045
2738848155,source,Contemporary Economics,2084-0845,E,,81.0,0.14893695827170192,2441,0.1416280616196868,1763.0,,,,,,,0.38163839328167737,2318
4210228954,source,Revue de l'OFCE/La Revue de l'OFCE,1265-9576,E,,45.0,0.14818956892775884,2442,0.15608539351678852,1739.0,,,,,,,0.16143746369291892,2577
4210094138,institution,University of West Attica,,,GR,62.95753968253969,0.1481241644097923,2443,0.03665860301195631,1939.0,0.2839657301334256,1781.0,0.12825560377267572,1498.0,0.4774427665775419,861.0,0.3536255047113217,2360
178953182,source,International Insolvency Review,1099-1107,B,,136.0,0.1468725034614377,2444,,,0.14486821305738648,1977.0,,,,,0.13679970118587956,2601
4210214909,source,Prague Economic Papers,1210-0455,E,,80.0,0.14620876878361172,2445,0.16831841696112315,1716.0,,,,,,,0.175156583172081,2565
4210226929,source,South Asian Journal of Human Resources Management,2322-0937,B,,70.0,0.14619541897746688,2446,,,0.15670817723990602,1953.0,,,,,0.29984530254223124,2443
71487352,source,BAR - Brazilian Administration Review,1807-7692,B,,125.0,0.14607141980106297,2447,,,0.18461286230283852,1928.0,,,,,0.2709584839069822,2472
137616099,institution,Tshwane University of Technology,,,ZA,84.99087301587302,0.1459651486039239,2448,0.3606142742390458,1253.0,0.14193445572591326,1981.0,,,,,0.2898717517726755,2451
177733328,institution,Can Tho University,,,VN,66.55396825396825,0.14555075210274246,2449,0.15981404447111214,1734.0,0.17201285980490924,1942.0,0.04966754586073946,1640.0,0.18237181896349514,1155.0,0.40485672292787306,2283
191612999,source,Organizacija,1318-5454,B,,88.0,0.14418263253403665,2450,,,0.15411088812932527,1958.0,,,,,0.515866510613263,2082
110620307,institution,Budapest University of Economics and Business,,,HU,62.24999999999999,0.14355504984754577,2451,0.08019430808435628,1877.0,0.2011983411842755,1903.0,0.039909540633363834,1661.0,0.22146919114613492,1115.0,0.7400674095926772,1521
2738428943,source,Studia Universitatis „Vasile Goldis” Arad – Economics Series,1584-2339,E,,68.0,0.1431390952017273,2452,0.14745891366937872,1752.0,,,,,,,0.27436170119488873,2468
104588304,institution,University of Szczecin,,,PL,187.13055555555556,0.14210681802631756,2453,0.11652575136178361,1823.0,0.11525953718710102,2014.0,0.5034548083444628,705.0,0.334737946357041,1002.0,0.46899784926305094,2184
177055848,institution,University of Brawijaya,,,ID,209.07417027417026,0.1419692859130728,2454,0.1683806804201293,1715.0,0.16539546682488118,1945.0,,,0.9363359508957024,553.0,0.9713198746474359,964
108403487,institution,Warsaw University of Technology,,,PL,71.35892857142858,0.141256464070174,2455,0.18126653759585862,1686.0,0.14272213177716206,1980.0,0.12265450164449293,1509.0,0.1430593444820021,1187.0,0.5123011032268798,2088
56081889,institution,Mendel University in Brno,,,CZ,95.628373015873,0.14055607380016275,2456,0.11660947006603543,1821.0,0.19162642523136258,1919.0,0.19669095892143929,1350.0,1.0470607013421873,499.0,0.3445967541312504,2375
4210171825,source,American Business Review,0743-2348,B,,98.0,0.13815265356899595,2457,,,0.14136011886176927,1982.0,,,,,0.16892614252491653,2569
64935225,institution,Bratislava University of Economics and Business,,,SK,168.88055555555556,0.1369305474969848,2458,0.15652491862062778,1737.0,0.1027839624409224,2033.0,0.2743564012495683,1158.0,0.39518799567790924,936.0,0.48260047273616397,2161
148158369,institution,State University of Semarang,,,ID,67.28571428571429,0.13660112159184515,2459,0.04247162298976089,1927.0,0.16332671987382527,1947.0,0.06038946867568325,1621.0,1.4093432733668434,351.0,1.00681937494946,902
147126554,source,Panoeconomicus,1452-595X,E,,99.0,0.13640734187802608,2460,0.14462773177354224,1758.0,,,,,,,0.14887819550736683,2588
205984670,institution,Czech University of Life Sciences Prague,,,CZ,72.14647458017023,0.1362270241425289,2461,0.2057376055689984,1621.0,0.058684552748422526,2094.0,0.2027404577260437,1334.0,0.9491452172058011,546.0,0.5864030428196804,1912
104941359,institution,Al-Ahliyya Amman University,,,JO,48.41369047619048,0.13603324818316212,2462,0.12225250624636333,1809.0,0.16316487113130473,1948.0,0.05354432887369753,1632.0,0.26499673648284355,1075.0,0.7119462681425519,1591
110525433,institution,"Islamic Azad University, Tehran",,,IR,62.124572649572656,0.13586662721821227,2463,0.08236965760472983,1875.0,0.2488989630442123,1843.0,0.06668527785130438,1611.0,,,0.3923138922726582,2307
2764416040,source,Quality Innovation Prosperity,1335-1745,B,,89.0,0.1357960722574011,2464,,,0.17213341030071252,1941.0,,,,,0.48857747077447433,2147
170726198,institution,University of Novi Sad,,,RS,118.4607744107744,0.13535787161738325,2465,0.17860599846528236,1691.0,0.1345135685859546,1992.0,0.13083864182481186,1492.0,0.7466314584975564,663.0,0.4871764123085927,2150
80850581,institution,Universidade Federal de Uberlândia,,,BR,95.96398691887822,0.13482764597786406,2466,0.16437156010017315,1724.0,0.1652310909418065,1946.0,0.15629076748339063,1431.0,0.3220662739688769,1019.0,0.20104327462141697,2543
99304778,source,Forum for Social Economics,0736-0932,E,,105.0,0.1347355614908801,2467,0.11475865762683761,1828.0,,,,,,,0.15925514181633563,2581
4210192138,source,Nankai Business Review International,2040-8749,B,,134.0,0.13463632208938092,2468,,,0.1602241065939977,1950.0,,,,,0.2722698236326906,2470
88596544,institution,Universidade Lusófona,,,PT,48.91820887445886,0.13462961189084602,2469,0.2261757490071098,1582.0,0.1511650182893032,1965.0,,,,,0.3058807612035959,2434
4210229491,source,Journal of Intelligence Studies in Business,2001-015X,B,,58.0,0.13459263177570086,2470,,,0.1611163113763704,1949.0,,,,,0.24236525587052513,2499
2764670390,source,Journal of Entrepreneurship and Sustainability Issues,2345-0282,X,,468.0,0.13414304702892693,2471,,,,,,,0.3106919975370629,1030.0,0.6934876110045182,1637
4210218909,source,Journal of Quantitative Economics,2364-1045,E,,157.0,0.13290039581580843,2472,0.10664937728953258,1842.0,,,,,,,0.134712811138284,2602
678965,source,Value in Health,1098-3015,E,,7348.0,0.13245928585259384,2473,0.13636517707506346,1782.0,,,,,,,0.1299794066814117,2606
157344451,source,South African Journal of Economic and Management Sciences,1015-8812,A,,146.0,0.132395109421941,2474,,,,,0.03499657439841732,1671.0,,,0.2660697579552974,2478
144946686,source,IIMB Management Review,0970-3896,B,,95.0,0.13190925070880524,2475,,,0.14661541774886164,1972.0,,,,,0.4493275944496991,2211
161371597,institution,Universiti of Malaysia Sabah,,,MY,136.11987734487735,0.13175282102762653,2476,0.21898077273925468,1595.0,0.14808358191106685,1968.0,0.6424102635150882,550.0,0.5764781352116247,782.0,0.43296532314821917,2232
4210175690,source,Accounting,2369-7393,B,,238.0,0.13094734723771861,2477,,,0.1476415559628558,1970.0,,,,,0.803582936508679,1347
91633459,institution,Middle East University,,,JO,69.4406746031746,0.13083082403281843,2478,0.2707270220703621,1474.0,0.12981366135728817,2001.0,0.549490999958964,650.0,,,0.597023800222005,1884
95636294,source,International Journal of Entrepreneurship and Innovation Management,1368-275X,B,,111.0,0.13065583916868032,2479,,,0.15718820209062495,1952.0,,,,,0.13819713982231507,2599
169045520,institution,Universidade Federal da Paraíba,,,BR,96.64087301587303,0.12952693162340978,2480,0.11726950764601081,1819.0,0.14132759929854452,1983.0,0.4096229532316929,869.0,1.1822510717403834,437.0,0.31908723375100484,2409
4537092,institution,Addis Ababa University,,,ET,82.3796157059315,0.12917383935431118,2481,0.23031837770516114,1569.0,0.03639421026089802,2114.0,,,0.6480106400161818,732.0,0.34103042010228074,2380
51569856,institution,Sultan Zainal Abidin University,,,MY,91.84841269841269,0.1280716114566704,2482,0.14855882785080407,1751.0,0.18517755045714085,1927.0,0.12035386755835524,1515.0,1.1599013599175487,449.0,0.7070361074635351,1601
72326750,source,Journal of technology management & innovation,0718-2724,B,,92.0,0.1276944619058927,2483,,,0.13368623733771146,1993.0,,,,,0.29010860593608245,2449
2764466227,source,IIM Kozhikode Society & Management Review,2277-9752,B,,74.0,0.12768723091415976,2484,,,0.1283717880717061,2002.0,,,,,0.49761753204634435,2125
40413290,institution,University of Gdańsk,,,PL,94.564898989899,0.1269511846648037,2485,0.1148215518784666,1827.0,0.17625044422461228,1937.0,0.07469178944054383,1602.0,0.717649291634906,682.0,0.49701499369101654,2127
4210240452,source,REVISTA PROCESOS DE MERCADO,1697-6797,E,,72.0,0.12674287616100963,2486,0.12732274404467903,1803.0,,,,,,,0.11626215877021706,2626
4210142152,institution,ORCID,,,US,397.6824206349207,0.12586850054292573,2487,0.16853132506731366,1713.0,0.14766563745949715,1969.0,,,0.523641519603509,820.0,0.6500054773099102,1751
30370390,source,Journal of Customer Behaviour,1475-3928,B,,77.0,0.1257689164247633,2488,,,0.1282973556891241,2003.0,,,,,0.05083441576904778,2693
19880235,institution,Lomonosov Moscow State University,,,RU,60.28874486624486,0.12500477662190862,2489,0.19975978997968602,1633.0,0.4290828261290261,1504.0,,,0.1821538354923549,1156.0,0.383426127974342,2317
4210205215,source,SA Journal of Human Resource Management,1683-7584,B,,225.0,0.12436887905512925,2490,,,0.15330991868792745,1963.0,,,,,0.3363428852072677,2389
4210086371,institution,Azerbaijan State University of Economics,,,AZ,90.95178571428573,0.1243025700997341,2491,0.13216875410313203,1790.0,0.28098919686238455,1788.0,0.17101847562651276,1401.0,0.3292790023699395,1009.0,0.5825772447862423,1924
200362191,institution,Universidad Autónoma Metropolitana,,,MX,66.25753968253969,0.12407127841715816,2492,0.18827119549170604,1666.0,0.07758251231376913,2061.0,,,0.3525305291640079,982.0,0.20532207903851635,2539
2764472888,source,Central European Business Review,1805-4854,B,,41.0,0.12353295883557462,2493,,,0.1322279514668074,1996.0,,,,,0.24049304086807083,2502
3017888287,institution,Universidade Nove de Julho,,,BR,108.19761904761906,0.12346273277774712,2494,0.03932054127167398,1934.0,0.19306590357285106,1917.0,0.01057339609675358,1698.0,0.04026704585688838,1275.0,0.31346220644956485,2421
101407740,institution,Chandigarh University,,,IN,124.11210317460319,0.12295157967557158,2495,0.16154136724268633,1730.0,0.1535048528947685,1961.0,0.1285623363691634,1496.0,0.34073239092277724,998.0,0.31354844511160673,2420
11855966,institution,Diponegoro University,,,ID,145.35396825396825,0.1227192211623192,2496,0.1610854868125731,1731.0,0.14582953498181958,1975.0,0.015598938858730852,1693.0,,,0.5372002025248216,2033
4306531871,source,Terra Economicus,2073-6606,E,,76.0,0.12271093647997196,2497,0.0963544547839708,1860.0,,,,,,,0.4664678799680097,2188
99712911,institution,Nelson Mandela University,,,ZA,111.89507575757575,0.12270927432042579,2498,0.14120328657187278,1765.0,0.10491521367617547,2027.0,0.022645144059576502,1679.0,0.4206867514060521,910.0,0.2901935671973556,2448
2764525551,source,Asian Economic and Financial Review,2222-6737,B,,175.0,0.12113090072102937,2499,,,0.1091686033914063,2022.0,,,,,0.38032991668760174,2322
4210177023,source,Brazilian Journal of Political Economy,0101-3157,E,,187.0,0.12045544382745142,2500,0.15343058117065106,1744.0,,,,,,,0.32568486517601286,2399
183764125,institution,Technical University of Košice,,,SK,119.07261904761904,0.11847618379996798,2501,0.12951398641188736,1796.0,0.13281778078563836,1994.0,0.11133701714228132,1532.0,0.5075078682715601,836.0,0.380119781989074,2323
2739380121,source,Scientific Annals of Economics and Business,2501-1960,E,,118.0,0.11797913229183697,2502,0.07603564160897587,1882.0,,,,,,,0.23438904031435653,2507
126826664,institution,Udayana University,,,ID,82.49358974358974,0.11726569436514027,2503,0.01633892445414132,1971.0,0.12732915899477196,2004.0,,,0.5716205955235437,788.0,1.296446104862099,487
88920680,source,Intangible Capital,1697-9818,B,,72.0,0.11708457964097829,2504,,,0.11481821270379546,2017.0,,,,,0.22465641248902277,2520
164861460,institution,Manipal Academy of Higher Education,,,IN,179.3460531960532,0.11704981771244202,2505,0.10681756228348742,1841.0,0.1593606512315156,1951.0,0.1039302122397917,1553.0,0.13499267112284902,1197.0,0.3910993868629374,2309
126477371,institution,Mohammed V University,,,MA,85.27142857142859,0.11655308938166825,2506,0.16020319685898052,1733.0,0.11510841564715117,2015.0,0.041985520686418615,1656.0,0.32564104579810454,1015.0,0.47512749857430797,2173
4210234539,source,Research in Globalization,2590-051X,E,,162.0,0.11640570393422492,2507,0.1396308696703278,1770.0,,,,,,,0.5876494161774221,1906
149339240,source,Eastern European Economics,0012-8775,E,,136.0,0.11544157782678656,2508,0.13417942470556957,1787.0,,,,,,,0.1939059915584007,2550
198105771,institution,Kasetsart University,,,TH,86.33823528683368,0.11491470993250218,2509,0.09641074183456026,1859.0,0.24067080877560942,1857.0,0.003945434346482006,1706.0,0.1355869935339388,1195.0,0.30410120148982556,2439
36128562,institution,Pan-European University,,,SK,51.44166666666667,0.11423893931215102,2510,0.3212855297676008,1358.0,0.2416477145432087,1854.0,,,0.2706609914070866,1068.0,0.44100817506080026,2228
118637542,source,European J of International Management,1751-6757,B,,301.0,0.11343471082558275,2511,,,0.13275598072882164,1995.0,,,,,0.12534603706927244,2615
2737763312,source,Business Systems Research Journal,1847-8344,B,,102.0,0.11334802542443821,2512,,,0.1543887063468589,1956.0,,,,,0.3102018513841796,2429
51235708,institution,Universidade Federal do Espírito Santo,,,BR,79.23231324231327,0.11292833232630844,2513,0.10449993242362288,1847.0,0.1390288564003971,1986.0,0.31412488246043463,1068.0,,,0.20111111305135285,2542
103031861,institution,Plekhanov Russian University of Economics,,,RU,75.6512838468721,0.11252312078889781,2514,0.03379114063831433,1944.0,0.22485649709914737,1879.0,0.013749328105725692,1696.0,0.23143649790630452,1105.0,0.6122917558560307,1849
95023434,institution,University of KwaZulu-Natal,,,ZA,235.90138888888887,0.11212484377215677,2515,0.14508015702839797,1757.0,0.13748469686887527,1989.0,0.002393752665306992,1708.0,0.3214907031708359,1020.0,0.3152163867504453,2418
167420956,institution,Vilnius Gediminas Technical University,,,LT,146.44920634920635,0.11093731755236963,2516,0.10275639965052843,1849.0,0.11878614976707706,2012.0,0.03652618044234046,1668.0,0.1405814782441545,1194.0,0.49722481228071547,2126
876193797,institution,Vellore Institute of Technology University,,,IN,190.26991341991342,0.11051737041403112,2517,0.33219682348980767,1334.0,0.10328882525889195,2032.0,0.005664996975996637,1704.0,,,0.2714101392286004,2471
4210215964,source,South African Journal of Business Management,2078-5585,B,,164.0,0.10983931345672777,2518,,,0.13790352240916237,1988.0,,,,,0.17717810515554192,2563
177181097,institution,Durban University of Technology,,,ZA,95.2392857142857,0.10953781182975007,2519,0.39899206806076976,1172.0,0.09118737432604036,2046.0,0.018677307734756284,1687.0,0.27474467461924873,1064.0,0.26633137950132446,2477
145380033,institution,Amman Arab University,,,JO,108.04226190476192,0.10912598101755698,2520,0.18684485218094726,1669.0,0.13658091354596563,1990.0,,,0.5220069854186811,822.0,0.7166978354001865,1581
33926330,institution,Al-Balqa Applied University,,,JO,143.25162337662337,0.10806817318762137,2521,0.06321019930734458,1900.0,0.1495170217507399,1967.0,,,0.20710762190257534,1128.0,0.6801097461948513,1681
12859529,institution,University of Nairobi,,,KE,94.0125,0.10750265988590907,2522,0.09630356542253804,1861.0,0.06410904375432473,2084.0,0.4124206321330735,861.0,0.25610200104538344,1086.0,0.1808771046172455,2559
112754052,institution,Sambalpur University,,,IN,43.05,0.10732399004139148,2523,0.055174434156729145,1913.0,0.12072824042211562,2009.0,0.16886472181218443,1406.0,,,0.22738592220058318,2517
862893732,institution,Telkom University,,,ID,70.7392857142857,0.1067329830433928,2524,0.1708148186196269,1707.0,0.12522334624411482,2006.0,0.01218149646686387,1697.0,0.3441259509645141,991.0,1.0843137750219247,753
62270215,source,International Journal of Information Systems and Supply Chain Management,1935-5726,B,,66.0,0.10662228056878027,2525,,,0.13031268990360445,2000.0,,,,,0.20079503595715747,2544
64915403,source,The Quarterly Journal of Austrian Economics,1098-3708,E,,69.0,0.10571376484505986,2526,0.06648522361335582,1894.0,,,,,,,0.07254440398897047,2664
2764950559,source,International Journal of Financial Research,1923-4023,B,,210.0,0.10539596414874006,2527,,,0.12393796214537581,2007.0,,,,,0.4079992161427291,2278
59361560,institution,Instituto Politécnico Nacional,,,MX,72.47817460317461,0.10533682674009569,2528,0.10689225598659331,1840.0,0.48953920278807744,1393.0,,,,,0.23876345573403332,2504
42260610,source,African Journal of Economic and Management Studies,2040-0705,E,,137.0,0.10474353994149584,2529,0.09152793418982902,1870.0,,,,,,,0.28254447807899163,2459
175963831,source,El Trimestre Económico,0041-3011,E,,84.0,0.1042307746894514,2530,0.11721329605796584,1820.0,,,,,,,0.19055507937930066,2553
2764671874,source,Journal of Transport and Supply Chain Management,1995-5235,B,,95.0,0.10338625298991716,2531,,,0.11528841546325044,2013.0,,,,,0.23060414366284826,2512
91819753,institution,Padjadjaran University,,,ID,200.25820915195916,0.10337586573991854,2532,0.09344819351846023,1866.0,0.14448876807657793,1978.0,0.019552482503986807,1685.0,0.14583141294279875,1183.0,0.5618584595913916,1981
188730046,institution,Vytautas Magnus University,,,LT,97.10666666666668,0.10320689209060269,2533,0.15191558988753576,1746.0,0.04184376201143891,2108.0,,,0.17211990889364562,1160.0,0.4151061408834778,2265
2765024836,source,Vision The Journal of Business Perspective,0972-2629,B,,350.0,0.10260391891085145,2534,,,0.12360870053230678,2008.0,,,,,0.3319007560564158,2394
14245010,institution,University of Kragujevac,,,RS,66.6686507936508,0.1020137845918295,2535,0.04301931562960142,1925.0,0.1912549680430451,1920.0,,,0.3486647226859178,987.0,0.31621709311988594,2414
123914889,source,International Journal of Entrepreneurship and Small Business,1476-1297,B,,392.0,0.10123712442661884,2536,,,0.11096680400207716,2021.0,,,,,0.11591505631563544,2628
2764412428,source,Investment Management and Financial Innovations,1810-4967,B,,424.0,0.10112861474285667,2537,,,0.13101448708055313,1998.0,,,,,0.4127549752435637,2271
147000529,source,International Journal of Automotive Technology and Management,1470-9511,B,,122.0,0.1010080923618127,2538,,,0.09844757301049438,2038.0,,,,,0.12687715683146625,2612
132735039,institution,University of Debrecen,,,HU,63.38165029415029,0.10091488067394531,2539,0.11152234362608264,1833.0,0.06370180822937632,2086.0,0.11622243968597155,1522.0,0.44461365141162695,889.0,0.6543073966940002,1745
133743585,institution,Anadolu University,,,TR,71.42642857142857,0.10087029337009985,2540,0.03870392092343118,1935.0,0.33229404447928623,1681.0,0.11825802564020553,1521.0,,,0.2809157847016213,2462
1027187413,source,Amfiteatru Economic,1582-9146,B,,231.0,0.0994682985910858,2541,,,0.0902389520911025,2047.0,,,,,0.5987251880099177,1879
88020226,source,The Business History Review,0007-6805,B,,128.0,0.09946049885453156,2542,,,0.06538502272808425,2081.0,,,,,0.042556885442704674,2707
72264486,institution,University of Tabuk,,,SA,53.25555555555556,0.0984629382962813,2543,0.12223886030464472,1810.0,0.13452509639306662,1991.0,0.1325443737079586,1488.0,,,0.47520378856963597,2172
2898340276,source,Estudios Gerenciales,0123-5923,E,,42.0,0.0979970162944871,2544,,,,,,,,,0.22346065793490671,2522
202539009,institution,Industrial University of Ho Chi Minh City,,,VN,86.29861111111111,0.09743025618555713,2545,0.06534203971945808,1897.0,0.18290956279446408,1931.0,,,,,0.47353571622644564,2176
59777368,source,International Journal of Managerial and Financial Accounting,1753-6715,B,,101.0,0.09577445752235793,2546,,,0.08888163685296818,2049.0,,,,,0.1607743973970062,2580
91732220,institution,Universidad del Valle,,,CO,94.50270562770561,0.09565466418382673,2547,0.0663267049948024,1895.0,0.24746310393053914,1844.0,0.23829630806611837,1245.0,0.10280831624553648,1225.0,0.2088981124690684,2536
4210171100,source,Strategic Management,1821-3448,B,,80.0,0.0949544300989599,2548,,,0.10066143211562462,2036.0,,,,,0.37143141636671434,2339
119896790,institution,Sebelas Maret University,,,ID,181.90100529100528,0.09438903870900503,2549,0.12155939036930324,1811.0,0.0890539105157334,2048.0,0.12251658529271363,1510.0,0.05331420945565796,1261.0,0.6657023298357608,1720
2764388120,source,Business and Economic Research,2162-4860,B,,101.0,0.09421649691519113,2550,,,0.1303879075655744,1999.0,,,,,0.12083660748125674,2621
2738441059,source,ETIKONOMI,1412-8969,X,,92.0,0.0933891397942928,2551,,,,,,,0.17953062628071995,1157.0,0.3707306747486271,2341
4210174900,source,Décisions Marketing,0779-7389,B,,66.0,0.09266025620814176,2552,,,0.0980488301523584,2039.0,,,,,0.06967669301440238,2671
4210179092,source,International Journal for Quality Research,1800-6450,X,,227.0,0.09194742407040508,2553,,,,,,,0.5616287541548762,793.0,0.3586611431258156,2349
4210178345,source,Russian Management Journal,1729-7427,X,,28.0,0.09134335169423594,2554,,,,,,,0.8773516507761884,577.0,0.17829098204681518,2561
170230895,institution,Warsaw University of Life Sciences,,,PL,58.38243740114449,0.0890852800194046,2555,0.17567572241584561,1698.0,0.034096843224244305,2117.0,,,0.8975350848101336,572.0,0.6240517404648744,1823
4210126505,institution,Amity University,,,AE,44.60674603174602,0.08881974387598585,2556,0.18183429763913594,1683.0,0.12582053048159947,2005.0,0.21214377052401995,1314.0,0.2861288016299456,1056.0,0.40510522735320825,2282
2764465937,source,Banks and Bank Systems,1816-7403,B,,267.0,0.08868057456403569,2557,,,0.11507278646080529,2016.0,,,,,0.46232399881788494,2193
885392262,institution,GITAM University,,,IN,84.49761904761904,0.08842890508071828,2558,0.049777915147365785,1916.0,0.10549813723894705,2025.0,0.2536030294133179,1200.0,,,0.34094524549162014,2381
2764773711,source,International Journal of Business and Society,1511-6670,B,,340.0,0.08620891205130883,2559,,,0.10363791412266103,2031.0,,,,,0.2883044988409957,2452
25822123,institution,Sumy State University,,,UA,142.88869047619048,0.0861141193019202,2560,0.06065010252348971,1904.0,0.07138659250456801,2070.0,0.27864849730685765,1145.0,0.8886894706666273,574.0,0.7735387335869922,1428
4210226909,source,Acta Commercii,1684-1999,B,,99.0,0.08572716843862487,2561,,,0.08625113270576165,2052.0,,,,,0.14806932490294555,2589
4210230633,source,International Journal of Business and Management,1833-3850,B,,305.0,0.08571559114944272,2562,,,0.10403078211142043,2030.0,,,,,0.1706636928839735,2568
4210230148,source,OEconomia,2113-5207,E,,26.0,0.0854477885873793,2563,0.10493083673257722,1846.0,,,,,,,0.046951611325468684,2700
2736647864,source,Retos,1390-6291,E,,23.0,0.08511971441705583,2564,0.048670422583346216,1921.0,,,,,,,0.5283023451419266,2055
2764989054,source,Problems and Perspectives in Management,1727-7051,X,,623.0,0.08476345780110779,2565,,,,,,,0.3134072599026448,1026.0,0.4638568130455203,2191
2764647440,source,MONTENEGRIN JOURNAL OF ECONOMICS,1800-5845,E,,172.0,0.08356436570051003,2566,0.05949316558271077,1906.0,,,,,,,0.4740153010231276,2174
12132826,source,The International Food and Agribusiness Management Review,1096-7508,B,,103.0,0.08322569463320517,2567,,,0.064507600621331,2083.0,,,,,0.14208373176706848,2596
2736787908,source,Asian Academy of Management Journal,1394-2603,B,,82.0,0.08319374778690485,2568,,,0.09504641217951959,2044.0,,,,,0.16377002382295439,2574
4210116728,institution,Universitas Patria Artha,,,ID,48.0843253968254,0.08131326441083112,2569,0.09958454977930994,1852.0,0.11266229796280856,2020.0,,,0.4011019444573111,929.0,0.6900405405165639,1652
4210221200,source,J for International Business and Entrepreneurship Development,1549-9324,B,,78.0,0.08092784751269885,2570,,,0.0808538147318236,2055.0,,,,,0.12765134146826543,2610
4210206337,source,Journal of Accounting Business and Management (JABM),0216-423X,B,,57.0,0.08050732970082346,2571,,,0.10794095390062683,2024.0,,,,,0.13323334118665847,2604
4210169265,source,VISIÓN GERENCIAL,1317-8822,X,,8.0,0.08043393248172911,2572,,,,,,,0.19630955641347578,1135.0,0.05027723533045394,2694
59042063,source,Asian-Pacific Economic Literature,0818-9935,E,,105.0,0.08009434671172722,2573,0.07475882976702708,1885.0,,,,,,,0.1319446844924655,2605
4210186494,source,Gestão & Produção,0104-530X,X,,179.0,0.08000658272423848,2574,,,,,,,0.14494505189013684,1185.0,0.31805314325278344,2410
4210223136,source,Estudos Econômicos (São Paulo),0101-4161,E,,93.0,0.07889880128937672,2575,0.06986808386540373,1891.0,,,,,,,0.09496059304059015,2643
4210214681,source,Foresight-Russia,1995-459X,X,,92.0,0.0782024348408049,2576,,,,,,,0.4153845664987973,914.0,0.5825407949313244,1925
82724352,institution,Universiti Teknologi MARA,,,MY,621.7130794205796,0.07693627837022252,2577,0.14939692478080394,1749.0,0.09291586502601142,2045.0,0.06705860979578213,1609.0,0.2904892216346188,1051.0,0.3157414730050347,2416
2764955566,source,The Indian Economic Journal,0019-4662,E,,179.0,0.07644493923334797,2578,0.04603589998372754,1924.0,,,,,,,0.16129948288778198,2578
164447516,source,International Journal of Asian Business and Information Management,1947-9638,B,,106.0,0.07529638375450809,2579,,,0.06929407297217355,2074.0,,,,,0.21319402172492372,2530
2764440250,source,International Journal of Business and Social Science,2219-1933,B,,73.0,0.07527953323488533,2580,,,0.06404508132657313,2085.0,,,,,0.09497014022146073,2642
2764927701,source,International Business Research,1913-9004,B,,186.0,0.07511293806452261,2581,,,0.08023122543608614,2057.0,,,,,0.1515599196698511,2587
4210183232,source,Journal of global entrepreneurship research,2228-7566,B,,95.0,0.07426825620452954,2582,,,0.08818632798838824,2050.0,,,,,0.13341097428244864,2603
93195727,source,International Journal of Management and Enterprise Development,1468-4330,B,,70.0,0.07359018838934905,2583,,,0.06839376903817848,2078.0,,,,,0.07218331910807439,2666
2737582874,source,Studies in Business and Economics,1842-4120,X,,217.0,0.07302383361417614,2584,,,,,,,0.2995293616253986,1041.0,0.1860771147764887,2555
60054993,institution,Graphic Era University,,,IN,105.09623015873017,0.07283005893035747,2585,0.023647642120549657,1961.0,0.09633662098576995,2041.0,0.04248178399391445,1655.0,0.11426755526092071,1214.0,0.2685194190597548,2475
189238007,institution,Taras Shevchenko National University of Kyiv,,,UA,124.38646825396826,0.072315287638875,2586,0.07412785382966806,1888.0,0.09603161120495776,2042.0,,,0.2499905138676158,1090.0,0.6680108433195208,1712
55416568,source,International Journal of Procurement Management,1753-8432,B,,197.0,0.07227794815355114,2587,,,0.07884842466435404,2060.0,,,,,0.07366878836163199,2662
4210192355,source,Journal of Applied Business and Economics,1499-691X,B,,271.0,0.07211334799392487,2588,,,0.06839920325263474,2077.0,,,,,0.06217045765147252,2681
2736592181,source,Revista Contabilidade & Finanças,1519-7077,B,,206.0,0.07188435977174122,2589,,,0.08783931134927891,2051.0,,,,,0.129799793104733,2607
2737221291,source,Zagreb international review of economics and business/Zagreb international review of economics & business,1331-5609,E,,44.0,0.07141573398382493,2590,0.08054749961095872,1876.0,,,,,,,0.08197818148448088,2655
109689652,institution,FPT University,,,VN,80.28015873015872,0.07054269890534072,2591,0.04867247125326759,1920.0,0.08622178760308631,2053.0,0.1330478814684195,1485.0,,,0.2390700433519802,2503
4210197709,source,Central European Management Journal,2658-0845,B,,243.0,0.06996599625897812,2592,,,0.07651409070085372,2063.0,,,,,0.1675256452567088,2571
2737777163,source,International Journal of Economics and Financial Issues,2146-4138,A,,357.0,0.06982485657084303,2593,,,,,0.017978686814089397,1689.0,,,0.16487718242057336,2573
171720814,source,International Journal of Technology Management,0267-5730,B,,244.0,0.06922727284244908,2594,,,0.07182041089001376,2069.0,,,,,0.12872340397266865,2608
2765072615,source,Journal of Public Administration and Governance,2161-7104,B,,105.0,0.06768545395711364,2595,,,0.05909842488494484,2093.0,,,,,0.09356933945241719,2646
34937439,source,International Journal of Globalisation and Small Business,1479-3059,B,,82.0,0.06621551905480433,2596,,,0.06971111951305375,2072.0,,,,,0.07823663292117893,2657
91071628,source,Journal of East European Management Studies,0949-6181,B,,10.0,0.06609461378782736,2597,,,0.07457717524881288,2067.0,,,,,0.09593310324929832,2640
4210194146,source,Journal of health economics and outcomes research,2326-697X,E,,119.0,0.0659843415613759,2598,0.05157464582332462,1914.0,,,,,,,0.05550950647304819,2688
79741316,institution,University of Pecs,,,HU,447.6498778998779,0.06570301449658819,2599,0.034426675981027846,1943.0,0.31491700018166074,1707.0,0.35704652934629144,973.0,0.6276420890018218,744.0,0.10808098164550069,2633
4210204559,source,Marketing and Management of Innovations,2218-4511,X,,268.0,0.06544163561560205,2600,,,,,,,0.4123158944288594,917.0,0.5008259308953491,2119
125733402,source,Investigación Económica,0185-1667,E,,78.0,0.06533029647149101,2601,0.0991821636729264,1854.0,,,,,,,0.07733136236677973,2658
2737109034,source,International Journal of Innovation,2318-9975,X,,100.0,0.06465044336200058,2602,,,,,,,0.19255789319716077,1138.0,0.12311599580549398,2618
2764616245,source,Uncertain Supply Chain Management,2291-6822,B,,488.0,0.0642273276233831,2603,,,0.0743129892707005,2068.0,,,,,0.44872846168385855,2212
187998666,source,Comparative Economic Research Central and Eastern Europe,1508-2008,E,,150.0,0.06418756948687199,2604,0.039463175187218404,1933.0,,,,,,,0.17809031406222653,2562
137166528,source,International Journal of Knowledge Management Studies,1743-8268,X,,98.0,0.06397351260392678,2605,,,,,,,0.02451726687923054,1289.0,0.10648784505739436,2634
51184730,source,International Journal of Business Excellence,1756-0047,B,,303.0,0.06381532073003285,2606,,,0.06855423565905848,2076.0,,,,,0.14477965314028393,2593
186483588,source,Journal of Service Science and Management,1940-9893,B,,104.0,0.06355945485818697,2607,,,0.06048064538220394,2091.0,,,,,0.25861792782160875,2486
121651287,source,Global Business and Economics Review,1097-4954,B,,216.0,0.0628562582385049,2608,,,0.051244727837370115,2099.0,,,,,0.05963292656296369,2683
43391031,source,International Journal of Business Environment,1740-0589,B,,101.0,0.06200638825208224,2609,,,0.07565033093809566,2064.0,,,,,0.11904620467436398,2624
4210237676,source,Ekonomi Politika ve Finans Arastirmalari Dergisi,2587-151X,E,,66.0,0.06159545454352902,2610,0.07151029755838466,1890.0,,,,,,,0.06241441849906912,2680
4210227841,source,International Journal of Organizational Leadership,2345-6744,B,,104.0,0.06109654303562358,2611,,,0.07495776135654855,2066.0,,,,,0.23208277947762276,2509
155657779,source,International Journal of Business Innovation and Research,1751-0252,B,,304.0,0.06062622792074467,2612,,,0.06197586864361768,2089.0,,,,,0.12057901122943107,2622
124121301,institution,Lucian Blaga University of Sibiu,,,RO,107.91428571428573,0.05971239815588507,2613,0.1441796945887029,1760.0,0.15423629929939514,1957.0,0.10675707136479677,1541.0,0.45731398407076457,878.0,0.27687755394391367,2465
29581992,source,Nova Economia,0103-6351,E,,130.0,0.05969834565015765,2614,0.07324795486107134,1889.0,,,,,,,0.09530746328172827,2641
2494413385,source,ECONOMIC COMPUTATION AND ECONOMIC CYBERNETICS STUDIES AND RESEARCH,0424-267X,E,,214.0,0.05960133187916081,2615,0.0587342498170555,1907.0,,,,,,,0.1669070989585025,2572
9940815,source,International Journal of Services Operations and Informatics,1741-539X,B,,43.0,0.05840014050219826,2616,,,0.07676411043675734,2062.0,,,,,0.08856134567530069,2651
4210240749,source,Indonesian Journal of Sustainability Accounting and Management,2597-6214,B,,101.0,0.05789332707831863,2617,,,0.06866410133148777,2075.0,,,,,0.12819308220661177,2609
4210208616,source,Innovative Marketing,1814-2427,B,,212.0,0.05759727320189414,2618,,,0.06995499478110725,2071.0,,,,,0.3834382075768067,2316
122725048,institution,Simon Kuznets Kharkiv National University of Economics,,,UA,50.497222222222234,0.05734688006881224,2619,0.06599813711850315,1896.0,0.036813768417892495,2113.0,0.41392976136375376,858.0,0.38162020693428933,951.0,0.5873840234024017,1908
15896350,institution,Guru Jambheshwar University of Science and Technology,,,IN,87.95,0.056864750936130797,2620,,,0.06368200050760031,2087.0,0.015181272471703,1694.0,0.40591345785750577,921.0,0.19379492923840205,2551
2764670738,source,Journal of Governance and Regulation,2220-9352,B,,312.0,0.05592702966964248,2621,,,0.08469190555436344,2054.0,,,,,0.1609210080803516,2579
4210176635,source,International Review,2217-9739,E,,40.0,0.05568784537743536,2622,0.0194672887812993,1965.0,,,,,,,0.11063192095802832,2632
108326093,institution,Ithaka Harbors,,,US,74.46944999444999,0.05546418336628401,2623,0.05989282195769987,1905.0,,,,,,,0.06831078902243035,2674
126582591,source,World Review of Entrepreneurship Management and Sustainable Development,1746-0573,B,,155.0,0.05393207303469757,2624,,,0.06613202940919818,2080.0,,,,,0.11814879479508329,2625
155832970,source,International Journal of Advanced Operations Management,1758-938X,B,,62.0,0.05312304204153004,2625,,,0.059274838543605476,2092.0,,,,,0.08269467584990238,2654
4210183127,source,Cuadernos de Economía,0121-4772,E,,89.0,0.05287335414021636,2626,0.03132459056558126,1948.0,,,,,,,0.11961018953913595,2623
4210208307,source,Dirección y Organización,1132-175X,X,,71.0,0.052865464131089314,2627,,,,,,,0.13425373576310345,1198.0,0.06840481927512936,2673
2736730828,source,Management,1331-0194,X,,125.0,0.05278546987160368,2628,,,,,,,0.16703846535480296,1163.0,0.1961819142119845,2547
14567820,source,The Journal of developing areas,0022-037X,E,,7.0,0.052320807769022246,2629,,,,,,,,,0.03177538728942603,2717
4210186947,source,Finance Contrôle Stratégie,1287-1141,B,,29.0,0.05199939477967491,2630,,,0.04984879012271658,2100.0,,,,,0.04585035675377393,2704
97548893,source,American Journal of Economics and Sociology,0002-9246,E,,81.0,0.05161412150392313,2631,0.030053779511668897,1952.0,,,,,,,0.04484633255743832,2706
187151359,source,International Journal of Economics and Business Research,1756-9850,B,,234.0,0.0514744339535776,2632,,,0.020182689276943937,2136.0,,,,,0.10295144230753316,2635
2738303727,source,Revista de estudios empresariales,0213-8964,X,,82.0,0.050136511261211034,2633,,,,,,,0.08411064939161284,1244.0,0.056480098266931164,2686
2764742558,source,International Journal of Marketing Studies,1918-719X,X,,59.0,0.04998501646802375,2634,,,,,,,0.0616487996395613,1255.0,0.17668996097771583,2564
4210210868,source,Revue internationale P M E Économie et gestion de la petite et moyenne entreprise,0776-5436,X,,107.0,0.04991098791452058,2635,,,,,,,0.31434255154064467,1024.0,0.053092670092597244,2692
4210218165,source,Asia-Pacific Management Accounting Journal,1675-3194,B,,113.0,0.04926031089029724,2636,,,0.07547709221039597,2065.0,,,,,0.09341832672333812,2647
2898476603,source,Investigaciones de Historia Económica,1698-6989,E,,149.0,0.04885257880990237,2637,0.04950156965347634,1918.0,,,,,,,0.033188216016255254,2715
2764431486,source,World Review of Political Economy,2042-891X,X,,40.0,0.04818816880378823,2638,,,,,,,0.08557679997345242,1241.0,0.04664257063826997,2701
62246846,source,International Journal of Accounting Auditing and Performance Evaluation,1740-8008,B,,107.0,0.048101813863119326,2639,,,0.06969943223313209,2073.0,,,,,0.0736767548952865,2661
4210172326,source,Journal of Management and Sustainability,1925-4725,B,,68.0,0.046666840073327026,2640,,,0.053690905022525395,2096.0,,,,,0.07274467270765918,2663
4210191463,source,Upravlenets,2218-5003,X,,75.0,0.04659407400280763,2641,,,,,,,0.16489290091022035,1164.0,0.3025307053323471,2440
2764563877,source,EUROPEAN RESEARCH STUDIES JOURNAL,1108-2976,B,,648.0,0.04642642064701469,2642,,,0.04728736651980283,2102.0,,,,,0.10154179590829426,2636
178202027,source,International Journal of Services and Operations Management,1744-2370,B,,305.0,0.04584489864778697,2643,,,0.04555389687377723,2105.0,,,,,0.05555786606797397,2687
4210230096,source,Journal of Accounting and Finance,2158-3625,B,,125.0,0.04521882179826301,2644,,,0.06342642347624293,2088.0,,,,,0.048442873572605925,2695
2739303216,source,Journal of Tax Reform,2412-8872,E,,26.0,0.04520879983741945,2645,0.0359778346377679,1940.0,,,,,,,0.3370557345087722,2388
4210185932,source,J for Global Business Advancement,1746-966X,X,,170.0,0.045194273783140636,2646,,,,,,,,,0.056677768459180884,2685
52125040,source,International Journal of Logistics Systems and Management,1742-7967,B,,254.0,0.04493312835148438,2647,,,0.048414578801935455,2101.0,,,,,0.08068545239265569,2656
2764984103,source,Business Management and Strategy,2157-6068,B,,79.0,0.044772676281723246,2648,,,0.05157279941316397,2098.0,,,,,0.12188904007379123,2620
2764678689,source,Accounting and Finance Research,1927-5986,B,,75.0,0.04372519017069168,2649,,,0.060490531951915866,2090.0,,,,,0.038587575255267965,2711
149851306,institution,National Academy of Sciences of Ukraine,,,UA,57.79285714285714,0.043526467525625494,2650,0.03111042165552845,1950.0,0.11277826458516726,2019.0,,,0.6291462373907327,743.0,0.8552482097115043,1224
2764848322,source,International Journal of Human Resource Studies,2162-3058,B,,110.0,0.04300063609284231,2651,,,0.04433563252916908,2107.0,,,,,0.18582315111679312,2556
44763245,source,International Journal of Green Economics,1744-9928,E,,96.0,0.04287383212063695,2652,0.024653994092269014,1957.0,,,,,,,0.13822108769857658,2598
83511262,source,International Journal of Productivity and Quality Management,1746-6474,B,,315.0,0.04262002637638562,2653,,,0.04437525813426787,2106.0,,,,,0.08618272679175698,2652
4210216073,source,Agricultural and Resource Economics International Scientific E-Journal,2414-584X,E,,95.0,0.04251825488120611,2654,0.0757033483537982,1883.0,,,,,,,0.43114548692562144,2234
2764640640,source,Baltic Journal of Economic Studies,2256-0742,E,,236.0,0.04180835459912834,2655,0.03592439440672876,1941.0,,,,,,,0.39771845716920207,2294
4210190158,source,Journal of Economic Policy Researches / İktisat Politikası Araştırmaları Dergisi,2148-3876,E,,16.0,0.041614133329720165,2656,0.04738551639286538,1923.0,,,,,,,0.0830113942742571,2653
4210193298,source,EMC Review - Časopis za ekonomiju - APEIRON,2232-8823,X,,108.0,0.04158297679452357,2657,,,,,,,0.027360433485237506,1287.0,0.033943644817670975,2714
57156483,institution,Kyiv National Economic University named after Vadym Hetman,,,UA,127.028658008658,0.04149656224245222,2658,0.04075202490537624,1931.0,0.07926196487488478,2059.0,,,0.3464508651483966,988.0,0.7484693357160455,1501
2764883772,source,Serbian Journal of Management,1452-4864,B,,58.0,0.04074023742469124,2659,,,0.05223382311937989,2097.0,,,,,0.1472069154093184,2592
113338421,source,International Journal of Business Performance Management,1368-4892,B,,120.0,0.04040249437058084,2660,,,0.03330997644414426,2119.0,,,,,0.11552577360730365,2630
2764873792,source,African Journal of Business and Economic Research,1750-4554,E,,27.0,0.039874371850397376,2661,,,,,,,,,0.11594057161697782,2627
105584983,source,International Journal of Management and Decision Making,1462-4621,B,,96.0,0.039711701911573916,2662,,,0.040479688528654176,2109.0,,,,,0.048179493028673415,2696
196118188,source,International Journal of Services Economics and Management,1753-0822,B,,90.0,0.03952989875426138,2663,,,0.04019709990264488,2110.0,,,,,0.06306794231043769,2679
2739118867,source,Revista Universidad y Empresa,0124-4639,X,,44.0,0.03934494679301219,2664,,,,,,,0.05135333047818502,1266.0,0.26000348672834706,2483
4210228924,source,Sosyoekonomi,1305-5577,E,,140.0,0.037506533073510144,2665,0.033525373957489446,1945.0,,,,,,,0.07426790950759313,2659
4210227272,source,Economic Annals-ХХI,1728-6220,X,,66.0,0.03694199655324015,2666,,,,,,,0.3606259769784276,976.0,0.14791827587640385,2590
976474146,source,Politická ekonomie,0032-3233,E,,124.0,0.036635546876373125,2667,0.03505259338156851,1942.0,,,,,,,0.054702287183637684,2690
135812718,source,Asian Case Research Journal,0218-9275,A,,64.0,0.036425185442701784,2668,,,,,,,,,0.013227582553219066,2731
2737537699,source,Our Economy Journal of Contemporary Issues in Economics and Business,0547-3101,E,,80.0,0.03631733451422792,2669,0.014783116792679744,1975.0,,,,,,,0.09615426269006477,2639
185520838,institution,State University of Trade and Economics,,,UA,117.2023015873016,0.03622408352479304,2670,0.023871758558629146,1959.0,0.12060976875459131,2010.0,,,0.4980600408076002,847.0,0.659892516924685,1732
160977438,institution,West Ukrainian National University,,,UA,50.763492063492066,0.03587891293697643,2671,0.018982797042686756,1966.0,0.15215418176286613,1964.0,,,0.19251622673422927,1139.0,0.6607016881084828,1731
2764494274,source,International Journal of Business Administration,1923-4007,B,,62.0,0.035777333722024324,2672,,,0.03924914292394526,2111.0,,,,,0.06801707371288948,2675
56187647,source,International Journal of Logistics Economics and Globalisation,1741-5373,X,,47.0,0.03476862561293714,2673,,,,,,,0.03580093231660815,1281.0,0.0936682597365178,2645
4306509737,source,Eskişehir Osmangazi Üniversitesi İktisadi ve İdari Bilimler Dergisi,1306-6730,E,,72.0,0.03415134987065724,2674,0.02755764166541863,1955.0,,,,,,,0.053521958543501405,2691
4210232703,source,Gospodarka Narodowa,0867-0005,E,,80.0,0.033686897180734046,2675,0.03957650851329279,1932.0,,,,,,,0.09370520656528444,2644
2737535994,source,Contaduría y Administración,0186-1042,X,,125.0,0.03349180628497237,2676,,,,,,,0.11399316291253812,1215.0,0.06204569811493738,2682
170367418,source,International Journal of Pluralism and Economics Education,1757-5648,E,,78.0,0.03329834646979095,2677,0.014610230440940822,1976.0,,,,,,,0.024318190293342788,2724
4210172834,source,Revista de Economía Institucional,0124-5996,E,,44.0,0.03317775683370532,2678,0.009018758453651306,1979.0,,,,,,,0.048020086776739225,2698
2764846857,source,Economics and Business Review/The Poznań University of Economics Review,1643-5877,E,,92.0,0.03290951006609455,2679,0.03130764778589135,1949.0,,,,,,,0.14455347442847477,2595
138197279,source,International Journal of Trade and Global Markets,1742-7541,A,,155.0,0.032703759167852516,2680,,,,,0.014773530983826232,1695.0,,,0.09826376187697301,2637
200280692,institution,Lviv University,,,UA,69.95142857142858,0.03243288121861066,2681,0.02151020338005932,1964.0,0.07980983987010147,2058.0,,,0.16370581139319387,1165.0,0.7543112534537112,1485
154565395,source,International Journal of Services Technology and Management,1460-6720,B,,63.0,0.032416088095073604,2682,,,0.0359591583790033,2115.0,,,,,0.07240309466777903,2665
4210225597,source,Problemy Zarządzania - Management Issues,1644-9584,B,,95.0,0.03210303533430223,2683,,,0.02848951551370374,2125.0,,,,,0.0704847532007958,2668
4210179731,source,Cuadernos de Administración,0120-4645,X,,60.0,0.0319716608621527,2684,,,,,,,0.017040399818067636,1294.0,0.05859071587411584,2684
166349642,institution,Sumy National Agrarian University,,,UA,54.24761904761905,0.03143755821436478,2685,0.03718407301650062,1938.0,0.04719906471240488,2103.0,,,0.31669221232399586,1022.0,0.2753090856956536,2467
164875865,source,International Journal of Banking Accounting and Finance,1755-3830,B,,95.0,0.030943165919169582,2686,,,0.029418736651249347,2124.0,,,,,0.037506368518703564,2712
4210226746,source,Ekonomia i Prawo,1898-2255,E,,164.0,0.030101470660825254,2687,0.032663043225803684,1946.0,,,,,,,0.0893053916106957,2649
52048951,source,International Journal of Business and Globalisation,1753-3627,B,,352.0,0.029923629207102877,2688,,,0.033969795367564636,2118.0,,,,,0.06943604697411,2672
4210180908,source,Financial Internet Quarterly,2719-3454,B,,58.0,0.029552861057066643,2689,,,0.06617409667421617,2079.0,,,,,0.08915199947722598,2650
4210197436,source,Vierteljahrshefte zur Wirtschaftsforschung,0340-1707,E,,30.0,0.029079755276108524,2690,0.023191408564154237,1962.0,,,,,,,0.07426380896205304,2660
4210189864,source,The Economics and Finance Letters,2312-430X,B,,49.0,0.02902594822520791,2691,,,0.02468180788456816,2129.0,,,,,0.35491097232754737,2359
112489639,source,International Journal of Computational Economics and Econometrics,1757-1170,E,,86.0,0.028852369183422554,2692,0.029503229827411666,1953.0,,,,,,,0.023038672539957533,2725
208086522,institution,National University of Life and Environmental Sciences of Ukraine,,,UA,47.28644110275689,0.02793488694380918,2693,0.04906276427064933,1919.0,0.01499195264719025,2137.0,,,0.18965714400362696,1144.0,0.6296463664055003,1809
4210240795,source,ReMark - Revista Brasileira de Marketing,2177-5184,B,,133.0,0.027129986878277047,2694,,,0.03042135079079602,2123.0,,,,,0.05531687856696463,2689
4387279745,source,Bankers Markets & Investors,2101-9304,X,,26.0,0.02705179493094149,2695,,,,,,,,,0.04767223873229698,2699
42911722,source,International Journal of Economic Policy in Emerging Economies,1752-0452,X,,199.0,0.02637477263697355,2696,,,,,,,0.03258692225962305,1285.0,0.06618143366737704,2676
98435010,institution,Lviv Polytechnic National University,,,UA,91.56690476190478,0.026273932098177265,2697,0.018151255789412287,1967.0,0.04567585885071563,2104.0,,,0.23652308366509134,1100.0,0.5908214981043509,1898
4210240632,source,De Computis - Revista Española de Historia de la Contabilidad,1886-1881,B,,81.0,0.026107262517444187,2698,,,0.03837106801943566,2112.0,,,,,0.018951262615525915,2727
146380144,source,International Journal of Business and Emerging Markets,1753-6219,B,,123.0,0.02486315824086361,2699,,,0.032341309918304216,2120.0,,,,,0.04615442136164427,2703
2764734295,source,Management Theory and Studies for Rural Business and Infrastructure Development,1822-6760,B,,145.0,0.024615800601820153,2700,,,0.020274860802493105,2135.0,,,,,0.7026624713138628,1613
149838422,source,International Journal of Value Chain Management,1741-5357,B,,72.0,0.0228111049436016,2701,,,0.027410261289061107,2126.0,,,,,0.038719549198373816,2710
4210196335,source,"Scientific Papers of the University of Pardubice. Series D, Faculty of Economics and Administration",1211-555X,X,,110.0,0.022556821661478772,2702,,,,,,,0.03609105454927107,1280.0,0.12386900311267805,2617
4210174932,source,Statistika Statistics and Economy Journal,0322-788X,X,,16.0,0.02199793839150522,2703,,,,,,,,,0.15643154680328292,2583
992988095,source,Ekonomický časopis,0013-3035,E,,56.0,0.021425006131794783,2704,0.014849222610614238,1973.0,,,,,,,0.06970703442339278,2670
4210193511,source,Economics and Mathematical Methods,0424-7388,X,,71.0,0.021118065930273235,2705,,,,,,,0.1673700880281901,1162.0,0.029480083582518943,2719
2764998092,source,International Journal of Academic Research in Economics and Management Sciences,2226-3624,B,,301.0,0.020826801354909906,2706,,,0.02407015492512638,2131.0,,,,,0.07089179768734637,2667
167383514,source,Ekonomista,0013-3205,E,,102.0,0.020775474051239584,2707,0.022390059521870165,1963.0,,,,,,,0.032811449476335366,2716
2764555313,source,International Journal of Business,1083-4346,B,,23.0,0.02058074977042258,2708,,,0.008270304478840225,2142.0,,,,,0.09792214379397987,2638
4210215609,source,Economics ecology socium,2616-7107,E,,64.0,0.020565412376789906,2709,0.030256631086778035,1951.0,,,,,,,0.12593388291310226,2613
2737685543,source,Revista Finanzas y Política Económica,2011-7663,X,,42.0,0.020150571605765482,2710,,,,,,,,,0.12560922184208548,2614
44088940,source,International Journal of Management Concepts and Philosophy,1478-1484,B,,83.0,0.01927725349732894,2711,,,0.030875564123912475,2122.0,,,,,0.029099046641330877,2720
185325801,source,Journal of Korea Trade,1229-828X,E,,2.0,0.019180851397432468,2712,,,,,,,,,0.09115276214237249,2648
52073566,source,International Journal of Technology Transfer and Commercialisation,1470-6075,B,,61.0,0.018648863320392107,2713,,,0.025240788044725793,2127.0,,,,,0.025366312152717802,2723
4210175534,source,Financial and credit activity problems of theory and practice,2306-4994,E,,310.0,0.0180512360435169,2714,0.017783104937881843,1968.0,,,,,,,0.2792644326688103,2463
12497220,source,International Journal of Business and Systems Research,1751-200X,B,,128.0,0.01769924561843326,2715,,,0.0241222124567524,2130.0,,,,,0.046219615946849125,2702
166797808,source,International Journal of Indian Culture and Business Management,1753-0806,B,,222.0,0.016985718886467067,2716,,,0.02193372002949991,2133.0,,,,,0.04079264479929319,2709
4210234983,source,Journal on Innovation and Sustainability RISUS,2179-3565,X,,115.0,0.015666311596471406,2717,,,,,,,0.10074584468786997,1229.0,0.041515052798244044,2708
2736327412,source,"Contabilidade, Gestão e Governança/UNB Contábil",1516-7011,X,,74.0,0.015466744732179464,2718,,,,,,,0.36085102701153116,975.0,0.017783101009518316,2728
2737293501,source,Ekonomski vjesnik,0353-359X,E,,57.0,0.015207780597117184,2719,0.01741987188452915,1970.0,,,,,,,0.027199097545043373,2721
4210192748,source,International Journal of Academic Research in Accounting Finance and Management Sciences,2225-8329,B,,397.0,0.01484004141329931,2720,,,0.021942231470902823,2132.0,,,,,0.0481030823227857,2697
21322974,source,International Journal of Learning and Change,1740-2875,B,,141.0,0.014145198646984346,2721,,,0.014621890613301367,2138.0,,,,,0.0257709144009205,2722
4210178298,source,INTERNATIONAL JOURNAL OF MANAGEMENT,0976-6502,B,,104.0,0.012853623985017324,2722,,,0.013694159035381532,2139.0,,,,,0.12221196730749474,2619
2737717374,source,Ekonomska misao i praksa,1330-1039,E,,94.0,0.01240774315530837,2723,0.007884013500520716,1981.0,,,,,,,0.036661477574476714,2713
4210186714,source,Marketing,0354-3471,B,,23.0,0.010979766799934437,2724,,,0.009834300722289866,2141.0,,,,,0.06533064951906353,2677
168387291,source,Asian Journal of Management Cases,0972-8201,X,,121.0,0.010869565932914741,2725,,,,,,,0.046753472139372386,1267.0,0.017212440838983944,2730
2764906524,source,Review of Economics and Finance,1923-7529,B,,93.0,0.010087130318375213,2726,,,0.010398085637652658,2140.0,,,,,0.06975015004395642,2669
2764953695,source,International Review of Management and Business Research,2306-9007,B,,13.0,0.008882560496921677,2727,,,0.021254439540533496,2134.0,,,,,0.06342069524393448,2678
2737657525,source,Lecturas de Economía,0120-2596,E,,44.0,0.008007084320521761,2728,0.014345985052610316,1977.0,,,,,,,0.031126319203385135,2718
4210223036,source,Mehmet Akif Ersoy Üniversitesi İktisadi ve İdari Bilimler Fakültesi Dergisi,2149-1658,E,,141.0,0.007107667411047342,2729,0.00639787155932431,1982.0,,,,,,,0.017455553553418594,2729
2764951333,source,Ege Akademik Bakis (Ege Academic Review),1303-099X,E,,55.0,0.006638665353238089,2730,,,,,,,,,0.045342900463995355,2705
4210196821,source,International Journal of Finance,2520-0852,X,,20.0,0.005206169331437053,2731,,,,,,,,,0.008606042232708807,2735
2737009078,source,APUNTES DEL CENES,0120-3053,E,,24.0,0.004420616326994672,2732,0.005151366829363644,1984.0,,,,,,,0.011000702963414783,2733
4210185081,source,Revista de Economia Mackenzie,1678-5002,E,,54.0,0.0031442244414112484,2733,0.005237026329535833,1983.0,,,,,,,0.0012568813719005794,2737
32895864,source,Actual Problems of Economics,1993-6788,X,,35.0,0.002850307930211686,2734,,,,,,,,,0.009370130485180383,2734
4210190232,source,Academic Review,2074-5354,E,,31.0,0.0008339342204510498,2735,0.0014103375818981644,1985.0,,,,,,,0.022987146521114436,2726
4210225772,source,REICE Revista Electrónica de Investigación en Ciencias Económicas,2308-782X,E,,65.0,0.0004938672987815739,2736,,,,,,,,,0.01183560123959643,2732
4210174903,source,Scientific Bulletin of Mukachevo State University Series “Economics”,2313-8114,E,,45.0,0.00014362200463323636,2737,0.0009715658897520688,1986.0,,,,,,,0.008094452064274884,2736
