unit_idx,unit_type,name,issn,field_eb,country_code,v,rank_v,a_p
55521800,institution,Goldsmiths University of London,,,GB,24.654240062866702,1,3.7
53276908,institution,Marymount University,,,US,15.02860525337493,2,2.8166666666666664
97018004,institution,Stanford University,,,US,10.307273866178623,3,75.75158730158729
5353659,source,The Journal of Finance,0022-1082,A,,9.212450664369443,4,188.0
201448701,institution,University of Washington,,,US,9.015562563383538,5,41.86666666666667
180670191,institution,"University of California, San Francisco",,,US,8.85638960149671,6,1.0
1279858714,institution,Center for Economic and Policy Research,,,US,8.258968065980149,7,45.66646825396825
1321305853,institution,National Bureau of Economic Research,,,US,8.235706857802244,8,54.34944083694083
40347166,institution,University of Chicago,,,US,8.212331882981841,9,98.51111111111112
79576946,institution,University of Pennsylvania,,,US,7.867324806855822,10,77.21388888888887
149240962,source,Journal of Financial Economics,0304-405X,A,,7.390975668104417,11,629.0
4210096112,institution,Rutgers Sexual and Reproductive Health and Rights,,,NL,6.920592167568913,12,9.0
95457486,institution,"University of California, Berkeley",,,US,6.681619215626967,13,56.262499999999996
170137484,source,Review of Financial Studies,0893-9454,A,,6.55392086172249,14,513.0
57201433,institution,Università della Svizzera italiana,,,CH,6.506289711857501,15,4.499242424242424
62142384,source,Journal of Accounting and Economics,0165-4101,A,,6.21802362722619,16,234.0
114027177,institution,University of North Carolina at Chapel Hill,,,US,6.091825528260715,17,49.868686868686865
4210156332,institution,Chinese Research Academy of Environmental Sciences,,,CN,5.843965650896903,18,0.3194444444444444
32971472,institution,Yale University,,,US,5.755809423021559,19,49.00833333333333
592451,institution,Indiana University,,,US,5.729541647823715,20,31.08427128427129
2800817003,institution,Southern California University for Professional Studies,,,US,5.6587189457322475,21,11.436904761904762
170897317,institution,Duke University,,,US,5.44056430839241,22,60.88914141414141
4210096135,institution,Ross School,,,US,5.4182737097944464,23,9.31764069264069
5388228,institution,University of Rochester,,,US,5.401264217623824,24,36.861111111111114
130238516,institution,University of Minnesota,,,US,5.3637485441027195,25,24.98888888888889
103531236,institution,Boston College,,,US,5.220470485763684,26,62.767857142857146
63966007,institution,Massachusetts Institute of Technology,,,US,5.197212639783558,27,54.969444444444434
4210136188,institution,European Corporate Governance Institute,,,BE,5.128487298177993,28,11.17638888888889
2802905149,institution,Federal Reserve Board of Governors,,,US,5.121904337172673,29,95.739898989899
4210140326,institution,Centre for Economic Policy Research,,,GB,5.073013004196562,30,47.895039682539675
223532165,institution,University of Utah,,,US,5.055623336423564,31,46.75972222222223
111116695,source,Journal of Accounting Research,0021-8456,A,,5.047985600314579,32,202.0
150468666,institution,Emory University,,,US,5.001772445026368,33,40.67965367965368
71675930,institution,Frankfurt School of Finance & Management,,,DE,4.904727952981309,34,24.437987012987016
57502794,institution,Federal Reserve Bank of Philadelphia,,,US,4.898123648305831,35,15.57063492063492
6902469,institution,Brandeis University,,,US,4.833316309575726,36,9.134343434343434
161318765,institution,"University of California, Los Angeles",,,US,4.799394954824316,37,24.56111111111111
66862912,institution,Chalmers University of Technology,,,SE,4.787025297359435,38,2.5535714285714284
107672454,institution,Dartmouth College,,,US,4.683629013908203,39,16.755555555555556
86501945,institution,University of Delaware,,,US,4.6579911829266,40,30.703968253968252
61544103,institution,London Business School,,,GB,4.650609898283167,41,51.93849206349206
204250578,institution,"University of California, Irvine",,,US,4.59579273401915,42,38.40555555555556
187481652,institution,Instituto Tecnológico Autónomo de México,,,MX,4.390445139185169,43,7.346320346320346
36258959,institution,"University of California, San Diego",,,US,4.373697455878216,44,29.547619047619047
87216513,institution,Michigan State University,,,US,4.369093241399122,45,43.24563492063492
11853582,source,Review of Accounting Studies,1380-6653,A,,4.340074997012306,46,338.0
2735409286,source,The Review of Asset Pricing Studies,2045-9920,A,,4.322816227051256,47,98.0
181233156,institution,University of Oregon,,,US,4.2980803206233364,48,18.125
47508984,institution,Imperial College London,,,GB,4.282853313432689,49,28.641269841269835
43638361,institution,Federal Reserve Bank of New York,,,US,4.271391995214698,50,29.15508658008658
111979921,institution,Northwestern University,,,US,4.268239108424223,51,35.62896825396825
185103710,institution,"University of California, Santa Cruz",,,US,4.2522997261731135,52,8.833333333333332
86519309,institution,The University of Texas at Austin,,,US,4.218578832929013,53,78.62063492063494
107639228,institution,University of Notre Dame,,,US,4.202804150970031,54,50.897222222222226
42134832,institution,Barcelona School of Economics,,,ES,4.116896545057008,55,11.991738816738815
2801851002,institution,Harvard University Press,,,US,4.081148355255888,56,31.611111111111107
77697173,institution,Federal Reserve Bank of Chicago,,,US,4.069539708895357,57,18.253968253968253
909854389,institution,London School of Economics and Political Science,,,GB,3.999040861206728,58,83.09563492063491
188538660,institution,University of Colorado Boulder,,,US,3.958889749477325,59,21.15277777777778
205783295,institution,Cornell University,,,US,3.9300332464340557,60,82.13747113997114
178169726,institution,Southern Methodist University,,,US,3.905331160382826,61,27.06
100005738,institution,Brigham Young University,,,US,3.82224943112852,62,38.78611111111111
102179633,institution,New School,,,US,3.785056811342181,63,4.266666666666667
102272798,institution,INSEAD,,,FR,3.780605139516207,64,14.7020202020202
2800403580,institution,University of Minnesota System,,,US,3.751056857223566,65,9.833333333333334
54157616,institution,Swiss Finance Institute,,,CH,3.741517037416186,66,46.349440836940836
2799283415,institution,Fisher College,,,US,3.706297299368031,67,18.243055555555557
157725225,institution,University of Illinois Urbana-Champaign,,,US,3.675568386536125,68,83.24854797979796
160506855,source,The Accounting Review,0001-4826,A,,3.6731400385233726,69,495.0
1317239608,institution,Federal Reserve,,,US,3.627883001061616,70,35.51010101010101
153515283,institution,European Central Bank,,,DE,3.6093094466524254,71,67.32027417027417
47251452,institution,Wake Forest University,,,US,3.589834020755239,72,13.26666666666667
23732399,institution,Montana State University,,,US,3.579796094145763,73,2.0833333333333335
39422238,institution,University of Illinois Chicago,,,US,3.5608752983221055,74,38.60833333333334
99065089,institution,Tsinghua University,,,CN,3.5509917345113995,75,103.28797619047617
193531525,institution,George Washington University,,,US,3.5459517998752217,76,20.5
2801613365,institution,Mitchell Institute,,,US,3.5386551053496653,77,8.6
2736251538,source,The Review of Corporate Finance Studies,2046-9128,A,,3.461509310799851,78,127.0
4210116924,institution,"Chinese University of Hong Kong, Shenzhen",,,CN,3.432028726855387,79,35.75833333333333
145608581,institution,University of Miami,,,US,3.4230078358633365,80,28.919444444444444
184565670,institution,Georgetown University,,,US,3.399023074908313,81,30.268272005772005
1174212,institution,University of Southern California,,,US,3.389609382673104,82,77.57936507936509
57206974,institution,New York University,,,US,3.3820373840850357,83,113.14444444444443
72816309,institution,Drexel University,,,US,3.334040888326255,84,42.31388888888889
4210119109,institution,Indiana University Bloomington,,,US,3.2552410235062728,85,53.17424242424242
204465549,institution,Washington University in St. Louis,,,US,3.2316325445183347,86,54.30972222222221
130701444,institution,Georgia Institute of Technology,,,US,3.1773767505900317,87,30.002777777777776
898769471,institution,Bank of Canada,,,CA,3.173916065731786,88,33.34722222222222
36788626,institution,California University of Pennsylvania,,,US,3.1159327220170376,89,14.225
141945490,institution,University of British Columbia,,,CA,3.1081774742516437,90,28.445634920634923
111088046,institution,Boston University,,,US,3.0793043754095533,91,30.70277777777778
136199984,institution,Harvard University,,,US,3.0631818953027095,92,37.73257575757575
165733156,institution,University of Georgia,,,US,3.0039675391560916,93,47.93424242424242
27837315,institution,University of Michigan–Ann Arbor,,,US,2.9991716581527736,94,39.000631313131315
78577930,institution,Columbia University,,,US,2.993981710162449,95,106.49814213564214
889458895,institution,University of Hong Kong,,,HK,2.937145079978593,96,137.251544011544
4210170931,source,Annual Review of Financial Economics,1941-1367,A,,2.9263700339260232,97,101.0
91045830,institution,Texas A&M University,,,US,2.897303725940218,98,36.40555555555555
4210121976,institution,Centro de Estudios Monetarios y Financieros,,,ES,2.8665976887468774,99,5.490909090909091
84218800,institution,"University of California, Davis",,,US,2.8652205491093876,100,22.755555555555556
138006243,institution,University of Arizona,,,US,2.83712250830845,101,33.66709956709956
198892436,source,Accounting Organizations and Society,0361-3682,A,,2.8334160682981295,102,166.0
46860202,institution,Bank of England,,,GB,2.800778863977987,103,33.686724386724386
24603500,institution,University of Massachusetts Amherst,,,US,2.7809608369370613,104,33.858333333333334
1341575764,institution,Federal Reserve Bank of Minneapolis,,,US,2.774069009082416,105,6.616666666666667
170201317,institution,University of Pittsburgh,,,US,2.7739828152388575,106,28.677777777777777
48018076,institution,Christ University,,,IN,2.766492310394903,107,12.25
5124864,institution,École Polytechnique Fédérale de Lausanne,,,CH,2.709034189769905,108,11.934523809523808
185261750,institution,University of Toronto,,,CA,2.7064761087790083,109,80.83412698412698
114395901,institution,University of Nebraska–Lincoln,,,US,2.7003136072765654,110,40.90833333333333
181046868,institution,BI Norwegian Business School,,,NO,2.670629707162024,111,28.722312409812407
6711363,source,Journal of Monetary Economics,0304-3932,A,,2.656054993260091,112,375.0
51556381,institution,University of Virginia,,,US,2.654493378210225,113,51.98055555555556
2802236040,institution,University of Colorado System,,,US,2.6532294141992696,114,7.25
200769079,institution,Hong Kong University of Science and Technology,,,HK,2.649892028082116,115,27.304166666666667
177725633,institution,Chinese University of Hong Kong,,,CN,2.6132200090843387,116,78.7359126984127
52357470,institution,The Ohio State University,,,US,2.607219241699274,117,51.01111111111111
74973139,institution,Carnegie Mellon University,,,US,2.6056527764866413,118,20.603968253968254
200719446,institution,Vanderbilt University,,,US,2.6035698487813677,119,23.05
186143895,institution,Lehigh University,,,US,2.5759646503455103,120,24.294444444444444
83860666,institution,HEC Paris,,,FR,2.5593659824007324,121,31.760977910977907
116184629,source,National Tax Journal,0028-0283,A,,2.5474041818649966,122,21.0
20089843,institution,Princeton University,,,US,2.5457127585904216,123,33.35882034632034
33213144,institution,University of Florida,,,US,2.5239166192361076,124,70.22281746031746
137902535,institution,North Carolina State University,,,US,2.4917122367474733,125,26.19166666666667
114832834,institution,Tulane University,,,US,2.4812720680952247,126,31.792857142857137
63190737,institution,"University at Buffalo, State University of New York",,,US,2.4733313962043453,127,19.741666666666667
146416000,institution,University of Kansas,,,US,2.472837157701194,128,31.90396825396825
209991678,institution,Maastricht School of Management,,,NL,2.4641437793685093,129,6.81875
135310074,institution,University of Wisconsin–Madison,,,US,2.4209577598419925,130,55.669444444444444
16391192,institution,Tel Aviv University,,,IL,2.4125904124845414,131,15.683333333333332
77793887,institution,Federal Reserve Bank of St. Louis,,,US,2.3944150966182844,132,14.23611111111111
125068653,institution,IE University,,,ES,2.3810157106059755,133,28.500490196078427
197323543,institution,Johannes Gutenberg University Mainz,,,DE,2.3451670103894613,134,9.35
202697423,institution,University of Zurich,,,CH,2.3320253191073603,135,56.65555555555555
219193219,institution,Purdue University West Lafayette,,,US,2.2946165829427736,136,37.955555555555556
65924262,source,Contemporary Accounting Research,0823-9150,A,,2.276715271683983,137,376.0
887064364,institution,University of Amsterdam,,,NL,2.276485069378681,138,44.93306277056277
28166907,institution,Karolinska Institutet,,,SE,2.253040893053297,139,0.4583333333333333
155781252,institution,University of South Carolina,,,US,2.2344697768033024,140,46.612301587301594
114457229,institution,University of Geneva,,,CH,2.2286303492198956,141,14.957575757575757
5023651,institution,McGill University,,,CA,2.188455421186149,142,24.68257575757576
130769515,institution,Pennsylvania State University,,,US,2.1631780021640092,143,84.8638888888889
173911158,institution,Iowa State University,,,US,2.1611518356927615,144,31.60238095238095
170486558,institution,Pompeu Fabra University,,,ES,2.1550541152667027,145,11.919444444444446
55732556,institution,Arizona State University,,,US,2.142658251626563,146,64.22489898989899
172675005,institution,Nanyang Technological University,,,SG,2.1382076122062985,147,46.78452380952381
131221577,institution,Bucknell University,,,US,2.137504242249988,148,7.183333333333333
74775410,institution,Rice University,,,US,2.1018118606045664,149,37.71666666666667
180519160,institution,Copenhagen Business School,,,DK,2.098081437990009,150,96.42577181590339
126307644,institution,University of Iowa,,,US,2.064755826699147,151,37.19285714285714
79891267,institution,Singapore Management University,,,SG,2.061382881852659,152,70.35916666666667
193228710,source,Journal of Financial and Quantitative Analysis,0022-1090,A,,1.9502020838544085,153,334.0
39555362,institution,University of Warwick,,,GB,1.9357248820181996,154,48.11303418803419
185763367,institution,Bank of Spain,,,ES,1.935069156992726,155,21.249999999999996
1321605679,institution,Statistics Norway,,,NO,1.9298846347847851,156,1.4166666666666665
919628346,institution,University of the Pacific,,,PE,1.9251723328133858,157,4.666666666666666
24306055,institution,Suffolk University,,,US,1.8840994718596675,158,20.216666666666665
201298700,institution,Banque de France,,,FR,1.8714304973558646,159,24.695238095238093
4210092722,institution,Office Of Health Economics,,,GB,1.8395655721819684,160,0.33174603174603173
96062909,institution,Babson College,,,US,1.836887963572143,161,10.5
129774422,institution,University of Vienna,,,AT,1.8297125408789476,162,17.852777777777774
152282257,source,Journal of Corporate Finance,0929-1199,A,,1.805380217172853,163,817.0
78715868,institution,University of Arkansas at Fayetteville,,,US,1.777916297019848,164,25.858333333333338
44461941,institution,University of Houston,,,US,1.7716899830490267,165,51.78333333333333
143302722,institution,University of Kentucky,,,US,1.7590556394242496,166,26.26111111111111
128956969,institution,Texas Christian University,,,US,1.7433354398451377,167,24.558333333333334
131249849,institution,Oregon State University,,,US,1.7326655815940057,168,22.61666666666667
859038795,institution,Virginia Tech,,,US,1.7264315763936453,169,41.466666666666654
21260181,source,IMF Economic Review,2041-4161,A,,1.721176848654403,170,150.0
34352273,institution,Maastricht University,,,NL,1.7172786669816884,171,36.2691829004329
5984737,source,Journal of Financial Intermediation,1042-9573,A,,1.6927911979473627,172,116.0
133599470,institution,Universidad del Desarrollo,,,CL,1.6923479857272463,173,5.033333333333333
116483603,source,Journal of Risk & Insurance,0022-4367,A,,1.6885377217063031,174,136.0
104817121,institution,University of Sarajevo,,,BA,1.6869929280487974,175,1.4166666666666665
118353179,institution,DePaul University,,,US,1.6673791855722797,176,24.616666666666667
181565077,institution,Georgia State University,,,US,1.664165678458695,177,40.96666666666667
1282776028,institution,German Institute for Economic Research,,,DE,1.6614946606538001,178,12.33313492063492
84392919,institution,Temple University,,,US,1.6428926536194652,179,44.61527777777778
165779595,institution,University of Melbourne,,,AU,1.6424330514094783,180,82.4940476190476
102248843,institution,Vienna University of Economics and Business,,,AT,1.6367017112224787,181,58.26235380116959
40120149,institution,University of Oxford,,,GB,1.6271295222232793,182,60.106944444444444
124055696,institution,University of Copenhagen,,,DK,1.6181787559494447,183,11.518055555555556
913958620,institution,Erasmus University Rotterdam,,,NL,1.616988009042967,184,82.13899711399712
166337079,institution,Queen Mary University of London,,,GB,1.6106031984738056,185,30.746031746031747
162290304,institution,Scuola Superiore Sant'Anna,,,IT,1.5963689927543763,186,22.924873737373737
185443292,institution,Wayne State University,,,US,1.5876257102413156,187,19.425
4210150763,institution,Gran Sasso Science Institute,,,IT,1.5859256151082264,188,2.1666666666666665
186354981,institution,University of Passau,,,DE,1.5840635612048524,189,13.908333333333331
76835614,institution,University of Missouri,,,US,1.5783064843060401,190,32.83611111111111
168719708,institution,City University of Hong Kong,,,HK,1.572747541142206,191,83.0063492063492
106938459,institution,University of New Brunswick,,,CA,1.568839758965788,192,9.083333333333332
27804330,institution,Brown University,,,US,1.5640089076904147,193,1.0555555555555556
98381234,institution,University of Oulu,,,FI,1.5621862138116769,194,8.791666666666666
66946132,institution,"University of Maryland, College Park",,,US,1.5620135284151524,195,30.472321428571426
34771391,institution,University of Cyprus,,,CY,1.560464960706763,196,16.06111111111111
17301866,institution,University of Alabama,,,US,1.5590756939167145,197,54.76666666666667
14243506,institution,Hong Kong Polytechnic University,,,HK,1.5582751556883263,198,126.25158730158729
16269868,institution,Santa Clara University,,,US,1.5513117449817109,199,20.591666666666665
57995698,institution,Paris School of Economics,,,FR,1.5224082736046227,200,8.87962962962963
201324441,institution,University of Ferrara,,,IT,1.5194397654424665,201,13.033333333333331
82497590,institution,Auburn University,,,US,1.5193946031769316,202,35.95465367965368
141810926,institution,Baruch College,,,US,1.500227932205376,203,47.18059163059162
97565354,institution,University of Lausanne,,,CH,1.4972191121772245,204,23.999999999999996
76198965,institution,Friedrich Schiller University Jena,,,DE,1.4970513720934355,205,12.625829725829727
115283149,institution,Brookings Institution,,,US,1.4910119513774567,206,8.944444444444445
75027704,institution,University of Tennessee at Knoxville,,,US,1.4889632776097472,207,21.316666666666666
181188550,institution,Bank of Finland,,,FI,1.4810540022259848,208,16.605555555555554
9927081,institution,Aalto University,,,FI,1.4709165223250937,209,33.58228525860105
52989892,institution,Bank for International Settlements,,,CH,1.4665158862662107,210,26.028751803751806
47838141,institution,Saint Louis University,,,US,1.46230532970139,211,7.199999999999999
931913249,institution,Norwegian School of Economics,,,NO,1.4622479607177612,212,40.23203273334852
190632392,institution,Luleå University of Technology,,,SE,1.4589211218434959,213,5.125
180242103,institution,Stockholm School of Economics,,,SE,1.4586695601590516,214,49.72183554749345
7863295,institution,Villanova University,,,US,1.4556846713433118,215,35.83333333333333
241749,institution,University of Cambridge,,,GB,1.4553329190517286,216,59.741666666666674
110152177,institution,University of Akron,,,US,1.4521973431222224,217,45.98333333333334
140172145,institution,University of Connecticut,,,US,1.4521247141536144,218,47.733333333333334
75845752,source,Auditing A Journal of Practice & Theory,0278-0380,A,,1.4506913140064286,219,172.0
19990318,institution,Federal Reserve Bank of San Francisco,,,US,1.4428224164631547,220,22.419444444444444
1317774081,institution,International Institute for Applied Systems Analysis,,,AT,1.4397124934604408,221,2.972222222222222
110378019,institution,Southern Illinois University Carbondale,,,US,1.433631708821154,222,6.833333333333333
8692664,institution,University of Oklahoma,,,US,1.411267911686966,223,39.70757575757576
165932596,institution,National University of Singapore,,,SG,1.4024244439609346,224,77.41757936507936
177802217,institution,University of Mannheim,,,DE,1.3972606575537092,225,42.02876984126984
9731383,source,Research Policy,0048-7333,A,,1.3752238367261338,226,728.0
83019370,institution,Eindhoven University of Technology,,,NL,1.3710927364394156,227,6.202579365079365
102322142,institution,"Rutgers, The State University of New Jersey",,,US,1.3629126012848398,228,79.21111111111111
103163165,institution,Florida State University,,,US,1.3592477557538867,229,59.05119047619048
155173764,institution,Rochester Institute of Technology,,,US,1.353241089250641,230,9.736904761904762
59553526,institution,Stony Brook University,,,US,1.3437287148237902,231,7.366666666666665
106686155,source,Journal of Risk and Uncertainty,0895-5646,A,,1.3393981029896709,232,121.0
98635879,institution,American University of Beirut,,,LB,1.3348958378103877,233,11.761111111111111
3131870445,institution,Woxsen School of Business,,,IN,1.3258286066056317,234,1.0416666666666665
162577319,institution,The University of Texas at Dallas,,,US,1.3247821254865495,235,45.988888888888894
31746571,institution,UNSW Sydney,,,AU,1.3075667444331733,236,112.3188492063492
52977244,institution,Insper,,,BR,1.3068262318856274,237,2.95
197251160,institution,Hebrew University of Jerusalem,,,IL,1.3057528740177302,238,19.236111111111107
108192572,institution,HEC Montréal,,,CA,1.304489196071433,239,47.9300505050505
193662353,institution,Utrecht University,,,NL,1.3028801792088325,240,38.26944444444444
99464096,institution,KU Leuven,,,BE,1.3027749640034894,241,51.743542568542566
74623043,institution,Deutsche Bundesbank,,,DE,1.3000067784558307,242,34.73520923520923
204722609,institution,Queen's University,,,CA,1.293574391710864,243,38.22878787878788
133738476,institution,University of Massachusetts Lowell,,,US,1.2856718500104303,244,26.95
189712700,institution,University of Konstanz,,,DE,1.284411733206681,245,8.866666666666665
207789805,institution,Lahore University of Management Sciences,,,PK,1.2840590475353406,246,23.004761904761907
96673099,institution,Technical University of Denmark,,,DK,1.283388710961528,247,3.5
168635309,institution,University of Calgary,,,CA,1.2832582147643217,248,30.366666666666664
193700539,institution,Tilburg University,,,NL,1.2799197088704344,249,51.96547619047619
11874761,institution,University of North Florida,,,US,1.2751540868130447,250,7.416666666666666
145311948,institution,Johns Hopkins University,,,US,1.2745044523168458,251,33.28717532467532
165799507,institution,Rensselaer Polytechnic Institute,,,US,1.2691895459477693,252,21.666666666666664
103635307,institution,"University of California, Riverside",,,US,1.2686043756643448,253,19.7
15766117,institution,University of Graz,,,AT,1.250218279996505,254,22.179166666666667
94339441,institution,Western Kentucky University,,,US,1.2454101611333201,255,8.658333333333333
71209653,institution,Bocconi University,,,IT,1.2439408037747346,256,90.61011904761904
1314466530,institution,Tokai University,,,JP,1.2429133008762745,257,4.442857142857143
176453806,institution,University of Potsdam,,,DE,1.2362411428727587,258,6.548611111111111
139924743,institution,Bentley University,,,US,1.2339067146936142,259,46.99166666666666
66510378,source,Critical Perspectives on Accounting,1045-2354,A,,1.2276988750154447,260,248.0
145872427,institution,Radboud University Nijmegen,,,NL,1.2265727376203694,261,14.036363636363637
70983195,institution,Syracuse University,,,US,1.2254030089516992,262,33.208333333333336
1351752,institution,Koç University,,,TR,1.2252402014146597,263,7.194444444444444
84340266,institution,WHU – Otto Beisheim School of Management,,,DE,1.222213581774344,264,51.19999999999999
12097938,institution,West Virginia University,,,US,1.2202412271241363,265,35.11666666666666
154347574,institution,University of Rijeka,,,HR,1.2159808332423216,266,2.0
83328450,institution,Miami University,,,US,1.2128499605723853,267,45.57063492063492
904495901,institution,Ruhr University Bochum,,,DE,1.2095052636839407,268,10.125
181401687,institution,American University,,,US,1.2005913365927625,269,33.64166666666666
57913696,institution,Istanbul Medeniyet University,,,TR,1.1994870945830103,270,10.25
88155538,institution,Universidad de Navarra,,,ES,1.199299183914437,271,23.858333333333334
28290843,institution,University of Surrey,,,GB,1.1872863372187217,272,21.474999999999998
181418319,institution,SKEMA Business School,,,FR,1.1830427168256525,273,20.04861111111111
114090438,institution,Goethe University Frankfurt,,,DE,1.1816829903785477,274,38.0987012987013
186903577,institution,University of Luxembourg,,,LU,1.1786551315095857,275,24.12777777777778
67415387,institution,Lancaster University,,,GB,1.17781404264278,276,52.66865079365079
56085075,institution,University of Tartu,,,EE,1.1776348191617405,277,4.583333333333333
157946625,source,Financial Management,0046-3892,A,,1.175156606762358,278,133.0
50310733,institution,Banco de Portugal,,,PT,1.1749308539539114,279,10.200000000000001
4210146410,institution,Science Oxford,,,GB,1.17447500713014,280,3.1375
108468826,institution,Stevens Institute of Technology,,,US,1.1725206167437268,281,26.86666666666667
106157433,institution,University of Kassel,,,DE,1.1717152086352798,282,9.55
323237,source,Accounting and Business Research,0001-4788,A,,1.1703645007792798,283,161.0
166825849,institution,Tampere University,,,FI,1.1688431339790777,284,18.557556770714665
133999245,institution,"University of Nevada, Las Vegas",,,US,1.1656722886563933,285,18.905555555555555
23923803,institution,University of Exeter,,,GB,1.1637508986072505,286,30.45833333333333
4210092408,institution,Toulouse School of Economics,,,FR,1.1613002527052336,287,15.9
31575130,institution,SOAS University of London,,,GB,1.1585557696751563,288,6.256944444444444
117841876,institution,Université Paris-Panthéon-Assas,,,FR,1.1539958322096087,289,5.761111111111111
55060895,institution,University of Greenwich,,,GB,1.151310905726864,290,15.685714285714285
39343248,institution,Humboldt-Universität zu Berlin,,,DE,1.1511826193944914,291,9.988333333333332
180923762,institution,University of Cologne,,,DE,1.1503921925593168,292,20.135317460317463
154425047,institution,University of Alberta,,,CA,1.150065414314338,293,34.44444444444444
123534392,institution,University of North Texas,,,US,1.147611648805722,294,33.65833333333334
133529467,institution,Sharif University of Technology,,,IR,1.1471106921618877,295,3.833333333333333
4210149577,institution,ESCP Business School,,,FR,1.1394727003216791,296,14.246367521367524
76766440,institution,University of San Francisco,,,US,1.1307167095628008,297,7.958333333333332
177477856,institution,Polytechnic University of Turin,,,IT,1.1300047916960683,298,10.425
46176106,institution,Universidad de Burgos,,,ES,1.1219310331901364,299,12.333333333333334
90840245,institution,Rollins College,,,US,1.120310092355324,300,5.391666666666667
2058785,source,Journal of money credit and banking,0022-2879,A,,1.1175026329652633,301,115.0
206011266,institution,Kwansei Gakuin University,,,JP,1.1158967837577862,302,7.583333333333333
181356434,source,Accounting Horizons,0888-7993,A,,1.1121919285569677,303,226.0
24943067,institution,Fudan University,,,CN,1.1062837722329035,304,103.52480158730157
4210152270,institution,INSEAD,,,SG,1.1049058289793594,305,5.727777777777778
83205935,institution,Malaviya National Institute of Technology Jaipur,,,IN,1.104048117313095,306,15.8375
54108979,institution,Norwegian University of Life Sciences,,,NO,1.103576766251467,307,4.558333333333334
51205905,institution,Kedge Business School,,,FR,1.0991639723721771,308,19.213888888888885
131651094,institution,University of Denver,,,US,1.0975273805709476,309,23.563888888888886
129086836,source,Real Estate Economics,1080-8620,A,,1.0924301998757548,310,167.0
192455969,institution,York University,,,CA,1.0864791146339823,311,62.87462121212121
4432739,institution,University of Bergen,,,NO,1.0718362973228548,312,6.624999999999999
154526488,institution,Inserm,,,FR,1.0709455794702487,313,0.7916666666666667
1310145890,institution,International Monetary Fund,,,US,1.0683543617915834,314,98.2097943722944
162525099,source,Financial Analysts Journal,0015-198X,A,,1.0678347693864556,315,12.0
124357947,institution,University of London,,,GB,1.066210443955629,316,12.35813492063492
177969490,institution,University of Southern Denmark,,,DK,1.062243462362687,317,22.88095238095238
205274468,institution,Trinity College Dublin,,,IE,1.061661967773046,318,38.66868686868687
56590836,institution,Monash University,,,AU,1.0594835167696888,319,159.6261183261183
686019,institution,AGH University of Krakow,,,PL,1.0561184440277847,320,1.4166666666666665
62916508,institution,Technical University of Munich,,,DE,1.0481645793046404,321,45.68055555555555
127591826,institution,University of Dayton,,,US,1.0414614732008192,322,25.408333333333328
165102784,institution,Duquesne University,,,US,1.041416676937342,323,10.283333333333333
102607778,institution,Cleveland State University,,,US,1.0400959366787246,324,13.741666666666669
12912129,institution,Northeastern University,,,US,1.0388744583115708,325,35.94452380952381
1287339526,institution,Reserve Bank of India,,,IN,1.0369236834548796,326,7.277777777777778
4210166444,institution,Institut de Recherche pour le Développement,,,FR,1.0355170222508003,327,1.524722222222222
157394403,institution,Baylor University,,,US,1.0347917319633564,328,21.069444444444443
67900169,institution,Chung-Ang University,,,KR,1.0344610804910799,329,29.84166666666667
82951845,institution,RMIT University,,,AU,1.0334716831343569,330,101.6435286935287
79619799,institution,University of Birmingham,,,GB,1.0326802210733212,331,64.39108946608947
121634618,source,Journal of Financial Stability,1572-3089,A,,1.0302067910867034,332,352.0
4210148300,institution,Institut d'Economie Scientifique Et de Gestion,,,FR,1.0227781542593015,333,34.262499999999996
64175962,institution,China Europe International Business School,,,CN,1.0176058558928904,334,17.525
184558857,institution,Royal Holloway University of London,,,GB,1.0163658408041272,335,30.016666666666662
88060688,institution,Universidad Politécnica de Madrid,,,ES,1.0143217205001493,336,2.3666666666666667
921990950,institution,University of Colorado Denver,,,US,1.0139039466496849,337,20.201190476190476
368840534,institution,University of Mississippi,,,US,1.0135293622594406,338,27.749999999999993
4210166174,institution,Joint Research Center,,,ES,1.011015941697819,339,10.25515873015873
115475287,institution,Oklahoma State University,,,US,1.0082065898127375,340,26.475
135140700,institution,University of Bonn,,,DE,1.006834805320593,341,14.477777777777776
48254654,source,Journal of Business Finance &amp Accounting,0306-686X,A,,1.0031257173847243,342,324.0
106165777,institution,University of Central Florida,,,US,0.9985589832775598,343,45.521111111111104
899713450,institution,Air University,,,PK,0.9923917676313794,344,9.842857142857143
891191580,institution,Aalborg University,,,DK,0.9916233385083509,345,25.228351180982763
71637028,institution,University of Brighton,,,GB,0.9862628533826192,346,8.1
16069442,source,Journal of Management Accounting Research,1049-2127,A,,0.9844612089599588,347,132.0
100930933,institution,University College Dublin,,,IE,0.9752564676100246,348,61.916666666666664
129604602,institution,University of Sydney,,,AU,0.9750090999425134,349,142.0986111111111
141568987,institution,Hong Kong Baptist University,,,HK,0.974336710699598,350,32.038888888888884
1334329717,institution,World Bank,,,US,0.9736674543995044,351,32.5
32389192,institution,University of Alabama at Birmingham,,,US,0.9734950434685068,352,6.0
161593684,institution,Stockholm University,,,SE,0.971835065489901,353,31.321464646464644
180825142,institution,"City, University of London",,,GB,0.971722965450299,354,60.974999999999994
4210165760,institution,College of Accounting,,,SI,0.9704342894651882,355,6.115277777777779
65644108,institution,Adam Smith Institute,,,GB,0.9573271825933476,356,29.097727272727273
25169866,institution,Universidade Católica Portuguesa,,,PT,0.9572712979951593,357,15.383333333333333
202963720,institution,University of St. Gallen,,,CH,0.9556788881250985,358,76.03055555555555
874792244,institution,European University Institute,,,IT,0.9556139763874055,359,10.166666666666668
172980758,institution,Kennesaw State University,,,US,0.9497258393365251,360,29.211111111111112
130438778,institution,Memorial University of Newfoundland,,,CA,0.9488225219821784,361,20.058333333333334
99041443,institution,Mississippi State University,,,US,0.9441494558226575,362,17.533333333333335
58956616,institution,Case Western Reserve University,,,US,0.9438249407966911,363,24.033333333333335
28407311,institution,University of Manchester,,,GB,0.9336974921574303,364,91.03477633477632
123946342,institution,Binghamton University,,,US,0.9301511057611055,365,15.208333333333332
60158472,institution,Concordia University,,,CA,0.9296488021706005,366,67.43459595959597
196829312,institution,La Trobe University,,,AU,0.928421599504495,367,56.53333333333332
2613432,institution,University of South Florida,,,US,0.9277750797703748,368,31.275000000000002
26538001,institution,San Diego State University,,,US,0.9263028894828867,369,26.999999999999993
171424506,source,European Accounting Review,0963-8180,A,,0.923779322924314,370,269.0
12079687,institution,Edith Cowan University,,,AU,0.9232408034049384,371,24.09166666666667
91136226,institution,University of Sheffield,,,GB,0.9230065493189694,372,48.44166666666667
78037679,institution,UiT The Arctic University of Norway,,,NO,0.919884203529537,373,3.7333333333333334
169381384,institution,University of Groningen,,,NL,0.919527079636878,374,51.824999999999996
51504820,institution,San Jose State University,,,US,0.9189708931626541,375,13.749999999999998
122266389,institution,University of Nebraska at Omaha,,,US,0.9183234897150769,376,15.024999999999999
25217355,institution,University of Pavia,,,IT,0.9140392580054123,377,19.90833333333333
36243813,institution,Universidad Nacional de Colombia,,,CO,0.9133057212956005,378,3.4999999999999996
75381157,institution,Wilfrid Laurier University,,,CA,0.9102632749221531,379,44.98104256854257
2802326326,institution,The University of Texas Rio Grande Valley,,,US,0.9089348278424566,380,39.725
3125470973,institution,Istanbul Medipol University,,,TR,0.908611230564925,381,11.283333333333333
43439940,institution,University of Southampton,,,GB,0.9015939286657058,382,88.76468253968252
200763008,institution,University of Giessen,,,DE,0.8992209142260137,383,16.23917748917749
8204097,institution,Ludwig-Maximilians-Universität München,,,DE,0.8973403892241361,384,28.869444444444447
18014758,institution,Simon Fraser University,,,CA,0.8973047403303046,385,29.024999999999995
142823887,institution,St. John's University,,,US,0.8966808415319052,386,10.375
4210166741,institution,University of Klagenfurt,,,AT,0.8957745233126111,387,5.183333333333334
125749732,institution,Western University,,,CA,0.894705989229706,388,53.467424242424244
107640659,institution,South Ural State University,,,RU,0.8943737639491302,389,14.080555555555556
121820613,institution,Louisiana State University,,,US,0.8914545248937418,390,30.052777777777777
189590672,institution,Kansas State University,,,US,0.8890082217805221,391,17.48333333333333
96413208,institution,Swinburne University of Technology Sarawak Campus,,,MY,0.8889610888123984,392,4.576388888888888
185071736,institution,Chapman University,,,US,0.8873716084735214,393,15.363888888888889
9351053,source,Financial Review,0732-8516,A,,0.8826663358816472,394,169.0
151746483,institution,University of Waterloo,,,CA,0.8813530108243783,395,44.447222222222216
107707843,institution,Roskilde University,,,DK,0.8787124202117741,396,4.166666666666667
142444530,institution,University of Trieste,,,IT,0.8780579134537256,397,5.008333333333334
161548249,institution,Bangor University,,,GB,0.8772195571402315,398,21.208333333333332
5593406,institution,Universitat Ramon Llull,,,ES,0.8751764527741493,399,18.149098124098124
20231570,institution,Peking University,,,CN,0.8713073842379873,400,127.4815476190476
86762183,source,Journal of Accounting and Public Policy,0278-4254,A,,0.8697887872109483,401,266.0
157638225,institution,"California State University, Northridge",,,US,0.8696664959667777,402,16.819047619047616
179026463,institution,Beijing Technology and Business University,,,CN,0.8675295875738082,403,64.81666666666666
4210224324,source,Accounting Auditing & Accountability Journal,0951-3574,A,,0.8674382962915166,404,478.0
190134885,institution,Helmut Schmidt University,,,DE,0.8671289769561497,405,11.266666666666667
43406934,institution,Université Laval,,,CA,0.8650841218520063,406,56.11058612440192
127646213,source,Journal of Financial Markets,1386-4181,A,,0.8609855303721986,407,187.0
92446798,institution,Colorado State University,,,US,0.8600072274285442,408,23.015079365079366
181631907,institution,University of Ibadan,,,NG,0.8591365935144618,409,21.775
162608824,institution,University of Sussex,,,GB,0.8580335579076456,410,61.46031746031746
153473198,institution,North China Electric Power University,,,CN,0.8568236318157825,411,19.6
179225836,institution,University of Augsburg,,,DE,0.8558395823454157,412,29.30277777777778
11039511,institution,University of Bergamo,,,IT,0.8545257627540457,413,29.2020202020202
2802079931,institution,Nord University,,,NO,0.8455535257824286,414,14.698953823953824
190082696,institution,Durham University,,,GB,0.8441440116309677,415,82.08084415584416
102149020,institution,University of North Carolina at Charlotte,,,US,0.8423195016378746,416,37.08452380952381
74656192,institution,University of Göttingen,,,DE,0.8414066796087324,417,21.507142857142863
51601045,institution,University of Bath,,,GB,0.8365187125721262,418,48.9468253968254
33434090,institution,University of Massachusetts Boston,,,US,0.8364116625849981,419,30.7
67328108,institution,"California State University, Fresno",,,US,0.8353642813245166,420,10.5
179311214,institution,Gulf University for Science & Technology,,,KW,0.8344263673677983,421,9.319444444444443
2799858192,institution,London School of Business and Management,,,GB,0.8342636170984798,422,15.658333333333331
4210118524,institution,Université Bourgogne Franche-Comté,,,FR,0.8328286216233257,423,5.541666666666666
197518295,institution,IZA - Institute of Labor Economics,,,DE,0.8323338050725408,424,13.144444444444444
56441308,institution,Libera Università Internazionale degli Studi Sociali Guido Carli,,,IT,0.8320237046462733,425,29.08333333333333
2699952,institution,Pontifical Catholic University of Rio de Janeiro,,,BR,0.8266426415501534,426,12.5
4210099530,institution,IPAG Business School,,,FR,0.8253059170366749,427,30.45277777777778
93860229,institution,Politecnico di Milano,,,IT,0.8252324757686208,428,39.13333333333333
155976169,institution,Witten/Herdecke University,,,DE,0.8173439658462756,429,3.730555555555555
132286405,institution,Kadir Has University,,,TR,0.8169086643768279,430,14.916666666666666
89864525,institution,Universität Trier,,,DE,0.8139043071179521,431,12.058333333333334
161103922,institution,Philipps University of Marburg,,,DE,0.8098484700427601,432,7.25
66943878,institution,De Montfort University,,,GB,0.8083574289452926,433,37.90238095238095
8078737,institution,Clemson University,,,US,0.8046325959804717,434,43.66666666666667
159176309,institution,Universität Hamburg,,,DE,0.8016951889514358,435,34.36111111111111
41156924,institution,Victoria University of Wellington,,,NZ,0.8014563886322248,436,52.73344474153298
204136569,institution,The Open University,,,GB,0.8003481451960418,437,9.25
173439891,institution,HES-SO University of Applied Sciences and Arts Western Switzerland,,,CH,0.7999538826502682,438,17.37222222222222
63072094,institution,University of Portsmouth,,,GB,0.7979433255322942,439,67.00198412698413
201841394,institution,Université Côte d'Azur,,,FR,0.7953554800843738,440,6.5375000000000005
5085271,institution,Hanken School of Economics,,,FI,0.7944523106595135,441,33.20833333333333
102335020,institution,Karlsruhe Institute of Technology,,,DE,0.7942837692504834,442,15.221320346320347
193524592,institution,Tianjin University of Finance and Economics,,,CN,0.7942635903205343,443,74.0152777777778
2764509274,source,China Finance Review International,2044-1398,A,,0.7902350552487872,444,133.0
98677209,institution,University of Edinburgh,,,GB,0.789003385370836,445,90.9932400932401
206945453,institution,Paderborn University,,,DE,0.785934433650348,446,15.33611111111111
130828816,institution,University of Leeds,,,GB,0.7856661109408812,447,35.75793650793651
110002522,institution,University of Essex,,,GB,0.7854930328050063,448,116.07150072150073
51216347,institution,Anglia Ruskin University,,,GB,0.7852587571845642,449,4.25
187531555,institution,Lund University,,,SE,0.7771956807948593,450,30.358980785296573
207154782,source,Journal of Financial Econometrics,1479-8409,A,,0.7751766786704248,451,156.0
158012942,institution,University of Richmond,,,US,0.7716054874168793,452,19.333333333333332
103737770,institution,Bank of Italy,,,IT,0.7712930355710325,453,59.07619047619047
35440088,institution,ETH Zurich,,,CH,0.7701788766160601,454,25.90297619047619
83558840,institution,Universidade Nova de Lisboa,,,PT,0.770143020288495,455,16.37777777777778
2764449665,source,Journal of Wine Economics,1931-4361,A,,0.7690725935165849,456,143.0
68415526,institution,Federal Reserve Bank of Dallas,,,US,0.7678415755819284,457,12.594444444444443
4387153298,institution,École de management de Normandie,,,,0.7664669644383936,458,10.954761904761904
165339363,institution,Universidad de Oviedo,,,ES,0.7653703205363346,459,19.416666666666668
121980950,institution,Utah State University,,,US,0.7615019069072315,460,26.26666666666667
212119943,institution,University of Victoria,,,CA,0.7590302539461362,461,9.930555555555555
60053951,institution,Universitat Politècnica de València,,,ES,0.7586247477747801,462,7.188888888888887
202178085,source,The Journal of Real Estate Finance and Economics,0895-5638,A,,0.7540414989437488,463,243.0
121847817,institution,"The Graduate Center, CUNY",,,US,0.7537307381629073,464,6.387499999999999
184564680,institution,Inter-American Development Bank,,,US,0.750195444699536,465,8.733333333333333
47605537,institution,The Hang Seng University of Hong Kong,,,CN,0.7501114904261135,466,10.710833333333333
4210119896,institution,King's College School,,,GB,0.7421065972567586,467,9.520833333333334
134161618,institution,National Taiwan Normal University,,,TW,0.7419365581844294,468,4.158333333333333
195460627,institution,University of Aberdeen,,,GB,0.7411994761054933,469,50.359469696969704
148751991,institution,Sogang University,,,KR,0.7411464751351445,470,15.75
139264467,institution,Seoul National University,,,KR,0.7396510418053476,471,59.65555555555555
162714631,institution,George Mason University,,,US,0.7378077861091193,472,28.983333333333334
45129253,institution,University College London,,,GB,0.7358231763168365,473,59.10575396825398
29894533,institution,Charles Darwin University,,,AU,0.7357034934942873,474,5.833333333333333
161046081,institution,University of Freiburg,,,DE,0.7354699305790217,475,5.333333333333333
931278978,institution,College of Business Administration,,,LV,0.7349300693341256,476,7.356944444444444
146655781,institution,University of Liverpool,,,GB,0.7335550603021526,477,48.82265512265513
121883995,institution,Johannes Kepler University of Linz,,,AT,0.7319606548302976,478,16.931944444444444
6014304,source,Journal of the American Taxation Association,0198-9073,A,,0.7312133407217118,479,71.0
107181468,source,Journal of Accounting Auditing & Finance,0148-558X,A,,0.7299866776491785,480,186.0
59897056,institution,"California State University, Long Beach",,,US,0.7293679517871463,481,14.783333333333333
94625822,institution,Northern University of Malaysia,,,MY,0.7264612856603547,482,30.991666666666664
145507837,source,Industrial and Corporate Change,0960-6491,A,,0.725260342383907,483,291.0
52721111,source,Journal of Real Estate Research,0896-5803,A,,0.7245815209696763,484,111.0
20121455,institution,Bielefeld University,,,DE,0.7245087821974006,485,5.0
951315,institution,Graduate Institute of International and Development Studies,,,CH,0.7229559218916946,486,1.8611111111111112
900890020,institution,University of Palermo,,,IT,0.7184171449580583,487,14.025
12315562,institution,Texas Tech University,,,US,0.7169871085686629,488,31.062121212121205
19820366,institution,Chinese Academy of Sciences,,,CN,0.7163698361125046,489,26.156666666666666
19700959,institution,Florida International University,,,US,0.7142441526498168,490,82.40555555555555
169335092,institution,University of North Carolina at Greensboro,,,US,0.7135383952081237,491,14.83333333333333
27577105,institution,University College Cork,,,IE,0.7115323325356679,492,25.233333333333338
157485424,institution,Korea Advanced Institute of Science and Technology,,,KR,0.7105861346315308,493,62.92500000000001
118564535,institution,University of Bern,,,CH,0.7084898606090053,494,17.683333333333334
36234482,institution,University of Bristol,,,GB,0.7081075612239216,495,52.667933455433456
109173049,institution,Beijing Foreign Studies University,,,CN,0.7045273727712721,496,22.191666666666666
129162050,institution,École Supérieure de Commerce de Toulouse,,,FR,0.7008645479835918,497,26.324242424242424
183638586,institution,Parthenope University of Naples,,,IT,0.6997902242162704,498,22.85833333333333
4210106879,institution,Ohio University,,,US,0.6994870700148406,499,18.06111111111111
184840846,institution,Virginia Commonwealth University,,,US,0.6993803256825053,500,17.4
118347636,institution,Australian National University,,,AU,0.6993338339576683,501,103.61170634920636
134113660,institution,"University of Nevada, Reno",,,US,0.6962926156145998,502,20.46666666666667
189158943,institution,University of Milan,,,IT,0.6960290633193438,503,21.794444444444444
9360294,institution,University of Bologna,,,IT,0.6908703608660062,504,57.34722222222222
184813773,institution,"California State University, East Bay",,,US,0.6894660118351993,505,8.282467532467532
47818738,institution,Sultan Qaboos University,,,OM,0.6874248462904318,506,15.383333333333333
183935753,institution,King's College London,,,GB,0.684850553130445,507,34.65257936507936
149704539,institution,Deakin University,,,AU,0.6829785483681284,508,86.01190476190477
3131550300,institution,Université Toulouse-I-Capitole,,,FR,0.682779953916888,509,2.5289682539682534
72951846,institution,Washington State University,,,US,0.6821140037502132,510,26.344877344877347
108290504,institution,University of Pisa,,,IT,0.6795866869522138,511,28.06868686868686
200332995,institution,TU Dortmund University,,,DE,0.6794318645991098,512,15.791666666666666
74413500,institution,University of Windsor,,,CA,0.679345020073092,513,12.906565656565657
56934997,institution,Changsha University of Science and Technology,,,CN,0.67862221885966,514,45.63
41869786,source,Small Business Economics,0921-898X,A,,0.6780235142297735,515,634.0
42934936,institution,Dublin City University,,,IE,0.677872086015073,516,35.072222222222216
4210154111,institution,Université Gustave Eiffel,,,FR,0.6772938798436282,517,1.9583333333333333
66890659,institution,Saint Mary's University,,,CA,0.6772682545360115,518,19.083333333333332
164389053,institution,Fordham University,,,US,0.675673670706246,519,58.463888888888874
154338468,institution,University of Fribourg,,,CH,0.6750498888805698,520,10.416666666666666
51195161,institution,École de management de Lyon,,,FR,0.673220514508311,521,22.758333333333333
78757542,institution,University of Newcastle Australia,,,AU,0.6729485656847393,522,39.75
79817857,institution,University of Guelph,,,CA,0.6715443535111932,523,19.882575757575758
123185442,institution,Reykjavík University,,,IS,0.6703934427955981,524,8.925
204337017,institution,Aarhus University,,,DK,0.6688920324971872,525,52.753679653679654
149213910,institution,University of Antwerp,,,BE,0.6679965526254009,526,15.933333333333334
173161963,institution,University of Prešov,,,SK,0.667534893434556,527,1.3402777777777777
28022161,institution,King Saud University,,,SA,0.6659067462714526,528,6.230158730158729
10747938,source,Journal of International Money and Finance,0261-5606,A,,0.6655717700986633,529,619.0
63341726,institution,Université du Québec à Trois-Rivières,,,CA,0.6649407843568866,530,3.083333333333333
124261006,institution,École Supérieure des Sciences Économiques et Commerciales,,,FR,0.6633528270699954,531,18.80235597735598
99043593,institution,Macquarie University,,,AU,0.6615491746285099,532,208.83809523809524
16835326,institution,University of St Andrews,,,GB,0.6609006453470336,533,21.9
181727666,institution,University of Economics Ho Chi Minh City,,,VN,0.6604235532365589,534,115.23194444444445
153648349,institution,University of Leicester,,,GB,0.6593829227534719,535,20.131107781107783
201726411,institution,United Arab Emirates University,,,AE,0.6592557665780769,536,40.32970085470085
22465464,institution,University of Münster,,,DE,0.6592297736280531,537,33.516666666666666
121797337,institution,Leiden University,,,NL,0.6591866348510033,538,7.743686868686869
81365321,institution,Old Dominion University,,,US,0.659014183386933,539,37.89166666666666
21250087,institution,Charles University,,,CZ,0.6586798138546508,540,30.14111111111111
190249584,institution,Universität Innsbruck,,,AT,0.6586280379463921,541,19.226190476190474
130785548,institution,Clark University,,,US,0.6567099369286393,542,6.916666666666666
870178186,institution,Nyenrode Business University,,,NL,0.655596696897956,543,22.291666666666668
165143802,institution,University of Queensland,,,AU,0.6548579758085181,544,97.93480392156863
298625061,institution,Swedish University of Agricultural Sciences,,,SE,0.6533553027757076,545,3.333333333333333
176790772,institution,Murdoch University,,,AU,0.6527940812199663,546,6.166666666666666
4210158000,institution,ILMA University,,,PK,0.6526674253263066,547,5.502380952380953
63135867,institution,University of Cincinnati,,,US,0.6498636835606316,548,18.333333333333336
75421653,institution,University of Missouri–Kansas City,,,US,0.6477453085112079,549,8.0
65285256,institution,Pontifical Catholic University of Peru,,,PE,0.6470124243947891,550,7.483333333333333
139660479,institution,Central South University,,,CN,0.643268426353315,551,96.9972222222222
131852005,source,European Financial Management,1354-7798,A,,0.6421983382157747,552,247.0
113456305,institution,Leuphana University of Lüneburg,,,DE,0.6410771332675194,553,9.29047619047619
52158045,institution,China Agricultural University,,,CN,0.6409156478208123,554,16.666666666666664
149919469,institution,California Polytechnic State University,,,US,0.6408339949529183,555,15.222222222222221
161371597,institution,Universiti of Malaysia Sabah,,,MY,0.6406622692558195,556,1.7
163151358,institution,Cyprus University of Technology,,,CY,0.640616208600833,557,15.316666666666666
4210092681,institution,Antwerp Management School,,,BE,0.6398226624614373,558,1.9333333333333333
203847022,institution,Instituto Politécnico de Lisboa,,,PT,0.6381386066388568,559,7.2250000000000005
865915315,institution,Vrije Universiteit Amsterdam,,,NL,0.6356006093173104,560,52.2777417027417
63772739,institution,Florida Atlantic University,,,US,0.6323561135521876,561,63.81111111111111
9300472,institution,Bournemouth University,,,GB,0.6321576441755207,562,10.119444444444444
94658018,institution,University of Memphis,,,US,0.6313801532484831,563,33.275
92834545,institution,École Supérieure de Commerce de Rennes,,,FR,0.630734677354577,564,25.19166666666667
181369854,institution,Friedrich-Alexander-Universität Erlangen-Nürnberg,,,DE,0.6302279215511751,565,27.95833333333333
154570441,institution,"University of California, Santa Barbara",,,US,0.6293914345820643,566,10.241666666666665
197396629,source,The British Accounting Review,0890-8389,A,,0.6273581276884663,567,277.0
60559429,institution,Nazarbayev University,,,KZ,0.627195240506178,568,8.374999999999998
177364143,institution,Centre for European Economic Research,,,DE,0.6267055232645184,569,17.60376984126984
98251732,institution,McMaster University,,,CA,0.6256692445584892,570,37.14166666666666
206895457,institution,University of Siegen,,,DE,0.6229101464955357,571,17.133333333333333
52179390,institution,University of Waikato,,,NZ,0.6201259800420634,572,71.375
142740786,institution,University of Louisville,,,US,0.6192092940404691,573,13.95
186335123,institution,East Carolina University,,,US,0.618354523672621,574,19.083333333333332
4800084,institution,Southwest Jiaotong University,,,CN,0.6161410255760167,575,169.35238095238094
126345244,institution,Portland State University,,,US,0.6155638254598227,576,19.616666666666667
2799429437,institution,ICMA Centre,,,GB,0.6145515992023144,577,22.52361111111111
178634671,source,Financial Accountability and Management,0267-4424,A,,0.6132919549950901,578,155.0
1309849503,institution,RAND Corporation,,,US,0.611857673422078,579,2.658333333333333
170658231,institution,Osnabrück University,,,DE,0.6113109318711699,580,8.149999999999999
4210144888,institution,Business France,,,FR,0.6092828184477431,581,10.647222222222222
114017466,institution,University of Technology Sydney,,,AU,0.6089073031380456,582,103.29271094402672
195939026,institution,Glasgow Caledonian University,,,GB,0.6084527882669757,583,5.3999999999999995
79510175,institution,Cardiff University,,,GB,0.6082417377100383,584,73.80119047619047
91044093,institution,Zayed University,,,AE,0.6074358187842925,585,45.24166666666666
199440890,institution,American University of Sharjah,,,AE,0.6071710083829748,586,22.999999999999996
110079840,institution,University of Hohenheim,,,DE,0.6065134756037452,587,18.57619047619048
12832649,institution,Gachon University,,,KR,0.6060675114565465,588,17.916666666666668
82284825,institution,Cranfield University,,,GB,0.605031758596654,589,11.566666666666668
1330701686,institution,Collegio Carlo Alberto,,,IT,0.5997408753815819,590,7.230555555555556
4210131537,institution,Montpellier Business School,,,FR,0.5996413472378549,591,29.356565656565657
929597975,institution,National University of Sciences and Technology,,,PK,0.5991293280294933,592,16.22142857142857
32394136,institution,Northumbria University,,,GB,0.5972661244587795,593,21.458333333333332
200650556,institution,University of Agder,,,NO,0.5969347621195914,594,15.169444444444444
76239586,source,Qualitative Research in Accounting & Management,1176-6093,A,,0.596183578944926,595,130.0
2800387288,institution,European Commission,,,BE,0.5946404583989856,596,8.03452380952381
197854408,institution,University of Malta,,,MT,0.5943399240674744,597,4.683333333333334
4210118689,institution,Joint Research Centre,,,IT,0.5939768354437939,598,9.597222222222221
114112103,institution,Leibniz University Hannover,,,DE,0.5935975924319973,599,29.162499999999998
155660961,institution,University of Turku,,,FI,0.5919720007251504,600,22.843253968253975
4210143550,institution,Taylor's University,,,MY,0.5910264177508642,601,14.012500000000001
183067930,institution,Shanghai Jiao Tong University,,,CN,0.5904651823054186,602,87.94444444444444
94722563,institution,University of Jyväskylä,,,FI,0.5893875719159443,603,13.951190476190478
57093077,institution,Swinburne University of Technology,,,AU,0.5876240704162006,604,24.92222222222222
62318514,institution,University of Duisburg-Essen,,,DE,0.5873962307821476,605,26.858333333333334
170239107,institution,University of South Australia,,,AU,0.5872238951146337,606,48.637301587301586
70931966,institution,Université de Montréal,,,CA,0.587137560191155,607,6.380952380952381
174216632,institution,City University of New York,,,US,0.586365332091808,608,13.741666666666669
80281795,institution,University of Otago,,,NZ,0.5856096942289993,609,76.98373015873015
71052956,institution,University of Reading,,,GB,0.5855399987866483,610,58.199206349206364
180437899,institution,University of Bremen,,,DE,0.5848350383529126,611,15.12222222222222
50357001,institution,Universidad Carlos III de Madrid,,,ES,0.5845022884694663,612,30.249999999999996
153718931,institution,University of Ottawa,,,CA,0.5823868720447816,613,29.91571067821068
59649739,institution,Jiangxi University of Finance and Economics,,,CN,0.5823687666130742,614,84.90555555555557
15057530,institution,Université de Bordeaux,,,FR,0.5814730622004869,615,9.531944444444445
204824540,institution,University of Wollongong,,,AU,0.5813338719567657,616,81.41486928104574
149461666,institution,Ca' Foscari University of Venice,,,IT,0.5811063822312773,617,34.40694444444444
7882870,institution,University of Glasgow,,,GB,0.5788367880844897,618,42.929870129870125
177877127,institution,University of Western Australia,,,AU,0.5782593408621424,619,91.81858974358973
96120398,institution,De Nederlandsche Bank,,,NL,0.5773107780462096,620,18.21388888888889
115237062,source,Journal of Economics & Management Strategy,1058-6407,A,,0.5759600372033178,621,217.0
49185572,institution,Yunnan University of Finance And Economics,,,CN,0.5734828108463739,622,37.134523809523806
145875555,source,Journal of Empirical Finance,0927-5398,A,,0.5726938267331532,623,336.0
100532134,institution,Université Claude Bernard Lyon 1,,,FR,0.5720239323296139,624,4.777777777777778
530967,institution,Toronto Metropolitan University,,,CA,0.5719629030201714,625,41.625505050505055
45438204,institution,The University of Texas at San Antonio,,,US,0.5717519677652356,626,50.455555555555556
90871651,institution,University of Toledo,,,US,0.5711043755433632,627,16.183333333333334
746986,institution,Halmstad University,,,SE,0.5706423283814758,628,1.25
96679780,institution,Chuo University,,,JP,0.5700946424619702,629,6.749999999999999
84884186,institution,Newcastle University,,,GB,0.570029640479412,630,40.65476190476191
51101395,institution,Université Paris 1 Panthéon-Sorbonne,,,FR,0.5697129145555223,631,15.008333333333333
32597200,institution,Ghent University,,,BE,0.5690541071084748,632,41.53452380952381
114150738,institution,Fu Jen Catholic University,,,TW,0.5682918012693994,633,15.166666666666666
51158804,institution,Massey University,,,NZ,0.567135524410042,634,134.621645021645
12379730,institution,Poznań University of Economics and Business,,,PL,0.5669882111488979,635,30.905555555555555
2764372386,source,Journal of Behavioral and Experimental Finance,2214-6350,A,,0.5669161977859238,636,403.0
151201029,institution,Consejo Nacional de Investigaciones Científicas y Técnicas,,,AR,0.5664514747028255,637,5.111111111111112
191208505,institution,Xiamen University,,,CN,0.5660714567293424,638,234.16896825396825
166459259,institution,Shiraz University,,,IR,0.5654927357018165,639,3.6666666666666665
20581793,institution,University of Kent,,,GB,0.5649462851369296,640,33.77579365079365
25846049,institution,National Tsing Hua University,,,TW,0.5625044555368929,641,18.233333333333334
117965899,institution,University of Hawaiʻi at Mānoa,,,US,0.5613130834210622,642,17.711111111111112
881427289,institution,University of Gothenburg,,,SE,0.558864431030495,643,43.347076023391814
142263535,institution,University of Nottingham,,,GB,0.5587604670375442,644,58.64166666666667
95674353,institution,UCLouvain,,,BE,0.5587167146794172,645,23.71851851851852
1288051870,institution,Organisation de Coopération et de Développement Economiques,,,FR,0.5567374907036109,646,8.424999999999999
213512949,institution,T A Pai Management Institute,,,IN,0.5566896817478463,647,8.625
25399158,institution,Mahidol University,,,TH,0.5556549045025941,648,14.01547619047619
43579087,institution,University of Wisconsin–Milwaukee,,,US,0.5555398431093523,649,26.316666666666666
177909021,institution,Universidade Federal de São Carlos,,,BR,0.5542410789468354,650,3.0333333333333337
139894009,institution,University of Bradford,,,GB,0.5535827565633051,651,21.338690476190475
133731052,institution,University of Helsinki,,,FI,0.5534045928841884,652,10.83888888888889
126863827,institution,Pace University,,,US,0.5504065387733847,653,15.916666666666668
91633459,institution,Middle East University,,,JO,0.548756499873194,654,0.8958333333333333
145572626,source,International Review of Financial Analysis,1057-5219,A,,0.5484314395380533,655,1809.0
79238269,institution,Universidad de Sevilla,,,ES,0.5477321339274943,656,19.166666666666668
48825208,institution,Université Paris 8,,,FR,0.5473124454491477,657,3.333333333333334
147962203,institution,Democritus University of Thrace,,,GR,0.5468716392712994,658,11.999999999999998
98259816,institution,"Birkbeck, University of London",,,GB,0.5466780258399555,659,16.21904761904762
174458059,institution,National Technical University of Athens,,,GR,0.5463049283591294,660,4.997222222222222
4400600934,institution,ICN Business School,,,,0.5449676737679243,661,2.0680555555555555
35913352,institution,Prague University of Economics and Business,,,CZ,0.5449305695202059,662,23.713742690058478
157392197,institution,Hashemite University,,,JO,0.5439612540112904,663,5.325
159948400,institution,Jinan University,,,CN,0.5438728587481084,664,96.66666666666666
177097968,institution,University of Tennessee at Chattanooga,,,US,0.5437158694465251,665,5.391666666666666
8087733,institution,University of Tübingen,,,DE,0.5431493679524211,666,13.727777777777776
162868743,institution,Tianjin University,,,CN,0.5421429604357945,667,139.02579365079364
4210208451,source,Quarterly Journal of Finance,2010-1392,A,,0.54203797335732,668,91.0
39387349,institution,University of Chieti-Pescara,,,IT,0.5409268144008096,669,31.825000000000003
17626003,institution,University of Rhode Island,,,US,0.5401865910195346,670,16.916666666666668
16733864,institution,National Taiwan University,,,TW,0.5400380807661561,671,69.22777777777777
82743730,source,Journal of International Financial Markets Institutions and Money,1042-4431,A,,0.5390819101743183,672,569.0
3045169105,institution,Southern University of Science and Technology,,,CN,0.5387534902771944,673,47.074999999999996
181679659,institution,Shanghai University of Finance and Economics,,,CN,0.5386040957505803,674,166.44920634920632
168864056,institution,Bilkent University,,,TR,0.5380962308517145,675,24.424999999999997
90326151,institution,Ecole des Hautes Etudes Commerciales du Nord,,,FR,0.535885816281318,676,77.85836940836941
27963644,institution,HHL Leipzig Graduate School of Management,,,DE,0.5333377870717609,677,13.40326797385621
94626330,institution,University of Bamberg,,,DE,0.5332853062100248,678,35.23611111111111
120156002,institution,Boise State University,,,US,0.5321092468145365,679,15.458333333333334
392282,institution,"University at Albany, State University of New York",,,US,0.5314214112761787,680,10.347222222222221
71999127,institution,Universitat de Barcelona,,,ES,0.5295572295113432,681,21.15277777777778
40434647,institution,Université Paris Nanterre,,,FR,0.5294734975440066,682,5.391666666666667
4210097214,institution,Shandong Management University,,,CN,0.5279135718561361,683,18.96666666666666
177233841,institution,"Vietnam National University, Hanoi",,,VN,0.5278894761752402,684,23.725000000000005
47720641,institution,Huazhong University of Science and Technology,,,CN,0.5267936115072082,685,112.88333333333333
4210121459,institution,Pôle Universitaire Léonard de Vinci,,,FR,0.5255110724371677,686,11.504166666666666
1294671590,institution,Centre National de la Recherche Scientifique,,,FR,0.522766794653384,687,40.32261063011063
52099693,institution,University of York,,,GB,0.5226311746593431,688,26.754093567251456
136612413,source,Journal of Futures Markets,0270-7314,A,,0.5224051599575232,689,362.0
2802355861,institution,Australian Institute of Business,,,AU,0.522237424496733,690,4.9833333333333325
35566140,institution,Loyola Marymount University,,,US,0.5217221176100573,691,12.916666666666666
187855631,institution,Foreign Trade University,,,VN,0.5212917876443629,692,15.791666666666666
122328836,institution,Indian School of Business,,,IN,0.5197261971839883,693,9.05
11883440,institution,James Madison University,,,US,0.5196625792551012,694,12.033333333333333
183232449,source,International Journal of Industrial Organization,0167-7187,A,,0.5189857080066841,695,240.0
192396691,institution,University of New Orleans,,,US,0.5188672008112643,696,43.725
198089087,institution,Ball State University,,,US,0.5187594746971512,697,11.741666666666667
848706,institution,Sungkyunkwan University,,,KR,0.5180730347590475,698,108.55833333333332
4210095297,institution,MIT University,,,MK,0.517798522992726,699,8.633333333333333
25355098,institution,Chang'an University,,,CN,0.5140018435032375,700,5.6000000000000005
13955877,institution,Bar-Ilan University,,,IL,0.5137474471247387,701,21.27878787878788
189462010,institution,Universiti Brunei Darussalam,,,BN,0.5131852784473425,702,3.124999999999999
122534668,institution,Marche Polytechnic University,,,IT,0.5110700763162364,703,23.819444444444443
54009628,institution,University of Bayreuth,,,DE,0.5097530241930532,704,14.083333333333334
79765343,institution,University of Vaasa,,,FI,0.509123164490787,705,53.49007936507937
37461747,institution,Wuhan University,,,CN,0.5060007685472212,706,87.50555555555556
32574673,institution,Shantou University,,,CN,0.5058899992844699,707,14.616666666666667
185492890,institution,University of Canterbury,,,NZ,0.5030918063520512,708,32.28333333333333
104588304,institution,University of Szczecin,,,PL,0.5011759187474956,709,7.45
203951103,institution,Keio University,,,JP,0.5010640029443655,710,18.05
897156735,institution,Bank of Korea,,,KR,0.5009776495642063,711,17.750000000000004
100633361,institution,University of Massachusetts Dartmouth,,,US,0.49938673937512523,712,16.33333333333333
129801699,institution,University of Tasmania,,,AU,0.4977386907940321,713,24.596703296703293
79175213,source,Journal of Financial Services Research,0920-8550,A,,0.49636700366736686,714,93.0
35777872,institution,North Carolina Agricultural and Technical State University,,,US,0.4961792952103536,715,9.34090909090909
244572783,institution,Symbiosis International University,,,IN,0.49566459999077717,716,10.674999999999999
146563203,institution,University of International Business and Economics,,,CN,0.4946849241680699,717,190.38619047619045
142024983,institution,Prince Sultan University,,,SA,0.4935687116157554,718,10.790079365079366
205237279,institution,Nankai University,,,CN,0.4918493529624453,719,101.8986111111111
191240316,institution,University of Hull,,,GB,0.49179202068704503,720,23.433333333333334
141649914,institution,Nanchang University,,,CN,0.4909441536965115,721,60.541666666666664
197112600,source,Emerging Markets Review,1566-0141,A,,0.4907238214364699,722,342.0
22265921,institution,National Central University,,,TW,0.49062291506271477,723,46.6861111111111
116292333,institution,National Graduate Institute for Policy Studies,,,JP,0.49061114439005277,724,4.333333333333333
73680622,source,Journal of Pensions Economics and Finance,1474-7472,A,,0.4898286497896699,725,118.0
18193975,institution,SGH Warsaw School of Economics,,,PL,0.4895619742098016,726,17.433333333333334
184139950,institution,Moscow State Institute of International Relations,,,RU,0.48942749823374015,727,8.319444444444445
23574469,institution,Krakow University of Economics,,,PL,0.4892261476290598,728,16.666666666666664
103320735,institution,Università Cattolica del Sacro Cuore,,,IT,0.4875164805570051,729,56.723611111111104
86987016,institution,KTH Royal Institute of Technology,,,SE,0.486751657871793,730,17.50250626566416
68288478,institution,Sukkur IBA University,,,PK,0.4842382865620895,731,10.059523809523808
161221442,source,Abacus,0001-3072,A,,0.4833819064762724,732,143.0
154130895,institution,University of Auckland,,,NZ,0.4833309432112952,733,59.082774170274156
2764889392,source,Accounting Historians Journal,0148-4184,A,,0.4833020467371004,734,70.0
4210138731,institution,ICFAI Foundation for Higher Education,,,IN,0.4832078721785442,735,8.875
48912391,institution,Istanbul Technical University,,,TR,0.4821996227510371,736,16.583333333333332
19894307,institution,Université de Montpellier,,,FR,0.48141064657817323,737,14.61111111111111
2610724,institution,Chemnitz University of Technology,,,DE,0.48123891689087406,738,4.963888888888889
230915877,institution,The American College of Greece,,,GR,0.4809758539866687,739,8.908333333333333
94588446,institution,Hongik University,,,KR,0.48047519269825,740,9.083333333333332
189196454,institution,The University of Texas at Arlington,,,US,0.47971008647272817,741,28.466666666666665
198244214,institution,Université Clermont Auvergne,,,FR,0.4787578190745569,742,4.17063492063492
45204951,institution,University of Calabria,,,IT,0.4784633434352228,743,17.5
92008406,institution,University of Stavanger,,,NO,0.4775205348284466,744,18.136742424242424
161057412,institution,University of New Hampshire,,,US,0.4767955855489962,745,17.458333333333332
37987034,institution,Guangzhou University,,,CN,0.4765100243016182,746,39.13333333333333
138689650,institution,University of Padua,,,IT,0.4763982714350731,747,28.46111111111111
87354575,institution,National Chengchi University,,,TW,0.4762793403959872,748,62.55555555555556
16285277,institution,William & Mary,,,US,0.4755369510941582,749,10.375
2746051580,institution,Université Paris Sciences et Lettres,,,FR,0.4751570266029221,750,4.991666666666667
4210152127,institution,Conway School of Landscape Design,,,US,0.4750607820840156,751,6.666666666666666
78988378,institution,Renmin University of China,,,CN,0.4749085420916925,752,232.09305555555557
185523456,institution,University of Southern Queensland,,,AU,0.4735154742187789,753,24.150000000000002
97188460,institution,Nantes Université,,,FR,0.47327864438581924,754,2.3333333333333335
5681781,institution,University of Adelaide,,,AU,0.47297880524909974,755,66.72500000000001
4210165529,institution,University of Business and Technology,,,SA,0.47284844004422366,756,27.024801587301585
131296671,source,Accounting Forum,0155-9982,A,,0.47263649570974225,757,134.0
79516672,institution,University of Louisiana at Lafayette,,,US,0.47229479846394223,758,6.958333333333333
1315541505,institution,Austrian Institute of Economic Research,,,AT,0.47134246019477094,759,5.983333333333334
126231945,institution,Queen's University Belfast,,,GB,0.47124729759066863,760,40.27619047619048
88577320,source,Finance research letters,1544-6123,A,,0.4711206263636311,761,3720.0
198488067,institution,Tinbergen Institute,,,NL,0.4694963779836749,762,16.527651515151515
133837150,institution,University of Huddersfield,,,GB,0.46878334179577724,763,33.55
16609230,institution,Hunan University,,,CN,0.4683115592285528,764,137.4788888888889
2802706902,institution,Knoxville College,,,US,0.46508561298425843,765,2.75
185163786,institution,King Abdulaziz University,,,SA,0.4643801182936836,766,25.916666666666668
76130692,institution,Zhejiang University,,,CN,0.4639500518861425,767,64.80575396825397
167360494,institution,University of Wuppertal,,,DE,0.46363867099937606,768,13.86111111111111
137867983,institution,Central University of Finance and Economics,,,CN,0.4634644285408044,769,235.6194444444445
171543936,institution,Free University of Bozen-Bolzano,,,IT,0.4622930630064962,770,15.404166666666669
22128151,institution,University of Derby,,,GB,0.4616163337520171,771,13.516666666666666
136999626,source,Journal of Property Investment and Finance,1463-578X,A,,0.46128935900806534,772,146.0
149672521,institution,Federation University,,,AU,0.4611263841517469,773,7.449999999999999
3129629310,institution,Ho Chi Minh University of Banking,,,VN,0.4608784921775692,774,20.627777777777776
174878644,institution,University of Patras,,,GR,0.4591716686232498,775,18.075
27483092,institution,University of Perugia,,,IT,0.4589239619123136,776,12.25
88491126,institution,Bucharest University of Economic Studies,,,RO,0.4585860983834303,777,27.35049019607843
32062511,institution,Heriot-Watt University,,,GB,0.4585605936657146,778,25.541666666666664
73142707,institution,Athens University of Economics and Business,,,GR,0.45852051960943385,779,72.12083333333334
94616838,institution,Jönköping University,,,SE,0.4577683851537448,780,20.148232323232325
12093191,institution,University of Stirling,,,GB,0.4571357690410985,781,23.73333333333333
204831749,institution,Southwestern University of Finance and Economics,,,CN,0.45649415972546975,782,331.1357142857144
129043915,institution,University of Udine,,,IT,0.4549338877005079,783,16.59166666666667
161463649,institution,Audencia Business School,,,FR,0.45476412570181163,784,30.66507936507937
29891158,institution,University of Sharjah,,,AE,0.4546643362286608,785,23.09861111111111
4210091279,institution,Université Sorbonne Paris Nord,,,FR,0.4546078595433537,786,2.1277777777777778
196272386,institution,Providence College,,,US,0.4545304213680613,787,14.366666666666667
4210096295,institution,University of Finance - Marketing,,,VN,0.45452135504421215,788,11.083333333333332
181647926,institution,University of Strathclyde,,,GB,0.4525988375019772,789,42.49999999999999
172828483,institution,University of Sri Jayewardenepura,,,LK,0.4524254907170558,790,3.666666666666667
92422469,source,Journal of Multinational Financial Management,1042-444X,A,,0.4515966935047209,791,111.0
205892228,institution,Berlin School of Economics and Law,,,DE,0.4515697779060365,792,4.673611111111111
9364636,institution,Salisbury University,,,US,0.4512865148727528,793,7.416666666666666
98947143,institution,California State Polytechnic University,,,US,0.4500474677964808,794,5.788888888888889
169199633,institution,Aston University,,,GB,0.4498439694872732,795,27.737121212121213
4921948,institution,Pusan National University,,,KR,0.44959181782626056,796,36.59166666666666
1333512998,institution,United States Census Bureau,,,US,0.4494811636007004,797,5.321428571428571
155381812,institution,University of Trás-os-Montes and Alto Douro,,,PT,0.44907425181230015,798,1.738888888888889
51532219,institution,University of Lincoln,,,GB,0.44907309900276415,799,8.858333333333333
71267560,institution,University of Naples Federico II,,,IT,0.4483223287552004,800,25.41111111111111
255234318,institution,Universidad de Zaragoza,,,ES,0.447173501183306,801,34.56388888888889
29049940,source,Pacific-Basin Finance Journal,0927-538X,A,,0.44657369357654175,802,985.0
430192,institution,Appalachian State University,,,US,0.44655141405752913,803,10.291666666666666
63525965,institution,Western Sydney University,,,AU,0.4464617786278183,804,41.28333333333334
4210165038,institution,University of Chinese Academy of Sciences,,,CN,0.4463666267523427,805,43.938690476190466
159129438,institution,Université du Québec à Montréal,,,CA,0.44590174355598405,806,36.474999999999994
96749437,institution,Texas A&M University – Corpus Christi,,,US,0.44519507331826474,807,11.750000000000002
164936912,institution,The University of Texas at El Paso,,,US,0.4446313676676183,808,44.06666666666666
124261462,institution,Oxford Brookes University,,,GB,0.4445273873457965,809,9.567099567099566
91781374,source,Accounting History,1032-3732,A,,0.44297690167699993,810,115.0
4210137468,institution,XIM University,,,IN,0.44288977573847776,811,8.833333333333332
8991828,institution,Pukyong National University,,,KR,0.44227464663067867,812,4.916666666666666
55143463,institution,University of Turin,,,IT,0.44224022855175876,813,32.01111111111112
63634437,institution,Universidad Autónoma de Madrid,,,ES,0.44215312228984377,814,17.849999999999998
71838634,institution,San Francisco State University,,,US,0.4419152904289146,815,22.278787878787877
67031392,institution,Carleton University,,,CA,0.4415812590830381,816,35.94166666666667
4210106663,institution,International University of Rabat,,,MA,0.44151197261434694,817,14.145634920634919
143806524,source,The Journal of Portfolio Management,0095-4918,A,,0.4414519730482061,818,262.0
39854758,institution,Auckland University of Technology,,,NZ,0.44052209729170816,819,58.95119047619048
897542642,institution,University of Plymouth,,,GB,0.4394487294811209,820,6.283333333333333
63098007,institution,Liverpool John Moores University,,,GB,0.4389096014887972,821,3.2291666666666665
2802331213,institution,Paris School of Business,,,FR,0.4382461307438846,822,53.056666666666665
82880672,institution,Beihang University,,,CN,0.4379756086572486,823,60.64166666666666
78650965,institution,TU Dresden,,,DE,0.43743099133229235,824,13.524999999999999
69737025,institution,University of Chile,,,CL,0.4372621657160125,825,26.68333333333333
206777745,institution,Nanjing Audit University,,,CN,0.4364803657618852,826,67.7095238095238
2764347203,source,Risk Management and Insurance Review,1098-1616,A,,0.43610119399024855,827,75.0
165737746,institution,Tomas Bata University in Zlín,,,CZ,0.4342721243097662,828,2.633333333333333
141445968,institution,Ton Duc Thang University,,,VN,0.4339981715142073,829,12.183333333333334
102502594,institution,Northern Illinois University,,,US,0.43325430716167274,830,13.583333333333332
80693520,institution,American University in Cairo,,,EG,0.43267143368818983,831,12.0
76903346,institution,University of Coimbra,,,PT,0.4321887951871802,832,20.916666666666664
58438227,source,Journal of Revenue and Pricing Management,1476-6930,A,,0.4317257850222413,833,184.0
68618741,institution,Polytechnic University of Bari,,,IT,0.43150488045083507,834,2.0083333333333333
175051016,institution,Universidad Publica de Navarra,,,ES,0.43104389578580127,835,14.805555555555555
10902133,institution,Universitat Jaume I,,,ES,0.42893393974036387,836,26.355555555555554
3034727917,source,Financial Innovation,2199-4730,A,,0.42684570994519216,837,441.0
200777214,institution,National and Kapodistrian University of Athens,,,GR,0.42639097494540884,838,27.73035714285714
14500998,institution,International University of Monaco,,,MC,0.42623784385096075,839,9.416666666666666
205490536,institution,Dongguk University,,,KR,0.42622602511968327,840,8.402777777777777
3125743391,institution,China University of Geosciences (Beijing),,,CN,0.4261742885616703,841,11.870634920634918
133771110,institution,University of Cape Coast,,,GH,0.42590603442397745,842,10.966666666666667
132053463,institution,Université Libre de Bruxelles,,,BE,0.42421637367029286,843,5.466666666666667
136661304,source,Managerial Auditing Journal,0268-6902,A,,0.4240819768850805,844,182.0
27001385,source,Advances in Accounting,0882-6110,A,,0.4232465390276896,845,129.0
39586589,institution,Swansea University,,,GB,0.42243633481969306,846,33.42361111111111
71422933,institution,Sheffield Hallam University,,,GB,0.42123892198946705,847,10.5
119454577,institution,Nanjing Agricultural University,,,CN,0.4200484198851698,848,20.685714285714283
152429107,institution,Jawaharlal Nehru University,,,IN,0.41827753894279485,849,1.8333333333333333
166088655,institution,Montclair State University,,,US,0.4177327195559981,850,9.616666666666667
208081647,institution,Coastal Carolina University,,,US,0.41769098928861403,851,8.374999999999998
152372256,source,International Journal of Auditing,1090-6738,A,,0.41746469604253134,852,150.0
180726961,institution,Shenzhen University,,,CN,0.4168502694564414,853,64.96388888888887
12870472,institution,Birmingham City University,,,GB,0.41535705589841065,854,6.83611111111111
142476485,institution,École Polytechnique,,,FR,0.4152266838014805,855,7.447222222222221
74899385,institution,Central Queensland University,,,AU,0.41521582455201145,856,6.066666666666666
59944920,institution,Yaşar University,,,TR,0.4151857341796694,857,9.033333333333333
74801974,institution,The University of Tokyo,,,JP,0.41513560541136196,858,24.277777777777775
193223587,institution,University of Trento,,,IT,0.4148299004326456,859,17.888888888888886
122725048,institution,Simon Kuznets Kharkiv National University of Economics,,,UA,0.413495021123709,860,0.41666666666666663
143593769,institution,East China University of Science and Technology,,,CN,0.4130893655723208,861,32.22718253968254
90259746,institution,Capital University of Economics and Business,,,CN,0.4124927900356173,862,175.96388888888887
55712492,institution,Zhejiang University of Technology,,,CN,0.4121580360375572,863,43.6388888888889
188760350,institution,Ollscoil na Gaillimhe – University of Galway,,,IE,0.41203701530100717,864,8.366666666666665
187400657,institution,South China Normal University,,,CN,0.4118166218494857,865,19.2
44260953,institution,Heinrich Heine University Düsseldorf,,,DE,0.41133720673020024,866,18.4
881766915,institution,Nanjing University,,,CN,0.41076113208283677,867,76.80277777777778
56306041,institution,Lebanese American University,,,LB,0.41043827381661285,868,59.9311507936508
1629065,institution,Central Michigan University,,,US,0.40963423788884956,869,7.662987012987013
134235054,institution,Sabancı Üniversitesi,,,TR,0.40914676938817995,870,22.53333333333333
169045520,institution,Universidade Federal da Paraíba,,,BR,0.40852266158626505,871,3.4166666666666665
354108,institution,Minjiang University,,,CN,0.40812526105340335,872,12.083333333333336
204512498,institution,University of Macau,,,MO,0.40693438782723085,873,73.70277777777778
8133038,source,Research in International Business and Finance,0275-5319,A,,0.406904291510633,874,1168.0
12859529,institution,University of Nairobi,,,KE,0.40684350201950875,875,4.5
165831266,institution,Nirma University,,,IN,0.40627806225334484,876,11.616666666666665
144747835,source,Australian Accounting Review,1035-6908,A,,0.4059311969206224,877,92.0
12834331,institution,University of Wyoming,,,US,0.4055773224344057,878,11.416666666666666
111277659,institution,Chonnam National University,,,KR,0.4049429362760777,879,12.333333333333332
153230381,institution,Charles Sturt University,,,AU,0.4048586092341241,880,3.1666666666666665
4210130704,institution,University of Michigan–Dearborn,,,US,0.4029087054687642,881,9.25
46247651,institution,University of Manitoba,,,CA,0.40276777182041607,882,38.18333333333333
60668342,institution,University of Regensburg,,,DE,0.4022035734142266,883,30.5
91203450,institution,University of Haifa,,,IL,0.4012228815706625,884,13.375000000000002
4210202311,source,The International journal of accounting/International journal of accounting,1094-4060,A,,0.40121542509776087,885,108.0
221716585,institution,The University of Texas at Tyler,,,US,0.4010879564392403,886,6.116666666666666
102134673,institution,Linköping University,,,SE,0.40070865495980895,887,21.358333333333334
169521973,institution,University of New Mexico,,,US,0.4003377788686127,888,15.616666666666669
277688954,institution,Université Paris-Saclay,,,FR,0.3996909013773292,889,11.478333333333332
50632499,institution,Chongqing University of Technology,,,CN,0.3995899305525907,890,15.101388888888888
10052268,institution,New Mexico State University,,,US,0.39871890347801386,891,8.016666666666666
138164181,institution,Alexandru Ioan Cuza University,,,RO,0.39870873003858276,892,5.713888888888889
94271068,institution,ESCP Business School,,,DE,0.39743270198888303,893,8.43859649122807
181827316,institution,Université Catholique de Lille,,,FR,0.3971917071627054,894,3.5597222222222222
139290212,institution,Hofstra University,,,US,0.3967484841386994,895,19.458333333333336
127536956,source,Journal of International Accounting Research,1542-6297,A,,0.3964023855155416,896,118.0
21491767,institution,Aix-Marseille Université,,,FR,0.3959491055365228,897,8.01576479076479
11701301,institution,Griffith University,,,AU,0.39403191601555704,898,48.50119047619048
11406153,institution,Shanghai International Studies University,,,CN,0.39370069295729615,899,27.708333333333336
887968799,institution,RWTH Aachen University,,,DE,0.39303429571703097,900,17.494444444444444
184942183,institution,University of Oslo,,,NO,0.39259203629921247,901,10.277020202020203
73417466,institution,Coventry University,,,GB,0.3924918567015084,902,38.47777777777778
124601658,institution,University of Parma,,,IT,0.3917508805707516,903,19.583333333333332
1850255,institution,University of Basel,,,CH,0.39029823640516986,904,10.166666666666666
2801696985,institution,France Business School,,,FR,0.39019372529907187,905,4.061111111111111
98461037,institution,Tecnológico de Monterrey,,,MX,0.390101539931704,906,9.533333333333333
159247623,institution,Mansoura University,,,EG,0.3900891877292914,907,9.259722222222221
205640436,institution,Curtin University,,,AU,0.3882441137579264,908,66.69960317460318
33849332,institution,University of Malaya,,,MY,0.38731752093715593,909,35.599999999999994
160993911,institution,Queensland University of Technology,,,AU,0.3864480945792995,910,61.56053391053392
58276920,source,Journal of European real estate research,1753-9269,A,,0.3863020809430668,911,99.0
77432436,institution,Research Institute of Industrial Economics,,,SE,0.386032090027772,912,9.988095238095237
150744194,institution,Waseda University,,,JP,0.38551713785612224,913,27.080591630591627
868834043,institution,University of the West of Scotland,,,GB,0.3847172280812504,914,2.2
7876267,institution,Open University of the Netherlands,,,NL,0.3844125605192289,915,5.120833333333334
82316188,source,European Journal of Finance,1351-847X,A,,0.38374293519280467,916,414.0
4210155236,institution,National Research Council,,,IT,0.3836778558092771,917,1.8333333333333333
161321875,institution,University of Beira Interior,,,PT,0.38319188295337386,918,5.874999999999999
142725411,source,Journal of Contemporary Accounting & Economics,1815-5669,A,,0.3818099565380179,919,129.0
9224756,institution,Northeastern University,,,CN,0.38174309104126447,920,52.949999999999996
157696592,institution,Universiti Malaysia Terengganu,,,MY,0.3816050755011297,921,6.383333333333334
83909951,institution,Morgan State University,,,US,0.38150392406574757,922,12.28333333333333
111428342,institution,Hitotsubashi University,,,JP,0.3813904846537862,923,43.18888888888889
1516879,institution,Tarbiat Modares University,,,IR,0.38118324121316277,924,5.233333333333333
181343428,institution,University of Zagreb,,,HR,0.3806990103260519,925,5.333333333333333
95793202,institution,Otto-von-Guericke University Magdeburg,,,DE,0.379757833478983,926,6.277777777777777
17974374,institution,Universidade de São Paulo,,,BR,0.379292064918724,927,30.169444444444444
102461120,institution,Marquette University,,,US,0.3788399702642655,928,14.533333333333333
157773358,institution,Sun Yat-sen University,,,CN,0.3781424471588454,929,112.97757936507936
142934699,institution,"California State University, Fullerton",,,US,0.3779005082500896,930,33.71666666666666
899635006,institution,Université Grenoble Alpes,,,FR,0.37768578567070976,931,4.288888888888889
129902397,institution,Dalhousie University,,,CA,0.3775927628465499,932,16.116666666666667
115752224,institution,University of Insubria,,,IT,0.37748214496969273,933,5.429166666666666
34280410,source,Journal of Productivity Analysis,0895-562X,A,,0.37654695746848726,934,159.0
83259278,institution,Manouba University,,,TN,0.37571945987296623,935,32.42222222222222
154099455,institution,Shandong University,,,CN,0.3755671359977059,936,68.98730158730159
126193024,institution,London Metropolitan University,,,GB,0.3746808229932404,937,1.2833333333333332
894721429,institution,EAE Business School,,,ES,0.37411319776962854,938,7.627777777777777
200284239,institution,Universidade de Santiago de Compostela,,,ES,0.3738729417654717,939,13.833333333333332
17145004,institution,Northwestern Polytechnical University,,,CN,0.373799273338512,940,35.15
204593131,institution,College of Charleston,,,US,0.37274994923761606,941,14.2
158716096,institution,University of Peloponnese,,,GR,0.37235418867161457,942,10.025
87547150,institution,Southern Illinois University Edwardsville,,,US,0.37196650978148726,943,13.216666666666667
12449238,institution,Université d'Orléans,,,FR,0.371716802845399,944,5.271464646464646
158708052,institution,Chulalongkorn University,,,TH,0.37161363192713404,945,39.575
119439378,institution,University of Verona,,,IT,0.37074325006408004,946,19.068650793650793
127670440,institution,Bahauddin Zakariya University,,,PK,0.36972272980472254,947,5.692857142857143
184746854,institution,Lincoln University,,,NZ,0.36847260928924297,948,13.772222222222222
157286207,institution,"National University of Ireland, Maynooth",,,IE,0.36845672141415037,949,7.749999999999999
230495080,institution,University of Limerick,,,IE,0.368347145191621,950,12.172619047619046
21945476,institution,Shanghai Normal University,,,CN,0.3662044055371281,951,25.808333333333337
183898223,institution,International Hellenic University,,,GR,0.36614914786548575,952,7.366666666666666
137056471,institution,Nanjing University of Finance and Economics,,,CN,0.36600316373785685,953,167.0972222222222
158934434,institution,Zhongnan University of Economics and Law,,,CN,0.36568193186927206,954,223.79305555555558
153901656,institution,University of North Carolina Wilmington,,,US,0.36563379723161366,955,14.083333333333336
148366613,institution,National Yang Ming Chiao Tung University,,,TW,0.3656300883455215,956,42.37166666666667
138801177,institution,University of Ulster,,,GB,0.36545721726768116,957,13.15
122161766,source,Journal of Forecasting,0277-6693,A,,0.3652915892436732,958,501.0
150702451,source,Global Finance Journal,1044-0283,A,,0.3642948831506998,959,320.0
4210150398,institution,Hunan University of Finance and Economics,,,CN,0.3642944328531215,960,42.8
101479585,institution,South China Agricultural University,,,CN,0.36372391698527945,961,16.75
2279609970,institution,Université de Lille,,,FR,0.3635790860001037,962,22.72314814814814
108108428,institution,Thammasat University,,,TH,0.3630924497034635,963,17.5
142910587,institution,University of Salento,,,IT,0.36166551091513865,964,13.666666666666668
111236770,institution,University of Vermont,,,US,0.3613700430628694,965,5.416666666666666
112862951,institution,University of Messina,,,IT,0.36106472633088543,966,13.908333333333333
84027002,institution,Leeds Beckett University,,,GB,0.360979860293625,967,11.866666666666667
69552723,institution,University of Pretoria,,,ZA,0.360877582062237,968,93.60039682539683
157417397,institution,Bowling Green State University,,,US,0.3603425575790088,969,13.882467532467533
130442723,institution,Universidade Federal do Rio Grande do Sul,,,BR,0.35879407447222333,970,16.023809523809526
182000528,institution,Ajman University,,,AE,0.3585593667463585,971,10.122222222222224
2799289540,institution,Indian Institute of Management Kashipur,,,IN,0.35793045855308026,972,20.45
135237710,institution,Zhejiang Normal University,,,CN,0.35780898262327676,973,5.516666666666667
11662577,institution,Monash University Malaysia,,,MY,0.35763772701797364,974,20.766666666666662
132806614,institution,University of Dubai,,,AE,0.35733433294911243,975,8.691666666666666
162148367,institution,Pontificia Universidad Católica de Chile,,,CL,0.35712576121852396,976,9.858333333333334
79741316,institution,University of Pecs,,,HU,0.35672900138142394,977,6.3500000000000005
16197041,institution,Cyprus International University,,,CY,0.3559239771753037,978,11.805555555555555
36399199,institution,Nanjing University of Science and Technology,,,CN,0.35558293961141946,979,67.76944444444445
305801656,institution,Wroclaw University of Economics and Business,,,PL,0.3549958193772108,980,4.002631578947368
26437253,institution,Örebro University,,,SE,0.3544494110588486,981,18.788742690058477
52354020,institution,University of Almería,,,ES,0.3543894021002726,982,12.750000000000002
145099083,source,Journal of Economics and Business,0148-6195,A,,0.354200813346915,983,108.0
117222138,institution,Abu Dhabi University,,,AE,0.35372796213103413,984,24.376388888888886
131740757,institution,Texas A&M International University,,,US,0.35318913200039104,985,21.53333333333333
170164250,institution,Elon University,,,US,0.3530672058406028,986,15.166666666666668
66867065,institution,East China Normal University,,,CN,0.3527902416248678,987,23.191666666666666
65837984,institution,Kobe University,,,JP,0.3527009456404883,988,50.0
113940042,institution,Shanghai University,,,CN,0.35260984366012726,989,65.02777777777779
44202434,institution,Fundação Getulio Vargas,,,BR,0.3521460392855251,990,20.331746031746032
143804889,institution,Loughborough University,,,GB,0.3517148914267211,991,42.31547619047619
59433898,institution,Brunel University of London,,,GB,0.35087601336825347,992,39.59146825396825
13511017,institution,Texas State University,,,US,0.3494038640596277,993,16.144444444444446
35928602,institution,Kyung Hee University,,,KR,0.3486804732091286,994,26.325
183533211,institution,University of Wisconsin–Whitewater,,,US,0.34568011509377417,995,26.433333333333334
4210142311,institution,Excelia Business School,,,FR,0.3455054112124312,996,26.5
41073452,institution,Management Center Innsbruck,,,AT,0.3450395240021327,997,6.083333333333333
66752286,institution,University of Milano-Bicocca,,,IT,0.344791859382198,998,26.269444444444446
194348271,institution,"Government College University, Faisalabad",,,PK,0.34475431579608523,999,2.2595238095238095
149910238,institution,Kent State University,,,US,0.3438538086596773,1000,23.525
4210171597,source,Accounting and Finance,0810-5391,A,,0.34297311925325796,1001,728.0
135598925,institution,Kyushu University,,,JP,0.342238063951805,1002,16.77063492063492
134784518,institution,Institute of Business Administration Karachi,,,PK,0.3417123973244946,1003,11.383333333333335
913481162,institution,Wageningen University & Research,,,NL,0.3410254879908804,1004,5.1600198412698415
905225518,institution,Shanghai University of International Business and Economics,,,CN,0.3401839204901258,1005,31.349999999999998
87445476,institution,Xi'an Jiaotong University,,,CN,0.34008121367844196,1006,173.96488095238095
118501908,institution,National Research University Higher School of Economics,,,RU,0.3398004422147053,1007,42.849999999999994
25757504,institution,China University of Mining and Technology,,,CN,0.3393742051399156,1008,23.71666666666667
155526628,source,The North American Journal of Economics and Finance,1062-9408,A,,0.33911960687863435,1009,768.0
125839683,institution,Beijing Institute of Technology,,,CN,0.3389042640519636,1010,33.66111111111111
141596103,institution,University of Lisbon,,,PT,0.3382181738399207,1011,48.04722222222222
60342839,institution,Qatar University,,,QA,0.3374809569629019,1012,49.21666666666667
166928557,institution,University of Monastir,,,TN,0.33712569837078904,1013,3.625
119003972,institution,Roma Tre University,,,IT,0.33691392300254797,1014,12.766666666666667
41461413,institution,Universiti Malaysia Sarawak,,,MY,0.3365242625521921,1015,9.283333333333333
189109744,institution,Indian Institute of Technology Dhanbad,,,IN,0.33632721321767306,1016,7.833333333333333
83816512,institution,University of Genoa,,,IT,0.33605426918886766,1017,27.735714285714284
4210100043,institution,Superior University,,,PK,0.3360080514055317,1018,3.005555555555556
16097986,institution,Universitat de València,,,ES,0.3351503713060073,1019,39.82222222222222
57328836,institution,North Dakota State University,,,US,0.3347466952062749,1020,11.075000000000003
23946033,institution,University of Tehran,,,IR,0.334251366016789,1021,15.510964912280702
90610280,institution,South China University of Technology,,,CN,0.33401349389058643,1022,70.1388888888889
124412575,source,Mathematics and Financial Economics,1862-9660,A,,0.3337265136856445,1023,96.0
4210142324,institution,CY Cergy Paris Université,,,FR,0.33355090016762845,1024,12.197222222222221
99908691,institution,Yuan Ze University,,,TW,0.33250784464175465,1025,23.472222222222225
132432621,source,Journal of International Accounting Auditing and Taxation,1061-9518,A,,0.3323058459549615,1026,165.0
130480701,institution,Dongbei University of Finance and Economics,,,CN,0.3322757921855941,1027,80.425
31512782,institution,Technical University of Darmstadt,,,DE,0.33216775406736676,1028,34.80833333333333
102913810,institution,Universiti Malaysia Pahang Al-Sultan Abdullah,,,MY,0.3318976505801938,1029,3.5166666666666666
123338534,institution,Università degli Studi del Piemonte Orientale “Amedeo Avogadro”,,,IT,0.3308101254369964,1030,6.283333333333333
4210231290,source,Financial markets and portfolio management,1934-4554,A,,0.33036194962450866,1031,94.0
158842170,institution,Chongqing University,,,CN,0.33028634751870034,1032,106.40119047619046
4387154394,institution,National Kaohsiung University of Science and Technology,,,,0.3302059337120095,1033,14.383333333333335
181744264,institution,Kharazmi University,,,IR,0.3288575747348083,1034,7.8999999999999995
185571130,institution,Al-Farabi Kazakh National University,,,KZ,0.32867886634208554,1035,2.3916666666666666
36448004,institution,Shaheed Zulfiqar Ali Bhutto Institute of Science and Technology,,,PK,0.3285419740205529,1036,8.2
48566637,institution,Ulsan National Institute of Science and Technology,,,KR,0.3285331235327777,1037,17.95952380952381
92403157,institution,University of Science and Technology Beijing,,,CN,0.3283249778229888,1038,36.19166666666666
116067653,institution,University of Rome Tor Vergata,,,IT,0.327907352341724,1039,16.39345238095238
13591777,institution,University of Nottingham Ningbo China,,,CN,0.3278767116968585,1040,55.45833333333332
28006308,institution,Shandong Normal University,,,CN,0.3273599818932147,1041,9.841666666666667
90727586,institution,Zhejiang University of Finance and Economics,,,CN,0.3267132931402582,1042,145.125
2898531903,source,Journal of commodity markets,2405-8505,A,,0.3250754922085083,1043,150.0
4210115145,institution,"University of Minnesota, Duluth",,,US,0.32507156529456327,1044,3.9500000000000006
185940356,institution,Soochow University,,,TW,0.3247146674196864,1045,27.377777777777773
4210129130,institution,Asian Development Bank,,,PH,0.32454722979545636,1046,13.116666666666665
20942203,institution,Hainan University,,,CN,0.3244005025995636,1047,24.79583333333333
1925986,institution,Loyola University Chicago,,,US,0.32431128471848036,1048,10.583333333333332
9617848,institution,Universitat Politècnica de Catalunya,,,ES,0.32290578975127243,1049,4.125
92251255,institution,University of Split,,,HR,0.32230020356801775,1050,5.916666666666666
861853513,institution,Sapienza University of Rome,,,IT,0.321720411032129,1051,46.099999999999994
16277215,institution,University of Houston - Downtown,,,US,0.3212253640486843,1052,7.5
111599522,institution,Jiangnan University,,,CN,0.32121384190320046,1053,31.475396825396825
89652312,institution,Northwest A&F University,,,CN,0.320971574729634,1054,11.638492063492063
4575257,institution,Hanyang University,,,KR,0.3208780623580531,1055,22.858333333333334
62110574,source,Review of Quantitative Finance and Accounting,0924-865X,A,,0.3206121546530995,1056,486.0
21193070,institution,Beijing Jiaotong University,,,CN,0.3205067395699371,1057,53.594047619047615
204778367,institution,Norwegian University of Science and Technology,,,NO,0.3203218416496315,1058,39.43789682539683
116953780,institution,Tongji University,,,CN,0.32011855209567497,1059,30.933333333333334
91720666,institution,École Supérieure des Sciences Commerciales d’Angers,,,FR,0.3195452586297922,1060,29.365277777777777
32625721,institution,University of Saskatchewan,,,CA,0.31781924882212936,1061,23.73333333333333
11983389,institution,Manchester Metropolitan University,,,GB,0.3174210242901126,1062,13.733333333333333
24185976,institution,Sichuan University,,,CN,0.3169730307542677,1063,90.70634920634919
142608572,institution,Prince Sattam Bin Abdulaziz University,,,SA,0.31684708664302724,1064,4.936111111111112
68666633,institution,Grenoble Ecole de Management,,,FR,0.3166488483378589,1065,25.95
180910786,institution,Universidad de la República,,,UY,0.3158115640308776,1066,3.333333333333333
184999862,institution,Universidad de Salamanca,,,ES,0.3157316120080296,1067,13.983333333333333
151491554,source,The Geneva Papers on Risk and Insurance Issues and Practice,1018-5895,A,,0.3157212201607549,1068,153.0
28710699,institution,Hellenic Mediterranean University,,,GR,0.31571262516169685,1069,5.8
158248296,institution,Amirkabir University of Technology,,,IR,0.3155675120557788,1070,8.333333333333332
168273071,source,International Review of Economics & Finance,1059-0560,A,,0.3153887502138305,1071,1568.0
109935558,institution,Ningbo University,,,CN,0.31364068732965233,1072,33.71388888888889
51235708,institution,Universidade Federal do Espírito Santo,,,BR,0.31362911455512354,1073,2.0483333333333333
182083151,institution,Universidad Rey Juan Carlos,,,ES,0.3132234466418065,1074,33.327777777777776
2803079837,institution,American University of the Middle East,,,KW,0.3125201454159568,1075,11.183333333333334
204730241,institution,Université Paris Cité,,,FR,0.3123282140644835,1076,4.604166666666667
43968019,institution,Karlstad University,,,SE,0.31166028212558194,1077,5.0
184983240,institution,Northeast Normal University,,,CN,0.3111715736423844,1078,17.800000000000004
154757721,institution,University of Piraeus,,,GR,0.31100694519392275,1079,36.59027777777778
45084792,institution,University of Florence,,,IT,0.30924733225423784,1080,23.191666666666663
68891433,institution,Indian Institute of Technology Delhi,,,IN,0.3086506637319826,1081,35.791666666666664
68947357,institution,Université de Strasbourg,,,FR,0.3074527124848406,1082,12.603373015873016
16076960,institution,COMSATS University Islamabad,,,PK,0.30607090656535163,1083,32.596825396825395
74917840,source,The Journal of Financial Research,0270-2592,A,,0.3050860761325334,1084,207.0
157614274,institution,University of Cape Town,,,ZA,0.303902757280004,1085,38.163888888888884
36721946,institution,Kuwait University,,,KW,0.30371413908016365,1086,9.625
160856358,institution,University of San Diego,,,US,0.30367401997398685,1087,12.116666666666667
37796252,institution,Beijing University of Technology,,,CN,0.30353126517656964,1088,21.527380952380955
27357992,institution,Dalian University of Technology,,,CN,0.303455039394182,1089,32.29166666666667
119942284,institution,Missouri State University,,,US,0.3028276765334051,1090,8.916666666666666
108688024,institution,Qingdao University,,,CN,0.3022516924680615,1091,37.099999999999994
118000741,source,The Journal of Investing,1068-0896,A,,0.30088837328121587,1092,102.0
1335884394,institution,Economic Research Service,,,US,0.30033950061926795,1093,2.175
90697900,institution,EBS University of Business and Law,,,DE,0.2995309670424523,1094,8.475000000000001
878454856,institution,Hasselt University,,,BE,0.2990940319436004,1095,9.004166666666666
4626487,institution,King Faisal University,,,SA,0.2985755342323555,1096,8.577777777777778
181391015,institution,Universidade Estadual de Campinas (UNICAMP),,,BR,0.29813468251320907,1097,6.300000000000001
31595395,institution,Chengdu University of Technology,,,CN,0.2980070890500478,1098,16.408333333333335
193775966,institution,Yonsei University,,,KR,0.29740566304519755,1099,56.474444444444444
4210141702,institution,University of Gävle,,,SE,0.297296870501472,1100,6.55
74788687,institution,Comenius University Bratislava,,,SK,0.2971949476005869,1101,5.958333333333333
47301684,institution,Illinois State University,,,US,0.2970755891429419,1102,29.89444444444444
4210131147,institution,SRM University,,,IN,0.2964964373658684,1103,5.016666666666667
208333798,institution,University of Missouri–St. Louis,,,US,0.2958831328289517,1104,18.933333333333334
175532246,institution,University of Eastern Finland,,,FI,0.29564645403144024,1105,6.1269841269841265
121748325,institution,Universidad Complutense de Madrid,,,ES,0.29484623459312714,1106,23.933333333333334
200399037,institution,University of Puerto Rico System,,,PR,0.293523188378915,1107,2.708333333333333
25254941,institution,Beijing Normal University,,,CN,0.29304952090752956,1108,61.95079365079365
102064193,institution,University of Siena,,,IT,0.2929247669409309,1109,14.345833333333333
16337185,institution,University of Sannio,,,IT,0.292883649483495,1110,2.4166666666666665
3123212020,institution,Universidad Politécnica de Cartagena,,,ES,0.2920843842264488,1111,3.9166666666666665
60134161,institution,Nagoya University,,,JP,0.2919941995375538,1112,9.444444444444445
885383172,institution,National University of Malaysia,,,MY,0.2916038142186987,1113,11.504761904761903
35246616,source,International Review of Finance,1369-412X,A,,0.2907863045813221,1114,162.0
22299242,institution,Kyoto University,,,JP,0.2903512379397041,1115,22.38888888888889
4401200333,institution,ESIC Business & Marketing School,,,,0.2900968151388187,1116,1.2361111111111112
173304897,institution,Universidad de Granada,,,ES,0.2900515038097535,1117,18.61111111111111
4210149618,institution,Guangdong University of Finance,,,CN,0.28982399105260837,1118,48.526388888888896
206916388,source,Journal of Asset Management,1470-8272,A,,0.28922796212716073,1119,189.0
38909374,source,The Journal of Alternative Investments,1520-3255,A,,0.2886060505078504,1120,90.0
26771391,institution,Jaipuria Institute of Management,,,IN,0.28849320794468813,1121,6.416666666666666
146099957,source,International Journal of Finance & Economics,1076-9307,A,,0.2881306766208602,1122,1137.0
83863532,institution,Polytechnic Institute of Porto,,,PT,0.28733890009952384,1123,5.558333333333334
127362389,institution,Murray State University,,,US,0.28698619694998945,1124,9.783333333333331
131729948,institution,University of Salerno,,,IT,0.28604361289896013,1125,28.000000000000004
130194489,institution,University of Alicante,,,ES,0.2854483557508301,1126,16.566666666666666
1319597252,institution,Center for Global Development,,,US,0.2854130600269687,1127,2.611111111111111
31683504,institution,Beijing Forestry University,,,CN,0.2853123380071884,1128,12.799999999999999
134085113,institution,King Fahd University of Petroleum and Minerals,,,SA,0.2852579941706105,1129,11.799999999999999
179324530,institution,Jilin University of Finance and Economics,,,CN,0.28468262933455496,1130,43.905555555555544
106785703,institution,Institut polytechnique de Grenoble,,,FR,0.28463503672326446,1131,2.0194444444444444
94951947,institution,University of Westminster,,,GB,0.28432145098731754,1132,15.708333333333332
79189158,institution,University of Castilla-La Mancha,,,ES,0.2839134680415209,1133,36.52777777777778
177639307,institution,University of Dundee,,,GB,0.2839078808756605,1134,26.1
107949126,institution,University of Lethbridge,,,CA,0.28285538934969556,1135,14.566666666666666
150229711,institution,University of Electronic Science and Technology of China,,,CN,0.28272793699484716,1136,22.70833333333333
128649747,institution,Libera Università Maria SS. Assunta,,,IT,0.2826644335586798,1137,5.041666666666666
124633538,institution,University of Seoul,,,KR,0.2825226815399846,1138,22.277777777777775
150729083,institution,Universidade de Brasília,,,BR,0.28189090661882715,1139,8.475
153806059,institution,Shanghai Business School,,,CN,0.2818845906937525,1140,42.083333333333336
186803428,institution,Brock University,,,CA,0.28169329846177427,1141,25.79166666666666
146613903,institution,Shanghai Lixin University of Accounting and Finance,,,CN,0.2808775548859972,1142,51.88611111111111
55952717,institution,Universidad Rovira i Virgili,,,ES,0.2805793515475558,1143,10.642857142857142
188329596,institution,University of Canberra,,,AU,0.2804416182884283,1144,8.402777777777777
98805295,institution,University of the Aegean,,,GR,0.2797386527438153,1145,10.066666666666666
111245572,institution,Indian Institute of Management Raipur,,,IN,0.27931489180251945,1146,26.48333333333333
81556334,institution,Amrita Vishwa Vidyapeetham,,,IN,0.27913131105649874,1147,4.326190476190476
91807558,institution,National Cheng Kung University,,,TW,0.2788734403414362,1148,30.066666666666663
142204992,institution,University of Lahore,,,PK,0.2788074460526549,1149,12.224206349206348
25822123,institution,Sumy State University,,,UA,0.2783491263569326,1150,4.316666666666666
94083415,source,Journal of Behavioral Finance,1542-7560,A,,0.2771088111906751,1151,151.0
3129492623,institution,University of Da Nang,,,VN,0.2767151870655342,1152,24.738888888888887
91699865,institution,Indian Institute of Management Lucknow,,,IN,0.27624339160592287,1153,29.75
1118541,institution,University of East Anglia,,,GB,0.2758099076992259,1154,23.93611111111111
3132277652,institution,International Centre for Education in Islamic Finance,,,MY,0.2757441027823417,1155,7.833333333333333
17120543,institution,National University of Modern Languages,,,PK,0.2756474759547865,1156,3.638095238095238
80180929,institution,Universidad de Murcia,,,ES,0.27541425899026617,1157,20.258333333333333
4394735563,source,Journal of applied corporate finance,1745-6622,A,,0.2750786940472794,1158,115.0
51077184,institution,Saint Joseph's University,,,US,0.27471624017852125,1159,9.777777777777777
157386601,institution,North South University,,,BD,0.2743973474586849,1160,5.1083333333333325
115592961,institution,Jiangsu University,,,CN,0.2743291597548999,1161,25.206746031746036
64935225,institution,University of Economics in Bratislava,,,SK,0.2743199763882875,1162,6.486111111111112
2799888298,institution,Skyline University College,,,AE,0.2740374130743039,1163,3.2499999999999996
5561750,institution,University of Bari Aldo Moro,,,IT,0.2739107753748749,1164,32.95833333333333
94624287,institution,University of Twente,,,NL,0.2734468304802747,1165,5.664285714285714
170172562,institution,Guizhou University of Finance and Economics,,,CN,0.2731141679819669,1166,19.124999999999996
39815113,institution,Georgia Southern University,,,US,0.27264249783231376,1167,17.783333333333335
69356397,institution,Xi’an Jiaotong-Liverpool University,,,CN,0.27241541233757977,1168,63.30833333333334
111112146,institution,Tallinn University of Technology,,,EE,0.2715915754159891,1169,9.615512265512265
38631343,institution,EM Strasbourg Business School,,,FR,0.27157341709453464,1170,9.327777777777778
61561007,source,The Journal of Risk Finance,1526-5943,A,,0.26913666459987196,1171,133.0
181326427,institution,Donghua University,,,CN,0.2687288669071277,1172,23.541666666666664
157674565,institution,University of Liège,,,BE,0.2675002397249324,1173,15.649110149110149
135117807,institution,Université de Sherbrooke,,,CA,0.26572250990443025,1174,9.333333333333332
4654613,institution,University of Warsaw,,,PL,0.26501023210097857,1175,21.055263157894736
169615421,institution,Middle Tennessee State University,,,US,0.2648921338646495,1176,15.816666666666666
63548447,institution,Lappeenranta-Lahti University of Technology,,,FI,0.2644829450234633,1177,4.65
3121153395,institution,West University of Timişoara,,,RO,0.2643032098002242,1178,6.773809523809524
4210099699,institution,Jeddah University,,,SA,0.2628520702250061,1179,5.102777777777778
37574244,institution,Sichuan Agricultural University,,,CN,0.2627374817294043,1180,12.757142857142858
145722265,institution,University of Thessaly,,,GR,0.26267310473913213,1181,31.16111111111111
21449261,institution,Masaryk University,,,CZ,0.262197723288752,1182,18.55
188771183,institution,Iqra University,,,PK,0.2617589342007399,1183,11.441666666666666
874055015,institution,Teesside University,,,GB,0.26087293038988635,1184,10.491666666666665
83436808,institution,Hankuk University of Foreign Studies,,,KR,0.26058330230405496,1185,18.083333333333332
29617571,institution,University of Indonesia,,,ID,0.2604010603559705,1186,16.227777777777778
201799495,institution,Middle East Technical University,,,TR,0.26020755152658737,1187,14.61111111111111
44265643,institution,Rowan University,,,US,0.260098358084535,1188,10.166666666666666
2801299839,institution,Collins College,,,US,0.25937658934196306,1189,5.416666666666666
14140830,institution,Shih Chien University,,,TW,0.2590668513005222,1190,9.266666666666667
59028903,institution,Ocean University of China,,,CN,0.25903028956168944,1191,23.666666666666664
158749337,institution,Princess Sumaya University for Technology,,,JO,0.2587767970670343,1192,1.5833333333333333
96908189,institution,Xinjiang University,,,CN,0.2585289946021886,1193,6.527777777777778
177721651,institution,Oakland University,,,US,0.2583851416215214,1194,11.166666666666666
108714496,institution,Tunis University,,,TN,0.25636135045407304,1195,22.84861111111111
4210116649,institution,Inland Norway University of Applied Sciences,,,NO,0.25618292716363333,1196,6.288888888888889
155043079,institution,University of Nottingham Malaysia Campus,,,MY,0.2560807326286551,1197,13.441666666666666
99682543,institution,University of Minho,,,PT,0.2558910192533664,1198,27.80833333333333
197681013,institution,Université Paris-Est Créteil,,,FR,0.25588344198888086,1199,3.076388888888889
1289910757,institution,NEOMA Business School,,,FR,0.25568398711620927,1200,30.505555555555553
123387679,institution,Uppsala University,,,SE,0.25472755809386327,1201,10.049603174603174
39804081,institution,Sorbonne Université,,,FR,0.2546445206451941,1202,1.8958333333333335
211433327,institution,Ministry of Natural Resources,,,CN,0.25377269241748,1203,3.628968253968254
885392262,institution,GITAM University,,,IN,0.25324951316151223,1204,4.1
123044942,institution,Universitat Autònoma de Barcelona,,,ES,0.2531721530562347,1205,13.266666666666666
87482320,institution,University of Management and Technology,,,PK,0.25277427462159696,1206,6.85
71270174,institution,Victoria University,,,AU,0.2524737653256131,1207,4.4409090909090905
223464139,institution,Linnaeus University,,,SE,0.2521577498609159,1208,8.022222222222222
111398093,institution,Kozminski University,,,PL,0.2520474242973276,1209,17.25530303030303
4880106,institution,Feng Chia University,,,TW,0.2520399679387131,1210,45.51666666666667
166264140,source,Emerging Markets Finance and Trade,1540-496X,A,,0.2520290100573154,1211,915.0
48379061,institution,Shahid Beheshti University,,,IR,0.2519791327499714,1212,1.75
158867519,institution,International Management Institute,,,IN,0.2518832579836819,1213,8.741666666666667
178450904,institution,National University of Distance Education,,,ES,0.2509770937232827,1214,12.583333333333334
141576021,institution,Université Le Havre Normandie,,,FR,0.25039911141272986,1215,4.108928571428572
139759216,institution,Beijing University of Posts and Telecommunications,,,CN,0.2503200221487763,1216,13.283333333333333
163245316,institution,Corvinus University of Budapest,,,HU,0.24958627580955628,1217,27.401190476190475
3923682,institution,Soochow University,,,CN,0.24945495500679976,1218,31.500000000000004
36515993,institution,Eastern Mediterranean University,,,CY,0.2494000676428381,1219,22.75
52590639,institution,Nottingham Trent University,,,GB,0.24920615803887244,1220,24.48333333333333
4210153668,institution,Wenzhou-Kean University,,,CN,0.2488439012678356,1221,27.072222222222223
150870154,institution,Indian Institute of Management Ahmedabad,,,IN,0.2488196150722647,1222,37.685209235209236
59483232,institution,Shandong University of Finance and Economics,,,CN,0.24870406893914368,1223,88.82182539682537
194450716,institution,Jilin University,,,CN,0.2486815916401735,1224,57.155555555555544
191972202,institution,Amity University,,,IN,0.24807199064915206,1225,13.83452380952381
99613584,institution,National Taipei University,,,TW,0.24728210435377163,1226,38.983333333333334
24062138,institution,Konkuk University,,,KR,0.24724987845339116,1227,8.25
151321946,institution,Center for Economic Research and Graduate Education – Economics Institute,,,CZ,0.24724030720722145,1228,2.908333333333333
76569877,institution,Southeast University,,,CN,0.24707837567210336,1229,97.82166666666667
202575966,institution,Central Bank of the Republic of Turkey,,,TR,0.2458653181339619,1230,34.166666666666664
4577782,institution,Technische Universität Berlin,,,DE,0.24586484631071046,1231,16.34027777777778
184693016,institution,China Medical University,,,TW,0.24507724257320604,1232,1.0251190476190477
99789271,source,The Journal of Fixed Income,1059-8596,A,,0.24438612071286503,1233,79.0
162096671,institution,Universidad de Los Andes,,,CO,0.24323143150646367,1234,10.450000000000001
42192170,source,International Tax and Public Finance,0927-5940,A,,0.24273941709582691,1235,237.0
4210126102,institution,Department of Finance,,,AU,0.24182797728227298,1236,18.072222222222223
192619145,institution,University of the Witwatersrand,,,ZA,0.24170728324537458,1237,75.60000000000001
201459984,institution,Guangdong University Of Finances and Economics,,,CN,0.24074818734215123,1238,22.37638888888889
4210134189,institution,Xiamen University Malaysia,,,MY,0.24010645290849147,1239,5.666666666666666
96580804,institution,Comillas Pontifical University,,,ES,0.2398804496129089,1240,12.416666666666666
6469544,institution,City University of Macau,,,MO,0.23978922278358344,1241,22.550000000000004
136830121,institution,Islamic Azad University South Tehran Branch,,,IR,0.23956008918199598,1242,2.083333333333333
44854399,institution,University of Southern Mississippi,,,US,0.2390567840209371,1243,1.9833333333333334
43369023,institution,"California State University, San Bernardino",,,US,0.2389483939709254,1244,7.0249999999999995
161913731,institution,Al Ain University,,,AE,0.23858316131311244,1245,11.283333333333335
38877650,institution,Zhengzhou University,,,CN,0.23851122595503,1246,23.094444444444445
188935350,institution,Anhui University of Finance and Economics,,,CN,0.23819154742280166,1247,31.022619047619045
91732220,institution,Universidad del Valle,,,CO,0.2379006445433408,1248,2.533333333333333
120125038,institution,Bond University,,,AU,0.23779312508135966,1249,30.40571895424837
145487455,institution,Cairo University,,,EG,0.23738168018136926,1250,16.766666666666666
301324184,institution,Xavier School of Management,,,IN,0.23701860516362971,1251,17.516666666666666
142208455,institution,VSB - Technical University of Ostrava,,,CZ,0.23583916661851664,1252,7.216666666666666
182534213,institution,Universidade do Porto,,,PT,0.23578634224651246,1253,37.05833333333334
120238654,institution,Saudi Electronic University,,,SA,0.2352606518800357,1254,4.466666666666667
143868143,institution,Anhui University,,,CN,0.23479487142658734,1255,20.411111111111108
4210150808,institution,Ankara Yıldırım Beyazıt University,,,TR,0.2346803114221119,1256,7.5
58610484,institution,Seattle University,,,US,0.2339977112659645,1257,12.571428571428573
7726996,institution,Henan University of Economic and Law,,,CN,0.23391903160710117,1258,19.187301587301587
8696757,institution,Singapore University of Social Sciences,,,SG,0.23367201856237518,1259,3.6416666666666666
108103353,institution,Universidad de Valladolid,,,ES,0.23360416470708623,1260,13.416666666666664
2801380234,institution,University of South-Eastern Norway,,,NO,0.2330020148556473,1261,5.010964912280702
142974352,institution,National Sun Yat-sen University,,,TW,0.2318536517440971,1262,28.53333333333333
177955009,institution,China University of Political Science and Law,,,CN,0.231532521399776,1263,20.566666666666666
33096239,institution,National Dong Hwa University,,,TW,0.23086699757989654,1264,8.566666666666665
60488453,institution,Middlesex University,,,GB,0.23060057138807466,1265,12.116666666666667
82509713,institution,Mälardalen University,,,SE,0.2302143831447517,1266,0.8333333333333333
163340411,institution,Hohai University,,,CN,0.22998884776754733,1267,22.160714285714285
106296451,institution,University of Foggia,,,IT,0.22991703627359525,1268,4.333333333333333
917184967,institution,Bank of China,,,CN,0.229547639765846,1269,12.761111111111111
172446870,institution,University of Cagliari,,,IT,0.22940041362314553,1270,8.950000000000001
66514158,institution,Hacettepe University,,,TR,0.22899926255728312,1271,13.416666666666664
232005693,institution,Universidad Francisco de Vitoria,,,ES,0.2289266859572217,1272,9.458333333333332
293362453,institution,Polytechnic Institute of Coimbra,,,PT,0.22883581293831934,1273,1.4166666666666665
28615091,institution,Kyonggi University,,,KR,0.22881845289729003,1274,6.916666666666666
122346577,institution,University of Modena and Reggio Emilia,,,IT,0.22860631347840052,1275,19.2
186272606,institution,Guangdong University of Foreign Studies,,,CN,0.22845797258412961,1276,90.24999999999999
56435720,institution,Université Paris Dauphine-PSL,,,FR,0.22820483016512422,1277,17.245039682539684
80947539,institution,Fuzhou University,,,CN,0.22812045058248745,1278,35.16944444444444
3019271933,institution,Nicolaus Copernicus University,,,PL,0.22762618226837347,1279,5.254166666666666
161515732,institution,University of St. Thomas - Minnesota,,,US,0.22761214043556935,1280,5.783333333333333
4400600926,institution,Indian Institute of Management Bodh Gaya,,,,0.2270978619691566,1281,6.905555555555555
118118575,institution,New Jersey Institute of Technology,,,US,0.22675245405987812,1282,12.5
90803817,institution,Universidad del Rosario,,,CO,0.22656114818929177,1283,7.4833333333333325
154864474,institution,National Taiwan University of Science and Technology,,,TW,0.22598530174105602,1284,10.933333333333334
186995768,institution,Università degli studi di Cassino e del Lazio Meridionale,,,IT,0.2257637746025767,1285,4.0
4322298,institution,Towson University,,,US,0.22557268047199064,1286,10.700000000000001
100191712,institution,Pepperdine University,,,US,0.22546771764924842,1287,16.075
205612303,institution,Chinese Culture University,,,TW,0.22486728912760273,1288,15.508333333333335
4210111616,institution,Wuhan Business University,,,CN,0.22409923442010019,1289,5.955555555555556
79989894,source,International Journal of Managerial Finance,1743-9132,A,,0.2233546925378617,1290,184.0
142899784,institution,University of Sfax,,,TN,0.22315586520181277,1291,67.42619047619048
85507684,institution,Yarmouk University,,,JO,0.22189051963883685,1292,6.791666666666667
203088144,institution,Nova Southeastern University,,,US,0.2218293436403293,1293,13.666666666666666
9842412,institution,Nanjing University of Aeronautics and Astronautics,,,CN,0.2217316563083155,1294,38.31785714285714
84339108,institution,Sunway University,,,MY,0.22146398089051775,1295,23.443055555555556
153976015,institution,University of Ljubljana,,,SI,0.22064837208604807,1296,14.458333333333332
155093810,institution,University of Idaho,,,US,0.22025984840981666,1297,7.486111111111112
166533956,institution,Institute of Management Technology,,,IN,0.2202377296086303,1298,20.041666666666668
80606768,institution,Universidad de Extremadura,,,ES,0.22015386795552527,1299,6.666666666666667
76214153,institution,Lanzhou University,,,CN,0.22009310990920883,1300,11.719444444444443
88830068,institution,Shaanxi Normal University,,,CN,0.21977856814200747,1301,6.116666666666667
130823665,institution,Ural Federal University,,,RU,0.2192410538864973,1302,11.991666666666665
138400101,source,Managerial and Decision Economics,0143-6570,A,,0.21882145383194268,1303,1169.0
162030827,institution,Thapar Institute of Engineering & Technology,,,IN,0.21778214576071925,1304,9.4
197347611,institution,Korea University,,,KR,0.2175625734635605,1305,33.017857142857146
118292597,institution,National Taipei University of Technology,,,TW,0.2172807162506508,1306,7.527777777777778
31079310,institution,Al al-Bayt University,,,JO,0.21653033871365257,1307,1.5
84524832,institution,Alexandria University,,,EG,0.21489702673695601,1308,2.236111111111111
121243025,institution,"International Islamic University, Islamabad",,,PK,0.21394752416860555,1309,11.249999999999998
4104125,institution,Universidade Federal de Santa Catarina,,,BR,0.21284936442445987,1310,9.069444444444445
98234996,source,Accounting Research Journal,1030-9616,A,,0.212769188883496,1311,166.0
4210155994,institution,Zhengzhou Business University,,,CN,0.2125818258973151,1312,17.069444444444446
111950717,institution,Macau University of Science and Technology,,,MO,0.21240480316269594,1313,32.30833333333334
63596082,institution,Tunis El Manar University,,,TN,0.21228141713533816,1314,25.120833333333334
110930757,institution,Management Development Institute,,,IN,0.212018021275049,1315,11.366666666666665
193615760,institution,Dokuz Eylül University,,,TR,0.21175310353085416,1316,10.25
4210126505,institution,Amity University,,,AE,0.21138005101379118,1317,2.9583333333333335
55633929,institution,World Bank Group,,,US,0.2112506890534399,1318,11.404166666666667
205051169,institution,Kingston University,,,GB,0.21082569521035388,1319,9.055357142857142
4210099437,institution,Hubei University Of Economics,,,CN,0.21018079384374494,1320,18.843055555555555
146399215,institution,University of Tsukuba,,,JP,0.21010354692823716,1321,8.666666666666666
2898275063,source,European Research on Management and Business Economics,2444-8834,A,,0.20952953661711257,1322,116.0
47844,institution,Al Akhawayn University,,,MA,0.20921245363874827,1323,16.241666666666667
877107187,institution,University of Roehampton,,,GB,0.20900909686876112,1324,4.075
78880903,institution,Universidad de Huelva,,,ES,0.20892745644822663,1325,4.05
78768387,institution,University of Prishtina,,,XK,0.20783521210526204,1326,5.016666666666666
190397597,institution,University of Urbino,,,IT,0.20743646572121555,1327,6.666666666666666
139024713,institution,Guangdong University of Technology,,,CN,0.207388518748074,1328,16.975
44430492,institution,Indian Institute of Management Bangalore,,,IN,0.20685264409997764,1329,18.9
178712713,institution,Bryant University,,,US,0.20672966517334268,1330,7.166666666666666
4403386521,institution,Banking Academy of Vietnam,,,,0.20530634800467876,1331,6.719444444444445
122140584,institution,Universidade Federal do Rio de Janeiro,,,BR,0.20456564545561953,1332,10.379166666666665
131948415,institution,National Taichung University of Science and Technology,,,TW,0.20429666623617965,1333,22.22222222222222
139322472,institution,Universiti Sains Malaysia,,,MY,0.20374248876858708,1334,28.210714285714285
4101805,institution,Yıldız Technical University,,,TR,0.2031205262996976,1335,7.283333333333333
931681460,institution,Universiti Tunku Abdul Rahman,,,MY,0.2029123019385526,1336,4.783333333333333
16365422,institution,Hefei University of Technology,,,CN,0.20278858536068348,1337,44.41666666666667
2165841,source,International Finance,1367-0271,A,,0.20243700358116806,1338,69.0
205984670,institution,Czech University of Life Sciences Prague,,,CZ,0.2021172159189599,1339,1.4194444444444445
179097149,institution,University of Carthage,,,TN,0.20191856493315855,1340,16.008333333333336
50760025,institution,Hangzhou Dianzi University,,,CN,0.2016829983179691,1341,24.158333333333328
75059550,institution,Zhejiang Gongshang University,,,CN,0.20161997913071503,1342,72.08333333333333
173899330,institution,Henan University,,,CN,0.20159608103877388,1343,21.598611111111108
4210088668,institution,"Institut National de Recherche pour l'Agriculture, l'Alimentation et l'Environnement",,,FR,0.20046882227005094,1344,4.519708994708995
44925452,institution,Özyeğin University,,,TR,0.19894496295420325,1345,7.999999999999999
149218525,institution,Ankara University,,,TR,0.19845850928384468,1346,5.95
145897649,institution,Minzu University of China,,,CN,0.1984431912378874,1347,20.53174603174603
130343225,institution,Universiti Putra Malaysia,,,MY,0.1980735329746671,1348,26.39563492063492
27878738,institution,Fore School of Management,,,IN,0.1979894830225015,1349,7.5
74796645,institution,"Birla Institute of Technology and Science, Pilani",,,IN,0.19776539885644492,1350,12.216666666666667
35075559,source,Review of Behavioral Finance,1940-5979,A,,0.1977208749902778,1351,158.0
95013407,institution,Universidad Pablo de Olavide,,,ES,0.19769417122680724,1352,8.333333333333332
56081889,institution,Mendel University in Brno,,,CZ,0.19720718876038187,1353,8.36111111111111
118803816,institution,Liaoning University,,,CN,0.1971979712906834,1354,41.425
144250037,source,Journal of Applied Accounting Research,0967-5426,A,,0.19618311456411083,1355,218.0
145894827,institution,Indian Institute of Technology Kharagpur,,,IN,0.19589382104351102,1356,36.458333333333336
197809005,institution,"University of Campania ""Luigi Vanvitelli""",,,IT,0.19482669600461788,1357,12.825
4210125143,institution,Chengdu University,,,CN,0.19460144418941158,1358,10.045833333333334
80611190,institution,Jeonbuk National University,,,KR,0.19434564067183957,1359,10.375
79940851,institution,University of Brescia,,,IT,0.19403300659552425,1360,7.133333333333333
5518804,institution,BRAC University,,,BD,0.19391125438278944,1361,4.383333333333332
114493937,institution,Creighton University,,,US,0.19311382857683765,1362,14.116666666666667
110026055,institution,Iscte – Instituto Universitário de Lisboa,,,PT,0.19267991406667284,1363,23.875
1332873766,institution,Banco de la República Colombia,,,CO,0.19237285256160408,1364,9.683333333333332
889315371,institution,Agricultural & Applied Economics Association,,,US,0.19214764248306881,1365,4.027777777777779
75390827,institution,Beijing University of Chemical Technology,,,CN,0.19174453675405742,1366,12.766666666666666
107470533,institution,Tamkang University,,,TW,0.18952179165496244,1367,18.325
204983213,institution,Harbin Institute of Technology,,,CN,0.1881226724627373,1368,49.167857142857144
173759888,institution,Hunan Normal University,,,CN,0.1878230324329991,1369,23.775
100066346,institution,University of Stuttgart,,,DE,0.18631636443774535,1370,2.25
263417816,institution,The Russian Presidential Academy of National Economy and Public Administration,,,RU,0.18566860348565353,1371,1.6027777777777776
98984247,source,Computational Economics,0927-7099,A,,0.18489273439149598,1372,678.0
138216421,institution,Eastern Michigan University,,,US,0.18474771872651605,1373,5.583333333333333
884043246,institution,Hamburg University of Technology,,,DE,0.18445905442414345,1374,2.5277777777777777
145581781,institution,Chongqing Technology and Business University,,,CN,0.18416245866089082,1375,28.697222222222223
919208787,institution,Louisiana Tech University,,,US,0.18324831495082522,1376,15.416666666666666
39063666,institution,University of Catania,,,IT,0.18282654967900258,1377,9.0
170751988,institution,Shanxi University of Finance and Economics,,,CN,0.18225793975460203,1378,16.224999999999998
4210144839,institution,Hamad bin Khalifa University,,,QA,0.18213560440446314,1379,9.233333333333333
864998749,institution,National Institute of Industrial Engineering,,,IN,0.18137419115694212,1380,8.208333333333332
33003672,institution,Indian Institute of Management Indore,,,IN,0.18094886262548127,1381,24.366666666666664
204291657,institution,Hosei University,,,JP,0.18077083780767722,1382,9.999999999999998
200845125,institution,Nanjing University of Information Science and Technology,,,CN,0.1807355373580198,1383,38.21507936507937
201384688,institution,National University of Computer and Emerging Sciences,,,PK,0.1806446240554851,1384,7.916666666666666
2764882396,source,Borsa Istanbul Review,2214-8450,A,,0.18021395369129636,1385,353.0
184351885,source,Managerial Finance,0307-4358,A,,0.17878542254321636,1386,387.0
161127581,institution,Universidade Federal Fluminense,,,BR,0.17866724374529594,1387,6.625
202899961,institution,Bank Indonesia,,,ID,0.17845581321277645,1388,6.816666666666666
4210096063,institution,Ho Chi Minh City Open University,,,VN,0.1781039933395185,1389,17.458333333333336
205746353,institution,University of Dhaka,,,BD,0.17774166211067413,1390,18.894444444444446
31419693,institution,Kyungpook National University,,,KR,0.1776187196917229,1391,4.361111111111112
4068193,institution,University of Belgrade,,,RS,0.17754986586231516,1392,6.277777777777777
169108374,institution,University of the Basque Country,,,ES,0.177387513976808,1393,12.933333333333334
12615008,institution,Beijing Normal University - Hong Kong Baptist University United International College,,,CN,0.17695604060272785,1394,18.98174603174603
119744171,institution,Higher Colleges of Technology,,,AE,0.17635752023514037,1395,2.975
10660446,institution,Kunming University of Science and Technology,,,CN,0.17541712396752843,1396,8.299999999999999
119045251,institution,Huaqiao University,,,CN,0.17526030275174453,1397,20.208333333333332
86958956,institution,Ferdowsi University of Mashhad,,,IR,0.17505867462151564,1398,8.7
206651237,institution,Texas A&M University – Commerce,,,US,0.17495748904668743,1399,10.416666666666668
6289922,institution,Universidade de Vigo,,,ES,0.17345217581926406,1400,10.5
60858718,institution,University of Aveiro,,,PT,0.17343618953344458,1401,4.408333333333333
4164984,institution,International Islamic University Malaysia,,,MY,0.1732412139536265,1402,14.933333333333332
4210139642,institution,The State Bank of Vietnam,,,VN,0.17133837057593854,1403,11.219444444444443
4210086371,institution,Azerbaijan State University of Economics,,,AZ,0.17093925347668626,1404,4.298611111111112
138925566,institution,Ewha Womans University,,,KR,0.17074908452959106,1405,10.25
123565023,institution,Vietnam National University Ho Chi Minh City,,,VN,0.1704758697714094,1406,12.644444444444442
159665162,institution,National Institute of Development Administration,,,TH,0.16926591551452957,1407,9.583333333333334
14314212,institution,Osaka University of Economics,,,JP,0.16915937913427936,1408,14.583333333333332
149594827,institution,Xidian University,,,CN,0.16860520871449877,1409,9.841666666666667
112754052,institution,Sambalpur University,,,IN,0.16852939432671565,1410,4.933333333333334
110166357,institution,University of Delhi,,,IN,0.1681703541702162,1411,37.52261904761905
138622004,institution,National Economics University,,,VN,0.16788346309885527,1412,22.091666666666665
44666525,institution,University of the South Pacific,,,FJ,0.16786906186375672,1413,2.75
48076826,institution,Chiang Mai University,,,TH,0.1670350126591358,1414,7.75
141165859,source,Studies in Economics and Finance,1086-7376,A,,0.1665647010674934,1415,180.0
130692619,institution,Bern University of Applied Sciences,,,CH,0.1662483847027711,1416,3.0694444444444446
142108993,institution,Southwest University,,,CN,0.1659055014515261,1417,18.866666666666667
32021983,institution,Kiel University,,,DE,0.16578563061377752,1418,6.147510822510823
3124059619,institution,China University of Geosciences,,,CN,0.1653446517623076,1419,6.958333333333333
4210091267,institution,Gelişim Üniversitesi,,,TR,0.16503870932998338,1420,6.708333333333334
21067949,institution,Adolfo Ibáñez University,,,CL,0.16372710151504424,1421,20.225
87208437,institution,University of Tulsa,,,US,0.16297488643762933,1422,14.416666666666666
90183372,institution,Université de Lorraine,,,FR,0.1616340449506944,1423,13.393055555555556
49934816,institution,Hunan University of Technology,,,CN,0.16163215752118004,1424,16.225
4610292,institution,Xiangtan University,,,CN,0.16136355326870347,1425,14.283333333333333
7947594,institution,University of Maine,,,US,0.16049722393424198,1426,5.675
5100685,institution,University of Education,,,PK,0.16008286169916422,1427,0.6166666666666667
27825529,institution,California State University Los Angeles,,,US,0.15836503112234296,1428,10.458333333333334
55133342,institution,University of Macerata,,,IT,0.15807150531687997,1429,13.45
8606887,institution,Grand Valley State University,,,US,0.1574299944811575,1430,6.999999999999999
201537933,institution,Tohoku University,,,JP,0.1573483043366004,1431,7.833333333333333
4210203108,source,Asia-Pacific Journal of Accounting & Economics,1608-1625,A,,0.15693818127909792,1432,236.0
43313876,institution,Dalian Maritime University,,,CN,0.1568386947388331,1433,12.683333333333334
80850581,institution,Universidade Federal de Uberlândia,,,BR,0.15623519852081358,1434,7.25
106778892,institution,Princess Nourah bint Abdulrahman University,,,SA,0.15523293889458822,1435,3.0166666666666666
138847295,institution,Universitat Oberta de Catalunya,,,ES,0.15483912292479618,1436,3.611111111111111
40963666,institution,Central China Normal University,,,CN,0.154730110576805,1437,19.866666666666667
184843921,institution,Hebei University of Technology,,,CN,0.15455756673177254,1438,9.325
4387155442,institution,University of Economics and Law,,,,0.15419603025757064,1439,3.4583333333333335
79161377,institution,Punjabi University,,,IN,0.15419089770878622,1440,6.5
91712215,institution,Saarland University,,,DE,0.15399360097764642,1441,3.25
146620803,institution,Wenzhou University,,,CN,0.15348514515954284,1442,8.4
151221077,institution,Chung Yuan Christian University,,,TW,0.15308273721513901,1443,32.3
36893310,institution,University of Hyderabad,,,IN,0.15302239433246712,1444,7.333333333333333
196699116,institution,Wuhan University of Technology,,,CN,0.15281073523413927,1445,22.049999999999997
162838928,institution,National Chung Hsing University,,,TW,0.15228383177597518,1446,11.833333333333334
8408910,institution,Cardiff Metropolitan University,,,GB,0.15206266454288728,1447,5.416666666666667
148099254,institution,National Chung Cheng University,,,TW,0.15198214946426952,1448,17.833333333333336
43566213,institution,National Taipei University of Business,,,TW,0.15197643992162924,1449,13.036111111111108
4210160754,institution,Vlerick Business School,,,BE,0.15185384286509265,1450,2.7416666666666663
136040515,institution,Universidad de Deusto,,,ES,0.15166442177951794,1451,4.166666666666666
8636806,institution,University of Sousse,,,TN,0.15150428575877878,1452,52.63055555555555
156216236,institution,Qassim University,,,SA,0.1513202864390666,1453,6.9261904761904765
240666556,institution,Imam Mohammad ibn Saud Islamic University,,,SA,0.150403565788936,1454,17.783333333333335
28777354,institution,Sejong University,,,KR,0.14956211728498486,1455,21.133333333333333
231025917,institution,Hellenic Open University,,,GR,0.1494588780886006,1456,4.394444444444444
192703390,institution,Ming Chuan University,,,TW,0.14889670624992424,1457,21.783333333333335
192756129,institution,University of Macedonia,,,GR,0.1486320974082757,1458,30.700000000000003
223822909,institution,Heidelberg University,,,DE,0.14835724118528584,1459,4.736111111111111
186771145,institution,Covenant University,,,NG,0.14791921873690064,1460,8.633333333333333
129826125,institution,Södertörn University,,,SE,0.14781318311065755,1461,1.75
138690464,institution,University of Ghana,,,GH,0.14734741198305779,1462,35.88333333333333
28257850,institution,London South Bank University,,,GB,0.14701658999295322,1463,5.875
172901346,institution,St Petersburg University,,,RU,0.14664264827203452,1464,6.561111111111112
124227911,institution,Ben-Gurion University of the Negev,,,IL,0.14637233543691203,1465,22.104166666666664
181877577,institution,Shanxi University,,,CN,0.14557808228741886,1466,20.483333333333334
189210763,institution,Yunnan University,,,CN,0.14471637396462775,1467,7.083333333333334
82767444,institution,Universidad de Málaga,,,ES,0.1444410492435179,1468,19.427777777777774
22248866,institution,AgroParisTech,,,FR,0.14441377201682842,1469,1.4484126984126984
126520041,institution,University of Science and Technology of China,,,CN,0.14396574622640668,1470,40.74166666666667
90267481,institution,Umeå University,,,SE,0.14307320557436887,1471,13.569444444444445
45711476,institution,Obafemi Awolowo University,,,NG,0.14232141782503235,1472,9.333333333333334
174025329,institution,University of the Sunshine Coast,,,AU,0.14154610268161055,1473,7.158333333333334
251738,institution,Edinburgh Napier University,,,GB,0.14023809689837097,1474,21.308333333333337
83776822,institution,Shandong Institute of Business and Technology,,,CN,0.14020024512227755,1475,16.766666666666666
53592917,institution,Jiangxi Normal University,,,CN,0.13974482279763295,1476,13.341666666666665
103703290,institution,Sakarya University,,,TR,0.13844102884491377,1477,4.366666666666666
148128674,institution,University of Shanghai for Science and Technology,,,CN,0.13698802985004616,1478,17.166666666666668
173212132,institution,Vilnius University,,,LT,0.13692816850417938,1479,4.716666666666667
211738395,institution,Financial University,,,RU,0.1360940672464674,1480,7.319444444444444
4405392,institution,Boğaziçi University,,,TR,0.13558751983954856,1481,14.020833333333334
178535277,institution,University of the West of England,,,GB,0.1338108617096695,1482,11.25
862322245,institution,Universidad EAFIT,,,CO,0.13358145554317769,1483,10.583333333333332
119050109,institution,Ahlia University,,,BH,0.13349677005571164,1484,2.6666666666666665
54515432,institution,Burdur Mehmet Akif Ersoy Üniversitesi,,,TR,0.13333128342792558,1485,1.9749999999999999
204823248,institution,Huazhong Agricultural University,,,CN,0.13309512430626286,1486,12.524999999999999
109689652,institution,FPT University,,,VN,0.13284944175588992,1487,2.75
3125347698,institution,Babeș-Bolyai University,,,RO,0.13267982104423187,1488,21.060964912280703
37802460,institution,Northwest University,,,CN,0.13247856404692043,1489,16.975000000000005
72264486,institution,University of Tabuk,,,SA,0.13244681074701609,1490,3.0
4210151987,institution,Ministry of Agriculture and Rural Affairs,,,CN,0.1317658738144523,1491,0.625
926574661,institution,Leipzig University,,,DE,0.13137244145728022,1492,12.0375
105710273,source,Review of Financial Economics,1058-3300,A,,0.13076769114444486,1493,99.0
170726198,institution,University of Novi Sad,,,RS,0.13071244157327847,1494,3.4166666666666665
96733725,institution,Shanghai Maritime University,,,CN,0.12898424206245201,1495,13.39642857142857
119635470,institution,Universidad de Las Palmas de Gran Canaria,,,ES,0.12876261849220333,1496,9.75
101407740,institution,Chandigarh University,,,IN,0.1283702635450586,1497,5.125
2802304065,institution,University Carlo Cattaneo,,,IT,0.12833661902606497,1498,5.375
55990551,institution,University of Wollongong in Dubai,,,AE,0.12818727759027226,1499,5.1345238095238095
69050122,institution,Near East University,,,CY,0.12784997659955008,1500,4.666666666666667
13469542,institution,Vrije Universiteit Brussel,,,BE,0.12776450964685898,1501,12.486111111111112
21370196,institution,Aristotle University of Thessaloniki,,,GR,0.12741054624491086,1502,8.81111111111111
4210094138,institution,University of West Attica,,,GR,0.12730928244200038,1503,0.9583333333333333
106663880,institution,University of Bahrain,,,BH,0.12700287207802183,1504,7.669444444444444
67581229,institution,Istanbul University,,,TR,0.12599501467063157,1505,8.041666666666666
150807315,institution,Guangxi University,,,CN,0.12509913013250035,1506,29.05277777777778
4210150297,institution,Institute of Business Management,,,PK,0.12462562588809421,1507,2.1083333333333334
197610006,institution,University of Lagos,,,NG,0.12428359731477137,1508,5.561111111111112
186129607,institution,Canadian University of Dubai,,,AE,0.12346456895300695,1509,11.15
4210088963,institution,University of Ha'il,,,SA,0.12261962318863105,1510,8.127777777777778
109297418,institution,Gebze Technical University,,,TR,0.12254127100276468,1511,6.0
108403487,institution,Warsaw University of Technology,,,PL,0.12246918401497836,1512,0.5833333333333333
119896790,institution,Sebelas Maret University,,,ID,0.12243673205585248,1513,19.503703703703703
98358874,institution,Delft University of Technology,,,NL,0.12216283426843032,1514,7.283333333333332
4210159643,institution,Institute of Technology and Business,,,CZ,0.12174028479910802,1515,5.166666666666666
93320256,institution,University of Tampa,,,US,0.12156201863825838,1516,11.283333333333335
152031979,institution,Nanjing Normal University,,,CN,0.12045477503592887,1517,12.175
51569856,institution,Sultan Zainal Abidin University,,,MY,0.12015010863764466,1518,6.95
4210112678,institution,University of the Coast,,,CO,0.11933467583403265,1519,1.1944444444444444
45998257,institution,Sohar University,,,OM,0.11933336587002492,1520,4.422222222222222
120691247,institution,University of Hagen,,,DE,0.11898549617403077,1521,10.874999999999998
26092322,institution,Stellenbosch University,,,ZA,0.11816096422956918,1522,39.641666666666666
24027795,institution,University of Johannesburg,,,ZA,0.1181542740361771,1523,39.06726190476191
133743585,institution,Anadolu University,,,TR,0.1180950089183533,1524,2.583333333333333
132735039,institution,University of Debrecen,,,HU,0.11604149005067088,1525,1.7958333333333334
7589121,institution,University of Professional Studies,,,GH,0.11560400834417944,1526,13.633333333333333
71495548,institution,Indian Institute of Management Calcutta,,,IN,0.11536309378193808,1527,10.2
107077323,institution,Worcester Polytechnic Institute,,,US,0.11432748725972385,1528,6.916666666666667
42775652,institution,Link Campus University,,,IT,0.1141901581017105,1529,1.6111111111111112
75900474,institution,Hubei University,,,CN,0.11415512203125434,1530,8.051388888888889
858936495,institution,ZHAW Zurich University of Applied Sciences,,,CH,0.11292603658073984,1531,2.875
168416876,institution,Northern Kentucky University,,,US,0.11265332065577244,1532,11.98611111111111
4210156205,institution,Indian Institute of Management Visakhapatnam,,,IN,0.1124164853972351,1533,2.9166666666666665
134635517,institution,Bandung Institute of Technology,,,ID,0.11153813158010115,1534,7.5
183764125,institution,Technical University of Košice,,,SK,0.11120473437159449,1535,1.9722222222222223
191420491,institution,Universidad de Jaén,,,ES,0.11118832461667742,1536,9.333333333333334
171491724,source,Journal of Economics and Finance,1055-0925,A,,0.11019189200850729,1537,155.0
48843708,institution,Pamukkale University,,,TR,0.10916734412832216,1538,9.375
172780181,institution,University of the Punjab,,,PK,0.1082353201576433,1539,6.672619047619048
41198531,institution,Nanjing University of Posts and Telecommunications,,,CN,0.10789333694744314,1540,6.725
155419210,institution,"Islamic Azad University, Science and Research Branch",,,IR,0.10783758768651848,1541,1.4
58879488,source,Journal of Financial Regulation and Compliance,1358-1988,A,,0.10746714452230002,1542,104.0
2898124213,source,Journal of Accounting Literature,0737-4607,A,,0.10730435255309148,1543,140.0
130217899,institution,Åbo Akademi University,,,FI,0.106979276387838,1544,2.958333333333333
124121301,institution,Lucian Blaga University of Sibiu,,,RO,0.10660992569716635,1545,0.16666666666666666
178232147,institution,Guizhou University,,,CN,0.10580606763424567,1546,12.684523809523808
28046988,institution,Kwame Nkrumah University of Science and Technology,,,GH,0.10571771217384139,1547,10.177777777777777
132357854,institution,Indian Institute of Management Kozhikode,,,IN,0.1056817089922433,1548,16.176190476190477
205133468,institution,Airlangga University,,,ID,0.10553484662909243,1549,15.308333333333334
2764792399,source,Investment Analysts Journal,1029-3523,A,,0.10529199357091214,1550,113.0
6498739,institution,Indian Statistical Institute,,,IN,0.10526674914368503,1551,3.266666666666666
151727225,institution,Harbin Engineering University,,,CN,0.1048617788585166,1552,21.1
4576418,institution,University of Technology Malaysia,,,MY,0.10437903483304062,1553,7.916666666666666
4210123993,institution,Van Lang University,,,VN,0.10410782697469359,1554,2.2666666666666666
164861460,institution,Manipal Academy of Higher Education,,,IN,0.10376984607362924,1555,4.333333333333334
4210144925,institution,Technological University Dublin,,,IE,0.10372193079226634,1556,4.977777777777778
179193067,institution,Khon Kaen University,,,TH,0.10346094628497612,1557,13.833333333333332
116955675,source,Asia-Pacific Financial Markets,1387-2834,A,,0.10344737521352483,1558,159.0
169427155,institution,Instituto Politécnico de Leiria,,,PT,0.10317769814175765,1559,2.9166666666666665
54459138,institution,University of Salford,,,GB,0.10275229537778398,1560,4.7861111111111105
5847235,institution,University of Petroleum and Energy Studies,,,IN,0.10223034295296637,1561,4.125
25112270,institution,Universidade Federal de Pernambuco,,,BR,0.10198290363912069,1562,4.800000000000001
55769427,institution,Indiana University – Purdue University Indianapolis,,,US,0.10174954957075662,1563,6.4
170979836,institution,Jadavpur University,,,IN,0.10111459327406373,1564,1.5
4210089966,institution,London School of Hygiene & Tropical Medicine,,,GB,0.10022696651291449,1565,1.3333333333333333
192392021,institution,University of Central Punjab,,,PK,0.09979376384300692,1566,4.137301587301588
52418104,institution,Universidade Federal do Paraná,,,BR,0.09891636505501453,1567,2.833333333333333
157358134,institution,RMIT Vietnam,,,VN,0.09827061574068549,1568,15.658333333333331
159650629,institution,University of Sassari,,,IT,0.09799203562175234,1569,4.333333333333333
282159120,institution,İstanbul Nişantaşı Üniversitesi,,,TR,0.09783528222578164,1570,2.505952380952381
90745801,institution,University of New England,,,AU,0.09761721734950075,1571,13.95
2800207870,institution,Høyskolen Kristiania,,,NO,0.09727937813868645,1572,2.083333333333333
154851008,institution,Indian Institute of Technology Roorkee,,,IN,0.0968517798110855,1573,19.999999999999996
47996466,institution,University of Warmia and Mazury in Olsztyn,,,PL,0.09668234672739387,1574,4.166666666666666
113306721,institution,Hiroshima University,,,JP,0.09655446697184224,1575,8.949999999999998
114972647,institution,University of Jordan,,,JO,0.09605017570542367,1576,13.419444444444446
167027274,institution,Nanjing Forestry University,,,CN,0.09602209196364525,1577,6.916666666666666
162827531,institution,Indian Institute of Technology Bombay,,,IN,0.09507368608489968,1578,12.533333333333335
169333911,institution,Gdańsk University of Technology,,,PL,0.09360808250016497,1579,4.0
1328775524,institution,Zhejiang Sci-Tech University,,,CN,0.0929589538948905,1580,12.733333333333333
59225215,institution,Bahria University,,,PK,0.09259992565321103,1581,4.166666666666666
21803372,institution,University of Évora,,,PT,0.0921408501501237,1582,13.116666666666667
38919395,institution,Indian Institute of Foreign Trade,,,IN,0.09154105866171158,1583,15.876190476190477
163151501,institution,Hangzhou Normal University,,,CN,0.09068914383573137,1584,12.78452380952381
56007636,institution,Keele University,,,GB,0.08985863011380928,1585,5.825
57664883,institution,Ajou University,,,KR,0.08748260292706649,1586,7.083333333333332
4210162014,institution,Indian Institute of Management Ranchi,,,IN,0.08596201581110902,1587,13.083333333333332
86467917,institution,James Cook University,,,AU,0.08583209560240124,1588,8.454181929181928
94234084,institution,Indian Institute of Technology Kanpur,,,IN,0.08456487737859975,1589,11.874999999999998
4210131919,institution,Xi'an University of Technology,,,CN,0.08439201742380475,1590,21.60833333333333
34250744,institution,University of Łódź,,,PL,0.0830418495673756,1591,23.1
2800084297,institution,Indian Institute of Management Shillong,,,IN,0.08243705705927863,1592,5.699999999999999
11019714,institution,Universidade da Coruña,,,ES,0.08240910952030105,1593,5.85
141649380,institution,Western Michigan University,,,US,0.08098190426822269,1594,7.5
165390105,institution,University of South Africa,,,ZA,0.08057732485847303,1595,28.477777777777774
138938424,institution,Università degli Studi della Tuscia,,,IT,0.08009995703595664,1596,5.916666666666666
924760719,institution,University of North Georgia,,,US,0.07994231009226022,1597,21.599999999999998
2764639155,source,Transnational Corporation Review,1918-6444,A,,0.07982654643615779,1598,110.0
135768898,institution,Ritsumeikan University,,,JP,0.0794823242481387,1599,10.166666666666666
11892038,institution,University of Nigeria,,,NG,0.07823880187440065,1600,5.135964912280701
199693650,institution,Umm al-Qura University,,,SA,0.07722002979112297,1601,3.083333333333333
1290523313,institution,Magyar Agrár- és Élettudományi Egyetem,,,HU,0.07633506778359378,1602,1.6333333333333333
105454292,institution,Guru Gobind Singh Indraprastha University,,,IN,0.07597953221943807,1603,4.908333333333333
40413290,institution,University of Gdańsk,,,PL,0.07461090279360912,1604,4.5
172574986,institution,Kaunas University of Technology,,,LT,0.07459793728549285,1605,1.8611111111111112
52170813,institution,Ariel University,,,IL,0.07428680199423414,1606,11.749999999999998
4210129200,institution,O. P. Jindal Global University,,,IN,0.0737696030383174,1607,9.083333333333332
143578492,institution,Asia University,,,TW,0.07360921899326561,1608,6.4275
91357014,institution,Banaras Hindu University,,,IN,0.07357523752656704,1609,4.5
75951250,institution,Freie Universität Berlin,,,DE,0.06906857686648388,1610,10.011111111111111
82724352,institution,Universiti Teknologi MARA,,,MY,0.06705856372792952,1611,13.704761904761906
24354313,institution,University of Buenos Aires,,,AR,0.06684686204911794,1612,1.7777777777777777
55285296,institution,UCSI University,,,MY,0.06678093593080882,1613,2.9226190476190474
110525433,institution,"Islamic Azad University, Tehran",,,IR,0.0666112491858477,1614,2.958333333333333
110200422,institution,Universidade Federal de Minas Gerais,,,BR,0.06638692833189007,1615,2.9816666666666665
21173400,institution,Mutah University,,,JO,0.06596547769656554,1616,5.833333333333333
2800301432,institution,IMS Unison University,,,IN,0.06530370890551239,1617,2.091666666666667
173029219,institution,Multimedia University,,,MY,0.06461319634987958,1618,3.85
185808892,institution,Polytechnic Institute of Cávado and Ave,,,PT,0.06435661211666399,1619,1.7
146367977,institution,Applied Science Private University,,,JO,0.06385586863259056,1620,2.533333333333333
3130814776,institution,University of Okara,,,PK,0.06368888046095782,1621,1.5499999999999998
18167132,institution,Universidade Presbiteriana Mackenzie,,,BR,0.061868145275629206,1622,4.724561403508772
148158369,institution,State University of Semarang,,,ID,0.061132934400746686,1623,1.4583333333333333
56308077,institution,Indian Institute of Management Rohtak,,,IN,0.060485554164786376,1624,5.75
191879574,institution,Inha University,,,KR,0.05981484425976491,1625,9.2
83291730,institution,University for Development Studies,,,GH,0.05923794385784766,1626,5.256944444444444
4210150237,institution,Dhofar University,,,OM,0.05812915463486943,1627,8.316666666666666
148099405,institution,Xi'an University of Architecture and Technology,,,CN,0.05807123841012952,1628,1.8095238095238095
17389662,institution,University of Nicosia,,,CY,0.05798172477518668,1629,1.875
175691731,institution,Pondicherry University,,,IN,0.05782247398026083,1630,5.416666666666666
171210897,institution,Aligarh Muslim University,,,IN,0.05738836592407381,1631,7.616666666666666
200606013,institution,Daffodil International University,,,BD,0.05738429367507847,1632,1.1638888888888888
4210166615,institution,INESC TEC,,,PT,0.05688516551424802,1633,1.8916666666666666
16292982,institution,National Institute of Technology Rourkela,,,IN,0.055450186843144414,1634,4.866666666666666
104941359,institution,Al-Ahliyya Amman University,,,JO,0.05351638526251428,1635,2.0416666666666665
166073570,institution,Binus University,,,ID,0.05277060625791206,1636,6.158333333333333
56822791,institution,Ghana Institute of Management and Public Administration,,,GH,0.052593340597625035,1637,6.066666666666666
4210131560,institution,Université Mohammed VI Polytechnique,,,MA,0.05222257872256242,1638,1.3083333333333333
174731842,institution,Islamia University of Bahawalpur,,,PK,0.05148481471841009,1639,5.641666666666666
71503853,institution,University of Algarve,,,PT,0.050395543903436715,1640,3.4527777777777775
200432940,institution,Allameh Tabataba'i University,,,IR,0.05028769944590556,1641,2.533333333333333
4210138501,institution,Chinese Academy of Agricultural Sciences,,,CN,0.050204491566511786,1642,1.05
177733328,institution,Can Tho University,,,VN,0.049585673646997175,1643,4.091666666666667
178331978,institution,Université de Dschang,,,CM,0.048843488293911386,1644,4.166666666666666
81020251,institution,Great Lakes Institute of Management,,,IN,0.04771698981089044,1645,4.95
194028371,institution,University of Regina,,,CA,0.04729570363663079,1646,3.916666666666666
126596746,institution,Jagiellonian University,,,PL,0.046583442022154864,1647,1.5694444444444444
4210153204,institution,Universidade Portucalense,,,PT,0.04651298376047906,1648,2.1052631578947367
39147953,institution,Universidad de Cádiz,,,ES,0.04635835669405441,1649,4.726190476190475
111753288,institution,Fujian Normal University,,,CN,0.04578854793408146,1650,3.5
195024194,institution,Riphah International University,,,PK,0.045693695364224754,1651,4.216666666666667
176601375,institution,Khalifa University of Science and Technology,,,AE,0.04561692199160432,1652,3.242857142857143
80143920,institution,Shandong University of Science and Technology,,,CN,0.043657855326553335,1653,5.583333333333332
165230279,institution,Universitas Gadjah Mada,,,ID,0.04349375402726274,1654,14.533333333333331
226983648,institution,Narsee Monjee Institute of Management Studies,,,IN,0.043478977405579954,1655,13.566666666666668
863896202,institution,Delhi Technological University,,,IN,0.043190293403537194,1656,5.133333333333334
233745408,institution,Pontificia Universidad Javeriana,,,CO,0.042743106060627756,1657,2.933333333333333
60054993,institution,Graphic Era University,,,IN,0.04242487241510318,1658,0.8583333333333334
126477371,institution,Mohammed V University,,,MA,0.04192408030015376,1659,5.908333333333333
4210127441,institution,Indian Institute of Technology Jammu,,,IN,0.04145974639516684,1660,8.5
2801014300,institution,Florida Gulf Coast University,,,US,0.04113088260020666,1661,6.824999999999999
19648265,institution,Wright State University,,,US,0.04016214516738784,1662,2.4166666666666665
110620307,institution,Budapest Business University,,,HU,0.0399080354298285,1663,2.583333333333333
197907453,institution,Akdeniz University,,,TR,0.039850224770471156,1664,2.566666666666667
131868736,institution,Prince of Songkla University,,,TH,0.039430266235169084,1665,3.1666666666666665
56067802,institution,Université de Rennes,,,FR,0.03829573282070816,1666,3.2222222222222223
74319210,institution,Chitkara University,,,IN,0.037999365029156185,1667,4.833333333333333
13134134,institution,Universidad de Cantabria,,,ES,0.03743727437296587,1668,1.3333333333333333
120250893,institution,New York University Abu Dhabi,,,AE,0.037424887033391425,1669,1.3333333333333333
167420956,institution,Vilnius Gediminas Technical University,,,LT,0.036746956859370836,1670,1.3333333333333333
74897591,institution,Marmara University,,,TR,0.03653801207272009,1671,7.783333333333332
50441567,institution,Universitat de les Illes Balears,,,ES,0.03610612065349319,1672,8.069444444444445
126145234,institution,Chaoyang University of Technology,,,TW,0.03551108259947265,1673,1.7812499999999998
157344451,source,South African Journal of Economic and Management Sciences,1015-8812,A,,0.03495753715499718,1674,146.0
243754102,institution,Universidade Federal do Ceará,,,BR,0.03455049225365821,1675,2.5333333333333337
12469534,institution,Quaid-i-Azam University,,,PK,0.032455151252944986,1676,3.958333333333333
83809506,institution,University of South Alabama,,,US,0.03237301819215147,1677,4.95
165682329,institution,Guru Nanak Dev University,,,IN,0.031337077213171395,1678,9.2
35427347,institution,Islamic University of Indonesia,,,ID,0.02709986040632834,1679,2.3875
67009956,institution,Iran University of Science and Technology,,,IR,0.023966911454713653,1680,4.583333333333333
189268942,institution,Universidad de Alcalá,,,ES,0.02331402048688524,1681,6.033333333333333
99712911,institution,Nelson Mandela University,,,ZA,0.02261988433012773,1682,9.816666666666666
1331070479,institution,Université de Yaoundé I,,,CM,0.02195155041898332,1683,6.916666666666666
27765905,institution,North-West University,,,ZA,0.021573456664304515,1684,60.273611111111116
188922065,institution,University of Economics in Katowice,,,PL,0.021119819590638966,1685,2.5588235294117645
55106644,institution,Amsterdam University of Applied Sciences,,,NL,0.020148367968358966,1686,2.1666666666666665
4210102611,institution,ICFAI Business School,,,IN,0.01974775870517508,1687,7.141666666666666
91819753,institution,Padjadjaran University,,,ID,0.019532416799610115,1688,5.833333333333333
33501960,institution,Universidade Federal de Santa Maria,,,BR,0.019425439297356344,1689,6.566666666666666
177181097,institution,Durban University of Technology,,,ZA,0.018644120225425005,1690,10.666666666666666
4210147161,institution,Mudra Institute of Communications Ahmedabad,,,IN,0.018570055338260078,1691,0.9583333333333333
2737777163,source,International Journal of Economics and Financial Issues,2146-4138,A,,0.018052645862849635,1692,357.0
122964287,institution,National Institute of Technology Tiruchirappalli,,,IN,0.017966258662355836,1693,2.5
51452335,institution,Panjab University,,,IN,0.017660999161086207,1694,3.6666666666666665
64032852,institution,Pan-Atlantic University,,,NG,0.017102888074090807,1695,2.333333333333333
11855966,institution,Diponegoro University,,,ID,0.015605547916705317,1696,1.25
15896350,institution,Guru Jambheshwar University of Science and Technology,,,IN,0.015177646359429187,1697,2.75
138197279,source,International Journal of Trade and Global Markets,1742-7541,A,,0.014757362170686085,1698,155.0
103031861,institution,Plekhanov Russian University of Economics,,,RU,0.013735310001655955,1699,8.777777777777779
862893732,institution,Telkom University,,,ID,0.012155652522541248,1700,2.3166666666666664
3017888287,institution,Universidade Nove de Julho,,,BR,0.010559231233400631,1701,0.25
4210109591,institution,Thuongmai University,,,VN,0.010033836189270213,1702,2.1166666666666663
98285908,institution,Osaka University,,,JP,0.00894721405905009,1703,2.95
177671886,institution,Mercu Buana University,,,ID,0.0073671109769087055,1704,3.7
112982808,institution,Universiti Sains Islam Malaysia,,,MY,0.007125837047466848,1705,3.428571428571429
8961855,institution,Universidad Nacional Autónoma de México,,,MX,0.005759414995063628,1706,4.25
876193797,institution,Vellore Institute of Technology University,,,IN,0.005662257668939246,1707,2.583333333333333
2801516365,institution,Kumasi Technical University,,,GH,0.004686928290728137,1708,4.366666666666667
198105771,institution,Kasetsart University,,,TH,0.003941160569019512,1709,15.749999999999998
169541294,institution,Flinders University,,,AU,0.003109703580405189,1710,15.991666666666667
95023434,institution,University of KwaZulu-Natal,,,ZA,0.0023910825323842843,1711,23.216666666666665
