unit_idx,unit_type,name,issn,field_eb,country_code,v,rank_v,a_p
1341575764,institution,Federal Reserve Bank of Minneapolis,,,US,20.170420727509686,1,34.83888888888889
23254222,source,American Economic Review,0002-8282,E,,13.673593041841643,2,484.0
203860005,source,The Quarterly Journal of Economics,0033-5533,E,,13.22463996604976,3,208.0
95464858,source,Econometrica,0012-9682,E,,12.025633501876165,4,324.0
1321305853,institution,National Bureau of Economic Research,,,US,10.977653466625986,5,208.4113906926407
61544103,institution,London Business School,,,GB,10.07432662150913,6,24.138492063492063
154570441,institution,"University of California, Santa Barbara",,,US,9.063501771494254,7,82.42694927069928
1279858714,institution,Center for Economic and Policy Research,,,US,8.026914950869704,8,140.76150793650794
40347166,institution,University of Chicago,,,US,7.716433382114398,9,300.3744363806129
20089843,institution,Princeton University,,,US,7.671668654868908,10,192.81011904761903
127708089,source,Journal of Economic Literature,0022-0515,E,,7.633303143270116,11,138.0
4210173904,source,Brookings Papers on Economic Activity,0007-2303,E,,7.604342594504248,12,17.0
95323914,source,Journal of Political Economy,0022-3808,E,,7.196531685962212,13,319.0
63966007,institution,Massachusetts Institute of Technology,,,US,7.0302176731767965,14,125.87146464646466
2801851002,institution,Harvard University Press,,,US,6.937190441018456,15,127.78312678062676
2801613365,institution,Mitchell Institute,,,US,6.335778023606897,16,5.527777777777778
97018004,institution,Stanford University,,,US,6.325206886966194,17,241.77927119177116
32971472,institution,Yale University,,,US,6.134989951104985,18,205.65082556332555
88935262,source,The Review of Economic Studies,0034-6527,E,,6.120143645250267,19,411.0
196715598,source,Annual Review of Economics,1941-1383,E,,6.117210077453783,20,127.0
19990318,institution,Federal Reserve Bank of San Francisco,,,US,6.0995625413337935,21,28.89166666666667
100005738,institution,Brigham Young University,,,US,5.943321792301284,22,22.50357142857143
136199984,institution,Harvard University,,,US,5.897457404867859,23,184.69298576972676
2799283415,institution,Fisher College,,,US,5.887139767652068,24,0.9749999999999999
4210174288,source,American Economic Review Insights,2640-205X,E,,5.6308163270972305,25,148.0
74775410,institution,Rice University,,,US,5.386975743304098,26,36.62707847707847
170166683,source,American Economic Journal Macroeconomics,1945-7707,E,,5.356248337549707,27,223.0
95457486,institution,"University of California, Berkeley",,,US,5.335310101959608,28,271.8231113331113
158011328,source,American Economic Journal Economic Policy,1945-7731,E,,5.229630725043029,29,255.0
57502794,institution,Federal Reserve Bank of Philadelphia,,,US,5.1757360702922774,30,35.90952380952381
79576946,institution,University of Pennsylvania,,,US,5.169436158766255,31,121.85176530985352
107672454,institution,Dartmouth College,,,US,4.975863542741686,32,40.62777777777778
43638361,institution,Federal Reserve Bank of New York,,,US,4.86107510819689,33,31.442261904761903
4210140326,institution,Centre for Economic Policy Research,,,GB,4.613317731208889,34,143.66329365079366
4210096135,institution,Ross School,,,US,4.455353390007377,35,6.447222222222222
36788626,institution,California University of Pennsylvania,,,US,4.419783534834424,36,37.42222222222223
103531236,institution,Boston College,,,US,4.395452322842353,37,65.17878787878789
115283149,institution,Brookings Institution,,,US,4.338815811241345,38,32.93888888888888
2800207870,institution,Høyskolen Kristiania,,,NO,4.320681411543364,39,1.6666666666666665
199447588,source,Journal of Public Economics,0047-2727,E,,4.286845654511142,40,628.0
161318765,institution,"University of California, Los Angeles",,,US,4.252942188574295,41,95.72900432900433
78577930,institution,Columbia University,,,US,4.108610875085647,42,240.24311475561476
57206974,institution,New York University,,,US,4.07909806110262,43,214.53301975801975
592451,institution,Indiana University,,,US,4.075017113418298,44,36.2470238095238
2802905149,institution,Federal Reserve Board of Governors,,,US,4.0287393376597445,45,137.15621184371184
77697173,institution,Federal Reserve Bank of Chicago,,,US,4.0101274501340285,46,40.85972222222223
202697423,institution,University of Zurich,,,CH,3.9203364377001004,47,109.24767038517038
1333512998,institution,United States Census Bureau,,,US,3.8890072903744035,48,33.49444444444445
27837315,institution,University of Michigan–Ann Arbor,,,US,3.887887246923429,49,182.5137531757888
156003414,source,Quantitative Economics,1759-7323,E,,3.8852141835220184,50,169.0
36258959,institution,"University of California, San Diego",,,US,3.8787936630342554,51,117.20222848788637
170486558,institution,Pompeu Fabra University,,,ES,3.8399593443283218,52,65.97242063492064
34139249,source,The RAND Journal of Economics,0741-6261,E,,3.7007461283952194,53,134.0
151321946,institution,Center for Economic Research and Graduate Education – Economics Institute,,,CZ,3.649329418512187,54,24.556944444444444
127742747,source,Journal of Econometrics,0304-4076,E,,3.640963123393055,55,789.0
111979921,institution,Northwestern University,,,US,3.590208543342799,56,118.24360680169501
187481652,institution,Instituto Tecnológico Autónomo de México,,,MX,3.5693884522542465,57,29.96666666666666
111088046,institution,Boston University,,,US,3.514001583306068,58,120.8288317962231
107639228,institution,University of Notre Dame,,,US,3.455847720428475,59,69.85555555555555
42134832,institution,Barcelona School of Economics,,,ES,3.414251865060634,60,71.06425518925519
170897317,institution,Duke University,,,US,3.413988041224018,61,202.88177711177715
4210121976,institution,Centro de Estudios Monetarios y Financieros,,,ES,3.352260844789274,62,28.82428571428571
4210092408,institution,Toulouse School of Economics,,,FR,3.3032415377717306,63,104.01550505050506
140842003,source,Review of Environmental Economics and Policy,1750-6816,E,,3.2961713442822314,64,83.0
168864056,institution,Bilkent University,,,TR,3.2865083246221474,65,41.733333333333334
135310074,institution,University of Wisconsin–Madison,,,US,3.2542020491147263,66,155.14477348674714
147692640,source,Journal of Urban Economics,0094-1190,E,,3.248840885749518,67,225.0
184565670,institution,Georgetown University,,,US,3.221250878520323,68,108.25122655122658
1321605679,institution,Statistics Norway,,,NO,3.211006113136609,69,48.75555555555555
204465549,institution,Washington University in St. Louis,,,US,3.1944865872593806,70,57.57047258297258
93666758,source,Journal of Economic Issues,0021-3624,E,,3.181638740931773,71,36.0
198098467,source,Journal of International Economics,0022-1996,E,,3.121433044576898,72,425.0
165087003,source,Journal of the European Economic Association,1542-4766,E,,3.104677865020365,73,281.0
1309849503,institution,RAND Corporation,,,US,3.0287932502584436,74,46.249801587301576
5388228,institution,University of Rochester,,,US,3.010569399747602,75,62.73739495798319
46860202,institution,Bank of England,,,GB,3.004058699012324,76,72.43466810966811
84218800,institution,"University of California, Davis",,,US,2.9955470034227454,77,122.07633685758687
77793887,institution,Federal Reserve Bank of St. Louis,,,US,2.991318211017877,78,46.65
141945490,institution,University of British Columbia,,,CA,2.9523061699791655,79,172.111249208308
166337079,institution,Queen Mary University of London,,,GB,2.952153440745504,80,107.91240422276135
39555362,institution,University of Warwick,,,GB,2.8504901192382253,81,193.98453324346866
68415526,institution,Federal Reserve Bank of Dallas,,,US,2.8153731694159,82,44.56666666666666
153718931,institution,University of Ottawa,,,CA,2.814671121271507,83,77.48392081348604
102272798,institution,INSEAD,,,FR,2.8020515318192363,84,9.670833333333333
2800403580,institution,University of Minnesota System,,,US,2.7187605902159775,85,8.076190476190476
127060114,source,NBER Macroeconomics Annual,0889-3365,E,,2.7140108024447906,86,72.0
45992627,source,The Economic Journal,0013-0133,E,,2.689641049700887,87,497.0
74973139,institution,Carnegie Mellon University,,,US,2.6884141873452023,88,53.887121212121194
205783295,institution,Cornell University,,,US,2.645800830421533,89,200.55323188808097
898769471,institution,Bank of Canada,,,CA,2.626658572828729,90,88.68988095238096
71209653,institution,Bocconi University,,,IT,2.589126340830522,91,204.15869616494612
8557221,source,Journal of Labor Economics,0734-306X,E,,2.5579318553939885,92,171.0
1317239608,institution,Federal Reserve,,,US,2.5494846393304385,93,57.22010073260073
180061323,source,The Review of Economics and Statistics,0034-6535,E,,2.5449346786180036,94,540.0
185261750,institution,University of Toronto,,,CA,2.5443714750857245,95,245.62489794548782
163499366,source,Review of Economic Dynamics,1094-2025,E,,2.54384899569315,96,247.0
27804330,institution,Brown University,,,US,2.5338836058586285,97,48.483170995670996
59553526,institution,Stony Brook University,,,US,2.5217006843816687,98,34.47229437229437
909854389,institution,London School of Economics and Political Science,,,GB,2.492618599408789,99,482.20540067503293
4210152270,institution,INSEAD,,,SG,2.441194019606638,100,3.285714285714286
45129253,institution,University College London,,,GB,2.4400823545058676,101,278.7684021769316
57995698,institution,Paris School of Economics,,,FR,2.438946532209236,102,111.32539682539684
124055696,institution,University of Copenhagen,,,DK,2.39229924136099,103,161.91132949652683
181046868,institution,BI Norwegian Business School,,,NO,2.381825768079602,104,60.65555555555556
2735550652,source,Journal of the Association of Environmental and Resource Economists,2333-5955,E,,2.3709478488917504,105,42.0
149131268,source,Journal of Economic Theory,0022-0531,E,,2.36486071887006,106,528.0
106098198,source,Oxford Review of Economic Policy,0266-903X,E,,2.3264921570018178,107,205.0
161593684,institution,Stockholm University,,,SE,2.3250700128689017,108,92.18311024936025
157725225,institution,University of Illinois Urbana-Champaign,,,US,2.301548030301497,109,154.88095238095235
200719446,institution,Vanderbilt University,,,US,2.296817101287255,110,97.24342046842044
1174212,institution,University of Southern California,,,US,2.2828500741140227,111,166.90046296296296
121820613,institution,Louisiana State University,,,US,2.279894550246116,112,37.980357142857144
110002522,institution,University of Essex,,,GB,2.257309940839926,113,106.87137226512223
130238516,institution,University of Minnesota,,,US,2.2451964845755374,114,115.93805356193513
197251160,institution,Hebrew University of Jerusalem,,,IL,2.242642036665991,115,77.06805555555555
4210116924,institution,"Chinese University of Hong Kong, Shenzhen",,,CN,2.2423630964252053,116,38.81666666666666
2800817003,institution,Southern California University for Professional Studies,,,US,2.2385148538996673,117,13.238492063492062
62957338,source,The Journal of Human Resources,0022-166X,E,,2.2306169270471425,118,156.0
83860666,institution,HEC Paris,,,FR,2.2037028090581234,119,9.466666666666667
79891267,institution,Singapore Management University,,,SG,2.196282024443607,120,91.27222222222221
170201317,institution,University of Pittsburgh,,,US,2.1957833562265754,121,86.5519847462143
166621295,source,Journal of Health Economics,0167-6296,E,,2.18180936747181,122,370.0
52989892,institution,Bank for International Settlements,,,CH,2.171238065313244,123,61.69761904761906
17389662,institution,University of Nicosia,,,CY,2.1430177538724093,124,11.298412698412697
72816309,institution,Drexel University,,,US,2.1414575222685985,125,34.20833333333333
101209419,source,Journal of Development Economics,0304-3878,E,,2.1399482239417242,126,593.0
200769079,institution,Hong Kong University of Science and Technology,,,HK,2.108938422859809,127,45.38406565656567
4432739,institution,University of Bergen,,,NO,2.082248704013085,128,33.06789321789322
179979277,source,International Economic Review,0020-6598,E,,2.066093098822588,129,242.0
124261006,institution,École Supérieure des Sciences Économiques et Commerciales,,,FR,2.065858114951675,130,21.02042402042402
181233156,institution,University of Oregon,,,US,2.0534644645672544,131,45.955988455988454
72880728,source,The Journal of Economic Perspectives,0895-3309,E,,2.0394671661421695,132,39.0
135140700,institution,University of Bonn,,,DE,2.038039012691704,133,127.02866479925304
189712700,institution,University of Konstanz,,,DE,2.0270235983413496,134,31.18888888888889
76844451,source,Annual Review of Resource Economics,1941-1340,E,,2.016091953718524,135,115.0
150468666,institution,Emory University,,,US,2.011735840458127,136,60.09095626595626
4210173595,source,American Journal of Health Economics,2332-3493,E,,2.0079507695301446,137,23.0
158012942,institution,University of Richmond,,,US,1.9949979859304847,138,26.75
130769515,institution,Pennsylvania State University,,,US,1.9787209885170414,139,155.17553511303515
190249584,institution,Universität Innsbruck,,,AT,1.9705584559317961,140,62.511358467240804
2699952,institution,Pontifical Catholic University of Rio de Janeiro,,,BR,1.9679502831679991,141,19.533333333333335
121934306,institution,Tufts University,,,US,1.962414887101334,142,43.25836154586154
87216513,institution,Michigan State University,,,US,1.9502664573894315,143,151.77149329428738
141600920,source,Fiscal Studies,0143-5671,E,,1.9486975053509568,144,127.0
108192572,institution,HEC Montréal,,,CA,1.9475173224655056,145,57.50119047619047
12870472,institution,Birmingham City University,,,GB,1.92833564439563,146,16.834523809523805
16285277,institution,William & Mary,,,US,1.9035721807802284,147,19.701404151404148
181565077,institution,Georgia State University,,,US,1.898084489732884,148,79.70179681429681
180242103,institution,Stockholm School of Economics,,,SE,1.8975047708198594,149,51.15119047619048
107640659,institution,South Ural State University,,,RU,1.8912987512434267,150,13.214484126984125
86519309,institution,The University of Texas at Austin,,,US,1.88714599951651,151,162.24911616161617
931913249,institution,Norwegian School of Economics,,,NO,1.8812978919548617,152,90.21666666666667
185103710,institution,"University of California, Santa Cruz",,,US,1.866904141249748,153,38.62142857142856
90803817,institution,Universidad del Rosario,,,CO,1.8447619602435164,154,35.649404761904755
23010633,source,Asian Economic Policy Review,1748-3131,E,,1.8253955330792968,155,126.0
177802217,institution,University of Mannheim,,,DE,1.8226989259835047,156,80.32133838383837
998097505,source,The Journal of Law and Economics,0022-2186,E,,1.8125033424543975,157,131.0
120250893,institution,New York University Abu Dhabi,,,AE,1.798657801503649,158,36.63333333333333
16391192,institution,Tel Aviv University,,,IL,1.782385771681674,159,73.27063492063492
114090438,institution,Goethe University Frankfurt,,,DE,1.7778551938788678,160,96.14212301587304
118564535,institution,University of Bern,,,CH,1.7642661993757367,161,71.51607142857142
174458059,institution,National Technical University of Athens,,,GR,1.754844118292454,162,34.58614718614719
162608824,institution,University of Sussex,,,GB,1.7541764217336264,163,95.7170634920635
1850255,institution,University of Basel,,,CH,1.7455505064674872,164,50.82801226551226
180923762,institution,University of Cologne,,,DE,1.7443676320542203,165,78.14704233674821
193662353,institution,Utrecht University,,,NL,1.7428058420148276,166,170.22191604654842
122073985,source,The Journal of Economic History,0022-0507,E,,1.734892136971303,167,199.0
25250876,source,Economy and Society,0308-5147,E,,1.7296920841563364,168,63.0
12834331,institution,University of Wyoming,,,US,1.7229721998298322,169,37.529248529248534
180519160,institution,Copenhagen Business School,,,DK,1.7206802542244892,170,101.79960317460318
188538660,institution,University of Colorado Boulder,,,US,1.7167701186762947,171,53.06869369369369
887064364,institution,University of Amsterdam,,,NL,1.714052697062358,172,137.4658935971436
200872515,source,Journal of Environmental Economics and Management,0095-0696,E,,1.7105713464878445,173,440.0
56441308,institution,Libera Università Internazionale degli Studi Sociali Guido Carli,,,IT,1.6960636880997881,174,51.43730158730158
66946132,institution,"University of Maryland, College Park",,,US,1.6924634166569574,175,130.87959235209235
165932596,institution,National University of Singapore,,,SG,1.6906461056069968,176,243.87900534650535
889315371,institution,Agricultural & Applied Economics Association,,,US,1.6791432884517488,177,49.69665609731399
98677209,institution,University of Edinburgh,,,GB,1.674941373964675,178,99.83899509708333
874792244,institution,European University Institute,,,IT,1.6708593294617382,179,83.03244949494949
40120149,institution,University of Oxford,,,GB,1.6707200840884722,180,434.1438031045837
49389958,source,Econometric Theory,0266-4666,E,,1.670350069209219,181,173.0
28290843,institution,University of Surrey,,,GB,1.6661765691220614,182,55.617063492063494
90326151,institution,Ecole des Hautes Etudes Commerciales du Nord,,,FR,1.662606094011853,183,21.58888888888889
2801696985,institution,France Business School,,,FR,1.6556614358076482,184,11.386111111111111
44260953,institution,Heinrich Heine University Düsseldorf,,,DE,1.6537758105584357,185,46.25720695970695
145311948,institution,Johns Hopkins University,,,US,1.6483220513151347,186,154.4648430001371
18095783,source,Journal of Business and Economic Statistics,0735-0015,E,,1.6331191031065548,187,433.0
141649914,institution,Nanchang University,,,CN,1.6096416459050509,188,95.95674603174604
889458895,institution,University of Hong Kong,,,HK,1.6054366053642106,189,173.31161093536093
54157616,institution,Swiss Finance Institute,,,CH,1.592535200015503,190,43.38115079365079
31746571,institution,UNSW Sydney,,,AU,1.5823935077350775,191,133.39851997841126
122328836,institution,Indian School of Business,,,IN,1.5815370118720788,192,15.091666666666667
130701444,institution,Georgia Institute of Technology,,,US,1.5752666018411499,193,45.436477411477405
114027177,institution,University of North Carolina at Chapel Hill,,,US,1.5699491226753843,194,89.26495489804313
133335107,source,Mathematical Finance,0960-1627,E,,1.5666732402778045,195,132.0
69338747,source,European Economic Review,0014-2921,E,,1.5641955380690358,196,787.0
85739584,source,Journal of Applied Econometrics,0883-7252,E,,1.5640673918940466,197,268.0
26538001,institution,San Diego State University,,,US,1.557727289329259,198,35.93611111111111
55732556,institution,Arizona State University,,,US,1.5541708333929365,199,135.47330257461837
197518295,institution,IZA - Institute of Labor Economics,,,DE,1.5541341068674572,200,144.79309523809522
579031,source,Economic Theory,0938-2259,E,,1.5535042720350967,201,340.0
18014758,institution,Simon Fraser University,,,CA,1.5428475585526575,202,70.02846084364627
207789805,institution,Lahore University of Management Sciences,,,PK,1.5401893485748137,203,25.04444444444444
204337017,institution,Aarhus University,,,DK,1.5391269643928125,204,167.04212863010818
241749,institution,University of Cambridge,,,GB,1.534556998500117,205,259.2746753246753
123946342,institution,Binghamton University,,,US,1.5321350269467193,206,33.24200244200244
1334329717,institution,World Bank,,,US,1.5317294739998255,207,227.0510032264569
921990950,institution,University of Colorado Denver,,,US,1.520367878980132,208,34.77777777777778
4210142311,institution,Excelia Business School,,,FR,1.5164856504900457,209,14.683333333333334
4210119896,institution,King's College School,,,GB,1.5125727674914786,210,12.43611111111111
160856358,institution,University of San Diego,,,US,1.5085665032641251,211,9.129166666666666
22465464,institution,University of Münster,,,DE,1.5081395609159585,212,44.585027935027945
56590836,institution,Monash University,,,AU,1.5043155454289197,213,311.77107573798753
124549413,source,Journal of Economic Surveys,0950-0804,E,,1.5033076887382413,214,265.0
159129438,institution,Université du Québec à Montréal,,,CA,1.496832662671557,215,45.63392857142857
142476485,institution,École Polytechnique,,,FR,1.492509173369616,216,26.2321626984127
121847817,institution,"The Graduate Center, CUNY",,,US,1.4922511030759058,217,22.074206349206353
1319597252,institution,Center for Global Development,,,US,1.4912810803598677,218,26.691666666666666
3131550300,institution,Université Toulouse-I-Capitole,,,FR,1.4907395191947,219,8.919378306878308
91136226,institution,University of Sheffield,,,GB,1.4839406850168302,220,205.95015093188047
50310733,institution,Banco de Portugal,,,PT,1.4731192066818943,221,31.16025641025641
202963720,institution,University of St. Gallen,,,CH,1.4730660429516145,222,68.35992063492063
70983195,institution,Syracuse University,,,US,1.4643565507578895,223,67.92976190476192
134235054,institution,Sabancı Üniversitesi,,,TR,1.4630343451191283,224,20.083333333333336
1288051870,institution,Organisation de Coopération et de Développement Economiques,,,FR,1.4508367599364798,225,75.50020951270952
204250578,institution,"University of California, Irvine",,,US,1.4411070430582935,226,89.1277578902579
51556381,institution,University of Virginia,,,US,1.4362863844271752,227,91.36929181929182
193531525,institution,George Washington University,,,US,1.421163552629549,228,77.28040431790431
33519306,source,Econometrics Journal,1368-4221,E,,1.4147103541050075,229,124.0
153515283,institution,European Central Bank,,,DE,1.4139296204531144,230,143.55503663003662
2799429437,institution,ICMA Centre,,,GB,1.410711396919806,231,9.157828282828282
52357470,institution,The Ohio State University,,,US,1.4058585999107582,232,153.6936429497575
1330701686,institution,Collegio Carlo Alberto,,,IT,1.4054874157782764,233,37.92569444444444
123387679,institution,Uppsala University,,,SE,1.4006166112842682,234,104.55738636363638
71675930,institution,Frankfurt School of Finance & Management,,,DE,1.3963614489515106,235,25.58333333333333
6902469,institution,Brandeis University,,,US,1.384259904827945,236,36.474440836940836
5023651,institution,McGill University,,,CA,1.3825931267434972,237,73.02867585630744
50357001,institution,Universidad Carlos III de Madrid,,,ES,1.381199308780979,238,155.572582972583
163774179,source,Labour Economics,0927-5371,E,,1.379397897181581,239,479.0
146268463,source,Journal of Institutional Economics,1744-1374,E,,1.3788578484467702,240,230.0
125068653,institution,IE University,,,ES,1.3759877801990623,241,14.51
102322142,institution,"Rutgers, The State University of New Jersey",,,US,1.3735560968998217,242,131.23236485736487
126307644,institution,University of Iowa,,,US,1.3724463551892625,243,40.17896825396826
184564680,institution,Inter-American Development Bank,,,US,1.3719521971357842,244,74.67738095238094
141810926,institution,Baruch College,,,US,1.3718313795986283,245,24.183333333333326
16835326,institution,University of St Andrews,,,GB,1.3708042016016706,246,41.987387387387386
146242404,source,New Political Economy,1356-3467,E,,1.367870696982495,247,262.0
1310145890,institution,International Monetary Fund,,,US,1.3586129502859796,248,311.62777777777774
198488067,institution,Tinbergen Institute,,,NL,1.3568585159849647,249,77.13849206349205
4210168091,source,The Journal of Law Economics and Organization,1465-7341,E,,1.3546210015314024,250,129.0
43019230,source,PharmacoEconomics,1170-7690,E,,1.35409179931575,251,433.0
162148367,institution,Pontificia Universidad Católica de Chile,,,CL,1.3504970436439943,252,80.74815323565325
97316453,source,Cambridge Journal of Regions Economy and Society,1752-1378,E,,1.349512238321859,253,188.0
70931966,institution,Université de Montréal,,,CA,1.3477154100405178,254,56.16337181337181
4210119109,institution,Indiana University Bloomington,,,US,1.3471216712429672,255,66.33428418803419
8204097,institution,Ludwig-Maximilians-Universität München,,,DE,1.3438311093540456,256,78.32463064713066
165733156,institution,University of Georgia,,,US,1.3407418428653002,257,105.66985930735933
4210201861,source,Applied Economic Perspectives and Policy,2040-5790,E,,1.3400833252704185,258,357.0
36234482,institution,University of Bristol,,,GB,1.3366945999050803,259,118.90499738143122
137902535,institution,North Carolina State University,,,US,1.333310462775274,260,96.06309523809523
123044942,institution,Universitat Autònoma de Barcelona,,,ES,1.333246949470502,261,113.17840514748409
95674353,institution,UCLouvain,,,BE,1.3330611780331876,262,84.31660561660561
2801952686,institution,Erasmus MC,,,NL,1.3310475135201623,263,28.577560583538848
169221615,source,Information Economics and Policy,0167-6245,E,,1.3239974530515788,264,96.0
20121455,institution,Bielefeld University,,,DE,1.3227572218687238,265,72.11488696488696
172526255,source,Finance and Stochastics,0949-2984,E,,1.3172418878436534,266,97.0
38825547,source,Economic Geography,0013-0095,E,,1.3171818123399222,267,115.0
878454856,institution,Hasselt University,,,BE,1.3164450489820254,268,17.37975808913309
99065089,institution,Tsinghua University,,,CN,1.3063897318140234,269,242.22431758056757
52099693,institution,University of York,,,GB,1.3024959284959727,270,201.49196790469168
72951846,institution,Washington State University,,,US,1.2960446785772572,271,53.44747474747475
9927081,institution,Aalto University,,,FI,1.2945531420634042,272,39.70929487179487
46039370,source,Journal of Economic Geography,1468-2702,E,,1.2944306235501402,273,178.0
168635309,institution,University of Calgary,,,CA,1.2877758812353814,274,95.33724053724053
169521973,institution,University of New Mexico,,,US,1.2841836099221575,275,42.73749999999999
39841227,source,International Journal of Forecasting,0169-2070,E,,1.2819203950214413,276,440.0
5124864,institution,École Polytechnique Fédérale de Lausanne,,,CH,1.2818462159789477,277,26.297619047619047
187531555,institution,Lund University,,,SE,1.2767158865671908,278,167.9751086331969
11923345,institution,Wrocław University of Science and Technology,,,PL,1.2744531948249158,279,13.95674603174603
100930933,institution,University College Dublin,,,IE,1.2723775821773755,280,92.88329725829728
55769427,institution,Indiana University – Purdue University Indianapolis,,,US,1.271765108252297,281,20.152317821067818
169541294,institution,Flinders University,,,AU,1.271078240077935,282,28.03868990486637
8078737,institution,Clemson University,,,US,1.2710631572727022,283,32.49900793650794
190082696,institution,Durham University,,,GB,1.2710387752262184,284,82.57400793650794
76835614,institution,University of Missouri,,,US,1.270909471812733,285,73.62088554720134
35440088,institution,ETH Zurich,,,CH,1.2673373113598252,286,170.99576118326115
92008406,institution,University of Stavanger,,,NO,1.2644881764438223,287,42.66587301587302
4400600934,institution,ICN Business School,,,,1.2620489289641885,288,7.437301587301587
2802236040,institution,University of Colorado System,,,US,1.2614628785609878,289,11.055555555555555
24603500,institution,University of Massachusetts Amherst,,,US,1.2576414176798552,290,89.60531413031413
23732399,institution,Montana State University,,,US,1.2575527865326837,291,26.067857142857143
91754907,source,American Journal of Agricultural Economics,0002-9092,E,,1.2547272463832142,292,271.0
52179390,institution,University of Waikato,,,NZ,1.2501057287478032,293,78.07924297924298
142263535,institution,University of Nottingham,,,GB,1.2421474643267842,294,117.86408008658007
91045830,institution,Texas A&M University,,,US,1.2419268360527589,295,110.64316378066377
143804889,institution,Loughborough University,,,GB,1.2416892865015656,296,84.49444444444444
176820844,source,European Review of Economic History,1361-4916,E,,1.236035723104111,297,115.0
178535277,institution,University of the West of England,,,GB,1.2347867318594874,298,26.10873015873016
192455969,institution,York University,,,CA,1.2346508039597024,299,71.78732746721877
114571967,source,National Institute Economic Review,0027-9501,E,,1.2226916261174368,300,101.0
97565354,institution,University of Lausanne,,,CH,1.2096133480670532,301,81.62866621682412
67031392,institution,Carleton University,,,CA,1.2042117894506472,302,55.9313492063492
177364143,institution,Centre for European Economic Research,,,DE,1.203613048193224,303,51.90099206349206
102248843,institution,Vienna University of Economics and Business,,,AT,1.2027340220300118,304,106.43690476190477
120156002,institution,Boise State University,,,US,1.198604658768843,305,12.288095238095236
94499970,source,Energy Economics,0140-9883,E,,1.190306801678908,306,2599.0
4577782,institution,Technische Universität Berlin,,,DE,1.1851577180582895,307,47.525940652914336
4210089966,institution,London School of Hygiene & Tropical Medicine,,,GB,1.1790164345434544,308,42.74451291549941
4210150763,institution,Gran Sasso Science Institute,,,IT,1.1743007853949847,309,33.31924603174603
4210092722,institution,Office Of Health Economics,,,GB,1.1715496829452716,310,48.36830808080808
107631327,source,Regional Science and Urban Economics,0166-0462,E,,1.1711476419375695,311,275.0
47508984,institution,Imperial College London,,,GB,1.1681938055023844,312,98.1485870828518
74656192,institution,University of Göttingen,,,DE,1.1655681376762963,313,140.42612803862804
203899302,institution,Universiti Teknologi Petronas,,,MY,1.1605833319378287,314,7.9378302253302255
951315,institution,Graduate Institute of International and Development Studies,,,CH,1.1579146193909917,315,33.66666666666667
86501945,institution,University of Delaware,,,US,1.155362328017202,316,54.43340964590964
143302722,institution,University of Kentucky,,,US,1.1543034295632644,317,73.92324943574944
4210148300,institution,Institut d'Economie Scientifique Et de Gestion,,,FR,1.1529537637999479,318,30.365674603174604
913958620,institution,Erasmus University Rotterdam,,,NL,1.151574019099318,319,340.8014493102569
1282776028,institution,German Institute for Economic Research,,,DE,1.1492287084593036,320,71.27936507936506
138645024,source,Journal of Comparative Economics,0147-5967,E,,1.1429924471437238,321,235.0
4210142324,institution,CY Cergy Paris Université,,,FR,1.1398504994315983,322,43.38001998001997
102502594,institution,Northern Illinois University,,,US,1.1378444620278358,323,11.916666666666668
125749732,institution,Western University,,,CA,1.136280021579652,324,88.75049621431198
4405392,institution,Boğaziçi University,,,TR,1.1346154398893187,325,27.874999999999996
82951845,institution,RMIT University,,,AU,1.1338488285764377,326,103.4178952991453
223532165,institution,University of Utah,,,US,1.1329208535441744,327,121.65578025625979
4210118689,institution,Joint Research Centre,,,IT,1.1321661165824837,328,59.03389954716485
185443292,institution,Wayne State University,,,US,1.13132137923016,329,14.071428571428571
168719708,institution,City University of Hong Kong,,,HK,1.1288094293669504,330,78.49716117216119
102134673,institution,Linköping University,,,SE,1.1277349476563823,331,27.874055111555112
184942183,institution,University of Oslo,,,NO,1.1221727484538626,332,91.73071046600458
20581793,institution,University of Kent,,,GB,1.1210163609517445,333,45.86601546601546
121883995,institution,Johannes Kepler University of Linz,,,AT,1.1165787958408462,334,50.63161976911977
77432436,institution,Research Institute of Industrial Economics,,,SE,1.1151728268800734,335,45.541666666666664
1351752,institution,Koç University,,,TR,1.108348623702823,336,22.663778541719715
92446798,institution,Colorado State University,,,US,1.1074732501530702,337,76.23630952380952
28407311,institution,University of Manchester,,,GB,1.106754402518672,338,203.6369813982314
392282,institution,"University at Albany, State University of New York",,,US,1.1062036110178974,339,38.05694444444445
87547150,institution,Southern Illinois University Edwardsville,,,US,1.1005068412213557,340,15.166666666666666
74623043,institution,Deutsche Bundesbank,,,DE,1.1002262009265744,341,89.11614774114774
103635307,institution,"University of California, Riverside",,,US,1.099221321711906,342,49.616666666666674
177725633,institution,Chinese University of Hong Kong,,,CN,1.0991950270864015,343,142.7540424852925
79765343,institution,University of Vaasa,,,FI,1.097472976366298,344,25.427777777777777
103163165,institution,Florida State University,,,US,1.0965278038711794,345,61.04485930735932
193700539,institution,Tilburg University,,,NL,1.0954532311285141,346,112.99285714285716
881427289,institution,University of Gothenburg,,,SE,1.0907707690783743,347,110.77884199134198
185763367,institution,Bank of Spain,,,ES,1.0900023104981473,348,99.86271367521368
86125002,source,Environmental and Resource Economics,0924-6460,E,,1.0865693011109916,349,481.0
201298700,institution,Banque de France,,,FR,1.0861398697381266,350,60.72901760937475
1118541,institution,University of East Anglia,,,GB,1.0861157773353698,351,79.7166495066495
41073452,institution,Management Center Innsbruck,,,AT,1.0845637570808258,352,2.4047619047619047
114395901,institution,University of Nebraska–Lincoln,,,US,1.0775829438532118,353,52.78313492063492
204722609,institution,Queen's University,,,CA,1.0758369789050277,354,56.94649321266968
117841876,institution,Université Paris-Panthéon-Assas,,,FR,1.0748556779468896,355,32.93055555555556
223464139,institution,Linnaeus University,,,SE,1.074117062308968,356,20.119444444444447
1317774081,institution,International Institute for Applied Systems Analysis,,,AT,1.0678921192191848,357,24.372705698440992
141568987,institution,Hong Kong Baptist University,,,HK,1.0675888020816435,358,33.75562770562771
51101395,institution,Université Paris 1 Panthéon-Sorbonne,,,FR,1.0648151233179,359,92.03329004329002
75027704,institution,University of Tennessee at Knoxville,,,US,1.0642148503431679,360,55.55294612794613
78757542,institution,University of Newcastle Australia,,,AU,1.0589654827164645,361,51.66301961926961
32021983,institution,Kiel University,,,DE,1.053361016774278,362,72.35626984126985
145200904,source,Health Economics,1057-9230,E,,1.0519470105083708,363,693.0
78037679,institution,UiT The Arctic University of Norway,,,NO,1.0512472656880878,364,16.723058773058774
79619799,institution,University of Birmingham,,,GB,1.0507060163670612,365,117.07840517325809
188760350,institution,Ollscoil na Gaillimhe – University of Galway,,,IE,1.0488187132858906,366,48.842310358486834
145471836,source,Explorations in Economic History,0014-4983,E,,1.0474695678373616,367,126.0
91203450,institution,University of Haifa,,,IL,1.045537292073976,368,36.697005772005774
186354981,institution,University of Passau,,,DE,1.0437233348919206,369,19.42222222222222
130785548,institution,Clark University,,,US,1.043162841804703,370,24.791322055137844
55633929,institution,World Bank Group,,,US,1.0369730675038251,371,91.79694444444443
2746051580,institution,Université Paris Sciences et Lettres,,,FR,1.034734251253795,372,18.089616402116402
83019370,institution,Eindhoven University of Technology,,,NL,1.0330378737271062,373,13.436507936507935
106785703,institution,Institut polytechnique de Grenoble,,,FR,1.0303640863564096,374,7.952579365079366
103737770,institution,Bank of Italy,,,IT,1.0295546132192757,375,185.08354700854704
54009628,institution,University of Bayreuth,,,DE,1.0291186345251349,376,47.194985569985576
1332873766,institution,Banco de la República Colombia,,,CO,1.0276285534893608,377,51.88809523809524
181401687,institution,American University,,,US,1.0248060318817331,378,56.44126984126985
21250087,institution,Charles University,,,CZ,1.0231248580318884,379,93.04314009004412
134113660,institution,"University of Nevada, Reno",,,US,1.0214678822175027,380,34.228968253968254
4210166174,institution,Joint Research Center,,,ES,1.0180235481938873,381,56.66722999222999
63072094,institution,University of Portsmouth,,,GB,1.0174279473090537,382,51.91664915966387
165253824,source,Scandinavian Journal of Economics,0347-0520,E,,1.0166583055252358,383,129.0
133999245,institution,"University of Nevada, Las Vegas",,,US,1.0141669109678886,384,25.03928571428571
6498739,institution,Indian Statistical Institute,,,IN,1.0137432880918624,385,53.00757575757576
102335020,institution,Karlsruhe Institute of Technology,,,DE,1.0136156964027663,386,32.13392857142857
14140830,institution,Shih Chien University,,,TW,1.0121185386527898,387,19.501190476190473
23923803,institution,University of Exeter,,,GB,1.0105613753588698,388,107.22632873856614
165143802,institution,University of Queensland,,,AU,1.0063417284112197,389,167.70726010101006
4210160754,institution,Vlerick Business School,,,BE,1.0050856911133297,390,4.65
44585919,source,Journal of Economic Dynamics and Control,0165-1889,E,,1.004452350251594,391,583.0
35566140,institution,Loyola Marymount University,,,US,1.0042750313261657,392,12.250000000000002
108688024,institution,Qingdao University,,,CN,1.0036249849815113,393,96.01332972582973
75627377,source,SIAM Journal on Financial Mathematics,1945-497X,E,,1.0035997350095396,394,77.0
34352273,institution,Maastricht University,,,NL,1.0012334952367774,395,143.7801815156994
84340266,institution,WHU – Otto Beisheim School of Management,,,DE,0.9994027040544523,396,27.858333333333327
157417397,institution,Bowling Green State University,,,US,0.999214097718888,397,7.449999999999999
223822909,institution,Heidelberg University,,,DE,0.9961353930512259,398,61.89089673971253
865915315,institution,Vrije Universiteit Amsterdam,,,NL,0.9951188126647506,399,144.17462098087097
139924743,institution,Bentley University,,,US,0.9928127464238812,400,23.46481481481481
187200255,source,Competition & Change,1024-5294,E,,0.9898512184956333,401,150.0
82880672,institution,Beihang University,,,CN,0.9898297774657958,402,70.73540022069433
2876017,source,Journal of Banking & Finance,0378-4266,E,,0.9892315408793924,403,887.0
75951250,institution,Freie Universität Berlin,,,DE,0.988913997265345,404,56.30209549437491
859038795,institution,Virginia Tech,,,US,0.9874503539781471,405,76.52837810337809
159176309,institution,Universität Hamburg,,,DE,0.9868450887224895,406,143.94458042541027
175672440,source,Regional Studies,0034-3404,E,,0.9867233297134074,407,739.0
71422933,institution,Sheffield Hallam University,,,GB,0.9862696692957922,408,12.833333333333332
3416249,source,Review of Industrial Organization,0889-938X,E,,0.9848093782559769,409,209.0
99606308,source,Economic Policy,0266-4658,E,,0.9822300473385114,410,137.0
36399199,institution,Nanjing University of Science and Technology,,,CN,0.9820448183172796,411,47.672817460317454
184446198,source,Journal of Public Economic Theory,1097-3923,E,,0.981585427508323,412,225.0
47251452,institution,Wake Forest University,,,US,0.9811297150275181,413,18.8
160393188,source,Journal of the Japanese and International Economies,0889-1583,E,,0.9800287112606009,414,94.0
108845946,source,Economica,0013-0427,E,,0.9772692629172588,415,188.0
197323543,institution,Johannes Gutenberg University Mainz,,,DE,0.9757616595774001,416,17.890018315018317
2799858192,institution,London School of Business and Management,,,GB,0.9745206526017419,417,10.78095238095238
92565720,source,Oxford Bulletin of Economics and Statistics,0305-9049,E,,0.9744129253439958,418,238.0
83558840,institution,Universidade Nova de Lisboa,,,PT,0.9739542506943091,419,79.67095265845266
1294671590,institution,Centre National de la Recherche Scientifique,,,FR,0.9719222045139764,420,240.8273984163034
172675005,institution,Nanyang Technological University,,,SG,0.9713942439957373,421,73.8625
4210158000,institution,ILMA University,,,PK,0.9712132207795162,422,12.944365079365081
184558857,institution,Royal Holloway University of London,,,GB,0.9682809501680254,423,52.0734126984127
52333995,source,Journal of Economic Methodology,1350-178X,E,,0.9661651363959559,424,129.0
117965899,institution,University of Hawaiʻi at Mānoa,,,US,0.9656950813582899,425,41.57867687867688
162096671,institution,Universidad de Los Andes,,,CO,0.9643819651861121,426,30.978571428571424
24306055,institution,Suffolk University,,,US,0.9623297028879679,427,12.75
180825142,institution,"City, University of London",,,GB,0.9607028836251938,428,68.35896464646464
219193219,institution,Purdue University West Lafayette,,,US,0.9586011537041453,429,123.78531746031749
154425047,institution,University of Alberta,,,CA,0.9585610897265204,430,113.67191974691973
118347636,institution,Australian National University,,,AU,0.9545021414962601,431,344.12099059966715
16337185,institution,University of Sannio,,,IT,0.9536874757812696,432,14.641666666666666
185071736,institution,Chapman University,,,US,0.9535994668864176,433,60.38575036075035
138006243,institution,University of Arizona,,,US,0.9521233885079018,434,131.03796342546343
165779595,institution,University of Melbourne,,,AU,0.9489750944768114,435,276.5033709216094
172828483,institution,University of Sri Jayewardenepura,,,LK,0.9484943874130701,436,6.13154761904762
99043593,institution,Macquarie University,,,AU,0.9472409894857025,437,138.74331592320723
101788309,source,Papers of the Regional Science Association,1056-8190,E,,0.9459199080718522,438,238.0
8087733,institution,University of Tübingen,,,DE,0.944306816653233,439,47.98013375513375
96120398,institution,De Nederlandsche Bank,,,NL,0.9401508373743183,440,32.227525252525254
87209429,source,Journal of Benefit-Cost Analysis,2152-2812,E,,0.9396702664863628,441,104.0
165799507,institution,Rensselaer Polytechnic Institute,,,US,0.9379713652564404,442,22.769444444444442
74801974,institution,The University of Tokyo,,,JP,0.9316643442105865,443,183.63160866910863
84027002,institution,Leeds Beckett University,,,GB,0.9310614777484234,444,19.36834733893557
198089087,institution,Ball State University,,,US,0.9310041881648958,445,18.115079365079364
13955877,institution,Bar-Ilan University,,,IL,0.92798782656829,446,34.896230158730155
4210166444,institution,Institut de Recherche pour le Développement,,,FR,0.9265959255500241,447,15.561718596140862
100134864,source,European Journal of Political Economy,0176-2680,E,,0.9248371546627553,448,430.0
119003972,institution,Roma Tre University,,,IT,0.9247419016451809,449,105.61111111111113
132053463,institution,Université Libre de Bruxelles,,,BE,0.9245980587489233,450,58.58834325396827
150744194,institution,Waseda University,,,JP,0.9241839247692827,451,118.99642857142857
181647926,institution,University of Strathclyde,,,GB,0.9224500817103011,452,79.24531402102636
125839683,institution,Beijing Institute of Technology,,,CN,0.9209391874276257,453,120.84946322196322
84884186,institution,Newcastle University,,,GB,0.9175207215107776,454,91.93959142709141
114017466,institution,University of Technology Sydney,,,AU,0.9174862496150874,455,137.72292607622
67103694,source,Cambridge Journal of Economics,0309-166X,E,,0.9161565248650102,456,203.0
124357947,institution,University of London,,,GB,0.915913730055049,457,33.739484126984124
133837150,institution,University of Huddersfield,,,GB,0.9140282671794966,458,23.570075757575758
191208505,institution,Xiamen University,,,CN,0.9134413177858378,459,252.06737429237427
157394403,institution,Baylor University,,,US,0.913108953363668,460,25.575
4210136188,institution,European Corporate Governance Institute,,,BE,0.9127895254696873,461,8.355555555555556
12093191,institution,University of Stirling,,,GB,0.9124127647068706,462,44.75633116883116
5085271,institution,Hanken School of Economics,,,FI,0.9109236211216141,463,19.33809523809524
4210096112,institution,Rutgers Sexual and Reproductive Health and Rights,,,NL,0.9094050445217634,464,14.427777777777779
201448701,institution,University of Washington,,,US,0.9073082409239273,465,181.555301533978
98635879,institution,American University of Beirut,,,LB,0.9070236820665234,466,22.509920634920633
71052956,institution,University of Reading,,,GB,0.9068930533467205,467,85.04434176934177
114832834,institution,Tulane University,,,US,0.9065178757919966,468,63.15046342546343
98251732,institution,McMaster University,,,CA,0.9041910382350278,469,102.56106671106672
90267481,institution,Umeå University,,,SE,0.9018964263894155,470,53.372059884559874
129774422,institution,University of Vienna,,,AT,0.8995045164476788,471,87.89665930474753
136211407,source,Ecological Economics,0921-8009,E,,0.8980161040988438,472,1203.0
56934997,institution,Changsha University of Science and Technology,,,CN,0.8936801649503315,473,38.35530303030303
43439940,institution,University of Southampton,,,GB,0.8936038890485762,474,90.70380952380953
94658018,institution,University of Memphis,,,US,0.892525164259425,475,17.382539682539683
93860229,institution,Politecnico di Milano,,,IT,0.8910823636880715,476,113.53938492063492
34771391,institution,University of Cyprus,,,CY,0.8896898522637311,477,39.46369047619048
56435720,institution,Université Paris Dauphine-PSL,,,FR,0.8891513778010326,478,51.22926841676843
111428342,institution,Hitotsubashi University,,,JP,0.8875487919086887,479,113.77202380952379
57201433,institution,Università della Svizzera italiana,,,CH,0.8850119913251019,480,24.27777777777778
65528657,source,Journal of Regional Science,0022-4146,E,,0.8846847109679226,481,219.0
16269868,institution,Santa Clara University,,,US,0.8844321133421136,482,26.46111111111111
166825849,institution,Tampere University,,,FI,0.8841463229801427,483,21.512143339117024
139660479,institution,Central South University,,,CN,0.8831501518088279,484,161.72719132719132
206312523,source,Journal of Cultural Economy,1753-0350,E,,0.8821301154477705,485,299.0
194028371,institution,University of Regina,,,CA,0.8813610988461336,486,22.300793650793647
14568501,source,Review of Social Economy,0034-6764,E,,0.8806191952906391,487,97.0
186903577,institution,University of Luxembourg,,,LU,0.8794441115562986,488,63.103571428571435
113456305,institution,Leuphana University of Lüneburg,,,DE,0.8764863938648543,489,29.256818181818183
60158472,institution,Concordia University,,,CA,0.8740317561908568,490,34.00753968253969
169381384,institution,University of Groningen,,,NL,0.8714447485627334,491,224.81138249005897
39422238,institution,University of Illinois Chicago,,,US,0.8713821007911243,492,99.89821935311065
1335884394,institution,Economic Research Service,,,US,0.8693498826733944,493,79.39404761904763
213512949,institution,T A Pai Management Institute,,,IN,0.8690838576982521,494,5.558333333333334
186143895,institution,Lehigh University,,,US,0.867410765026686,495,21.083333333333336
149704539,institution,Deakin University,,,AU,0.8658403590319593,496,105.56574481949482
173911158,institution,Iowa State University,,,US,0.8652438843029412,497,75.50442612942612
60668342,institution,University of Regensburg,,,DE,0.8641798275814488,498,45.64796037296037
884043246,institution,Hamburg University of Technology,,,DE,0.861064694846115,499,2.9875
32361082,source,European Review of Agricultural Economics,0165-1587,E,,0.8609154886696756,500,185.0
20231570,institution,Peking University,,,CN,0.8583164901993666,501,459.3901001776002
81020251,institution,Great Lakes Institute of Management,,,IN,0.8567878495418405,502,5.3500000000000005
177969490,institution,University of Southern Denmark,,,DK,0.853176534411667,503,81.67388444888444
9360294,institution,University of Bologna,,,IT,0.8526645102826947,504,211.8266690009337
201384688,institution,National University of Computer and Emerging Sciences,,,PK,0.8526192864090725,505,7.258333333333333
99464096,institution,KU Leuven,,,BE,0.8518698694485798,506,212.31739683528474
53592917,institution,Jiangxi Normal University,,,CN,0.8513085725539198,507,23.288425925925928
49327401,source,Journal of Sports Economics,1527-0025,E,,0.8512174160526781,508,179.0
121797337,institution,Leiden University,,,NL,0.8511061578775202,509,37.95082972582973
8606887,institution,Grand Valley State University,,,US,0.8508637238305722,510,9.991666666666665
134988049,source,Econometric Reviews,0747-4938,E,,0.850522016987597,511,181.0
176453806,institution,University of Potsdam,,,DE,0.8504065481451044,512,20.766944444444444
4210186350,source,Journal of Competition Law & Economics,1744-6414,E,,0.8475900176343776,513,33.0
39343248,institution,Humboldt-Universität zu Berlin,,,DE,0.8469491878172118,514,77.41207024184965
175759345,source,Economic Development Quarterly,0891-2424,E,,0.844882589620699,515,114.0
162290304,institution,Scuola Superiore Sant'Anna,,,IT,0.8433759524835652,516,79.64694444444444
140172145,institution,University of Connecticut,,,US,0.8421459255189948,517,92.36819291819292
2735890421,source,The World Bank Economic Review,0258-6770,E,,0.8409794886141074,518,159.0
209991678,institution,Maastricht School of Management,,,NL,0.8365830360881223,519,9.605555555555556
183935753,institution,King's College London,,,GB,0.8347603403878178,520,162.1141217116217
171543936,institution,Free University of Bozen-Bolzano,,,IT,0.8330202083881401,521,32.82142857142857
4210162190,institution,"China University of Petroleum, East China",,,CN,0.8328360080569962,522,26.222186147186147
55521800,institution,Goldsmiths University of London,,,GB,0.8320799804529101,523,41.77777777777777
90259746,institution,Capital University of Economics and Business,,,CN,0.8312883164926436,524,134.51551226551226
14500998,institution,International University of Monaco,,,MC,0.8304914757185022,525,3.3778344671201816
33434090,institution,University of Massachusetts Boston,,,US,0.828142586490489,526,28.749603174603173
95013407,institution,Universidad Pablo de Olavide,,,ES,0.8273715576437655,527,50.1634370015949
181727666,institution,University of Economics Ho Chi Minh City,,,VN,0.8272450919596025,528,164.78205734197152
182651638,source,Economic Systems Research,0953-5314,E,,0.8271250128712762,529,117.0
13511017,institution,Texas State University,,,US,0.8265279764500602,530,19.395833333333332
40434647,institution,Université Paris Nanterre,,,FR,0.8255507179089628,531,26.14503968253968
159948400,institution,Jinan University,,,CN,0.8241500126232798,532,181.73290043290044
71637028,institution,University of Brighton,,,GB,0.8236710894557224,533,14.035353535353536
141184754,source,Economic Modelling,0264-9993,E,,0.8235915990057912,534,1338.0
57862637,source,Journal of Housing Economics,1051-1377,E,,0.8210425704997898,535,145.0
99067594,source,Journal of Industrial Economics,0022-1821,E,,0.819757242707078,536,149.0
111236770,institution,University of Vermont,,,US,0.8192543327236564,537,37.66991769271181
206615888,source,Economic Inquiry,0095-2583,E,,0.817556720513705,538,334.0
88155538,institution,Universidad de Navarra,,,ES,0.8174830792121105,539,42.717777777777776
196829312,institution,La Trobe University,,,AU,0.8168157325293481,540,42.92797619047619
151404345,source,Journal of Post Keynesian Economics,0160-3477,E,,0.8167245405792588,541,17.0
51601045,institution,University of Bath,,,GB,0.8151043966784154,542,71.92123015873017
881766915,institution,Nanjing University,,,CN,0.8135834105375062,543,85.42261650386648
1315541505,institution,Austrian Institute of Economic Research,,,AT,0.8111577199829664,544,38.519733044733044
51195161,institution,École de management de Lyon,,,FR,0.811044882325532,545,23.498595848595848
138847295,institution,Universitat Oberta de Catalunya,,,ES,0.8106933250874255,546,8.894444444444446
78650965,institution,TU Dresden,,,DE,0.8076024538082228,547,30.077103452103458
22265921,institution,National Central University,,,TW,0.8062231534826054,548,33.91369047619048
47301684,institution,Illinois State University,,,US,0.8054571819328628,549,39.25
4210131537,institution,Montpellier Business School,,,FR,0.8030874009068902,550,39.02222222222222
62318514,institution,University of Duisburg-Essen,,,DE,0.7998316144562476,551,83.46515151515152
2801014300,institution,Florida Gulf Coast University,,,US,0.7993674005048365,552,17.03859649122807
2800387288,institution,European Commission,,,BE,0.7978083350540788,553,64.54441946941947
4210143550,institution,Taylor's University,,,MY,0.7947194883575738,554,19.91428571428571
24943067,institution,Fudan University,,,CN,0.7942985770988266,555,266.43212569837567
145872427,institution,Radboud University Nijmegen,,,NL,0.7920462751917784,556,48.61590021693282
161548249,institution,Bangor University,,,GB,0.7919508387666848,557,20.838979076479077
149213910,institution,University of Antwerp,,,BE,0.7917958519218116,558,60.08308080808081
169335092,institution,University of North Carolina at Greensboro,,,US,0.7886190154871917,559,21.833333333333332
1314466530,institution,Tokai University,,,JP,0.7877803519969149,560,23.684523809523803
1289910757,institution,NEOMA Business School,,,FR,0.7860784584482603,561,30.599999999999998
129604602,institution,University of Sydney,,,AU,0.785613982702613,562,241.94126723068536
62916508,institution,Technical University of Munich,,,DE,0.7855425706778665,563,72.23460101989515
430192,institution,Appalachian State University,,,US,0.7848600462619352,564,36.62976190476191
126231945,institution,Queen's University Belfast,,,GB,0.7831926410909107,565,69.18616239425063
864998749,institution,National Institute of Industrial Engineering,,,IN,0.7808504680789476,566,7.083333333333333
148128674,institution,University of Shanghai for Science and Technology,,,CN,0.7804677063005452,567,26.371031746031743
193524592,institution,Tianjin University of Finance and Economics,,,CN,0.7802452384295273,568,30.02385620915032
194514787,source,Applied Health Economics and Health Policy,1175-5652,E,,0.780222820112631,569,291.0
4210091279,institution,Université Sorbonne Paris Nord,,,FR,0.7800731693018724,570,24.65849206349206
184983240,institution,Northeast Normal University,,,CN,0.7792573690158892,571,27.675625763125765
129650269,source,Open Economies Review,0923-7992,E,,0.7792214961183892,572,189.0
174413665,source,Review of Income and Wealth,0034-6586,E,,0.777083364572371,573,199.0
4210165038,institution,University of Chinese Academy of Sciences,,,CN,0.7757108488988255,574,103.04528621841122
100191712,institution,Pepperdine University,,,US,0.7756528760873433,575,11.783333333333333
158248296,institution,Amirkabir University of Technology,,,IR,0.7754324427788565,576,19.195833333333333
179225836,institution,University of Augsburg,,,DE,0.7732313794601555,577,17.487301587301587
43406934,institution,Université Laval,,,CA,0.7728431087254195,578,70.67297286047287
181679659,institution,Shanghai University of Finance and Economics,,,CN,0.7720640825130809,579,278.78055555555545
130828816,institution,University of Leeds,,,GB,0.7704843975125538,580,145.31959850606904
191240316,institution,University of Hull,,,GB,0.7690927509243569,581,19.400504075504074
4210209722,source,Asian Economic Papers,1535-3516,E,,0.7667199256924215,582,80.0
174731842,institution,Islamia University of Bahawalpur,,,PK,0.7665863246431279,583,10.936616161616163
165058066,source,Resource and Energy Economics,0928-7655,E,,0.7662345665414126,584,156.0
138689650,institution,University of Padua,,,IT,0.7662107115760288,585,111.37834145021644
58956616,institution,Case Western Reserve University,,,US,0.7660885390511144,586,13.056186868686867
181188550,institution,Bank of Finland,,,FI,0.7660677186214729,587,26.56666666666667
116292333,institution,National Graduate Institute for Policy Studies,,,JP,0.7644951247458727,588,45.44166666666666
21491767,institution,Aix-Marseille Université,,,FR,0.7636202227043271,589,76.97441142191143
127591826,institution,University of Dayton,,,US,0.7620460112699808,590,10.027777777777777
116067653,institution,University of Rome Tor Vergata,,,IT,0.7610971155406085,591,127.78307387057387
149285975,source,Land Economics,0023-7639,E,,0.7606591662324286,592,248.0
128956969,institution,Texas Christian University,,,US,0.7601717065633912,593,19.833333333333336
195939026,institution,Glasgow Caledonian University,,,GB,0.7600757680999454,594,15.182088744588743
81022070,source,Journal of Policy Modeling,0161-8938,E,,0.7598409540723361,595,290.0
54108979,institution,Norwegian University of Life Sciences,,,NO,0.7592507263646432,596,38.74702933942064
8692664,institution,University of Oklahoma,,,US,0.7590181651614157,597,48.66736874236874
181418319,institution,SKEMA Business School,,,FR,0.7582246553307244,598,19.575
120691247,institution,University of Hagen,,,DE,0.7580459357319563,599,44.199999999999996
904495901,institution,Ruhr University Bochum,,,DE,0.7578314936668364,600,50.270039682539675
170658231,institution,Osnabrück University,,,DE,0.7565982290444945,601,20.830191050779284
15766117,institution,University of Graz,,,AT,0.7563567518085605,602,63.35477410661235
102179633,institution,New School,,,US,0.7553795387185636,603,53.74920634920635
25112270,institution,Universidade Federal de Pernambuco,,,BR,0.7533099315230397,604,38.064718614718615
27963644,institution,HHL Leipzig Graduate School of Management,,,DE,0.7520593788046321,605,12.25
165492527,source,The Economic History Review,0013-0117,E,,0.7512833309505014,606,385.0
202934171,source,Journal of Mathematical Economics,0304-4068,E,,0.751178101657521,607,354.0
184840846,institution,Virginia Commonwealth University,,,US,0.750706928999647,608,39.66198801198801
12315562,institution,Texas Tech University,,,US,0.7505442907127962,609,105.74404761904762
150314799,institution,International Food Policy Research Institute,,,US,0.7503728801702135,610,66.58988095238095
169199633,institution,Aston University,,,GB,0.7499092202133942,611,30.3047619047619
146563203,institution,University of International Business and Economics,,,CN,0.7475811169194808,612,287.65175518925514
861853513,institution,Sapienza University of Rome,,,IT,0.7444253651290017,613,225.0079365079365
110079840,institution,University of Hohenheim,,,DE,0.7424791809710763,614,61.42196275946276
2898363556,source,Econometrics and Statistics,2452-3062,E,,0.7418464662688548,615,229.0
155043079,institution,University of Nottingham Malaysia Campus,,,MY,0.740934139122949,616,20.205952380952386
2764690196,source,Journal of Choice Modelling,1755-5345,E,,0.7405604786241162,617,146.0
65644108,institution,Adam Smith Institute,,,GB,0.7404213770986582,618,32.306481481481484
169108374,institution,University of the Basque Country,,,ES,0.7393806957816308,619,109.0214466089466
52977244,institution,Insper,,,BR,0.7385518982584525,620,37.37222222222223
3124059619,institution,China University of Geosciences,,,CN,0.7339328186639579,621,65.31853618603617
56067802,institution,Université de Rennes,,,FR,0.7335153654863545,622,13.255026053381318
201324441,institution,University of Ferrara,,,IT,0.7332775336602629,623,39.15233134920635
89864525,institution,Universität Trier,,,DE,0.7326046794591125,624,34.28869047619047
200650556,institution,University of Agder,,,NO,0.731022440751507,625,11.3765873015873
167074060,source,Tijdschrift voor Economische en Sociale Geografie,0040-747X,E,,0.7268095064812671,626,204.0
176795851,source,Journal of Macroeconomics,0164-0704,E,,0.7257237419333681,627,209.0
197809005,institution,"University of Campania ""Luigi Vanvitelli""",,,IT,0.7252044958235794,628,20.052777777777774
107325288,source,Social Choice and Welfare,0176-1714,E,,0.7249932302372357,629,297.0
39804081,institution,Sorbonne Université,,,FR,0.7244745545006239,630,23.971269588111692
76440981,source,Canadian Journal of Economics/Revue canadienne d économique,0008-4085,E,,0.7240890465130538,631,240.0
9842412,institution,Nanjing University of Aeronautics and Astronautics,,,CN,0.7238620937620845,632,71.52182539682539
45372229,source,World Economy,0378-5920,E,,0.7238244631793582,633,603.0
114457229,institution,University of Geneva,,,CH,0.7236305191900799,634,59.49642857142858
4800084,institution,Southwest Jiaotong University,,,CN,0.7229726810599194,635,65.44087301587301
4210099530,institution,IPAG Business School,,,FR,0.7223489614195012,636,34.41626984126984
54467454,source,International Environmental Agreements Politics Law and Economics,1567-9764,E,,0.7221428455234953,637,155.0
2801380234,institution,University of South-Eastern Norway,,,NO,0.721300838085543,638,10.583333333333332
78988378,institution,Renmin University of China,,,CN,0.7208798556753441,639,366.90265151515143
206895457,institution,University of Siegen,,,DE,0.7193824168954727,640,23.402777777777775
201731998,source,Local Economy The Journal of the Local Economy Policy Unit,0269-0942,E,,0.7193573225887815,641,173.0
60559429,institution,Nazarbayev University,,,KZ,0.7189003967205388,642,26.091666666666665
2610724,institution,Chemnitz University of Technology,,,DE,0.7183794716688416,643,16.319444444444443
177721651,institution,Oakland University,,,US,0.7163744516762663,644,19.238888888888887
28166907,institution,Karolinska Institutet,,,SE,0.7160142657891505,645,29.13531012888771
128223704,source,Economics and Philosophy,0266-2671,E,,0.7154942712830448,646,139.0
94616838,institution,Jönköping University,,,SE,0.7103631304479742,647,30.01111111111111
178169726,institution,Southern Methodist University,,,US,0.7101028685434482,648,48.44404761904762
900890020,institution,University of Palermo,,,IT,0.7098883187528786,649,73.03310877930446
125768316,institution,Northampton Community College,,,US,0.7096754436120125,650,56.591666666666654
891191580,institution,Aalborg University,,,DK,0.7096014141058181,651,62.05228937728938
206777745,institution,Nanjing Audit University,,,CN,0.708631938183434,652,79.14980158730157
157674565,institution,University of Liège,,,BE,0.7084069161474176,653,36.23208180708181
162577319,institution,The University of Texas at Dallas,,,US,0.7081072707488301,654,39.31666666666666
107707843,institution,Roskilde University,,,DK,0.7076332947919208,655,15.283333333333333
161046081,institution,University of Freiburg,,,DE,0.7053601003180601,656,45.29655407394538
16530434,source,The European Journal of Health Economics,1618-7598,E,,0.7045188848828359,657,481.0
83328450,institution,Miami University,,,US,0.7042799612307034,658,33.49999999999999
98358874,institution,Delft University of Technology,,,NL,0.7037212825619302,659,53.830891330891326
200332995,institution,TU Dortmund University,,,DE,0.703493267048578,660,38.19108946608947
16609230,institution,Hunan University,,,CN,0.7028357029541878,661,188.0426767676767
181827316,institution,Université Catholique de Lille,,,FR,0.7026161132333625,662,12.153968253968255
185930956,source,Contemporary Economic Policy,1074-3529,E,,0.7003703523285829,663,168.0
251738,institution,Edinburgh Napier University,,,GB,0.6967431080275387,664,10.257226107226106
90727586,institution,Zhejiang University of Finance and Economics,,,CN,0.6964344772328821,665,132.61051587301588
4210166741,institution,University of Klagenfurt,,,AT,0.6953563795331793,666,18.075396825396826
170172562,institution,Guizhou University of Finance and Economics,,,CN,0.6948292827630974,667,29.576190476190476
114112103,institution,Leibniz University Hannover,,,DE,0.6942750452537015,668,79.93059163059164
2764655866,source,Review of Keynesian Economics,2049-5323,E,,0.6939466891378702,669,143.0
177877127,institution,University of Western Australia,,,AU,0.6939261075681865,670,135.48820686184817
195024194,institution,Riphah International University,,,PK,0.6918428414426898,671,4.1492424242424235
194348271,institution,"Government College University, Faisalabad",,,PK,0.6912277509383348,672,12.991702741702742
16296580,source,Southern Economic Journal,0038-4038,E,,0.6910716542598987,673,239.0
221716585,institution,The University of Texas at Tyler,,,US,0.6910430574401653,674,7.625
170239107,institution,University of South Australia,,,AU,0.6896344218362385,675,40.121266233766235
51077184,institution,Saint Joseph's University,,,US,0.6877730205292611,676,7.6726190476190474
118353179,institution,DePaul University,,,US,0.6872581726683613,677,16.833333333333332
128649747,institution,Libera Università Maria SS. Assunta,,,IT,0.6849849835694078,678,22.52777777777778
9300472,institution,Bournemouth University,,,GB,0.6848098147675474,679,14.778571428571427
26772273,source,Climate Change Economics,2010-0078,E,,0.6847899373199249,680,111.0
146613903,institution,Shanghai Lixin University of Accounting and Finance,,,CN,0.6845205403537017,681,37.41944444444445
182689569,source,Quantitative Finance,1469-7688,E,,0.6842807640301412,682,472.0
2802166871,institution,Universidad Católica del Norte,,,CL,0.6842547350284856,683,25.14444444444444
122534668,institution,Marche Polytechnic University,,,IT,0.6832061077134425,684,83.04486087583915
83809506,institution,University of South Alabama,,,US,0.6827862114168383,685,10.591666666666665
124227911,institution,Ben-Gurion University of the Negev,,,IL,0.6825471201196885,686,61.06639492753623
19645890,source,China Economic Review,1043-951X,E,,0.6810387604047098,687,625.0
204291657,institution,Hosei University,,,JP,0.6789530091693936,688,34.71666666666666
158934434,institution,Zhongnan University of Economics and Law,,,CN,0.6789351287012735,689,263.0575396825397
67638930,source,Structural Change and Economic Dynamics,0954-349X,E,,0.6768535475748952,690,616.0
212119943,institution,University of Victoria,,,CA,0.6760638595827284,691,36.141907979407975
92834545,institution,École Supérieure de Commerce de Rennes,,,FR,0.6759379740795344,692,24.225396825396825
2764393121,source,The American Economist,0569-4345,E,,0.6754234090010668,693,82.0
105454292,institution,Guru Gobind Singh Indraprastha University,,,IN,0.6749790324279316,694,11.05833333333333
19820366,institution,Chinese Academy of Sciences,,,CN,0.6746015228878101,695,193.51371015558513
211433327,institution,Ministry of Natural Resources,,,CN,0.6726180817934118,696,18.59192104192104
155093810,institution,University of Idaho,,,US,0.672232391467432,697,31.573214285714286
4210088668,institution,"Institut National de Recherche pour l'Agriculture, l'Alimentation et l'Environnement",,,FR,0.671703101055998,698,79.24252874602995
56007636,institution,Keele University,,,GB,0.6716142390660464,699,13.127766106442577
19894307,institution,Université de Montpellier,,,FR,0.6705668901393751,700,39.24826894394122
155781252,institution,University of South Carolina,,,US,0.6701036645873705,701,63.50351037851037
84339108,institution,Sunway University,,,MY,0.6674379282996205,702,20.14642857142857
149461666,institution,Ca' Foscari University of Venice,,,IT,0.6664256799547774,703,78.8000933706816
68666633,institution,Grenoble Ecole de Management,,,FR,0.6664254696030693,704,23.14722222222222
108290504,institution,University of Pisa,,,IT,0.6661961982526443,705,85.5099111414901
15356059,source,Review of Political Economy,0953-8259,E,,0.6652516377556618,706,365.0
80281795,institution,University of Otago,,,NZ,0.6650461523323854,707,92.68831953071083
131729948,institution,University of Salerno,,,IT,0.6646277889774941,708,83.01556447938029
156216236,institution,Qassim University,,,SA,0.6641400719473385,709,24.992929292929297
7882870,institution,University of Glasgow,,,GB,0.6637741507834857,710,98.98172198172198
63341726,institution,Université du Québec à Trois-Rivières,,,CA,0.6626654002440792,711,2.9594444444444448
32062511,institution,Heriot-Watt University,,,GB,0.6617894179581457,712,27.94479743718874
913481162,institution,Wageningen University & Research,,,NL,0.6616659657695835,713,125.67540263444992
71495548,institution,Indian Institute of Management Calcutta,,,IN,0.6608254064803826,714,15.783333333333333
126345244,institution,Portland State University,,,US,0.6608224265232956,715,22.519444444444442
189590672,institution,Kansas State University,,,US,0.6587364749694058,716,68.46130952380953
188771183,institution,Iqra University,,,PK,0.6583894955671249,717,28.398809523809522
2799600557,institution,Japan External Trade Organization,,,JP,0.6563020614900579,718,60.16527777777777
899713450,institution,Air University,,,PK,0.6552424083287958,719,14.869444444444445
162714631,institution,George Mason University,,,US,0.6551765641503566,720,239.97592592592594
27577105,institution,University College Cork,,,IE,0.6551654511355218,721,50.91969343292871
99041443,institution,Mississippi State University,,,US,0.6528953191375133,722,35.36004273504273
205237279,institution,Nankai University,,,CN,0.651730253156429,723,147.1730158730159
51216347,institution,Anglia Ruskin University,,,GB,0.6517280679304162,724,11.158333333333331
106157433,institution,University of Kassel,,,DE,0.6507366401651367,725,32.99873015873016
132806614,institution,University of Dubai,,,AE,0.6503216886532873,726,6.717676767676768
4210149577,institution,ESCP Business School,,,FR,0.6501917292971914,727,8.022222222222222
66862912,institution,Chalmers University of Technology,,,SE,0.6487391706413793,728,11.771825396825397
154338468,institution,University of Fribourg,,,CH,0.647869386539669,729,30.43333333333333
204831749,institution,Southwestern University of Finance and Economics,,,CN,0.6475663215179778,730,304.16190476190474
204730241,institution,Université Paris Cité,,,FR,0.6457319666363517,731,49.76732553422956
98285908,institution,Osaka University,,,JP,0.6447631915976707,732,37.722588522588524
5593406,institution,Universitat Ramon Llull,,,ES,0.6447439838963771,733,16.649999999999995
153648349,institution,University of Leicester,,,GB,0.6423395464776104,734,60.37911255411256
160993911,institution,Queensland University of Technology,,,AU,0.6411234655627686,735,86.5795634920635
32394136,institution,Northumbria University,,,GB,0.6405316020498758,736,42.63611111111111
57913696,institution,Istanbul Medeniyet University,,,TR,0.6396339187392331,737,27.024603174603172
135598925,institution,Kyushu University,,,JP,0.6389064831871105,738,72.86776556776557
84392919,institution,Temple University,,,US,0.6386447172984829,739,33.025865800865795
198244214,institution,Université Clermont Auvergne,,,FR,0.6378599167448948,740,18.66969336219336
57664883,institution,Ajou University,,,KR,0.6373542844617974,741,15.05238095238095
118501908,institution,National Research University Higher School of Economics,,,RU,0.6368128556571506,742,177.89880952380952
187400657,institution,South China Normal University,,,CN,0.6367190409828091,743,42.085317460317455
4210146410,institution,Science Oxford,,,GB,0.6364843786870165,744,12.706878306878304
115475287,institution,Oklahoma State University,,,US,0.6363397599156343,745,68.88046536796537
21193070,institution,Beijing Jiaotong University,,,CN,0.6358239823162248,746,35.07857142857143
45084792,institution,University of Florence,,,IT,0.6351310072038239,747,85.93414384528516
47605537,institution,The Hang Seng University of Hong Kong,,,CN,0.6339947332788243,748,9.784960317460317
67415387,institution,Lancaster University,,,GB,0.6336639396187209,749,84.84682539682541
25757504,institution,China University of Mining and Technology,,,CN,0.6325135673193555,750,89.26522967772969
143593769,institution,East China University of Science and Technology,,,CN,0.6293422498566347,751,70.90343822843823
7161550,source,Spatial Economic Analysis,1742-1772,E,,0.6270808971464421,752,130.0
4210099437,institution,Hubei University Of Economics,,,CN,0.626931123915717,753,23.250000000000004
102064193,institution,University of Siena,,,IT,0.6252590847316739,754,86.55380591630592
130194489,institution,University of Alicante,,,ES,0.6248362448313702,755,60.39646464646464
55060895,institution,University of Greenwich,,,GB,0.6244577191774099,756,32.75555555555555
43579087,institution,University of Wisconsin–Milwaukee,,,US,0.6242891635828037,757,58.824999999999996
44925452,institution,Özyeğin University,,,TR,0.6232250392642011,758,9.783333333333331
201799495,institution,Middle East Technical University,,,TR,0.6230568905568691,759,26.300184537684533
26771391,institution,Jaipuria Institute of Management,,,IN,0.6226895918089438,760,11.855555555555556
99682543,institution,University of Minho,,,PT,0.6218819016848772,761,51.111544011544005
100532134,institution,Université Claude Bernard Lyon 1,,,FR,0.6216242513823975,762,32.854876836126834
174878644,institution,University of Patras,,,GR,0.6204187439028657,763,59.94325396825396
293362453,institution,Polytechnic Institute of Coimbra,,,PT,0.6194152287659626,764,4.849817747611866
82262387,source,Journal of Information Systems,0888-7985,E,,0.6190227645665272,765,113.0
5561750,institution,University of Bari Aldo Moro,,,IT,0.6182809966919591,766,61.83252531781944
17301866,institution,University of Alabama,,,US,0.617616850504729,767,48.31448412698413
4210121459,institution,Pôle Universitaire Léonard de Vinci,,,FR,0.6175332047025872,768,11.41527777777778
48661868,source,China & World Economy,1671-2234,E,,0.6164635673480992,769,211.0
200838492,source,Manchester School,1463-6786,E,,0.6156324735263616,770,155.0
2739393555,source,Journal of Agricultural and Applied Economics,1074-0708,E,,0.6151314874588055,771,151.0
145608581,institution,University of Miami,,,US,0.6148075393175386,772,35.244507752595986
22299242,institution,Kyoto University,,,JP,0.612662187493571,773,105.43396464646466
54459138,institution,University of Salford,,,GB,0.6125058700392267,774,6.769191919191918
161321875,institution,University of Beira Interior,,,PT,0.6120663233684014,775,47.79960317460316
42934936,institution,Dublin City University,,,IE,0.6112433754938873,776,29.857936507936504
31575130,institution,SOAS University of London,,,GB,0.6099814066633096,777,31.979166666666668
153473198,institution,North China Electric Power University,,,CN,0.6094416033540683,778,37.10711233211233
190397597,institution,University of Urbino,,,IT,0.6069440084516082,779,40.79444444444444
204823248,institution,Huazhong Agricultural University,,,CN,0.6063420936764466,780,80.63477273771628
91044093,institution,Zayed University,,,AE,0.605143687508201,781,35.3125
51504820,institution,San Jose State University,,,US,0.6050909846426082,782,5.728571428571429
3129629310,institution,Ho Chi Minh University of Banking,,,VN,0.6049012260862986,783,60.71527777777778
189158943,institution,University of Milan,,,IT,0.6041773447902516,784,105.26465455840454
686019,institution,AGH University of Krakow,,,PL,0.6030133599594605,785,29.206878306878306
205640436,institution,Curtin University,,,AU,0.6027132623149486,786,61.94486057638335
205274468,institution,Trinity College Dublin,,,IE,0.6026178630563129,787,94.59551998926999
25169866,institution,Universidade Católica Portuguesa,,,PT,0.6022929717722274,788,31.380555555555553
89652312,institution,Northwest A&F University,,,CN,0.6017048096658195,789,90.96532985383793
27357992,institution,Dalian University of Technology,,,CN,0.6010288608139341,790,66.42857142857144
905225518,institution,Shanghai University of International Business and Economics,,,CN,0.600342256292101,791,57.87837301587301
15057530,institution,Université de Bordeaux,,,FR,0.5999905495301733,792,49.82229016354017
3125743391,institution,China University of Geosciences (Beijing),,,CN,0.5998243553309479,793,47.16122835497836
103320735,institution,Università Cattolica del Sacro Cuore,,,IT,0.5987779337844074,794,124.39345084739823
90871651,institution,University of Toledo,,,US,0.5982022772587227,795,10.747076023391811
75381157,institution,Wilfrid Laurier University,,,CA,0.5979151048809339,796,39.53843101343101
149919469,institution,California Polytechnic State University,,,US,0.5975574991147956,797,21.189898989898992
48018076,institution,Christ University,,,IN,0.5939366239354164,798,32.425
205892228,institution,Berlin School of Economics and Law,,,DE,0.5923072511695576,799,46.67619047619047
181369854,institution,Friedrich-Alexander-Universität Erlangen-Nürnberg,,,DE,0.590331966706251,800,56.155555555555544
52170813,institution,Ariel University,,,IL,0.5895953731623375,801,17.80357142857143
98259816,institution,"Birkbeck, University of London",,,GB,0.588853473887872,802,42.89166666666667
184746854,institution,Lincoln University,,,NZ,0.5888455409557244,803,63.52480158730159
193223587,institution,University of Trento,,,IT,0.5882789650501478,804,79.10945767195767
170238339,institution,Duy Tan University,,,VN,0.5880263193154553,805,12.837806637806636
177097968,institution,University of Tennessee at Chattanooga,,,US,0.5871412586229517,806,10.566666666666666
146416000,institution,University of Kansas,,,US,0.585819627245184,807,48.981746031746034
87482320,institution,University of Management and Technology,,,PK,0.58426412089267,808,21.562337662337665
26092322,institution,Stellenbosch University,,,ZA,0.5841150616531986,809,69.14227994227994
74899385,institution,Central Queensland University,,,AU,0.583826480174101,810,10.57420634920635
183067930,institution,Shanghai Jiao Tong University,,,CN,0.5801341106898973,811,198.33791344820756
204136569,institution,The Open University,,,GB,0.5800283018403837,812,29.873611111111106
192056284,source,Economics of Innovation and New Technology,1043-8599,E,,0.5799085658730045,813,209.0
199440890,institution,American University of Sharjah,,,AE,0.5798183466333998,814,37.050000000000004
100066346,institution,University of Stuttgart,,,DE,0.5791923038278601,815,2.5277777777777777
79189158,institution,University of Castilla-La Mancha,,,ES,0.578834636101811,816,91.15833559142382
66867065,institution,East China Normal University,,,CN,0.5777805095430523,817,94.37840909090907
106296451,institution,University of Foggia,,,IT,0.5772161454145349,818,24.03705034645437
112862951,institution,University of Messina,,,IT,0.5771329642429103,819,36.03611111111111
11701301,institution,Griffith University,,,AU,0.5748501276245169,820,150.35331811600355
201841394,institution,Université Côte d'Azur,,,FR,0.5746427108122827,821,19.153246270637574
4210134189,institution,Xiamen University Malaysia,,,MY,0.5740052844774896,822,7.182647907647907
180437899,institution,University of Bremen,,,DE,0.5733992532962249,823,25.58712462462462
63772739,institution,Florida Atlantic University,,,US,0.5731435994596208,824,31.58611111111111
131249849,institution,Oregon State University,,,US,0.5730354628894075,825,45.2079365079365
186995768,institution,Università degli studi di Cassino e del Lazio Meridionale,,,IT,0.5730352631430288,826,17.828968253968256
2802331213,institution,Paris School of Business,,,FR,0.5725617358924817,827,34.42777777777778
2764850437,source,International Economics,2110-7017,E,,0.5718233752691427,828,235.0
530967,institution,Toronto Metropolitan University,,,CA,0.5717772154064065,829,48.18809523809523
201537933,institution,Tohoku University,,,JP,0.5698130587395697,830,73.66987734487735
96908189,institution,Xinjiang University,,,CN,0.5688181996289647,831,29.649933399933396
1925986,institution,Loyola University Chicago,,,US,0.5688070345627696,832,22.266666666666666
2736629167,source,Journal of Economic Structures,2193-2409,E,,0.5687928346140614,833,120.0
171812798,source,Metroeconomica,0026-1386,E,,0.5683451181569008,834,152.0
157614274,institution,University of Cape Town,,,ZA,0.5682646836229216,835,87.57415403224229
137867983,institution,Central University of Finance and Economics,,,CN,0.5679394844145822,836,248.19801587301592
162868743,institution,Tianjin University,,,CN,0.5674814362007495,837,165.192051004551
120125038,institution,Bond University,,,AU,0.5672852035871726,838,15.327380952380953
10902133,institution,Universitat Jaume I,,,ES,0.5669126661192915,839,57.7296783625731
71267560,institution,University of Naples Federico II,,,IT,0.5666176822498324,840,92.2581707132774
126936603,source,International Regional Science Review,0160-0176,E,,0.5642546746889766,841,110.0
196699116,institution,Wuhan University of Technology,,,CN,0.5642383636720627,842,41.71111666111666
155976169,institution,Witten/Herdecke University,,,DE,0.5641424880387662,843,9.320238095238096
150870154,institution,Indian Institute of Management Ahmedabad,,,IN,0.5638772364421953,844,39.925000000000004
13469542,institution,Vrije Universiteit Brussel,,,BE,0.5633819354461844,845,44.505208333333336
887968799,institution,RWTH Aachen University,,,DE,0.5632665949809291,846,21.415126948215185
160194987,source,Journal of Industry Competition and Trade,1566-1679,E,,0.5623457432531457,847,89.0
2803079837,institution,American University of the Middle East,,,KW,0.5613161912713178,848,10.649999999999999
25217355,institution,University of Pavia,,,IT,0.5610492426516223,849,38.57420634920636
206007305,source,Economic Systems,0939-3625,E,,0.5584207647587895,850,268.0
200763008,institution,University of Giessen,,,DE,0.5582690167001225,851,41.85003607503608
2279609970,institution,Université de Lille,,,FR,0.5573779947924412,852,49.48761676919571
191005381,source,Defence and Peace Economics,1024-2694,E,,0.5569806321606892,853,212.0
48566637,institution,Ulsan National Institute of Science and Technology,,,KR,0.5569492086813903,854,12.282738095238095
36178057,source,Economics Letters,0165-1765,E,,0.5552977494860752,855,1810.0
190632392,institution,Luleå University of Technology,,,SE,0.5551773106720743,856,24.280952380952385
5518804,institution,BRAC University,,,BD,0.5547988045827126,857,12.224801587301586
41156924,institution,Victoria University of Wellington,,,NZ,0.554709651486177,858,68.60628815628816
151746483,institution,University of Waterloo,,,CA,0.5541755416842852,859,96.89369725399135
55143463,institution,University of Turin,,,IT,0.5540962660135883,860,105.29553571428572
22128151,institution,University of Derby,,,GB,0.5540613169569365,861,17.866666666666667
184813773,institution,"California State University, East Bay",,,US,0.5539466922882488,862,6.666666666666666
68288478,institution,Sukkur IBA University,,,PK,0.5536005905317066,863,12.844444444444445
22248866,institution,AgroParisTech,,,FR,0.5534491678226859,864,13.765459097780528
200845125,institution,Nanjing University of Information Science and Technology,,,CN,0.5533029615345344,865,52.43710317460319
161127581,institution,Universidade Federal Fluminense,,,BR,0.5527304166166891,866,51.42967512967514
37802460,institution,Northwest University,,,CN,0.552580236414534,867,41.56916000666001
139264467,institution,Seoul National University,,,KR,0.5516952392894232,868,144.83351122058016
12449238,institution,Université d'Orléans,,,FR,0.5516685795072211,869,36.19007936507937
83816512,institution,University of Genoa,,,IT,0.5508739877333352,870,53.64831231570362
4306508649,source,Journal of Industrial and Business Economics,0391-2078,E,,0.5507771705826316,871,160.0
2898574612,source,Economic Analysis and Policy,0313-5926,E,,0.5492997525696096,872,1066.0
36893310,institution,University of Hyderabad,,,IN,0.5492027043272443,873,27.583333333333332
43313876,institution,Dalian Maritime University,,,CN,0.5484526245341302,874,29.041666666666664
133731052,institution,University of Helsinki,,,FI,0.5483819043955207,875,91.4333657878356
230495080,institution,University of Limerick,,,IE,0.5466121658709858,876,12.734523809523807
153230381,institution,Charles Sturt University,,,AU,0.5451896858700245,877,8.594047619047618
94624287,institution,University of Twente,,,NL,0.544993154984537,878,38.42440481631659
83776822,institution,Shandong Institute of Business and Technology,,,CN,0.5449118381881276,879,20.703968253968252
78715868,institution,University of Arkansas at Fayetteville,,,US,0.5426129125721124,880,44.46322751322751
113957626,source,International Journal of Political Economy,0891-1916,E,,0.5423198286726135,881,100.0
124601658,institution,University of Parma,,,IT,0.5420425375693382,882,22.907462045216118
102461120,institution,Marquette University,,,US,0.5418911623763392,883,26.35470085470085
277688954,institution,Université Paris-Saclay,,,FR,0.5417606324090136,884,44.509493656580126
129826125,institution,Södertörn University,,,SE,0.5413344828268556,885,9.194444444444445
166459259,institution,Shiraz University,,,IR,0.54096802023435,886,13.363492063492062
49185572,institution,Yunnan University of Finance And Economics,,,CN,0.5405414984132682,887,18.694047619047616
7863295,institution,Villanova University,,,US,0.5393115240831259,888,31.503968253968257
858936495,institution,ZHAW Zurich University of Applied Sciences,,,CH,0.538746913466236,889,13.088034188034186
119439378,institution,University of Verona,,,IT,0.5361377755714087,890,57.54920634920636
51158804,institution,Massey University,,,NZ,0.5360362544535718,891,65.12063492063491
172446870,institution,University of Cagliari,,,IT,0.5357630908770313,892,47.175000000000004
111277659,institution,Chonnam National University,,,KR,0.5352687027514541,893,34.34285714285715
110152177,institution,University of Akron,,,US,0.5342313805749319,894,15.499999999999998
39063666,institution,University of Catania,,,IT,0.533715534260749,895,60.78895502645502
188935350,institution,Anhui University of Finance and Economics,,,CN,0.5317373510683129,896,65.49702380952381
79940851,institution,University of Brescia,,,IT,0.5317290185549105,897,39.49570707070707
59289252,source,Intereconomics,0020-5346,E,,0.530972650685219,898,152.0
10052268,institution,New Mexico State University,,,US,0.5303418615003147,899,24.477380952380948
55990551,institution,University of Wollongong in Dubai,,,AE,0.5288174169746827,900,7.364682539682541
71783669,source,Review of International Economics,0965-7576,E,,0.5285251635549705,901,258.0
59944920,institution,Yaşar University,,,TR,0.5256587168887379,902,19.95
161103922,institution,Philipps University of Marburg,,,DE,0.5245165559527714,903,55.350980392156856
151201029,institution,Consejo Nacional de Investigaciones Científicas y Técnicas,,,AR,0.5240405275445396,904,66.83725035029383
26073974,source,Oxford Economic Papers,0030-7653,E,,0.5237173597497653,905,223.0
2764835697,source,Asian Development Review,0116-1105,E,,0.5235307268992588,906,83.0
185163786,institution,King Abdulaziz University,,,SA,0.5234333111772617,907,38.97666402225226
204778367,institution,Norwegian University of Science and Technology,,,NO,0.5229833283097901,908,95.34684620934621
14243506,institution,Hong Kong Polytechnic University,,,HK,0.5221872197736231,909,69.07658036408037
4210150398,institution,Hunan University of Finance and Economics,,,CN,0.5220969995719599,910,39.68452380952381
50441567,institution,Universitat de les Illes Balears,,,ES,0.5212632998942,911,44.67222222222222
157485424,institution,Korea Advanced Institute of Science and Technology,,,KR,0.5201095548260992,912,48.95436507936508
56306041,institution,Lebanese American University,,,LB,0.5194883073075698,913,65.74257936507937
64175962,institution,China Europe International Business School,,,CN,0.5194144353884704,914,9.249999999999998
43369023,institution,"California State University, San Bernardino",,,US,0.519178888514061,915,6.058333333333334
75900474,institution,Hubei University,,,CN,0.5189967352436429,916,12.621315073815072
25254941,institution,Beijing Normal University,,,CN,0.518469508954128,917,259.4970931845932
4210149618,institution,Guangdong University of Finance,,,CN,0.5184677402126872,918,47.38313492063491
178258306,source,Empirical Economics,0377-7332,E,,0.5183923661195654,919,740.0
4387153298,institution,École de management de Normandie,,,,0.517861250257645,920,17.096031746031745
9364636,institution,Salisbury University,,,US,0.5176272986693855,921,12.791666666666666
79510175,institution,Cardiff University,,,GB,0.5175700950498289,922,119.04484126984124
4210129130,institution,Asian Development Bank,,,PH,0.5167554711424905,923,43.87222222222222
5681781,institution,University of Adelaide,,,AU,0.5161025787966573,924,86.63474025974025
65837984,institution,Kobe University,,,JP,0.5153239496686199,925,123.24404761904762
202899961,institution,Bank Indonesia,,,ID,0.5152934964215844,926,55.527777777777786
70900168,institution,Université Savoie Mont Blanc,,,FR,0.514754395047883,927,11.457857142857142
7345157,source,Eastern Economic Journal,0094-5056,E,,0.5129474593170972,928,75.0
60488453,institution,Middlesex University,,,GB,0.5127071057392272,929,16.61547619047619
130480701,institution,Dongbei University of Finance and Economics,,,CN,0.5111436840760458,930,77.05000000000001
57328836,institution,North Dakota State University,,,US,0.5109923521462783,931,48.03809523809524
1516879,institution,Tarbiat Modares University,,,IR,0.5106959116514589,932,47.06352813852814
4210209709,source,Health Policy,0168-8510,E,,0.5097696813876669,933,667.0
154130895,institution,University of Auckland,,,NZ,0.5083869914203178,934,121.50115301365301
4210156332,institution,Chinese Research Academy of Environmental Sciences,,,CN,0.5075461194223932,935,57.950339872545754
37574244,institution,Sichuan Agricultural University,,,CN,0.5060988907975119,936,58.723631923631935
4210116649,institution,Inland Norway University of Applied Sciences,,,NO,0.5044480880325858,937,23.975
24906876,institution,Institut Agro Montpellier,,,FR,0.5044298006812092,938,6.590500700280112
135117807,institution,Université de Sherbrooke,,,CA,0.504407028282567,939,18.523142135642136
80143920,institution,Shandong University of Science and Technology,,,CN,0.5042539324804161,940,33.89960317460318
4921948,institution,Pusan National University,,,KR,0.501633554847035,941,59.851190476190474
51205905,institution,Kedge Business School,,,FR,0.5009185680557121,942,21.105555555555554
96580804,institution,Comillas Pontifical University,,,ES,0.5008897543548525,943,12.61388888888889
175051016,institution,Universidad Publica de Navarra,,,ES,0.500659294197437,944,43.36527777777778
158842170,institution,Chongqing University,,,CN,0.5002988486425437,945,160.00113358863356
4210099699,institution,Jeddah University,,,SA,0.4998456678150503,946,7.083823529411764
164389053,institution,Fordham University,,,US,0.4995524539988168,947,49.56190476190478
155419210,institution,"Islamic Azad University, Science and Research Branch",,,IR,0.4994448610100659,948,8.933333333333334
94339441,institution,Western Kentucky University,,,US,0.4989716097060539,949,21.291666666666664
3593595,source,Australian Journal of Agricultural and Resource Economics,1364-985X,E,,0.4984051371639579,950,158.0
82571370,institution,GLA University,,,IN,0.49827031233476526,951,3.9944444444444445
11662577,institution,Monash University Malaysia,,,MY,0.4961232922169716,952,37.75436507936507
4210214382,source,Erasmus Journal for Philosophy and Economics,1876-9098,E,,0.49611868825202166,953,149.0
47720641,institution,Huazhong University of Science and Technology,,,CN,0.4957950888861159,954,168.6325757575758
203364070,source,Bulletin of Indonesian Economic Studies,0007-4918,E,,0.49508716194060837,955,79.0
121409115,source,International Review of Law and Economics,0144-8188,E,,0.4950063942480495,956,173.0
142740786,institution,University of Louisville,,,US,0.4940713905841177,957,25.119444444444444
2737431740,source,Econometrics,2225-1146,E,,0.49378681869424396,958,152.0
26598852,source,Economia Politica,1120-2890,E,,0.4935167778197801,959,160.0
71838634,institution,San Francisco State University,,,US,0.4928341816760351,960,7.95
201726411,institution,United Arab Emirates University,,,AE,0.49200848405083786,961,32.90972222222223
177639307,institution,University of Dundee,,,GB,0.4919507804297176,962,34.648992673992666
68618741,institution,Polytechnic University of Bari,,,IT,0.49105392271575826,963,7.831944444444445
172980758,institution,Kennesaw State University,,,US,0.49081479997579125,964,29.11666666666667
142204992,institution,University of Lahore,,,PK,0.49059078312911053,965,22.867099567099565
32597200,institution,Ghent University,,,BE,0.49058137930990653,966,83.30092893217893
4210214005,source,Latin American Journal of Central Banking,2666-1438,E,,0.4900169670823822,967,72.0
141576021,institution,Université Le Havre Normandie,,,FR,0.4896851721000353,968,12.252777777777778
4210155236,institution,National Research Council,,,IT,0.4880432194035549,969,27.24012299309272
143578492,institution,Asia University,,,TW,0.48738489239217775,970,13.591706349206348
4210139642,institution,The State Bank of Vietnam,,,VN,0.4861605964098717,971,29.01507936507936
71270174,institution,Victoria University,,,AU,0.48549554748978746,972,30.639898989898988
82284825,institution,Cranfield University,,,GB,0.48544826806472685,973,26.546674159174156
4210111616,institution,Wuhan Business University,,,CN,0.4827323297941513,974,6.309523809523808
169333911,institution,Gdańsk University of Technology,,,PL,0.4812296387911066,975,41.2541847041847
119045251,institution,Huaqiao University,,,CN,0.4811410597871766,976,42.88373015873017
142974352,institution,National Sun Yat-sen University,,,TW,0.4800599397030696,977,32.499206349206354
165881774,source,The B E Journal of Theoretical Economics,1935-1704,E,,0.4788937224123167,978,108.0
76130692,institution,Zhejiang University,,,CN,0.47879242777112846,979,207.2914036889037
59483232,institution,Shandong University of Finance and Economics,,,CN,0.4780055140201659,980,64.50598845598846
138216421,institution,Eastern Michigan University,,,US,0.4776058691832854,981,21.166666666666668
141445968,institution,Ton Duc Thang University,,,VN,0.4774870952584087,982,22.457142857142856
201459984,institution,Guangdong University Of Finances and Economics,,,CN,0.4766156158719391,983,22.393055555555552
196272386,institution,Providence College,,,US,0.4760271113426945,984,28.22132635882636
162030827,institution,Thapar Institute of Engineering & Technology,,,IN,0.47526284859393203,985,20.719444444444445
151220816,source,Post-Communist Economies,1463-1377,E,,0.4750035796543,986,173.0
183638586,institution,Parthenope University of Naples,,,IT,0.4749470320845425,987,71.07916666666667
86987016,institution,KTH Royal Institute of Technology,,,SE,0.47442039448530093,988,39.81129148629149
1285402005,institution,World Trade Organization,,,CH,0.47426933131277554,989,88.68215811965813
126520041,institution,University of Science and Technology of China,,,CN,0.4737741781196374,990,61.25595238095237
138938424,institution,Università degli Studi della Tuscia,,,IT,0.47359283285661746,991,25.292270923520924
145487455,institution,Cairo University,,,EG,0.4734865863367443,992,46.10023088023089
173439891,institution,HES-SO University of Applied Sciences and Arts Western Switzerland,,,CH,0.4730225565983086,993,15.908333333333333
37987034,institution,Guangzhou University,,,CN,0.47277717953991844,994,61.242414529914534
55712492,institution,Zhejiang University of Technology,,,CN,0.47271471562727735,995,59.85799617049617
200606013,institution,Daffodil International University,,,BD,0.47270831212725184,996,4.537121212121213
4210118524,institution,Université Bourgogne Franche-Comté,,,FR,0.4720690035762259,997,30.597404401154407
83205935,institution,Malaviya National Institute of Technology Jaipur,,,IN,0.47199217922245745,998,7.8594322344322345
50561683,source,International Review of Applied Economics,0269-2171,E,,0.47180672328974776,999,210.0
899635006,institution,Université Grenoble Alpes,,,FR,0.4710742801481919,1000,35.759660894660904
166088655,institution,Montclair State University,,,US,0.47062968957488094,1001,17.383333333333333
5486590,source,International Economics and Economic Policy,1612-4804,E,,0.470456889471134,1002,127.0
16733864,institution,National Taiwan University,,,TW,0.4701446754500077,1003,87.41660561660562
181877577,institution,Shanxi University,,,CN,0.4697055049652686,1004,16.127417027417028
142934699,institution,"California State University, Fullerton",,,US,0.46964035829336365,1005,35.725
114193083,source,Chinese Economy,1097-1475,E,,0.4688938722724092,1006,137.0
125273398,source,The Quarterly Review of Economics and Finance,1062-9769,E,,0.468106366069388,1007,474.0
157773358,institution,Sun Yat-sen University,,,CN,0.4675335376243302,1008,173.38117507492507
111753288,institution,Fujian Normal University,,,CN,0.4669443099923935,1009,31.218163780663776
139894009,institution,University of Bradford,,,GB,0.46635612387881786,1010,14.726190476190474
120518121,source,Atlantic Economic Journal,0197-4254,E,,0.46557851630629576,1011,116.0
111112146,institution,Tallinn University of Technology,,,EE,0.4653633251436857,1012,37.33247863247863
58610484,institution,Seattle University,,,US,0.46530517047405445,1013,10.666835016835016
155660961,institution,University of Turku,,,FI,0.4647117065677017,1014,28.766666666666666
28006308,institution,Shandong Normal University,,,CN,0.46443201845896914,1015,19.298448773448772
96679780,institution,Chuo University,,,JP,0.464047522354359,1016,51.26785714285714
71999127,institution,Universitat de Barcelona,,,ES,0.4639428817269432,1017,174.25603939711084
106938459,institution,University of New Brunswick,,,CA,0.46294006897193685,1018,12.51111111111111
59433898,institution,Brunel University of London,,,GB,0.462819264810944,1019,50.90662393162393
197681013,institution,Université Paris-Est Créteil,,,FR,0.46253161300508294,1020,16.540589965589962
106165777,institution,University of Central Florida,,,US,0.46212739763163385,1021,34.34005063563887
203951103,institution,Keio University,,,JP,0.4617117801842773,1022,102.73672438672439
115592961,institution,Jiangsu University,,,CN,0.46139524173649005,1023,67.28140933140934
44461941,institution,University of Houston,,,US,0.46079052682500626,1024,139.33487253487255
8991828,institution,Pukyong National University,,,KR,0.4604948433168248,1025,16.1015873015873
186272606,institution,Guangdong University of Foreign Studies,,,CN,0.4604154927804382,1026,82.3736111111111
37461747,institution,Wuhan University,,,CN,0.4602071906147752,1027,239.1047558922559
31079310,institution,Al al-Bayt University,,,JO,0.4600858322151853,1028,5.0055555555555555
39586589,institution,Swansea University,,,GB,0.45943109337870436,1029,29.394466991341993
184999862,institution,Universidad de Salamanca,,,ES,0.4593704963877979,1030,35.05985060690943
96733725,institution,Shanghai Maritime University,,,CN,0.45905055042769316,1031,19.40456349206349
52158045,institution,China Agricultural University,,,CN,0.45837395815469445,1032,128.26123214748216
159665162,institution,National Institute of Development Administration,,,TH,0.4576107523789369,1033,14.170634920634921
41930762,source,Japanese Economic Review,1352-4739,E,,0.4568075961871693,1034,118.0
37173775,source,European Journal of Law and Economics,0929-1261,E,,0.4564275001400337,1035,167.0
159650629,institution,University of Sassari,,,IT,0.4559379833135411,1036,23.9588648911475
97188460,institution,Nantes Université,,,FR,0.4558061709055113,1037,14.046324036587192
3123212020,institution,Universidad Politécnica de Cartagena,,,ES,0.4556497297738711,1038,30.809848484848484
251424209,institution,University of Girona,,,ES,0.455258130531721,1039,28.984203014122922
69552723,institution,University of Pretoria,,,ZA,0.45507771269060404,1040,99.76868686868687
192392021,institution,University of Central Punjab,,,PK,0.454501830817453,1041,20.291666666666664
59028903,institution,Ocean University of China,,,CN,0.45428413265559875,1042,66.65597943722945
184843921,institution,Hebei University of Technology,,,CN,0.45358284718439573,1043,35.26150793650794
4210131560,institution,Université Mohammed VI Polytechnique,,,MA,0.4534099659152433,1044,17.75492979242979
98381234,institution,University of Oulu,,,FI,0.45311435746049417,1045,29.606182121971596
164923136,source,Environment and Development Economics,1355-770X,E,,0.45294417980018964,1046,120.0
146655781,institution,University of Liverpool,,,GB,0.4529381340594311,1047,68.5223261610193
48825208,institution,Université Paris 8,,,FR,0.45220651456141864,1048,37.984523809523814
108103353,institution,Universidad de Valladolid,,,ES,0.4521395534083569,1049,35.160368663594475
76214153,institution,Lanzhou University,,,CN,0.45206818516380254,1050,73.99277442241151
145894827,institution,Indian Institute of Technology Kharagpur,,,IN,0.45129912619129925,1051,102.21957070707069
29891158,institution,University of Sharjah,,,AE,0.4506533840050649,1052,29.93730158730158
4210138501,institution,Chinese Academy of Agricultural Sciences,,,CN,0.45055711768807605,1053,29.2682985995486
176790772,institution,Murdoch University,,,AU,0.45028458496355317,1054,10.159711166969231
150729083,institution,Universidade de Brasília,,,BR,0.4500570394556255,1055,83.8984126984127
929597975,institution,National University of Sciences and Technology,,,PK,0.44890225897595265,1056,18.93195970695971
2764804572,source,Economic Theory Bulletin,2196-1085,E,,0.44852337587622426,1057,89.0
204824540,institution,University of Wollongong,,,AU,0.44851069923469017,1058,63.11772308022308
141596103,institution,University of Lisbon,,,PT,0.44767991679055624,1059,172.05560224089638
167360494,institution,University of Wuppertal,,,DE,0.44575986253633837,1060,20.90464812964813
154099455,institution,Shandong University,,,CN,0.44526745786242095,1061,194.14069060419865
145722265,institution,University of Thessaly,,,GR,0.44515442093941143,1062,83.50119047619049
110378019,institution,Southern Illinois University Carbondale,,,US,0.44497397460278143,1063,24.559523809523807
157386601,institution,North South University,,,BD,0.4440281273719729,1064,16.60595238095238
185492890,institution,University of Canterbury,,,NZ,0.44379209457556956,1065,43.515303657694965
149486094,source,Australian Economic Review,0004-9018,E,,0.44357069795492254,1066,127.0
78091837,source,Review of World Economics,1610-2878,E,,0.4435572362958725,1067,151.0
170751988,institution,Shanxi University of Finance and Economics,,,CN,0.4432154032972026,1068,19.858333333333327
13591777,institution,University of Nottingham Ningbo China,,,CN,0.44266934578343836,1069,55.8795634920635
197610006,institution,University of Lagos,,,NG,0.4418500959623218,1070,29.40119047619047
63190737,institution,"University at Buffalo, State University of New York",,,US,0.4400321570921852,1071,33.47103174603174
131651094,institution,University of Denver,,,US,0.4396741280808613,1072,17.11868686868687
165230279,institution,Universitas Gadjah Mada,,,ID,0.43904086871226355,1073,29.51590909090909
2764531464,source,History of Economics Review,1037-0196,E,,0.4388595273206267,1074,99.0
38631343,institution,EM Strasbourg Business School,,,FR,0.43875614110121697,1075,7.319444444444444
17626003,institution,University of Rhode Island,,,US,0.43852835630285214,1076,50.4222582972583
200284239,institution,Universidade de Santiago de Compostela,,,ES,0.43760012799477077,1077,80.70039587605376
129902397,institution,Dalhousie University,,,CA,0.4370121950794637,1078,50.78497890997892
1629065,institution,Central Michigan University,,,US,0.4365077258788147,1079,7.758333333333333
194450716,institution,Jilin University,,,CN,0.4363539435421429,1080,57.798712861212856
197981039,source,Economics and Politics,0954-1985,E,,0.43631961314544404,1081,149.0
181391015,institution,Universidade Estadual de Campinas (UNICAMP),,,BR,0.43569895928157615,1082,87.52131185807657
94722563,institution,University of Jyväskylä,,,FI,0.4356104276135158,1083,26.23452380952381
180723199,source,Agribusiness,0742-4477,E,,0.4345362169519351,1084,330.0
23218617,source,Journal of International Trade & Economic Development,0963-8199,E,,0.4343185513358354,1085,283.0
204983213,institution,Harbin Institute of Technology,,,CN,0.4342088946430785,1086,104.84096015096014
46176106,institution,Universidad de Burgos,,,ES,0.43370733391615873,1087,7.0
298625061,institution,Swedish University of Agricultural Sciences,,,SE,0.4334625222382714,1088,71.01483966090744
114150738,institution,Fu Jen Catholic University,,,TW,0.4321457805344434,1089,9.628968253968255
83145862,source,History of Political Economy,0018-2702,E,,0.4321190559347025,1090,167.0
16076960,institution,COMSATS University Islamabad,,,PK,0.43151791916843224,1091,77.74054834054834
8696757,institution,Singapore University of Social Sciences,,,SG,0.43119560376394306,1092,6.983333333333333
197347611,institution,Korea University,,,KR,0.43102913808021565,1093,103.66815684315684
12912129,institution,Northeastern University,,,US,0.4309464540309947,1094,27.943986568986567
4210123993,institution,Van Lang University,,,VN,0.4303890836208378,1095,15.226190476190474
6289922,institution,Universidade de Vigo,,,ES,0.42992387699059703,1096,55.94559073966969
4394735553,source,Annals of Public and Cooperative Economics,1370-4788,E,,0.42968002863909865,1097,172.0
4575257,institution,Hanyang University,,,KR,0.429568555609656,1098,42.88373015873015
21370196,institution,Aristotle University of Thessaloniki,,,GR,0.42954904207626915,1099,46.08397402092381
55952717,institution,Universidad Rovira i Virgili,,,ES,0.4292874890103566,1100,43.74146825396826
332035737,institution,National Institute for Health and Care Excellence,,,GB,0.4283153915820198,1101,55.173635636522626
19700959,institution,Florida International University,,,US,0.4280639005358382,1102,64.7827380952381
180670191,institution,"University of California, San Francisco",,,US,0.4280269283240935,1103,22.116916416916418
149050951,source,Journal of Chinese Economic and Business Studies,1476-5284,E,,0.4277526105340671,1104,113.0
192756129,institution,University of Macedonia,,,GR,0.42677408071389733,1105,64.93333333333334
885383172,institution,National University of Malaysia,,,MY,0.4259709799813996,1106,57.21682206682207
39387349,institution,University of Chieti-Pescara,,,IT,0.4254401052883382,1107,39.577766106442574
162611689,source,Business Economics,0007-666X,E,,0.42513019280135844,1108,122.0
102913810,institution,Universiti Malaysia Pahang Al-Sultan Abdullah,,,MY,0.42477710583922845,1109,4.8694444444444445
173759888,institution,Hunan Normal University,,,CN,0.42406658691385407,1110,29.003318903318906
94626330,institution,University of Bamberg,,,DE,0.4239545852697342,1111,19.444841269841266
4210155994,institution,Zhengzhou Business University,,,CN,0.4238600760386207,1112,15.221825396825395
142108993,institution,Southwest University,,,CN,0.42382291112871373,1113,42.24291125541126
152031979,institution,Nanjing Normal University,,,CN,0.4224172730969647,1114,58.73460550887022
2765032997,source,Indian Economic Review,0019-4670,E,,0.42195003320946783,1115,108.0
205746353,institution,University of Dhaka,,,BD,0.42165000272050523,1116,14.815476190476188
113306721,institution,Hiroshima University,,,JP,0.4215793474068263,1117,38.64999999999999
13669392,source,German Economic Review,1465-6485,E,,0.42108910447835474,1118,69.0
20942203,institution,Hainan University,,,CN,0.42059082326564395,1119,38.18150826569945
75390827,institution,Beijing University of Chemical Technology,,,CN,0.42055497921549057,1120,48.41078643578643
57093077,institution,Swinburne University of Technology,,,AU,0.420212740021405,1121,30.129761904761903
177477856,institution,Polytechnic University of Turin,,,IT,0.4202127032213903,1122,37.849801587301585
151221077,institution,Chung Yuan Christian University,,,TW,0.4200957016762677,1123,17.626190476190477
150807315,institution,Guangxi University,,,CN,0.41888978652919673,1124,56.86172619047618
83259278,institution,Manouba University,,,TN,0.41873108368781636,1125,20.025
68947357,institution,Université de Strasbourg,,,FR,0.41769611852189964,1126,44.59970620996936
137056471,institution,Nanjing University of Finance and Economics,,,CN,0.4174351210688718,1127,148.77970085470088
205051169,institution,Kingston University,,,GB,0.417345367667539,1128,21.117063492063494
149672521,institution,Federation University,,,AU,0.41733836527497037,1129,23.166666666666668
70935693,source,Japan and the World Economy,0922-1425,E,,0.4171973374704918,1130,97.0
44455300,source,Journal of Environmental Management,0301-4797,E,,0.41718946133641865,1131,10423.0
2802326326,institution,The University of Texas Rio Grande Valley,,,US,0.4170658692422465,1132,28.485714285714288
98461037,institution,Tecnológico de Monterrey,,,MX,0.4170519766596868,1133,33.97301587301587
69737025,institution,University of Chile,,,CL,0.41660909528681656,1134,50.9568783068783
87354575,institution,National Chengchi University,,,TW,0.41608458125696984,1135,54.727380952380955
4210239487,source,Italian Economic Journal,2199-322X,E,,0.4158961350838326,1136,167.0
926574661,institution,Leipzig University,,,DE,0.41557029280933594,1137,64.46785714285714
3125347698,institution,Babeș-Bolyai University,,,RO,0.4155308783203567,1138,67.00132275132273
154757721,institution,University of Piraeus,,,GR,0.41517768672795946,1139,77.04642857142856
180726961,institution,Shenzhen University,,,CN,0.41482590168076167,1140,61.715897065897074
107033909,source,Journal of Economics,0931-8658,E,,0.41464290333564063,1141,174.0
105799767,source,European Journal of the History of Economic Thought,0967-2567,E,,0.41429303459128825,1142,213.0
195460627,institution,University of Aberdeen,,,GB,0.41426682832803713,1143,49.28245365745366
91661715,source,Kyklos,0023-5962,E,,0.41069033329147664,1144,152.0
95793202,institution,Otto-von-Guericke University Magdeburg,,,DE,0.41068311635979937,1145,14.594047619047618
132210109,source,International Journal of Game Theory,0020-7276,E,,0.4103161994473454,1146,162.0
129801699,institution,University of Tasmania,,,AU,0.41013642440638887,1147,57.42168810966764
26437253,institution,Örebro University,,,SE,0.4099218078774503,1148,34.952380952380956
4576418,institution,University of Technology Malaysia,,,MY,0.409902393900573,1149,45.712995337995345
4880106,institution,Feng Chia University,,,TW,0.4090402391930411,1150,34.25138888888888
4210151987,institution,Ministry of Agriculture and Rural Affairs,,,CN,0.4089912175511266,1151,40.840924260924254
4210169982,source,Eurasian economic review :,2147-429X,E,,0.40801187684442647,1152,123.0
23946033,institution,University of Tehran,,,IR,0.40786840897300053,1153,80.51390415140415
14314212,institution,Osaka University of Economics,,,JP,0.4078049231733882,1154,52.1984126984127
122346577,institution,University of Modena and Reggio Emilia,,,IT,0.4075273625714459,1155,39.309906270200386
122140584,institution,Universidade Federal do Rio de Janeiro,,,BR,0.4075020829851096,1156,83.20604256854256
36515993,institution,Eastern Mediterranean University,,,CY,0.40737647209257594,1157,25.641666666666662
69458508,source,Journal of Asian Economics,1049-0078,E,,0.4068180744793719,1158,376.0
66943878,institution,De Montfort University,,,GB,0.40675288005865823,1159,25.235714285714288
108714496,institution,Tunis University,,,TN,0.4064976546718567,1160,20.46388888888889
196564809,source,The B E Journal of Macroeconomics,1935-1690,E,,0.40586347832237524,1161,93.0
49934816,institution,Hunan University of Technology,,,CN,0.405293595116843,1162,16.355050505050507
11406153,institution,Shanghai International Studies University,,,CN,0.40461706294637395,1163,19.508333333333333
32625721,institution,University of Saskatchewan,,,CA,0.40459226160816847,1164,38.809740259740266
138925566,institution,Ewha Womans University,,,KR,0.4045908237539463,1165,19.675
874055015,institution,Teesside University,,,GB,0.40415233422088537,1166,18.65674603174603
56822791,institution,Ghana Institute of Management and Public Administration,,,GH,0.4030487900303736,1167,30.166666666666668
60342839,institution,Qatar University,,,QA,0.4030159815494834,1168,78.2404761904762
182534213,institution,Universidade do Porto,,,PT,0.40241929393618536,1169,134.77282856032858
94951947,institution,University of Westminster,,,GB,0.40141534059119605,1170,15.658333333333331
136745531,source,Macroeconomic Dynamics,1365-1005,E,,0.4010577277426763,1171,247.0
124261462,institution,Oxford Brookes University,,,GB,0.4001974372172865,1172,16.086111111111116
133738476,institution,University of Massachusetts Lowell,,,US,0.4000401884812122,1173,14.342857142857142
2765073605,source,European Journal of Economics and Economic Policies Intervention,2052-7764,E,,0.39941506616956496,1174,143.0
133770707,source,Empirica,0340-8744,E,,0.39933197293545963,1175,140.0
243754102,institution,Universidade Federal do Ceará,,,BR,0.39930728945002336,1176,42.426404976404974
147962203,institution,Democritus University of Thrace,,,GR,0.3983062813764479,1177,26.559523809523803
52590639,institution,Nottingham Trent University,,,GB,0.39812494198747655,1178,37.43611111111112
177181097,institution,Durban University of Technology,,,ZA,0.39805621067207175,1179,14.503174603174603
4210131919,institution,Xi'an University of Technology,,,CN,0.39781092817714986,1180,47.24231601731602
44202434,institution,Fundação Getulio Vargas,,,BR,0.39775400192276417,1181,80.52257575757575
111950717,institution,Macau University of Science and Technology,,,MO,0.3972964957454955,1182,30.425396825396817
139024713,institution,Guangdong University of Technology,,,CN,0.39728827537289174,1183,47.30721500721501
131868736,institution,Prince of Songkla University,,,TH,0.39664753619421567,1184,9.874481074481075
161463649,institution,Audencia Business School,,,FR,0.3965726836814601,1185,16.25
121243025,institution,"International Islamic University, Islamabad",,,PK,0.3964871799856696,1186,15.125
13134134,institution,Universidad de Cantabria,,,ES,0.3952954873769366,1187,45.79511183261184
122266389,institution,University of Nebraska at Omaha,,,US,0.3949532702616971,1188,25.70952380952381
149064342,source,Mathematical Social Sciences,0165-4896,E,,0.3949206452653737,1189,225.0
24354313,institution,University of Buenos Aires,,,AR,0.3946735745952991,1190,41.13171838226186
81365321,institution,Old Dominion University,,,US,0.39396164662279465,1191,26.10833333333333
167027274,institution,Nanjing Forestry University,,,CN,0.3938770701042149,1192,45.78531024531024
108468826,institution,Stevens Institute of Technology,,,US,0.3933436883967861,1193,23.45
181631907,institution,University of Ibadan,,,NG,0.3928104291018304,1194,53.77910052910053
28777354,institution,Sejong University,,,KR,0.39133483645515865,1195,31.755709568209568
173574685,source,International Journal of Theoretical and Applied Finance,0219-0249,E,,0.3911104505759673,1196,140.0
25355098,institution,Chang'an University,,,CN,0.39092148834928303,1197,22.747420634920633
110930757,institution,Management Development Institute,,,IN,0.3907391660261628,1198,26.841666666666665
16097986,institution,Universitat de València,,,ES,0.3902014728011045,1199,156.4779025679536
40963666,institution,Central China Normal University,,,CN,0.39011916631955795,1200,27.516269841269843
87445476,institution,Xi'an Jiaotong University,,,CN,0.3890672279585711,1201,244.4991161616162
17974374,institution,Universidade de São Paulo,,,BR,0.3886987463525241,1202,166.26298106199002
206651237,institution,Texas A&M University – Commerce,,,US,0.3885953711147705,1203,13.4
66752286,institution,University of Milano-Bicocca,,,IT,0.38855172310164937,1204,94.49783863479514
7876267,institution,Open University of the Netherlands,,,NL,0.38851942051123867,1205,31.881669372294375
11983389,institution,Manchester Metropolitan University,,,GB,0.3884095189537214,1206,47.615476190476194
2737155129,source,Journal of Central Banking Theory and Practice,1800-9581,E,,0.3883933608394455,1207,91.0
101479585,institution,South China Agricultural University,,,CN,0.3883698878886895,1208,77.16757964257965
21803372,institution,University of Évora,,,PT,0.38809729854670333,1209,33.502392052392054
163151501,institution,Hangzhou Normal University,,,CN,0.3879116524898915,1210,21.917857142857137
68891433,institution,Indian Institute of Technology Delhi,,,IN,0.3874616242785097,1211,62.1754329004329
159247623,institution,Mansoura University,,,EG,0.38666610020911457,1212,8.783736171236171
76766440,institution,University of San Francisco,,,US,0.38599486001974187,1213,14.048214285714286
188329596,institution,University of Canberra,,,AU,0.38479840464423026,1214,40.61724754004166
73142707,institution,Athens University of Economics and Business,,,GR,0.3847011051362969,1215,96.77380952380955
4210100043,institution,Superior University,,,PK,0.3834657844266753,1216,6.862500000000001
165339363,institution,Universidad de Oviedo,,,ES,0.3830749516301201,1217,80.93156789031403
179097149,institution,University of Carthage,,,TN,0.38301182801035244,1218,28.84585137085137
47818738,institution,Sultan Qaboos University,,,OM,0.3829017441918771,1219,41.64278499278499
3121153395,institution,West University of Timişoara,,,RO,0.38283265801315786,1220,40.84206349206349
151727225,institution,Harbin Engineering University,,,CN,0.382390595073041,1221,12.032936507936508
163151358,institution,Cyprus University of Technology,,,CY,0.3817615550828986,1222,14.849603174603173
192703390,institution,Ming Chuan University,,,TW,0.3817201101207085,1223,11.636111111111111
189109744,institution,Indian Institute of Technology Dhanbad,,,IN,0.38149066761485995,1224,12.553571428571427
96673099,institution,Technical University of Denmark,,,DK,0.38064126720386365,1225,54.13126984126984
2764777187,source,Annals of Financial Economics,2010-4952,E,,0.37955570396870464,1226,93.0
66890659,institution,Saint Mary's University,,,CA,0.37631071417628875,1227,20.28333333333333
118118575,institution,New Jersey Institute of Technology,,,US,0.37613878796596784,1228,8.32063492063492
136830121,institution,Islamic Azad University South Tehran Branch,,,IR,0.3760590166837255,1229,2.665909090909091
29617571,institution,University of Indonesia,,,ID,0.3757434673777527,1230,88.19025641025642
4210217951,source,Journal of risk and financial management,1911-8066,E,,0.37540408434619504,1231,2163.0
110026055,institution,Iscte – Instituto Universitário de Lisboa,,,PT,0.37501818918816676,1232,45.084920634920636
83436808,institution,Hankuk University of Foreign Studies,,,KR,0.3749620850575437,1233,20.166666666666668
90610280,institution,South China University of Technology,,,CN,0.37495831737806046,1234,94.89439004622827
1283613182,institution,Universidade Tecnológica Federal do Paraná,,,BR,0.37453229754052936,1235,8.777777777777777
4210126102,institution,Department of Finance,,,AU,0.37401003305961333,1236,6.91111111111111
862322245,institution,Universidad EAFIT,,,CO,0.3739319472883554,1237,36.194444444444436
4654613,institution,University of Warsaw,,,PL,0.3735564900292023,1238,133.46934674802324
121980950,institution,Utah State University,,,US,0.3729785074763357,1239,50.43670634920636
4210162014,institution,Indian Institute of Management Ranchi,,,IN,0.3725007956149039,1240,15.166666666666664
186335123,institution,East Carolina University,,,US,0.3703187326708882,1241,12.291666666666666
3923682,institution,Soochow University,,,CN,0.3698048387807956,1242,21.260714285714286
2802355861,institution,Australian Institute of Business,,,AU,0.3696685826780741,1243,4.479166666666667
36448004,institution,Shaheed Zulfiqar Ali Bhutto Institute of Science and Technology,,,PK,0.3694623277537019,1244,7.925000000000001
174216632,institution,City University of New York,,,US,0.3683349584203079,1245,44.526388888888896
142899784,institution,University of Sfax,,,TN,0.36823592082510476,1246,105.95354308390021
69356397,institution,Xi’an Jiaotong-Liverpool University,,,CN,0.3670971956133317,1247,49.740909090909085
1334415907,institution,University Medical Center Groningen,,,NL,0.36643991439083323,1248,45.08637238365499
189462010,institution,Universiti Brunei Darussalam,,,BN,0.36620198100758666,1249,37.49166666666666
2764896919,source,Environmental Economics and Policy Studies,1432-847X,E,,0.36615390577892304,1250,138.0
130823665,institution,Ural Federal University,,,RU,0.36604079871815826,1251,63.448412698412696
132286405,institution,Kadir Has University,,,TR,0.3658023200253567,1252,19.27777777777778
2764593300,source,Agricultural and Resource Economics Review,1068-2805,E,,0.3640776114273348,1253,102.0
4210154111,institution,Université Gustave Eiffel,,,FR,0.3637614435686816,1254,16.353888888888886
37796252,institution,Beijing University of Technology,,,CN,0.36343530660544127,1255,58.27086940836941
33003672,institution,Indian Institute of Management Indore,,,IN,0.3631459838493062,1256,33.28333333333333
24185976,institution,Sichuan University,,,CN,0.36178308491591366,1257,176.05440115440112
63634437,institution,Universidad Autónoma de Madrid,,,ES,0.360923222832822,1258,81.34600168350167
4210115145,institution,"University of Minnesota, Duluth",,,US,0.3605649473265739,1259,13.320009157509157
137616099,institution,Tshwane University of Technology,,,ZA,0.35979944829472776,1260,14.249206349206348
4210144925,institution,Technological University Dublin,,,IE,0.35970374857324666,1261,10.26111111111111
4210226759,source,Quantitative Finance and Economics,2573-0134,E,,0.3595024085022978,1262,125.0
12097938,institution,West Virginia University,,,US,0.3593773979771634,1263,131.28429250488074
193775966,institution,Yonsei University,,,KR,0.3589471028560919,1264,103.45651154401153
136040515,institution,Universidad de Deusto,,,ES,0.3580142336936093,1265,21.463888888888885
148099405,institution,Xi'an University of Architecture and Technology,,,CN,0.3576829520582143,1266,49.643187830687836
59649739,institution,Jiangxi University of Finance and Economics,,,CN,0.35756611410678246,1267,82.03730158730158
143868143,institution,Anhui University,,,CN,0.35633058182342264,1268,32.43214285714285
119856527,institution,Cadi Ayyad University,,,MA,0.3558902352218536,1269,10.25995670995671
121026525,source,Journal of Evolutionary Economics,0936-9937,E,,0.355809763929439,1270,206.0
92403157,institution,University of Science and Technology Beijing,,,CN,0.3557018470991563,1271,67.01153707403708
197854408,institution,University of Malta,,,MT,0.35556604626195165,1272,13.588888888888889
24027795,institution,University of Johannesburg,,,ZA,0.3554251216058654,1273,156.75198412698413
115752224,institution,University of Insubria,,,IT,0.3554043185535382,1274,25.506249999999994
39147953,institution,Universidad de Cádiz,,,ES,0.35388074778964684,1275,22.33452380952381
173029219,institution,Multimedia University,,,MY,0.3529435193067554,1276,11.525
138164181,institution,Alexandru Ioan Cuza University,,,RO,0.352657850272835,1277,70.13717532467533
90183372,institution,Université de Lorraine,,,FR,0.3520961154407935,1278,36.98402559428875
80693520,institution,American University in Cairo,,,EG,0.35207080015645525,1279,17.995238095238093
282159120,institution,İstanbul Nişantaşı Üniversitesi,,,TR,0.35195535097587377,1280,30.65277777777778
4610292,institution,Xiangtan University,,,CN,0.35157401378909536,1281,28.170833333333327
145581781,institution,Chongqing Technology and Business University,,,CN,0.3506696601521346,1282,38.62619047619047
60134161,institution,Nagoya University,,,JP,0.3506693056266704,1283,66.8736111111111
113940042,institution,Shanghai University,,,CN,0.3504216179829405,1284,103.22977994227996
175532246,institution,University of Eastern Finland,,,FI,0.3492940621877423,1285,18.54600677100677
94625822,institution,Northern University of Malaysia,,,MY,0.3486289784606062,1286,45.347222222222214
166928557,institution,University of Monastir,,,TN,0.3479755120106935,1287,23.21388888888889
85507684,institution,Yarmouk University,,,JO,0.34793690282462336,1288,12.917857142857143
25846049,institution,National Tsing Hua University,,,TW,0.3479312398458665,1289,24.46428571428571
120949314,source,Comparative Economic Studies,0888-7233,E,,0.3475565809657947,1290,106.0
4104125,institution,Universidade Federal de Santa Catarina,,,BR,0.3473851364733302,1291,49.949999999999996
33213144,institution,University of Florida,,,US,0.3464979932108792,1292,156.552365079676
163340411,institution,Hohai University,,,CN,0.34643533003612864,1293,101.3211691086691
73417466,institution,Coventry University,,,GB,0.346185978141497,1294,26.7797619047619
44430492,institution,Indian Institute of Management Bangalore,,,IN,0.34601144677089285,1295,25.083333333333332
91807558,institution,National Cheng Kung University,,,TW,0.34566957749332666,1296,62.744841269841274
184693016,institution,China Medical University,,,TW,0.34519898467270865,1297,8.343690476190476
51532219,institution,University of Lincoln,,,GB,0.3448489848167117,1298,40.557752303820074
172297888,source,The Review of Austrian Economics,0889-3047,E,,0.3446490265815513,1299,128.0
848706,institution,Sungkyunkwan University,,,KR,0.3446026385504741,1300,89.48571428571428
3045169105,institution,Southern University of Science and Technology,,,CN,0.3445911200887542,1301,35.63928571428571
55133342,institution,University of Macerata,,,IT,0.34393152640790947,1302,48.85560224089636
153806059,institution,Shanghai Business School,,,CN,0.3434787527693261,1303,17.791666666666668
1287339526,institution,Reserve Bank of India,,,IN,0.3433353571116686,1304,50.75757575757576
55074384,source,The B E Journal of Economic Analysis & Policy,1935-1682,E,,0.34318767709200415,1305,199.0
138690464,institution,University of Ghana,,,GH,0.34300721802218453,1306,92.2970238095238
71503853,institution,University of Algarve,,,PT,0.3423205142198715,1307,10.40277777777778
158705510,source,Journal of Economic Studies,0144-3585,E,,0.3422841859801721,1308,418.0
868834043,institution,University of the West of Scotland,,,GB,0.3421425182237615,1309,6.833333333333333
31683504,institution,Beijing Forestry University,,,CN,0.3419244358715845,1310,62.07991522366523
150229711,institution,University of Electronic Science and Technology of China,,,CN,0.3418272978351794,1311,22.97738095238095
27483092,institution,University of Perugia,,,IT,0.34159189799222245,1312,37.7869227994228
203746597,source,The Annals of Regional Science,0570-1864,E,,0.34073645246372036,1313,332.0
46247651,institution,University of Manitoba,,,CA,0.34061807169850383,1314,37.96945554445554
124633538,institution,University of Seoul,,,KR,0.33977061520857904,1315,24.50595238095238
178712713,institution,Bryant University,,,US,0.33975931226504635,1316,12.333333333333334
118292597,institution,National Taipei University of Technology,,,TW,0.3394187107008044,1317,8.458008658008659
95496512,source,Review of Development Economics,1363-6669,E,,0.3388389515753345,1318,442.0
3122011922,institution,University of Žilina,,,SK,0.33845616783742305,1319,33.192401960784316
255234318,institution,Universidad de Zaragoza,,,ES,0.33819653917116005,1320,132.56904761904764
157392197,institution,Hashemite University,,,JO,0.3378070232892267,1321,16.44404761904762
28615091,institution,Kyonggi University,,,KR,0.3377887067829463,1322,7.619913419913419
45204951,institution,University of Calabria,,,IT,0.3376606010998644,1323,48.98194444444445
60858718,institution,University of Aveiro,,,PT,0.33765584703763485,1324,59.8859136033049
133529467,institution,Sharif University of Technology,,,IR,0.3372904250028157,1325,22.626190476190477
9224756,institution,Northeastern University,,,CN,0.33694096327097484,1326,67.01581196581198
153901656,institution,University of North Carolina Wilmington,,,US,0.33675292351943625,1327,15.713131313131315
129162050,institution,École Supérieure de Commerce de Toulouse,,,FR,0.3365704022185679,1328,13.887500000000001
148099254,institution,National Chung Cheng University,,,TW,0.33538224267776184,1329,27.96706349206349
2764768042,source,Journal of Economics Finance and Administrative Science,2077-1886,E,,0.33480772350983634,1330,87.0
1014724869,source,Economic Research-Ekonomska Istraživanja,1331-677X,E,,0.3345718992780986,1331,1069.0
79817857,institution,University of Guelph,,,CA,0.3344203281029999,1332,64.51821095571094
111664937,institution,Rzeszów University of Technology,,,PL,0.3343948773482975,1333,13.566666666666665
138801177,institution,University of Ulster,,,GB,0.3339934412807274,1334,20.57208994708995
4210088963,institution,University of Ha'il,,,SA,0.33379295815827853,1335,12.591666666666667
16197041,institution,Cyprus International University,,,CY,0.33342651058431116,1336,23.63392857142857
27825529,institution,California State University Los Angeles,,,US,0.3326169397886223,1337,19.0
173212132,institution,Vilnius University,,,LT,0.33195221737184616,1338,68.05016846180638
149594827,institution,Xidian University,,,CN,0.3318472635719164,1339,10.5
876193797,institution,Vellore Institute of Technology University,,,IN,0.3314378731752109,1340,25.217532467532465
102149020,institution,University of North Carolina at Charlotte,,,US,0.3300112615612483,1341,29.683333333333326
86958956,institution,Ferdowsi University of Mashhad,,,IR,0.32975610286436446,1342,36.33571428571429
91699865,institution,Indian Institute of Management Lucknow,,,IN,0.32968186453629794,1343,46.45192307692308
189210763,institution,Yunnan University,,,CN,0.3296233172859756,1344,34.871194083694085
9617848,institution,Universitat Politècnica de Catalunya,,,ES,0.32736914079664575,1345,21.364828669719977
10660446,institution,Kunming University of Science and Technology,,,CN,0.325110391808986,1346,46.80516539016539
11039511,institution,University of Bergamo,,,IT,0.32399945786201945,1347,59.26637806637808
4210172902,source,Journal of Institutional and Theoretical Economics JITE,0932-4569,E,,0.3236580898559608,1348,14.0
88060688,institution,Universidad Politécnica de Madrid,,,ES,0.32337665163826446,1349,30.395217209690895
4210165529,institution,University of Business and Technology,,,SA,0.3229442194537992,1350,53.45833333333333
177955009,institution,China University of Political Science and Law,,,CN,0.32253512219486996,1351,14.169047619047618
117222138,institution,Abu Dhabi University,,,AE,0.3223334813310278,1352,17.270238095238096
146399215,institution,University of Tsukuba,,,JP,0.3223027294038157,1353,42.841516354016356
91720666,institution,École Supérieure des Sciences Commerciales d’Angers,,,FR,0.3221718755320429,1354,31.896825396825395
31512782,institution,Technical University of Darmstadt,,,DE,0.32205414895221207,1355,32.144444444444446
173304897,institution,Universidad de Granada,,,ES,0.32180184852884214,1356,77.67487281237281
169615421,institution,Middle Tennessee State University,,,US,0.3215104377370088,1357,35.43333333333334
119454577,institution,Nanjing Agricultural University,,,CN,0.3214729241881231,1358,94.4741674991675
200777214,institution,National and Kapodistrian University of Athens,,,GR,0.3212352822419549,1359,84.61002506265663
98805295,institution,University of the Aegean,,,GR,0.3210340464317704,1360,35.964512471655325
52354020,institution,University of Almería,,,ES,0.32063840279315514,1361,42.025432900432904
64032852,institution,Pan-Atlantic University,,,NG,0.3196882383990767,1362,14.305555555555557
206945453,institution,Paderborn University,,,DE,0.319178503298088,1363,34.825
185940356,institution,Soochow University,,,TW,0.3190922350102455,1364,28.076190476190476
89506807,institution,University of Western Macedonia,,,GR,0.3186088724062114,1365,18.882936507936503
36128562,institution,Pan-European University,,,SK,0.317973259317054,1366,6.966666666666667
4210176257,source,Journal of Management Science and Engineering,2096-2320,E,,0.3174580010998277,1367,143.0
4210152127,institution,Conway School of Landscape Design,,,US,0.316284416765782,1368,6.291666666666666
4400600926,institution,Indian Institute of Management Bodh Gaya,,,,0.3159621871844008,1369,10.48888888888889
199693650,institution,Umm al-Qura University,,,SA,0.31545998061106406,1370,7.425396825396825
28710699,institution,Hellenic Mediterranean University,,,GR,0.31449471688266833,1371,20.66785714285714
4387154394,institution,National Kaohsiung University of Science and Technology,,,,0.3140301534433471,1372,19.825000000000003
106663880,institution,University of Bahrain,,,BH,0.3138618482118855,1373,16.64285714285714
4210168092,source,Journal of the History of Economic Thought,1053-8372,E,,0.3138530702133737,1374,186.0
138622004,institution,National Economics University,,,VN,0.31281744794323624,1375,116.85436507936508
4210159643,institution,Institute of Technology and Business,,,CZ,0.31270193052049394,1376,14.916456582633053
201533460,source,Applied Economics,0003-6846,E,,0.3120813417526501,1377,2398.0
126863827,institution,Pace University,,,US,0.3111969131370398,1378,15.333333333333336
76569877,institution,Southeast University,,,CN,0.3109019151141631,1379,120.37771672771672
146620803,institution,Wenzhou University,,,CN,0.3108706742245357,1380,16.70436507936508
130692619,institution,Bern University of Applied Sciences,,,CH,0.3100487659549485,1381,6.445833333333334
74796645,institution,"Birla Institute of Technology and Science, Pilani",,,IN,0.3096407657234384,1382,37.43015873015873
90745801,institution,University of New England,,,AU,0.3086259179788899,1383,35.5845238095238
163245316,institution,Corvinus University of Budapest,,,HU,0.30831367154173583,1384,110.73437522367057
80180929,institution,Universidad de Murcia,,,ES,0.30780812689021403,1385,72.02806769254137
39854758,institution,Auckland University of Technology,,,NZ,0.307464065555546,1386,54.07142857142857
7947594,institution,University of Maine,,,US,0.30702294865690277,1387,32.112301587301594
59897056,institution,"California State University, Long Beach",,,US,0.3066750716561995,1388,19.875
126744593,institution,"University of Maryland, Baltimore",,,US,0.30632153116887345,1389,67.47343622561013
2799888298,institution,Skyline University College,,,AE,0.30604838616353025,1390,1.6928571428571428
48912391,institution,Istanbul Technical University,,,TR,0.30598573578917043,1391,48.11448412698413
204649255,source,China Economic Journal,1753-8963,E,,0.30584419132053037,1392,89.0
131948415,institution,National Taichung University of Science and Technology,,,TW,0.3052985391790969,1393,12.491666666666665
4210144839,institution,Hamad bin Khalifa University,,,QA,0.30506687814095185,1394,15.59679487179487
29894533,institution,Charles Darwin University,,,AU,0.304626914233272,1395,23.838888888888885
185523456,institution,University of Southern Queensland,,,AU,0.3042492843407132,1396,32.0375
135768898,institution,Ritsumeikan University,,,JP,0.3029906597373156,1397,60.12265512265512
173901576,source,The Journal of Derivatives,1074-1240,E,,0.30262819221970494,1398,89.0
154526488,institution,Inserm,,,FR,0.3025605040479245,1399,14.308618506250088
4403386521,institution,Banking Academy of Vietnam,,,,0.30236458354027534,1400,14.238888888888889
179026463,institution,Beijing Technology and Business University,,,CN,0.30234155994850137,1401,50.313690476190466
4322298,institution,Towson University,,,US,0.3021837510559475,1402,18.71666666666666
12469534,institution,Quaid-i-Azam University,,,PK,0.3020688838814573,1403,35.16468253968253
142823887,institution,St. John's University,,,US,0.3018469018790305,1404,33.099999999999994
25399158,institution,Mahidol University,,,TH,0.30164987195613346,1405,18.73945915195915
63525965,institution,Western Sydney University,,,AU,0.3012139589472938,1406,38.55059523809524
4210218316,source,European Journal of Management and Business Economics,2444-8451,E,,0.30011714111017157,1407,139.0
179311214,institution,Gulf University for Science & Technology,,,KW,0.2998865746326662,1408,20.11264880952381
44666525,institution,University of the South Pacific,,,FJ,0.29969568237477756,1409,18.842857142857145
204512498,institution,University of Macau,,,MO,0.29939586968241716,1410,67.14841269841271
2738677470,source,Oeconomia Copernicana,2083-1277,E,,0.2984080579430441,1411,157.0
82767444,institution,Universidad de Málaga,,,ES,0.2983498258732355,1412,84.8507733007733
99908691,institution,Yuan Ze University,,,TW,0.29828702326809486,1413,3.851190476190476
94271068,institution,ESCP Business School,,,DE,0.29780743580974983,1414,7.541666666666667
75059550,institution,Zhejiang Gongshang University,,,CN,0.2976237511501485,1415,104.7920634920635
91213080,source,The Economists Voice,1553-3832,E,,0.29754772628863346,1416,74.0
75421653,institution,University of Missouri–Kansas City,,,US,0.2960188444295948,1417,16.383333333333333
4387155442,institution,University of Economics and Law,,,,0.2957783924176649,1418,19.042460317460318
177909021,institution,Universidade Federal de São Carlos,,,BR,0.29536379715562605,1419,23.272446514837817
91712215,institution,Saarland University,,,DE,0.29531638774110586,1420,11.702991452991455
2802304065,institution,University Carlo Cattaneo,,,IT,0.2951243526342994,1421,19.240290265290263
178331978,institution,Université de Dschang,,,CM,0.2948485734051898,1422,72.1736111111111
919628346,institution,University of the Pacific,,,PE,0.2943138644012278,1423,23.402777777777775
240666556,institution,Imam Mohammad ibn Saud Islamic University,,,SA,0.2940677452646751,1424,19.426190476190474
2764541937,source,Journal of Economics and Development,1859-0020,E,,0.29373487608992316,1425,81.0
126596746,institution,Jagiellonian University,,,PL,0.2927888953838732,1426,35.90255439005439
4210201856,source,New Zealand Economic Papers,0077-9954,E,,0.29191860030719075,1427,100.0
123534392,institution,University of North Texas,,,US,0.29139334324263017,1428,37.073232323232325
133771110,institution,University of Cape Coast,,,GH,0.2910096825324046,1429,79.1111111111111
59225215,institution,Bahria University,,,PK,0.2905596452283296,1430,10.402380952380954
12079687,institution,Edith Cowan University,,,AU,0.2903516703047446,1431,13.355808080808082
116953780,institution,Tongji University,,,CN,0.29010066383626737,1432,95.62287457912457
111496547,source,Scottish Journal of Political Economy,0036-9292,E,,0.2900875889737305,1433,114.0
63548447,institution,Lappeenranta-Lahti University of Technology,,,FI,0.2882894239536482,1434,15.371031746031743
2802079931,institution,Nord University,,,NO,0.28687038532892295,1435,9.179960317460317
31419693,institution,Kyungpook National University,,,KR,0.28669125412196556,1436,25.94686147186147
4210097214,institution,Shandong Management University,,,CN,0.2860981619441355,1437,9.220174731182794
4210206322,source,PharmacoEconomics - Open,2509-4254,E,,0.2857068084152455,1438,234.0
18193975,institution,SGH Warsaw School of Economics,,,PL,0.2851818769446117,1439,162.1720238095238
192619145,institution,University of the Witwatersrand,,,ZA,0.28505342773801784,1440,98.91567460317461
121748325,institution,Universidad Complutense de Madrid,,,ES,0.28476183824412843,1441,155.16311050061051
226432,institution,Universiti Malaysia Kelantan,,,MY,0.2840440390155491,1442,3.3742424242424245
60053951,institution,Universitat Politècnica de València,,,ES,0.2837172414110789,1443,54.81477530406102
142910587,institution,University of Salento,,,IT,0.28350319715264244,1444,33.663802622498274
177233841,institution,"Vietnam National University, Hanoi",,,VN,0.28231754232914996,1445,51.011922799422805
232005693,institution,Universidad Francisco de Vitoria,,,ES,0.281694594907716,1446,25.599999999999998
4394735609,source,Foreign Trade Review,0971-7625,E,,0.28106549681202486,1447,77.0
45438204,institution,The University of Texas at San Antonio,,,US,0.2804754653273744,1448,29.316666666666663
153976015,institution,University of Ljubljana,,,SI,0.27947395844482986,1449,87.05188080603682
114493937,institution,Creighton University,,,US,0.278974929186603,1450,13.416666666666666
56085075,institution,University of Tartu,,,EE,0.27864661070777424,1451,42.105719280719285
127670440,institution,Bahauddin Zakariya University,,,PK,0.278513710070978,1452,12.715090465090464
139759216,institution,Beijing University of Posts and Telecommunications,,,CN,0.27838180783402494,1453,6.833333333333333
86467917,institution,James Cook University,,,AU,0.27820589073300134,1454,26.33730158730159
83291730,institution,University for Development Studies,,,GH,0.27815863062753743,1455,35.11507936507937
28046988,institution,Kwame Nkrumah University of Science and Technology,,,GH,0.2779773628604866,1456,76.68730158730159
130179515,source,Economic Record,0013-0249,E,,0.2775323878687818,1457,241.0
57522439,source,Australian Economic Papers,0004-900X,E,,0.2771400652449054,1458,162.0
180910786,institution,Universidad de la República,,,UY,0.276768307439505,1459,45.36346153846153
40285785,source,Journal of Applied Economics,1514-0326,E,,0.2767214790259298,1460,192.0
80947539,institution,Fuzhou University,,,CN,0.27648438810897646,1461,49.973743386243385
4210153204,institution,Universidade Portucalense,,,PT,0.27490672293615864,1462,10.166666666666666
129043915,institution,University of Udine,,,IT,0.27487322466110037,1463,19.810714285714287
96749437,institution,Texas A&M University – Corpus Christi,,,US,0.2748499574611726,1464,25.430577005577003
33849332,institution,University of Malaya,,,MY,0.2748403739819051,1465,95.62896825396822
146534985,source,Journal of Economic Interaction and Coordination,1860-711X,E,,0.27475468422072313,1466,132.0
146165071,institution,Universidade Federal de Viçosa,,,BR,0.2745510614343228,1467,45.4302947052947
94234084,institution,Indian Institute of Technology Kanpur,,,IN,0.2740947858080636,1468,37.86590909090909
200274427,source,Pacific Economic Review,1361-374X,E,,0.2740448554768577,1469,97.0
119635470,institution,Universidad de Las Palmas de Gran Canaria,,,ES,0.27397317478562117,1470,33.95866910866911
96413208,institution,Swinburne University of Technology Sarawak Campus,,,MY,0.2728830655595156,1471,1.7333333333333334
111599522,institution,Jiangnan University,,,CN,0.2725034951706373,1472,45.41093351093352
88830068,institution,Shaanxi Normal University,,,CN,0.2720924109798942,1473,35.9037037037037
202575966,institution,Central Bank of the Republic of Turkey,,,TR,0.271399343586232,1474,66.96666666666667
190134885,institution,Helmut Schmidt University,,,DE,0.2713365518537907,1475,32.769444444444446
2764889080,source,Evolutionary and Institutional Economics Review,1349-4961,E,,0.2709083839126227,1476,75.0
90392387,source,South African Journal of Economics,0038-2280,E,,0.27053480591618423,1477,101.0
76903346,institution,University of Coimbra,,,PT,0.2704565653044304,1478,75.84961193776982
94588446,institution,Hongik University,,,KR,0.270300178639179,1479,13.36111111111111
91633459,institution,Middle East University,,,JO,0.2698186096490067,1480,6.696825396825397
109935558,institution,Ningbo University,,,CN,0.2689871542675259,1481,42.63798701298701
4210150297,institution,Institute of Business Management,,,PK,0.2680176376794461,1482,6.662301587301587
4210109591,institution,Thuongmai University,,,VN,0.26751786605594224,1483,11.817063492063493
132357854,institution,Indian Institute of Management Kozhikode,,,IN,0.26676230870823453,1484,14.75
55106644,institution,Amsterdam University of Applied Sciences,,,NL,0.2662601582554126,1485,9.78452380952381
162838928,institution,National Chung Hsing University,,,TW,0.2661091380872921,1486,17.915079365079364
142444530,institution,University of Trieste,,,IT,0.2659042071268162,1487,16.39910714285714
205490536,institution,Dongguk University,,,KR,0.2658921244229776,1488,13.655128205128204
8961855,institution,Universidad Nacional Autónoma de México,,,MX,0.26478937740778213,1489,118.68293650793653
165831266,institution,Nirma University,,,IN,0.2646361621238207,1490,15.566666666666666
67009956,institution,Iran University of Science and Technology,,,IR,0.26454455892755524,1491,9.684523809523808
32574673,institution,Shantou University,,,CN,0.26441755129279254,1492,15.988888888888889
142024983,institution,Prince Sultan University,,,SA,0.2644133697445556,1493,11.565873015873015
76198965,institution,Friedrich Schiller University Jena,,,DE,0.26431748101864205,1494,25.530555555555555
47838141,institution,Saint Louis University,,,US,0.2642843200116801,1495,5.928968253968254
38877650,institution,Zhengzhou University,,,CN,0.26343337304540504,1496,46.2036311358892
178450904,institution,National University of Distance Education,,,ES,0.263010720494509,1497,29.625000000000004
51452335,institution,Panjab University,,,IN,0.2620850084243112,1498,17.275
206011266,institution,Kwansei Gakuin University,,,JP,0.26206385396735943,1499,48.31666666666667
164936912,institution,The University of Texas at El Paso,,,US,0.26191696930115554,1500,29.351190476190474
72227227,institution,Makerere University,,,UG,0.2616190406434753,1501,38.14491341991342
31595395,institution,Chengdu University of Technology,,,CN,0.2615446639744958,1502,32.68049450549451
135237710,institution,Zhejiang Normal University,,,CN,0.26111239577696965,1503,20.50753968253968
33501960,institution,Universidade Federal de Santa Maria,,,BR,0.260853677887369,1504,19.426984126984127
8636806,institution,University of Sousse,,,TN,0.2602437615149316,1505,63.20416666666667
171210897,institution,Aligarh Muslim University,,,IN,0.259714878345746,1506,45.21607142857143
180492355,source,Public Finance Review,1091-1421,E,,0.2595963254065956,1507,110.0
50760025,institution,Hangzhou Dianzi University,,,CN,0.2594874692048942,1508,22.53944805194805
4210209416,source,Green Finance,2643-1092,E,,0.2592162490635452,1509,90.0
102607778,institution,Cleveland State University,,,US,0.25895262588922635,1510,12.900000000000002
173899330,institution,Henan University,,,CN,0.25868645471195884,1511,59.09974053724054
91357014,institution,Banaras Hindu University,,,IN,0.25714110526471584,1512,31.130555555555556
21881038,institution,IPB University,,,ID,0.25633433041216264,1513,36.40192307692308
21449261,institution,Masaryk University,,,CZ,0.2563152360440069,1514,52.59420093795094
152429107,institution,Jawaharlal Nehru University,,,IN,0.2560470875101475,1515,74.82765151515153
1331070479,institution,Université de Yaoundé I,,,CM,0.2557571907179954,1516,59.16111111111111
182083151,institution,Universidad Rey Juan Carlos,,,ES,0.2553589480495134,1517,99.6650543900544
45998257,institution,Sohar University,,,OM,0.2549910658389205,1518,10.948015873015873
263417816,institution,The Russian Presidential Academy of National Economy and Public Administration,,,RU,0.2544190468024465,1519,24.463888888888885
28022161,institution,King Saud University,,,SA,0.2537314965754973,1520,48.488177100677106
79238269,institution,Universidad de Sevilla,,,ES,0.2537193701765507,1521,67.56751461258041
142208455,institution,VSB - Technical University of Ostrava,,,CZ,0.25358020619346533,1522,45.01607142857142
118905719,institution,University of Primorska,,,SI,0.25304564218608744,1523,25.6615889212828
74413500,institution,University of Windsor,,,CA,0.25250110877959553,1524,24.829545454545457
4210193400,source,Economic Change and Restructuring,1573-9414,E,,0.252094367049173,1525,402.0
2802706902,institution,Knoxville College,,,US,0.2520691251513565,1526,3.724999999999999
148751991,institution,Sogang University,,,KR,0.25196248974723323,1527,60.575
110166357,institution,University of Delhi,,,IN,0.2517511344849577,1528,87.35
2764518860,source,Annals of Economics and Statistics,1968-3863,E,,0.2513585881935663,1529,36.0
4626487,institution,King Faisal University,,,SA,0.251210179594947,1530,29.515343915343912
16365422,institution,Hefei University of Technology,,,CN,0.2511344912408555,1531,75.178841991342
39268498,institution,University of Isfahan,,,IR,0.25056134363628446,1532,12.666666666666668
4210144888,institution,Business France,,,FR,0.25034199817111813,1533,6.758333333333334
158708052,institution,Chulalongkorn University,,,TH,0.24978283728784922,1534,62.715873015873015
12615008,institution,Beijing Normal University - Hong Kong Baptist University United International College,,,CN,0.24956645773291583,1535,14.027777777777779
60370010,source,Journal of the Knowledge Economy,1868-7865,E,,0.2489191551890107,1536,1176.0
23574469,institution,Krakow University of Economics,,,PL,0.24877104013283224,1537,85.0
11892038,institution,University of Nigeria,,,NG,0.24865499409594888,1538,71.14933862433863
119004910,institution,Silesian University of Technology,,,PL,0.24862061064162663,1539,13.026587301587302
43566213,institution,National Taipei University of Business,,,TW,0.24821981225004192,1540,8.499999999999998
82497590,institution,Auburn University,,,US,0.24686548665428354,1541,88.58095238095238
107949126,institution,University of Lethbridge,,,CA,0.24633281440762458,1542,15.914285714285715
130217899,institution,Åbo Akademi University,,,FI,0.24632124971401867,1543,4.607539682539683
44854399,institution,University of Southern Mississippi,,,US,0.2462092763836696,1544,5.583333333333333
6469544,institution,City University of Macau,,,MO,0.2458488090806779,1545,27.69424603174603
83863532,institution,Polytechnic Institute of Porto,,,PT,0.2451799067750064,1546,21.834737484737484
4068193,institution,University of Belgrade,,,RS,0.24508304634301833,1547,71.87294776797066
145897649,institution,Minzu University of China,,,CN,0.24501253504986115,1548,27.953571428571426
919208787,institution,Louisiana Tech University,,,US,0.24497752315300012,1549,5.6499999999999995
162827531,institution,Indian Institute of Technology Bombay,,,IN,0.24456812267047073,1550,57.34512987012987
22361854,source,Cost Effectiveness and Resource Allocation,1478-7547,E,,0.2425033622872821,1551,258.0
3030835295,source,Economic Affairs,0265-0665,E,,0.24249904727493546,1552,116.0
130442723,institution,Universidade Federal do Rio Grande do Sul,,,BR,0.24230768658894683,1553,66.08814699792961
158867519,institution,International Management Institute,,,IN,0.24230590169890717,1554,19.911111111111108
39815113,institution,Georgia Southern University,,,US,0.24213282331810823,1555,27.333333333333332
45711476,institution,Obafemi Awolowo University,,,NG,0.24085192378838471,1556,46.67738095238095
52418104,institution,Universidade Federal do Paraná,,,BR,0.24010285907736326,1557,73.52646652864044
178232147,institution,Guizhou University,,,CN,0.23947409924622126,1558,35.91385281385281
41198531,institution,Nanjing University of Posts and Telecommunications,,,CN,0.23896756371184386,1559,12.090079365079365
79516672,institution,University of Louisiana at Lafayette,,,US,0.23761283489364945,1560,13.674242424242426
368840534,institution,University of Mississippi,,,US,0.23734013377411478,1561,67.2103896103896
2801516365,institution,Kumasi Technical University,,,GH,0.23639109606911066,1562,5.008333333333333
179193067,institution,Khon Kaen University,,,TH,0.23494606825186062,1563,23.76071428571429
166595748,source,International Review of Economics,1863-4613,E,,0.23469253620772867,1564,104.0
36721946,institution,Kuwait University,,,KW,0.23468401751647505,1565,11.351190476190476
170979836,institution,Jadavpur University,,,IN,0.23447352515099926,1566,43.61111111111112
7726996,institution,Henan University of Economic and Law,,,CN,0.23332637629367395,1567,11.58968253968254
186803428,institution,Brock University,,,CA,0.2321900521582424,1568,31.769444444444442
142608572,institution,Prince Sattam Bin Abdulaziz University,,,SA,0.2316316443312285,1569,41.25374486624486
56308077,institution,Indian Institute of Management Rohtak,,,IN,0.23078532789535766,1570,11.916666666666668
4210106663,institution,International University of Rabat,,,MA,0.230479413933688,1571,10.861111111111114
47996466,institution,University of Warmia and Mazury in Olsztyn,,,PL,0.2303990750745046,1572,52.14632352941176
4537092,institution,Addis Ababa University,,,ET,0.22987648096395558,1573,38.31031746031746
120238654,institution,Saudi Electronic University,,,SA,0.22974126388221627,1574,10.709704184704185
170287006,source,Scandinavian Economic History Review,0358-5522,E,,0.22969186557169666,1575,106.0
69050122,institution,Near East University,,,CY,0.229514485515097,1576,20.904648526077096
161057412,institution,University of New Hampshire,,,US,0.22933314248651834,1577,27.89702380952381
111398093,institution,Kozminski University,,,PL,0.22868015660926846,1578,49.018290043290044
4210096063,institution,Ho Chi Minh City Open University,,,VN,0.22865807636899232,1579,60.71111111111111
4210095297,institution,MIT University,,,MK,0.22734413199175324,1580,7.348611111111112
154851008,institution,Indian Institute of Technology Roorkee,,,IN,0.22684815955294757,1581,44.56313131313131
38919395,institution,Indian Institute of Foreign Trade,,,IN,0.22677135460587683,1582,38.62222222222222
4210175221,source,Asia-Pacific Journal of Regional Science,2509-7946,E,,0.2267014885588543,1583,142.0
2764824119,source,Real Estate Management and Valuation,2300-5289,E,,0.2263147856526714,1584,132.0
3132277652,institution,International Centre for Education in Islamic Finance,,,MY,0.22614601324085834,1585,11.208333333333332
931278978,institution,College of Business Administration,,,LV,0.22613733388158827,1586,8.17261904761905
2613432,institution,University of South Florida,,,US,0.22427601362442062,1587,36.7468253968254
1290523313,institution,Magyar Agrár- és Élettudományi Egyetem,,,HU,0.22373262364100796,1588,31.120670995670995
172901346,institution,St Petersburg University,,,RU,0.22296646693698918,1589,30.29722222222222
230915877,institution,The American College of Greece,,,GR,0.22239164050275295,1590,11.135714285714286
108108428,institution,Thammasat University,,,TH,0.2218766711924159,1591,26.58015873015873
170164250,institution,Elon University,,,US,0.22170800060820878,1592,15.083333333333334
17145004,institution,Northwestern Polytechnical University,,,CN,0.2217059520513338,1593,25.695767195767196
96544531,source,Applied Economics Letters,1350-4851,E,,0.22163844641689726,1594,1943.0
119744171,institution,Higher Colleges of Technology,,,AE,0.22115594878544154,1595,11.291666666666664
98947143,institution,California State Polytechnic University,,,US,0.22101948108627634,1596,5.563910338910339
88596544,institution,Universidade Lusófona,,,PT,0.22053515039151975,1597,6.074999999999999
21945476,institution,Shanghai Normal University,,,CN,0.2201350829925817,1598,32.61269841269841
173161963,institution,University of Prešov,,,SK,0.22012744083673996,1599,27.440569561157798
131221577,institution,Bucknell University,,,US,0.2191631545589493,1600,23.083333333333332
161371597,institution,Universiti of Malaysia Sabah,,,MY,0.21806041157053555,1601,13.81154401154401
123565023,institution,Vietnam National University Ho Chi Minh City,,,VN,0.2177730893463615,1602,38.105952380952374
141595442,institution,University of Bucharest,,,RO,0.21773099880302638,1603,18.192045454545458
172780181,institution,University of the Punjab,,,PK,0.2168561951814149,1604,19.330735930735933
126145234,institution,Chaoyang University of Technology,,,TW,0.21681101202745773,1605,16.575
65285256,institution,Pontifical Catholic University of Peru,,,PE,0.2165329895001585,1606,48.16666666666667
879563668,institution,Universidade Estadual Paulista (Unesp),,,BR,0.21559410761348685,1607,28.45736714975845
186771145,institution,Covenant University,,,NG,0.2144140338704136,1608,29.801587301587304
2764651625,source,Journal of Economic Integration,1225-651X,E,,0.21355089306368502,1609,116.0
4210150237,institution,Dhofar University,,,OM,0.21352719290780714,1610,12.794047619047618
917184967,institution,Bank of China,,,CN,0.2131389489433292,1611,7.538888888888889
139322472,institution,Universiti Sains Malaysia,,,MY,0.2130399629004979,1612,93.60936147186146
122964287,institution,National Institute of Technology Tiruchirappalli,,,IN,0.21297815016058283,1613,6.966666666666667
4210153668,institution,Wenzhou-Kean University,,,CN,0.21248450668132965,1614,13.769444444444442
118803816,institution,Liaoning University,,,CN,0.2114945580904305,1615,56.35
208333798,institution,University of Missouri–St. Louis,,,US,0.21108450186583505,1616,12.20277777777778
134085113,institution,King Fahd University of Petroleum and Minerals,,,SA,0.2099878765622778,1617,18.667460317460318
113509650,source,Journal of the Asia Pacific Economy,1354-7860,E,,0.20957099637805757,1618,281.0
67900169,institution,Chung-Ang University,,,KR,0.20919059078180718,1619,47.11993464052287
4210216953,source,International Journal of Economic Policy Studies,1881-4387,E,,0.20891071369183647,1620,76.0
208081647,institution,Coastal Carolina University,,,US,0.2082639169858818,1621,4.166666666666666
130343225,institution,Universiti Putra Malaysia,,,MY,0.2080112799077527,1622,70.7345238095238
4101805,institution,Yıldız Technical University,,,TR,0.2069726561580507,1623,37.19761904761905
3129492623,institution,University of Da Nang,,,VN,0.20663754313146218,1624,21.80265151515151
128035191,source,The Developing Economies,0012-1533,E,,0.2058950387996517,1625,136.0
59475050,institution,Jamia Millia Islamia,,,IN,0.20588315050147202,1626,13.403210678210678
4210166615,institution,INESC TEC,,,PT,0.2052513087134233,1627,4.488888888888888
176601375,institution,Khalifa University of Science and Technology,,,AE,0.20524747953528974,1628,10.767615717615717
205984670,institution,Czech University of Life Sciences Prague,,,CZ,0.20515064147293519,1629,38.04647458017023
61722147,institution,Universidade do Vale do Rio dos Sinos,,,BR,0.20386743185783737,1630,12.444444444444443
16146169,source,International Journal of Economic Theory,1742-7355,E,,0.2026562753336872,1631,100.0
175691731,institution,Pondicherry University,,,IN,0.20253595081407288,1632,18.183333333333334
4210096295,institution,University of Finance - Marketing,,,VN,0.20249757879517977,1633,60.31944444444446
11019714,institution,Universidade da Coruña,,,ES,0.20245880996970067,1634,59.55860805860806
107077323,institution,Worcester Polytechnic Institute,,,US,0.2020515830097494,1635,4.188095238095238
19880235,institution,Lomonosov Moscow State University,,,RU,0.19980709449592032,1636,23.050534188034188
193530623,source,Studies in Nonlinear Dynamics and Econometrics,1081-1826,E,,0.19973855225926498,1637,169.0
41461413,institution,Universiti Malaysia Sarawak,,,MY,0.1997090947984096,1638,14.758333333333333
2737296559,source,Economies,2227-7099,E,,0.19893141809824472,1639,956.0
3130814776,institution,University of Okara,,,PK,0.1989270137935424,1640,5.9436202686202675
4210120329,institution,RTI Health Solutions,,,US,0.19832826391141492,1641,78.85281224473916
43968019,institution,Karlstad University,,,SE,0.19821124897638057,1642,4.838095238095238
4210091267,institution,Gelişim Üniversitesi,,,TR,0.19815361892363476,1643,30.902777777777775
165390105,institution,University of South Africa,,,ZA,0.19724424873377414,1644,96.23293650793653
4164984,institution,International Islamic University Malaysia,,,MY,0.19716100887696442,1645,22.58585858585858
179324530,institution,Jilin University of Finance and Economics,,,CN,0.19652127410407913,1646,29.170634920634924
33096239,institution,National Dong Hwa University,,,TW,0.19628914616242377,1647,23.400000000000002
100633361,institution,University of Massachusetts Dartmouth,,,US,0.196188112383219,1648,2.562698412698413
157696592,institution,Universiti Malaysia Terengganu,,,MY,0.19565201748765992,1649,15.12382756132756
149910238,institution,Kent State University,,,US,0.19517845642294301,1650,21.305555555555557
110200422,institution,Universidade Federal de Minas Gerais,,,BR,0.19412125028121463,1651,107.02099100321898
49164534,source,Journal of International Commerce Economics and Policy,1793-9933,E,,0.19401965494861964,1652,69.0
203847022,institution,Instituto Politécnico de Lisboa,,,PT,0.19396557251251564,1653,16.708946608946608
157358134,institution,RMIT Vietnam,,,VN,0.19396465965431506,1654,22.046825396825398
130438778,institution,Memorial University of Newfoundland,,,CA,0.19380358112858112,1655,27.811482961482962
4210240883,source,Bulletin of Monetary Economics and Banking,1410-8046,E,,0.19330330288604164,1656,127.0
156260212,source,Research in Economics,1090-9443,E,,0.19329542362005578,1657,125.0
45643870,institution,Pontifícia Universidade Católica do Rio Grande do Sul,,,BR,0.19327411126033517,1658,19.00473692973693
109173049,institution,Beijing Foreign Studies University,,,CN,0.19283261105834795,1659,11.799999999999997
165737746,institution,Tomas Bata University in Zlín,,,CZ,0.19280541181187225,1660,30.62738095238095
63596082,institution,Tunis El Manar University,,,TN,0.19274426969784372,1661,26.883333333333336
48076826,institution,Chiang Mai University,,,TH,0.19248300484940223,1662,39.02063492063492
4210208553,source,OPEC Energy Review,1753-0229,E,,0.19223999424694704,1663,81.0
79161377,institution,Punjabi University,,,IN,0.19180650012266226,1664,9.333333333333332
106778892,institution,Princess Nourah bint Abdulrahman University,,,SA,0.19162209268065925,1665,8.649999999999999
22431819,source,International Economic Journal,1016-8737,E,,0.19158239186883663,1666,105.0
870178186,institution,Nyenrode Business University,,,NL,0.19131525921794415,1667,1.8527777777777776
931681460,institution,Universiti Tunku Abdul Rahman,,,MY,0.1894454387711455,1668,17.00515873015873
160968435,institution,University of Sargodha,,,PK,0.1892817480320157,1669,12.102777777777778
170913539,source,Bulletin of Economic Research,0307-3378,E,,0.18911750679609657,1670,207.0
2765075218,source,Cogent Economics & Finance,2332-2039,E,,0.18892464420857075,1671,986.0
177671886,institution,Mercu Buana University,,,ID,0.18783773886887525,1672,5.804304029304029
63135867,institution,University of Cincinnati,,,US,0.18724435203918555,1673,35.11468253968253
200362191,institution,Universidad Autónoma Metropolitana,,,MX,0.18651728665211967,1674,37.379761904761914
924760719,institution,University of North Georgia,,,US,0.18645367707044125,1675,15.866666666666667
145380033,institution,Amman Arab University,,,JO,0.18632471720707466,1676,1.5220238095238097
211738395,institution,Financial University,,,RU,0.1851763724712675,1677,61.998268398268394
157286207,institution,"National University of Ireland, Maynooth",,,IE,0.1847035147247828,1678,15.912488328664798
185277049,source,Journal of Banking Regulation,1745-6452,E,,0.18349199976105413,1679,109.0
50632499,institution,Chongqing University of Technology,,,CN,0.18348961481269732,1680,13.53452380952381
7589121,institution,University of Professional Studies,,,GH,0.18280441384464224,1681,40.71547619047619
161913731,institution,Al Ain University,,,AE,0.18265758514702282,1682,25.769444444444446
34250744,institution,University of Łódź,,,PL,0.1822313526545532,1683,160.8218253968254
187855631,institution,Foreign Trade University,,,VN,0.18205019378030646,1684,38.74960317460317
231025917,institution,Hellenic Open University,,,GR,0.18199642424180718,1685,32.32222222222222
123185442,institution,Reykjavík University,,,IS,0.1819265744585468,1686,5.215151515151515
4210173643,source,International Journal of Health Economics and Management,2199-9023,E,,0.18164829275378366,1687,90.0
181326427,institution,Donghua University,,,CN,0.18140146588083983,1688,19.89223184223184
4210126505,institution,Amity University,,,AE,0.18130638828514462,1689,3.4666666666666663
108403487,institution,Warsaw University of Technology,,,PL,0.18082259521618402,1690,15.342261904761903
145019703,institution,Al-Zaytoonah University of Jordan,,,JO,0.180317306115325,1691,10.916666666666666
894721429,institution,EAE Business School,,,ES,0.17974486977197202,1692,11.224206349206348
189196454,institution,The University of Texas at Arlington,,,US,0.1795595673661073,1693,15.23333333333333
80611190,institution,Jeonbuk National University,,,KR,0.17895601839429887,1694,36.33977272727273
62126747,source,The Singapore Economic Review,0217-5908,E,,0.17873502590157572,1695,524.0
181870614,source,Journal of Financial Economic Policy,1757-6385,E,,0.17871523984059134,1696,128.0
88045947,source,The International Trade Journal,0885-3908,E,,0.17813205072616028,1697,148.0
170726198,institution,University of Novi Sad,,,RS,0.17785939525021285,1698,43.184259259259264
4210137468,institution,XIM University,,,IN,0.177496054319657,1699,11.166666666666668
4210220385,source,Economics,1864-6042,E,,0.1766361755119378,1700,118.0
103703290,institution,Sakarya University,,,TR,0.1763384475175706,1701,45.49386446886448
4210131147,institution,SRM University,,,IN,0.17581596166584068,1702,9.102777777777778
170230895,institution,Warsaw University of Life Sciences,,,PL,0.1756981358046077,1703,18.946723115430206
3131870445,institution,Woxsen School of Business,,,IN,0.17566877102839937,1704,4.3875
78768387,institution,University of Prishtina,,,XK,0.17492488595236644,1705,28.075
4401200333,institution,ESIC Business & Marketing School,,,,0.17419384559964135,1706,6.6269841269841265
87208437,institution,University of Tulsa,,,US,0.17294702186736424,1707,7.479166666666667
4210219734,source,National Accounting Review,2689-3010,E,,0.17268218368987925,1708,85.0
166533956,institution,Institute of Management Technology,,,IN,0.17227488038919936,1709,31.53888888888889
157638225,institution,"California State University, Northridge",,,US,0.17212626033424724,1710,9.541666666666666
4210202595,source,International Journal of Financial Engineering,2424-7863,E,,0.1717171922202282,1711,179.0
11874761,institution,University of North Florida,,,US,0.17072928243722674,1712,11.7
27765905,institution,North-West University,,,ZA,0.17015882684484454,1713,49.422222222222224
107470533,institution,Tamkang University,,,TW,0.1701193978310665,1714,31.750000000000004
862893732,institution,Telkom University,,,ID,0.16982952483636624,1715,5.452380952380953
12379730,institution,Poznań University of Economics and Business,,,PL,0.16968823732656765,1716,124.29166666666666
2764865913,source,Economics and Business Letters,2254-4380,E,,0.16919445772523503,1717,133.0
863896202,institution,Delhi Technological University,,,IN,0.1683172733004929,1718,12.5
746986,institution,Halmstad University,,,SE,0.16816417872415818,1719,2.216666666666667
4210214909,source,Prague Economic Papers,1210-0455,E,,0.1679649718272779,1720,80.0
25359449,source,International Advances in Economic Research,1083-0898,E,,0.1679547657924957,1721,114.0
177055848,institution,University of Brawijaya,,,ID,0.1678845490719642,1722,19.54004329004329
12832649,institution,Gachon University,,,KR,0.1678689810554314,1723,15.55
123338534,institution,Università degli Studi del Piemonte Orientale “Amedeo Avogadro”,,,IT,0.1678432276673783,1724,28.788647463647465
4210142152,institution,ORCID,,,US,0.16767353087101533,1725,58.30555555555555
205612303,institution,Chinese Culture University,,,TW,0.16721505121722413,1726,12.136904761904763
82178847,source,Economic Papers A journal of applied economics and policy,0812-0439,E,,0.16669745809921513,1727,92.0
244572783,institution,Symbiosis International University,,,IN,0.165622779205806,1728,75.56944444444444
80850581,institution,Universidade Federal de Uberlândia,,,BR,0.16381963592413465,1729,36.62820048309178
81556334,institution,Amrita Vishwa Vidyapeetham,,,IN,0.1638057559513901,1730,12.383333333333335
67581229,institution,Istanbul University,,,TR,0.16328108574880607,1731,50.91736694677872
53276908,institution,Marymount University,,,US,0.16305903725407261,1732,9.36111111111111
141649380,institution,Western Michigan University,,,US,0.1629320284297821,1733,23.849999999999998
155381812,institution,University of Trás-os-Montes and Alto Douro,,,PT,0.16142924297494785,1734,18.34013347763348
101407740,institution,Chandigarh University,,,IN,0.16132621810657977,1735,17.263095238095236
48379061,institution,Shahid Beheshti University,,,IR,0.16113843457094026,1736,15.307142857142855
11855966,institution,Diponegoro University,,,ID,0.16062101264952555,1737,21.43888888888889
16292982,institution,National Institute of Technology Rourkela,,,IN,0.16056309099630472,1738,21.599999999999998
126477371,institution,Mohammed V University,,,MA,0.1604840900231349,1739,26.538095238095238
185571130,institution,Al-Farabi Kazakh National University,,,KZ,0.16007131746251013,1740,10.022985347985347
177733328,institution,Can Tho University,,,VN,0.15949237193967156,1741,19.29563492063492
104354167,source,Acta Oeconomica,0001-6373,E,,0.15894239642933525,1742,133.0
49131624,source,International Journal of Social Economics,0306-8293,E,,0.15867908679666748,1743,392.0
191879574,institution,Inha University,,,KR,0.1558811467436775,1744,34.89404761904761
64935225,institution,University of Economics in Bratislava,,,SK,0.1557408883997935,1745,66.20952380952383
189268942,institution,Universidad de Alcalá,,,ES,0.15440580860994424,1746,48.665366066681855
4210138731,institution,ICFAI Foundation for Higher Education,,,IN,0.1534991390574328,1747,9.200000000000001
4210177023,source,Brazilian Journal of Political Economy,0101-3157,E,,0.1532389807788222,1748,187.0
4210125143,institution,Chengdu University,,,CN,0.15322894456681496,1749,7.841847041847042
4210130704,institution,University of Michigan–Dearborn,,,US,0.15161509050764177,1750,6.260964912280702
188730046,institution,Vytautas Magnus University,,,LT,0.15137038517235207,1751,20.299999999999997
183533211,institution,University of Wisconsin–Whitewater,,,US,0.1502746329680265,1752,12.833333333333332
51569856,institution,Sultan Zainal Abidin University,,,MY,0.14900643662532762,1753,9.65
82724352,institution,Universiti Teknologi MARA,,,MY,0.1488585476810461,1754,28.59296398046398
111245572,institution,Indian Institute of Management Raipur,,,IN,0.14798065097064556,1755,20.53333333333333
99613584,institution,National Taipei University,,,TW,0.14678089024348828,1756,47.66626984126985
2738428943,source,Studia Universitatis „Vasile Goldis” Arad – Economics Series,1584-2339,E,,0.14666239127976785,1757,68.0
945769174,source,Revue d économie politique,0373-2630,E,,0.14623428352590243,1758,80.0
897156735,institution,Bank of Korea,,,KR,0.14549036320968287,1759,40.19444444444445
4210228954,source,Revue de l'OFCE/La Revue de l'OFCE,1265-9576,E,,0.14533761392541614,1760,45.0
82509713,institution,Mälardalen University,,,SE,0.14526065776200406,1761,4.541666666666667
42775652,institution,Link Campus University,,,IT,0.1443072687643511,1762,5.294444444444444
147126554,source,Panoeconomicus,1452-595X,E,,0.14400815784681453,1763,99.0
4210129200,institution,O. P. Jindal Global University,,,IN,0.14383568414047462,1764,39.300000000000004
124121301,institution,Lucian Blaga University of Sibiu,,,RO,0.14353124062879452,1765,15.818650793650793
146583814,institution,Mykolas Romeris University,,,LT,0.14135666756888704,1766,25.573809523809523
95023434,institution,University of KwaZulu-Natal,,,ZA,0.14129656683455868,1767,77.41805555555555
5100685,institution,University of Education,,,PK,0.14077839677978335,1768,7.7686202686202686
2738848155,source,Contemporary Economics,2084-0845,E,,0.14076086797421647,1769,81.0
99712911,institution,Nelson Mandela University,,,ZA,0.14056870747923886,1770,43.43674242424243
203088144,institution,Nova Southeastern University,,,US,0.14050347045203623,1771,34.68333333333334
184139950,institution,Moscow State Institute of International Relations,,,RU,0.1402884062047638,1772,12.570634920634918
109297418,institution,Gebze Technical University,,,TR,0.13953777024858408,1773,23.640476190476193
46803900,source,Macroeconomics and Finance in Emerging Market Economies,1752-0843,E,,0.13941244975349637,1774,110.0
149218525,institution,Ankara University,,,TR,0.1393487071654189,1775,40.43333333333333
4210234539,source,Research in Globalization,2590-051X,E,,0.13902203304819066,1776,162.0
678965,source,Value in Health,1098-3015,E,,0.13896164623780416,1777,7366.0
104817121,institution,University of Sarajevo,,,BA,0.1389511755738245,1778,41.16666666666667
2800084297,institution,Indian Institute of Management Shillong,,,IN,0.13883095469355,1779,10.933333333333334
119050109,institution,Ahlia University,,,BH,0.13812721266401712,1780,3.1428571428571423
90697900,institution,EBS University of Business and Law,,,DE,0.1381080711951032,1781,10.333333333333332
5847235,institution,University of Petroleum and Energy Studies,,,IN,0.1380499644847254,1782,11.820833333333333
226983648,institution,Narsee Monjee Institute of Management Studies,,,IN,0.13772031226732737,1783,20.37777777777778
139290212,institution,Hofstra University,,,US,0.13723991712598677,1784,6.247655122655122
35777872,institution,North Carolina Agricultural and Technical State University,,,US,0.13682702643665615,1785,12.235714285714286
305801656,institution,Wroclaw University of Economics and Business,,,PL,0.13607888390197065,1786,53.09166666666667
63098007,institution,Liverpool John Moores University,,,GB,0.13601637595441415,1787,7.908333333333333
2801299839,institution,Collins College,,,US,0.1350586027900147,1788,1.6666666666666667
24062138,institution,Konkuk University,,,KR,0.13495132666370668,1789,24.292857142857144
123443094,institution,Universidade Estadual de Maringá,,,BR,0.13480293708045296,1790,30.36190476190476
4210187131,source,South East European Journal of Economics and Business,2233-1999,E,,0.13469535393998797,1791,73.0
19648265,institution,Wright State University,,,US,0.13442516530875814,1792,9.092857142857143
149339240,source,Eastern European Economics,0012-8775,E,,0.13348379883865588,1793,136.0
4210127441,institution,Indian Institute of Technology Jammu,,,IN,0.13191460982750414,1794,11.566666666666666
354108,institution,Minjiang University,,,CN,0.13168087991849386,1795,14.083333333333332
35913352,institution,Prague University of Economics and Business,,,CZ,0.13081570946083268,1796,185.26263736263738
96062909,institution,Babson College,,,US,0.13067912159655987,1797,7.333333333333333
4210086371,institution,Azerbaijan State University of Economics,,,AZ,0.1297410619143998,1798,32.505
169427155,institution,Instituto Politécnico de Leiria,,,PT,0.12957123458725295,1799,8.604234143049933
88491126,institution,Bucharest University of Economic Studies,,,RO,0.1294034721801497,1800,195.62519841269838
183764125,institution,Technical University of Košice,,,SK,0.12899482431053438,1801,54.10039682539683
74897591,institution,Marmara University,,,TR,0.12876708898023,1802,37.97103174603174
158716096,institution,University of Peloponnese,,,GR,0.1285677008737391,1803,35.83730158730159
181343428,institution,University of Zagreb,,,HR,0.12846940752174513,1804,151.55287345504738
166073570,institution,Binus University,,,ID,0.12840874606550923,1805,10.830555555555554
174025329,institution,University of the Sunshine Coast,,,AU,0.12838571749762095,1806,14.375595238095238
192396691,institution,University of New Orleans,,,US,0.12783464123382932,1807,13.649999999999999
4210092681,institution,Antwerp Management School,,,BE,0.12754470157465636,1808,3.311111111111111
4210240452,source,REVISTA PROCESOS DE MERCADO,1697-6797,E,,0.12704904195694533,1809,72.0
35928602,institution,Kyung Hee University,,,KR,0.1269434841182287,1810,85.29464285714288
134635517,institution,Bandung Institute of Technology,,,ID,0.12658726374502652,1811,24.82444444444445
21173400,institution,Mutah University,,,JO,0.12517961089799867,1812,10.166666666666666
155173764,institution,Rochester Institute of Technology,,,US,0.12187797256397569,1813,21.575
72264486,institution,University of Tabuk,,,SA,0.12180585419073957,1814,12.203968253968252
104941359,institution,Al-Ahliyya Amman University,,,JO,0.12165924330045204,1815,4.341666666666667
119896790,institution,Sebelas Maret University,,,ID,0.12045939197349585,1816,34.38333333333334
191972202,institution,Amity University,,,IN,0.11992503382196477,1817,14.373412698412697
8408910,institution,Cardiff Metropolitan University,,,GB,0.11895338134792471,1818,8.422222222222222
21067949,institution,Adolfo Ibáñez University,,,CL,0.11863232735517767,1819,29.36388888888889
301324184,institution,Xavier School of Management,,,IN,0.11832275511469692,1820,13.083333333333334
80606768,institution,Universidad de Extremadura,,,ES,0.11821299898402937,1821,36.975
205133468,institution,Airlangga University,,,ID,0.11800060879094965,1822,49.30624999999999
26999989,institution,University of the Free State,,,ZA,0.11749403882926472,1823,39.64285714285714
181744264,institution,Kharazmi University,,,IR,0.11697745002237044,1824,15.62142857142857
169045520,institution,Universidade Federal da Paraíba,,,BR,0.11693936259510587,1825,35.578968253968256
175963831,source,El Trimestre Económico,0041-3011,E,,0.11662890673491708,1826,84.0
74788687,institution,Comenius University Bratislava,,,SK,0.11617174629309789,1827,23.40508658008658
104588304,institution,University of Szczecin,,,PL,0.11590566333258955,1828,37.52222222222222
56081889,institution,Mendel University in Brno,,,CZ,0.11579842750266853,1829,38.02976190476191
133599470,institution,Universidad del Desarrollo,,,CL,0.11558999685681642,1830,15.885052910052908
37696226,institution,University of Maribor,,,SI,0.11513081690806931,1831,45.07380952380952
99304778,source,Forum for Social Economics,0736-0932,E,,0.11457845045588953,1832,105.0
40413290,institution,University of Gdańsk,,,PL,0.11444710769055186,1833,29.507575757575754
44265643,institution,Rowan University,,,US,0.11367926046748862,1834,3.9166666666666665
132735039,institution,University of Debrecen,,,HU,0.11235301407665248,1835,18.69613442113442
25607154,institution,Juraj Dobrila University of Pula,,,HR,0.11218527511900094,1836,41.669922254616125
11883440,institution,James Madison University,,,US,0.1115255175988227,1837,18.444444444444443
35961687,institution,Universidad de Antioquia,,,CO,0.11058621646282085,1838,32.829123654123656
154347574,institution,University of Rijeka,,,HR,0.11022989452333566,1839,82.11832114245908
78880903,institution,Universidad de Huelva,,,ES,0.10966675882865047,1840,35.93333333333334
28257850,institution,London South Bank University,,,GB,0.10938611359612452,1841,13.631746031746031
48843708,institution,Pamukkale University,,,TR,0.10861204865363948,1842,57.09744897959183
183898223,institution,International Hellenic University,,,GR,0.10706375556655515,1843,8.869444444444444
131740757,institution,Texas A&M International University,,,US,0.10669209614895803,1844,61.0
59361560,institution,Instituto Politécnico Nacional,,,MX,0.10660347073733092,1845,27.70873015873015
164861460,institution,Manipal Academy of Higher Education,,,IN,0.10632218643905167,1846,41.346428571428575
4210218909,source,Journal of Quantitative Economics,2364-1045,E,,0.10629233620499713,1847,157.0
17120543,institution,National University of Modern Languages,,,PK,0.10553141381735105,1848,5.383333333333334
74319210,institution,Chitkara University,,,IN,0.10551147469938384,1849,5.398845598845599
12859529,institution,University of Nairobi,,,KE,0.10531574463623956,1850,26.083333333333332
3019271933,institution,Nicolaus Copernicus University,,,PL,0.10456040403829699,1851,51.45138888888889
4210230148,source,OEconomia,2113-5207,E,,0.10442327616211754,1852,26.0
51235708,institution,Universidade Federal do Espírito Santo,,,BR,0.1042641894443711,1853,34.94231324231325
233745408,institution,Pontificia Universidad Javeriana,,,CO,0.10300833579171043,1854,59.6861111111111
146367977,institution,Applied Science Private University,,,JO,0.10245225656166428,1855,5.823478835978837
167420956,institution,Vilnius Gediminas Technical University,,,LT,0.1019415184340582,1856,30.80555555555555
134784518,institution,Institute of Business Administration Karachi,,,PK,0.10163142629323857,1857,12.601190476190478
4210116728,institution,Universitas Patria Artha,,,ID,0.09943667558190811,1858,2.5666666666666664
186129607,institution,Canadian University of Dubai,,,AE,0.09897892692275442,1859,6.617857142857142
125733402,source,Investigación Económica,0185-1667,E,,0.09876287966784417,1860,78.0
91819753,institution,Padjadjaran University,,,ID,0.09765153416357572,1861,44.652256771006776
197907453,institution,Akdeniz University,,,TR,0.0971641139879595,1862,48.43333333333334
126193024,institution,London Metropolitan University,,,GB,0.09686795812430306,1863,1.8333333333333333
165102784,institution,Duquesne University,,,US,0.09680716025301483,1864,9.033333333333333
200432940,institution,Allameh Tabataba'i University,,,IR,0.0967266618491639,1865,22.177777777777774
161515732,institution,University of St. Thomas - Minnesota,,,US,0.09660244592752698,1866,8.666666666666666
4306531871,source,Terra Economicus,2073-6606,E,,0.0962173946480077,1867,76.0
198105771,institution,Kasetsart University,,,TH,0.09597297040389823,1868,25.6779539015523
84524832,institution,Alexandria University,,,EG,0.09477234716941423,1869,14.279022897037601
27878738,institution,Fore School of Management,,,IN,0.09380663828299417,1870,9.116666666666665
140389752,source,Revista de Economía Mundial,1576-0162,E,,0.09321559390169361,1871,184.0
4210141702,institution,University of Gävle,,,SE,0.09232469151806331,1872,1.7083333333333333
110360157,institution,Lovely Professional University,,,IN,0.09204008577218903,1873,13.536111111111111
897542642,institution,University of Plymouth,,,GB,0.09184531259062206,1874,14.577881777881778
42260610,source,African Journal of Economic and Management Studies,2040-0705,E,,0.09109673319775141,1875,137.0
36243813,institution,Universidad Nacional de Colombia,,,CO,0.08876617934800571,1876,77.91910785574578
3125470973,institution,Istanbul Medipol University,,,TR,0.08752328394659199,1877,11.061111111111112
134161618,institution,National Taiwan Normal University,,,TW,0.08647533968331854,1878,4.641269841269841
67328108,institution,"California State University, Fresno",,,US,0.08627743794760537,1879,12.11111111111111
110525433,institution,"Islamic Azad University, Tehran",,,IR,0.08211948702773576,1880,12.675
2737221291,source,Zagreb international review of economics and business/Zagreb international review of economics & business,1331-5609,E,,0.0802388885234844,1881,44.0
110620307,institution,Budapest Business University,,,HU,0.07973826532337451,1882,21.575
1328775524,institution,Zhejiang Sci-Tech University,,,CN,0.07897081821413063,1883,30.51626984126984
204593131,institution,College of Charleston,,,US,0.07856054612410786,1884,7.333333333333333
66514158,institution,Hacettepe University,,,TR,0.07744669034037817,1885,88.02140522875817
148366613,institution,National Yang Ming Chiao Tung University,,,TW,0.07625678573860402,1886,20.50833333333333
2739380121,source,Scientific Annals of Economics and Business,2501-1960,E,,0.07565347467568138,1887,118.0
4210145463,institution,WSB University,,,PL,0.07477103068233014,1888,4.127777777777777
59042063,source,Asian-Pacific Economic Literature,0818-9935,E,,0.0746432924306369,1889,105.0
172574986,institution,Kaunas University of Technology,,,LT,0.07444257242500667,1890,18.728021978021978
83579964,institution,Széchenyi István University,,,HU,0.07431512956232848,1891,10.138095238095238
189238007,institution,Taras Shevchenko National University of Kyiv,,,UA,0.07383150983292892,1892,59.03869047619048
29581992,source,Nova Economia,0103-6351,E,,0.0730445685811349,1893,130.0
4210216073,source,Agricultural and Resource Economics International Scientific E-Journal,2414-584X,E,,0.07264588930846494,1894,95.0
4210237676,source,Ekonomi Politika ve Finans Arastirmalari Dergisi,2587-151X,E,,0.07122495421310428,1895,66.0
4210223136,source,Estudos Econômicos (São Paulo),0101-4161,E,,0.06966776513224295,1896,93.0
93320256,institution,University of Tampa,,,US,0.06874251392959192,1897,21.916666666666668
55285296,institution,UCSI University,,,MY,0.06665257707889265,1898,8.205194805194806
64915403,source,The Quarterly Journal of Austrian Economics,1098-3708,E,,0.06646957990528247,1899,69.0
91732220,institution,Universidad del Valle,,,CO,0.06603320241634533,1900,25.491666666666664
122725048,institution,Simon Kuznets Kharkiv National University of Economics,,,UA,0.0657478663235766,1901,27.724999999999998
202539009,institution,Industrial University of Ho Chi Minh City,,,VN,0.06505998055777837,1902,7.533333333333332
188922065,institution,University of Economics in Katowice,,,PL,0.06423261260041008,1903,41.15833333333334
182000528,institution,Ajman University,,,AE,0.0639343455351003,1904,7.016666666666667
191420491,institution,Universidad de Jaén,,,ES,0.06306475162482489,1905,20.36666666666667
33926330,institution,Al-Balqa Applied University,,,JO,0.06270130600217945,1906,10.366666666666665
182202855,institution,South East European University,,,MK,0.06091314634845823,1907,10.833333333333332
47844,institution,Al Akhawayn University,,,MA,0.06081478434334123,1908,6.636111111111111
25822123,institution,Sumy State University,,,UA,0.06036273126864751,1909,33.86388888888889
108326093,institution,Ithaka Harbors,,,US,0.05953616671216697,1910,74.30278332778333
2764647440,source,MONTENEGRIN JOURNAL OF ECONOMICS,1800-5845,E,,0.05908713895992357,1911,172.0
2494413385,source,ECONOMIC COMPUTATION AND ECONOMIC CYBERNETICS STUDIES AND RESEARCH,0424-267X,E,,0.05843818521225244,1912,214.0
877107187,institution,University of Roehampton,,,GB,0.05822139244631516,1913,3.325
4210106879,institution,Ohio University,,,US,0.05771856535161805,1914,17.252777777777776
35427347,institution,Islamic University of Indonesia,,,ID,0.056574365802308124,1915,14.55
114972647,institution,University of Jordan,,,JO,0.05544711063425184,1916,23.371296296296293
4210102611,institution,ICFAI Business School,,,IN,0.05515372152274129,1917,6.249999999999999
112754052,institution,Sambalpur University,,,IN,0.05499901547241575,1918,7.125000000000001
4210194146,source,Journal of health economics and outcomes research,2326-697X,E,,0.0513607279492244,1919,119.0
4210171086,source,The Journal of Risk,1465-1211,E,,0.049677243955630807,1920,12.0
885392262,institution,GITAM University,,,IN,0.04966214853342827,1921,9.092857142857143
4210150808,institution,Ankara Yıldırım Beyazıt University,,,TR,0.049524768655218515,1922,24.906782106782106
2898476603,source,Investigaciones de Historia Económica,1698-6989,E,,0.04927567321108587,1923,149.0
2736647864,source,Retos,1390-6291,E,,0.04854633144317995,1924,23.0
109689652,institution,FPT University,,,VN,0.04850605397054921,1925,8.61111111111111
54515432,institution,Burdur Mehmet Akif Ersoy Üniversitesi,,,TR,0.0482535982463172,1926,53.10833333333334
4210190158,source,Journal of Economic Policy Researches / İktisat Politikası Araştırmaları Dergisi,2148-3876,E,,0.04699466746550129,1927,16.0
208086522,institution,National University of Life and Environmental Sciences of Ukraine,,,UA,0.046015065336860235,1928,35.64404761904762
2764955566,source,The Indian Economic Journal,0019-4662,E,,0.04543612659978596,1929,179.0
14245010,institution,University of Kragujevac,,,RS,0.04280702894699983,1930,30.612698412698414
135388327,institution,University of Kashmir,,,IN,0.042521214301324536,1931,25.214393939393936
148158369,institution,State University of Semarang,,,ID,0.042267392260333776,1932,9.648412698412697
16277215,institution,University of Houston - Downtown,,,US,0.042077156865838655,1933,5.95
18167132,institution,Universidade Presbiteriana Mackenzie,,,BR,0.04155770246902203,1934,8.95
92251255,institution,University of Split,,,HR,0.04111134522456531,1935,58.55277777777778
57156483,institution,Kyiv National Economic University named after Vadym Hetman,,,UA,0.04055103118565852,1936,75.45833333333333
4210232703,source,Gospodarka Narodowa,0867-0005,E,,0.03969698776643347,1937,80.0
187998666,source,Comparative Economic Research Central and Eastern Europe,1508-2008,E,,0.039345772526794394,1938,150.0
3017888287,institution,Universidade Nove de Julho,,,BR,0.03916928907273963,1939,2.5
133743585,institution,Anadolu University,,,TR,0.038475792800489246,1940,47.92392857142857
165682329,institution,Guru Nanak Dev University,,,IN,0.03776343536341785,1941,8.4375
4210156205,institution,Indian Institute of Management Visakhapatnam,,,IN,0.037404865264113865,1942,7.075
4210094138,institution,University of West Attica,,,GR,0.03704551237707098,1943,29.140873015873012
166349642,institution,Sumy National Agrarian University,,,UA,0.03683383177301043,1944,17.925
2739303216,source,Journal of Tax Reform,2412-8872,E,,0.03581551291658135,1945,26.0
2764640640,source,Baltic Journal of Economic Studies,2256-0742,E,,0.03580122501502597,1946,236.0
976474146,source,Politická ekonomie,0032-3233,E,,0.034961981158917105,1947,124.0
79741316,institution,University of Pecs,,,HU,0.03431567966374333,1948,386.5498778998779
103031861,institution,Plekhanov Russian University of Economics,,,RU,0.03370261984645167,1949,20.537301587301588
4210228924,source,Sosyoekonomi,1305-5577,E,,0.0334574982969843,1950,140.0
4210226746,source,Ekonomia i Prawo,1898-2255,E,,0.032562024682127794,1951,164.0
2800301432,institution,IMS Unison University,,,IN,0.03151620393413533,1952,7.616666666666667
2764846857,source,Economics and Business Review/The Poznań University of Economics Review,1643-5877,E,,0.031275244892584514,1953,92.0
4210183127,source,Cuadernos de Economía,0121-4772,E,,0.031176706308018106,1954,89.0
149851306,institution,National Academy of Sciences of Ukraine,,,UA,0.030700648427708352,1955,29.988888888888887
4210215609,source,Economics ecology socium,2616-7107,E,,0.030283535337879107,1956,64.0
97548893,source,American Journal of Economics and Sociology,0002-9246,E,,0.030018531029328135,1957,81.0
112489639,source,International Journal of Computational Economics and Econometrics,1757-1170,E,,0.029321426078699215,1958,86.0
4306509737,source,Eskişehir Osmangazi Üniversitesi İktisadi ve İdari Bilimler Dergisi,1306-6730,E,,0.027443628675612765,1959,72.0
193615760,institution,Dokuz Eylül University,,,TR,0.02742457810687722,1960,24.59285714285714
2799289540,institution,Indian Institute of Management Kashipur,,,IN,0.025746653189918964,1961,17.25
4210197436,source,Vierteljahrshefte zur Wirtschaftsforschung,0340-1707,E,,0.025240504244723194,1962,30.0
44763245,source,International Journal of Green Economics,1744-9928,E,,0.024594535204610343,1963,96.0
119942284,institution,Missouri State University,,,US,0.02438239635511354,1964,8.749999999999998
185520838,institution,State University of Trade and Economics,,,UA,0.02363265819421966,1965,86.38444444444445
60054993,institution,Graphic Era University,,,IN,0.023594941084307656,1966,5.376190476190477
4210112678,institution,University of the Coast,,,CO,0.02355094581584691,1967,29.44484126984127
167383514,source,Ekonomista,0013-3205,E,,0.022360079053852226,1968,102.0
200280692,institution,Lviv University,,,UA,0.021163173220103002,1969,40.28611111111111
4210176635,source,International Review,2217-9739,E,,0.019395798472005715,1970,40.0
160977438,institution,West Ukrainian National University,,,UA,0.0188293370906522,1971,24.77063492063492
98435010,institution,Lviv Polytechnic National University,,,UA,0.01792822095952569,1972,54.951190476190476
32389192,institution,University of Alabama at Birmingham,,,US,0.017602412099190095,1973,13.652218614718612
4210175534,source,Financial and credit activity problems of theory and practice,2306-4994,E,,0.017586604462087648,1974,310.0
2737293501,source,Ekonomski vjesnik,0353-359X,E,,0.017353360325010635,1975,57.0
126826664,institution,Udayana University,,,ID,0.016353453055325467,1976,3.4519230769230766
27570832,institution,Jadara University,,,JO,0.015684905221851498,1977,3.6297619047619047
992988095,source,Ekonomický časopis,0013-3035,E,,0.014762773863824347,1978,56.0
2737537699,source,Our Economy Journal of Contemporary Issues in Economics and Business,0547-3101,E,,0.014756225841761275,1979,80.0
112982808,institution,Universiti Sains Islam Malaysia,,,MY,0.014735533992306218,1980,4.966666666666667
170367418,source,International Journal of Pluralism and Economics Education,1757-5648,E,,0.014584558006960745,1981,78.0
2737657525,source,Lecturas de Economía,0120-2596,E,,0.014323373505223868,1982,44.0
158749337,institution,Princess Sumaya University for Technology,,,JO,0.014191771403166532,1983,3.833333333333333
4210172834,source,Revista de Economía Institucional,0124-5996,E,,0.008999822864509432,1984,44.0
127362389,institution,Murray State University,,,US,0.0078797639611268,1985,3.3333333333333335
2737717374,source,Ekonomska misao i praksa,1330-1039,E,,0.007857184448226797,1986,94.0
4210223036,source,Mehmet Akif Ersoy Üniversitesi İktisadi ve İdari Bilimler Fakültesi Dergisi,2149-1658,E,,0.006365908147559513,1987,141.0
4210185081,source,Revista de Economia Mackenzie,1678-5002,E,,0.005228306862844099,1988,54.0
2737009078,source,APUNTES DEL CENES,0120-3053,E,,0.005137751018725027,1989,24.0
4210190232,source,Academic Review,2074-5354,E,,0.0013962115916003695,1990,31.0
4210174903,source,Scientific Bulletin of Mukachevo State University Series “Economics”,2313-8114,E,,0.0009618346519920585,1991,45.0
