,source_idx,source_name,issn,era_journal_name,era_field,harzing_journal_name,harzing_field,works_count,cited_by_count,wos_journal_name,wos_categories,topic_count,subfield_name,field_name,econ_bus_density,econ_score,bus_score,field_eb
0,678965,Value in Health,1098-3015,,,,,75175,203949,VALUE IN HEALTH,['ECONOMICS'],20348,Economics and Econometrics,"Economics, Econometrics and Finance",0.9323356357124585,2,0,E
1,44455300,Journal of Environmental Management,0301-4797,,,Journal of Environmental Management,Economics,28041,1096691,,,1597,Economics and Econometrics,"Economics, Econometrics and Finance",0.4017701683110853,2,0,E
2,45992627,The Economic Journal,0013-0133,The Economic Journal,Applied economics,Economic Journal,Economics,19804,1047645,ECONOMIC JOURNAL,['ECONOMICS'],2043,"General Economics, Econometrics and Finance","Economics, Econometrics and Finance",1.0,4,0,E
3,5353659,The Journal of Finance,0022-1082,The Journal of Finance,"Banking, finance and investment",Journal of Finance,F&A,16013,1895258,JOURNAL OF FINANCE,"['ECONOMICS' 'BUSINESS, FINANCE']",3415,Finance,"Economics, Econometrics and Finance",1.0,3,1,A
4,95323914,Journal of Political Economy,0022-3808,Journal of Political Economy,"COMMERCE, MANAGEMENT, TOURISM AND SERVICES",Journal of Political Economy,Economics,15784,1209492,JOURNAL OF POLITICAL ECONOMY,['ECONOMICS'],2639,Economics and Econometrics,"Economics, Econometrics and Finance",0.8456669352054321,3,1,A
5,142990027,Journal of Marketing,0022-2429,Journal of Marketing,Marketing,Journal of Marketing,Marketing,15129,1258649,JOURNAL OF MARKETING,['BUSINESS'],1633,Management of Technology and Innovation,"Business, Management and Accounting",0.8331121433311214,0,2,B
6,165492527,The Economic History Review,0013-0117,,,Economic History Review,Bus Hist,14890,260375,ECONOMIC HISTORY REVIEW,['ECONOMICS'],4204,Economics and Econometrics,"Economics, Econometrics and Finance",0.6877562975981254,2,0,E
7,36178057,Economics Letters,0165-1765,Economics Letters,ECONOMICS,Economics Letters,Economics,14887,321414,ECONOMICS LETTERS,['ECONOMICS'],3048,"General Economics, Econometrics and Finance","Economics, Econometrics and Finance",0.8867671345995045,4,0,E
8,122073985,The Journal of Economic History,0022-0507,,,Journal of Economic History,Economics,13973,127158,JOURNAL OF ECONOMIC HISTORY,['ECONOMICS'],2514,Economics and Econometrics,"Economics, Econometrics and Finance",0.7283698477534348,3,0,E
9,33323087,Management Science,0025-1909,,,Management Science,"OR,MS,POM",13589,1270172,MANAGEMENT SCIENCE,['MANAGEMENT'],1684,Management Information Systems,"Business, Management and Accounting",0.839973104723483,0,2,B
10,166002381,Journal of Applied Psychology,0021-9010,,,Journal of Applied Psychology,Psychology,13529,1363293,JOURNAL OF APPLIED PSYCHOLOGY,['MANAGEMENT'],1863,Organizational Behavior and Human Resource Management,"Business, Management and Accounting",0.44452397995705084,0,2,B
11,91754907,American Journal of Agricultural Economics,0002-9092,American Journal of Agricultural Economics,Applied economics,American Journal of Agricultural Economics,Economics,13180,341602,AMERICAN JOURNAL OF AGRICULTURAL ECONOMICS,['ECONOMICS'],3826,General Agricultural and Biological Sciences,Agricultural and Biological Sciences,0.5335993470572232,3,0,E
12,201533460,Applied Economics,0003-6846,Applied Economics,Applied economics,Applied Economics,Economics,12922,258953,APPLIED ECONOMICS,['ECONOMICS'],2746,"General Economics, Econometrics and Finance","Economics, Econometrics and Finance",1.0,4,0,E
13,93284759,Journal of Business Research,0148-2963,Journal of Business Research,"COMMERCE, MANAGEMENT, TOURISM AND SERVICES",Journal of Business Research,Marketing,12553,923666,Journal of Business Research,['BUSINESS'],2524,Marketing,"Business, Management and Accounting",0.7975951903807615,0,3,B
14,16296580,Southern Economic Journal,0038-4038,Southern Economic Journal,Applied economics,Southern Economic Journal,Economics,10948,412446,SOUTHERN ECONOMIC JOURNAL,['ECONOMICS'],1291,"General Economics, Econometrics and Finance","Economics, Econometrics and Finance",1.0,4,0,E
15,50366009,Urban Studies,0042-0980,,,Urban Studies,PSM,10732,325434,,,1384,Economics and Econometrics,"Economics, Econometrics and Finance",0.44991816693944353,1,0,
16,37814254,De Economist,0013-063X,De Economist,Applied economics,,,10660,19570,ECONOMIST-NETHERLANDS,['ECONOMICS'],803,Law,Social Sciences,0.5029280055115398,2,0,E
17,76633192,Journal of Business Ethics,0167-4544,,,Journal of Business Ethics,"OS/OB,HRM/IR",10432,816933,JOURNAL OF BUSINESS ETHICS,['BUSINESS'],4158,Information Systems and Management,Decision Sciences,0.45450909818036395,0,1,
18,88020226,The Business History Review,0007-6805,,,Business History Review,Bus Hist,10012,30182,BUSINESS HISTORY REVIEW,['BUSINESS'],1254,Economics and Econometrics,"Economics, Econometrics and Finance",0.5348889895786135,1,1,
19,39307421,Technological Forecasting and Social Change,0040-1625,Technological Forecasting and Social Change,"COMMERCE, MANAGEMENT, TOURISM AND SERVICES",Technological Forecasting and Social Change,Innovation,9860,516168,TECHNOLOGICAL FORECASTING AND SOCIAL CHANGE,['BUSINESS'],1141,Strategy and Management,"Business, Management and Accounting",0.7435064935064936,0,3,B
20,57667410,Annals of Operations Research,0254-5330,,,Annals of Operations Research,"OR,MS,POM",9343,262084,,,886,Management Information Systems,"Business, Management and Accounting",0.5568800207307593,0,1,
21,96544531,Applied Economics Letters,1350-4851,Applied Economics Letters,"Banking, finance and investment",Applied Economics Letters,Economics,9216,100802,APPLIED ECONOMICS LETTERS,['ECONOMICS'],2085,"General Economics, Econometrics and Finance","Economics, Econometrics and Finance",1.0,4,0,E
22,184816971,International Journal of Production Economics,0925-5273,,,International Journal of Production Economics,"OR,MS,POM",9071,562057,,,2998,Management Information Systems,"Business, Management and Accounting",0.725338062513855,0,1,
23,38825547,Economic Geography,0013-0095,,,Economic Geography,Economics,9063,223178,ECONOMIC GEOGRAPHY,['ECONOMICS'],1980,Economics and Econometrics,"Economics, Econometrics and Finance",0.5833521317392285,3,0,E
24,136211407,Ecological Economics,0921-8009,,,Ecological Economics,Economics,8589,602685,ECOLOGICAL ECONOMICS,['ECONOMICS'],2239,Economics and Econometrics,"Economics, Econometrics and Finance",0.5527852296039135,3,0,E
25,94499970,Energy Economics,0140-9883,Energy Economics,"Banking, finance and investment",Energy Economics,Economics,8479,465603,Energy Economics,['ECONOMICS'],2850,Economics and Econometrics,"Economics, Econometrics and Finance",0.644719040317489,4,0,E
26,125775545,Operations Research,0030-364X,Operations Research,"Strategy, management and organisational behaviour",Operations Research,"OR,MS,POM",8336,517241,OPERATIONS RESEARCH,['MANAGEMENT'],1266,Management Information Systems,"Business, Management and Accounting",0.540906162765729,0,3,B
27,108845946,Economica,0013-0427,Economica,Applied economics,Economica,Economics,8255,401387,ECONOMICA,['ECONOMICS'],1003,"General Economics, Econometrics and Finance","Economics, Econometrics and Finance",1.0,4,0,E
28,23254222,American Economic Review,0002-8282,American Economic Review,"COMMERCE, MANAGEMENT, TOURISM AND SERVICES",American Economic Review,Economics,8192,1506348,AMERICAN ECONOMIC REVIEW,['ECONOMICS'],1127,Economics and Econometrics,"Economics, Econometrics and Finance",1.0,3,1,A
29,88577320,Finance research letters,1544-6123,Finance Research Letters,"Banking, finance and investment",Finance Research Letters,F&A,8065,164225,Finance Research Letters,"['BUSINESS, FINANCE']",1990,Accounting,"Business, Management and Accounting",1.0,2,2,A
30,9435936,Long Range Planning,0024-6301,Long Range Planning,"Strategy, management and organisational behaviour",Long Range Planning,Gen & Strat,7644,441725,LONG RANGE PLANNING,['BUSINESS' 'MANAGEMENT'],781,Strategy and Management,"Business, Management and Accounting",0.8851590106007067,0,3,B
31,119950638,Journal of Marketing Research,0022-2437,Journal of Marketing Research,Marketing,Journal of Marketing Research,Marketing,7596,1014680,JOURNAL OF MARKETING RESEARCH,['BUSINESS'],1577,Marketing,"Business, Management and Accounting",0.8683974932855864,0,2,B
32,180061323,The Review of Economics and Statistics,0034-6535,The Review of Economics and Statistics,"Banking, finance and investment",Review of Economics and Statistics,Economics,7507,631892,REVIEW OF ECONOMICS AND STATISTICS,['ECONOMICS'],961,"General Economics, Econometrics and Finance","Economics, Econometrics and Finance",1.0,4,0,E
33,87933477,Environment and Planning A Economy and Space,0308-518X,,,Environment and Planning A,PSM,7469,282202,,,779,Economics and Econometrics,"Economics, Econometrics and Finance",0.6415036674816625,1,0,
34,2876017,Journal of Banking & Finance,0378-4266,,,Journal of Banking and Finance,F&A,7380,490654,JOURNAL OF BANKING & FINANCE,"['ECONOMICS' 'BUSINESS, FINANCE']",2484,Finance,"Economics, Econometrics and Finance",1.0,2,1,A
35,95464858,Econometrica,0012-9682,Econometrica: journal of the Econometric Society,Applied economics,Econometrica,Economics,7234,1572212,ECONOMETRICA,['ECONOMICS'],1639,Economics and Econometrics,"Economics, Econometrics and Finance",0.7371913989912398,4,0,E
36,117778295,Academy of Management Journal,0001-4273,Academy of Management Journal,Human resources and industrial relations,Academy of Management Journal,Gen & Strat,6865,1280647,ACADEMY OF MANAGEMENT JOURNAL,['BUSINESS' 'MANAGEMENT'],1007,Organizational Behavior and Human Resource Management,"Business, Management and Accounting",0.8863387978142077,0,2,B
37,203860005,The Quarterly Journal of Economics,0033-5533,The Quarterly Journal of Economics,Applied economics,Quarterly Journal of Economics,Economics,6642,1135917,QUARTERLY JOURNAL OF ECONOMICS,['ECONOMICS'],1213,Economics and Econometrics,"Economics, Econometrics and Finance",1.0,4,0,E
38,141184754,Economic Modelling,0264-9993,Economic Modelling,"Banking, finance and investment",Economic Modelling,Economics,6432,178832,ECONOMIC MODELLING,['ECONOMICS'],1987,"General Economics, Econometrics and Finance","Economics, Econometrics and Finance",1.0,4,0,E
39,4210209709,Health Policy,0168-8510,,,Health Policy,Economics,6377,192436,,,1606,Economics and Econometrics,"Economics, Econometrics and Finance",0.6576130055511499,2,0,E
40,127742747,Journal of Econometrics,0304-4076,,,Journal of Econometrics,Economics,6312,662601,Journal of Econometrics,['ECONOMICS'],1921,"General Economics, Econometrics and Finance","Economics, Econometrics and Finance",0.6452129362792187,3,0,E
41,149131268,Journal of Economic Theory,0022-0531,Journal of Economic Theory,Applied economics,Journal of Economic Theory,Economics,6167,363335,JOURNAL OF ECONOMIC THEORY,['ECONOMICS'],2982,Economics and Econometrics,"Economics, Econometrics and Finance",0.5484563758389261,4,0,E
42,134988049,Econometric Reviews,0747-4938,Econometric Reviews,Econometrics,Econometric Reviews,Economics,6127,72538,Econometric Reviews,['ECONOMICS'],735,"General Economics, Econometrics and Finance","Economics, Econometrics and Finance",0.8497135301895108,4,0,E
43,113237667,Business Horizons,0007-6813,Business Horizons,Human resources and industrial relations,Business Horizons,Gen & Strat,6044,221014,BUSINESS HORIZONS,['BUSINESS'],222,Strategy and Management,"Business, Management and Accounting",0.7857142857142857,0,2,B
44,69338747,European Economic Review,0014-2921,European Economic Review,Applied economics,European Economic Review,Economics,5939,290350,EUROPEAN ECONOMIC REVIEW,['ECONOMICS'],1074,"General Economics, Econometrics and Finance","Economics, Econometrics and Finance",1.0,4,0,E
45,93666758,Journal of Economic Issues,0021-3624,Journal of Economic Issues (JEI),"COMMERCE, MANAGEMENT, TOURISM AND SERVICES",Journal of Economic Issues,Economics,5857,116068,JOURNAL OF ECONOMIC ISSUES,['ECONOMICS'],1678,Economics and Econometrics,"Economics, Econometrics and Finance",0.8251614446304711,3,1,A
46,154533451,IEEE Transactions on Engineering Management,0018-9391,,,IEEE Transactions on Engineering Management,"OR,MS,POM",5800,145084,IEEE TRANSACTIONS ON ENGINEERING MANAGEMENT,['BUSINESS' 'MANAGEMENT'],751,Strategy and Management,"Business, Management and Accounting",0.6737941322725013,0,2,B
47,175672440,Regional Studies,0034-3404,,,Regional Studies,PSM,5748,234362,REGIONAL STUDIES,['ECONOMICS'],1340,Economics and Econometrics,"Economics, Econometrics and Finance",0.5825242718446602,2,0,E
48,46763546,Academy of Management Review,0363-7425,Academy of Management Review,"Strategy, management and organisational behaviour",Academy of Management Review,Gen & Strat,5641,1620420,ACADEMY OF MANAGEMENT REVIEW,['BUSINESS' 'MANAGEMENT'],1040,Organizational Behavior and Human Resource Management,"Business, Management and Accounting",0.8380050964688751,0,3,B
49,7424199,Public Choice,0048-5829,,,Public Choice,PSM,5580,166470,PUBLIC CHOICE,['ECONOMICS'],1118,Political Science and International Relations,Social Sciences,0.5832718327183272,1,0,
50,162525099,Financial Analysts Journal,0015-198X,Financial Analysts Journal,"Accounting, auditing and accountability",Financial Analysts Journal,F&A,5554,128947,FINANCIAL ANALYSTS JOURNAL,"['BUSINESS, FINANCE']",1284,Finance,"Economics, Econometrics and Finance",1.0,2,1,A
51,942037226,Business History,0007-6791,,,Business History,Bus Hist,5446,34624,BUSINESS HISTORY,['BUSINESS'],616,Economics and Econometrics,"Economics, Econometrics and Finance",0.765704584040747,1,1,
52,97548893,American Journal of Economics and Sociology,0002-9246,,,,,5420,36777,AMERICAN JOURNAL OF ECONOMICS AND SOCIOLOGY,['ECONOMICS'],694,Economics and Econometrics,"Economics, Econometrics and Finance",0.6963677639046538,2,0,E
53,31748134,Industrial Marketing Management,0019-8501,Industrial Marketing Management,Marketing,Industrial Marketing Management,Marketing,5261,314230,INDUSTRIAL MARKETING MANAGEMENT,['BUSINESS' 'MANAGEMENT'],1402,Organizational Behavior and Human Resource Management,"Business, Management and Accounting",0.8909816086860182,0,2,B
54,199447588,Journal of Public Economics,0047-2727,Journal of Public Economics,Applied economics,Journal of Public Economics,Economics,5211,407816,JOURNAL OF PUBLIC ECONOMICS,['ECONOMICS'],1843,Economics and Econometrics,"Economics, Econometrics and Finance",0.7979274611398963,4,0,E
55,130179515,Economic Record,0013-0249,The Economic Record,Applied economics,Economic Record,Economics,5208,54238,ECONOMIC RECORD,['ECONOMICS'],629,Economics and Econometrics,"Economics, Econometrics and Finance",0.7596865476708751,4,0,E
56,9731383,Research Policy,0048-7333,Research Policy,"Strategy, management and organisational behaviour",Research Policy,Economics,5089,702189,RESEARCH POLICY,['MANAGEMENT'],1412,Strategy and Management,"Business, Management and Accounting",1.0,1,3,A
57,4210190151,Omega,0305-0483,OMEGA International Journal of Management Science,Business systems in context,OMEGA,"OR,MS,POM",5065,240785,OMEGA-INTERNATIONAL JOURNAL OF MANAGEMENT SCIENCE,['MANAGEMENT'],730,Management Information Systems,"Business, Management and Accounting",0.49024822695035464,0,3,B
58,4306531871,Terra Economicus,2073-6606,,,,,5045,1584,Terra Economicus,['ECONOMICS'],367,"General Economics, Econometrics and Finance","Economics, Econometrics and Finance",0.5876288659793815,2,0,E
59,154010748,Management Decision,0025-1747,Management Decision,Human resources and industrial relations,Management Decision,Gen & Strat,5039,183458,MANAGEMENT DECISION,['BUSINESS' 'MANAGEMENT'],876,Strategy and Management,"Business, Management and Accounting",1.0,0,2,B
60,168273071,International Review of Economics & Finance,1059-0560,International Review of Economics and Finance,"Accounting, auditing and accountability",International Review of Economics and Finance,Economics,4975,92654,International Review of Economics & Finance,"['ECONOMICS' 'BUSINESS, FINANCE']",1064,Accounting,"Business, Management and Accounting",1.0,2,2,A
61,4210237570,Recherches économiques de Louvain,0770-4518,Journal of Demographic Economics,Applied economics,,,4949,5279,Journal of Demographic Economics,['ECONOMICS'],548,"General Economics, Econometrics and Finance","Economics, Econometrics and Finance",0.7934044616876819,3,0,E
62,61446109,Human Relations,0018-7267,Human Relations,"Strategy, management and organisational behaviour",Human Relations,"OS/OB,HRM/IR",4914,368321,HUMAN RELATIONS,['MANAGEMENT'],910,Organizational Behavior and Human Resource Management,"Business, Management and Accounting",0.6522744795682344,0,3,B
63,148599315,International Journal of Hospitality Management,0278-4319,International Journal of Hospitality Management,Commercial services,International Journal of Hospitality Management,Tourism,4905,278386,,,1151,Organizational Behavior and Human Resource Management,"Business, Management and Accounting",0.6612734864300627,0,3,B
64,4210206027,Journal of Education for Business,0883-2323,Journal of Education for Business,"Banking, finance and investment",,,4895,44716,,,1237,Management of Technology and Innovation,"Business, Management and Accounting",0.6639566395663956,1,1,
65,149240962,Journal of Financial Economics,0304-405X,Journal of Financial Economics,"Banking, finance and investment",Journal of Financial Economics,F&A,4765,1271952,JOURNAL OF FINANCIAL ECONOMICS,"['ECONOMICS' 'BUSINESS, FINANCE']",2079,Accounting,"Business, Management and Accounting",1.0,2,2,A
66,45372229,World Economy,0378-5920,The World Economy,Applied economics,World Economy,Economics,4711,95241,WORLD ECONOMY,"['ECONOMICS' 'BUSINESS, FINANCE']",2020,"General Economics, Econometrics and Finance","Economics, Econometrics and Finance",0.9008264462809917,4,1,A
67,59289252,Intereconomics,0020-5346,Intereconomics: review of European economic policy,"Banking, finance and investment",,,4619,17221,,,568,Finance,"Economics, Econometrics and Finance",0.6668241965973535,2,0,E
68,101209419,Journal of Development Economics,0304-3878,,,Journal of Development Economics,Economics,4584,348636,JOURNAL OF DEVELOPMENT ECONOMICS,['ECONOMICS'],814,Economics and Econometrics,"Economics, Econometrics and Finance",0.8221235916695118,3,0,E
69,44585919,Journal of Economic Dynamics and Control,0165-1889,Journal of Economic Dynamics and Control,"Banking, finance and investment",Journal of Economic Dynamics and Control,Economics,4582,178987,JOURNAL OF ECONOMIC DYNAMICS & CONTROL,['ECONOMICS'],1868,Economics and Econometrics,"Economics, Econometrics and Finance",1.0,4,0,E
70,145200904,Health Economics,1057-9230,,,Health Economics (United Kingdom),Economics,4557,166735,HEALTH ECONOMICS,['ECONOMICS'],1636,Economics and Econometrics,"Economics, Econometrics and Finance",0.624976240258506,3,0,E
71,116184629,National Tax Journal,0028-0283,National Tax Journal,Applied economics,National Tax Journal,Economics,4530,73269,NATIONAL TAX JOURNAL,"['ECONOMICS' 'BUSINESS, FINANCE']",2069,Accounting,"Business, Management and Accounting",0.7825828503492347,3,2,A
72,2058785,Journal of money credit and banking,0022-2879,"Journal of Money, Credit and Banking","Banking, finance and investment","Journal of Money, Credit and Banking",F&A,4482,221586,JOURNAL OF MONEY CREDIT AND BANKING,"['ECONOMICS' 'BUSINESS, FINANCE']",1747,"General Economics, Econometrics and Finance","Economics, Econometrics and Finance",1.0,3,1,A
73,25235501,Journal of Retailing and Consumer Services,0969-6989,Journal of Retailing and Consumer Services,Commercial services,Journal of Retailing and Consumer Services,Marketing,4465,241333,Journal of Retailing and Consumer Services,['BUSINESS'],1693,Marketing,"Business, Management and Accounting",0.6944612590799032,0,3,B
74,145572626,International Review of Financial Analysis,1057-5219,International Review of Financial Analysis,"Accounting, auditing and accountability",International Review of Financial Analysis,F&A,4442,123625,International Review of Financial Analysis,"['BUSINESS, FINANCE']",1420,Accounting,"Business, Management and Accounting",1.0,1,2,A
75,102949365,Strategic Management Journal,0143-2095,Strategic Management Journal,"Strategy, management and organisational behaviour",Strategic Management Journal,Gen & Strat,4425,1114659,STRATEGIC MANAGEMENT JOURNAL,['BUSINESS' 'MANAGEMENT'],1359,Strategy and Management,"Business, Management and Accounting",1.0,0,3,B
76,4210168539,Science and Public Policy,0302-3427,,,,,4393,61782,Science and Public Policy,['MANAGEMENT'],527,Economics and Econometrics,"Economics, Econometrics and Finance",0.6557169930511687,1,1,
77,90392387,South African Journal of Economics,0038-2280,South African Journal of Economics,Applied economics,,,4373,30748,SOUTH AFRICAN JOURNAL OF ECONOMICS,['ECONOMICS'],1026,Law,Social Sciences,0.46384039900249374,2,0,E
78,76440981,Canadian Journal of Economics/Revue canadienne d économique,0008-4085,,,Canadian Journal of Economics,Economics,4324,168556,CANADIAN JOURNAL OF ECONOMICS-REVUE CANADIENNE D ECONOMIQUE,['ECONOMICS'],720,"General Economics, Econometrics and Finance","Economics, Econometrics and Finance",1.0,3,0,E
79,143668711,Administrative Science Quarterly,0001-8392,Administrative Science Quarterly,Human resources and industrial relations,Administrative Science Quarterly,Gen & Strat,4313,1039015,ADMINISTRATIVE SCIENCE QUARTERLY,['BUSINESS' 'MANAGEMENT'],517,Organizational Behavior and Human Resource Management,"Business, Management and Accounting",0.791864406779661,0,2,B
80,21668869,Strategic Direction,0258-0543,Strategic Direction,Human resources and industrial relations,,,4309,27730,,,579,Strategy and Management,"Business, Management and Accounting",0.8488918737407656,0,1,
81,206615888,Economic Inquiry,0095-2583,Economic Inquiry,Applied economics,Economic Inquiry,Economics,4256,134271,ECONOMIC INQUIRY,['ECONOMICS'],664,Economics and Econometrics,"Economics, Econometrics and Finance",0.848823294774631,4,0,E
82,93630570,Journal of Product Innovation Management,0737-6782,,,Journal of Product Innovation Management,Innovation,4254,229458,JOURNAL OF PRODUCT INNOVATION MANAGEMENT,['BUSINESS' 'MANAGEMENT'],1266,Strategy and Management,"Business, Management and Accounting",0.7109166983643971,0,2,B
83,4210230633,International Journal of Business and Management,1833-3850,International Journal of Business and Management,Human resources and industrial relations,,,4237,63293,,,400,Accounting,"Business, Management and Accounting",0.8470889315419066,0,1,
84,149285975,Land Economics,0023-7639,Land Economics: a quarterly journal devoted to the study of economic and social institutions,Applied economics,Land Economics,Economics,4213,153459,LAND ECONOMICS,['ECONOMICS'],939,Economics and Econometrics,"Economics, Econometrics and Finance",0.7916843445057277,4,0,E
85,28882882,Organization Studies,0170-8406,Organization Studies,"COMMERCE, MANAGEMENT, TOURISM AND SERVICES",Organization Studies,"OS/OB,HRM/IR",4207,272679,ORGANIZATION STUDIES,['MANAGEMENT'],1512,Organizational Behavior and Human Resource Management,"Business, Management and Accounting",0.9258149119520419,0,3,B
86,138400101,Managerial and Decision Economics,0143-6570,Managerial and Decision Economics: the international journal of research and progress in management economics,"Banking, finance and investment",Managerial and Decision Economics,Economics,4181,56982,MANAGERIAL AND DECISION ECONOMICS,['ECONOMICS' 'MANAGEMENT'],754,Accounting,"Business, Management and Accounting",0.880129091747349,3,2,A
87,43019230,PharmacoEconomics,1170-7690,,,,,4162,145713,PHARMACOECONOMICS,['ECONOMICS'],1934,Economics and Econometrics,"Economics, Econometrics and Finance",0.8533916849015317,2,0,E
88,88935262,The Review of Economic Studies,0034-6527,The Review of Economic Studies,Applied economics,Review of Economic Studies,Economics,4161,579151,REVIEW OF ECONOMIC STUDIES,['ECONOMICS'],1378,Economics and Econometrics,"Economics, Econometrics and Finance",1.0,4,0,E
89,43637407,R and D Management,0033-6807,R and D Management,Business systems in context,R and D Management,Innovation,4120,100794,R & D MANAGEMENT,['BUSINESS' 'MANAGEMENT'],1291,Strategy and Management,"Business, Management and Accounting",0.8633962264150944,0,3,B
90,180126918,AFRICAN JOURNAL OF BUSINESS MANAGEMENT,1993-8233,African Journal of Business Management,Human resources and industrial relations,,,4102,55697,,,386,Organizational Behavior and Human Resource Management,"Business, Management and Accounting",0.8524355300859598,0,1,
91,198098467,Journal of International Economics,0022-1996,Journal of International Economics,Applied economics,Journal of International Economics,Economics,4068,311280,JOURNAL OF INTERNATIONAL ECONOMICS,['ECONOMICS'],1564,"General Economics, Econometrics and Finance","Economics, Econometrics and Finance",1.0,4,0,E
92,84664706,Personnel Psychology,0031-5826,,,Personnel Psychology,"OS/OB,HRM/IR",4065,303563,PERSONNEL PSYCHOLOGY,['MANAGEMENT'],709,Organizational Behavior and Human Resource Management,"Business, Management and Accounting",0.5525974025974026,0,2,B
93,120991925,Telecommunications Policy,0308-5961,,,Telecommunications Policy,"MIS, KM",4039,89746,,,2000,Media Technology,Engineering,0.40101826894279724,0,0,
94,205793605,Business Strategy and the Environment,0964-4733,Business Strategy and the Environment,"Accounting, auditing and accountability",Business Strategy and the Environment,Gen & Strat,4003,228611,Business Strategy and the Environment,['BUSINESS' 'MANAGEMENT'],2138,Marketing,"Business, Management and Accounting",1.0,0,2,B
95,193228710,Journal of Financial and Quantitative Analysis,0022-1090,Journal of Financial and Quantitative Analysis,"Accounting, auditing and accountability",Journal of Financial and Quantitative Analysis,F&A,3995,257898,JOURNAL OF FINANCIAL AND QUANTITATIVE ANALYSIS,"['ECONOMICS' 'BUSINESS, FINANCE']",1659,Finance,"Economics, Econometrics and Finance",1.0,2,1,A
96,101788309,Papers of the Regional Science Association,1056-8190,,,Papers in Regional Science,Economics,3946,85468,PAPERS IN REGIONAL SCIENCE,['ECONOMICS'],1147,Economics and Econometrics,"Economics, Econometrics and Finance",0.8152133580705009,3,0,E
97,16035445,Enterprise & Society,1467-2227,,,Enterprise and Society,Bus Hist,3926,9262,ENTERPRISE & SOCIETY,['BUSINESS'],444,Economics and Econometrics,"Economics, Econometrics and Finance",0.5953453453453453,1,1,
98,6711363,Journal of Monetary Economics,0304-3932,Journal of Monetary Economics,"Banking, finance and investment",Journal of Monetary Economics,Economics,3896,364356,JOURNAL OF MONETARY ECONOMICS,"['ECONOMICS' 'BUSINESS, FINANCE']",1824,"General Economics, Econometrics and Finance","Economics, Econometrics and Finance",1.0,4,1,A
99,89389284,European Journal of Marketing,0309-0566,European Journal of Marketing,Marketing,European Journal of Marketing,Marketing,3852,258513,EUROPEAN JOURNAL OF MARKETING,['BUSINESS'],1318,Marketing,"Business, Management and Accounting",0.830279109106287,0,2,B
100,29659387,Industrial and Commercial Training,0019-7858,,,,,3850,32599,INDUSTRIAL AND COMMERCIAL TRAINING,['MANAGEMENT'],328,Organizational Behavior and Human Resource Management,"Business, Management and Accounting",0.63718820861678,0,2,B
101,2764563877,EUROPEAN RESEARCH STUDIES JOURNAL,1108-2976,European Research Studies Journal,"Accounting, auditing and accountability",,,3832,15272,,,351,"Management, Monitoring, Policy and Law",Environmental Science,0.4519607843137255,0,0,
102,70698675,Technovation,0166-4972,Technovation,Business systems in context,Technovation,Innovation,3821,210723,TECHNOVATION,['MANAGEMENT'],1181,Strategy and Management,"Business, Management and Accounting",1.0,0,3,B
103,3030835295,Economic Affairs,0265-0665,Economic Affairs: the journal of the IEA,Applied economics,,,3811,11775,ECONOMIC AFFAIRS,['ECONOMICS'],273,"General Economics, Econometrics and Finance","Economics, Econometrics and Finance",0.829734219269103,3,0,E
104,116483603,Journal of Risk & Insurance,0022-4367,Journal of Risk and Insurance,"Banking, finance and investment",Journal of Risk and Insurance,F&A,3781,77246,JOURNAL OF RISK AND INSURANCE,"['ECONOMICS' 'BUSINESS, FINANCE']",1744,Economics and Econometrics,"Economics, Econometrics and Finance",0.7839666840187403,3,1,A
105,167074060,Tijdschrift voor Economische en Sociale Geografie,0040-747X,,,,,3734,43044,TIJDSCHRIFT VOOR ECONOMISCHE EN SOCIALE GEOGRAFIE,['ECONOMICS'],356,Economics and Econometrics,"Economics, Econometrics and Finance",0.42058165548098436,2,0,E
106,149070780,Production and Operations Management,1059-1478,,,Production and Operations Management,"OR,MS,POM",3734,151810,,,1171,Management Information Systems,"Business, Management and Accounting",0.8769013088079236,0,1,
107,178258306,Empirical Economics,0377-7332,"Empirical Economics: a quarterly journal of the Institute for Advanced Studies, Vienna",Applied economics,Empirical Economics,Economics,3711,79592,Empirical Economics,['ECONOMICS'],1253,"General Economics, Econometrics and Finance","Economics, Econometrics and Finance",1.0,4,0,E
108,18095783,Journal of Business and Economic Statistics,0735-0015,,,Journal of Business and Economic Statistics,Economics,3707,254135,JOURNAL OF BUSINESS & ECONOMIC STATISTICS,['ECONOMICS'],1043,"General Economics, Econometrics and Finance","Economics, Econometrics and Finance",0.8475873544093178,3,0,E
109,92522684,Journal of the Academy of Marketing Science,0092-0703,Journal of the Academy of Marketing Science,Marketing,Journal of the Academy of Marketing Science,Marketing,3672,420242,JOURNAL OF THE ACADEMY OF MARKETING SCIENCE,['BUSINESS'],934,Marketing,"Business, Management and Accounting",0.8471467391304348,0,2,B
110,171720814,International Journal of Technology Management,0267-5730,,,International Journal of Technology Management,Innovation,3663,50817,INTERNATIONAL JOURNAL OF TECHNOLOGY MANAGEMENT,['MANAGEMENT'],911,Strategy and Management,"Business, Management and Accounting",1.0,0,2,B
111,2764955566,The Indian Economic Journal,0019-4662,Indian Economic Journal,Applied economics,,,3662,4254,,,437,Finance,"Economics, Econometrics and Finance",1.0,2,0,E
112,4210217951,Journal of risk and financial management,1911-8066,Journal of Risk and Financial Management,"COMMERCE, MANAGEMENT, TOURISM AND SERVICES",,,3656,44111,,,695,Economics and Econometrics,"Economics, Econometrics and Finance",1.0,1,1,
113,10747938,Journal of International Money and Finance,0261-5606,Journal of International Money and Finance: theoretical and empirical research in international economics and finance,"Banking, finance and investment",Journal of International Money and Finance,F&A,3645,161203,JOURNAL OF INTERNATIONAL MONEY AND FINANCE,"['BUSINESS, FINANCE']",2006,"General Economics, Econometrics and Finance","Economics, Econometrics and Finance",1.0,3,1,A
114,39841227,International Journal of Forecasting,0169-2070,,,International Journal of Forecasting,Economics,3641,245020,INTERNATIONAL JOURNAL OF FORECASTING,['ECONOMICS' 'MANAGEMENT'],1095,"General Economics, Econometrics and Finance","Economics, Econometrics and Finance",0.6054570259208731,3,1,A
115,151705444,Journal of Management Studies,0022-2380,Journal of Management Studies,Human resources and industrial relations,Journal of Management Studies,Gen & Strat,3614,344356,JOURNAL OF MANAGEMENT STUDIES,['BUSINESS' 'MANAGEMENT'],841,Organizational Behavior and Human Resource Management,"Business, Management and Accounting",1.0,0,2,B
116,176795851,Journal of Macroeconomics,0164-0704,Journal of Macroeconomics,"Banking, finance and investment",Journal of Macroeconomics,Economics,3606,105883,JOURNAL OF MACROECONOMICS,['ECONOMICS'],1509,"General Economics, Econometrics and Finance","Economics, Econometrics and Finance",1.0,4,0,E
117,65528657,Journal of Regional Science,0022-4146,,,Journal of Regional Science,Economics,3602,82534,JOURNAL OF REGIONAL SCIENCE,['ECONOMICS'],1163,Economics and Econometrics,"Economics, Econometrics and Finance",0.8889687387711103,3,0,E
118,134094273,Human Resource Management,0090-4848,,,Human Resource Management,"OS/OB,HRM/IR",3597,130911,HUMAN RESOURCE MANAGEMENT,['MANAGEMENT'],619,Organizational Behavior and Human Resource Management,"Business, Management and Accounting",0.6800947867298578,0,2,B
119,152897404,Research-Technology Management,0895-6308,Research Technology Management: international journal of research management,Business systems in context,Research Technology Management,"OR,MS,POM",3573,56542,RESEARCH-TECHNOLOGY MANAGEMENT,['BUSINESS' 'MANAGEMENT'],609,Strategy and Management,"Business, Management and Accounting",0.66,0,3,B
120,83145862,History of Political Economy,0018-2702,,,History of Political Economy,Economics,3567,43053,HISTORY OF POLITICAL ECONOMY,['ECONOMICS'],1786,Economics and Econometrics,"Economics, Econometrics and Finance",0.785226019845645,3,0,E
121,143806524,The Journal of Portfolio Management,0095-4918,The Journal of Portfolio Management: the journal for investment professionals,"Banking, finance and investment",Journal of Portfolio Management,F&A,3536,82155,JOURNAL OF PORTFOLIO MANAGEMENT,"['BUSINESS, FINANCE']",1445,Finance,"Economics, Econometrics and Finance",1.0,3,1,A
122,91661715,Kyklos,0023-5962,Kyklos,"Banking, finance and investment",Kyklos,Economics,3520,61341,KYKLOS,['ECONOMICS'],317,Economics and Econometrics,"Economics, Econometrics and Finance",1.0,4,0,E
123,102896891,Psychology and Marketing,0742-6046,,,Psychology and Marketing,Marketing,3510,193919,PSYCHOLOGY & MARKETING,['BUSINESS'],1558,Marketing,"Business, Management and Accounting",0.6942601672916066,0,2,B
124,179979277,International Economic Review,0020-6598,International Economic Review,Applied economics,International Economic Review,Economics,3506,206661,INTERNATIONAL ECONOMIC REVIEW,['ECONOMICS'],1118,Economics and Econometrics,"Economics, Econometrics and Finance",1.0,4,0,E
125,4394735553,Annals of Public and Cooperative Economics,1370-4788,,,Annals of Public and Cooperative Economics,Economics,3455,20438,Annals of Public and Cooperative Economics,['ECONOMICS'],665,Accounting,"Business, Management and Accounting",0.6865189289012004,2,1,A
126,125977778,International Journal of Contemporary Hospitality Management,0959-6119,International Journal of Contemporary Hospitality Management,Commercial services,International Journal of Contemporary Hospitality Manage,mTourism,3438,183236,International Journal of Contemporary Hospitality Management,['MANAGEMENT'],879,Organizational Behavior and Human Resource Management,"Business, Management and Accounting",0.5761755485893417,0,4,B
127,61992289,Journal of Advertising Research,0021-8499,Journal of Advertising Research,Marketing,Journal of Advertising Research,Marketing,3431,98393,JOURNAL OF ADVERTISING RESEARCH,['BUSINESS'],855,Marketing,"Business, Management and Accounting",0.6614678899082569,0,2,B
128,201928713,Review of Radical Political Economics,0486-6134,,,,,3398,27407,REVIEW OF RADICAL POLITICAL ECONOMICS,['ECONOMICS'],1088,Sociology and Political Science,Social Sciences,0.5550070521861777,1,0,
129,145429826,Journal of Consumer Research,0093-5301,Journal of Consumer Research,Marketing,Journal of Consumer Research,Marketing,3390,646180,JOURNAL OF CONSUMER RESEARCH,['BUSINESS'],1356,Marketing,"Business, Management and Accounting",0.5922689075630252,0,2,B
130,105567970,European Management Journal,0263-2373,European Management Journal,"COMMERCE, MANAGEMENT, TOURISM AND SERVICES",European Management Journal,Gen & Strat,3385,143219,European Management Journal,['BUSINESS' 'MANAGEMENT'],549,Strategy and Management,"Business, Management and Accounting",1.0,0,3,B
131,2738076829,Cogent Business & Management,2331-1975,Cogent Business and Management,"Strategy, management and organisational behaviour",,,3377,51160,Cogent Business & Management,['BUSINESS'],427,Accounting,"Business, Management and Accounting",0.5707865168539326,0,3,B
132,160573970,Journal of Organizational Behavior,0894-3796,,,Journal of Organizational Behavior,"OS/OB,HRM/IR",3349,395165,JOURNAL OF ORGANIZATIONAL BEHAVIOR,['BUSINESS' 'MANAGEMENT'],1436,Organizational Behavior and Human Resource Management,"Business, Management and Accounting",0.6657348242811502,0,2,B
133,166264140,Emerging Markets Finance and Trade,1540-496X,Emerging Markets Finance and Trade,"Accounting, auditing and accountability",,,3348,53143,EMERGING MARKETS FINANCE AND TRADE,['ECONOMICS' 'BUSINESS'],914,Accounting,"Business, Management and Accounting",1.0,1,2,A
134,136612413,Journal of Futures Markets,0270-7314,Journal of Futures Markets,"Banking, finance and investment",Journal of Futures Markets,F&A,3341,65737,JOURNAL OF FUTURES MARKETS,"['BUSINESS, FINANCE']",1337,Finance,"Economics, Econometrics and Finance",1.0,3,1,A
135,122767448,Journal of Management,0149-2063,Journal of Management,Human resources and industrial relations,Journal of Management,Gen & Strat,3316,660124,JOURNAL OF MANAGEMENT,['BUSINESS' 'MANAGEMENT'],827,Organizational Behavior and Human Resource Management,"Business, Management and Accounting",0.8897119341563786,0,2,B
136,49131624,International Journal of Social Economics,0306-8293,International Journal of Social Economics,Applied economics,International Journal of Social Economics,Economics,3312,45947,INTERNATIONAL JOURNAL OF SOCIAL ECONOMICS,['ECONOMICS'],400,Economics and Econometrics,"Economics, Econometrics and Finance",0.8446671438797423,4,0,E
137,200838492,Manchester School,1463-6786,The Manchester School,"Banking, finance and investment",Manchester School,Economics,3297,47755,MANCHESTER SCHOOL,['ECONOMICS'],537,"General Economics, Econometrics and Finance","Economics, Econometrics and Finance",1.0,4,0,E
138,48254654,Journal of Business Finance &amp Accounting,0306-686X,Journal of Business Finance and Accounting,"Accounting, auditing and accountability",Journal of Business Finance and Accounting,F&A,3266,105286,Journal of Business Finance & Accounting,"['BUSINESS, FINANCE']",1494,Accounting,"Business, Management and Accounting",1.0,1,2,A
139,2739393555,Journal of Agricultural and Applied Economics,1074-0708,Journal of Agricultural and Applied Economics,Applied economics,,,3263,34302,Journal of Agricultural and Applied Economics,['ECONOMICS'],854,Economics and Econometrics,"Economics, Econometrics and Finance",0.48169781931464173,3,0,E
140,28703636,Journal of Corporate Accounting & Finance,1044-8136,,,,,3255,9896,Journal of Corporate Accounting and Finance,"['BUSINESS, FINANCE']",607,Accounting,"Business, Management and Accounting",1.0,1,2,A
141,38024979,Journal of International Business Studies,0047-2506,Journal of International Business Studies,"Banking, finance and investment",Journal of International Business Studies,IB,3243,480515,JOURNAL OF INTERNATIONAL BUSINESS STUDIES,['BUSINESS' 'MANAGEMENT'],1331,Strategy and Management,"Business, Management and Accounting",0.9240696278511404,1,2,A
142,128621090,The Journal of Economic Education,0022-0485,,,Journal of Economic Education,Education,3241,51977,JOURNAL OF ECONOMIC EDUCATION,['ECONOMICS'],1579,Education,Social Sciences,0.4030245746691871,1,0,
143,105430050,Journal of World Trade,1011-6702,,,Journal of World Trade,Economics,3199,21865,JOURNAL OF WORLD TRADE,['ECONOMICS'],911,"General Economics, Econometrics and Finance","Economics, Econometrics and Finance",0.5108870967741935,3,0,E
144,137519996,Electronic Markets,1019-6781,,,Electronic Markets,"MIS, KM",3198,51363,Electronic Markets,['BUSINESS' 'MANAGEMENT'],777,Marketing,"Business, Management and Accounting",0.7668947818648417,0,2,B
145,41416626,Harvard business review,0017-8012,Harvard Business Review,"Strategy, management and organisational behaviour",Harvard Business Review,Gen & Strat,3184,141031,HARVARD BUSINESS REVIEW,['BUSINESS' 'MANAGEMENT'],432,Organizational Behavior and Human Resource Management,"Business, Management and Accounting",0.9210526315789473,0,3,B
146,170137484,Review of Financial Studies,0893-9454,The Review of Financial Studies,"Banking, finance and investment",Review of Financial Studies,F&A,3179,582670,REVIEW OF FINANCIAL STUDIES,"['ECONOMICS' 'BUSINESS, FINANCE']",1342,Finance,"Economics, Econometrics and Finance",1.0,3,1,A
147,172782825,California Management Review,0008-1256,California Management Review,"Strategy, management and organisational behaviour",California Management Review,Gen & Strat,3170,247774,CALIFORNIA MANAGEMENT REVIEW,['BUSINESS' 'MANAGEMENT'],261,Strategy and Management,"Business, Management and Accounting",0.7446504992867332,0,3,B
148,37320504,Industrial Management & Data Systems,0263-5577,,,Industrial Management and Data Systems,"OR,MS,POM",3159,135838,,,425,Information Systems and Management,Decision Sciences,0.562015503875969,0,0,
149,165057322,Production Planning & Control,0953-7287,,,Production Planning and Control,"OR,MS,POM",3157,101839,,,855,Management Information Systems,"Business, Management and Accounting",0.6335260115606937,0,1,
150,126160977,Mathematical Methods of Operations Research,1432-2994,,,Mathematical Methods of Operations Research,"OR,MS,POM",3149,39883,,,396,Numerical Analysis,Mathematics,0.48210668467251855,0,0,
151,177792750,Decision Sciences,0011-7315,Decision Sciences,"COMMERCE, MANAGEMENT, TOURISM AND SERVICES",Decision Sciences,"OR,MS,POM",3149,158922,DECISION SCIENCES,['MANAGEMENT'],468,Management Information Systems,"Business, Management and Accounting",0.8564631245043616,0,3,B
152,69799158,Human Resource Management International Digest,0967-0734,Human Resource Management International Digest,Human resources and industrial relations,,,3140,12290,,,530,Organizational Behavior and Human Resource Management,"Business, Management and Accounting",0.7345635202271115,0,1,
153,174129883,Economic Outlook,0140-489X,Economic Outlook,Applied economics,,,3140,1195,,,202,Finance,"Economics, Econometrics and Finance",0.6114206128133705,2,0,E
154,47864991,Applied Psychology,0269-994X,,,Applied Psychology,Psychology,3134,125202,,,538,Organizational Behavior and Human Resource Management,"Business, Management and Accounting",0.44098360655737706,0,1,
155,138645024,Journal of Comparative Economics,0147-5967,Journal of Comparative Economics,Applied economics,Journal of Comparative Economics,Economics,3129,98312,JOURNAL OF COMPARATIVE ECONOMICS,['ECONOMICS'],288,Economics and Econometrics,"Economics, Econometrics and Finance",0.8101367658889783,4,0,E
156,26073974,Oxford Economic Papers,0030-7653,Oxford Economic Papers,Applied economics,Oxford Economic Papers,Economics,3126,127598,OXFORD ECONOMIC PAPERS-NEW SERIES,['ECONOMICS'],674,Economics and Econometrics,"Economics, Econometrics and Finance",1.0,4,0,E
157,9351053,Financial Review,0732-8516,The Financial Review (Statesboro),"Banking, finance and investment",Financial Review,F&A,3125,40953,FINANCIAL REVIEW,"['BUSINESS, FINANCE']",1031,Finance,"Economics, Econometrics and Finance",1.0,3,1,A
158,179517972,Canadian Journal of Agricultural Economics/Revue canadienne d agroeconomie,0008-3976,,,,,3093,29352,CANADIAN JOURNAL OF AGRICULTURAL ECONOMICS-REVUE CANADIENNE D AGROECONOMIE,['ECONOMICS'],1079,General Agricultural and Biological Sciences,Agricultural and Biological Sciences,0.5709741550695825,1,0,
159,182689569,Quantitative Finance,1469-7688,,,Quantitative Finance,F&A,3075,70248,QUANTITATIVE FINANCE,"['ECONOMICS' 'BUSINESS, FINANCE']",1184,Finance,"Economics, Econometrics and Finance",1.0,2,1,A
160,49331332,Service Industries Journal,0264-2069,Service Industries Journal,Commercial services,Service Industries Journal,"OR,MS,POM",3073,86058,SERVICE INDUSTRIES JOURNAL,['MANAGEMENT'],731,Organizational Behavior and Human Resource Management,"Business, Management and Accounting",0.853726362625139,0,3,B
161,267729,International Transactions in Operational Research,0969-6016,,,International Transactions in Operational Research,"OR,MS,POM",3071,50022,International Transactions in Operational Research,['MANAGEMENT'],448,Industrial and Manufacturing Engineering,Engineering,0.4118336262448741,0,1,
162,579031,Economic Theory,0938-2259,Economic Theory,"Banking, finance and investment",Economic Theory,Economics,3041,72597,ECONOMIC THEORY,['ECONOMICS'],1605,Economics and Econometrics,"Economics, Econometrics and Finance",0.5683030949839915,4,0,E
163,86125002,Environmental and Resource Economics,0924-6460,Environmental and Resource Economics,Applied economics,Environmental and Resource Economics,Economics,3009,125232,ENVIRONMENTAL & RESOURCE ECONOMICS,['ECONOMICS'],1189,Economics and Econometrics,"Economics, Econometrics and Finance",0.8695293146160198,4,0,E
164,2798341630,Corporate Ownership and Control,1727-9232,Corporate Ownership and Control,"Accounting, auditing and accountability",,,3008,16722,,,1693,Accounting,"Business, Management and Accounting",1.0,0,1,
165,114571967,National Institute Economic Review,0027-9501,National Institute Economic Review,Applied economics,,,2992,22070,National Institute Economic Review,['ECONOMICS'],395,"General Economics, Econometrics and Finance","Economics, Econometrics and Finance",1.0,3,0,E
166,2764927701,International Business Research,1913-9004,International Business Research,"Banking, finance and investment",,,2992,29475,,,272,Accounting,"Business, Management and Accounting",1.0,1,1,
167,166621295,Journal of Health Economics,0167-6296,,,Journal of Health Economics,Economics,2991,205971,JOURNAL OF HEALTH ECONOMICS,['ECONOMICS'],1167,Economics and Econometrics,"Economics, Econometrics and Finance",0.516089488201042,3,0,E
168,200872515,Journal of Environmental Economics and Management,0095-0696,Journal of Environmental Economics and Management,Applied economics,Journal of Environmental Economics and Management,Economics,2985,216089,JOURNAL OF ENVIRONMENTAL ECONOMICS AND MANAGEMENT,['ECONOMICS' 'BUSINESS'],1074,Economics and Econometrics,"Economics, Econometrics and Finance",0.859375,4,1,A
169,41869786,Small Business Economics,0921-898X,Small Business Economics: an international journal,"COMMERCE, MANAGEMENT, TOURISM AND SERVICES",Small Business Economics,Entrep,2978,234726,SMALL BUSINESS ECONOMICS,['ECONOMICS' 'BUSINESS' 'MANAGEMENT'],1389,Management of Technology and Innovation,"Business, Management and Accounting",1.0,1,3,A
170,202934171,Journal of Mathematical Economics,0304-4068,Journal of Mathematical Economics,Applied economics,Journal of Mathematical Economics,Economics,2976,58515,JOURNAL OF MATHEMATICAL ECONOMICS,['ECONOMICS'],1688,Economics and Econometrics,"Economics, Econometrics and Finance",0.6065406234031682,4,0,E
171,8133038,Research in International Business and Finance,0275-5319,Research in International Business and Finance,"Banking, finance and investment",Research in International Business and Finance,F&A,2940,78993,Research in International Business and Finance,"['BUSINESS, FINANCE']",877,Accounting,"Business, Management and Accounting",1.0,2,2,A
172,164321952,International Journal of Operations & Production Management,0144-3577,International Journal of Operations and Production Management,"Strategy, management and organisational behaviour",International Journal of Operations and Production Manag,"OR,MS,POM",2938,224248,INTERNATIONAL JOURNAL OF OPERATIONS & PRODUCTION MANAGEMENT,['MANAGEMENT'],1200,Management Information Systems,"Business, Management and Accounting",1.0,0,3,B
173,62957338,The Journal of Human Resources,0022-166X,The Journal of Human Resources,Applied economics,Journal of Human Resources,"OS/OB,HRM/IR",2922,216802,JOURNAL OF HUMAN RESOURCES,['ECONOMICS'],699,Gender Studies,Social Sciences,0.4119585687382298,2,0,E
174,81022070,Journal of Policy Modeling,0161-8938,,,Journal of Policy Modeling,PSM,2916,68497,JOURNAL OF POLICY MODELING,['ECONOMICS'],731,"General Economics, Econometrics and Finance","Economics, Econometrics and Finance",1.0,2,0,E
175,2898574612,Economic Analysis and Policy,0313-5926,Economic Analysis and Policy,Applied economics,,,2913,51315,Economic Analysis and Policy,['ECONOMICS'],547,Economics and Econometrics,"Economics, Econometrics and Finance",0.8599246231155779,3,0,E
176,29049940,Pacific-Basin Finance Journal,0927-538X,Pacific-Basin Finance Journal,"Banking, finance and investment",Pacific Basin Finance Journal,F&A,2877,74812,Pacific-Basin Finance Journal,"['BUSINESS, FINANCE']",1339,Accounting,"Business, Management and Accounting",1.0,2,2,A
177,182666042,Naval Research Logistics (NRL),0894-069X,,,Naval Research Logistics,"OR,MS,POM",2875,61953,,,647,Management Information Systems,"Business, Management and Accounting",0.45907990314769975,0,1,
178,14568501,Review of Social Economy,0034-6764,Review of Social Economy,Applied economics,Review of Social Economy,Economics,2873,20557,REVIEW OF SOCIAL ECONOMY,['ECONOMICS'],560,Economics and Econometrics,"Economics, Econometrics and Finance",0.7077769049489395,4,0,E
179,149064342,Mathematical Social Sciences,0165-4896,,,Mathematical Social Sciences,Economics,2869,45678,MATHEMATICAL SOCIAL SCIENCES,['ECONOMICS'],1025,Economics and Econometrics,"Economics, Econometrics and Finance",0.5435196950444727,3,0,E
180,130699561,Technology Analysis and Strategic Management,0953-7325,,,Technology Analysis and Strategic Management,Gen & Strat,2865,76480,TECHNOLOGY ANALYSIS & STRATEGIC MANAGEMENT,['MANAGEMENT'],1014,Strategy and Management,"Business, Management and Accounting",0.8913336326897171,0,2,B
181,184351885,Managerial Finance,0307-4358,Managerial Finance,"Accounting, auditing and accountability",Managerial Finance,F&A,2823,41572,MANAGERIAL FINANCE,"['BUSINESS, FINANCE']",1155,Accounting,"Business, Management and Accounting",1.0,1,2,A
182,4210171053,Journal of Contextual Economics – Schmollers Jahrbuch,2568-7603,Journal of Contextual Economics: Schmollers Jahrbuch,Applied economics,,,2810,9866,,,292,Finance,"Economics, Econometrics and Finance",0.6431095406360424,2,0,E
183,122161766,Journal of Forecasting,0277-6693,,,Journal of Forecasting,Gen & Strat,2803,62984,JOURNAL OF FORECASTING,['ECONOMICS' 'MANAGEMENT'],930,"General Economics, Econometrics and Finance","Economics, Econometrics and Finance",0.6943021766965429,2,1,A
184,147692640,Journal of Urban Economics,0094-1190,,,Journal of Urban Economics,Economics,2781,178504,JOURNAL OF URBAN ECONOMICS,['ECONOMICS'],1048,Economics and Econometrics,"Economics, Econometrics and Finance",0.7775584073708457,3,0,E
185,120518121,Atlantic Economic Journal,0197-4254,Atlantic Economic Journal,Applied economics,,,2777,16576,ATLANTIC ECONOMIC JOURNAL,['ECONOMICS'],303,"General Economics, Econometrics and Finance","Economics, Econometrics and Finance",1.0,3,0,E
186,111116695,Journal of Accounting Research,0021-8456,Journal of Accounting Research,"Accounting, auditing and accountability",Journal of Accounting Research,F&A,2770,343913,JOURNAL OF ACCOUNTING RESEARCH,"['BUSINESS, FINANCE']",1459,Accounting,"Business, Management and Accounting",1.0,1,2,A
187,100134864,European Journal of Political Economy,0176-2680,,,European Journal of Political Economy,Economics,2749,101080,European Journal of Political Economy,['ECONOMICS'],576,Economics and Econometrics,"Economics, Econometrics and Finance",0.6925192519251925,3,0,E
188,60370010,Journal of the Knowledge Economy,1868-7865,Journal of the Knowledge Economy,Applied economics,,,2741,39786,,,442,Economics and Econometrics,"Economics, Econometrics and Finance",0.8198795180722892,2,0,E
189,174413665,Review of Income and Wealth,0034-6586,Review of Income and Wealth,"Banking, finance and investment",Review of Income and Wealth,Economics,2740,65830,REVIEW OF INCOME AND WEALTH,['ECONOMICS'],660,Sociology and Political Science,Social Sciences,0.55322265625,3,0,E
190,98984247,Computational Economics,0927-7099,Computational Economics,"Banking, finance and investment",,,2726,32309,Computational Economics,['ECONOMICS' 'MANAGEMENT'],510,Economics and Econometrics,"Economics, Econometrics and Finance",0.8241395568128241,3,1,A
191,152282257,Journal of Corporate Finance,0929-1199,Journal of Corporate Finance,"Banking, finance and investment",Journal of Corporate Finance,F&A,2721,189888,JOURNAL OF CORPORATE FINANCE,"['BUSINESS, FINANCE']",2179,Accounting,"Business, Management and Accounting",1.0,2,2,A
192,107631327,Regional Science and Urban Economics,0166-0462,,,Regional Science and Urban Economics,Economics,2715,101281,REGIONAL SCIENCE AND URBAN ECONOMICS,['ECONOMICS'],750,Economics and Econometrics,"Economics, Econometrics and Finance",0.9031548055759354,3,0,E
193,206124708,Organization Science,1047-7039,Organization Science,Human resources and industrial relations,Organization Science,"OS/OB,HRM/IR",2706,605258,ORGANIZATION SCIENCE,['MANAGEMENT'],760,Strategy and Management,"Business, Management and Accounting",0.895481515289822,0,2,B
194,99242495,Journal of Air Transport Management,0969-6997,Journal of Air Transport Management,"Transportation, logistics and supply chains",,,2700,87929,JOURNAL OF AIR TRANSPORT MANAGEMENT,['TRANSPORTATION'],1730,"General Economics, Econometrics and Finance","Economics, Econometrics and Finance",0.6521044219499201,1,2,A
195,14291815,Journal of Marketing Management,0267-257X,Journal of Marketing Management,Commercial services,Journal of Marketing Management,Marketing,2687,115661,Journal of Marketing Management,['BUSINESS' 'MANAGEMENT'],770,Marketing,"Business, Management and Accounting",0.8003748828491096,0,3,B
196,203746597,The Annals of Regional Science,0570-1864,,,Annals of Regional Science,Economics,2685,52784,ANNALS OF REGIONAL SCIENCE,['ECONOMICS'],836,Economics and Econometrics,"Economics, Econometrics and Finance",1.0,3,0,E
197,2737251451,Management Science Letters,1923-9335,Management Science Letters,"Strategy, management and organisational behaviour",,,2655,35417,,,237,Organizational Behavior and Human Resource Management,"Business, Management and Accounting",0.4337851929092805,0,2,B
198,119587767,Journal of Business and Industrial Marketing,0885-8624,Journal of Business and Industrial Marketing,Marketing,Journal of Business and Industrial Marketing,Marketing,2648,88220,JOURNAL OF BUSINESS & INDUSTRIAL MARKETING,['BUSINESS'],881,Organizational Behavior and Human Resource Management,"Business, Management and Accounting",1.0,0,2,B
199,183232449,International Journal of Industrial Organization,0167-7187,International Journal of Industrial Organization,Applied economics,International Journal of Industrial Organization,"OS/OB,HRM/IR",2635,113647,INTERNATIONAL JOURNAL OF INDUSTRIAL ORGANIZATION,['ECONOMICS'],1046,Economics and Econometrics,"Economics, Econometrics and Finance",0.861631419939577,3,0,E
200,49389958,Econometric Theory,0266-4666,,,Econometric Theory,Economics,2625,90384,ECONOMETRIC THEORY,['ECONOMICS'],816,Statistics and Probability,Mathematics,0.5796853625170999,2,0,E
201,74917840,The Journal of Financial Research,0270-2592,Journal of Financial Research,"Accounting, auditing and accountability",Journal of Financial Research,F&A,2608,40605,JOURNAL OF FINANCIAL RESEARCH,"['BUSINESS, FINANCE']",927,Finance,"Economics, Econometrics and Finance",1.0,2,1,A
202,139232146,Personnel Review,0048-3486,,,Personnel Review,"OS/OB,HRM/IR",2606,91968,PERSONNEL REVIEW,['MANAGEMENT'],973,Organizational Behavior and Human Resource Management,"Business, Management and Accounting",0.6129358261748358,0,2,B
203,81159284,International Journal of Quality & Reliability Management,0265-671X,International Journal of Quality and Reliability Management,"Strategy, management and organisational behaviour",International Journal of Quality and Reliability Managemen,"tOR,MS,POM",2601,93356,International Journal of Quality & Reliability Management,['MANAGEMENT'],1071,Management Information Systems,"Business, Management and Accounting",0.7349498327759197,0,3,B
204,100141487,Growth and Change,0017-4815,,,Growth and Change,Sociology,2596,37538,,,579,Economics and Econometrics,"Economics, Econometrics and Finance",0.8437908496732026,1,0,
205,149486094,Australian Economic Review,0004-9018,The Australian Economic Review,Applied economics,Australian Economic Review,Economics,2592,17183,Australian Economic Review,['ECONOMICS'],279,Economics and Econometrics,"Economics, Econometrics and Finance",0.4294425087108014,4,0,E
206,157600745,International Journal of Productivity and Performance Management,1741-0401,International Journal of Productivity and Performance Management,Human resources and industrial relations,,,2570,62372,International Journal of Productivity and Performance Management,['MANAGEMENT'],529,Management Information Systems,"Business, Management and Accounting",1.0,0,2,B
207,78091837,Review of World Economics,1610-2878,Review of World Economics,"Banking, finance and investment",Review of World Economics,Economics,2564,60344,REVIEW OF WORLD ECONOMICS,['ECONOMICS'],1002,"General Economics, Econometrics and Finance","Economics, Econometrics and Finance",1.0,4,0,E
208,67103694,Cambridge Journal of Economics,0309-166X,Cambridge Journal of Economics,"Banking, finance and investment",Cambridge Journal of Economics,Economics,2562,112773,CAMBRIDGE JOURNAL OF ECONOMICS,['ECONOMICS'],1052,"General Economics, Econometrics and Finance","Economics, Econometrics and Finance",0.791201785145043,4,0,E
209,12818680,Corporate Social Responsibility and Environmental Management,1535-3958,,,,,2561,122939,Corporate Social Responsibility and Environmental Management,['BUSINESS' 'MANAGEMENT'],1537,Strategy and Management,"Business, Management and Accounting",1.0,0,2,B
210,85739584,Journal of Applied Econometrics,0883-7252,Journal of Applied Econometrics,Applied economics,Journal of Applied Econometrics,Economics,2557,179520,JOURNAL OF APPLIED ECONOMETRICS,['ECONOMICS'],860,"General Economics, Econometrics and Finance","Economics, Econometrics and Finance",1.0,4,0,E
211,19645890,China Economic Review,1043-951X,China Economic Review (Amsterdam),Applied economics,China Economic Review,Economics,2555,94437,CHINA ECONOMIC REVIEW,['ECONOMICS'],350,"General Economics, Econometrics and Finance","Economics, Econometrics and Finance",0.8014545454545454,4,0,E
212,976474146,Politická ekonomie,0032-3233,Politicka Ekonomie,Applied economics,,,2541,5167,POLITICKA EKONOMIE,['ECONOMICS'],605,Economics and Econometrics,"Economics, Econometrics and Finance",0.6416152551878855,3,0,E
213,1558358,Journal of Business Strategy,0275-6668,Journal of Business Strategy,Marketing,Journal of Business Strategy,Gen & Strat,2540,44392,,,258,Strategy and Management,"Business, Management and Accounting",1.0,0,1,
214,2764593888,Journal of Applied Business Research (JABR),0892-7626,Journal of Applied Business Research,"Strategy, management and organisational behaviour",,,2523,24931,,,445,Accounting,"Business, Management and Accounting",1.0,0,2,B
215,165789823,Journal of Consumer Marketing,0736-3761,Journal of Consumer Marketing,Marketing,Journal of Consumer Marketing,Marketing,2498,126606,JOURNAL OF CONSUMER MARKETING,['BUSINESS'],951,Marketing,"Business, Management and Accounting",0.7935258092738408,0,2,B
216,111496547,Scottish Journal of Political Economy,0036-9292,Scottish Journal of Political Economy,"Banking, finance and investment",Scottish Journal of Political Economy,Economics,2494,35550,SCOTTISH JOURNAL OF POLITICAL ECONOMY,['ECONOMICS'],393,Economics and Econometrics,"Economics, Econometrics and Finance",0.7270029673590505,4,0,E
217,4210171597,Accounting and Finance,0810-5391,Accounting and Finance,"Accounting, auditing and accountability",Accounting and Finance,F&A,2490,54668,Accounting and Finance,"['BUSINESS, FINANCE']",1119,Accounting,"Business, Management and Accounting",1.0,1,2,A
218,146099957,International Journal of Finance & Economics,1076-9307,International Journal of Finance and Economics,"Accounting, auditing and accountability",International Journal of Finance and Economics,F&A,2487,41107,INTERNATIONAL JOURNAL OF FINANCE & ECONOMICS,"['BUSINESS, FINANCE']",706,"General Economics, Econometrics and Finance","Economics, Econometrics and Finance",1.0,2,1,A
219,168717511,The Journal of Applied Behavioral Science,0021-8863,,,The Journal of Applied Behavioral Science,Psychology,2486,91267,JOURNAL OF APPLIED BEHAVIORAL SCIENCE,['MANAGEMENT'],379,Organizational Behavior and Human Resource Management,"Business, Management and Accounting",0.8012704174228675,0,2,B
220,163534328,Marketing Science,0732-2399,Marketing Science,Marketing,Marketing Science,Marketing,2482,231328,MARKETING SCIENCE,['BUSINESS'],1393,Marketing,"Business, Management and Accounting",0.8740981240981242,0,2,B
221,165253824,Scandinavian Journal of Economics,0347-0520,Scandinavian Journal of Economics,Applied economics,Scandinavian Journal of Economics,Economics,2463,84953,SCANDINAVIAN JOURNAL OF ECONOMICS,['ECONOMICS'],456,Economics and Econometrics,"Economics, Econometrics and Finance",1.0,4,0,E
222,160506855,The Accounting Review,0001-4826,The Accounting Review,"Accounting, auditing and accountability",Accounting Review,F&A,2457,269568,ACCOUNTING REVIEW,"['BUSINESS, FINANCE']",1449,Accounting,"Business, Management and Accounting",1.0,1,2,A
223,4210189271,Leadership & Organization Development Journal,0143-7739,Leadership and Organization Development Journal,Human resources and industrial relations,Leadership and Organization Development Journal,Gen & Strat,2448,94180,LEADERSHIP & ORGANIZATION DEVELOPMENT JOURNAL,['MANAGEMENT'],917,Organizational Behavior and Human Resource Management,"Business, Management and Accounting",0.7997756590016826,0,2,B
224,204305389,Journal of Management Development,0262-1711,Journal of Management Development,Human resources and industrial relations,Journal of Management Development,"OS/OB,HRM/IR",2440,76130,JOURNAL OF MANAGEMENT DEVELOPMENT,['MANAGEMENT'],415,Organizational Behavior and Human Resource Management,"Business, Management and Accounting",1.0,0,2,B
225,163774179,Labour Economics,0927-5371,,,Labour Economics,Economics,2436,90340,LABOUR ECONOMICS,['ECONOMICS'],1073,Economics and Econometrics,"Economics, Econometrics and Finance",0.553354890864996,3,0,E
226,107325288,Social Choice and Welfare,0176-1714,,,Social Choice and Welfare,Sociology,2421,47848,SOCIAL CHOICE AND WELFARE,['ECONOMICS'],1353,Economics and Econometrics,"Economics, Econometrics and Finance",0.5657196378395254,2,0,E
227,206927904,Asia Pacific Journal of Human Resources,1038-4111,Asia Pacific Journal of Human Resources,Human resources and industrial relations,Asia Pacific Journal of Human Resources,"OS/OB,HRM/IR",2419,25098,Asia Pacific Journal of Human Resources,['MANAGEMENT'],303,Public Administration,Social Sciences,0.42924086223055297,0,1,
228,65924262,Contemporary Accounting Research,0823-9150,Contemporary Accounting Research,"Accounting, auditing and accountability",Contemporary Accounting Research,F&A,2416,150314,CONTEMPORARY ACCOUNTING RESEARCH,"['BUSINESS, FINANCE']",1550,Accounting,"Business, Management and Accounting",1.0,1,2,A
229,125273398,The Quarterly Review of Economics and Finance,1062-9769,Quarterly Review of Economics and Finance,"COMMERCE, MANAGEMENT, TOURISM AND SERVICES",Quarterly Review of Economics and Finance,Economics,2412,57359,QUARTERLY REVIEW OF ECONOMICS AND FINANCE,['ECONOMICS'],589,Finance,"Economics, Econometrics and Finance",1.0,3,1,A
230,142306484,Journal of Operations Management,0272-6963,,,Journal of Operations Management,"OR,MS,POM",2409,264437,JOURNAL OF OPERATIONS MANAGEMENT,['MANAGEMENT'],578,Management Information Systems,"Business, Management and Accounting",1.0,0,2,B
231,33741590,Academy of Management Perspectives,1558-9080,,,Academy of Management Perspectives,Gen & Strat,2404,193803,Academy of Management Perspectives,['BUSINESS' 'MANAGEMENT'],254,Strategy and Management,"Business, Management and Accounting",1.0,0,2,B
232,155526628,The North American Journal of Economics and Finance,1062-9408,The North American Journal of Economics and Finance,"Banking, finance and investment",,,2389,43633,North American Journal of Economics and Finance,"['ECONOMICS' 'BUSINESS, FINANCE']",845,Economics and Econometrics,"Economics, Econometrics and Finance",1.0,3,1,A
233,72880728,The Journal of Economic Perspectives,0895-3309,Journal of Economic Perspectives,Applied economics,Journal of Economic Perspectives,Economics,2364,498079,JOURNAL OF ECONOMIC PERSPECTIVES,['ECONOMICS'],263,"General Economics, Econometrics and Finance","Economics, Econometrics and Finance",1.0,4,0,E
234,173807628,International Journal of Consumer Studies,1470-6423,International Journal of Consumer Studies,Marketing,,,2359,89496,International Journal of Consumer Studies,['BUSINESS'],631,Marketing,"Business, Management and Accounting",0.7043838862559242,0,2,B
235,123914889,International Journal of Entrepreneurship and Small Business,1476-1297,International Journal of Entrepreneurship and Small Business,Business systems in context,,,2354,19732,International Journal of Entrepreneurship & Small Business,['BUSINESS' 'MANAGEMENT'],1125,Management of Technology and Innovation,"Business, Management and Accounting",0.9208731241473397,0,3,B
236,66510378,Critical Perspectives on Accounting,1045-2354,Critical Perspectives on Accounting,"Accounting, auditing and accountability",Critical Perspectives on Accounting,F&A,2350,74548,Critical Perspectives on Accounting,"['BUSINESS, FINANCE']",817,Management Information Systems,"Business, Management and Accounting",0.9128693039559339,1,2,A
237,180723199,Agribusiness,0742-4477,Agribusiness: an international journal,Applied economics,,,2348,32219,Agribusiness,['ECONOMICS'],637,Economics and Econometrics,"Economics, Econometrics and Finance",0.6442033123929183,3,0,E
238,92565720,Oxford Bulletin of Economics and Statistics,0305-9049,Oxford Bulletin of Economics and Statistics,Applied economics,Oxford Bulletin of Economics and Statistics,Economics,2344,135726,OXFORD BULLETIN OF ECONOMICS AND STATISTICS,['ECONOMICS'],680,"General Economics, Econometrics and Finance","Economics, Econometrics and Finance",1.0,4,0,E
239,69458508,Journal of Asian Economics,1049-0078,Journal of Asian Economics,"Banking, finance and investment",Journal of Asian Economics,Economics,2321,42896,Journal of Asian Economics,['ECONOMICS'],499,"General Economics, Econometrics and Finance","Economics, Econometrics and Finance",1.0,4,0,E
240,23343376,International Business Review,0969-5931,International Business Review,Human resources and industrial relations,International Business Review,IB,2320,138599,International Business Review,['BUSINESS' 'MANAGEMENT'],1270,Strategy and Management,"Business, Management and Accounting",1.0,0,2,B
241,32361082,European Review of Agricultural Economics,0165-1587,European Review of Agricultural Economics,Applied economics,European Review of Agricultural Economics,Economics,2320,51142,EUROPEAN REVIEW OF AGRICULTURAL ECONOMICS,['ECONOMICS'],949,General Agricultural and Biological Sciences,Agricultural and Biological Sciences,0.40856236786469347,3,0,E
242,35128040,Applied Financial Economics,0960-3107,,,Applied Financial Economics,Economics,2304,54579,,,906,Finance,"Economics, Econometrics and Finance",1.0,2,0,E
243,149276091,Work Study,0043-8022,International Journal of Productivity and Performance Management,Human resources and industrial relations,,,2292,24703,International Journal of Productivity and Performance Management,['MANAGEMENT'],76,Management Information Systems,"Business, Management and Accounting",0.4553191489361702,0,2,B
244,157946625,Financial Management,0046-3892,Financial Management,"Banking, finance and investment",Financial Management,F&A,2283,99677,FINANCIAL MANAGEMENT,"['BUSINESS, FINANCE']",982,Accounting,"Business, Management and Accounting",1.0,2,2,A
245,323237,Accounting and Business Research,0001-4788,Accounting and Business Research,"Accounting, auditing and accountability",Accounting and Business Research,F&A,2260,64592,ACCOUNTING AND BUSINESS RESEARCH,"['BUSINESS, FINANCE']",837,Accounting,"Business, Management and Accounting",1.0,1,2,A
246,2913204857,Journal of Business Economics,0044-2372,Zeitschrift fuer Betriebswirtschaft,"Strategy, management and organisational behaviour",Journal of Business Economics,Gen & Strat,2252,15425,,,232,Accounting,"Business, Management and Accounting",0.8192592592592592,0,2,B
247,127708089,Journal of Economic Literature,0022-0515,Journal of Economic Literature,Applied economics,Journal of Economic Literature,Economics,2249,275559,JOURNAL OF ECONOMIC LITERATURE,['ECONOMICS'],359,Economics and Econometrics,"Economics, Econometrics and Finance",1.0,4,0,E
248,20489460,Benchmarking An International Journal,1463-5771,Benchmarking: an international journal,Business systems in context,,,2244,72711,Benchmarking-An International Journal,['MANAGEMENT'],720,Management Information Systems,"Business, Management and Accounting",1.0,0,3,B
249,4210175534,Financial and credit activity problems of theory and practice,2306-4994,,,,,2242,7284,Financial and Credit Activity-Problems of Theory and Practice,"['BUSINESS, FINANCE']",1033,"General Economics, Econometrics and Finance","Economics, Econometrics and Finance",0.6822089947089947,2,1,A
250,1014724869,Economic Research-Ekonomska Istraživanja,1331-677X,Economic Research,Applied economics,,,2239,47068,,,360,Economics and Econometrics,"Economics, Econometrics and Finance",1.0,2,0,E
251,65353606,International Journal of Retail & Distribution Management,0959-0552,International Journal of Retail and Distribution Management,Commercial services,International Journal of Retail and Distribution Manageme,nMarketing,2237,90278,International Journal of Retail & Distribution Management,['BUSINESS' 'MANAGEMENT'],1097,Marketing,"Business, Management and Accounting",0.9085929476206779,0,3,B
252,107859553,International Small Business Journal Researching Entrepreneurship,0266-2426,International Small Business Journal,Human resources and industrial relations,International Small Business Journal,Entrep,2220,92086,International Small Business Journal-Researching Entrepreneurship,['BUSINESS' 'MANAGEMENT'],792,Management of Technology and Innovation,"Business, Management and Accounting",1.0,0,2,B
253,19358283,International Journal of Advertising,0265-0487,International Journal of Advertising,Marketing,International Journal of Advertising,Marketing,2209,71565,International Journal of Advertising,['BUSINESS'],921,Marketing,"Business, Management and Accounting",0.5070224719101124,0,2,B
254,103311983,Journal of Advertising,0091-3367,Journal of Advertising,Marketing,Journal of Advertising,Marketing,2200,154688,JOURNAL OF ADVERTISING,['BUSINESS'],996,Marketing,"Business, Management and Accounting",0.5402455661664393,0,2,B
255,198892436,Accounting Organizations and Society,0361-3682,"Accounting, Organizations and Society","Accounting, auditing and accountability","Accounting, Organizations and Society",F&A,2197,246156,ACCOUNTING ORGANIZATIONS AND SOCIETY,"['BUSINESS, FINANCE']",979,Management Information Systems,"Business, Management and Accounting",0.9329004329004329,1,2,A
256,50631486,Journal of Knowledge Management,1367-3270,,,Journal of Knowledge Management,"MIS, KM",2192,165046,Journal of Knowledge Management,['MANAGEMENT'],1055,Communication,Social Sciences,0.5571428571428572,0,1,
257,4210174900,Décisions Marketing,0779-7389,Decisions Marketing,Marketing,,,2188,6685,,,421,Strategy and Management,"Business, Management and Accounting",0.8526551982049364,0,1,
258,134953813,Economics bulletin,1545-2921,Economics Bulletin,Applied economics,,,2186,11035,Economics Bulletin,['ECONOMICS'],327,"General Economics, Econometrics and Finance","Economics, Econometrics and Finance",1.0,3,0,E
259,1650206,Milbank Quarterly,0887-378X,,,Milbank Quarterly,PSM,2177,126988,,,461,Economics and Econometrics,"Economics, Econometrics and Finance",0.49014972419227737,1,0,
260,201037040,International Journal of Manpower,0143-7720,International Journal of Manpower,Human resources and industrial relations,International Journal of Manpower,"OS/OB,HRM/IR",2174,62273,INTERNATIONAL JOURNAL OF MANPOWER,['MANAGEMENT'],616,Economics and Econometrics,"Economics, Econometrics and Finance",0.5336297943301834,1,1,
261,178202027,International Journal of Services and Operations Management,1744-2370,International Journal of Services and Operations Management,"Strategy, management and organisational behaviour",,,2174,9707,,,500,Management Information Systems,"Business, Management and Accounting",0.8757668711656442,0,2,B
262,99067594,Journal of Industrial Economics,0022-1821,The Journal of Industrial Economics,Applied economics,Journal of Industrial Economics,Economics,2160,101042,JOURNAL OF INDUSTRIAL ECONOMICS,"['ECONOMICS' 'BUSINESS, FINANCE']",692,Economics and Econometrics,"Economics, Econometrics and Finance",1.0,4,1,A
263,4210224324,Accounting Auditing & Accountability Journal,0951-3574,"Accounting, Auditing & Accountability Journal","Accounting, auditing and accountability","Accounting, Auditing and Accountability Journal",F&A,2152,137094,Accounting Auditing & Accountability Journal,"['BUSINESS, FINANCE']",903,Management Information Systems,"Business, Management and Accounting",0.8811619718309859,1,2,A
264,16530434,The European Journal of Health Economics,1618-7598,,,European Journal of Health Economics,Economics,2149,54592,European Journal of Health Economics,['ECONOMICS'],938,Economics and Econometrics,"Economics, Econometrics and Finance",0.7860134003350083,3,0,E
265,185930956,Contemporary Economic Policy,1074-3529,Contemporary Economic Policy,Applied economics,,,2145,38423,CONTEMPORARY ECONOMIC POLICY,['ECONOMICS'],285,Economics and Econometrics,"Economics, Econometrics and Finance",0.838569880823402,3,0,E
266,128035191,The Developing Economies,0012-1533,,,,,2140,17660,DEVELOPING ECONOMIES,['ECONOMICS'],287,"General Economics, Econometrics and Finance","Economics, Econometrics and Finance",0.6785714285714286,2,0,E
267,2765075218,Cogent Economics & Finance,2332-2039,,,,,2127,27864,Cogent Economics & Finance,['ECONOMICS'],338,Economics and Econometrics,"Economics, Econometrics and Finance",1.0,2,0,E
268,155657779,International Journal of Business Innovation and Research,1751-0252,International Journal of Business Innovation and Research,Business systems in context,,,2094,7994,,,215,Information Systems and Management,Decision Sciences,0.5315436241610738,0,1,
269,71783669,Review of International Economics,0965-7576,Review of International Economics,"Banking, finance and investment",Review of International Economics,Economics,2091,40431,Review of International Economics,['ECONOMICS'],1010,"General Economics, Econometrics and Finance","Economics, Econometrics and Finance",1.0,4,0,E
270,171812798,Metroeconomica,0026-1386,Metroeconomica: international review of economics,Applied economics,,,2085,17515,Metroeconomica,['ECONOMICS'],776,Economics and Econometrics,"Economics, Econometrics and Finance",0.8636363636363636,3,0,E
271,82743730,Journal of International Financial Markets Institutions and Money,1042-4431,"Journal of International Financial Markets, Institutions and Money","Banking, finance and investment","Journal of International Financial Markets, Institutions and",MF&A,2084,64385,Journal of International Financial Markets Institutions & Money,"['ECONOMICS' 'BUSINESS, FINANCE']",651,Economics and Econometrics,"Economics, Econometrics and Finance",1.0,3,1,A
272,158705510,Journal of Economic Studies,0144-3585,Journal of Economic Studies,Applied economics,,,2082,34851,JOURNAL OF ECONOMIC STUDIES,['ECONOMICS'],430,"General Economics, Econometrics and Finance","Economics, Econometrics and Finance",1.0,3,0,E
273,52125040,International Journal of Logistics Systems and Management,1742-7967,International Journal of Logistics Systems and Management,"Strategy, management and organisational behaviour",,,2079,11622,,,505,Management Information Systems,"Business, Management and Accounting",1.0,0,2,B
274,67638930,Structural Change and Economic Dynamics,0954-349X,Structural Change and Economic Dynamics,"Banking, finance and investment",,,2059,51716,Structural Change and Economic Dynamics,['ECONOMICS'],470,Economics and Econometrics,"Economics, Econometrics and Finance",1.0,3,0,E
275,998097505,The Journal of Law and Economics,0022-2186,The Journal of Law and Economics,Applied economics,Journal of Law and Economics,Economics,2059,193969,JOURNAL OF LAW & ECONOMICS,['ECONOMICS'],391,Economics and Econometrics,"Economics, Econometrics and Finance",1.0,4,0,E
276,49396926,Thunderbird International Business Review,1096-4762,Thunderbird International Business Review,"Accounting, auditing and accountability",Thunderbird International Business Review,IB,2054,31734,Thunderbird International Business Review,['BUSINESS'],509,Strategy and Management,"Business, Management and Accounting",1.0,0,2,B
277,201731998,Local Economy The Journal of the Local Economy Policy Unit,0269-0942,,,Local Economy,PSM,2052,22080,Local Economy,['ECONOMICS'],265,Finance,"Economics, Econometrics and Finance",0.4021421616358325,2,0,E
278,152304618,The Leadership Quarterly,1048-9843,,,Leadership Quarterly,"OS/OB,HRM/IR",2052,282161,LEADERSHIP QUARTERLY,['MANAGEMENT'],732,Organizational Behavior and Human Resource Management,"Business, Management and Accounting",0.6516007532956686,0,2,B
279,4210181832,Total Quality Management & Business Excellence,1478-3363,Total Quality Management and Business Excellence,Human resources and industrial relations,Total Quality Management and Business Excellence,"OR,MS,POM",2048,70969,TOTAL QUALITY MANAGEMENT & BUSINESS EXCELLENCE,['MANAGEMENT'],917,Management Information Systems,"Business, Management and Accounting",1.0,0,2,B
280,967494592,Global Business Review,0972-1509,Global Business Review,Human resources and industrial relations,,,2045,32060,Global Business Review,['BUSINESS' 'MANAGEMENT'],271,Accounting,"Business, Management and Accounting",0.8362573099415205,0,2,B
281,11810700,International Journal of Research in Marketing,0167-8116,International Journal of Research in Marketing,Marketing,International Journal of Research in Marketing,Marketing,2033,121468,INTERNATIONAL JOURNAL OF RESEARCH IN MARKETING,['BUSINESS'],513,Marketing,"Business, Management and Accounting",0.7360872059667241,0,2,B
282,151404345,Journal of Post Keynesian Economics,0160-3477,Journal of Post Keynesian Economics,Applied economics,Journal of Post Keynesian Economics,Economics,2033,33452,JOURNAL OF POST KEYNESIAN ECONOMICS,['ECONOMICS'],1303,"General Economics, Econometrics and Finance","Economics, Econometrics and Finance",0.8898122499230533,4,0,E
283,62110574,Review of Quantitative Finance and Accounting,0924-865X,,,Review of Quantitative Finance and Accounting,F&A,2032,38487,Review of Quantitative Finance and Accounting,"['BUSINESS, FINANCE']",998,Accounting,"Business, Management and Accounting",1.0,1,2,A
284,4210239688,Communications of the Association for Information Systems,1529-3181,,,Communications of the Association for Information,"MIS, KM",2031,79605,,,374,Management Information Systems,"Business, Management and Accounting",0.4237410071942446,0,1,
285,83511262,International Journal of Productivity and Quality Management,1746-6474,International Journal of Productivity and Quality Management,Business systems in context,,,2028,9284,,,705,Management Information Systems,"Business, Management and Accounting",0.820839580209895,0,2,B
286,29817978,Marketing Intelligence & Planning,0263-4503,Marketing Intelligence and Planning,Marketing,Marketing Intelligence and Planning,Marketing,2027,79022,Marketing Intelligence & Planning,['BUSINESS'],604,Marketing,"Business, Management and Accounting",0.6758555133079848,0,2,B
287,141901250,Strategic Change,1086-1718,,,Strategic Change,Gen & Strat,2020,23102,Strategic Change-Briefings in Entrepreneurial Finance,"['BUSINESS, FINANCE']",289,Strategy and Management,"Business, Management and Accounting",1.0,1,2,A
288,184126201,British Journal of Management,1045-3172,British Journal of Management,Human resources and industrial relations,British Journal of Management,Gen & Strat,2016,125933,BRITISH JOURNAL OF MANAGEMENT,['BUSINESS' 'MANAGEMENT'],398,Accounting,"Business, Management and Accounting",0.8935870331219169,0,2,B
289,82178847,Economic Papers A journal of applied economics and policy,0812-0439,Economic Papers: a journal of applied economics and policy,"Banking, finance and investment",,,2014,9442,Economic Papers,['ECONOMICS'],480,Economics and Econometrics,"Economics, Econometrics and Finance",0.8804232804232804,3,0,E
290,185905316,The Journal of Technology Transfer,0892-9912,Journal of Technology Transfer,"Strategy, management and organisational behaviour",,,2014,84794,JOURNAL OF TECHNOLOGY TRANSFER,['MANAGEMENT'],653,Strategy and Management,"Business, Management and Accounting",1.0,0,3,B
291,58171247,Journal of Product & Brand Management,1061-0421,Journal of Product and Brand Management,Marketing,Journal of Product and Brand Management,Marketing,2012,90189,Journal of Product and Brand Management,['BUSINESS' 'MANAGEMENT'],1188,Marketing,"Business, Management and Accounting",0.7908088235294117,0,2,B
292,95496512,Review of Development Economics,1363-6669,,,,,2008,37446,Review of Development Economics,['ECONOMICS'],479,Economics and Econometrics,"Economics, Econometrics and Finance",0.7320478723404256,2,0,E
293,148503350,Queueing Systems,0257-0130,,,Queueing Systems,"OR,MS,POM",2008,47950,,,1637,Management Information Systems,"Business, Management and Accounting",0.5082272586153368,0,1,
294,136745531,Macroeconomic Dynamics,1365-1005,Macroeconomic Dynamics,Applied economics,Macroeconomic Dynamics,Economics,2002,35578,MACROECONOMIC DYNAMICS,['ECONOMICS'],805,"General Economics, Econometrics and Finance","Economics, Econometrics and Finance",1.0,4,0,E
295,51184730,International Journal of Business Excellence,1756-0047,International Journal of Business Excellence,Business systems in context,,,2002,7137,,,248,Management Information Systems,"Business, Management and Accounting",0.6579275905118602,0,2,B
296,2764393121,The American Economist,0569-4345,American Economist,Applied economics,,,2001,8877,,,291,Economics and Econometrics,"Economics, Econometrics and Finance",0.8495486459378134,2,0,E
297,113426170,Compensation & Benefits Review,0886-3687,Compensation and Benefits Review,Human resources and industrial relations,,,1999,8753,,,131,Demography,Social Sciences,0.7772108843537415,0,0,
298,72915307,Organization,1350-5084,,,Organization,"OS/OB,HRM/IR",1989,97179,ORGANIZATION,['MANAGEMENT'],795,Organizational Behavior and Human Resource Management,"Business, Management and Accounting",0.7258566978193146,0,2,B
299,107033909,Journal of Economics,0931-8658,Journal of Economics,Applied economics,Journal of Economics/ Zeitschrift fur Nationalokonomie,Economics,1985,20397,Journal of Economics,['ECONOMICS'],443,Economics and Econometrics,"Economics, Econometrics and Finance",1.0,4,0,E
300,956737788,BuR - Business Research,1866-8658,BuR: Business Research,"Banking, finance and investment",,,1961,8248,,,30,Accounting,"Business, Management and Accounting",1.0,1,1,
301,197145128,Journal of Organizational Change Management,0953-4814,Journal of Organizational Change Management,Human resources and industrial relations,Journal of Organizational Change Management,Gen & Strat,1960,71793,JOURNAL OF ORGANIZATIONAL CHANGE MANAGEMENT,['MANAGEMENT'],606,Organizational Behavior and Human Resource Management,"Business, Management and Accounting",0.9085985104942451,0,2,B
302,4210177023,Brazilian Journal of Political Economy,0101-3157,Revista de Economia Politica,Applied economics,,,1957,12954,,,1138,"General Economics, Econometrics and Finance","Economics, Econometrics and Finance",0.9031610637230306,2,0,E
303,173789977,Corporate Governance,1472-0701,Corporate Governance,"Strategy, management and organisational behaviour",Corporate Governance: The International Journal of Busin,Gen & Strat,1952,65158,Corporate Governance-The International Journal of Business in Society,['BUSINESS'],893,Accounting,"Business, Management and Accounting",1.0,0,3,B
304,8124760,Journal of Management & Organization,1833-3672,Journal of Management and Organization,Human resources and industrial relations,Journal of Management and Organization,Gen & Strat,1949,33899,Journal of Management & Organization,['MANAGEMENT'],490,Organizational Behavior and Human Resource Management,"Business, Management and Accounting",1.0,0,2,B
305,4394735563,Journal of applied corporate finance,1745-6622,Journal of Applied Corporate Finance,"Accounting, auditing and accountability",Journal of Applied Corporate Finance,F&A,1938,51216,Journal of Applied Corporate Finance,"['BUSINESS, FINANCE']",581,Accounting,"Business, Management and Accounting",1.0,1,2,A
306,195297104,Organizational Dynamics,0090-2616,,,Organizational Dynamics,"OS/OB,HRM/IR",1936,119025,ORGANIZATIONAL DYNAMICS,['BUSINESS' 'MANAGEMENT'],129,Organizational Behavior and Human Resource Management,"Business, Management and Accounting",0.8072805139186295,0,2,B
307,8557221,Journal of Labor Economics,0734-306X,Journal of Labor Economics,Applied economics,Journal of Labor Economics,Economics,1934,170420,JOURNAL OF LABOR ECONOMICS,['ECONOMICS'],724,Economics and Econometrics,"Economics, Econometrics and Finance",0.5445246690734056,4,0,E
308,50758683,Revista de Historia Económica / Journal of Iberian and Latin American Economic History,0212-6109,,,,,1933,8471,Revista de Historia Economica-Journal of Iberian and Latin American Economic History,['ECONOMICS'],601,Economics and Econometrics,"Economics, Econometrics and Finance",0.7370786516853932,2,0,E
309,78792899,Journal of Small Business Management,0047-2778,Journal of Small Business Management,"COMMERCE, MANAGEMENT, TOURISM AND SERVICES",Journal of Small Business Management,Entrep,1933,144130,JOURNAL OF SMALL BUSINESS MANAGEMENT,['MANAGEMENT'],843,Management of Technology and Innovation,"Business, Management and Accounting",1.0,0,3,B
310,4210168092,Journal of the History of Economic Thought,1053-8372,,,Journal of the History of Economic Thought,Economics,1931,10378,,,954,Economics and Econometrics,"Economics, Econometrics and Finance",0.8222727272727273,2,0,E
311,57522439,Australian Economic Papers,0004-900X,Australian Economic Papers,"COMMERCE, MANAGEMENT, TOURISM AND SERVICES",Australian Economic Papers,Economics,1929,16271,AUSTRALIAN ECONOMIC PAPERS,['ECONOMICS'],395,Economics and Econometrics,"Economics, Econometrics and Finance",1.0,3,1,A
312,132210109,International Journal of Game Theory,0020-7276,,,International Journal of Game Theory,Economics,1926,54539,INTERNATIONAL JOURNAL OF GAME THEORY,['ECONOMICS'],1072,Management Science and Operations Research,Decision Sciences,0.4587599544937429,2,0,E
313,197396629,The British Accounting Review,0890-8389,The British Accounting Review,"Accounting, auditing and accountability",British Accounting Review,F&A,1923,68881,British Accounting Review,"['BUSINESS, FINANCE']",547,Accounting,"Business, Management and Accounting",1.0,1,2,A
314,189751245,Journal of Consumer Affairs,0022-0078,Journal of Consumer Affairs,Marketing,Journal of Consumer Affairs,Marketing,1922,59822,JOURNAL OF CONSUMER AFFAIRS,['ECONOMICS' 'BUSINESS'],320,Accounting,"Business, Management and Accounting",1.0,1,2,A
315,2737296559,Economies,2227-7099,Economies,Applied economics,,,1908,22628,Economies,['ECONOMICS'],310,Economics and Econometrics,"Economics, Econometrics and Finance",1.0,3,0,E
316,3416249,Review of Industrial Organization,0889-938X,Review of Industrial Organization,Applied economics,Review of Industrial Organization,Economics,1899,37510,REVIEW OF INDUSTRIAL ORGANIZATION,['ECONOMICS' 'MANAGEMENT'],733,Economics and Econometrics,"Economics, Econometrics and Finance",1.0,4,1,A
317,17986141,Journal of Management Inquiry,1056-4926,Journal of Management Inquiry,"Strategy, management and organisational behaviour",Journal of Management Inquiry,Gen & Strat,1893,49280,JOURNAL OF MANAGEMENT INQUIRY,['MANAGEMENT'],617,Organizational Behavior and Human Resource Management,"Business, Management and Accounting",0.9217719132893497,0,3,B
318,180851279,Journal of Services Marketing,0887-6045,Journal of Services Marketing,Commercial services,Journal of Services Marketing,Marketing,1889,125506,Journal of Services Marketing,['BUSINESS'],1158,Organizational Behavior and Human Resource Management,"Business, Management and Accounting",0.87512971290211,0,3,B
319,2736813639,International Business & Economics Research Journal (IBER),1535-0754,International Business and Economics Research Journal,"Strategy, management and organisational behaviour",,,1888,14758,,,159,Accounting,"Business, Management and Accounting",1.0,0,2,B
320,173896063,Property Management,0263-7472,,,,,1882,13066,Property Management,['MANAGEMENT'],492,Economics and Econometrics,"Economics, Econometrics and Finance",0.6297250859106529,1,1,
321,170913539,Bulletin of Economic Research,0307-3378,Bulletin of Economic Research,Applied economics,Bulletin of Economic Research,Economics,1881,15943,BULLETIN OF ECONOMIC RESEARCH,['ECONOMICS'],305,Economics and Econometrics,"Economics, Econometrics and Finance",1.0,4,0,E
322,2764989054,Problems and Perspectives in Management,1727-7051,Problems and Perspectives in Management,"Strategy, management and organisational behaviour",,,1879,16012,,,206,"Management, Monitoring, Policy and Law",Environmental Science,0.7708565072302559,0,1,
323,52048951,International Journal of Business and Globalisation,1753-3627,International Journal of Business and Globalisation,"Strategy, management and organisational behaviour",,,1876,6165,,,243,Management of Technology and Innovation,"Business, Management and Accounting",0.8573573573573574,0,2,B
324,129086836,Real Estate Economics,1080-8620,Real Estate Economics,"Banking, finance and investment",Real Estate Economics,Economics,1875,59306,REAL ESTATE ECONOMICS,"['ECONOMICS' 'BUSINESS, FINANCE']",1445,Economics and Econometrics,"Economics, Econometrics and Finance",1.0,4,1,A
325,77308338,Corporate Governance An International Review,0964-8410,,,Corporate Governance: An International Review,IB,1872,82959,CORPORATE GOVERNANCE-AN INTERNATIONAL REVIEW,"['BUSINESS' 'MANAGEMENT' 'BUSINESS, FINANCE']",1021,Accounting,"Business, Management and Accounting",1.0,1,2,A
326,202812398,Information Systems Research,1047-7047,,,Information Systems Research,"MIS, KM",1867,271930,INFORMATION SYSTEMS RESEARCH,['MANAGEMENT'],308,Strategy and Management,"Business, Management and Accounting",0.4556354916067146,0,2,B
327,105700240,American Business Law Journal,0002-7766,,,,,1867,8638,AMERICAN BUSINESS LAW JOURNAL,['BUSINESS'],891,Accounting,"Business, Management and Accounting",0.8805601317957167,0,2,B
328,4210228954,Revue de l'OFCE/La Revue de l'OFCE,1265-9576,"Observatoire Francais des Conjonctures Economiques, Revue: observations et diagnostics economiques",Applied economics,,,1865,5403,,,257,Urban Studies,Social Sciences,0.5784232365145229,1,0,
329,51113653,The Engineering Economist,0013-791X,The Engineering Economist,Applied economics,,,1860,15939,ENGINEERING ECONOMIST,['BUSINESS' 'MANAGEMENT'],468,Finance,"Economics, Econometrics and Finance",1.0,2,1,A
330,151491554,The Geneva Papers on Risk and Insurance Issues and Practice,1018-5895,Geneva Papers on Risk and Insurance: Issues and Practice,"Banking, finance and investment",Geneva Papers on Risk and Insurance: Issues and Practic,eEconomics,1844,22995,GENEVA PAPERS ON RISK AND INSURANCE-ISSUES AND PRACTICE,"['BUSINESS, FINANCE']",795,Economics and Econometrics,"Economics, Econometrics and Finance",0.7130829015544041,4,1,A
331,135086714,Journal of Information Technology,0268-3962,,,Journal of Information Technology,"MIS, KM",1843,67556,JOURNAL OF INFORMATION TECHNOLOGY,['MANAGEMENT'],310,Management Information Systems,"Business, Management and Accounting",0.732568402471315,0,2,B
332,191031105,Asia Pacific Journal of Marketing and Logistics,1355-5855,Asia Pacific Journal of Marketing and Logistics,Marketing,Asia Pacific Journal of Marketing and Logistics,Marketing,1842,45332,Asia Pacific Journal of Marketing and Logistics,['BUSINESS'],718,Marketing,"Business, Management and Accounting",0.6407889215274863,0,2,B
333,25359449,International Advances in Economic Research,1083-0898,International Advances in Economic Research,Applied economics,,,1837,12479,International Advances in Economic Research,['ECONOMICS'],254,"General Economics, Econometrics and Finance","Economics, Econometrics and Finance",1.0,3,0,E
334,2508752,Business Process Management Journal,1463-7154,,,Business Process Management Journal,"OR,MS,POM",1836,76344,Business Process Management Journal,['BUSINESS' 'MANAGEMENT'],505,Management Information Systems,"Business, Management and Accounting",1.0,0,2,B
335,4210183922,Journal of General Management,0306-3070,Journal of General Management,Human resources and industrial relations,Journal of General Management,Gen & Strat,1831,20584,JOURNAL OF GENERAL MANAGEMENT,['MANAGEMENT'],155,Strategy and Management,"Business, Management and Accounting",1.0,0,2,B
336,187626162,Entrepreneurship Theory and Practice,1042-2587,Entrepreneurship: Theory and Practice,Human resources and industrial relations,Entrepreneurship Theory and Practice,Entrep,1818,303691,ENTREPRENEURSHIP THEORY AND PRACTICE,['BUSINESS'],1105,Management of Technology and Innovation,"Business, Management and Accounting",1.0,0,2,B
337,15356059,Review of Political Economy,0953-8259,Review of Political Economy,"Banking, finance and investment",,,1815,21591,REVIEW OF POLITICAL ECONOMY,['ECONOMICS'],932,"General Economics, Econometrics and Finance","Economics, Econometrics and Finance",0.7887269938650306,3,0,E
338,945769174,Revue d économie politique,0373-2630,Revue d'Economie Politique,Applied economics,,,1812,6373,REVUE D ECONOMIE POLITIQUE,['ECONOMICS'],228,Urban Studies,Social Sciences,0.5324232081911263,2,0,E
339,62142384,Journal of Accounting and Economics,0165-4101,Journal of Accounting and Economics,"Accounting, auditing and accountability",Journal of Accounting and Economics,F&A,1805,379574,JOURNAL OF ACCOUNTING & ECONOMICS,"['ECONOMICS' 'BUSINESS, FINANCE']",1066,Accounting,"Business, Management and Accounting",1.0,1,2,A
340,105799767,European Journal of the History of Economic Thought,0967-2567,,,European Journal of the History of Economic Thought,Economics,1804,11834,European Journal of the History of Economic Thought,['ECONOMICS'],856,Economics and Econometrics,"Economics, Econometrics and Finance",0.7813604240282686,3,0,E
341,136661304,Managerial Auditing Journal,0268-6902,Managerial Auditing Journal,"Accounting, auditing and accountability",Managerial Auditing Journal,F&A,1797,63311,Managerial Auditing Journal,"['BUSINESS, FINANCE' 'MANAGEMENT']",907,Accounting,"Business, Management and Accounting",1.0,1,2,A
342,2738355984,Administrative Sciences,2076-3387,,,,,1797,25326,Administrative Sciences,['MANAGEMENT'],267,Management of Technology and Innovation,"Business, Management and Accounting",0.8713942307692307,0,2,B
343,94775995,European Business Review,0955-534X,European Business Review (Bingley),Marketing,European Business Review,Gen & Strat,1794,65905,European Business Review,['BUSINESS'],195,Strategy and Management,"Business, Management and Accounting",1.0,0,2,B
344,145875555,Journal of Empirical Finance,0927-5398,Journal of Empirical Finance,"Banking, finance and investment",Journal of Empirical Finance,F&A,1792,79926,Journal of Empirical Finance,"['ECONOMICS' 'BUSINESS, FINANCE']",863,Finance,"Economics, Econometrics and Finance",1.0,3,1,A
345,35298862,Journal of Macromarketing,0276-1467,Journal of Macromarketing,Marketing,Journal of Macromarketing,Marketing,1786,39884,Journal of Macromarketing,['BUSINESS'],314,Marketing,"Business, Management and Accounting",0.7842046718576196,0,2,B
346,166797808,International Journal of Indian Culture and Business Management,1753-0806,,,,,1776,4130,International Journal of Indian Culture and Business Management,['BUSINESS'],113,Marketing,"Business, Management and Accounting",0.6090225563909775,0,2,B
347,34139249,The RAND Journal of Economics,0741-6261,RAND Journal of Economics,Applied economics,RAND Journal of Economics,Economics,1761,201737,RAND JOURNAL OF ECONOMICS,['ECONOMICS'],497,Economics and Econometrics,"Economics, Econometrics and Finance",0.7506426735218509,4,0,E
348,22431819,International Economic Journal,1016-8737,International Economic Journal,Applied economics,,,1759,15963,INTERNATIONAL ECONOMIC JOURNAL,['ECONOMICS'],601,"General Economics, Econometrics and Finance","Economics, Econometrics and Finance",1.0,3,0,E
349,190363454,Organizational Behavior Teaching Review,1052-5629,,,Journal of Management Education,Education,1759,37351,,,581,Management of Technology and Innovation,"Business, Management and Accounting",0.7788778877887789,0,1,
350,53726244,Journal of Managerial Psychology,0268-3946,,,Journal of Managerial Psychology,"OS/OB,HRM/IR",1753,105751,Journal of Managerial Psychology,['MANAGEMENT'],818,Organizational Behavior and Human Resource Management,"Business, Management and Accounting",0.6348684210526315,0,2,B
351,980556082,Agricultural Economics (Zemědělská ekonomika),0139-570X,,,,,1748,14728,Agricultural Economics-Zemedelska Ekonomika,['ECONOMICS'],355,General Agricultural and Biological Sciences,Agricultural and Biological Sciences,0.47266313932980597,1,0,
352,145471836,Explorations in Economic History,0014-4983,,,Explorations in Economic History,Economics,1746,44095,EXPLORATIONS IN ECONOMIC HISTORY,['ECONOMICS'],539,Economics and Econometrics,"Economics, Econometrics and Finance",0.8419117647058824,3,0,E
353,118000741,The Journal of Investing,1068-0896,The Journal of Investing,"Banking, finance and investment",,,1745,14496,Journal of Investing,"['BUSINESS, FINANCE']",872,Finance,"Economics, Econometrics and Finance",1.0,3,1,A
354,61413993,Journal of Business and Psychology,0889-3268,,,Journal of Business and Psychology,"OS/OB,HRM/IR",1736,93233,JOURNAL OF BUSINESS AND PSYCHOLOGY,['BUSINESS'],742,Organizational Behavior and Human Resource Management,"Business, Management and Accounting",0.6330935251798561,0,2,B
355,145507837,Industrial and Corporate Change,0960-6491,Industrial and Corporate Change,"Strategy, management and organisational behaviour",Industrial and Corporate Change,Economics,1733,134975,INDUSTRIAL AND CORPORATE CHANGE,['ECONOMICS' 'BUSINESS' 'MANAGEMENT'],482,Economics and Econometrics,"Economics, Econometrics and Finance",1.0,3,2,A
356,170810187,International Journal of Bank Marketing,0265-2323,International Journal of Bank Marketing,Marketing,International Journal of Bank Marketing,Marketing,1730,97719,International Journal of Bank Marketing,['BUSINESS'],780,Organizational Behavior and Human Resource Management,"Business, Management and Accounting",0.6602434077079108,0,2,B
357,41958068,Journal of Consumer Behaviour,1472-0817,Journal of Consumer Behaviour: an international research review,Marketing,Journal of Consumer Behaviour,Marketing,1724,61118,Journal of Consumer Behaviour,['BUSINESS'],797,Marketing,"Business, Management and Accounting",0.6918635170603674,0,2,B
358,66201313,Journal of Business Venturing,0883-9026,Journal of Business Venturing,"COMMERCE, MANAGEMENT, TOURISM AND SERVICES",Journal of Business Venturing,Entrep,1724,353689,JOURNAL OF BUSINESS VENTURING,['BUSINESS'],971,Management of Technology and Innovation,"Business, Management and Accounting",1.0,0,3,B
359,117460449,Asia Pacific Business Review,1360-2381,Asia Pacific Business Review,Human resources and industrial relations,Asia Pacific Business Review,IB,1722,21031,Asia Pacific Business Review,['BUSINESS' 'MANAGEMENT'],272,Strategy and Management,"Business, Management and Accounting",0.8443627450980392,0,2,B
360,149339240,Eastern European Economics,0012-8775,Eastern European Economics: a journal of translations,Applied economics,,,1718,9699,EASTERN EUROPEAN ECONOMICS,['ECONOMICS'],189,Finance,"Economics, Econometrics and Finance",0.8210399032648126,3,0,E
361,201675752,Canadian Journal of Administrative Sciences / Revue Canadienne des Sciences de l Administration,0825-0383,Canadian Journal of Administrative Sciences,Human resources and industrial relations,Canadian Journal of Administrative Sciences,Multidisciplinary,1709,28496,CANADIAN JOURNAL OF ADMINISTRATIVE SCIENCES-REVUE CANADIENNE DES SCIENCES DE L ADMINISTRATION,['BUSINESS' 'MANAGEMENT'],188,Accounting,"Business, Management and Accounting",1.0,0,2,B
362,2765038058,Human Systems Management,0167-2533,Human Systems Management,Human resources and industrial relations,,,1707,15995,HUMAN SYSTEMS MANAGEMENT,['MANAGEMENT'],142,Management Science and Operations Research,Decision Sciences,0.4548872180451128,0,1,
363,99768379,Management Learning,1350-5076,Management Learning,Human resources and industrial relations,Management Learning,Gen & Strat,1701,53018,MANAGEMENT LEARNING,['MANAGEMENT'],734,Organizational Behavior and Human Resource Management,"Business, Management and Accounting",0.9234516353514266,0,2,B
364,4210214252,Risks,2227-9091,Risks,"Banking, finance and investment",,,1699,15839,Risks,"['BUSINESS, FINANCE']",366,Demography,Social Sciences,0.7252252252252253,2,1,A
365,2737777163,International Journal of Economics and Financial Issues,2146-4138,International Journal of Economics and Financial Issues,"Banking, finance and investment",,,1696,10843,,,270,Accounting,"Business, Management and Accounting",0.8281990521327014,1,1,
366,137473582,Strategy and Leadership,1087-8572,Strategy & Leadership,Human resources and industrial relations,,,1689,31680,,,169,Strategy and Management,"Business, Management and Accounting",1.0,0,1,
367,202178085,The Journal of Real Estate Finance and Economics,0895-5638,Journal of Real Estate Finance and Economics,"Banking, finance and investment",Journal of Real Estate Finance and Economics,F&A,1688,55719,JOURNAL OF REAL ESTATE FINANCE AND ECONOMICS,"['ECONOMICS' 'BUSINESS, FINANCE']",1388,Economics and Econometrics,"Economics, Econometrics and Finance",1.0,3,1,A
368,2737535994,Contaduría y Administración,0186-1042,Contaduria y Administracion,"Accounting, auditing and accountability",,,1684,8810,,,323,Economics and Econometrics,"Economics, Econometrics and Finance",0.8915145005370569,1,0,
369,62126747,The Singapore Economic Review,0217-5908,Singapore Economic Review,Applied economics,,,1671,12083,SINGAPORE ECONOMIC REVIEW,['ECONOMICS'],254,Economics and Econometrics,"Economics, Econometrics and Finance",1.0,3,0,E
370,14567820,The Journal of developing areas,0022-037X,Journal of Developing Areas,"COMMERCE, MANAGEMENT, TOURISM AND SERVICES",Journal of Developing Areas,Economics,1661,18439,,,298,Economics and Econometrics,"Economics, Econometrics and Finance",0.8731656184486373,2,1,A
371,132285554,Creativity and Innovation Management,0963-1690,Creativity and Innovation Management,Human resources and industrial relations,Creativity and Innovation Management,Innovation,1661,42814,Creativity and Innovation Management,['MANAGEMENT'],460,Strategy and Management,"Business, Management and Accounting",0.5998336106489185,0,2,B
372,4394735609,Foreign Trade Review,0971-7625,,,,,1658,3954,Foreign Trade Review,['ECONOMICS' 'BUSINESS'],720,"General Economics, Econometrics and Finance","Economics, Econometrics and Finance",0.9188667095943336,2,1,A
373,145099083,Journal of Economics and Business,0148-6195,Journal of Economics and Business,"Banking, finance and investment",,,1658,37345,JOURNAL OF ECONOMICS AND BUSINESS,"['BUSINESS, FINANCE']",382,Accounting,"Business, Management and Accounting",1.0,2,2,A
374,41302103,International Journal of Physical Distribution & Logistics Management,0960-0035,International Journal of Physical Distribution and Logistics Management,"Transportation, logistics and supply chains",International Journal of Physical Distribution and Logistics,"MOR,MS,POM",1655,122840,INTERNATIONAL JOURNAL OF PHYSICAL DISTRIBUTION & LOGISTICS MANAGEMENT,['MANAGEMENT'],643,Management Information Systems,"Business, Management and Accounting",1.0,0,3,B
375,4210199364,Management Research News,0140-9174,Management Research Review: Communication of emergent international management research,Human resources and industrial relations,,,1648,25235,Management Research Review,['MANAGEMENT'],219,Public Administration,Social Sciences,0.5867924528301887,0,1,
376,81410195,Manufacturing & Service Operations Management,1523-4614,,,Manufacturing and Service Operations Management,"OR,MS,POM",1648,89610,M&SOM-Manufacturing & Service Operations Management,['MANAGEMENT'],731,Management Information Systems,"Business, Management and Accounting",0.8875669244497323,0,2,B
377,121409115,International Review of Law and Economics,0144-8188,,,International Review of Law and Economics,Economics,1646,33023,INTERNATIONAL REVIEW OF LAW AND ECONOMICS,['ECONOMICS'],699,Economics and Econometrics,"Economics, Econometrics and Finance",0.8915060670949322,3,0,E
378,171424506,European Accounting Review,0963-8180,European Accounting Review,"Accounting, auditing and accountability",European Accounting Review,F&A,1645,68652,European Accounting Review,"['BUSINESS, FINANCE']",744,Accounting,"Business, Management and Accounting",1.0,1,2,A
379,124504522,Information Systems Management,1058-0530,,,Information Systems Management,"MIS, KM",1642,39982,,,371,Management Information Systems,"Business, Management and Accounting",0.8549172346640701,0,1,
380,82316188,European Journal of Finance,1351-847X,The European Journal of Finance,"Banking, finance and investment",European Journal of Finance,F&A,1640,33107,European Journal of Finance,"['BUSINESS, FINANCE']",608,Finance,"Economics, Econometrics and Finance",1.0,3,1,A
381,3022066471,German Journal of Human Resource Management Zeitschrift für Personalforschung,2397-0022,,,German Journal of Human Resource Management,HRM/IR,1637,9747,German Journal of Human Resource Management-Zeitschrift fur Personalforschung,['MANAGEMENT'],291,Organizational Behavior and Human Resource Management,"Business, Management and Accounting",0.6147686832740213,0,2,B
382,3593595,Australian Journal of Agricultural and Resource Economics,1364-985X,The Australian Journal of Agricultural and Resource Economics,Applied economics,Australian Journal of Agricultural and Resource Economics,Economics,1637,28049,AUSTRALIAN JOURNAL OF AGRICULTURAL AND RESOURCE ECONOMICS,['ECONOMICS'],229,Economics and Econometrics,"Economics, Econometrics and Finance",0.46983758700696054,4,0,E
383,124549413,Journal of Economic Surveys,0950-0804,Journal of Economic Surveys,"Banking, finance and investment",Journal of Economic Surveys,Economics,1626,105012,JOURNAL OF ECONOMIC SURVEYS,['ECONOMICS'],218,"General Economics, Econometrics and Finance","Economics, Econometrics and Finance",1.0,4,0,E
384,86762183,Journal of Accounting and Public Policy,0278-4254,,,Journal of Accounting and Public Policy,F&A,1622,75226,JOURNAL OF ACCOUNTING AND PUBLIC POLICY,"['BUSINESS, FINANCE']",836,Accounting,"Business, Management and Accounting",1.0,1,2,A
385,107036887,Asia Pacific Journal of Management,0217-4561,Asia Pacific Journal of Management,Human resources and industrial relations,Asia Pacific Journal of Management,IB,1622,68793,Asia Pacific Journal of Management,['MANAGEMENT'],434,Accounting,"Business, Management and Accounting",1.0,0,2,B
386,187709482,Electronic Commerce Research and Applications,1567-4223,,,Electronic Commerce Research and Applications,"MIS, KM",1618,76009,Electronic Commerce Research and Applications,['BUSINESS'],443,Sociology and Political Science,Social Sciences,0.4429727740986019,0,1,
387,115237062,Journal of Economics & Management Strategy,1058-6407,Journal of Economics and Management Strategy,"Banking, finance and investment",Journal of Economics and Management Strategy,Economics,1613,61745,JOURNAL OF ECONOMICS & MANAGEMENT STRATEGY,['ECONOMICS' 'MANAGEMENT'],409,Economics and Econometrics,"Economics, Econometrics and Finance",0.7034764826175869,4,1,A
388,170287006,Scandinavian Economic History Review,0358-5522,,,,,1612,11476,SCANDINAVIAN ECONOMIC HISTORY REVIEW,['ECONOMICS'],389,Economics and Econometrics,"Economics, Econometrics and Finance",0.6622418879056047,2,0,E
389,165087003,Journal of the European Economic Association,1542-4766,Journal of the European Economic Association,Applied economics,Journal of the European Economic Association,Economics,1610,123603,Journal of the European Economic Association,['ECONOMICS'],204,Economics and Econometrics,"Economics, Econometrics and Finance",0.7892813641900122,4,0,E
390,171971387,Scandinavian Journal of Management,0956-5221,Scandinavian Journal of Management,Human resources and industrial relations,Scandinavian Journal of Management,Gen & Strat,1610,54234,Scandinavian Journal of Management,['MANAGEMENT'],451,Organizational Behavior and Human Resource Management,"Business, Management and Accounting",0.9074626865671642,0,2,B
391,170231156,International Journal of Entrepreneurial Behaviour & Research,1355-2554,International Journal of Entrepreneurial Behaviour and Research,Human resources and industrial relations,International Journal of Entrepreneurial Behaviour and Re,sEntrep,1609,72155,INTERNATIONAL JOURNAL OF ENTREPRENEURIAL BEHAVIOR & RESEARCH,['BUSINESS' 'MANAGEMENT'],1058,Management of Technology and Innovation,"Business, Management and Accounting",1.0,0,2,B
392,200768828,CEPAL review,0251-2920,,,,,1606,9211,Cepal Review,['ECONOMICS'],403,"General Economics, Econometrics and Finance","Economics, Econometrics and Finance",0.8779443254817987,2,0,E
393,2735890421,The World Bank Economic Review,0258-6770,The World Bank Economic Review,Applied economics,World Bank Economic Review,Economics,1602,118171,WORLD BANK ECONOMIC REVIEW,"['ECONOMICS' 'BUSINESS, FINANCE']",341,Economics and Econometrics,"Economics, Econometrics and Finance",0.6812080536912751,4,1,A
394,35673206,International Marketing Review,0265-1335,International Marketing Review,Marketing,International Marketing Review,Marketing,1599,98950,INTERNATIONAL MARKETING REVIEW,['BUSINESS'],593,Strategy and Management,"Business, Management and Accounting",0.8916806253489671,0,2,B
395,116345831,International Journal of Emerging Markets,1746-8809,International Journal of Emerging Markets,"Banking, finance and investment",,,1597,31045,International Journal of Emerging Markets,['ECONOMICS' 'BUSINESS' 'MANAGEMENT'],379,Accounting,"Business, Management and Accounting",1.0,2,2,A
396,2765024836,Vision The Journal of Business Perspective,0972-2629,,,,,1597,12998,Vision-The Journal of Business Perspective,['BUSINESS' 'MANAGEMENT'],114,Accounting,"Business, Management and Accounting",0.8245614035087719,0,2,B
397,2764640640,Baltic Journal of Economic Studies,2256-0742,,,,,1581,5798,Baltic Journal of Economic Studies,['ECONOMICS'],835,"General Economics, Econometrics and Finance","Economics, Econometrics and Finance",0.6962714704650188,2,0,E
398,4210222123,Journal of Open Innovation Technology Market and Complexity,2199-8531,"Journal of Open Innovation: Technology, Market, and Complexity","Strategy, management and organisational behaviour",,,1573,44943,,,234,Strategy and Management,"Business, Management and Accounting",0.6058041112454655,0,2,B
399,2875300,Review of International Political Economy,0969-2290,,,,,1568,78084,REVIEW OF INTERNATIONAL POLITICAL ECONOMY,['ECONOMICS'],320,Development,Social Sciences,0.5233265720081136,1,0,
400,181388337,International Journal of Innovation Management,1363-9196,International Journal of Innovation Management,Business systems in context,International Journal of Innovation Management,Innovation,1557,40008,International Journal of Innovation Management,['MANAGEMENT'],850,Strategy and Management,"Business, Management and Accounting",1.0,0,3,B
401,27632631,Journal of Brand Management,1350-231X,Journal of Brand Management,Marketing,Journal of Brand Management,Marketing,1554,73193,Journal of Brand Management,['BUSINESS' 'MANAGEMENT'],822,Marketing,"Business, Management and Accounting",0.7443850267379679,0,2,B
402,87328381,Journal of Occupational and Organizational Psychology,0963-1798,,,Journal of Occupational and Organizational Psychology,"OS/OB,HRM/IR",1553,134329,JOURNAL OF OCCUPATIONAL AND ORGANIZATIONAL PSYCHOLOGY,['MANAGEMENT'],738,Organizational Behavior and Human Resource Management,"Business, Management and Accounting",0.5536384096024006,0,2,B
403,143995394,Journal of World Business,1090-9516,Journal of World Business,Human resources and industrial relations,Journal of World Business,IB,1545,133740,JOURNAL OF WORLD BUSINESS,['BUSINESS'],702,Strategy and Management,"Business, Management and Accounting",0.8908898305084746,0,2,B
404,4210230903,Engineering Management Journal,1042-9247,,,,,1538,16996,Engineering Management Journal,['MANAGEMENT'],194,Management Science and Operations Research,Decision Sciences,0.4200298953662182,0,1,
405,4210232703,Gospodarka Narodowa,0867-0005,Gospodarka Narodowa,Applied economics,,,1534,4674,Gospodarka Narodowa-The Polish Journal of Economics,['ECONOMICS'],413,Economics and Econometrics,"Economics, Econometrics and Finance",0.7502145922746781,3,0,E
406,44376543,Business & Society,0007-6503,Business and Society,"Strategy, management and organisational behaviour",Business and Society,Gen & Strat,1525,80460,Business & Society,['BUSINESS'],467,Strategy and Management,"Business, Management and Accounting",0.8397873955960516,0,3,B
407,45682993,Academy of Management Learning and Education,1537-260X,,,Academy of Management Learning and Education,Education,1525,83265,Academy of Management Learning & Education,['MANAGEMENT'],480,Organizational Behavior and Human Resource Management,"Business, Management and Accounting",0.8584214808787632,0,2,B
408,187788904,Journal of Hospitality and Tourism Management,1447-6770,Journal of Hospitality and Tourism Management,Commercial services,Journal of Hospitality and Tourism Management,Tourism,1524,54671,Journal of Hospitality and Tourism Management,['MANAGEMENT'],530,Sociology and Political Science,Social Sciences,0.4594084329767149,0,3,B
409,191693275,Human Resource Development Quarterly,1044-8004,,,Human Resource Development Quarterly,"OS/OB,HRM/IR",1518,51906,Human Resource Development Quarterly,['MANAGEMENT'],468,Applied Psychology,Psychology,0.5144356955380578,0,1,
410,203364070,Bulletin of Indonesian Economic Studies,0007-4918,,,Bulletin of Indonesian Economic Studies,Economics,1513,20564,BULLETIN OF INDONESIAN ECONOMIC STUDIES,['ECONOMICS'],297,Sociology and Political Science,Social Sciences,0.5863509749303621,2,0,E
411,144472306,Journal of Manufacturing Technology Management,1741-038X,Journal of Manufacturing Technology Management,"Strategy, management and organisational behaviour",Journal of Manufacturing Technology Management,"OR,MS,POM",1505,64796,Journal of Manufacturing Technology Management,['MANAGEMENT'],565,Management Information Systems,"Business, Management and Accounting",0.8804702808621816,0,3,B
412,106098198,Oxford Review of Economic Policy,0266-903X,Oxford Review of Economic Policy,"Banking, finance and investment",Oxford Review of Economic Policy,Economics,1501,88313,OXFORD REVIEW OF ECONOMIC POLICY,['ECONOMICS'],208,Economics and Econometrics,"Economics, Econometrics and Finance",1.0,4,0,E
413,4210186494,Gestão & Produção,0104-530X,Gestao e Producao,"Strategy, management and organisational behaviour",,,1495,12643,,,410,Information Systems and Management,Decision Sciences,0.5434412265758092,0,1,
414,4210215964,South African Journal of Business Management,2078-5585,,,,,1483,11773,South African Journal of Business Management,['BUSINESS' 'MANAGEMENT'],142,Strategy and Management,"Business, Management and Accounting",1.0,0,2,B
415,4210206464,International journal of organizational analysis,1758-8561,International Journal of Organizational Analysis,Human resources and industrial relations,,,1481,24355,International Journal of Organizational Analysis,['MANAGEMENT'],496,Organizational Behavior and Human Resource Management,"Business, Management and Accounting",1.0,0,2,B
416,184446198,Journal of Public Economic Theory,1097-3923,Journal of Public Economic Theory,Applied economics,Journal of Public Economic Theory,Economics,1476,17539,Journal of Public Economic Theory,['ECONOMICS'],521,Economics and Econometrics,"Economics, Econometrics and Finance",0.8079268292682927,4,0,E
417,162526994,International Journal of Market Research,1470-7853,International Journal of Market Research,Marketing,International Journal of Market Research,Marketing,1475,32805,INTERNATIONAL JOURNAL OF MARKET RESEARCH,['BUSINESS'],334,Marketing,"Business, Management and Accounting",0.6584158415841584,0,2,B
418,2764703659,Journal of Business & Economics Research (JBER),1542-4448,Journal of Business and Economics Research,"Strategy, management and organisational behaviour",,,1469,9275,,,157,Accounting,"Business, Management and Accounting",1.0,0,2,B
419,25250876,Economy and Society,0308-5147,,,Economy and Society,Economics,1460,86066,ECONOMY AND SOCIETY,['ECONOMICS'],199,Sociology and Political Science,Social Sciences,0.5751445086705202,2,0,E
420,161221442,Abacus,0001-3072,Abacus,"Accounting, auditing and accountability",Abacus,F&A,1451,31008,Abacus-A Journal of Accounting Finance and Business Studies,"['BUSINESS, FINANCE']",532,Accounting,"Business, Management and Accounting",1.0,1,2,A
421,3354691,Journal of Small Business and Enterprise Development,1462-6004,Journal of Small Business and Enterprise Development,Human resources and industrial relations,Journal of Small Business and Enterprise Development,Entrep,1449,62484,Journal of Small Business and Enterprise Development,['BUSINESS'],783,Management of Technology and Innovation,"Business, Management and Accounting",1.0,0,2,B
422,128223704,Economics and Philosophy,0266-2671,,,Economics and Philosophy,Economics,1449,23965,Economics & Philosophy,['ECONOMICS'],376,Economics and Econometrics,"Economics, Econometrics and Finance",0.4727954971857411,3,0,E
423,118637542,European J of International Management,1751-6757,European Journal of International Management,Business systems in context,European Journal of International Management,IB,1447,10876,European Journal of International Management,['MANAGEMENT'],322,Strategy and Management,"Business, Management and Accounting",1.0,0,3,B
424,187270080,European Journal of Work and Organizational Psychology,1359-432X,,,European Journal of Work and Organizational Psychology,"OS/OB,HRM/IR",1445,95893,European Journal of Work and Organizational Psychology,['MANAGEMENT'],727,Organizational Behavior and Human Resource Management,"Business, Management and Accounting",0.5728920409771474,0,2,B
425,59042063,Asian-Pacific Economic Literature,0818-9935,Asian-Pacific Economic Literature,"COMMERCE, MANAGEMENT, TOURISM AND SERVICES",,,1437,7327,Asian-Pacific Economic Literature,['ECONOMICS'],286,"General Economics, Econometrics and Finance","Economics, Econometrics and Finance",0.8421052631578947,2,1,A
426,95314075,Leadership,1742-7150,Leadership,Human resources and industrial relations,Leadership,"OS/OB,HRM/IR",1435,26010,Leadership,['MANAGEMENT'],350,Organizational Behavior and Human Resource Management,"Business, Management and Accounting",0.8976608187134503,0,2,B
427,131852005,European Financial Management,1354-7798,European Financial Management,"Accounting, auditing and accountability",European Financial Management,"F&A
Economics;",1432,48421,European Financial Management,"['BUSINESS, FINANCE']",590,Accounting,"Business, Management and Accounting",1.0,2,2,A
428,127060114,NBER Macroeconomics Annual,0889-3365,Macroeconomics Annual,Applied economics,,,1429,47248,NBER Macroeconomics Annual,['ECONOMICS'],376,"General Economics, Econometrics and Finance","Economics, Econometrics and Finance",1.0,3,0,E
429,125733402,Investigación Económica,0185-1667,Investigacion Economica,"Banking, finance and investment",,,1424,5943,Investigacion Economica,['ECONOMICS'],411,"General Economics, Econometrics and Finance","Economics, Econometrics and Finance",0.7285714285714285,3,0,E
430,182215941,Business Strategy Review,0955-6419,Business Strategy Review,"Strategy, management and organisational behaviour",,,1416,10057,,,77,Strategy and Management,"Business, Management and Accounting",0.8853754940711462,0,2,B
431,50561683,International Review of Applied Economics,0269-2171,International Review of Applied Economics,"Banking, finance and investment",International Review of Applied Economics,Economics,1414,23790,International Review of Applied Economics,['ECONOMICS'],289,"General Economics, Econometrics and Finance","Economics, Econometrics and Finance",1.0,4,0,E
432,4210192748,International Journal of Academic Research in Accounting Finance and Management Sciences,2225-8329,"International Journal of Academic Research in Accounting, Finance and Managment Sciences","Banking, finance and investment",,,1413,6565,,,323,Accounting,"Business, Management and Accounting",0.8773333333333333,1,1,
433,159120381,Journal of Retailing,0022-4359,Journal of Retailing,Marketing,Journal of Retailing,Marketing,1412,205955,JOURNAL OF RETAILING,['BUSINESS'],540,Marketing,"Business, Management and Accounting",0.9280910501810657,0,2,B
434,164923136,Environment and Development Economics,1355-770X,,,,,1412,42727,ENVIRONMENT AND DEVELOPMENT ECONOMICS,['ECONOMICS'],261,Economics and Econometrics,"Economics, Econometrics and Finance",0.8270321361058601,2,0,E
435,2764670390,Journal of Entrepreneurship and Sustainability Issues,2345-0282,,,,,1410,18975,Entrepreneurship and Sustainability Issues,['BUSINESS'],168,"Management, Monitoring, Policy and Law",Environmental Science,0.5519125683060109,0,1,
436,173574685,International Journal of Theoretical and Applied Finance,0219-0249,,,International Journal of Theoretical and Applied Finance,F&A,1410,20587,International Journal of Theoretical and Applied Finance,"['BUSINESS, FINANCE']",946,Finance,"Economics, Econometrics and Finance",1.0,2,1,A
437,148368070,International Journal of Selection and Assessment,0965-075X,,,International Journal of Selection and Assessment,"OS/OB,HRM/IR",1406,37505,INTERNATIONAL JOURNAL OF SELECTION AND ASSESSMENT,['MANAGEMENT'],307,Clinical Psychology,Psychology,0.4565560821484992,0,1,
438,968139600,Journal of Personal Selling and Sales Management,0885-3134,Journal of Personal Selling and Sales Management,Marketing,Journal of Personal Selling and Sales Management,Marketing,1398,43660,Journal of Personal Selling & Sales Management,['BUSINESS'],469,Organizational Behavior and Human Resource Management,"Business, Management and Accounting",1.0,0,2,B
439,48957891,The TQM Journal,1754-2731,The TQM Journal,"Strategy, management and organisational behaviour",,,1394,36674,TQM Journal,['MANAGEMENT'],655,Management Information Systems,"Business, Management and Accounting",1.0,0,3,B
440,4210186714,Marketing,0354-3471,Quarterly Marketing Journal,Marketing,,,1392,2575,,,484,Strategy and Management,"Business, Management and Accounting",0.9085619285120532,0,1,
441,146242404,New Political Economy,1356-3467,,,,,1392,48482,NEW POLITICAL ECONOMY,['ECONOMICS'],274,Finance,"Economics, Econometrics and Finance",0.45474613686534215,2,0,E
442,113497174,Human Resource Management Journal,0954-5395,,,Human Resource Management Journal,"OS/OB,HRM/IR",1390,69263,Human Resource Management Journal,['MANAGEMENT'],343,Organizational Behavior and Human Resource Management,"Business, Management and Accounting",0.45094509450945097,0,2,B
443,178634671,Financial Accountability and Management,0267-4424,,,Financial Accountability and Management,F&A,1389,29490,Financial Accountability & Management,"['BUSINESS, FINANCE']",391,Management Information Systems,"Business, Management and Accounting",0.471315092674316,1,2,A
444,42678134,Journal of Hospitality & Tourism Research,1096-3480,Journal of Hospitality and Tourism Research,Commercial services,Journal of Hospitality and Tourism Research,Tourism,1384,57644,,,373,Sociology and Political Science,Social Sciences,0.5289634146341463,0,2,B
445,7345157,Eastern Economic Journal,0094-5056,Eastern Economic Journal,Applied economics,,,1382,17498,Eastern Economic Journal,['ECONOMICS'],165,"General Economics, Econometrics and Finance","Economics, Econometrics and Finance",1.0,3,0,E
446,4210201861,Applied Economic Perspectives and Policy,2040-5790,Applied Economic Perspectives and Policy,Applied economics,,,1375,26979,Applied Economic Perspectives and Policy,['ECONOMICS'],251,Economics and Econometrics,"Economics, Econometrics and Finance",0.44819819819819817,3,0,E
447,4210170805,Marketing ZFP,0344-1369,Marketing ZFP: Journal of Research and Management,Marketing,,,1374,7062,,,384,Strategy and Management,"Business, Management and Accounting",0.8781138790035588,0,1,
448,2764812334,Quality Management Journal,1068-6967,Quality Management Journal,"Strategy, management and organisational behaviour",,,1373,27636,Quality Management Journal,['MANAGEMENT'],441,Management Information Systems,"Business, Management and Accounting",0.9187096774193548,0,3,B
449,121026525,Journal of Evolutionary Economics,0936-9937,Journal of Evolutionary Economics,Applied economics,Journal of Evolutionary Economics,Economics,1373,49043,JOURNAL OF EVOLUTIONARY ECONOMICS,['ECONOMICS'],315,Economics and Econometrics,"Economics, Econometrics and Finance",1.0,4,0,E
450,4210191619,Logistics,2305-6290,,,,,1372,11057,Logistics-Basel,['MANAGEMENT'],197,Strategy and Management,"Business, Management and Accounting",0.4215189873417722,0,2,B
451,133335107,Mathematical Finance,0960-1627,,,Mathematical Finance,F&A,1368,69955,MATHEMATICAL FINANCE,"['ECONOMICS' 'BUSINESS, FINANCE']",867,Finance,"Economics, Econometrics and Finance",0.8928395061728395,2,1,A
452,163499366,Review of Economic Dynamics,1094-2025,Review of Economic Dynamics,Applied economics,Review of Economic Dynamics,Economics,1366,62751,REVIEW OF ECONOMIC DYNAMICS,['ECONOMICS'],527,Economics and Econometrics,"Economics, Econometrics and Finance",1.0,4,0,E
453,187151359,International Journal of Economics and Business Research,1756-9850,International Journal of Economics and Business Research,"Banking, finance and investment",,,1366,4068,,,114,Accounting,"Business, Management and Accounting",1.0,1,1,
454,169699294,Accounting Education,0963-9284,,,Accounting Education,Education,1365,32175,Accounting Education,"['BUSINESS, FINANCE']",799,Accounting,"Business, Management and Accounting",0.8917869034406215,1,2,A
455,88045947,The International Trade Journal,0885-3908,The International Trade Journal,"Banking, finance and investment",,,1360,8048,International Trade Journal,['ECONOMICS'],620,"General Economics, Econometrics and Finance","Economics, Econometrics and Finance",1.0,3,0,E
456,191005381,Defence and Peace Economics,1024-2694,Defence and Peace Economics,"Banking, finance and investment",,,1359,23736,DEFENCE AND PEACE ECONOMICS,['ECONOMICS'],776,Economics and Econometrics,"Economics, Econometrics and Finance",0.8019133370849747,3,0,E
457,135394783,The International Journal of Management Education,1472-8117,,,,,1358,35307,International Journal of Management Education,['BUSINESS' 'MANAGEMENT'],295,Management of Technology and Innovation,"Business, Management and Accounting",0.6379962192816635,0,2,B
458,37376905,Journal of Public Policy & Marketing,0743-9156,,,Journal of Public Policy and Marketing,Marketing,1356,62660,JOURNAL OF PUBLIC POLICY & MARKETING,['BUSINESS'],271,Marketing,"Business, Management and Accounting",0.8867924528301887,0,2,B
459,141600920,Fiscal Studies,0143-5671,,,Fiscal Studies,F&A,1355,31985,FISCAL STUDIES,"['ECONOMICS' 'BUSINESS, FINANCE']",435,Economics and Econometrics,"Economics, Econometrics and Finance",0.6900269541778976,2,1,A
460,42192170,International Tax and Public Finance,0927-5940,International Tax and Public Finance,"Banking, finance and investment",International Tax and Public Finance,PSM,1350,37434,INTERNATIONAL TAX AND PUBLIC FINANCE,['ECONOMICS'],822,Economics and Econometrics,"Economics, Econometrics and Finance",0.7557770729497055,3,0,E
461,182336501,Career Development International,1362-0436,Career Development International,Human resources and industrial relations,Career Development International,"OS/OB,HRM/IR",1348,57985,Career Development International,['MANAGEMENT'],438,Organizational Behavior and Human Resource Management,"Business, Management and Accounting",0.45778466305189774,0,2,B
462,107181468,Journal of Accounting Auditing & Finance,0148-558X,JAAF: Journal of Accounting Auditing and Finance,"Accounting, auditing and accountability","Journal of Accounting, Auditing and Finance",F&A,1346,32558,Journal of Accounting Auditing and Finance,"['BUSINESS, FINANCE']",815,Accounting,"Business, Management and Accounting",1.0,1,2,A
463,2898340276,Estudios Gerenciales,0123-5923,,,,,1345,8631,Estudios Gerenciales,['ECONOMICS'],308,Economics and Econometrics,"Economics, Econometrics and Finance",0.7902264600715138,2,0,E
464,55766468,International Studies of Management and Organization,0020-8825,International Studies of Management and Organization,Human resources and industrial relations,International Studies of Management and Organization,IB,1324,38522,INTERNATIONAL STUDIES OF MANAGEMENT & ORGANIZATION,['MANAGEMENT'],191,Strategy and Management,"Business, Management and Accounting",0.8806179775280899,0,2,B
465,2764575530,Academy of strategic management journal/Academy of Strategic Management journal,1544-1458,Academy of Strategic Management Journal,"Strategy, management and organisational behaviour",,,1323,8407,,,110,Accounting,"Business, Management and Accounting",0.5773672055427251,0,2,B
466,99990550,Journal of Consumer Policy,0168-7034,,,,,1321,32474,JOURNAL OF CONSUMER POLICY,['BUSINESS'],241,Law,Social Sciences,0.5618181818181818,0,1,
467,2764983799,Journal of Distribution Science,1738-3110,,,,,1320,3919,Journal of Distribution Science,['BUSINESS' 'MANAGEMENT'],251,Marketing,"Business, Management and Accounting",0.6617647058823529,0,2,B
468,22247924,Entrepreneurship and Regional Development,0898-5626,Entrepreneurship and Regional Development,"Strategy, management and organisational behaviour",Entrepreneurship and Regional Development,Entrep,1319,82885,ENTREPRENEURSHIP AND REGIONAL DEVELOPMENT,['BUSINESS'],793,Management of Technology and Innovation,"Business, Management and Accounting",0.891136228435455,0,3,B
469,23218617,Journal of International Trade & Economic Development,0963-8199,,,,,1316,20796,Journal of International Trade & Economic Development,['ECONOMICS'],713,"General Economics, Econometrics and Finance","Economics, Econometrics and Finance",1.0,2,0,E
470,175759345,Economic Development Quarterly,0891-2424,,,Economic Development Quarterly,PSM,1316,32050,ECONOMIC DEVELOPMENT QUARTERLY,['ECONOMICS'],337,Economics and Econometrics,"Economics, Econometrics and Finance",0.8387096774193549,2,0,E
471,90149737,European Journal of Innovation Management,1460-1060,European Journal of Innovation Management,Human resources and industrial relations,European Journal of Innovation Management,Innovation,1315,63432,European Journal of Innovation Management,['BUSINESS' 'MANAGEMENT'],571,Strategy and Management,"Business, Management and Accounting",0.9065743944636678,0,2,B
472,70175541,Management and Organization Review,1740-8776,Management and Organization Review,Human resources and industrial relations,Management and Organization Review,Gen & Strat,1311,32232,Management and Organization Review,['MANAGEMENT'],152,Strategy and Management,"Business, Management and Accounting",0.8282387190684134,0,2,B
473,67177122,Marketing Education Review,1052-8008,Marketing Education Review,Marketing,,,1310,12624,,,940,Management of Technology and Innovation,"Business, Management and Accounting",0.7484700122399021,0,1,
474,59007373,Supply Chain Management An International Journal,1359-8546,Supply Chain Management,"Strategy, management and organisational behaviour",Supply Chain Management,"OR,MS,POM",1308,123540,SUPPLY CHAIN MANAGEMENT-AN INTERNATIONAL JOURNAL,['BUSINESS' 'MANAGEMENT'],680,Management Information Systems,"Business, Management and Accounting",1.0,0,3,B
475,55416568,International Journal of Procurement Management,1753-8432,International Journal of Procurement Management,"Strategy, management and organisational behaviour",,,1308,5729,,,287,Strategy and Management,"Business, Management and Accounting",1.0,0,2,B
476,146918421,Social Responsibility Journal,1747-1117,,,,,1306,34655,Social Responsibility Journal,['MANAGEMENT'],741,Strategy and Management,"Business, Management and Accounting",0.8800223214285714,0,2,B
477,2764734295,Management Theory and Studies for Rural Business and Infrastructure Development,1822-6760,Management Theory and Studies for Rural Business and Infrastructure Development,"Strategy, management and organisational behaviour",,,1306,2843,Management Theory and Studies for Rural Business and Infrastructure Development,['BUSINESS'],304,Economics and Econometrics,"Economics, Econometrics and Finance",0.6004415011037527,1,2,A
478,2764884217,Technology Innovation Management Review,1927-0321,Technology Innovation Management Review,"Strategy, management and organisational behaviour",,,1298,21643,,,242,Management of Technology and Innovation,"Business, Management and Accounting",0.8443877551020408,0,2,B
479,4210209722,Asian Economic Papers,1535-3516,Asian Economic Papers,Applied economics,,,1293,9081,Asian Economic Papers,['ECONOMICS'],358,"General Economics, Econometrics and Finance","Economics, Econometrics and Finance",1.0,3,0,E
480,153861934,Journal of Marketing Education,0273-4753,Journal of Marketing Education,Marketing,Journal of Marketing Education,Education,1292,37803,,,980,Management of Technology and Innovation,"Business, Management and Accounting",0.7763018065887354,0,1,
481,167383514,Ekonomista,0013-3205,,,,,1289,4335,Ekonomista,['ECONOMICS'],436,Economics and Econometrics,"Economics, Econometrics and Finance",0.7840260798696006,2,0,E
482,55074384,The B E Journal of Economic Analysis & Policy,1935-1682,BE Journal of Economic Analysis and Policy,Applied economics,,,1289,22089,B E Journal of Economic Analysis & Policy,['ECONOMICS'],147,Economics and Econometrics,"Economics, Econometrics and Finance",0.770764119601329,3,0,E
483,2764412428,Investment Management and Financial Innovations,1810-4967,Investment Management and Financial Innovations,"Banking, finance and investment",,,1289,10209,,,322,Accounting,"Business, Management and Accounting",1.0,1,1,
484,79007945,Business Ethics A European Review,0962-8770,,,"Business Ethics, the Environment & Reponsibility","OS/OB,HRM/IR",1288,36417,,,485,Information Systems and Management,Decision Sciences,0.4292589027911453,0,0,
485,6450948,Issues in Accounting Education,0739-3172,Issues in Accounting Education,"Accounting, auditing and accountability",Issues in Accounting Education,Education,1285,21950,ISSUES IN ACCOUNTING EDUCATION,"['BUSINESS, FINANCE']",584,Accounting,"Business, Management and Accounting",0.9272598870056498,1,2,A
486,194514787,Applied Health Economics and Health Policy,1175-5652,,,,,1284,27018,Applied Health Economics and Health Policy,['ECONOMICS'],570,Economics and Econometrics,"Economics, Econometrics and Finance",0.7731554160125589,2,0,E
487,34649780,Measuring Business Excellence,1368-3047,Measuring Business Excellence,"Strategy, management and organisational behaviour",,,1283,28195,Measuring Business Excellence,['BUSINESS'],247,Management Information Systems,"Business, Management and Accounting",1.0,0,3,B
488,173589923,Family and Consumer Sciences Research Journal,1077-727X,Family and Consumer Sciences Research Journal,Marketing,,,1283,14932,,,222,Conservation,Arts and Humanities,0.5506072874493927,0,0,
489,121634618,Journal of Financial Stability,1572-3089,Journal of Financial Stability,"Banking, finance and investment",Journal of Financial Stability,F&A,1282,49278,Journal of Financial Stability,"['ECONOMICS' 'BUSINESS, FINANCE']",798,Finance,"Economics, Econometrics and Finance",1.0,3,1,A
490,148909191,Marketing Letters,0923-0645,Marketing Letters,Marketing,Marketing Letters,Marketing,1281,63547,MARKETING LETTERS,['BUSINESS'],440,Marketing,"Business, Management and Accounting",0.7386685552407932,0,2,B
491,113509650,Journal of the Asia Pacific Economy,1354-7860,,,,,1265,15107,Journal of the Asia Pacific Economy,['ECONOMICS'],254,"General Economics, Econometrics and Finance","Economics, Econometrics and Finance",1.0,2,0,E
492,2764538546,Polish Journal of Management Studies,2081-7452,,,,,1263,12602,Polish Journal of Management Studies,['MANAGEMENT'],179,"Management, Monitoring, Policy and Law",Environmental Science,0.5837209302325581,0,1,
493,136999626,Journal of Property Investment and Finance,1463-578X,Journal of Property Investment and Finance,"Banking, finance and investment",,,1263,16881,Journal of Property Investment & Finance,"['BUSINESS, FINANCE']",737,Economics and Econometrics,"Economics, Econometrics and Finance",0.9163408913213448,3,1,A
494,192056284,Economics of Innovation and New Technology,1043-8599,Economics of Innovation and New Technology,Applied economics,Economics of Innovation and New Technology,Entrep,1261,45905,Economics of Innovation and New Technology,['ECONOMICS'],503,Economics and Econometrics,"Economics, Econometrics and Finance",1.0,3,0,E
495,140059072,Human Resource Development International,1367-8868,Human Resource Development International,Human resources and industrial relations,,,1260,33680,HUMAN RESOURCE DEVELOPMENT INTERNATIONAL,['MANAGEMENT'],387,Applied Psychology,Psychology,0.6006191950464397,0,1,
496,184239247,Labour,1121-7081,Labour: review of labour economics and industrial relations,Human resources and industrial relations,Labour,Economics,1256,15121,,,531,Economics and Econometrics,"Economics, Econometrics and Finance",0.5785407725321888,2,0,E
497,37173775,European Journal of Law and Economics,0929-1261,,,,,1255,16563,European Journal of Law and Economics,['ECONOMICS'],372,Economics and Econometrics,"Economics, Econometrics and Finance",0.9275534441805225,2,0,E
498,121321708,Transportation Journal,0041-1612,Transportation Journal,"Transportation, logistics and supply chains",,,1253,17490,TRANSPORTATION JOURNAL,['MANAGEMENT' 'TRANSPORTATION'],351,Strategy and Management,"Business, Management and Accounting",0.6101243339253997,0,3,B
499,120949314,Comparative Economic Studies,0888-7233,,,,,1252,22974,Comparative Economic Studies,['ECONOMICS'],254,Finance,"Economics, Econometrics and Finance",0.7613219094247246,2,0,E
500,43415676,Journal of Strategic Marketing,0965-254X,Journal of Strategic Marketing,Marketing,Journal of Strategic Marketing,Marketing,1248,40737,Journal of Strategic Marketing,['BUSINESS'],397,Organizational Behavior and Human Resource Management,"Business, Management and Accounting",0.7963936889556724,0,2,B
501,2764672172,Academy of Accounting and Financial Studies journal,1096-3685,Academy of Accounting and Financial Studies Journal,"Accounting, auditing and accountability",,,1243,6749,,,259,Accounting,"Business, Management and Accounting",1.0,0,1,
502,129650269,Open Economies Review,0923-7992,Open Economies Review,Applied economics,,,1242,19415,OPEN ECONOMIES REVIEW,['ECONOMICS'],601,"General Economics, Econometrics and Finance","Economics, Econometrics and Finance",1.0,3,0,E
503,121651287,Global Business and Economics Review,1097-4954,Global Business and Economics Review,"Banking, finance and investment",,,1241,3848,,,112,Accounting,"Business, Management and Accounting",1.0,1,1,
504,197112600,Emerging Markets Review,1566-0141,Emerging Markets Review,"Banking, finance and investment",Emerging Markets Review,F&A,1240,42435,Emerging Markets Review,"['ECONOMICS' 'BUSINESS, FINANCE']",409,Accounting,"Business, Management and Accounting",1.0,2,2,A
505,182519303,World Trade Review,1474-7456,,,,,1239,12381,World Trade Review,['ECONOMICS'],594,Political Science and International Relations,Social Sciences,0.5629438347320852,1,0,
506,206007305,Economic Systems,0939-3625,Economic Systems,"Banking, finance and investment",,,1236,25098,Economic Systems,['ECONOMICS'],241,"General Economics, Econometrics and Finance","Economics, Econometrics and Finance",1.0,3,0,E
507,66524056,Journal of Business Economics and Management,1611-1699,,,,,1232,27158,Journal of Business Economics and Management,['ECONOMICS' 'BUSINESS'],155,Accounting,"Business, Management and Accounting",1.0,1,2,A
508,70935693,Japan and the World Economy,0922-1425,Japan and the World Economy,"Banking, finance and investment",,,1231,18971,JAPAN AND THE WORLD ECONOMY,['ECONOMICS'],248,"General Economics, Econometrics and Finance","Economics, Econometrics and Finance",1.0,3,0,E
509,34280410,Journal of Productivity Analysis,0895-562X,Journal of Productivity Analysis,Applied economics,Journal of Productivity Analysis,"OR,MS,POM",1231,63986,JOURNAL OF PRODUCTIVITY ANALYSIS,['ECONOMICS' 'BUSINESS'],724,Management Science and Operations Research,Decision Sciences,0.5358974358974359,2,1,A
510,205929853,Electronic Commerce Research,1389-5753,,,Electronic Commerce Research,"MIS, KM",1224,28494,Electronic Commerce Research,['BUSINESS' 'MANAGEMENT'],356,Sociology and Political Science,Social Sciences,0.44762845849802374,0,1,
511,4210200142,The journal of structured finance,1551-9783,,,,,1219,3354,Journal of Structured Finance,"['BUSINESS, FINANCE']",305,Economics and Econometrics,"Economics, Econometrics and Finance",1.0,2,1,A
512,150702451,Global Finance Journal,1044-0283,Global Finance Journal,"Accounting, auditing and accountability",Global Finance Journal,F&A,1219,25098,Global Finance Journal,"['BUSINESS, FINANCE']",394,Accounting,"Business, Management and Accounting",1.0,1,2,A
513,4210210868,Revue internationale P M E Économie et gestion de la petite et moyenne entreprise,0776-5436,,,,,1218,5153,Revue Internationale PME,['BUSINESS'],320,Urban Studies,Social Sciences,0.5698275862068966,0,1,
514,157344451,South African Journal of Economic and Management Sciences,1015-8812,South African Journal of Economic and Management Sciences,"COMMERCE, MANAGEMENT, TOURISM AND SERVICES",,,1217,13246,South African Journal of Economic and Management Sciences,['ECONOMICS' 'MANAGEMENT'],97,Economics and Econometrics,"Economics, Econometrics and Finance",1.0,2,2,A
515,177092143,Australian Journal of Management,0312-8962,Australian Journal of Management,"COMMERCE, MANAGEMENT, TOURISM AND SERVICES",Australian Journal of Management,Gen & Strat,1216,32269,AUSTRALIAN JOURNAL OF MANAGEMENT,['BUSINESS' 'MANAGEMENT'],332,Accounting,"Business, Management and Accounting",1.0,0,3,B
516,58438227,Journal of Revenue and Pricing Management,1476-6930,Journal of Revenue and Pricing Management,"COMMERCE, MANAGEMENT, TOURISM AND SERVICES",,,1213,16298,Journal of Revenue and Pricing Management,"['BUSINESS, FINANCE']",477,Marketing,"Business, Management and Accounting",0.9187306501547987,1,3,A
517,6243863,Journal of Accounting Education,0748-5751,Journal of Accounting Education,"Accounting, auditing and accountability",Journal of Accounting Education,Education,1213,21060,,,642,Accounting,"Business, Management and Accounting",0.8929266709928618,0,1,
518,160393188,Journal of the Japanese and International Economies,0889-1583,Journal of the Japanese and International Economies,"Banking, finance and investment",,,1212,31477,JOURNAL OF THE JAPANESE AND INTERNATIONAL ECONOMIES,['ECONOMICS'],229,"General Economics, Econometrics and Finance","Economics, Econometrics and Finance",1.0,3,0,E
519,141552693,Journal of Islamic marketing,1759-0833,Journal of Islamic Marketing,Marketing,,,1212,38983,Journal of Islamic Marketing,['BUSINESS'],819,Sociology and Political Science,Social Sciences,0.4258298755186722,0,1,
520,176497116,Management Communication Quarterly,0893-3189,,,Management Communication Quarterly,Gen & Strat,1210,43434,Management Communication Quarterly,['MANAGEMENT'],321,Organizational Behavior and Human Resource Management,"Business, Management and Accounting",0.5410404624277456,0,2,B
521,171491724,Journal of Economics and Finance,1055-0925,Journal of Economics and Finance,"Banking, finance and investment",,,1204,16550,JOURNAL OF ECONOMICS AND FINANCE,"['ECONOMICS' 'BUSINESS, FINANCE']",332,Accounting,"Business, Management and Accounting",1.0,2,2,A
522,141478581,Journal of Enterprise Information Management,1741-0398,,,Journal of Enterprise Information Management,"MIS, KM",1202,54147,Journal of Enterprise Information Management,['MANAGEMENT'],237,Information Systems and Management,Decision Sciences,0.7208480565371025,0,1,
523,192266589,Group & Organization Management,1059-6011,,,Group and Organization Management,"OS/OB,HRM/IR",1201,71092,GROUP & ORGANIZATION MANAGEMENT,['MANAGEMENT'],491,Organizational Behavior and Human Resource Management,"Business, Management and Accounting",0.6587155963302752,0,2,B
524,91071628,Journal of East European Management Studies,0949-6181,Journal of East European Management Studies,Human resources and industrial relations,,,1199,5347,Journal of East European Management Studies,['MANAGEMENT'],96,Economics and Econometrics,"Economics, Econometrics and Finance",0.6195652173913043,1,1,
525,61474858,Services Marketing Quarterly,1533-2969,Services Marketing Quarterly,Commercial services,,,1196,10224,Services Marketing Quarterly,['BUSINESS'],402,Organizational Behavior and Human Resource Management,"Business, Management and Accounting",0.7248520710059172,0,3,B
526,46039370,Journal of Economic Geography,1468-2702,,,Journal of Economic Geography,Economics,1194,95655,JOURNAL OF ECONOMIC GEOGRAPHY,['ECONOMICS'],436,Economics and Econometrics,"Economics, Econometrics and Finance",0.8662280701754386,3,0,E
527,4210230413,Management Research Review,2040-8269,Management Research Review: Communication of emergent international management research,Human resources and industrial relations,,,1194,38668,Management Research Review,['MANAGEMENT'],272,Organizational Behavior and Human Resource Management,"Business, Management and Accounting",1.0,0,2,B
528,4210195089,Economic Bulletin,0343-754X,Economic Bulletin,Applied economics,,,1194,592,,,164,Economics and Econometrics,"Economics, Econometrics and Finance",0.6231884057971014,2,0,E
529,4210173904,Brookings Papers on Economic Activity,0007-2303,Brookings Papers on Economic Activity,"Banking, finance and investment",Brookings Papers on Economic Activity,Economics,1188,136636,BROOKINGS PAPERS ON ECONOMIC ACTIVITY,['ECONOMICS'],226,"General Economics, Econometrics and Finance","Economics, Econometrics and Finance",1.0,4,0,E
530,2764889392,Accounting Historians Journal,0148-4184,Accounting Historians Journal,"Accounting, auditing and accountability",Accounting Historians Journal,F&A,1187,8474,Accounting Historians Journal,"['BUSINESS, FINANCE']",449,Management Information Systems,"Business, Management and Accounting",1.0,1,2,A
531,181356434,Accounting Horizons,0888-7993,Accounting Horizons,"Accounting, auditing and accountability",Accounting Horizons,F&A,1186,65552,Accounting Horizons,"['BUSINESS, FINANCE']",717,Accounting,"Business, Management and Accounting",1.0,1,2,A
532,144747835,Australian Accounting Review,1035-6908,Australian Accounting Review,"Accounting, auditing and accountability",Australian Accounting Review,F&A,1183,22726,Australian Accounting Review,"['BUSINESS, FINANCE']",504,Accounting,"Business, Management and Accounting",0.9456681350954479,1,2,A
533,97048498,The International Journal of Logistics Management,0957-4093,The International Journal of Logistics Management,"COMMERCE, MANAGEMENT, TOURISM AND SERVICES",International Journal of Logistics Management,"OR,MS,POM",1182,75981,International Journal of Logistics Management,['MANAGEMENT'],581,Management Information Systems,"Business, Management and Accounting",1.0,0,3,B
534,200274427,Pacific Economic Review,1361-374X,Pacific Economic Review,Applied economics,Pacific Economic Review,Economics,1182,12373,Pacific Economic Review,['ECONOMICS'],187,"General Economics, Econometrics and Finance","Economics, Econometrics and Finance",1.0,4,0,E
535,960608072,Journal of International Management,1075-4253,Journal of International Management,Human resources and industrial relations,Journal of International Management,IB,1177,49222,Journal of International Management,['MANAGEMENT'],538,Strategy and Management,"Business, Management and Accounting",0.9105865522174535,0,2,B
536,2764933780,ASIA MARKETING JOURNAL,1598-7868,,,,,1176,1142,Asia Marketing Journal,['BUSINESS'],140,Sociology and Political Science,Social Sciences,0.5930807248764415,0,1,
537,2737866954,Review of Regional Studies,0048-749X,,,,,1176,7383,Review of Regional Studies,['ECONOMICS'],311,Economics and Econometrics,"Economics, Econometrics and Finance",1.0,2,0,E
538,52721111,Journal of Real Estate Research,0896-5803,Journal of Real Estate Research,"Banking, finance and investment",,,1173,28740,Journal of Real Estate Research,"['ECONOMICS' 'BUSINESS, FINANCE']",930,Economics and Econometrics,"Economics, Econometrics and Finance",1.0,3,1,A
539,4210213798,AEA Papers and Proceedings,2574-0768,American Economic Association. Papers and Proceedings,Applied economics,,,1170,43265,,,94,Gender Studies,Social Sciences,0.7751196172248804,1,0,
540,185253248,Human Resource Management Review,1053-4822,,,Human Resource Management Review,"OS/OB,HRM/IR",1170,122822,HUMAN RESOURCE MANAGEMENT REVIEW,['MANAGEMENT'],382,Organizational Behavior and Human Resource Management,"Business, Management and Accounting",0.8465346534653465,0,2,B
541,82262387,Journal of Information Systems,0888-7985,,,Journal of Information Systems,F&A,1167,20750,JOURNAL OF INFORMATION SYSTEMS,"['BUSINESS, FINANCE']",200,Information Systems and Management,Decision Sciences,0.6946564885496184,1,1,
542,4210192430,Managing Service Quality,0960-4529,Journal of Service Theory and Practice,"COMMERCE, MANAGEMENT, TOURISM AND SERVICES",Journal of Service Theory and Practice,Marketing,1163,62254,Journal of Service Theory and Practice,['BUSINESS' 'MANAGEMENT'],530,Organizational Behavior and Human Resource Management,"Business, Management and Accounting",1.0,0,3,B
543,165058066,Resource and Energy Economics,0928-7655,Resource and Energy Economics,Applied economics,,,1158,47966,RESOURCE AND ENERGY ECONOMICS,['ECONOMICS'],424,Economics and Econometrics,"Economics, Econometrics and Finance",0.7962962962962963,3,0,E
544,4210172902,Journal of Institutional and Theoretical Economics JITE,0932-4569,Journal of Institutional and Theoretical Economics,Applied economics,Journal of Institutional and Theoretical Economics,Economics,1157,14420,JOURNAL OF INSTITUTIONAL AND THEORETICAL ECONOMICS-ZEITSCHRIFT FUR DIE GESAMTE STAATSWISSENSCHAFT,['ECONOMICS'],263,Economics and Econometrics,"Economics, Econometrics and Finance",0.66991643454039,4,0,E
545,162583106,Health Marketing Quarterly,0735-9683,Health Marketing Quarterly,Marketing,,,1155,10359,Health Marketing Quarterly,['BUSINESS'],169,Organizational Behavior and Human Resource Management,"Business, Management and Accounting",0.42857142857142855,0,2,B
546,36547454,International Entrepreneurship and Management Journal,1554-7191,The International Entrepreneurship and Management Journal,Human resources and industrial relations,,,1153,55167,International Entrepreneurship and Management Journal,['BUSINESS' 'MANAGEMENT'],773,Management of Technology and Innovation,"Business, Management and Accounting",1.0,0,2,B
547,4210193400,Economic Change and Restructuring,1573-9414,"Economic Change and Restructuring: an international journal devoted to the study of comparative economics, planning and development","Banking, finance and investment",Economic Change and Restructuring,Economics,1152,13806,Economic Change and Restructuring,['ECONOMICS'],344,Economics and Econometrics,"Economics, Econometrics and Finance",0.8672839506172839,4,0,E
548,2764593300,Agricultural and Resource Economics Review,1068-2805,Agricultural and Resource Economics Review,Applied economics,,,1151,18117,,,311,Economics and Econometrics,"Economics, Econometrics and Finance",0.6094609460946094,2,0,E
549,102624508,The Learning Organization,0969-6474,The Learning Organization: the international journal of knowledge and organizational learning management,Human resources and industrial relations,,,1149,36471,Learning Organization,['MANAGEMENT'],451,Organizational Behavior and Human Resource Management,"Business, Management and Accounting",0.7251700680272108,0,2,B
550,94552155,Organization & Environment,1086-0266,,,Organization and Environment,Gen & Strat,1147,42497,ORGANIZATION & ENVIRONMENT,['MANAGEMENT'],201,Marketing,"Business, Management and Accounting",0.8655737704918033,0,2,B
551,133770707,Empirica,0340-8744,Empirica,Applied economics,,,1141,15270,Empirica,['ECONOMICS'],275,"General Economics, Econometrics and Finance","Economics, Econometrics and Finance",1.0,3,0,E
552,4210205650,The International Review of Retail Distribution and Consumer Research,0959-3969,"International Review of Retail, Distribution and Consumer Research",Marketing,"International Review of Retail, Distribution and Consumer",RMarketing,1140,25703,International Review of Retail Distribution and Consumer Research,['BUSINESS'],537,Marketing,"Business, Management and Accounting",0.9323031640912436,0,2,B
553,41930762,Japanese Economic Review,1352-4739,Japanese Economic Review,Applied economics,,,1137,9998,JAPANESE ECONOMIC REVIEW,['ECONOMICS'],224,Economics and Econometrics,"Economics, Econometrics and Finance",1.0,3,0,E
554,193408319,Corporate Communications An International Journal,1356-3289,,,,,1137,40737,Corporate Communications,['BUSINESS'],406,Communication,Social Sciences,0.5360730593607306,0,1,
555,191114782,Journal of Fashion Marketing and Management,1361-2026,Journal of Fashion Marketing and Management,Marketing,,,1135,39774,Journal of Fashion Marketing and Management,['BUSINESS' 'MANAGEMENT'],570,Marketing,"Business, Management and Accounting",0.7003215434083602,0,2,B
556,169221615,Information Economics and Policy,0167-6245,,,Information Economics and Policy,Economics,1135,31794,INFORMATION ECONOMICS AND POLICY,['ECONOMICS'],411,Media Technology,Engineering,0.6122296793437733,2,0,E
557,196919950,Family Business Review,0894-4865,Family Business Review,Human resources and industrial relations,Family Business Review,"OS/OB,HRM/IR",1134,107130,Family Business Review,['BUSINESS'],847,Organizational Behavior and Human Resource Management,"Business, Management and Accounting",0.9636557990379476,0,2,B
558,6144335,The Journal of Strategic Information Systems,0963-8687,,,Journal of Strategic Information Systems,"MIS, KM",1130,76367,JOURNAL OF STRATEGIC INFORMATION SYSTEMS,['MANAGEMENT'],219,Management Information Systems,"Business, Management and Accounting",0.743046357615894,0,2,B
559,2764651625,Journal of Economic Integration,1225-651X,,,,,1130,13084,JOURNAL OF ECONOMIC INTEGRATION,['ECONOMICS'],522,"General Economics, Econometrics and Finance","Economics, Econometrics and Finance",1.0,2,0,E
560,11853582,Review of Accounting Studies,1380-6653,Review of Accounting Studies,"Accounting, auditing and accountability",Review of Accounting Studies,F&A,1127,79558,REVIEW OF ACCOUNTING STUDIES,"['BUSINESS, FINANCE']",805,Accounting,"Business, Management and Accounting",1.0,1,2,A
561,61727081,Economics & Sociology,2071-789X,,,,,1126,12165,Economics & Sociology,['ECONOMICS' 'BUSINESS'],66,"Management, Monitoring, Policy and Law",Environmental Science,0.5912408759124088,1,1,
562,4210197218,The journal of wealth management,1534-7524,The Journal of Wealth Management,"Accounting, auditing and accountability",,,1125,6161,,,497,Finance,"Economics, Econometrics and Finance",1.0,1,0,
563,4210220312,International Journal of Logistics Research and Applications,1367-5567,,,International Journal of Logistics Research and Application,"OR,MS,POM",1125,37172,International Journal of Logistics-Research and Applications,['MANAGEMENT'],340,Management Information Systems,"Business, Management and Accounting",0.8699763593380615,0,2,B
564,2764352250,Indian Journal of Marketing,0973-8703,Indian Journal of Marketing,Marketing,,,1125,2352,,,198,Marketing,"Business, Management and Accounting",0.6400560224089635,0,1,
565,4210197436,Vierteljahrshefte zur Wirtschaftsforschung,0340-1707,Quarterly Journal of Economic Research,"Banking, finance and investment",,,1124,4251,,,150,Economics and Econometrics,"Economics, Econometrics and Finance",0.6715063520871143,2,0,E
566,47993699,Journal of Engineering and Technology Management,0923-4748,Journal of Engineering and Technology Management,"Strategy, management and organisational behaviour",Journal of Engineering and Technology Management - JE,TInnovation,1116,47824,JOURNAL OF ENGINEERING AND TECHNOLOGY MANAGEMENT,['BUSINESS' 'MANAGEMENT'],426,Strategy and Management,"Business, Management and Accounting",0.8922651933701657,0,3,B
567,4210192355,Journal of Applied Business and Economics,1499-691X,Journal of Applied Business and Economics,"Banking, finance and investment",,,1114,1852,,,52,Accounting,"Business, Management and Accounting",1.0,1,1,
568,166753014,Health Services Management Research,0951-4848,,,Health Services Management Research,PSM,1108,13289,,,325,Economics and Econometrics,"Economics, Econometrics and Finance",0.490174672489083,1,0,
569,91781374,Accounting History,1032-3732,Accounting History,"Accounting, auditing and accountability",Accounting History,F&A,1105,9436,Accounting History,"['BUSINESS, FINANCE']",560,Management Information Systems,"Business, Management and Accounting",0.9560117302052786,1,2,A
570,182651638,Economic Systems Research,0953-5314,Economic Systems Research,Economic theory,,,1102,34995,Economic Systems Research,['ECONOMICS'],319,Environmental Engineering,Environmental Science,0.6714727085478888,2,0,E
571,38909374,The Journal of Alternative Investments,1520-3255,The Journal of Alternative Investments,"Banking, finance and investment",,,1100,11214,Journal of Alternative Investments,"['BUSINESS, FINANCE']",435,Finance,"Economics, Econometrics and Finance",1.0,3,1,A
572,2764525551,Asian Economic and Financial Review,2222-6737,Asian Economic and Financial Review,"Banking, finance and investment",,,1100,9032,,,186,Accounting,"Business, Management and Accounting",1.0,1,1,
573,191556934,Journal of Intellectual Capital,1469-1930,Journal of Intellectual Capital,"Accounting, auditing and accountability",,,1099,85091,Journal of Intellectual Capital,['BUSINESS' 'MANAGEMENT'],823,Strategy and Management,"Business, Management and Accounting",0.9390743995313415,0,2,B
574,49857371,European Finance Review,1382-6662,Review of Finance,"Accounting, auditing and accountability",Review of Finance,F&A,1092,67305,Review of Finance,"['ECONOMICS' 'BUSINESS, FINANCE']",456,Finance,"Economics, Econometrics and Finance",1.0,2,1,A
575,99789271,The Journal of Fixed Income,1059-8596,The Journal of Fixed Income,"Accounting, auditing and accountability",Journal of Fixed Income,F&A,1092,17919,,,478,Finance,"Economics, Econometrics and Finance",1.0,1,0,
576,5835822,The International Journal of Accounting,0020-7063,,,International Journal of Accounting,F&A,1083,35635,,,438,Accounting,"Business, Management and Accounting",1.0,0,1,
577,2764616245,Uncertain Supply Chain Management,2291-6822,Uncertain Supply Chain Management,"Transportation, logistics and supply chains",,,1081,14572,,,209,Management Information Systems,"Business, Management and Accounting",0.6216216216216216,0,2,B
578,2764810659,Journal of Small Business & Entrepreneurship,0827-6331,Journal of Small Business and Entrepreneurship,Human resources and industrial relations,,,1079,19679,,,538,Management of Technology and Innovation,"Business, Management and Accounting",1.0,0,1,
579,192723185,Knowledge Management Research & Practice,1477-8238,,,,,1077,27077,Knowledge Management Research & Practice,['MANAGEMENT'],421,Strategy and Management,"Business, Management and Accounting",0.5969773299748111,0,2,B
580,2764670738,Journal of Governance and Regulation,2220-9352,Journal of Governance and Regulation,"Accounting, auditing and accountability",,,1072,4938,,,189,Accounting,"Business, Management and Accounting",1.0,0,1,
581,2764850437,International Economics,2110-7017,International Economics,"Banking, finance and investment",,,1071,13175,,,290,"General Economics, Econometrics and Finance","Economics, Econometrics and Finance",1.0,2,0,E
582,4210168091,The Journal of Law Economics and Organization,1465-7341,"Journal of Law, Economics, and Organization",Applied economics,"Journal of Law, Economics, and Organization",Economics,1071,91422,JOURNAL OF LAW ECONOMICS & ORGANIZATION,['ECONOMICS'],459,Economics and Econometrics,"Economics, Econometrics and Finance",0.7529518619436876,4,0,E
583,2764950559,International Journal of Financial Research,1923-4023,International Journal of Financial Research,"Accounting, auditing and accountability",,,1071,9275,,,219,Accounting,"Business, Management and Accounting",1.0,0,1,
584,49327401,Journal of Sports Economics,1527-0025,Journal of Sports Economics,Applied economics,,,1070,25052,Journal of Sports Economics,['ECONOMICS'],916,Economics and Econometrics,"Economics, Econometrics and Finance",0.43289224952741023,3,0,E
585,52333995,Journal of Economic Methodology,1350-178X,Journal of Economic Methodology,Applied economics,Journal of Economic Methodology,Economics,1070,16728,Journal of Economic Methodology,['ECONOMICS'],464,Economics and Econometrics,"Economics, Econometrics and Finance",0.6270125223613596,4,0,E
586,149146142,International Journal of Innovation and Technology Management,0219-8770,International Journal of Innovation and Technology Management,"Strategy, management and organisational behaviour",,,1069,9981,International Journal of Innovation and Technology Management,['MANAGEMENT'],369,Strategy and Management,"Business, Management and Accounting",0.7391891891891892,0,3,B
587,58879488,Journal of Financial Regulation and Compliance,1358-1988,Journal of Financial Regulation and Compliance,"Accounting, auditing and accountability",,,1066,8865,Journal of Financial Regulation and Compliance,"['BUSINESS, FINANCE']",357,Finance,"Economics, Econometrics and Finance",1.0,2,1,A
588,75845752,Auditing A Journal of Practice & Theory,0278-0380,Auditing: a Journal of Practice and Theory,"Accounting, auditing and accountability",Auditing,F&A,1064,67964,AUDITING-A JOURNAL OF PRACTICE & THEORY,"['BUSINESS, FINANCE']",775,Accounting,"Business, Management and Accounting",1.0,1,2,A
589,11782782,Australasian Marketing Journal (AMJ),1441-3582,Australasian Marketing Journal,Marketing,Australasian Marketing Journal,Marketing,1063,29451,Australasian Marketing Journal,['BUSINESS'],334,Marketing,"Business, Management and Accounting",0.7823343848580442,0,2,B
590,79175213,Journal of Financial Services Research,0920-8550,Journal of Financial Services Research,"Accounting, auditing and accountability",Journal of Financial Services Research,F&A,1060,35280,JOURNAL OF FINANCIAL SERVICES RESEARCH,"['BUSINESS, FINANCE']",593,Finance,"Economics, Econometrics and Finance",1.0,2,1,A
591,42468459,The Journal of Marketing Theory and Practice,1069-6679,Journal of Marketing Theory and Practice,Marketing,Journal of Marketing Theory and Practice,Marketing,1059,66407,Journal of Marketing Theory and Practice,['BUSINESS'],417,Marketing,"Business, Management and Accounting",0.7188940092165899,0,2,B
592,172297888,The Review of Austrian Economics,0889-3047,The Review of Austrian Economics,Applied economics,,,1058,14173,,,422,Economics and Econometrics,"Economics, Econometrics and Finance",0.8136315228966986,2,0,E
593,177205937,International Journal of Process Management and Benchmarking,1460-6739,International Journal of Process Management and Benchmarking,Business systems in context,,,1054,2578,,,166,Management Information Systems,"Business, Management and Accounting",0.7075718015665796,0,2,B
594,36209479,Industry and Innovation,1366-2716,"Industry and Innovation: dynamics, strategies, policies",Business systems in context,Industry and Innovation,Innovation,1053,41536,Industry and Innovation,['ECONOMICS' 'MANAGEMENT'],410,Strategy and Management,"Business, Management and Accounting",1.0,1,3,A
595,148814761,Journal of International Consumer Marketing,0896-1530,Journal of International Consumer Marketing,Marketing,,,1052,26351,Journal of International Consumer Marketing,['BUSINESS'],545,Marketing,"Business, Management and Accounting",0.7189014539579968,0,2,B
596,38350834,Journal of Business Logistics,0735-3766,Journal of Business Logistics,"Strategy, management and organisational behaviour",Journal of Business Logistics,"OR,MS,POM",1048,73906,Journal of Business Logistics,['MANAGEMENT'],375,Management Information Systems,"Business, Management and Accounting",1.0,0,3,B
597,2764594251,Engineering Economics,1392-2785,,,,,1042,16256,Inzinerine Ekonomika-Engineering Economics,['ECONOMICS'],63,Strategy and Management,"Business, Management and Accounting",0.7900763358778626,1,1,
598,4210226649,Competitiveness Review An International Business Journal incorporating Journal of Global Competitiveness,1059-5422,Competitiveness Review,"Strategy, management and organisational behaviour",,,1041,17044,Competitiveness Review,['BUSINESS'],187,Strategy and Management,"Business, Management and Accounting",1.0,0,3,B
599,114193083,Chinese Economy,1097-1475,The Chinese Economy: translation and studies,"Banking, finance and investment",,,1041,7087,CHINESE ECONOMY,['ECONOMICS'],179,"General Economics, Econometrics and Finance","Economics, Econometrics and Finance",0.7877697841726619,3,0,E
600,2764827305,International Journal of Financial Studies,2227-7072,International Journal of Financial Studies,"Banking, finance and investment",,,1040,13228,International Journal of Financial Studies,"['BUSINESS, FINANCE']",232,Accounting,"Business, Management and Accounting",1.0,2,2,A
601,128478731,Management International Review,0938-8249,Management International Review,Human resources and industrial relations,Management International Review,IB,1035,48072,MANAGEMENT INTERNATIONAL REVIEW,['MANAGEMENT'],562,Strategy and Management,"Business, Management and Accounting",1.0,0,2,B
602,57862637,Journal of Housing Economics,1051-1377,Journal of Housing Economics,"Banking, finance and investment",Journal of Housing Economics,Economics,1031,31822,JOURNAL OF HOUSING ECONOMICS,['ECONOMICS'],768,Economics and Econometrics,"Economics, Econometrics and Finance",0.8962732919254658,4,0,E
603,158451771,Journal of Marketing Communications,1352-7266,Journal of Marketing Communications,Marketing,Journal of Marketing Communications,Marketing,1031,33253,Journal of Marketing Communications,['BUSINESS'],551,Marketing,"Business, Management and Accounting",0.5885269121813032,0,2,B
604,116662517,Asian Economic Journal,1351-3958,Asian Economic Journal,Applied economics,,,1026,10667,Asian Economic Journal,['ECONOMICS'],213,"General Economics, Econometrics and Finance","Economics, Econometrics and Finance",1.0,3,0,E
605,2165841,International Finance,1367-0271,International Finance,"Banking, finance and investment",,,1023,17003,International Finance,"['ECONOMICS' 'BUSINESS, FINANCE']",435,Finance,"Economics, Econometrics and Finance",1.0,3,1,A
606,114801022,Journal of Regulatory Economics,0922-680X,Journal of Regulatory Economics,Applied economics,Journal of Regulatory Economics,Economics,1021,31495,JOURNAL OF REGULATORY ECONOMICS,['ECONOMICS'],215,Economics and Econometrics,"Economics, Econometrics and Finance",0.4016393442622951,4,0,E
607,18727733,IMA Journal of Management Mathematics,1471-678X,,,,,1020,13309,IMA Journal of Management Mathematics,['MANAGEMENT'],114,"Safety, Risk, Reliability and Quality",Engineering,0.600997506234414,0,1,
608,121852782,Journal of Global Marketing,0891-1762,Journal of Global Marketing,Marketing,Journal of Global Marketing,Marketing,1020,17485,Journal of Global Marketing,['BUSINESS'],270,Marketing,"Business, Management and Accounting",0.824654622741764,0,2,B
609,4210234004,Korea International Accounting Review,1598-3919,Korean International Accounting Review,"Accounting, auditing and accountability",,,1018,400,,,171,Accounting,"Business, Management and Accounting",0.819376026272578,0,1,
610,108218269,Regulation & Governance,1748-5983,,,Regulation and Governance,PSM,1018,29138,,,348,Strategy and Management,"Business, Management and Accounting",0.8940397350993378,0,1,
611,4210201856,New Zealand Economic Papers,0077-9954,New Zealand Economic Papers,"Banking, finance and investment",,,1013,5049,New Zealand Economic Papers,['ECONOMICS'],176,Economics and Econometrics,"Economics, Econometrics and Finance",1.0,3,0,E
612,2737657525,Lecturas de Economía,0120-2596,Lecturas de Economía,Applied economics,,,1010,2420,Lecturas de Economia,['ECONOMICS'],259,"General Economics, Econometrics and Finance","Economics, Econometrics and Finance",0.4715909090909091,3,0,E
613,5984737,Journal of Financial Intermediation,1042-9573,Journal of Financial Intermediation,"Banking, finance and investment",Journal of Financial Intermediation,F&A,1009,70779,JOURNAL OF FINANCIAL INTERMEDIATION,"['BUSINESS, FINANCE']",526,Finance,"Economics, Econometrics and Finance",1.0,3,1,A
614,59475652,Health Care Management Science,1386-9620,,,Health Care Management Science,"MIS, KM",1006,33750,,,353,Economics and Econometrics,"Economics, Econometrics and Finance",0.49320388349514566,1,0,
615,2764531464,History of Economics Review,1037-0196,,,,,1004,2983,History of Economics Review,['ECONOMICS'],451,Economics and Econometrics,"Economics, Econometrics and Finance",0.7129060579455663,2,0,E
616,114140714,Management Accounting Research,1044-5005,Management Accounting Research,"Accounting, auditing and accountability",Management Accounting Research,F&A,1003,71545,Management Accounting Research,"['BUSINESS, FINANCE' 'MANAGEMENT']",513,Management Information Systems,"Business, Management and Accounting",0.9192477876106194,1,2,A
617,106686155,Journal of Risk and Uncertainty,0895-5646,Journal of Risk and Uncertainty,"Banking, finance and investment",Journal of Risk and Uncertainty,Economics,1002,85370,JOURNAL OF RISK AND UNCERTAINTY,"['ECONOMICS' 'BUSINESS, FINANCE']",599,General Decision Sciences,Decision Sciences,0.4161764705882353,3,1,A
618,48661868,China & World Economy,1671-2234,China and World Economy,"Banking, finance and investment",,,1001,15935,China & World Economy,['ECONOMICS'],234,"General Economics, Econometrics and Finance","Economics, Econometrics and Finance",0.8642149929278642,3,0,E
619,4210191463,Upravlenets,2218-5003,,,,,999,1547,Upravlenets-The Manager,['MANAGEMENT'],140,Development,Social Sciences,0.46875,0,1,
620,162611689,Business Economics,0007-666X,Business Economics: designed to serve the needs of people who use economics in their work,"Banking, finance and investment",,,996,14599,,,142,"General Economics, Econometrics and Finance","Economics, Econometrics and Finance",1.0,2,0,E
621,156260212,Research in Economics,1090-9443,Research in Economics,Applied economics,,,994,11662,Research in Economics,['ECONOMICS'],209,Economics and Econometrics,"Economics, Econometrics and Finance",1.0,3,0,E
622,152786945,Stochastics,1744-2508,Stochastics: An International Journal of Probability and Stochastic Processes,"COMMERCE, MANAGEMENT, TOURISM AND SERVICES",,,994,8670,,,623,Finance,"Economics, Econometrics and Finance",0.6451104100946372,1,1,
623,113338421,International Journal of Business Performance Management,1368-4892,International Journal of Business Performance Management,Business systems in context,,,993,5514,International Journal of Business Performance Management,['MANAGEMENT'],112,Management Information Systems,"Business, Management and Accounting",0.8571428571428571,0,3,B
624,2764518860,Annals of Economics and Statistics,1968-3863,Annals of Economics and Statistics,Applied economics,,,987,6354,,,145,Economics and Econometrics,"Economics, Econometrics and Finance",1.0,2,0,E
625,105710273,Review of Financial Economics,1058-3300,Review of Financial Economics,"Banking, finance and investment",Review of Financial Economics,F&A,986,18648,Review of Financial Economics,"['BUSINESS, FINANCE']",289,Finance,"Economics, Econometrics and Finance",1.0,3,1,A
626,206312523,Journal of Cultural Economy,1753-0350,,,Journal of Cultural Economy,Economics,985,16158,Journal of Cultural Economy,['ECONOMICS'],191,Finance,"Economics, Econometrics and Finance",0.6652806652806653,3,0,E
627,206916388,Journal of Asset Management,1470-8272,The Journal of Asset Management,"Banking, finance and investment",,,985,11622,Journal of Asset Management,"['BUSINESS, FINANCE']",584,Finance,"Economics, Econometrics and Finance",1.0,3,1,A
628,4210225597,Problemy Zarządzania - Management Issues,1644-9584,,,,,983,2313,Problemy Zarzadzania-Management Issues,['MANAGEMENT'],186,Strategy and Management,"Business, Management and Accounting",0.8814531548757171,0,2,B
629,37738278,Knowledge and Process Management,1092-4604,Knowledge and Process Management (Print Edition): the journal of corporate transformation,"Strategy, management and organisational behaviour",Knowledge and Process Management,"OR,MS,POM",977,21442,Knowledge and Process Management,['MANAGEMENT'],282,Strategy and Management,"Business, Management and Accounting",0.6837806301050176,0,3,B
630,42911722,International Journal of Economic Policy in Emerging Economies,1752-0452,International Journal of Economic Policy and Emerging Economies,"Banking, finance and investment",,,977,2641,,,82,"General Economics, Econometrics and Finance","Economics, Econometrics and Finance",1.0,2,0,E
631,2764998092,International Journal of Academic Research in Economics and Management Sciences,2226-3624,International Journal of Academic Research in Economics and Management Sciences,Human resources and industrial relations,,,969,3003,,,136,Accounting,"Business, Management and Accounting",0.7056962025316456,0,1,
632,2898476603,Investigaciones de Historia Económica,1698-6989,,,,,969,2308,Investigaciones de Historia Economica,['ECONOMICS'],151,Economics and Econometrics,"Economics, Econometrics and Finance",0.7701492537313432,2,0,E
633,182227784,Social Marketing Quarterly,1524-5004,Social Marketing Quarterly,Marketing,,,968,11097,Social Marketing Quarterly,['BUSINESS'],143,Marketing,"Business, Management and Accounting",0.474671669793621,0,2,B
634,99304778,Forum for Social Economics,0736-0932,,,,,966,4533,Forum for Social Economics,['ECONOMICS'],221,Economics and Econometrics,"Economics, Econometrics and Finance",0.7232472324723247,2,0,E
635,6013065,Journal of Management & Governance,1385-3457,Journal of Management and Governance,"Strategy, management and organisational behaviour",Journal of Management and Governance,Gen & Strat,966,33587,Journal of Management and Governance,['MANAGEMENT'],465,Accounting,"Business, Management and Accounting",1.0,0,3,B
636,48393686,Revista de historia industrial,1132-7200,Revista de Historia Industrial,Applied economics,,,961,1693,Revista de Historia Industrial,['ECONOMICS' 'BUSINESS'],450,Economics and Econometrics,"Economics, Econometrics and Finance",0.6122448979591837,3,1,A
637,135706173,Journal of Leadership Studies,1935-2611,Journal of Leadership Studies,Human resources and industrial relations,,,960,8056,Journal of Leadership Studies,['MANAGEMENT'],125,Organizational Behavior and Human Resource Management,"Business, Management and Accounting",0.8867102396514162,0,2,B
638,149205526,Chinese Management Studies,1750-614X,Chinese Management Studies,Human resources and industrial relations,,,960,12504,Chinese Management Studies,['MANAGEMENT'],199,Organizational Behavior and Human Resource Management,"Business, Management and Accounting",1.0,0,2,B
639,193530623,Studies in Nonlinear Dynamics and Econometrics,1081-1826,Studies in Nonlinear Dynamics and Econometrics,Applied economics,,,960,14108,STUDIES IN NONLINEAR DYNAMICS AND ECONOMETRICS,['ECONOMICS'],436,"General Economics, Econometrics and Finance","Economics, Econometrics and Finance",1.0,3,0,E
640,166792937,Economics of Transition,0967-0750,Economics of Transition and Institutional Change,"Banking, finance and investment",Economics of Transition,Economics,958,28004,Economics of Transition and Institutional Change,['ECONOMICS'],136,Economics and Econometrics,"Economics, Econometrics and Finance",1.0,4,0,E
641,125608309,Journal of Service Research,1094-6705,Journal of Service Research,Commercial services,Journal of Service Research,Marketing,958,130241,JOURNAL OF SERVICE RESEARCH,['BUSINESS'],573,Organizational Behavior and Human Resource Management,"Business, Management and Accounting",0.8873239436619719,0,3,B
642,146268463,Journal of Institutional Economics,1744-1374,,,Journal of Institutional Economics,Economics,955,20482,Journal of Institutional Economics,['ECONOMICS'],223,Economics and Econometrics,"Economics, Econometrics and Finance",0.43768545994065283,3,0,E
643,119908498,Journal of International Marketing,1069-031X,Journal of International Marketing,Marketing,Journal of International Marketing,Marketing,953,64029,JOURNAL OF INTERNATIONAL MARKETING,['BUSINESS'],352,Strategy and Management,"Business, Management and Accounting",0.8980392156862745,0,2,B
644,4210175448,Recherche et Applications en Marketing (French Edition),0767-3701,Recherche et Applications en Marketing,Marketing,,,952,11829,Recherche et Applications en Marketing-English Edition,['BUSINESS'],319,Marketing,"Business, Management and Accounting",1.0,0,2,B
645,2764807727,The International Journal of Entrepreneurship and Innovation,1465-7503,International Journal of Entrepreneurship and Innovation,"Strategy, management and organisational behaviour",International Journal of Entrepreneurship and Innovation,Entrep,950,14234,International Journal of Entrepreneurship and Innovation,['BUSINESS'],535,Management of Technology and Innovation,"Business, Management and Accounting",1.0,0,3,B
646,180492355,Public Finance Review,1091-1421,,,Public Finance Review,Economics,947,14588,PUBLIC FINANCE REVIEW,['ECONOMICS'],543,Economics and Econometrics,"Economics, Econometrics and Finance",0.69296875,3,0,E
647,133599136,Organizational Research Methods,1094-4281,Organizational Research Methods,"Strategy, management and organisational behaviour",Organizational Research Methods,Gen & Strat,945,157510,ORGANIZATIONAL RESEARCH METHODS,['MANAGEMENT'],160,Organizational Behavior and Human Resource Management,"Business, Management and Accounting",0.48484848484848486,0,3,B
648,126582591,World Review of Entrepreneurship Management and Sustainable Development,1746-0573,"World Review of Entrepreneurship, Management and Sustainable Development",Business systems in context,,,944,4053,,,152,Management of Technology and Innovation,"Business, Management and Accounting",1.0,0,2,B
649,151220816,Post-Communist Economies,1463-1377,Post-Communist Economies,Applied economics,,,944,12803,POST-COMMUNIST ECONOMIES,['ECONOMICS'],157,Political Science and International Relations,Social Sciences,0.7535321821036107,2,0,E
650,126936603,International Regional Science Review,0160-0176,,,International Regional Science Review,Economics,942,37858,,,357,Economics and Econometrics,"Economics, Econometrics and Finance",0.8631813125695217,2,0,E
651,173901576,The Journal of Derivatives,1074-1240,,,Journal of Derivatives,F&A,942,22046,Journal of Derivatives,"['BUSINESS, FINANCE']",477,Finance,"Economics, Econometrics and Finance",1.0,2,1,A
652,203071086,Review of Managerial Science,1863-6683,Review of Managerial Science,"COMMERCE, MANAGEMENT, TOURISM AND SERVICES",Review of Managerial Science,Gen & Strat,940,31067,Review of Managerial Science,['MANAGEMENT'],224,Accounting,"Business, Management and Accounting",1.0,0,3,B
653,4210205215,SA Journal of Human Resource Management,1683-7584,,,,,934,12959,SA Journal of Human Resource Management,['MANAGEMENT'],262,Organizational Behavior and Human Resource Management,"Business, Management and Accounting",0.6796875,0,2,B
654,4210214681,Foresight-Russia,1995-459X,,,,,932,5929,Foresight and STI Governance,['ECONOMICS' 'MANAGEMENT'],105,Development,Social Sciences,0.5202702702702703,1,1,
655,155589366,Business and Society Review,0045-3609,,,,,931,15055,BUSINESS AND SOCIETY REVIEW,['BUSINESS'],207,Information Systems and Management,Decision Sciences,0.6750392464678179,0,1,
656,95636294,International Journal of Entrepreneurship and Innovation Management,1368-275X,International Journal of Entrepreneurship and Innovation Management,Business systems in context,,,928,9124,,,315,Management of Technology and Innovation,"Business, Management and Accounting",1.0,0,2,B
657,139289085,Qualitative Market Research An International Journal,1352-2752,Qualitative Market Research: an international journal,Marketing,Qualitative Market Research,Marketing,921,44221,Qualitative Market Research,['BUSINESS'],334,Marketing,"Business, Management and Accounting",0.7973462002412546,0,2,B
658,172313144,European Management Review,1740-4754,European Management Review,Human resources and industrial relations,European Management Review,Gen & Strat,921,22738,European Management Review,['MANAGEMENT'],211,Strategy and Management,"Business, Management and Accounting",1.0,0,2,B
659,73680622,Journal of Pensions Economics and Finance,1474-7472,Journal of Pension Economics and Finance,"Banking, finance and investment",,,916,15186,Journal of Pension Economics & Finance,"['ECONOMICS' 'BUSINESS, FINANCE']",499,Accounting,"Business, Management and Accounting",0.46801872074882994,2,2,A
660,2764742558,International Journal of Marketing Studies,1918-719X,International Journal of Marketing Studies,Marketing,,,915,14604,,,270,Sociology and Political Science,Social Sciences,0.6258124419684308,0,0,
661,108158533,Journal of Quality Assurance in Hospitality & Tourism,1528-008X,Journal of Quality Assurance in Hospitality & Tourism,Commercial services,,,910,17257,,,361,Organizational Behavior and Human Resource Management,"Business, Management and Accounting",0.5424,0,2,B
662,207176912,Journal of Foodservice Business Research,1537-8020,Journal of Foodservice Business Research,Commercial services,,,909,14222,,,207,Organizational Behavior and Human Resource Management,"Business, Management and Accounting",0.84,0,2,B
663,61561007,The Journal of Risk Finance,1526-5943,The Journal of Risk Finance,"Banking, finance and investment",,,907,19399,Journal of Risk Finance,"['BUSINESS, FINANCE']",220,Economics and Econometrics,"Economics, Econometrics and Finance",1.0,3,1,A
664,130757258,International Game Theory Review,0219-1989,International Game Theory Review,Economic theory,,,906,6794,,,414,Management Science and Operations Research,Decision Sciences,0.4589905362776025,1,0,
665,9871798,European Business Organization Law Review,1566-7529,,,,,904,9566,European Business Organization Law Review,['BUSINESS'],331,Strategy and Management,"Business, Management and Accounting",1.0,0,2,B
666,46472734,Young Consumers Insight and Ideas for Responsible Marketers,1747-3616,,,,,903,16420,Young Consumers,['BUSINESS'],317,Marketing,"Business, Management and Accounting",0.49193548387096775,0,2,B
667,4210228924,Sosyoekonomi,1305-5577,,,,,901,2831,Sosyoekonomi,['ECONOMICS'],169,Economics and Econometrics,"Economics, Econometrics and Finance",1.0,2,0,E
668,2764951333,Ege Akademik Bakis (Ege Academic Review),1303-099X,,,,,900,5551,EGE ACADEMIC REVIEW,['ECONOMICS'],74,Economics and Econometrics,"Economics, Econometrics and Finance",0.597972972972973,2,0,E
669,92709572,Journal of Interactive Marketing,1094-9968,Journal of Interactive Marketing,Marketing,Journal of Interactive Marketing,Marketing,900,105465,JOURNAL OF INTERACTIVE MARKETING,['BUSINESS'],410,Sociology and Political Science,Social Sciences,0.49106382978723406,0,1,
670,154565395,International Journal of Services Technology and Management,1460-6720,International Journal of Services Technology and Management,Business systems in context,,,897,6130,International Journal of Services Technology and Management,['MANAGEMENT'],119,Organizational Behavior and Human Resource Management,"Business, Management and Accounting",0.5714285714285714,0,3,B
671,72326750,Journal of technology management & innovation,0718-2724,Journal of Technology Management and Innovation,"Strategy, management and organisational behaviour",,,892,13607,,,271,Strategy and Management,"Business, Management and Accounting",1.0,0,2,B
672,197981039,Economics and Politics,0954-1985,Economics and Politics,Applied economics,Economics and Politics,Economics,889,33304,Economics & Politics,['ECONOMICS'],188,Economics and Econometrics,"Economics, Econometrics and Finance",0.6851851851851852,4,0,E
673,202144432,Science Technology and Society,0971-7218,,,,,888,8634,Science Technology and Society,['MANAGEMENT'],86,Strategy and Management,"Business, Management and Accounting",1.0,0,2,B
674,129963087,Journal of Islamic accounting and business research,1759-0817,Journal of Islamic Accounting and Business Research,"Accounting, auditing and accountability",,,887,15062,Journal of Islamic Accounting and Business Research,"['BUSINESS, FINANCE']",748,Accounting,"Business, Management and Accounting",0.923653715064758,1,2,A
675,97320426,Journal of Supply Chain Management,1523-2409,Journal of Supply Chain Management,"Strategy, management and organisational behaviour",Journal of Supply Chain Management,"OR,MS,POM",881,63727,Journal of Supply Chain Management,['MANAGEMENT'],308,Management Information Systems,"Business, Management and Accounting",1.0,0,3,B
676,127646213,Journal of Financial Markets,1386-4181,Journal of Financial Markets,"Accounting, auditing and accountability",Journal of Financial Markets,F&A,879,50646,JOURNAL OF FINANCIAL MARKETS,"['BUSINESS, FINANCE']",660,Finance,"Economics, Econometrics and Finance",1.0,2,1,A
677,99606308,Economic Policy,0266-4658,Economic Policy,Applied economics,Economic Policy,Economics,877,66135,ECONOMIC POLICY,['ECONOMICS'],141,Finance,"Economics, Econometrics and Finance",1.0,4,0,E
678,183776795,Review of Pacific Basin Financial Markets and Policies,0219-0915,Review of Pacific Basin Financial Markets and Policies,"Accounting, auditing and accountability",,,876,5957,Review of Pacific Basin Financial Markets and Policies,"['BUSINESS, FINANCE']",301,Accounting,"Business, Management and Accounting",1.0,1,2,A
679,199690760,Innovation,1447-9338,Innovation: Organization and Management,"Strategy, management and organisational behaviour",,,876,19618,Innovation-Organization & Management,['MANAGEMENT'],299,Strategy and Management,"Business, Management and Accounting",1.0,0,3,B
680,39332106,Journal of Food Products Marketing,1045-4446,"Journal of Food Products Marketing: innovations in food advertising, food promotion, food publicity, food sales promotion",Marketing,,,875,14603,JOURNAL OF FOOD PRODUCTS MARKETING,['BUSINESS'],269,Plant Science,Agricultural and Biological Sciences,0.41102181400688864,0,1,
681,104354167,Acta Oeconomica,0001-6373,Acta Oeconomica,Applied economics,,,874,4347,ACTA OECONOMICA,['ECONOMICS'],88,Finance,"Economics, Econometrics and Finance",0.8223350253807107,3,0,E
682,55239356,Journal of Purchasing and Supply Management,1478-4092,Journal of Purchasing and Supply Management,"Strategy, management and organisational behaviour",Journal of Purchasing and Supply Management,"OR,MS,POM",871,45125,Journal of Purchasing and Supply Management,['MANAGEMENT'],292,Management Information Systems,"Business, Management and Accounting",1.0,0,3,B
683,2736592181,Revista Contabilidade & Finanças,1519-7077,Accounting and Finance Review,"Banking, finance and investment",,,870,9623,,,247,Accounting,"Business, Management and Accounting",0.7796954314720812,1,1,
684,2912564958,Journal of Public Budgeting Accounting & Financial Management,1096-3367,"Journal of Public Budgeting, Accounting and Financial Management","Accounting, auditing and accountability",,,869,10283,Journal of Public Budgeting Accounting & Financial Management,"['BUSINESS, FINANCE']",250,Political Science and International Relations,Social Sciences,0.522,1,1,
685,2764680368,Social and Environmental Accountability Journal,0969-160X,Social and Environmental Accountability Journal,"Accounting, auditing and accountability",,,869,16725,,,199,Strategy and Management,"Business, Management and Accounting",0.8685714285714285,0,1,
686,138197279,International Journal of Trade and Global Markets,1742-7541,International Journal of Trade and Global Markets,"Banking, finance and investment",,,867,2426,,,150,"General Economics, Econometrics and Finance","Economics, Econometrics and Finance",0.8696741854636592,2,0,E
687,2764639155,Transnational Corporation Review,1918-6444,Transnational Corporations Review,"Banking, finance and investment",,,866,6057,Transnational Corporations Review,['ECONOMICS' 'BUSINESS'],247,Strategy and Management,"Business, Management and Accounting",0.8628808864265928,2,2,A
688,4210203108,Asia-Pacific Journal of Accounting & Economics,1608-1625,Asia-Pacific Journal of Accounting and Economics,"COMMERCE, MANAGEMENT, TOURISM AND SERVICES",Asia-Pacific Journal of Accounting and Economics,F&A,865,8335,Asia-Pacific Journal of Accounting & Economics,"['ECONOMICS' 'BUSINESS, FINANCE']",407,Accounting,"Business, Management and Accounting",1.0,1,3,A
689,2764977439,Economic & Labour Market Review,1751-8326,Economic and Labour Market Review,Human resources and industrial relations,,,865,2508,,,116,Political Science and International Relations,Social Sciences,0.5193370165745856,0,0,
690,22315241,FinanzArchiv Public Finance Analysis,0015-2218,Finanzarchiv,"Banking, finance and investment",FinanzArchiv,Economics,865,6562,FinanzArchiv-European Journal of Public Finance,"['ECONOMICS' 'BUSINESS, FINANCE']",300,Economics and Econometrics,"Economics, Econometrics and Finance",0.7811634349030471,4,1,A
691,158011328,American Economic Journal Economic Policy,1945-7731,American Economic Journal: Economic Policy,"Banking, finance and investment",American Economic Journal: Economic Policy,Economics,862,62503,American Economic Journal-Economic Policy,['ECONOMICS'],173,Economics and Econometrics,"Economics, Econometrics and Finance",0.7664359861591695,4,0,E
692,34941771,Venture Capital,1369-1066,Venture Capital,"Banking, finance and investment",,,861,23303,Venture Capital,"['BUSINESS, FINANCE']",530,Accounting,"Business, Management and Accounting",1.0,2,2,A
693,141165859,Studies in Economics and Finance,1086-7376,Studies in Economics and Finance,"Accounting, auditing and accountability",,,857,9513,Studies in Economics and Finance,"['BUSINESS, FINANCE']",235,Economics and Econometrics,"Economics, Econometrics and Finance",1.0,2,1,A
694,192372812,Journal of International Food & Agribusiness Marketing,0897-4438,Journal of International Food and Agribusiness Marketing,Marketing,,,857,9863,Journal of International Food & Agribusiness Marketing,['BUSINESS'],227,Plant Science,Agricultural and Biological Sciences,0.6616989567809239,0,1,
695,15925821,Journal of Modelling in Management,1746-5664,Journal of Modelling in Management,"Strategy, management and organisational behaviour",,,855,14704,Journal of Modelling in Management,['MANAGEMENT'],174,Strategy and Management,"Business, Management and Accounting",0.8858195211786372,0,3,B
696,4210191937,Risk Management,1460-3799,Risk Management,"Banking, finance and investment",,,855,13314,,,97,Accounting,"Business, Management and Accounting",0.6425,1,1,
697,152372256,International Journal of Auditing,1090-6738,International Journal of Auditing,"Accounting, auditing and accountability",International Journal of Auditing,F&A,854,21449,INTERNATIONAL JOURNAL OF AUDITING,"['BUSINESS, FINANCE']",536,Accounting,"Business, Management and Accounting",1.0,1,2,A
698,92422469,Journal of Multinational Financial Management,1042-444X,Journal of Multinational Financial Management,"Banking, finance and investment",Journal of Multinational Financial Management,F&A,854,23692,Journal of Multinational Financial Management,"['BUSINESS, FINANCE']",354,Accounting,"Business, Management and Accounting",1.0,2,2,A
699,113957626,International Journal of Political Economy,0891-1916,,,,,851,6983,INTERNATIONAL JOURNAL OF POLITICAL ECONOMY,['ECONOMICS'],337,"General Economics, Econometrics and Finance","Economics, Econometrics and Finance",0.7872078720787208,2,0,E
700,186483588,Journal of Service Science and Management,1940-9893,Journal of Service Science and Management,Commercial services,,,850,7754,,,89,Organizational Behavior and Human Resource Management,"Business, Management and Accounting",0.4234527687296417,0,2,B
701,4210197709,Central European Management Journal,2658-0845,,,,,841,1874,Central European Management Journal,['MANAGEMENT'],40,Accounting,"Business, Management and Accounting",0.8,0,2,B
702,2898307581,Journal of Innovation & Knowledge,2444-569X,Journal of Innovation and Knowledge,Business systems in context,,,841,34169,Journal of Innovation & Knowledge,['BUSINESS' 'MANAGEMENT'],152,Strategy and Management,"Business, Management and Accounting",1.0,0,3,B
703,4210214909,Prague Economic Papers,1210-0455,Prague Economic Papers: quarterly journal of economic theory and policy,Applied economics,,,840,5954,Prague Economic Papers,['ECONOMICS'],172,"General Economics, Econometrics and Finance","Economics, Econometrics and Finance",1.0,3,0,E
704,2764372386,Journal of Behavioral and Experimental Finance,2214-6350,Journal of Behavioral and Experimental Finance,"Banking, finance and investment",,,838,24605,Journal of Behavioral and Experimental Finance,"['ECONOMICS' 'BUSINESS, FINANCE']",338,Finance,"Economics, Econometrics and Finance",0.8680142687277052,3,1,A
705,23010633,Asian Economic Policy Review,1748-3131,,,,,837,8083,Asian Economic Policy Review,['ECONOMICS'],163,"General Economics, Econometrics and Finance","Economics, Econometrics and Finance",0.8595505617977528,2,0,E
706,26598852,Economia Politica,1120-2890,Economia Politica,Applied economics,,,835,4906,Economia Politica,['ECONOMICS'],83,Economics and Econometrics,"Economics, Econometrics and Finance",1.0,3,0,E
707,54467454,International Environmental Agreements Politics Law and Economics,1567-9764,,,,,833,22041,International Environmental Agreements-Politics Law and Economics,['ECONOMICS'],288,Economics and Econometrics,"Economics, Econometrics and Finance",0.42729970326409494,2,0,E
708,2764403422,Journal of Corporate Citizenship,1470-5001,Journal of Corporate Citizenship,"Strategy, management and organisational behaviour",,,832,12949,,,140,Strategy and Management,"Business, Management and Accounting",0.8969465648854962,0,2,B
709,126354654,Journal of Financial Services Marketing,1363-0539,Journal of Financial Services Marketing,"Banking, finance and investment",,,830,17384,Journal of Financial Services Marketing,['BUSINESS'],268,Organizational Behavior and Human Resource Management,"Business, Management and Accounting",0.6137184115523465,1,2,A
710,2898123265,Revista Europea de Dirección y Economía de la Empresa,1019-6838,Revista Europea de Direccion y Economia de la Empresa,Economic theory,,,828,4235,,,230,Organizational Behavior and Human Resource Management,"Business, Management and Accounting",0.8805394990366089,1,1,
711,4306508649,Journal of Industrial and Business Economics,0391-2078,Economia e Politica Industriale,"Banking, finance and investment",,,828,6287,Journal of Industrial and Business Economics,['ECONOMICS'],210,Economics and Econometrics,"Economics, Econometrics and Finance",1.0,3,0,E
712,22361854,Cost Effectiveness and Resource Allocation,1478-7547,Cost Effectiveness and Resource Allocation,Applied economics,,,827,17337,,,257,Economics and Econometrics,"Economics, Econometrics and Finance",0.6988950276243094,2,0,E
713,185325801,Journal of Korea Trade,1229-828X,,,,,823,1820,Journal of Korea Trade,['ECONOMICS'],206,"General Economics, Econometrics and Finance","Economics, Econometrics and Finance",1.0,2,0,E
714,2765072615,Journal of Public Administration and Governance,2161-7104,Journal of Public Administration and Governance,"Accounting, auditing and accountability",,,822,3738,,,56,Accounting,"Business, Management and Accounting",0.5769230769230769,0,1,
715,132950052,Journal of Interdisciplinary Economics,0260-1079,Journal of Interdisciplinary Economics,Applied economics,,,821,3103,Journal of Interdisciplinary Economics,['ECONOMICS'],110,Economics and Econometrics,"Economics, Econometrics and Finance",0.863013698630137,3,0,E
716,4210227272,Economic Annals-ХХI,1728-6220,,,,,821,4499,Economic Annals-XXI,['ECONOMICS'],145,"Management, Monitoring, Policy and Law",Environmental Science,0.5412186379928315,1,0,
717,4210204559,Marketing and Management of Innovations,2218-4511,,,,,820,6895,Marketing and Management of Innovations,['MANAGEMENT'],225,"Management, Monitoring, Policy and Law",Environmental Science,0.5468975468975469,0,1,
718,3034727917,Financial Innovation,2199-4730,Financial Innovation,"Banking, finance and investment",,,820,24206,Financial Innovation,"['BUSINESS, FINANCE']",232,Economics and Econometrics,"Economics, Econometrics and Finance",0.8143236074270557,3,1,A
719,2494413385,ECONOMIC COMPUTATION AND ECONOMIC CYBERNETICS STUDIES AND RESEARCH,0424-267X,,,,,818,4200,Economic Computation and Economic Cybernetics Studies and Research,['ECONOMICS'],55,Economics and Econometrics,"Economics, Econometrics and Finance",0.605,2,0,E
720,4210228282,Southeast Asian Economies,2339-5095,Journal of Southeast Asian Economies,Applied economics,,,818,4526,Journal of Southeast Asian Economies,['ECONOMICS'],242,"General Economics, Econometrics and Finance","Economics, Econometrics and Finance",0.6201550387596899,3,0,E
721,2764651816,Academy of Entrepreneurship journal,1087-9595,Academy of Entrepreneurship Journal,"Strategy, management and organisational behaviour",,,817,5011,,,271,Management of Technology and Innovation,"Business, Management and Accounting",0.9225941422594143,0,2,B
722,4210195452,FIIB Business Review,2319-7145,,,,,812,6202,FIIB Business Review,['BUSINESS' 'MANAGEMENT'],64,Sociology and Political Science,Social Sciences,0.5643939393939394,0,1,
723,87745625,International Journal of Management Reviews,1460-8545,International Journal of Management Reviews,"Banking, finance and investment",International Journal of Management Reviews,Gen & Strat,810,111426,INTERNATIONAL JOURNAL OF MANAGEMENT REVIEWS,['BUSINESS' 'MANAGEMENT'],168,Strategy and Management,"Business, Management and Accounting",1.0,1,2,A
724,4210240883,Bulletin of Monetary Economics and Banking,1410-8046,Buletin Ekonomi Moneter Dan Perbankan,Applied economics,,,809,5368,,,261,Economics and Econometrics,"Economics, Econometrics and Finance",1.0,2,0,E
725,172526255,Finance and Stochastics,0949-2984,,,Finance and Stochastics,F&A,802,41689,FINANCE AND STOCHASTICS,"['BUSINESS, FINANCE']",701,Finance,"Economics, Econometrics and Finance",0.8938802083333334,2,1,A
726,4210230148,OEconomia,2113-5207,,,,,801,1341,Oeconomia-History Methodology Philosophy,['ECONOMICS'],278,Economics and Econometrics,"Economics, Econometrics and Finance",0.714516129032258,2,0,E
727,18436875,International Journal of Electronic Commerce,1086-4415,,,International Journal of Electronic Commerce,"MIS, KM",799,67178,INTERNATIONAL JOURNAL OF ELECTRONIC COMMERCE,['BUSINESS'],240,Sociology and Political Science,Social Sciences,0.4692400482509047,0,1,
728,2765032997,Indian Economic Review,0019-4670,,,,,799,4024,Indian Economic Review,['ECONOMICS' 'BUSINESS' 'MANAGEMENT'],103,"General Economics, Econometrics and Finance","Economics, Econometrics and Finance",1.0,2,1,A
729,3835251,Human Performance,0895-9285,,,Human Performance,"OS/OB,HRM/IR",796,48741,,,289,Organizational Behavior and Human Resource Management,"Business, Management and Accounting",0.4319880418535127,0,1,
730,178953182,International Insolvency Review,1099-1107,,,,,796,1767,International Insolvency Review,"['BUSINESS, FINANCE']",524,Accounting,"Business, Management and Accounting",0.7653880463871543,1,2,A
731,130164084,Journal of financial reporting & accounting,1985-2517,Journal of Financial Reporting and Accounting,"Accounting, auditing and accountability",,,794,14111,Journal of Financial Reporting and Accounting,"['BUSINESS, FINANCE']",461,Accounting,"Business, Management and Accounting",1.0,1,2,A
732,118298121,Journal of Hospitality Marketing & Management,1936-8623,Journal of Hospitality Marketing and Management,Commercial services,Journal of Hospitality Marketing and Management,Tourism,794,41900,Journal of Hospitality Marketing & Management,['BUSINESS' 'MANAGEMENT'],289,Organizational Behavior and Human Resource Management,"Business, Management and Accounting",0.5797773654916512,0,4,B
733,157001289,Journal of Nonprofit & Public Sector Marketing,1049-5142,Journal of Nonprofit and Public Sector Marketing,Marketing,,,794,12019,Journal of Nonprofit & Public Sector Marketing,['BUSINESS'],186,Sociology and Political Science,Social Sciences,0.5095541401273885,0,1,
734,4210179731,Cuadernos de Administración,0120-4645,,,,,793,2021,Cuadernos de Administracion-Universidad del Valle,['MANAGEMENT'],229,Economics and Econometrics,"Economics, Econometrics and Finance",0.8535773710482529,1,1,
735,144946686,IIMB Management Review,0970-3896,IIMB Management Review,"Banking, finance and investment",,,792,9964,IIMB Management Review,['MANAGEMENT'],59,Accounting,"Business, Management and Accounting",1.0,1,2,A
736,98077829,International Journal of Monetary Economics and Finance,1752-0479,International Journal of Monetary Economics and Finance,"Banking, finance and investment",,,791,2138,,,160,"General Economics, Econometrics and Finance","Economics, Econometrics and Finance",1.0,2,0,E
737,140389752,Revista de Economía Mundial,1576-0162,,,,,784,2222,Revista de Economia Mundial,['ECONOMICS'],147,"General Economics, Econometrics and Finance","Economics, Econometrics and Finance",0.4569377990430622,2,0,E
738,140551370,Cornell Hospitality Quarterly,1938-9655,Cornell Hospitality Quarterly,Commercial services,,,784,26932,Cornell Hospitality Quarterly,['MANAGEMENT'],173,Organizational Behavior and Human Resource Management,"Business, Management and Accounting",0.8,0,3,B
739,2764726166,Asia Pacific Management Review,1029-3132,Asia Pacific Management Review,Human resources and industrial relations,,,782,14146,Asia Pacific Management Review,['MANAGEMENT'],82,Accounting,"Business, Management and Accounting",0.7951070336391437,0,2,B
740,23246025,Corporate Reputation Review,1363-3589,Corporate Reputation Review: an international journal,Marketing,,,781,35227,CORPORATE REPUTATION REVIEW,['BUSINESS'],451,Strategy and Management,"Business, Management and Accounting",0.8626373626373627,0,2,B
741,2764388120,Business and Economic Research,2162-4860,Business and Economic Research,"Strategy, management and organisational behaviour",,,781,3380,,,69,Accounting,"Business, Management and Accounting",1.0,0,2,B
742,131296671,Accounting Forum,0155-9982,Accounting Forum,"Accounting, auditing and accountability",Accounting Forum,F&A,781,29110,Accounting Forum,"['BUSINESS, FINANCE']",219,Accounting,"Business, Management and Accounting",1.0,1,2,A
743,35090897,International Journal of the Economics of Business,1357-1516,International Journal of the Economics of Business,"Banking, finance and investment",International Journal of the Economics of Business,Economics,781,17925,International Journal of the Economics of Business,['ECONOMICS' 'BUSINESS'],184,Economics and Econometrics,"Economics, Econometrics and Finance",1.0,4,1,A
744,33519306,Econometrics Journal,1368-4221,,,Econometrics Journal,Economics,780,35198,Econometrics Journal,['ECONOMICS'],271,"General Economics, Econometrics and Finance","Economics, Econometrics and Finance",0.7548022598870057,3,0,E
745,27001385,Advances in Accounting,0882-6110,Advances in Accounting,"Accounting, auditing and accountability",Advances in Accounting,F&A,780,16323,Advances in Accounting,"['BUSINESS, FINANCE']",525,Accounting,"Business, Management and Accounting",1.0,1,2,A
746,35246616,International Review of Finance,1369-412X,International Review of Finance,"Accounting, auditing and accountability",International Review of Finance,F&A,777,12534,International Review of Finance,"['BUSINESS, FINANCE']",310,Accounting,"Business, Management and Accounting",1.0,1,2,A
747,165267014,International Journal of Product Development,1477-9056,International Journal of Product Development,"Strategy, management and organisational behaviour",,,777,6671,,,157,Management of Technology and Innovation,"Business, Management and Accounting",0.425891181988743,0,2,B
748,4210240795,ReMark - Revista Brasileira de Marketing,2177-5184,REMark: Revista Brasileira de Marketing,Marketing,,,777,3997,Revista Brasileira de Marketing,['BUSINESS'],268,Information Systems and Management,Decision Sciences,0.5238784370477568,0,1,
749,2764464146,Journal of airport management,1750-1938,Journal of Airport Management,"Strategy, management and organisational behaviour",,,776,1668,,,402,"General Economics, Econometrics and Finance","Economics, Econometrics and Finance",0.6149659863945578,1,1,
750,64831726,Journal of Leadership & Organizational Studies,1548-0518,Journal of Leadership and Organizational Studies,Human resources and industrial relations,,,775,44619,Journal of Leadership & Organizational Studies,['MANAGEMENT'],429,Organizational Behavior and Human Resource Management,"Business, Management and Accounting",0.7002652519893899,0,2,B
751,12497220,International Journal of Business and Systems Research,1751-200X,International Journal of Business and Systems Research,Business systems in context,,,773,2510,,,78,Information Systems and Management,Decision Sciences,0.6666666666666666,0,1,
752,157427695,International Journal of Islamic and Middle Eastern Finance and Management,1753-8394,International Journal of Islamic and Middle Eastern Finance and Management,"Banking, finance and investment",,,773,20127,International Journal of Islamic and Middle Eastern Finance and Management,"['BUSINESS, FINANCE' 'MANAGEMENT']",581,Accounting,"Business, Management and Accounting",1.0,2,2,A
753,2764647440,MONTENEGRIN JOURNAL OF ECONOMICS,1800-5845,Montenegrin Journal of Economics,Applied economics,,,772,4361,Montenegrin Journal of Economics,['ECONOMICS'],63,Development,Social Sciences,0.575187969924812,2,0,E
754,165152232,Review of Agricultural Economics,1058-7195,Applied Economic Perspectives and Policy,Applied economics,,,771,21195,Applied Economic Perspectives and Policy,['ECONOMICS'],193,Economics and Econometrics,"Economics, Econometrics and Finance",0.47833333333333333,3,0,E
755,2764882396,Borsa Istanbul Review,2214-8450,Borsa Istanbul Review,"Banking, finance and investment",,,769,21127,Borsa Istanbul Review,"['ECONOMICS' 'BUSINESS, FINANCE']",202,Economics and Econometrics,"Economics, Econometrics and Finance",1.0,3,1,A
756,2764848322,International Journal of Human Resource Studies,2162-3058,International Journal of Human Resource Studies,Human resources and industrial relations,,,767,6463,,,161,Organizational Behavior and Human Resource Management,"Business, Management and Accounting",0.8274111675126904,0,1,
757,195188575,Marketing Theory,1470-5931,Marketing Theory: an international review,Marketing,Marketing Theory,Marketing,764,42768,Marketing Theory,['BUSINESS'],340,Marketing,"Business, Management and Accounting",0.8901808785529716,0,2,B
758,2764449665,Journal of Wine Economics,1931-4361,Journal of Wine Economics,"Banking, finance and investment",,,764,7095,Journal of Wine Economics,['ECONOMICS'],497,"Tourism, Leisure and Hospitality Management","Business, Management and Accounting",0.5267175572519084,2,1,A
759,2898332746,Ensayos sobre Política Económica,0120-4483,Ensayos Sobre Politica Economica,"Banking, finance and investment",,,761,2522,,,298,"General Economics, Econometrics and Finance","Economics, Econometrics and Finance",0.8003169572107766,2,0,E
760,102700472,Financial Services Review,1057-0810,Financial Services Review,"Banking, finance and investment",,,760,11479,,,254,Accounting,"Business, Management and Accounting",0.9142857142857143,1,1,
761,4210226746,Ekonomia i Prawo,1898-2255,,,,,759,1379,Ekonomia i Prawo-Economics and Law,['ECONOMICS'],166,Economics and Econometrics,"Economics, Econometrics and Finance",1.0,2,0,E
762,12132826,The International Food and Agribusiness Management Review,1096-7508,International Food and Agribusiness Management Review,Marketing,,,759,12109,,,122,Plant Science,Agricultural and Biological Sciences,0.5151515151515151,0,0,
763,169712084,International Journal of Information Technology and Management,1461-4111,International Journal of Information Technology and Management,Business systems in context,,,759,2805,,,81,Information Systems and Management,Decision Sciences,0.5379310344827586,0,1,
764,105584983,International Journal of Management and Decision Making,1462-4621,International Journal of Management and Decision Making,Business systems in context,,,758,5213,,,72,Strategy and Management,"Business, Management and Accounting",0.7418181818181818,0,2,B
765,2764773711,International Journal of Business and Society,1511-6670,,,,,757,7194,International Journal of Business and Society,['BUSINESS'],135,Accounting,"Business, Management and Accounting",0.7197452229299363,0,2,B
766,187200255,Competition & Change,1024-5294,,,Competition and Change,Sociology,757,16923,Competition & Change,['ECONOMICS' 'BUSINESS'],187,Finance,"Economics, Econometrics and Finance",0.7043795620437956,2,1,A
767,137554564,Journal of Hospitality Leisure Sport & Tourism Education,1473-8376,"Journal of Hospitality, Leisure, Sports and Tourism Education",Tourism,,,755,16850,,,254,"Tourism, Leisure and Hospitality Management","Business, Management and Accounting",0.5807560137457045,0,2,B
768,191612999,Organizacija,1318-5454,,,,,753,4666,Organizacija,['MANAGEMENT'],41,Organizational Behavior and Human Resource Management,"Business, Management and Accounting",0.8323353293413174,0,2,B
769,13669392,German Economic Review,1465-6485,German Economic Review,Applied economics,German Economic Review,Economics,751,14587,German Economic Review,['ECONOMICS'],105,Economics and Econometrics,"Economics, Econometrics and Finance",1.0,4,0,E
770,4210168315,Ekonomski pregled,0424-7558,,,,,751,756,Ekonomski Pregled,['ECONOMICS'],242,Economics and Econometrics,"Economics, Econometrics and Finance",0.8004484304932735,2,0,E
771,38901890,International Journal of Accounting Information Systems,1467-0895,,,,,750,27904,International Journal of Accounting Information Systems,"['BUSINESS' 'BUSINESS, FINANCE' 'MANAGEMENT']",133,Accounting,"Business, Management and Accounting",0.8061002178649237,1,2,A
772,165973286,The Journal of Computational Finance,1460-1559,,,Journal of Computational Finance,F&A,749,14025,Journal of Computational Finance,"['BUSINESS, FINANCE']",507,Finance,"Economics, Econometrics and Finance",0.9075535512965051,2,1,A
773,116955675,Asia-Pacific Financial Markets,1387-2834,Asia-Pacific Financial Markets,"Accounting, auditing and accountability",,,746,6368,Asia-Pacific Financial Markets,['ECONOMICS'],228,Finance,"Economics, Econometrics and Finance",1.0,2,0,E
774,161977297,Journal of Accounting & Organizational Change,1832-5912,The International Journal of Accounting,"Accounting, auditing and accountability",,,746,14036,Journal of Accounting and Organizational Change,"['BUSINESS, FINANCE']",360,Management Information Systems,"Business, Management and Accounting",0.895,1,2,A
775,4210230833,Journal of Business and Economics,2155-7950,Journal of Business and Economics,"Accounting, auditing and accountability",,,744,851,,,18,Accounting,"Business, Management and Accounting",0.797752808988764,0,1,
776,93195727,International Journal of Management and Enterprise Development,1468-4330,International Journal of Management and Enterprise Development,Business systems in context,,,744,5196,,,106,Management of Technology and Innovation,"Business, Management and Accounting",0.8601823708206687,0,2,B
777,2738551320,Health Economics Review,2191-1991,,,,,741,12912,Health Economics Review,['ECONOMICS'],212,General Health Professions,Health Professions,0.608440797186401,1,0,
778,2764747635,Journal of European economic history/The Journal of European economic history,0391-5115,,,Journal of European Economic History,Economics,741,4508,,,141,Economics and Econometrics,"Economics, Econometrics and Finance",0.7845117845117845,2,0,E
779,73818033,International Journal of Management Practice,1477-9064,International Journal of Management Practice,Human resources and industrial relations,,,741,2542,,,51,Management Information Systems,"Business, Management and Accounting",0.8165938864628821,0,1,
780,62069514,The Journal of Entrepreneurship,0971-3557,The Journal of Entrepreneurship,Human resources and industrial relations,,,740,8511,Journal of Entrepreneurship,['BUSINESS'],303,Management of Technology and Innovation,"Business, Management and Accounting",1.0,0,2,B
781,4210219833,Marketing Review St Gallen,1865-6544,Marketing Review St Gallen,Marketing,,,740,2916,,,295,Management of Technology and Innovation,"Business, Management and Accounting",0.9251612903225807,0,1,
782,171484276,International Journal of Learning and Intellectual Capital,1479-4853,International Journal of Learning and Intellectual Capital,Business systems in context,,,739,5493,INTERNATIONAL JOURNAL OF LEARNING AND INTELLECTUAL CAPITAL,['BUSINESS' 'MANAGEMENT'],329,Strategy and Management,"Business, Management and Accounting",0.9216354344122658,0,3,B
783,2764465937,Banks and Bank Systems,1816-7403,Banks and Bank Systems,"Banking, finance and investment",,,738,6154,Banks and Bank Systems,"['ECONOMICS' 'BUSINESS, FINANCE']",267,Accounting,"Business, Management and Accounting",1.0,2,2,A
784,187295728,Journal of Teaching in International Business,0897-5930,Journal of Teaching in International Business,Human resources and industrial relations,,,737,6820,,,348,Management of Technology and Innovation,"Business, Management and Accounting",0.46251441753171857,0,1,
785,2764494274,International Journal of Business Administration,1923-4007,International Journal of Business Administration,Human resources and industrial relations,,,737,6751,,,49,Accounting,"Business, Management and Accounting",1.0,0,1,
786,4210187274,Afro-Asian J of Finance and Accounting,1751-6447,Afro-Asian Journal of Finance and Accounting,"Accounting, auditing and accountability",,,734,2137,,,196,Accounting,"Business, Management and Accounting",1.0,0,1,
787,4210172125,Comptabilité - Contrôle - Audit,1262-2788,Accounting Auditing Control,"Accounting, auditing and accountability",Comptabilité - Contrôle - Audit,F&A,734,5854,Comptabilite Controle Audit,"['BUSINESS, FINANCE']",324,Management Information Systems,"Business, Management and Accounting",0.7304469273743017,1,2,A
788,82593474,Asian Business & Management,1472-4782,Asian Business and Management,Human resources and industrial relations,,,734,12401,Asian Business & Management,['BUSINESS' 'MANAGEMENT'],183,Strategy and Management,"Business, Management and Accounting",1.0,0,2,B
789,4210226067,Journal of Hospitality and Tourism Insights,2514-9792,Journal of Hospitality and Tourism Insights,Commercial services,,,733,10927,,,247,Sociology and Political Science,Social Sciences,0.47110141766630315,0,1,
790,2764892107,Multinational Business Review,1525-383X,Multinational Business Review,Human resources and industrial relations,Multinational Business Review,IB,730,13866,Multinational Business Review,['BUSINESS'],358,Strategy and Management,"Business, Management and Accounting",1.0,0,2,B
791,4210171430,Journal of Enterprising Communities People and Places in the Global Economy,1750-6204,Journal of Enterprising Communities: people and places of global economy,"COMMERCE, MANAGEMENT, TOURISM AND SERVICES",,,727,14348,Journal of Enterprising Communities-People and Places in the Global Economy,['BUSINESS'],352,Management of Technology and Innovation,"Business, Management and Accounting",0.8559113300492611,0,3,B
792,2764516016,European journal of training and development,2046-9012,European Journal of Training and Development,Human resources and industrial relations,,,724,16582,European Journal of Training and Development,['MANAGEMENT'],226,Organizational Behavior and Human Resource Management,"Business, Management and Accounting",0.6368330464716007,0,2,B
793,23257470,Journal of Property Research,0959-9916,Journal of Property Research,"Banking, finance and investment",,,722,12638,,,451,Economics and Econometrics,"Economics, Econometrics and Finance",1.0,2,0,E
794,4210178345,Russian Management Journal,1729-7427,,,,,721,1097,Rossiiskii Zhurnal Menedzhmenta-Russian Management Journal,['MANAGEMENT'],80,Development,Social Sciences,0.634703196347032,0,1,
795,4306509737,Eskişehir Osmangazi Üniversitesi İktisadi ve İdari Bilimler Dergisi,1306-6730,,,,,721,2057,Eskisehir Osmangazi Universitesi IIBF Dergisi-Eskisehir Osmangazi University Journal of Economics and Administrative Sciences,['ECONOMICS'],62,Economics and Econometrics,"Economics, Econometrics and Finance",0.8075313807531381,2,0,E
796,2765073605,European Journal of Economics and Economic Policies Intervention,2052-7764,,,,,720,3141,European Journal of Economics and Economic Policies-Intervention,['ECONOMICS'],292,"General Economics, Econometrics and Finance","Economics, Econometrics and Finance",0.8895184135977338,2,0,E
797,136764900,Journal of Forensic Economics,0898-5510,Journal of Forensic Economics,Other economics,,,717,2797,,,225,Economics and Econometrics,"Economics, Econometrics and Finance",0.7131931166347992,2,0,E
798,2898392467,Future Business Journal,2314-7202,,,,,715,11388,Future Business Journal,['BUSINESS'],82,Accounting,"Business, Management and Accounting",0.65625,0,2,B
799,47824075,Global Economic Review,1226-508X,Global Economic Review,"Banking, finance and investment",,,715,6213,Global Economic Review,['ECONOMICS'],136,"General Economics, Econometrics and Finance","Economics, Econometrics and Finance",1.0,3,0,E
800,94083415,Journal of Behavioral Finance,1542-7560,Journal of Behavioral Finance,"Accounting, auditing and accountability",Journal of Behavioral Finance,F&A,713,15519,Journal of Behavioral Finance,"['ECONOMICS' 'BUSINESS, FINANCE']",507,Finance,"Economics, Econometrics and Finance",0.8564981949458483,2,1,A
801,1076045,Culture and Organization,1475-9551,,,Culture and Organization,Sociology,712,9850,Culture and Organization,['MANAGEMENT'],289,Organizational Behavior and Human Resource Management,"Business, Management and Accounting",0.7321814254859611,0,2,B
802,2764792399,Investment Analysts Journal,1029-3523,Investment Analysts Journal,"Banking, finance and investment",,,709,5103,Investment Analysts Journal,"['BUSINESS, FINANCE']",309,Finance,"Economics, Econometrics and Finance",1.0,3,1,A
803,2764987631,Academy of Marketing Studies journal,1095-6298,Academy of Marketing Studies Journal,Marketing,,,708,4109,,,129,Marketing,"Business, Management and Accounting",0.6176991150442478,0,1,
804,4210173397,Journal of Public Finance and Public Choice,2515-6918,,,,,705,1800,Journal of Public Finance and Public Choice,['ECONOMICS'],135,Economics and Econometrics,"Economics, Econometrics and Finance",0.8138528138528138,2,0,E
805,114724389,Journal of African Business,1522-8916,Journal of African Business,"Strategy, management and organisational behaviour",,,705,13227,Journal of African Business,['BUSINESS'],97,Information Systems,Computer Science,0.7679425837320574,0,2,B
806,4210230127,management revue,0935-9915,Management Revue: the international review of management studies,Human resources and industrial relations,,,702,7595,Management Revue,['MANAGEMENT'],100,Public Administration,Social Sciences,0.5379746835443038,0,1,
807,147000529,International Journal of Automotive Technology and Management,1470-9511,,,,,701,5409,International Journal of Automotive Technology and Management,['TRANSPORTATION'],124,Strategy and Management,"Business, Management and Accounting",0.8117913832199547,0,2,B
808,97316453,Cambridge Journal of Regions Economy and Society,1752-1378,,,,,700,33303,Cambridge Journal of Regions Economy and Society,['ECONOMICS'],128,Economics and Econometrics,"Economics, Econometrics and Finance",0.7044967880085653,2,0,E
809,4210220385,Economics,1864-6042,Economics,Applied economics,,,700,9029,Economics-The Open Access Open-Assessment E-Journal,['ECONOMICS'],127,"General Economics, Econometrics and Finance","Economics, Econometrics and Finance",1.0,3,0,E
810,107183665,Journal of service management,1757-5818,Journal of Service Management,Marketing,Journal of Service Management,"OR,MS,POM",692,51028,Journal of Service Management,['MANAGEMENT'],359,Organizational Behavior and Human Resource Management,"Business, Management and Accounting",0.8641750227894257,0,2,B
811,4210179146,Business Strategy & Development,2572-3170,,,,,692,7377,Business Strategy and Development,['BUSINESS'],223,Marketing,"Business, Management and Accounting",1.0,0,2,B
812,56271844,Information Systems and e-Business Management,1617-9846,,,,,692,18993,Information Systems and E-Business Management,['BUSINESS' 'MANAGEMENT'],129,Management Information Systems,"Business, Management and Accounting",0.41286307053941906,0,2,B
813,175963831,El Trimestre Económico,0041-3011,El Trimestre Economico,Applied economics,,,692,3081,TRIMESTRE ECONOMICO,['ECONOMICS'],177,"General Economics, Econometrics and Finance","Economics, Econometrics and Finance",0.8741865509761388,3,0,E
814,4210185932,J for Global Business Advancement,1746-966X,Journal for Global Business Advancement,Applied economics,,,689,2297,,,66,Strategy and Management,"Business, Management and Accounting",0.7993079584775087,1,1,
815,16146169,International Journal of Economic Theory,1742-7355,International Journal of Economic Theory,Applied economics,,,689,3337,International Journal of Economic Theory,['ECONOMICS'],245,Economics and Econometrics,"Economics, Econometrics and Finance",1.0,3,0,E
816,147126554,Panoeconomicus,1452-595X,,,,,689,6977,Panoeconomicus,['ECONOMICS'],162,Finance,"Economics, Econometrics and Finance",1.0,2,0,E
817,4306506978,Contaduría Universidad de Antioquia,0120-4203,,,,,689,1502,Contaduria Universidad de Antioquia,"['BUSINESS, FINANCE']",458,Accounting,"Business, Management and Accounting",0.9421221864951769,1,2,A
818,4210190745,Asia-Pacific Journal of Financial Studies,2041-6156,Asia-Pacific Journal of Financial Studies,"Accounting, auditing and accountability",,,688,5405,Asia-Pacific Journal of Financial Studies,"['BUSINESS, FINANCE']",290,Accounting,"Business, Management and Accounting",1.0,1,2,A
819,32895864,Actual Problems of Economics,1993-6788,Actual Problems of economics,"Banking, finance and investment",,,687,635,,,270,"General Economics, Econometrics and Finance","Economics, Econometrics and Finance",0.6391304347826087,2,0,E
820,2764945587,International journal of entrepreneurship,1099-9264,International Journal of Entrepreneurship,"Strategy, management and organisational behaviour",,,686,4605,,,188,Management of Technology and Innovation,"Business, Management and Accounting",0.776536312849162,0,2,B
821,4210193318,Asean Economic Bulletin,0217-4472,ASEAN Economic Bulletin,Applied economics,,,684,16317,,,296,"General Economics, Econometrics and Finance","Economics, Econometrics and Finance",0.901840490797546,2,0,E
822,170166683,American Economic Journal Macroeconomics,1945-7707,American Economic Journal: Macroeconomics,Applied economics,American Economic Journal: Macroeconomics,Economics,684,55335,American Economic Journal-Macroeconomics,['ECONOMICS'],229,"General Economics, Econometrics and Finance","Economics, Econometrics and Finance",1.0,4,0,E
823,132432621,Journal of International Accounting Auditing and Taxation,1061-9518,"Journal of International Accounting, Auditing and Taxation","Accounting, auditing and accountability","Journal of International Accounting, Auditing and Taxation",F&A,678,22980,Journal of International Accounting Auditing and Taxation,"['BUSINESS, FINANCE']",415,Accounting,"Business, Management and Accounting",1.0,1,2,A
824,207154782,Journal of Financial Econometrics,1479-8409,Journal of Financial Econometrics,"Banking, finance and investment",Journal of Financial Econometrics,Economics,677,29423,Journal of Financial Econometrics,"['ECONOMICS' 'BUSINESS, FINANCE']",406,Finance,"Economics, Econometrics and Finance",1.0,4,1,A
825,4210175713,Economía,0254-4415,Economia,Applied economics,,,677,2139,Revista Economia,['ECONOMICS'],148,"General Economics, Econometrics and Finance","Economics, Econometrics and Finance",0.4791666666666667,3,0,E
826,5486590,International Economics and Economic Policy,1612-4804,International Economics and Economic Policy,"Banking, finance and investment",,,677,9264,INTERNATIONAL ECONOMICS AND ECONOMIC POLICY,['ECONOMICS'],205,"General Economics, Econometrics and Finance","Economics, Econometrics and Finance",1.0,3,0,E
827,148189957,Journal of Management History,1751-1348,,,Journal of Management History,Gen & Strat,676,7447,Journal of Management History,['MANAGEMENT'],296,Organizational Behavior and Human Resource Management,"Business, Management and Accounting",1.0,0,2,B
828,40814766,Journal of Marketing for HIGHER EDUCATION,0884-1241,,,,,675,18233,Journal of Marketing for Higher Education,['BUSINESS'],197,Management of Technology and Innovation,"Business, Management and Accounting",0.6924101198402131,0,2,B
829,44088940,International Journal of Management Concepts and Philosophy,1478-1484,International Journal of Management Concepts and Philosophy,Human resources and industrial relations,,,675,1946,,,74,Organizational Behavior and Human Resource Management,"Business, Management and Accounting",1.0,0,1,
830,146380144,International Journal of Business and Emerging Markets,1753-6219,International Journal of Business and Emerging Markets,Marketing,,,669,1948,,,83,Strategy and Management,"Business, Management and Accounting",0.8333333333333334,0,1,
831,94039387,International Journal of Hospitality & Tourism Administration,1525-6480,International Journal of Hospitality and Tourism Administration,Commercial services,,,669,14429,,,193,Organizational Behavior and Human Resource Management,"Business, Management and Accounting",0.5516265912305516,0,2,B
832,50216583,Journal of Medical Marketing Device Diagnostic and Pharmaceutical Marketing,1745-7904,Journal of Medical Marketing,Marketing,,,668,3829,,,134,Economics and Econometrics,"Economics, Econometrics and Finance",0.5199004975124378,1,0,
833,188742231,International Journal of Innovation Science,1757-2223,International Journal of Innovation Science,"Strategy, management and organisational behaviour",,,668,10280,International Journal of Innovation Science,['BUSINESS'],157,Strategy and Management,"Business, Management and Accounting",1.0,0,3,B
834,139478629,Journal of Business-to-Business Marketing,1051-712X,Journal of Business-to-Business Marketing,Marketing,Journal of Business-to-Business Marketing,Marketing,666,11117,Journal of Business-to-Business Marketing,['BUSINESS'],240,Organizational Behavior and Human Resource Management,"Business, Management and Accounting",0.8240131578947368,0,2,B
835,2764347203,Risk Management and Insurance Review,1098-1616,Risk Management and Insurance Review,"Banking, finance and investment",,,661,6714,RISK MANAGEMENT AND INSURANCE REVIEW,"['ECONOMICS' 'BUSINESS, FINANCE']",269,Economics and Econometrics,"Economics, Econometrics and Finance",0.8160714285714286,3,1,A
836,21322974,International Journal of Learning and Change,1740-2875,International Journal of Learning and Change,Human resources and industrial relations,,,661,2048,,,52,Strategy and Management,"Business, Management and Accounting",0.694300518134715,0,1,
837,2764678689,Accounting and Finance Research,1927-5986,Accounting and Finance Research,"Accounting, auditing and accountability",,,656,4113,,,194,Accounting,"Business, Management and Accounting",1.0,0,1,
838,76295336,Journal of Media Economics,0899-7764,,,,,655,10189,JOURNAL OF MEDIA ECONOMICS,['ECONOMICS'],126,Media Technology,Engineering,0.5477477477477477,1,0,
839,2764896919,Environmental Economics and Policy Studies,1432-847X,Environmental Economics and Policy Studies,Applied economics,,,654,9228,Environmental Economics and Policy Studies,['ECONOMICS'],245,Economics and Econometrics,"Economics, Econometrics and Finance",0.6911942098914354,3,0,E
840,2738281210,Review of Business Management,1806-4892,,,,,653,5765,RBGN-Revista Brasileira de Gestao de Negocios,['BUSINESS' 'MANAGEMENT'],130,Information Systems and Management,Decision Sciences,0.6,0,1,
841,1234856,The Journal of High Technology Management Research,1047-8310,The Journal of High Technology Management Research,"Strategy, management and organisational behaviour",Journal of High Technology Management Research,Innovation,653,21791,,,250,Strategy and Management,"Business, Management and Accounting",0.8834586466165414,0,2,B
842,4210208307,Dirección y Organización,1132-175X,,,,,652,1728,Direccion y Organizacion,['MANAGEMENT'],135,Economics and Econometrics,"Economics, Econometrics and Finance",1.0,1,1,
843,4210188437,Supply Chain Forum an International Journal,1624-6039,Supply Chain Forum: an International Journal,"Strategy, management and organisational behaviour",,,651,10064,Supply Chain Forum,['MANAGEMENT'],241,Management Information Systems,"Business, Management and Accounting",1.0,0,3,B
844,40285785,Journal of Applied Economics,1514-0326,Journal of Applied Economics,"Banking, finance and investment",,,650,14636,Journal of Applied Economics,['ECONOMICS'],160,"General Economics, Econometrics and Finance","Economics, Econometrics and Finance",1.0,3,0,E
845,38613568,Journal of Change Management,1469-7017,Journal of Change Management,Human resources and industrial relations,,,649,23790,JOURNAL OF CHANGE MANAGEMENT,['MANAGEMENT'],209,Organizational Behavior and Human Resource Management,"Business, Management and Accounting",0.8645276292335116,0,2,B
846,153849593,Baltic Journal of Management,1746-5265,Baltic Journal of Management,Human resources and industrial relations,,,649,13815,Baltic Journal of Management,['MANAGEMENT'],136,Organizational Behavior and Human Resource Management,"Business, Management and Accounting",1.0,0,2,B
847,16069442,Journal of Management Accounting Research,1049-2127,Journal of Management Accounting Research,"Accounting, auditing and accountability",Journal of Management Accounting Research,F&A,647,21559,Journal of Management Accounting Research,"['BUSINESS, FINANCE']",226,Accounting,"Business, Management and Accounting",0.8447121820615796,1,2,A
848,2764555313,International Journal of Business,1083-4346,International Journal of Business,"Banking, finance and investment",,,646,4467,International Journal of Business,['BUSINESS'],67,Accounting,"Business, Management and Accounting",1.0,1,2,A
849,165881774,The B E Journal of Theoretical Economics,1935-1704,,,B.E. Journal of Theoretical Economics,Economics,646,6545,B E Journal of Theoretical Economics,['ECONOMICS'],201,Economics and Econometrics,"Economics, Econometrics and Finance",0.4094292803970223,3,0,E
850,6014304,Journal of the American Taxation Association,0198-9073,,,Journal of the American Taxation Association,F&A,646,9528,Journal of the American Taxation Association,"['BUSINESS, FINANCE']",381,Accounting,"Business, Management and Accounting",1.0,1,2,A
851,183939566,Sustainability Accounting Management and Policy Journal,2040-8021,,,,,644,20523,Sustainability Accounting Management and Policy Journal,"['BUSINESS, FINANCE' 'MANAGEMENT']",341,Strategy and Management,"Business, Management and Accounting",1.0,1,2,A
852,11394615,Strategic Organization,1476-1270,Strategic Organization,Human resources and industrial relations,Strategic Organization,Gen & Strat,644,37254,Strategic Organization,['BUSINESS' 'MANAGEMENT'],258,Strategy and Management,"Business, Management and Accounting",1.0,0,2,B
853,79989894,International Journal of Managerial Finance,1743-9132,International Journal of Managerial Finance,"Accounting, auditing and accountability",International Journal of Managerial Finance,F&A,642,13449,International Journal of Managerial Finance,"['BUSINESS, FINANCE']",427,Accounting,"Business, Management and Accounting",1.0,1,2,A
854,4210223136,Estudos Econômicos (São Paulo),0101-4161,Estudos Economicos,Applied economics,,,642,4001,,,215,"General Economics, Econometrics and Finance","Economics, Econometrics and Finance",0.9189686924493554,2,0,E
855,66624660,Pacific Accounting Review,0114-0582,Pacific Accounting Review,"Accounting, auditing and accountability",,,638,11416,Pacific Accounting Review,"['BUSINESS, FINANCE']",256,Accounting,"Business, Management and Accounting",1.0,1,2,A
856,158129444,Journal of Developmental Entrepreneurship,1084-9467,Journal of Developmental Entrepreneurship,"Strategy, management and organisational behaviour",,,638,12921,Journal of Developmental Entrepreneurship,['BUSINESS'],345,Management of Technology and Innovation,"Business, Management and Accounting",0.8948004836759371,0,3,B
857,4210192575,GLOBAL BUSINESS & FINANCE REVIEW,1088-6931,Global Business and Finance Review,"Banking, finance and investment",,,637,1566,,,49,Accounting,"Business, Management and Accounting",0.4787234042553192,1,1,
858,164507624,Asian Review of Accounting,1321-7348,Asian Review of Accounting,"Accounting, auditing and accountability",,,637,11282,Asian Review of Accounting,"['BUSINESS, FINANCE']",379,Accounting,"Business, Management and Accounting",1.0,1,2,A
859,71351135,International Journal of Disclosure and Governance,1741-3591,International Journal of Disclosure and Governance,"Accounting, auditing and accountability",,,636,8183,International Journal of Disclosure and Governance,['MANAGEMENT'],310,Accounting,"Business, Management and Accounting",1.0,0,2,B
860,132368879,Journal of Enterprising Culture,0218-4958,Journal of Enterprising Culture,Human resources and industrial relations,,,635,10641,JOURNAL OF ENTERPRISING CULTURE,['BUSINESS'],371,Management of Technology and Innovation,"Business, Management and Accounting",1.0,0,2,B
861,2765036513,Australasian Accounting Business and Finance Journal,1834-2000,Australasian Accounting Business and Finance Journal,"Accounting, auditing and accountability",,,635,8878,Australasian Accounting Business and Finance Journal,"['BUSINESS, FINANCE']",93,Accounting,"Business, Management and Accounting",1.0,1,2,A
862,2764964828,The Journal of Applied Management and Entrepreneurship,1077-1158,Journal of Applied Management and Entrepreneurship,Human resources and industrial relations,,,633,9700,,,53,Management of Technology and Innovation,"Business, Management and Accounting",1.0,0,1,
863,45044709,International Journal of Organization Theory and Behavior,1093-4537,International Journal of Organization Theory and Behavior,Human resources and industrial relations,,,633,5323,,,117,Organizational Behavior and Human Resource Management,"Business, Management and Accounting",0.6324324324324324,0,1,
864,31690342,Strategic Entrepreneurship Journal,1932-4391,Strategic Entrepreneurship Journal,"Strategy, management and organisational behaviour",Strategic Entrepreneurship Journal,Gen & Strat,632,42042,Strategic Entrepreneurship Journal,['BUSINESS' 'MANAGEMENT'],330,Management of Technology and Innovation,"Business, Management and Accounting",1.0,0,3,B
865,4210188407,Middle East J of Management,2050-3636,,,,,631,1616,Middle East Journal of Management,['MANAGEMENT'],68,Sociology and Political Science,Social Sciences,0.5408163265306123,0,1,
866,68051293,Philosophy of Management,1740-3812,,,,,631,3532,Philosophy of Management,['MANAGEMENT'],156,Organizational Behavior and Human Resource Management,"Business, Management and Accounting",0.5572519083969466,0,2,B
867,10615428,Journal of Real Estate Literature,0927-7544,Journal of Real Estate Literature,"Banking, finance and investment",,,630,7506,,,328,Economics and Econometrics,"Economics, Econometrics and Finance",1.0,2,0,E
868,4404664192,Journal of securities operations & custody,1753-1802,Journal of Securities Operations and Custody,"Banking, finance and investment",,,630,588,,,83,Finance,"Economics, Econometrics and Finance",1.0,2,0,E
869,4210222895,Meditari Accountancy Research,2049-372X,Meditari Accountancy Research,"Accounting, auditing and accountability",,,629,17469,Meditari Accountancy Research,"['BUSINESS, FINANCE']",252,Strategy and Management,"Business, Management and Accounting",1.0,1,2,A
870,52073566,International Journal of Technology Transfer and Commercialisation,1470-6075,International Journal of Technology Transfer and Commercialisation,Business systems in context,,,629,2401,,,107,Strategy and Management,"Business, Management and Accounting",1.0,0,2,B
871,152972827,International Journal of Lean Six Sigma,2040-4166,International Journal of Lean Six Sigma,"Strategy, management and organisational behaviour",,,629,19695,International Journal of Lean Six Sigma,['MANAGEMENT'],524,Management Information Systems,"Business, Management and Accounting",0.9214501510574018,0,3,B
872,44763245,International Journal of Green Economics,1744-9928,International Journal of Green Economics,Applied economics,,,627,3421,,,121,Economics and Econometrics,"Economics, Econometrics and Finance",0.6728538283062645,2,0,E
873,144250037,Journal of Applied Accounting Research,0967-5426,Journal of Applied Accounting Research,"Accounting, auditing and accountability",Journal of Applied Accounting Research,F&A,623,14766,Journal of Applied Accounting Research,"['BUSINESS, FINANCE']",333,Accounting,"Business, Management and Accounting",1.0,1,2,A
874,176820844,European Review of Economic History,1361-4916,,,European Review of Economic History,Economics,621,17381,European Review of Economic History,['ECONOMICS'],298,Economics and Econometrics,"Economics, Econometrics and Finance",0.8296422487223168,3,0,E
875,2764978665,Journal of Modern Accounting and Auditing,1548-6583,Journal of Modern Accounting and Auditing,"Accounting, auditing and accountability",,,621,2329,,,85,Accounting,"Business, Management and Accounting",1.0,0,1,
876,196118188,International Journal of Services Economics and Management,1753-0822,"International Journal of Services, Economics and Management",Marketing,,,621,1713,,,122,Organizational Behavior and Human Resource Management,"Business, Management and Accounting",0.7033333333333334,0,1,
877,4210234983,Journal on Innovation and Sustainability RISUS,2179-3565,,,,,621,1405,RISUS-Journal on Innovation and Sustainability,['MANAGEMENT'],74,Information Systems and Management,Decision Sciences,0.44559585492227977,0,1,
878,2764934467,Iranian economic review,1026-6542,Iranian Economic Review,Applied economics,,,620,1819,,,132,Economics and Econometrics,"Economics, Econometrics and Finance",1.0,2,0,E
879,75627377,SIAM Journal on Financial Mathematics,1945-497X,,,,,619,10500,SIAM Journal on Financial Mathematics,"['BUSINESS, FINANCE']",481,Finance,"Economics, Econometrics and Finance",0.8886877828054298,2,1,A
880,202264103,Journal of Asia Business Studies,1558-7894,Journal of Asia Business Studies,Human resources and industrial relations,,,619,10989,Journal of Asia Business Studies,['BUSINESS'],113,Accounting,"Business, Management and Accounting",0.8571428571428571,0,2,B
881,91213080,The Economists Voice,1553-3832,The Economists' Voice,Applied economics,,,618,3294,Economists Voice,['ECONOMICS'],76,Finance,"Economics, Econometrics and Finance",1.0,3,0,E
882,2764846857,Economics and Business Review/The Poznań University of Economics Review,1643-5877,Economics and Business Review,Applied economics,,,617,2859,Economics and Business Review,['ECONOMICS'],48,Finance,"Economics, Econometrics and Finance",1.0,3,0,E
883,4210218449,Business Ethics the Environment & Responsibility,2694-6416,,,,,616,5211,Business Ethics the Environment & Responsibility,['BUSINESS'],235,Strategy and Management,"Business, Management and Accounting",0.8287461773700305,0,2,B
884,2738413198,Equilibrium Quarterly Journal of Economics and Economic Policy,1689-765X,,,,,616,5677,Equilibrium-Quarterly Journal of Economics and Economic Policy,['ECONOMICS'],61,Political Science and International Relations,Social Sciences,0.7765567765567766,1,0,
885,4210168739,M n gement,1286-4692,M@n@gement,Human resources and industrial relations,M@n@gement,Gen & Strat,615,7449,Management,['MANAGEMENT'],179,Organizational Behavior and Human Resource Management,"Business, Management and Accounting",0.9224806201550387,0,2,B
886,83262020,Journal of International Financial Management and Accounting,0954-1314,Journal of International Financial Management and Accounting,"Accounting, auditing and accountability",Journal of International Financial Management and Accou,nF&A,614,18483,Journal of International Financial Management & Accounting,"['BUSINESS, FINANCE']",262,Accounting,"Business, Management and Accounting",1.0,1,2,A
887,185277049,Journal of Banking Regulation,1745-6452,,,,,613,6625,Journal of Banking Regulation,"['BUSINESS, FINANCE']",366,Finance,"Economics, Econometrics and Finance",1.0,2,1,A
888,196564809,The B E Journal of Macroeconomics,1935-1690,The BE Journal of Macroeconomics,"Banking, finance and investment",B.E. Journal of Macroeconomics,Economics,613,7874,B E Journal of Macroeconomics,['ECONOMICS'],266,"General Economics, Econometrics and Finance","Economics, Econometrics and Finance",1.0,4,0,E
889,90477801,Journal of transport economics and policy,0022-5258,Journal of Transport Economics and Policy,"Transportation, logistics and supply chains",Journal of Transport Economics and Policy,Economics,611,16709,JOURNAL OF TRANSPORT ECONOMICS AND POLICY,['ECONOMICS' 'TRANSPORTATION'],217,Transportation,Social Sciences,0.4020926756352765,2,2,A
890,4210186350,Journal of Competition Law & Economics,1744-6414,,,,,611,8193,Journal of Competition Law & Economics,['ECONOMICS'],369,Economics and Econometrics,"Economics, Econometrics and Finance",0.9023383768913342,2,0,E
891,68754933,Organization Management Journal,1541-6518,Organization Management Journal,Human resources and industrial relations,,,609,6978,,,85,Management of Technology and Innovation,"Business, Management and Accounting",0.8878205128205128,0,1,
892,30370390,Journal of Customer Behaviour,1475-3928,Journal of Customer Behavior,Marketing,,,608,6930,,,87,Organizational Behavior and Human Resource Management,"Business, Management and Accounting",0.5994397759103641,0,1,
893,2764837506,Indian Journal of Labour Economics,0019-5308,,,,,608,3968,Indian Journal of Labour Economics,['ECONOMICS'],168,General Health Professions,Health Professions,0.4172661870503597,1,0,
894,101163346,International Journal of Strategic Property Management,1648-715X,International Journal of Strategic Property Management,Commercial services,,,608,10894,International Journal of Strategic Property Management,['MANAGEMENT'],274,Economics and Econometrics,"Economics, Econometrics and Finance",0.6509240246406571,1,2,A
895,4210223036,Mehmet Akif Ersoy Üniversitesi İktisadi ve İdari Bilimler Fakültesi Dergisi,2149-1658,,,,,607,1350,Journal of Mehmet Akif Ersoy University Economics and Administrative Sciences Faculty,['ECONOMICS'],45,Economics and Econometrics,"Economics, Econometrics and Finance",1.0,2,0,E
896,4210206322,PharmacoEconomics - Open,2509-4254,,,,,606,5770,Pharmacoeconomics-Open,['ECONOMICS'],207,Economics and Econometrics,"Economics, Econometrics and Finance",0.9137466307277629,2,0,E
897,2913545599,Spanish Journal of Finance and Accounting / Revista Española de Financiación y Contabilidad,0210-2412,Spanish Journal of Finance and Accounting,"Banking, finance and investment",,,606,4785,Spanish Journal of Finance and Accounting-Revista Espanola de Financiacion y Contabilidad,"['BUSINESS, FINANCE']",244,Accounting,"Business, Management and Accounting",1.0,2,2,A
898,84210283,International Journal of Human Resources Development and Management,1465-6612,International Journal of Human Resources Development and Management,Human resources and industrial relations,,,605,4461,,,88,Organizational Behavior and Human Resource Management,"Business, Management and Accounting",0.8626760563380281,0,1,
899,178563901,Society and Business Review,1746-5680,Society and Business Review,"Accounting, auditing and accountability",,,604,11844,Society and Business Review,['BUSINESS'],132,Strategy and Management,"Business, Management and Accounting",0.8886138613861386,0,2,B
900,117685085,The World Bank Research Observer,0257-3032,,,World Bank Research Observer,Economics,603,59395,WORLD BANK RESEARCH OBSERVER,['ECONOMICS'],76,Economics and Econometrics,"Economics, Econometrics and Finance",0.40924092409240925,3,0,E
901,4210172326,Journal of Management and Sustainability,1925-4725,Journal of Management and Sustainability,Human resources and industrial relations,,,602,4420,,,72,Marketing,"Business, Management and Accounting",0.8986784140969163,0,1,
902,203894561,International Journal of Pharmaceutical and Healthcare Marketing,1750-6123,International Journal of Pharmaceutical and Healthcare Marketing,Marketing,,,602,6734,,,124,Pharmacology,"Pharmacology, Toxicology and Pharmaceutics",0.631578947368421,0,0,
903,156003414,Quantitative Economics,1759-7323,Quantitative Economics,Applied economics,Quantitative Economics,Economics,600,13426,Quantitative Economics,['ECONOMICS'],111,"General Economics, Econometrics and Finance","Economics, Econometrics and Finance",0.8257142857142857,4,0,E
904,29581992,Nova Economia,0103-6351,Nova Economia: the journal of the economics department at UFMG,Applied economics,,,599,3288,,,207,"General Economics, Econometrics and Finance","Economics, Econometrics and Finance",0.897489539748954,2,0,E
905,4210178198,Economy of Ukraine,2522-9303,Ekonomika Ukrainy,Applied economics,,,598,1752,,,246,"General Economics, Econometrics and Finance","Economics, Econometrics and Finance",0.8107667210440457,2,0,E
906,4210176348,Journal of Science and Technology Policy Management,2053-4620,,,,,597,10563,Journal of Science and Technology Policy Management,['MANAGEMENT'],120,Information Systems and Management,Decision Sciences,0.48467966573816157,0,1,
907,4210176701,Logforum,1734-459X,,,,,597,3724,LogForum,['MANAGEMENT'],64,Management Information Systems,"Business, Management and Accounting",0.6846473029045643,0,2,B
908,1027187413,Amfiteatru Economic,1582-9146,,,,,596,5508,Amfiteatru Economic,['ECONOMICS' 'BUSINESS' 'MANAGEMENT'],61,Marketing,"Business, Management and Accounting",0.8765957446808511,1,2,A
909,187998666,Comparative Economic Research Central and Eastern Europe,1508-2008,,,,,594,3164,Comparative Economic Research-Central and Eastern Europe,['ECONOMICS'],75,Economics and Econometrics,"Economics, Econometrics and Finance",0.7699680511182109,2,0,E
910,2764953858,Journal of Real Estate Portfolio Management,1083-5547,Journal of Real Estate Portfolio Management,"Banking, finance and investment",,,594,8358,,,440,Economics and Econometrics,"Economics, Econometrics and Finance",1.0,2,0,E
911,4210178298,INTERNATIONAL JOURNAL OF MANAGEMENT,0976-6502,International Journal of Management,Human resources and industrial relations,,,592,1206,,,44,"Management, Monitoring, Policy and Law",Environmental Science,0.5496688741721855,0,0,
912,95074589,Review of Accounting and Finance,1475-7702,Review of Accounting and Finance,"Accounting, auditing and accountability",,,592,9918,Review of Accounting and Finance,"['BUSINESS, FINANCE']",326,Accounting,"Business, Management and Accounting",1.0,1,2,A
913,2764835697,Asian Development Review,0116-1105,,,,,590,7840,Asian Development Review,['ECONOMICS'],131,"General Economics, Econometrics and Finance","Economics, Econometrics and Finance",0.8604118993135011,2,0,E
914,4210232136,Journal of Current Issues & Research in Advertising,1064-1734,,,,,588,16903,Journal of Current Issues and Research In Advertising,['BUSINESS'],341,Marketing,"Business, Management and Accounting",0.4300126103404792,0,2,B
915,62246846,International Journal of Accounting Auditing and Performance Evaluation,1740-8008,"International Journal of Accounting, Auditing and Performance Evaluation","Accounting, auditing and accountability",,,588,3920,,,263,Accounting,"Business, Management and Accounting",1.0,0,1,
916,2737950648,Aestimum,1592-6117,,,,,587,356,Aestimum,['ECONOMICS'],285,"Management, Monitoring, Policy and Law",Environmental Science,0.41365461847389556,1,0,
917,37660120,Human Resource Development Review,1534-4843,Human Resource Development Review,Human resources and industrial relations,,,587,35443,Human Resource Development Review,['MANAGEMENT'],212,Applied Psychology,Psychology,0.5383211678832117,0,1,
918,69024147,South Asia Economic Journal,0973-077X,South Asia Economic Journal,Applied economics,,,586,4124,,,198,"General Economics, Econometrics and Finance","Economics, Econometrics and Finance",0.8778947368421053,2,0,E
919,4210227574,Interdisciplinary Environmental Review,1521-0227,Interdisciplinary Environmental Review,"COMMERCE, MANAGEMENT, TOURISM AND SERVICES",,,585,1648,,,53,Marketing,"Business, Management and Accounting",0.6445783132530121,0,2,B
920,160156518,International Journal of Fashion Design Technology and Education,1754-3266,,,,,585,7728,International Journal of Fashion Design Technology and Education,['BUSINESS'],165,Museology,Arts and Humanities,0.4722792607802875,0,1,
921,206364101,Economic Notes,0391-5026,Economic Notes,Applied economics,,,585,8012,Economic Notes,['ECONOMICS'],153,Finance,"Economics, Econometrics and Finance",1.0,3,0,E
922,3409213,Service Business,1862-8508,Service Business: an international journal,Commercial services,,,584,16186,Service Business,['BUSINESS' 'MANAGEMENT'],224,Organizational Behavior and Human Resource Management,"Business, Management and Accounting",0.6191222570532915,0,3,B
923,4210240452,REVISTA PROCESOS DE MERCADO,1697-6797,Procesos de Mercado: revista europea de economia politica,"Banking, finance and investment",,,584,610,,,159,"General Economics, Econometrics and Finance","Economics, Econometrics and Finance",0.7737556561085973,2,0,E
924,2737582874,Studies in Business and Economics,1842-4120,,,,,583,3639,Studies in Business and Economics,['ECONOMICS'],46,Accounting,"Business, Management and Accounting",1.0,1,1,
925,4210231290,Financial markets and portfolio management,1934-4554,Financial Markets and Portfolio Management,"Banking, finance and investment",Financial Markets and Portfolio Management,F&A,581,6006,Financial Markets and Portfolio Management,"['BUSINESS, FINANCE']",243,Finance,"Economics, Econometrics and Finance",1.0,3,1,A
926,7161550,Spatial Economic Analysis,1742-1772,,,,,581,12966,Spatial Economic Analysis,['ECONOMICS'],295,Economics and Econometrics,"Economics, Econometrics and Finance",1.0,2,0,E
927,4210239895,Revista de Economia,0556-5782,Revista de Economia,Applied economics,,,581,945,,,193,"General Economics, Econometrics and Finance","Economics, Econometrics and Finance",0.5704545454545454,2,0,E
928,142092826,International Journal of Enterprise Network Management,1748-1252,International Journal of Enterprise Network Management,Business systems in context,,,580,1366,,,62,Management Information Systems,"Business, Management and Accounting",0.575,0,2,B
929,141081643,Journal of Innovation Economics & Management,2032-5355,,,,,577,5794,Journal of Innovation Economics & Management,['MANAGEMENT'],114,Strategy and Management,"Business, Management and Accounting",1.0,0,2,B
930,164338815,EuroMed Journal of Business,1450-2194,EuroMed Journal of Business,Marketing,,,576,11707,EuroMed Journal of Business,['BUSINESS'],91,Accounting,"Business, Management and Accounting",0.817629179331307,0,2,B
931,4210171100,Strategic Management,1821-3448,,,,,576,2742,Strategic Management,['MANAGEMENT'],45,Strategy and Management,"Business, Management and Accounting",1.0,0,2,B
932,2898242091,Journal of Business Venturing Insights,2352-6734,Journal of Business Venturing Insights,"Strategy, management and organisational behaviour",Journal of Business Venturing Insights,Entrep,575,15073,,,345,Management of Technology and Innovation,"Business, Management and Accounting",1.0,0,2,B
933,47854491,International Journal of Entrepreneurial Venturing,1742-5360,International Journal of Entrepreneurial Venturing,Business systems in context,,,574,5047,International Journal of Entrepreneurial Venturing,['MANAGEMENT'],299,Management of Technology and Innovation,"Business, Management and Accounting",1.0,0,3,B
934,55432613,Journal of East-West Business,1066-9868,Journal of East-West Business,Human resources and industrial relations,,,574,4250,Journal of East-West Business,['BUSINESS'],173,Strategy and Management,"Business, Management and Accounting",0.8909090909090909,0,2,B
935,4210218909,Journal of Quantitative Economics,2364-1045,,,,,573,2432,JOURNAL OF QUANTITATIVE ECONOMICS,['ECONOMICS'],166,"General Economics, Econometrics and Finance","Economics, Econometrics and Finance",1.0,2,0,E
936,4210234043,Journal of Management Research,1941-899X,Journal of Management Research,Human resources and industrial relations,,,572,6508,,,45,Organizational Behavior and Human Resource Management,"Business, Management and Accounting",0.8095238095238095,0,1,
937,4404663278,Journal of economic and administrative sciences.,2054-6238,Journal of Economic and Administrative Sciences,Econometrics,,,571,7262,Journal of Economic and Administrative Sciences,['ECONOMICS'],104,Accounting,"Business, Management and Accounting",1.0,2,1,A
938,62905163,Operations Management Research,1936-9735,Operations Management Research,"Strategy, management and organisational behaviour",,,570,15266,Operations Management Research,['MANAGEMENT'],194,Strategy and Management,"Business, Management and Accounting",1.0,0,3,B
939,42260610,African Journal of Economic and Management Studies,2040-0705,African Journal of Economic and Management Studies,"Strategy, management and organisational behaviour",,,570,8712,African Journal of Economic and Management Studies,['ECONOMICS'],98,Economics and Econometrics,"Economics, Econometrics and Finance",0.7651933701657458,2,1,A
940,103378164,Journal of Euromarketing,1049-6483,Journal of Euromarketing,Marketing,,,569,5032,,,117,Marketing,"Business, Management and Accounting",0.8715846994535519,0,1,
941,2764431486,World Review of Political Economy,2042-891X,,,,,566,1175,World Review of Political Economy,['ECONOMICS'],189,Sociology and Political Science,Social Sciences,0.519916142557652,1,0,
942,59777368,International Journal of Managerial and Financial Accounting,1753-6715,International Journal of Managerial and Financial Accounting,"Accounting, auditing and accountability",,,566,3126,International Journal of Managerial and Financial Accounting,"['BUSINESS, FINANCE']",150,Accounting,"Business, Management and Accounting",1.0,1,2,A
943,4210194146,Journal of health economics and outcomes research,2326-697X,,,,,565,1933,Journal of Health Economics and Outcomes Research,['ECONOMICS'],80,Economics and Econometrics,"Economics, Econometrics and Finance",0.7485029940119761,2,0,E
944,2764879640,Global Journal of Flexible Systems Management,0972-2696,Global Journal of Flexible Systems Management,Human resources and industrial relations,,,565,14892,,,121,Management Information Systems,"Business, Management and Accounting",1.0,0,1,
945,64915403,The Quarterly Journal of Austrian Economics,1098-3708,The Quarterly Journal of Austrian Economics,Applied economics,,,565,5845,,,206,Economics and Econometrics,"Economics, Econometrics and Finance",0.9149338374291115,2,0,E
946,2764655866,Review of Keynesian Economics,2049-5323,Review of Keynesian Economics,"Banking, finance and investment",,,563,4951,Review of Keynesian Economics,['ECONOMICS'],296,"General Economics, Econometrics and Finance","Economics, Econometrics and Finance",0.8458149779735683,3,0,E
947,2764873792,African Journal of Business and Economic Research,1750-4554,African Journal of Business and Economic Research,"COMMERCE, MANAGEMENT, TOURISM AND SERVICES",,,563,1594,,,47,Economics and Econometrics,"Economics, Econometrics and Finance",0.7704081632653061,1,1,
948,45303301,Critical Perspectives on International Business,1742-2043,Critical Perspectives on International Business,Human resources and industrial relations,Critical Perspectives on International Business,IB,562,9321,Critical Perspectives on International Business,['BUSINESS'],137,Strategy and Management,"Business, Management and Accounting",0.8689839572192514,0,2,B
949,160194987,Journal of Industry Competition and Trade,1566-1679,"Journal of Industry, Competition and Trade: from theory to policy",Applied economics,,,561,9919,Journal of Industry Competition & Trade,['BUSINESS'],206,Economics and Econometrics,"Economics, Econometrics and Finance",1.0,2,1,A
950,2764953695,International Review of Management and Business Research,2306-9007,International Review of Management and Business Research,Human resources and industrial relations,,,561,3485,,,68,Accounting,"Business, Management and Accounting",0.8443396226415094,0,1,
951,126012839,Applied Mathematical Finance,1350-486X,,,Applied Mathematical Finance,F&A,560,13710,,,437,Finance,"Economics, Econometrics and Finance",1.0,1,0,
952,2764440250,International Journal of Business and Social Science,2219-1933,International Journal of Business and Social Science,"COMMERCE, MANAGEMENT, TOURISM AND SERVICES",,,559,6227,,,41,Accounting,"Business, Management and Accounting",0.6506849315068494,0,2,B
953,61350954,Journal of Advances in Management Research,0972-7981,Journal of Advances in Management Research,"Strategy, management and organisational behaviour",,,558,10075,Journal of Advances in Management Research,['MANAGEMENT'],86,Management Information Systems,"Business, Management and Accounting",0.8609022556390977,0,3,B
954,120311709,Journal of Direct Data and Digital Marketing Practice,1746-0166,"Journal of Direct, Data and Digital Marketing Practice",Marketing,,,558,5383,,,116,Sociology and Political Science,Social Sciences,0.4223826714801444,0,0,
955,30207186,CESifo Economic Studies,1610-241X,CESifo Economic Studies,Applied economics,,,557,13233,CESifo Economic Studies,['ECONOMICS'],124,Economics and Econometrics,"Economics, Econometrics and Finance",0.8483965014577259,3,0,E
956,89611103,Global economy journal,1553-5304,Global Economy Journal,Applied economics,,,557,5163,Global Economy Journal,['ECONOMICS'],196,"General Economics, Econometrics and Finance","Economics, Econometrics and Finance",1.0,3,0,E
957,19785326,The Marketing Review,1469-347X,The Marketing Review,Marketing,,,556,11523,,,80,Sociology and Political Science,Social Sciences,0.7333333333333333,0,0,
958,2736601860,Entrepreneurial Business and Economics Review,2353-8821,Entrepreneurial Business and Economics Review,"Strategy, management and organisational behaviour",,,554,8507,Entrepreneurial Business and Economics Review,['ECONOMICS'],157,Management of Technology and Innovation,"Business, Management and Accounting",1.0,1,2,A
959,4210179092,International Journal for Quality Research,1800-6450,International Journal for Quality Research,"COMMERCE, MANAGEMENT, TOURISM AND SERVICES",,,554,3378,,,72,"Management, Monitoring, Policy and Law",Environmental Science,0.5288461538461539,0,1,
960,86375777,International Journal of Accounting and Information Management,1758-9037,International Journal of Accounting and Information Management,"Accounting, auditing and accountability",,,554,12450,International Journal of Accounting and Information Management,['MANAGEMENT'],292,Accounting,"Business, Management and Accounting",1.0,0,2,B
961,4210188630,Accounting Perspectives,1911-382X,Accounting Perspectives,"Accounting, auditing and accountability",,,552,3526,Accounting Perspectives,"['BUSINESS, FINANCE']",162,Accounting,"Business, Management and Accounting",1.0,1,2,A
962,77392188,Journal of Marketing Channels,1046-669X,Journal of Inter-Organizational Relationships,Marketing,,,552,6610,Journal of Inter-Organizational Relationships,['BUSINESS'],132,Organizational Behavior and Human Resource Management,"Business, Management and Accounting",1.0,0,2,B
963,992988095,Ekonomický časopis,0013-3035,Ekonomicky Casopis,Applied economics,,,552,1147,EKONOMICKY CASOPIS,['ECONOMICS'],94,Political Science and International Relations,Social Sciences,0.4525993883792049,2,0,E
964,2764399863,Advances In Management,0974-2611,Advances in Management,"Strategy, management and organisational behaviour",,,552,1798,,,34,Organizational Behavior and Human Resource Management,"Business, Management and Accounting",0.8270676691729323,0,2,B
965,2738677470,Oeconomia Copernicana,2083-1277,,,,,550,8403,Oeconomia Copernicana,['ECONOMICS'],63,Economics and Econometrics,"Economics, Econometrics and Finance",1.0,2,0,E
966,4210226909,Acta Commercii,1684-1999,Acta Commercii,Human resources and industrial relations,,,548,4945,,,67,Management of Technology and Innovation,"Business, Management and Accounting",1.0,0,1,
967,45224653,Journal of Research in Interactive Marketing,2040-7122,Journal of Research in Interactive Marketing,Marketing,,,547,25122,Journal of Research in Interactive Marketing,['BUSINESS'],395,Sociology and Political Science,Social Sciences,0.45164506480558325,0,1,
968,180332110,Review of Law & Economics,1555-5879,Review of Law and Economics,Applied economics,,,547,4087,,,248,Economics and Econometrics,"Economics, Econometrics and Finance",0.7992047713717694,2,0,E
969,14764538,Journal of strategy and management,1755-425X,Journal of Strategy and Management,Human resources and industrial relations,,,546,11741,Journal of Strategy and Management,['MANAGEMENT'],207,Strategy and Management,"Business, Management and Accounting",1.0,0,2,B
970,4306515389,Journal of Business & Retail Management Research,1751-8202,The Journal of Business and Retail Management Research,"Strategy, management and organisational behaviour",,,544,3843,,,103,Marketing,"Business, Management and Accounting",0.7016574585635359,0,2,B
971,137166528,International Journal of Knowledge Management Studies,1743-8268,,,,,544,2303,International Journal of Knowledge Management Studies,['MANAGEMENT'],165,Communication,Social Sciences,0.41379310344827586,0,1,
972,10914567,International Journal of Work Organisation and Emotion,1740-8938,International Journal of Work Organisation and Emotion,Human resources and industrial relations,,,543,2454,,,109,Organizational Behavior and Human Resource Management,"Business, Management and Accounting",0.40512820512820513,0,1,
973,2764853111,Journal of Economic and Financial Sciences,1995-7076,Journal of Economic and Financial Sciences,"COMMERCE, MANAGEMENT, TOURISM AND SERVICES",,,543,2689,,,84,Strategy and Management,"Business, Management and Accounting",0.8424908424908425,0,2,B
974,2765013869,Journal of Family Business Management,2043-6238,Journal of Family Business Management,Human resources and industrial relations,,,542,9356,Journal of Family Business Management,['MANAGEMENT'],506,Organizational Behavior and Human Resource Management,"Business, Management and Accounting",0.9430431244914564,0,2,B
975,71487352,BAR - Brazilian Administration Review,1807-7692,,,,,542,7435,Brazilian Administration Review,['BUSINESS' 'MANAGEMENT'],79,Strategy and Management,"Business, Management and Accounting",1.0,0,2,B
976,170367418,International Journal of Pluralism and Economics Education,1757-5648,International Journal of Pluralism and Economics Education,Applied economics,,,541,1029,,,177,Economics and Econometrics,"Economics, Econometrics and Finance",0.5972495088408645,2,0,E
977,4306506326,CIRIEC-España revista de economía pública social y cooperativa,0213-8093,,,,,541,3202,CIRIEC-Espana Revista de Economia Publica Social y Cooperativa,['ECONOMICS'],176,Strategy and Management,"Business, Management and Accounting",0.5317647058823529,1,1,
978,22585208,Advances in consumer research,0098-9258,Advances in Consumer Research,Marketing,,,539,3873,,,97,Marketing,"Business, Management and Accounting",0.6995708154506438,0,1,
979,2765030839,Journal of Economic and Social Measurement,0747-9662,Journal of Economic and Social Measurement,Econometrics,,,538,6773,,,59,"General Economics, Econometrics and Finance","Economics, Econometrics and Finance",0.4251968503937008,2,0,E
980,2735010472,Journal of the Association for Consumer Research,2378-1815,Journal of The Association For Consumer Research,Marketing,,,538,7305,Journal of the Association for Consumer Research,['BUSINESS'],174,Marketing,"Business, Management and Accounting",0.5643564356435643,0,2,B
981,2764806892,Journal of Philippine development,0115-9143,Philippine Journal of Development,Applied economics,,,538,547,,,85,"General Economics, Econometrics and Finance","Economics, Econometrics and Finance",0.695852534562212,2,0,E
982,4210171086,The Journal of Risk,1465-1211,,,,,537,16863,Journal of Risk,"['BUSINESS, FINANCE']",135,Finance,"Economics, Econometrics and Finance",0.8053097345132744,2,1,A
983,1086168,International Journal of Critical Accounting,1757-9848,International Journal of Critical Accounting,"Accounting, auditing and accountability",,,537,1172,,,111,Accounting,"Business, Management and Accounting",1.0,0,1,
984,102611516,International Journal of Electronic Finance,1746-0069,International Journal of Electronic Finance,"Banking, finance and investment",,,537,2554,,,117,Information Systems and Management,Decision Sciences,0.5401662049861495,1,0,
985,116778711,Asian Journal of Technology Innovation,1976-1597,Asian Journal of Technology Innovation,Business systems in context,,,537,6926,Asian Journal of Technology Innovation,['ECONOMICS' 'BUSINESS'],201,Strategy and Management,"Business, Management and Accounting",1.0,1,3,A
986,4210186250,Journal of Competitiveness,1804-171X,,,,,536,13472,Journal of Competitiveness,['ECONOMICS' 'BUSINESS' 'MANAGEMENT'],62,Strategy and Management,"Business, Management and Accounting",0.5970149253731343,1,2,A
987,196955526,Journal of Asia-Pacific Business,1059-9231,Journal of Asia Pacific Business,Marketing,,,535,4470,,,80,"General Economics, Econometrics and Finance","Economics, Econometrics and Finance",1.0,1,0,
988,109960688,Journal of Human Resources in Hospitality & Tourism,1533-2845,Journal of Human Resources in Hospitality & Tourism,Human resources and industrial relations,,,535,10939,,,250,Organizational Behavior and Human Resource Management,"Business, Management and Accounting",0.779969650986343,0,1,
989,43391031,International Journal of Business Environment,1740-0589,International Journal of Business Environment,Business systems in context,,,534,2305,International Journal of Business Environment,['BUSINESS'],77,Strategy and Management,"Business, Management and Accounting",0.8250950570342205,0,3,B
990,4210198543,Journal of Agribusiness in Developing and Emerging Economies,2044-0839,,,,,534,7548,Journal of Agribusiness in Developing and Emerging Economies,['ECONOMICS'],171,General Agricultural and Biological Sciences,Agricultural and Biological Sciences,0.5193798449612403,1,0,
991,149050951,Journal of Chinese Economic and Business Studies,1476-5284,Journal of Chinese Economics and Business Studies,"Banking, finance and investment",,,534,7782,Journal of Chinese Economic and Business Studies,['ECONOMICS'],110,"General Economics, Econometrics and Finance","Economics, Econometrics and Finance",1.0,3,0,E
992,2764807039,Service Science,2164-3962,,,,,534,8139,Service Science,['BUSINESS' 'MANAGEMENT'],196,Marketing,"Business, Management and Accounting",0.9009009009009009,0,2,B
993,4210208616,Innovative Marketing,1814-2427,Innovative Marketing,Marketing,,,533,3410,Innovative Marketing,['BUSINESS'],222,Sociology and Political Science,Social Sciences,0.5203938115330521,0,1,
994,164447516,International Journal of Asian Business and Information Management,1947-9638,International Journal of Asian Business and Information Management,Marketing,,,531,2186,International Journal of Asian Business and Information Management,['BUSINESS'],66,Information Systems and Management,Decision Sciences,0.4779116465863454,0,1,
995,4306516105,Journal of Taxation and Accounting,1738-3323,Journal of Taxation and Accounting,"Accounting, auditing and accountability",,,530,232,,,135,Accounting,"Business, Management and Accounting",0.8505434782608695,0,1,
996,187179583,International Journal of Wine Business Research,1751-1062,International Journal of Wine Business Research,Marketing,,,530,11814,,,458,"Tourism, Leisure and Hospitality Management","Business, Management and Accounting",0.5559006211180124,0,1,
997,4210206470,Journal of Sustainable Finance & Investment,2043-0795,Journal of Sustainable Finance and Investment,"Banking, finance and investment",,,530,18020,Journal of Sustainable Finance & Investment,"['BUSINESS, FINANCE']",140,Strategy and Management,"Business, Management and Accounting",1.0,2,2,A
998,181870614,Journal of Financial Economic Policy,1757-6385,,,,,530,7108,Journal of Financial Economic Policy,['ECONOMICS'],190,Finance,"Economics, Econometrics and Finance",1.0,2,0,E
999,100820205,International Journal of Commerce and Management,1056-9219,Review of International Business and Strategy,Human resources and industrial relations,,,529,10916,Review of International Business and Strategy,['BUSINESS'],82,Accounting,"Business, Management and Accounting",1.0,0,2,B
1000,98234996,Accounting Research Journal,1030-9616,Accounting Research Journal,"Accounting, auditing and accountability",Accounting Research Journal,F&A,529,8630,Accounting Research Journal,"['BUSINESS, FINANCE']",256,Accounting,"Business, Management and Accounting",1.0,1,2,A
1001,44544138,Journal of Income Distribution,0926-6437,"Journal of Income Distribution: an international journal, New Series",Economic theory,,,528,2833,,,196,Sociology and Political Science,Social Sciences,0.6294896030245747,1,0,
1002,88920680,Intangible Capital,1697-9818,,,,,527,5773,Intangible Capital,['MANAGEMENT'],60,Strategy and Management,"Business, Management and Accounting",1.0,0,2,B
1003,4210216073,Agricultural and Resource Economics International Scientific E-Journal,2414-584X,,,,,526,2341,Agricultural and Resource Economics-International Scientific E-Journal,['ECONOMICS'],188,Economics and Econometrics,"Economics, Econometrics and Finance",0.5596153846153846,2,0,E
1004,4210221200,J for International Business and Entrepreneurship Development,1549-9324,,,,,526,2057,Journal for International Business and Entrepreneurship Development,['BUSINESS'],101,Management of Technology and Innovation,"Business, Management and Accounting",0.8611111111111112,0,2,B
1005,2735550652,Journal of the Association of Environmental and Resource Economists,2333-5955,Journal of the Association of Environmental and Resource Economists,Applied economics,Journal of the Association of Environmental and Resource,Economics,525,14475,Journal of the Association of Environmental and Resource Economists,['ECONOMICS'],170,Economics and Econometrics,"Economics, Econometrics and Finance",0.7422680412371134,4,0,E
1006,4210216222,Journal of Entrepreneurship in Emerging Economies,2053-4604,Journal of Entrepreneurship in Emerging Economies,Human resources and industrial relations,,,520,11113,Journal of Entrepreneurship in Emerging Economies,['BUSINESS'],355,Management of Technology and Innovation,"Business, Management and Accounting",1.0,0,2,B
1007,166595748,International Review of Economics,1863-4613,International Review of Economics,Applied economics,,,518,4969,,,62,Safety Research,Social Sciences,0.5862068965517241,1,0,
1008,98232940,International Review on Public and Nonprofit Marketing,1865-1984,International Review on Public and Non Profit Marketing,Marketing,,,517,7007,International Review on Public and Nonprofit Marketing,['BUSINESS'],117,Marketing,"Business, Management and Accounting",0.608786610878661,0,2,B
1009,118119388,Journal of Family Business Strategy,1877-8585,Journal of Family Business Strategy,Human resources and industrial relations,,,514,26757,Journal of Family Business Strategy,['BUSINESS' 'MANAGEMENT'],439,Organizational Behavior and Human Resource Management,"Business, Management and Accounting",0.9651695692025665,0,2,B
1010,109460507,International Journal of Service Industry Management,0956-4233,Journal of Service Management,Marketing,Journal of Service Management,"OR,MS,POM",512,70318,Journal of Service Management,['MANAGEMENT'],313,Organizational Behavior and Human Resource Management,"Business, Management and Accounting",1.0,0,2,B
1011,60036207,The Journal of Credit Risk,1744-6619,Journal of Credit Risk,"Accounting, auditing and accountability",,,511,3401,Journal of Credit Risk,"['BUSINESS, FINANCE']",321,Finance,"Economics, Econometrics and Finance",1.0,2,1,A
1012,127536956,Journal of International Accounting Research,1542-6297,Journal of International Accounting Research,"Accounting, auditing and accountability",Journal of International Accounting Research,F&A,511,8796,Journal of International Accounting Research,"['BUSINESS, FINANCE']",283,Accounting,"Business, Management and Accounting",1.0,1,2,A
1013,68817889,Social enterprise journal,1750-8533,,,,,510,13599,Social Enterprise Journal,['BUSINESS'],274,Management of Technology and Innovation,"Business, Management and Accounting",0.9007936507936508,0,2,B
1014,32948690,Qualitative Research in Financial Markets,1755-4179,Qualitative Research in Financial Markets,"Banking, finance and investment",,,510,8499,Qualitative Research in financial Markets,"['BUSINESS, FINANCE']",139,Accounting,"Business, Management and Accounting",1.0,2,2,A
1015,2764929533,South Asian Journal of Management,0971-5428,South Asian Journal of Management,Human resources and industrial relations,,,509,4664,,,50,Economics and Econometrics,"Economics, Econometrics and Finance",1.0,1,0,
1016,199699369,International Journal of Applied Management Science,1755-8913,International Journal of Applied Management Science,"Strategy, management and organisational behaviour",,,509,1674,International Journal of Applied Management Science,['MANAGEMENT'],56,Management Information Systems,"Business, Management and Accounting",0.6774193548387096,0,3,B
1017,4210220825,Journal of the Northeastern Agricultural Economics Council,0163-5484,Agricultural and Resource Economics Review,Applied economics,,,507,683,,,141,General Agricultural and Biological Sciences,Agricultural and Biological Sciences,0.4334470989761092,1,0,
1018,27614628,Academy of Management Annals,1941-6067,The Academy of Management Annals,"Strategy, management and organisational behaviour",Academy of Management Annals,Gen & Strat,506,115926,Academy of Management Annals,['BUSINESS' 'MANAGEMENT'],167,Organizational Behavior and Human Resource Management,"Business, Management and Accounting",0.9065817409766455,0,3,B
1019,4210182956,Journal of Marketing Analytics,2050-3318,Journal of Marketing Analytics,Marketing,,,504,7661,Journal of Marketing Analytics,['BUSINESS'],184,Sociology and Political Science,Social Sciences,0.7032258064516129,0,1,
1020,2764773172,International Journal of Engineering Business Management,1847-9790,,,,,504,11471,International Journal of Engineering Business Management,['BUSINESS'],59,Management Information Systems,"Business, Management and Accounting",0.8360655737704918,0,2,B
1021,2898363556,Econometrics and Statistics,2452-3062,,,,,504,3401,Econometrics and Statistics,['ECONOMICS'],168,Finance,"Economics, Econometrics and Finance",0.5668896321070234,2,0,E
1022,52871902,Accounting Business & Financial History,0958-5206,Accounting History Review,"Accounting, auditing and accountability",Accounting History Review,Bus Hist,502,7225,Accounting History Review,['BUSINESS'],193,Management Information Systems,"Business, Management and Accounting",0.9441340782122905,0,2,B
1023,2764850994,Journal of managerial issues,1045-3695,Journal of Managerial Issues,Human resources and industrial relations,,,502,20239,,,91,Organizational Behavior and Human Resource Management,"Business, Management and Accounting",0.8801261829652997,0,1,
1024,2737431740,Econometrics,2225-1146,Econometrics,Econometrics,,,502,5903,Econometrics,['ECONOMICS'],159,"General Economics, Econometrics and Finance","Economics, Econometrics and Finance",0.8447653429602888,3,0,E
1025,2764482395,Journal of business & entrepreneurship,1042-6337,Journal of Business and Entrepreneurship,"Strategy, management and organisational behaviour",,,501,2804,,,182,Management of Technology and Innovation,"Business, Management and Accounting",0.8792569659442725,0,2,B
1026,2764480295,Journal of Academy of Business and Economics,1542-8710,Journal of the Academy of Business and Economics,"COMMERCE, MANAGEMENT, TOURISM AND SERVICES",,,501,275,,,31,Accounting,"Business, Management and Accounting",1.0,0,2,B
1027,2764794650,Journal of International Logistics and Trade,1738-2122,Journal of International Logistics and Trade,"Transportation, logistics and supply chains",,,500,1870,,,140,"General Economics, Econometrics and Finance","Economics, Econometrics and Finance",0.5662100456621004,1,1,
1028,82530445,Romanian Journal of Economic Forecasting,1582-6163,,,,,500,2648,Romanian Journal of Economic Forecasting,['ECONOMICS'],117,"General Economics, Econometrics and Finance","Economics, Econometrics and Finance",1.0,2,0,E
1029,39811122,Financial Markets Institutions and Instruments,0963-8008,"Financial Markets, Institutions and Instruments","Banking, finance and investment","Financial Markets, Institutions and Instruments",F&A,500,9534,,,167,Finance,"Economics, Econometrics and Finance",1.0,2,0,E
1030,4210187585,Small Enterprise Research,1175-0979,Small Enterprise Research,Marketing,,,499,5485,Small Enterprise Research,['BUSINESS'],224,Management of Technology and Innovation,"Business, Management and Accounting",1.0,0,2,B
1031,87816754,International Journal of Business Continuity and Risk Management,1758-2164,International Journal of Business Continuity and Risk Management,Business systems in context,,,497,1154,,,77,Strategy and Management,"Business, Management and Accounting",0.8716814159292036,0,2,B
1032,4210168081,Journal of Leadership Studies,1071-7919,Journal of Leadership and Organizational Studies,Human resources and industrial relations,,,496,7602,Journal of Leadership & Organizational Studies,['MANAGEMENT'],67,Organizational Behavior and Human Resource Management,"Business, Management and Accounting",1.0,0,2,B
1033,2765008422,Global Strategy Journal,2042-5791,Global Strategy Journal,"COMMERCE, MANAGEMENT, TOURISM AND SERVICES",Global Strategy Journal,Gen & Strat,495,20996,Global Strategy Journal,['BUSINESS' 'MANAGEMENT'],260,Strategy and Management,"Business, Management and Accounting",1.0,0,3,B
1034,137360237,Contributions to Political Economy,0277-5921,Contributions to Political Economy,"Banking, finance and investment",,,493,5522,,,158,"General Economics, Econometrics and Finance","Economics, Econometrics and Finance",0.7210626185958254,2,0,E
1035,199127151,Qualitative Research in Organizations and Management An International Journal,1746-5648,Qualitative Research in Organizations and Management,Human resources and industrial relations,,,491,18650,Qualitative Research in Organizations and Management,['MANAGEMENT'],224,Organizational Behavior and Human Resource Management,"Business, Management and Accounting",0.631578947368421,0,2,B
1036,2764750966,Keio economic studies,0022-9709,Keio Economic Studies,Applied economics,,,491,1387,,,39,Economics and Econometrics,"Economics, Econometrics and Finance",1.0,2,0,E
1037,2764690196,Journal of Choice Modelling,1755-5345,,,,,489,11511,Journal of Choice Modelling,['ECONOMICS'],333,Economics and Econometrics,"Economics, Econometrics and Finance",0.5781865965834428,2,0,E
1038,103309803,International Journal of Quality and Service Sciences,1756-669X,International Journal of Quality and Service Sciences,"Strategy, management and organisational behaviour",,,488,12727,International Journal of Quality and Service Sciences,['MANAGEMENT'],220,Organizational Behavior and Human Resource Management,"Business, Management and Accounting",1.0,0,3,B
1039,76239586,Qualitative Research in Accounting & Management,1176-6093,Qualitative Research in Accounting and Management,"Accounting, auditing and accountability",Qualitative Research in Accounting and Management,F&A,488,13470,Qualitative Research in Accounting and Management,"['BUSINESS, FINANCE' 'MANAGEMENT']",298,Management Information Systems,"Business, Management and Accounting",0.8962536023054755,1,2,A
1040,116843975,Journal of Emerging Technologies in Accounting,1554-1908,Journal of Emerging Technologies in Accounting,"Accounting, auditing and accountability",,,487,9082,Journal of Emerging Technologies in Accounting,"['BUSINESS, FINANCE']",116,Accounting,"Business, Management and Accounting",0.8689458689458689,1,2,A
1041,4210227841,International Journal of Organizational Leadership,2345-6744,,,,,487,3985,International Journal of Organizational Leadership,['MANAGEMENT'],101,Organizational Behavior and Human Resource Management,"Business, Management and Accounting",0.7472118959107806,0,2,B
1042,2764399430,Journal of Responsible Innovation,2329-9037,,,,,485,10818,Journal of Responsible Innovation,['MANAGEMENT'],101,Global and Planetary Change,Environmental Science,0.5949008498583569,0,1,
1043,4210171712,Management,1429-9321,,,,,484,2647,Management-Poland,['MANAGEMENT'],122,Strategy and Management,"Business, Management and Accounting",1.0,0,2,B
1044,2764830693,Environmental Economics,1998-6041,Environmental Economics,Applied economics,,,483,2246,Environmental Economics,['ECONOMICS'],83,Economics and Econometrics,"Economics, Econometrics and Finance",0.6818181818181818,3,0,E
1045,196034224,MIT Sloan management review,1532-8937,MIT Sloan Management Review: MIT's journal of management research and ideas,Marketing,MIT Sloan Management Review,Gen & Strat,481,35727,MIT SLOAN MANAGEMENT REVIEW,['BUSINESS' 'MANAGEMENT'],50,Strategy and Management,"Business, Management and Accounting",0.8895027624309392,0,2,B
1046,4210202595,International Journal of Financial Engineering,2424-7863,,,,,480,1746,International Journal of Financial Engineering,"['BUSINESS, FINANCE']",162,Finance,"Economics, Econometrics and Finance",1.0,2,1,A
1047,140842003,Review of Environmental Economics and Policy,1750-6816,Review of Environmental Economics and Policy,"Banking, finance and investment",,,479,30915,Review of Environmental Economics and Policy,['ECONOMICS'],208,Economics and Econometrics,"Economics, Econometrics and Finance",0.7184466019417476,3,0,E
1048,38196630,Asia-Pacific Journal of Business Administration,1757-4323,Asia-Pacific Journal of Business Administration,Human resources and industrial relations,,,477,9297,Asia-Pacific Journal of Business Administration,['BUSINESS'],115,Organizational Behavior and Human Resource Management,"Business, Management and Accounting",0.835820895522388,0,2,B
1049,107261186,Journal of Historical Research in Marketing,1755-750X,Journal of Historical Research in Marketing,Marketing,,,477,3488,Journal of Historical Research in Marketing,['BUSINESS'],125,Marketing,"Business, Management and Accounting",0.8188405797101449,0,2,B
1050,4210195359,Economía,1529-7470,,,,,477,8678,Economia-Journal of the Latin American and Caribbean Economic Association,['ECONOMICS'],97,"General Economics, Econometrics and Finance","Economics, Econometrics and Finance",0.8545454545454545,2,0,E
1051,62270215,International Journal of Information Systems and Supply Chain Management,1935-5726,,,,,477,2881,International Journal of Information Systems and Supply Chain Management,['MANAGEMENT'],121,Management Information Systems,"Business, Management and Accounting",1.0,0,2,B
1052,112489639,International Journal of Computational Economics and Econometrics,1757-1170,International Journal of Computational Economics and Econometrics,Applied economics,,,477,1302,International Journal of Computational Economics and Econometrics,['ECONOMICS'],69,"General Economics, Econometrics and Finance","Economics, Econometrics and Finance",1.0,3,0,E
1053,4210214382,Erasmus Journal for Philosophy and Economics,1876-9098,Erasmus Journal for Philosophy and Economics,Economic theory,,,476,1559,,,198,Economics and Econometrics,"Economics, Econometrics and Finance",0.6795865633074936,2,0,E
1054,2764594977,European Journal of Management,1555-4015,European Journal of Management,"Strategy, management and organisational behaviour",,,474,639,,,32,"Management, Monitoring, Policy and Law",Environmental Science,0.7419354838709677,0,1,
1055,2764889080,Evolutionary and Institutional Economics Review,1349-4961,,,,,474,3149,Evolutionary and Institutional Economics Review,['ECONOMICS'],106,Economics and Econometrics,"Economics, Econometrics and Finance",0.8508158508158508,2,0,E
1056,2737238315,East Asian Economic Review,2508-1640,,,,,472,1394,East Asian Economic Review,['ECONOMICS'],147,"General Economics, Econometrics and Finance","Economics, Econometrics and Finance",1.0,2,0,E
1057,2764580720,Journal of Global Scholars of Marketing Science,2163-9159,Journal of Global Scholars of Marketing Science: Bridging Asia and the World,Marketing,,,469,5848,Journal of Global Scholars of Marketing Science,['BUSINESS'],194,Marketing,"Business, Management and Accounting",0.6459731543624161,0,2,B
1058,4210237825,International Journal of Ethics and Systems,2514-9369,,,,,468,5826,International Journal of Ethics and Systems,['ECONOMICS'],130,Accounting,"Business, Management and Accounting",0.7766749379652605,1,1,
1059,196715598,Annual Review of Economics,1941-1383,Annual Review of Economics,Applied economics,Annual Review of Economics,Economics,467,50513,Annual Review of Economics,['ECONOMICS'],59,Economics and Econometrics,"Economics, Econometrics and Finance",0.834061135371179,4,0,E
1060,53993439,American Law and Economics Review,1465-7252,,,,,467,11934,American Law and Economics Review,['ECONOMICS'],223,Economics and Econometrics,"Economics, Econometrics and Finance",0.8025751072961373,2,0,E
1061,4210226436,Operations and Supply Chain Management An International Journal,2579-9363,,,,,466,4481,Operations and Supply Chain Management-An International Journal,['MANAGEMENT'],124,Management Information Systems,"Business, Management and Accounting",1.0,0,2,B
1062,175138789,Journal of International Entrepreneurship,1570-7385,Journal of International Entrepreneurship,"Strategy, management and organisational behaviour",,,465,22079,Journal of International Entrepreneurship,['BUSINESS'],298,Strategy and Management,"Business, Management and Accounting",1.0,0,3,B
1063,4210189013,Management Review Quarterly,2198-1620,Management Review Quarterly,"Strategy, management and organisational behaviour",,,464,12677,Management Review Quarterly,"['BUSINESS' 'BUSINESS, FINANCE' 'MANAGEMENT']",55,Strategy and Management,"Business, Management and Accounting",1.0,1,3,A
1064,146534985,Journal of Economic Interaction and Coordination,1860-711X,Journal of Economic Interaction and Coordination,"Banking, finance and investment",,,464,5268,Journal of Economic Interaction and Coordination,['ECONOMICS'],198,Economics and Econometrics,"Economics, Econometrics and Finance",0.8909090909090909,3,0,E
1065,74096415,Journal of Economic Policy Reform,1748-7870,,,,,463,8171,Journal of Economic Policy Reform,['ECONOMICS'],105,Economics and Econometrics,"Economics, Econometrics and Finance",1.0,2,0,E
1066,146522396,Annals of Finance,1614-2446,Annals of Finance,"Banking, finance and investment",,,463,6438,Annals of Finance,"['BUSINESS, FINANCE']",156,Finance,"Economics, Econometrics and Finance",1.0,3,1,A
1067,4210175454,Management Research The Journal of the Iberoamerican Academy of Management,1536-5433,Management Research: the journal of the Iberoamerican Academy of Management,Human resources and industrial relations,,,462,4268,Management Research-The Journal of the Iberoamerican Academy of Management,['MANAGEMENT'],95,Strategy and Management,"Business, Management and Accounting",1.0,0,2,B
1068,183802457,The Journal of Operational Risk,1744-6740,Journal of Operational Risk,"Banking, finance and investment",,,460,2683,Journal of Operational Risk,"['BUSINESS, FINANCE']",159,Economics and Econometrics,"Economics, Econometrics and Finance",1.0,3,1,A
1069,6772833,Review of Network Economics,1446-9022,The Review of Network Economics,Applied economics,,,459,9682,Review of Network Economics,['ECONOMICS'],203,Strategy and Management,"Business, Management and Accounting",0.698051948051948,2,1,A
1070,2764472888,Central European Business Review,1805-4854,Central European Business Review,Marketing,,,457,3681,Central European Business Review,['BUSINESS'],46,Marketing,"Business, Management and Accounting",0.7758620689655172,0,2,B
1071,126021079,International Journal of Sport Finance,1558-6235,International Journal of Sport Finance,"Banking, finance and investment",,,457,5832,,,299,Economics and Econometrics,"Economics, Econometrics and Finance",0.47126436781609193,2,0,E
1072,2765042083,Latin american journal of economics,0719-0425,Latin American Journal of Economics,Applied economics,,,454,2397,,,162,"General Economics, Econometrics and Finance","Economics, Econometrics and Finance",0.919889502762431,2,0,E
1073,18469005,Latin American Business Review,1097-8526,Latin American Business Review,"Strategy, management and organisational behaviour",,,452,3433,Latin American Business Review,['ECONOMICS' 'BUSINESS' 'MANAGEMENT'],72,Strategy and Management,"Business, Management and Accounting",1.0,1,3,A
1074,4210208553,OPEC Energy Review,1753-0229,OPEC Energy Review: energy economics and related issues,Applied economics,,,452,4259,OPEC Energy Review,['ECONOMICS'],186,Economics and Econometrics,"Economics, Econometrics and Finance",0.6309523809523809,3,0,E
1075,87209429,Journal of Benefit-Cost Analysis,2152-2812,Journal of Benefit-Cost Analysis,Applied economics,,,452,5764,Journal of Benefit-Cost Analysis,['ECONOMICS'],132,Economics and Econometrics,"Economics, Econometrics and Finance",0.8734939759036144,3,0,E
1076,194824457,The Geneva Risk and Insurance Review,1554-964X,The Geneva Risk and Insurance Review,"Banking, finance and investment",Geneva Risk and Insurance Review,F&A,450,6340,Geneva Risk and Insurance Review,"['ECONOMICS' 'BUSINESS, FINANCE']",176,Economics and Econometrics,"Economics, Econometrics and Finance",0.6594360086767896,3,1,A
1077,24290265,Health Services and Outcomes Research Methodology,1387-3741,"Health Services and Outcomes Research Methodology: an international journal devoted to quantitative methods for the study of the utilization, quality, cost and outcomes of health care","COMMERCE, MANAGEMENT, TOURISM AND SERVICES",,,450,11455,,,142,Economics and Econometrics,"Economics, Econometrics and Finance",0.5605749486652978,1,1,
1078,4210186315,DECISION,0304-0941,,,,,445,3433,Decision,['MANAGEMENT'],28,Accounting,"Business, Management and Accounting",1.0,0,2,B
1079,2764403712,International Journal of Business Research,1555-1296,International Journal of Business Research,Human resources and industrial relations,,,445,707,,,25,Organizational Behavior and Human Resource Management,"Business, Management and Accounting",0.6262626262626263,0,1,
1080,4210195788,Delhi Business Review,0972-222X,Delhi Business Review,Human resources and industrial relations,,,444,1720,,,20,Economics and Econometrics,"Economics, Econometrics and Finance",0.6506024096385542,1,0,
1081,4210240632,De Computis - Revista Española de Historia de la Contabilidad,1886-1881,,,,,444,748,De Computis-Revista Espanola de Historia de la Contabilidad,"['BUSINESS, FINANCE']",98,Accounting,"Business, Management and Accounting",0.6750902527075813,1,2,A
1082,2736497804,Revista Brasileira de Inovação,1677-2504,,,,,444,2683,Revista Brasileira de Inovacao,['BUSINESS'],115,Strategy and Management,"Business, Management and Accounting",0.8147268408551069,0,2,B
1083,21260181,IMF Economic Review,2041-4161,IMF Economic Review,"Banking, finance and investment",IMF Economic Review,Economics,443,22387,IMF Economic Review,"['ECONOMICS' 'BUSINESS, FINANCE']",234,Finance,"Economics, Econometrics and Finance",1.0,4,1,A
1084,124851215,Journal of Social Entrepreneurship,1942-0676,Journal of Social Entrepreneurship,"Strategy, management and organisational behaviour",,,442,12700,Journal of Social Entrepreneurship,['BUSINESS'],302,Management of Technology and Innovation,"Business, Management and Accounting",0.9339152119700748,0,3,B
1085,2765045378,Pacific Rim Property Research Journal,1444-5921,,,,,442,3899,Pacific Rim Property Research Journal,['BUSINESS'],299,Economics and Econometrics,"Economics, Econometrics and Finance",0.9127659574468086,1,1,
1086,142725411,Journal of Contemporary Accounting & Economics,1815-5669,Journal of Contemporary Accounting and Economics,"Accounting, auditing and accountability",Journal of Contemporary Accounting and Economics,F&A,442,11581,Journal of Contemporary Accounting & Economics,"['ECONOMICS' 'BUSINESS, FINANCE']",295,Accounting,"Business, Management and Accounting",1.0,1,2,A
1087,4210224898,Journal of Service Theory and Practice,2055-6225,Journal of Service Theory and Practice,"COMMERCE, MANAGEMENT, TOURISM AND SERVICES",Journal of Service Theory and Practice,Marketing,442,12184,Journal of Service Theory and Practice,['BUSINESS' 'MANAGEMENT'],234,Organizational Behavior and Human Resource Management,"Business, Management and Accounting",0.8356589147286821,0,3,B
1088,149838422,International Journal of Value Chain Management,1741-5357,International Journal of Value Chain Management,Business systems in context,,,441,2006,International Journal of Value Chain Management,['MANAGEMENT'],98,Management Information Systems,"Business, Management and Accounting",1.0,0,3,B
1089,57658676,Journal of Financial Management of Property and Construction,1366-4387,,,,,441,6960,Journal of Financial Management of Property and Construction,"['BUSINESS, FINANCE']",191,Management Science and Operations Research,Decision Sciences,0.4405010438413361,1,1,
1090,41393910,Behavioral Research in Accounting,1050-4753,Behavioral Research in Accounting,"Accounting, auditing and accountability",Behavioral Research in Accounting,F&A,440,13709,Behavioral Research in Accounting,"['BUSINESS, FINANCE']",198,Accounting,"Business, Management and Accounting",0.6905737704918032,1,2,A
1091,156716048,Economics of Governance,1435-6104,Economics of Governance,"Banking, finance and investment",,,439,11025,Economics of Governance,['ECONOMICS'],115,Economics and Econometrics,"Economics, Econometrics and Finance",0.47645429362880887,3,0,E
1092,2764906524,Review of Economics and Finance,1923-7529,Review of Economics and Finance,"Banking, finance and investment",,,439,1396,,,39,Accounting,"Business, Management and Accounting",1.0,1,1,
1093,46803900,Macroeconomics and Finance in Emerging Market Economies,1752-0843,,,,,439,2645,Macroeconomics and Finance in Emerging Market Economies,['ECONOMICS'],201,"General Economics, Econometrics and Finance","Economics, Econometrics and Finance",1.0,2,0,E
1094,2764591875,Zhongnan Cai-jing Daxue xuebao,1003-5230,Zhongnan Caijing Daxue Xuebao,Economic theory,,,437,136,,,46,Economics and Econometrics,"Economics, Econometrics and Finance",0.6836158192090396,2,0,E
1095,2737328910,REVESCO Revista de Estudios Cooperativos,1135-6618,,,,,437,2677,REVESCO-Revista de Estudios Cooperativos,['ECONOMICS'],182,Strategy and Management,"Business, Management and Accounting",0.7376237623762376,1,1,
1096,4210210210,Economic and business review,1580-0466,Economic and Business Review,Applied economics,,,437,2605,,,26,Management of Technology and Innovation,"Business, Management and Accounting",1.0,1,1,
1097,168387291,Asian Journal of Management Cases,0972-8201,,,,,436,486,Asian Journal of Management Cases,['MANAGEMENT'],51,Economics and Econometrics,"Economics, Econometrics and Finance",1.0,1,1,
1098,4210207936,Schmalenbach Business Review,1439-2917,Schmalenbach Business Review,"Strategy, management and organisational behaviour",Schmalenbach Business Review,Gen & Strat,434,6130,,,96,Accounting,"Business, Management and Accounting",0.8527131782945736,0,2,B
1099,2765006878,The Journal of Hospitality Financial Management,1091-3211,The Journal of Hospitality Financial Management,Commercial services,,,432,1735,,,92,Accounting,"Business, Management and Accounting",1.0,0,2,B
1100,4210207324,Journal of Database Marketing & Customer Strategy Management,1741-2439,Journal of Database Marketing and Customer Strategy Management,Marketing,,,429,7800,,,145,Organizational Behavior and Human Resource Management,"Business, Management and Accounting",0.8383561643835616,0,1,
1101,2765057965,Gadjah Mada International Journal of Business,1411-1128,,,,,429,4841,Gadjah Mada international journal of business,['BUSINESS'],56,Accounting,"Business, Management and Accounting",0.8502415458937198,0,2,B
1102,2764509274,China Finance Review International,2044-1398,China Finance Review International,"Accounting, auditing and accountability",,,429,6481,China Finance Review International,"['BUSINESS, FINANCE']",141,Finance,"Economics, Econometrics and Finance",1.0,2,1,A
1103,155832970,International Journal of Advanced Operations Management,1758-938X,International Journal of Advanced Operations Management,"Strategy, management and organisational behaviour",,,428,1909,,,93,Management Information Systems,"Business, Management and Accounting",0.5993485342019544,0,2,B
1104,2765036361,The Journal of Risk Model Validation,1753-9579,Journal of Risk Model Validation,"Banking, finance and investment",,,428,1444,Journal of Risk Model Validation,"['BUSINESS, FINANCE']",175,Finance,"Economics, Econometrics and Finance",1.0,3,1,A
1105,76844451,Annual Review of Resource Economics,1941-1340,Annual Review of Resource Economics,Applied economics,,,427,22481,Annual Review of Resource Economics,['ECONOMICS'],100,Economics and Econometrics,"Economics, Econometrics and Finance",0.7467948717948718,3,0,E
1106,2764774255,Asian Journal of Finance & Accounting,1946-052X,Asian Journal of Finance and Accounting,"Accounting, auditing and accountability",,,426,4089,,,108,Accounting,"Business, Management and Accounting",1.0,0,1,
1107,4394735491,"Intelligent systems in accounting, finance and management/Intelligent systems in accounting, finance & management",1550-1949,,,,,426,6983,Intelligent Systems in Accounting Finance & Management,"['BUSINESS, FINANCE']",96,Management Science and Operations Research,Decision Sciences,0.498220640569395,1,1,
1108,2764824119,Real Estate Management and Valuation,2300-5289,,,,,426,2301,Real Estate Management and Valuation,"['BUSINESS, FINANCE' 'MANAGEMENT']",240,Economics and Econometrics,"Economics, Econometrics and Finance",0.6936936936936937,2,1,A
1109,2764767644,The Journal of Retirement,2326-6899,The Journal of Retirement,"Banking, finance and investment",,,426,1116,,,265,Accounting,"Business, Management and Accounting",0.49487554904831627,1,1,
1110,135812718,Asian Case Research Journal,0218-9275,Asian Case Research Journal,"COMMERCE, MANAGEMENT, TOURISM AND SERVICES",,,425,381,Asian Case Research Journal,['BUSINESS'],52,Economics and Econometrics,"Economics, Econometrics and Finance",1.0,1,2,A
1111,26772273,Climate Change Economics,2010-0078,Climate Change Economics,Applied economics,,,425,7429,Climate Change Economics,['ECONOMICS'],222,Economics and Econometrics,"Economics, Econometrics and Finance",0.63671875,3,0,E
1112,4210192138,Nankai Business Review International,2040-8749,,,,,425,5637,Nankai Business Review International,['MANAGEMENT'],112,Accounting,"Business, Management and Accounting",0.8339100346020761,0,2,B
1113,2798767114,Corporate Board role duties and composition,1810-8601,"Corporate Board: role, duties and composition","Accounting, auditing and accountability",,,425,2172,,,248,Accounting,"Business, Management and Accounting",1.0,0,1,
1114,4210193298,EMC Review - Časopis za ekonomiju - APEIRON,2232-8823,,,,,424,344,Casopis za Ekonomiju i Trzisne Komunikacije,['BUSINESS'],159,Economics and Econometrics,"Economics, Econometrics and Finance",0.8783269961977186,1,1,
1115,207627288,International Journal of Integrated Supply Management,1477-5360,International Journal of Integrated Supply Management,"Strategy, management and organisational behaviour",,,423,3619,,,159,Management Information Systems,"Business, Management and Accounting",1.0,0,2,B
1116,2764465404,Entrepreneurship Research Journal,2157-5665,Entrepreneurship Research Journal,"Strategy, management and organisational behaviour",,,423,7219,Entrepreneurship Research Journal,['BUSINESS'],304,Management of Technology and Innovation,"Business, Management and Accounting",1.0,0,3,B
1117,111767569,History of economic ideas,1122-8792,History of Economic Ideas,Applied economics,,,422,956,,,211,Economics and Econometrics,"Economics, Econometrics and Finance",0.7858672376873662,2,0,E
1118,153921829,der markt,0025-3863,Der Markt: international journal of marketing,Marketing,,,422,1806,,,171,Strategy and Management,"Business, Management and Accounting",1.0,0,1,
1119,4210191457,Innovation and Development,2157-930X,,,,,421,5904,Innovation and Development,['ECONOMICS'],161,Business and International Management,"Business, Management and Accounting",1.0,1,1,
1120,2764865913,Economics and Business Letters,2254-4380,,,,,421,2266,Economics and Business Letters,['ECONOMICS'],50,"General Economics, Econometrics and Finance","Economics, Econometrics and Finance",1.0,2,0,E
1121,21663492,International Journal of Business Performance and Supply Chain Modelling,1758-9401,International Journal of Business Performance and Supply Chain Modelling,"Strategy, management and organisational behaviour",,,416,2087,,,126,Management Information Systems,"Business, Management and Accounting",1.0,0,2,B
1122,34975756,Journal of Global Responsibility,2041-2568,Journal of Global Responsibility,Human resources and industrial relations,,,415,7865,Journal of Global Responsibility,['MANAGEMENT'],170,Strategy and Management,"Business, Management and Accounting",0.8449438202247191,0,2,B
1123,2764665428,Journal of Entrepreneurship Management and Innovation,2299-7075,"Journal of Entrepreneurship, Management and Innovation",Human resources and industrial relations,,,414,3798,Journal of Entrepreneurship Management and Innovation,['BUSINESS'],93,Management of Technology and Innovation,"Business, Management and Accounting",1.0,0,2,B
1124,35075559,Review of Behavioral Finance,1940-5979,Review of Behavioral Finance,"Banking, finance and investment",,,413,5062,Review of Behavioral Finance,"['BUSINESS, FINANCE']",258,Finance,"Economics, Econometrics and Finance",1.0,3,1,A
1125,2738123342,Economic Journal of Emerging Markets,2086-3128,,,,,412,1477,Economic Journal of Emerging Markets,['ECONOMICS'],135,Economics and Econometrics,"Economics, Econometrics and Finance",0.8662420382165605,2,0,E
1126,181171746,Journal of Economic Growth,1381-4338,Journal of Economic Growth,"Banking, finance and investment",Journal of Economic Growth,Economics,411,70902,JOURNAL OF ECONOMIC GROWTH,['ECONOMICS'],207,Economics and Econometrics,"Economics, Econometrics and Finance",0.7272727272727273,4,0,E
1127,4210237676,Ekonomi Politika ve Finans Arastirmalari Dergisi,2587-151X,,,,,410,1076,Ekonomi Politika & Finans Arastirmalari Dergisi,"['ECONOMICS' 'BUSINESS, FINANCE']",77,Economics and Econometrics,"Economics, Econometrics and Finance",1.0,2,1,A
1128,4210188777,Recherche et Applications en Marketing (English Edition),2051-5707,Recherche et Applications en Marketing,Marketing,,,410,4917,Recherche et Applications en Marketing-English Edition,['BUSINESS'],202,Marketing,"Business, Management and Accounting",0.8257918552036199,0,2,B
1129,167126396,Journal of Relationship Marketing,1533-2667,Journal of Relationship Marketing,Marketing,Journal of Relationship Marketing,Marketing,409,9796,,,305,Organizational Behavior and Human Resource Management,"Business, Management and Accounting",0.6899736147757256,0,1,
1130,4394736890,International Real Estate Review,2154-8919,International Real Estate Review,"Banking, finance and investment",,,409,1895,International Real Estate Review,['ECONOMICS'],349,Economics and Econometrics,"Economics, Econometrics and Finance",1.0,3,0,E
1131,2764400943,Journal of Global Fashion Marketing,2093-2685,Journal of Global Fashion Marketing,Marketing,,,408,9693,Journal of Global Fashion Marketing,['BUSINESS'],284,Marketing,"Business, Management and Accounting",0.6976090014064698,0,2,B
1132,168697966,Management & Organizational History,1744-9359,,,,,408,5189,Management & Organizational History,['MANAGEMENT'],164,Organizational Behavior and Human Resource Management,"Business, Management and Accounting",1.0,0,2,B
1133,4210169731,Journal of Accounting in Emerging Economies,2042-1168,Journal of Accounting in Emerging Economies,"Accounting, auditing and accountability",,,407,9309,Journal of Accounting in Emerging Economies,"['BUSINESS, FINANCE']",235,Accounting,"Business, Management and Accounting",1.0,1,2,A
1134,2764716688,Journal of International Finance and Economics,1555-6336,Journal of International Finance and Economics,"Banking, finance and investment",,,406,236,,,52,Accounting,"Business, Management and Accounting",1.0,1,1,
1135,2765073796,International journal of ecological economics and statistics,0973-1385,International Journal of Ecological Economics and Statistics,Applied economics,,,406,1340,International Journal of Ecological Economics & Statistics,['ECONOMICS'],55,"Public Health, Environmental and Occupational Health",Medicine,0.42528735632183906,2,0,E
1136,4210186947,Finance Contrôle Stratégie,1287-1141,Finance Controle Strategie,"Banking, finance and investment",,,405,813,,,80,Accounting,"Business, Management and Accounting",0.7814814814814814,1,1,
1137,4210218165,Asia-Pacific Management Accounting Journal,1675-3194,Asia-Pacific Management Accounting Journal,"Accounting, auditing and accountability",,,404,1252,Asia-Pacific Management Accounting Journal,"['BUSINESS, FINANCE']",81,Accounting,"Business, Management and Accounting",1.0,1,2,A
1138,4210181022,World Journal of Entrepreneurship Management and Sustainable Development,2042-5961,,,,,402,6768,World Journal of Entrepreneurship Management and Sustainable Development,['MANAGEMENT'],98,Management of Technology and Innovation,"Business, Management and Accounting",0.9115384615384615,0,2,B
1139,4210238641,Economics of Planning,0013-0451,"Economic Change and Restructuring: an international journal devoted to the study of comparative economics, planning and development","Banking, finance and investment",Economic Change and Restructuring,Economics,402,3771,Economic Change and Restructuring,['ECONOMICS'],47,Economics and Econometrics,"Economics, Econometrics and Finance",0.8232558139534883,4,0,E
1140,2764671874,Journal of Transport and Supply Chain Management,1995-5235,,,,,402,3498,Journal of Transport and Supply Chain Management,['MANAGEMENT'],123,Management Information Systems,"Business, Management and Accounting",0.6675603217158177,0,2,B
1141,4210175221,Asia-Pacific Journal of Regional Science,2509-7946,,,,,401,2726,Asia-Pacific Journal of Regional Science,['ECONOMICS'],60,Economics and Econometrics,"Economics, Econometrics and Finance",1.0,2,0,E
1142,80375752,Current Issues in Auditing,1936-1270,Current Issues in Auditing,"Accounting, auditing and accountability",,,401,3930,Current Issues in Auditing,"['BUSINESS, FINANCE']",236,Accounting,"Business, Management and Accounting",1.0,1,2,A
1143,196354030,International Journal of Technology Management and Sustainable Development,1474-2748,International Journal of Technology Management and Sustainable Development,"Strategy, management and organisational behaviour",,,399,3800,,,61,Business and International Management,"Business, Management and Accounting",1.0,0,2,B
1144,124412575,Mathematics and Financial Economics,1862-9660,Mathematics and Financial Economics,"Banking, finance and investment",,,398,5787,Mathematics and Financial Economics,"['ECONOMICS' 'BUSINESS, FINANCE']",230,Finance,"Economics, Econometrics and Finance",0.8488888888888889,3,1,A
1145,58276920,Journal of European real estate research,1753-9269,Journal of European Real Estate Research,"Banking, finance and investment",,,398,3481,Journal of European Real Estate Research,"['BUSINESS, FINANCE']",267,Economics and Econometrics,"Economics, Econometrics and Finance",0.905982905982906,3,1,A
1146,34937439,International Journal of Globalisation and Small Business,1479-3059,International Journal of Globalisation and Small Business,Business systems in context,,,396,2533,,,79,Strategy and Management,"Business, Management and Accounting",1.0,0,2,B
1147,4210179427,Academia Revista Latinoamericana de Administración,1012-8255,,,,,396,4160,Academia-Revista Latinoamericana de Administracion,['BUSINESS' 'MANAGEMENT'],76,Accounting,"Business, Management and Accounting",1.0,0,2,B
1148,4210173805,Evidence-based HRM a Global Forum for Empirical Scholarship,2049-3983,Evidence-Based HRM: a global forum for empirical scholarship,Human resources and industrial relations,,,395,4023,Evidence-based HRM-A Global Forum for Empirical Scholarship,['MANAGEMENT'],257,Organizational Behavior and Human Resource Management,"Business, Management and Accounting",0.5775280898876405,0,2,B
1149,110231434,International Journal of Business Process Integration and Management,1741-8763,International Journal of Business Process Integration and Management,Business systems in context,,,395,2612,,,164,Management Information Systems,"Business, Management and Accounting",0.466824644549763,0,2,B
1150,4210229067,Business and Human Rights Journal,2057-0198,,,,,393,3531,Business and Human Rights Journal,['BUSINESS'],183,Organizational Behavior and Human Resource Management,"Business, Management and Accounting",0.7055702917771883,0,2,B
1151,4162551,International Journal of Gender and Entrepreneurship,1756-6266,,,,,392,13240,International Journal of Gender and Entrepreneurship,['BUSINESS'],288,Management of Technology and Innovation,"Business, Management and Accounting",0.7401360544217687,0,2,B
1152,146248155,International Journal of Six Sigma and Competitive Advantage,1479-2494,International Journal of Six Sigma and Competitive Advantage,"Strategy, management and organisational behaviour",,,391,4075,,,242,Management Information Systems,"Business, Management and Accounting",0.8333333333333334,0,2,B
1153,4210206587,JIMS8M The Journal of Indian Management & Strategy,0973-9335,,,,,389,305,JIMS8M-The Journal of Indian Management & Strategy,['MANAGEMENT'],21,Accounting,"Business, Management and Accounting",1.0,0,2,B
1154,4210188240,Journal of Organizational Effectiveness People and Performance,2051-6614,Journal of Organizational Effectiveness: People and Performance,Human resources and industrial relations,,,388,7947,Journal of Organizational Effectiveness-People and Performance,['MANAGEMENT'],197,Organizational Behavior and Human Resource Management,"Business, Management and Accounting",0.801829268292683,0,2,B
1155,2764696161,Southern African Business Review,1998-8125,Southern African Business Review,Human resources and industrial relations,,,386,3141,,,42,Organizational Behavior and Human Resource Management,"Business, Management and Accounting",0.8132530120481928,0,1,
1156,4210186146,Economía Agraria y Recursos Naturales,1578-0732,,,,,384,2073,Economia Agraria y Recursos Naturales,['ECONOMICS'],72,Economics and Econometrics,"Economics, Econometrics and Finance",0.6459143968871596,2,0,E
1157,4210179748,Audit Financiar,1583-5812,Financial Audit,"Accounting, auditing and accountability",,,383,881,,,88,Accounting,"Business, Management and Accounting",1.0,0,1,
1158,4210213948,Journal of Management and Strategy,1923-3965,Journal of Management and Strategy,Human resources and industrial relations,,,383,2971,,,39,Strategy and Management,"Business, Management and Accounting",0.8294573643410853,0,1,
1159,2765013513,The Accountant,1680-7537,Acta Commercii,Human resources and industrial relations,,,382,84,,,36,Law,Social Sciences,0.7251908396946565,0,0,
1160,2764806082,China Journal of Accounting Research,1755-3091,China Journal of Accounting Research,"Accounting, auditing and accountability",,,382,8201,China Journal of Accounting Research,"['BUSINESS, FINANCE']",254,Accounting,"Business, Management and Accounting",1.0,1,2,A
1161,4210212964,World,2673-4060,,,,,382,2421,World,['ECONOMICS'],22,"Management, Monitoring, Policy and Law",Environmental Science,0.7349397590361446,1,0,
1162,204649255,China Economic Journal,1753-8963,China Economic Journal,Applied economics,,,381,6038,China Economic Journal,['ECONOMICS'],69,"General Economics, Econometrics and Finance","Economics, Econometrics and Finance",0.8582995951417004,3,0,E
1163,2764982749,SMART Journal of Business Management Studies,0973-1598,,,,,381,501,SMART-Journal of Business Management Studies,['MANAGEMENT'],25,Accounting,"Business, Management and Accounting",1.0,0,2,B
1164,71564990,Frontiers of Business Research in China,1673-7326,,,,,380,4824,Frontiers of Business Research in China,['BUSINESS'],92,Accounting,"Business, Management and Accounting",1.0,0,2,B
1165,4210227229,The Antidote,1363-8483,Strategy & Leadership,Human resources and industrial relations,,,380,770,,,43,Strategy and Management,"Business, Management and Accounting",1.0,0,1,
1166,2764883772,Serbian Journal of Management,1452-4864,,,,,379,4199,Serbian Journal of Management,['MANAGEMENT'],25,Management Information Systems,"Business, Management and Accounting",0.8378378378378378,0,2,B
1167,4210183127,Cuadernos de Economía,0121-4772,Cuadernos de Economia,Applied economics,,,378,1241,Cuadernos de Economia,['ECONOMICS'],116,"General Economics, Econometrics and Finance","Economics, Econometrics and Finance",0.8979591836734694,3,0,E
1168,4210183232,Journal of global entrepreneurship research,2228-7566,,,,,377,9655,Journal of Global Entrepreneurship Research,['BUSINESS'],243,Management of Technology and Innovation,"Business, Management and Accounting",1.0,0,2,B
1169,4210202650,Academy of Management Discoveries,2168-1007,Academy of Management Discoveries,"Strategy, management and organisational behaviour",Academy of Management Discoveries,Gen & Strat,377,9563,Academy of Management Discoveries,['MANAGEMENT'],68,Organizational Behavior and Human Resource Management,"Business, Management and Accounting",1.0,0,3,B
1170,2736629167,Journal of Economic Structures,2193-2409,Journal of Economic Structures,Applied economics,,,372,7261,,,80,Environmental Engineering,Environmental Science,0.7507788161993769,1,0,
1171,138712653,Homo Oeconomicus,0943-0180,Homo Oeconomicus,Applied economics,,,372,1021,Homo Oeconomicus-Journal of Behavioral and Institutional Economics,['ECONOMICS'],47,Economics and Econometrics,"Economics, Econometrics and Finance",0.5028901734104047,3,0,E
1172,2764583656,Journal of Social Marketing,2042-6763,Journal of Social Marketing,Marketing,,,371,7930,Journal of Social Marketing,['BUSINESS'],85,Marketing,"Business, Management and Accounting",0.5915492957746479,0,2,B
1173,2764984103,Business Management and Strategy,2157-6068,Business Management and Strategy,Human resources and industrial relations,,,370,2262,,,43,Accounting,"Business, Management and Accounting",0.6099290780141844,0,1,
1174,2912066455,Journal of Financial Counseling and Planning,1052-3073,Financial Counseling and Planning,"Banking, finance and investment",,,369,5914,Journal of Financial Counseling and Planning,['ECONOMICS' 'BUSINESS'],252,Accounting,"Business, Management and Accounting",0.7769230769230769,2,2,A
1175,2764413711,Journal of International Business and Economics,1544-8037,Journal of International Business and Economics,"Strategy, management and organisational behaviour",,,369,254,,,29,Strategy and Management,"Business, Management and Accounting",1.0,0,2,B
1176,4210222223,Journal of Global Academy of Marketing Science,1229-7119,Journal of Global Scholars of Marketing Science: Bridging Asia and the World,Marketing,,,369,1709,Journal of Global Scholars of Marketing Science,['BUSINESS'],134,Organizational Behavior and Human Resource Management,"Business, Management and Accounting",0.6634615384615384,0,2,B
1177,4210226106,Cuadernos de Gestión,1131-6837,,,,,369,2599,Cuadernos de Gestion,['BUSINESS' 'MANAGEMENT'],40,Sociology and Political Science,Social Sciences,0.7674418604651163,0,1,
1178,2764875035,Journal of Entrepreneurship and Public Policy,2045-2101,,,,,368,4837,Journal of Entrepreneurship and Public Policy,['ECONOMICS'],163,Management of Technology and Innovation,"Business, Management and Accounting",1.0,1,1,
1179,4210169096,Accounting Economics and Law - A Convivium,2152-2820,,,,,367,2822,Accounting Economics and Law-A Convivium,"['BUSINESS, FINANCE']",57,Accounting,"Business, Management and Accounting",1.0,1,2,A
1180,9940815,International Journal of Services Operations and Informatics,1741-539X,International Journal of Services Operations and Informatics,"Transportation, logistics and supply chains",,,366,1425,,,54,Management Information Systems,"Business, Management and Accounting",0.4716981132075472,0,2,B
1181,62850545,Research in Accounting Regulation,1052-0457,Research in Accounting Regulation,"Accounting, auditing and accountability",Research in Accounting Regulation,F&A,365,5050,,,241,Accounting,"Business, Management and Accounting",1.0,0,1,
1182,2739380121,Scientific Annals of Economics and Business,2501-1960,,,,,363,2022,Scientific Annals of Economics and Business,['ECONOMICS'],46,Economics and Econometrics,"Economics, Econometrics and Finance",1.0,2,0,E
1183,2737685543,Revista Finanzas y Política Económica,2011-7663,,,,,361,962,Revista Finanzas y Politica Economica,['ECONOMICS'],59,Accounting,"Business, Management and Accounting",0.8774703557312253,1,1,
1184,136286870,Journal of Indian Business Research,1755-4195,Journal of Indian Business Research,Human resources and industrial relations,,,361,7387,Journal of Indian Business Research,['BUSINESS'],61,Marketing,"Business, Management and Accounting",0.8015564202334631,0,2,B
1185,2898531903,Journal of commodity markets,2405-8505,Journal of Commodity Markets,"Banking, finance and investment",Journal of Commodity Markets,F&A,360,5402,Journal of Commodity Markets,"['ECONOMICS' 'BUSINESS, FINANCE']",270,Economics and Econometrics,"Economics, Econometrics and Finance",0.9046762589928058,3,1,A
1186,31040931,International Journal of Electronic Customer Relationship Management,1750-0664,International Journal of Electronic Customer Relationship Management,Business systems in context,,,359,2229,,,150,Organizational Behavior and Human Resource Management,"Business, Management and Accounting",0.4926315789473684,0,2,B
1187,2738441059,ETIKONOMI,1412-8969,,,,,358,2353,Etikonomi,['ECONOMICS'],105,Accounting,"Business, Management and Accounting",0.6472602739726028,1,1,
1188,163374072,International Journal of Foresight and Innovation Policy,1740-2816,International Journal of Foresight and Innovation Policy,Applied economics,,,357,3567,,,42,Strategy and Management,"Business, Management and Accounting",0.5941176470588235,1,1,
1189,2764398122,Financial Theory and Practice,1845-9757,Financial Theory and Practice,"Banking, finance and investment",,,356,1599,,,34,Economics and Econometrics,"Economics, Econometrics and Finance",0.8244274809160306,2,0,E
1190,2737155129,Journal of Central Banking Theory and Practice,1800-9581,,,,,356,3609,Journal of Central Banking Theory and Practice,"['BUSINESS, FINANCE']",139,"General Economics, Econometrics and Finance","Economics, Econometrics and Finance",1.0,2,1,A
1191,204467137,SERIEs,1869-4187,,,,,356,3627,Series-Journal of the Spanish Economic Association,['ECONOMICS'],44,Economics and Econometrics,"Economics, Econometrics and Finance",1.0,2,0,E
1192,173627905,Journal of Agricultural & Food Industrial Organization,1542-0485,Journal of Agricultural and Food Industrial Organization,Applied economics,,,354,4977,,,107,Economics and Econometrics,"Economics, Econometrics and Finance",0.8865030674846626,2,0,E
1193,193803878,International Journal of Human Capital and Information Technology Professionals,1947-3478,,,,,354,2262,International Journal of Human Capital and Information Technology Professionals,['MANAGEMENT'],44,Organizational Behavior and Human Resource Management,"Business, Management and Accounting",0.4691358024691358,0,2,B
1194,150848784,Journal of Emerging Market Finance,0972-6527,Journal of Emerging Market Finance,"Banking, finance and investment",,,354,4366,Journal of Emerging Market Finance,"['BUSINESS, FINANCE']",125,Finance,"Economics, Econometrics and Finance",1.0,3,1,A
1195,9019866,Journal of Transnational Management,1547-5778,Journal of Transnational Management,Human resources and industrial relations,,,354,3273,,,63,Strategy and Management,"Business, Management and Accounting",1.0,0,1,
1196,2737537699,Our Economy Journal of Contemporary Issues in Economics and Business,0547-3101,Nase Gospodarstvo,Applied economics,,,354,1346,,,28,Economics and Econometrics,"Economics, Econometrics and Finance",1.0,2,0,E
1197,31181851,Accounting in Europe,1744-9480,Accounting in Europe,"Accounting, auditing and accountability",Accounting in Europe,F&A,353,10197,Accounting in Europe,"['BUSINESS, FINANCE']",253,Accounting,"Business, Management and Accounting",1.0,1,2,A
1198,2764642258,Indian journal of industrial relations,0019-5286,Indian Journal of Industrial Relations,Human resources and industrial relations,,,351,2073,,,51,Organizational Behavior and Human Resource Management,"Business, Management and Accounting",0.48743718592964824,0,1,
1199,4210169982,Eurasian economic review :,2147-429X,,,,,349,4530,Eurasian Economic Review,['ECONOMICS'],84,Economics and Econometrics,"Economics, Econometrics and Finance",1.0,2,0,E
1200,4210174681,Asia Pacific Business Review,0973-2470,Asian-Pacific Business Review,"Strategy, management and organisational behaviour",,,349,1435,,,35,Accounting,"Business, Management and Accounting",1.0,0,2,B
1201,2738972098,3C Empresa Investigación y pensamiento crítico,2254-3376,,,,,348,1290,3C Empresa,['BUSINESS'],89,Economics and Econometrics,"Economics, Econometrics and Finance",0.8493723849372385,1,1,
1202,2764532243,Korean Economic Review/The Korean economic review,0254-3737,,,,,348,532,Korean Economic Review,['ECONOMICS'],52,Economics and Econometrics,"Economics, Econometrics and Finance",1.0,2,0,E
1203,196716848,Journal of Human Capital,1932-8575,Journal of Human Capital,"Banking, finance and investment",Journal of Human Capital,Economics,345,7453,Journal of Human Capital,['ECONOMICS'],72,Economics and Econometrics,"Economics, Econometrics and Finance",0.45075757575757575,4,0,E
1204,4210239487,Italian Economic Journal,2199-322X,,,,,343,2654,Italian Economic Journal,['ECONOMICS'],61,Economics and Econometrics,"Economics, Econometrics and Finance",1.0,2,0,E
1205,65047066,International Journal of Services and Standards,1740-8849,International Journal of Services and Standards,Commercial services,,,343,2081,,,47,Information Systems and Management,Decision Sciences,0.42038216560509556,0,1,
1206,2764416040,Quality Innovation Prosperity,1335-1745,,,,,343,3302,Quality Innovation Prosperity-Kvalita Inovacia Prosperita,['MANAGEMENT'],57,Management Information Systems,"Business, Management and Accounting",0.783625730994152,0,2,B
1207,2764805720,Eurasian Economic Review,1309-4297,Eurasian Business Review,"Banking, finance and investment",,,342,8597,Eurasian Business Review,['ECONOMICS' 'BUSINESS' 'MANAGEMENT'],91,Accounting,"Business, Management and Accounting",1.0,2,2,A
1208,127482291,Journal of Research in Marketing and Entrepreneurship,1471-5201,Journal of Research in Marketing and Entrepreneurship,Marketing,,,342,6717,Journal of Research in Marketing and Entrepreneurship,['BUSINESS'],204,Management of Technology and Innovation,"Business, Management and Accounting",0.8948598130841121,0,2,B
1209,86211607,Frontiers of Economics in China,1673-3444,Frontiers of Economics in China: selected publications from Chinese universities,"Banking, finance and investment",,,341,2434,,,66,Economics and Econometrics,"Economics, Econometrics and Finance",1.0,2,0,E
1210,7006481,Margin The Journal of Applied Economic Research,0025-2921,,,,,340,3558,Margin-Journal of Applied Economic Research,['ECONOMICS'],76,"General Economics, Econometrics and Finance","Economics, Econometrics and Finance",1.0,2,0,E
1211,2898124213,Journal of Accounting Literature,0737-4607,Journal of Accounting Literature,"Accounting, auditing and accountability",Journal of Accounting Literature,F&A,340,7901,Journal of Accounting Literature,"['BUSINESS, FINANCE']",157,Accounting,"Business, Management and Accounting",1.0,1,2,A
1212,2898542531,Revista de Contabilidad,1138-4891,,,,,339,5200,Revista de Contabilidad-Spanish Accounting Review,"['BUSINESS, FINANCE']",96,Accounting,"Business, Management and Accounting",1.0,1,2,A
1213,2737009078,APUNTES DEL CENES,0120-3053,,,,,338,1021,Apuntes del CENES,['ECONOMICS'],70,Economics and Econometrics,"Economics, Econometrics and Finance",0.5101214574898786,2,0,E
1214,2764820791,Journal of Organizational Ethnography,2046-6749,,,,,336,3337,Journal of Organizational Ethnography,['MANAGEMENT'],102,Organizational Behavior and Human Resource Management,"Business, Management and Accounting",0.4533333333333333,0,2,B
1215,4210184380,ISRA International Journal of Islamic Finance,0128-1976,,,,,336,4349,ISRA International Journal of Islamic Finance,"['BUSINESS, FINANCE']",284,Accounting,"Business, Management and Accounting",0.8428030303030303,1,2,A
1216,2765062947,Journal of food distribution research,0047-245X,Journal of Food Distribution Research,Marketing,,,336,1972,,,68,Plant Science,Agricultural and Biological Sciences,0.5526315789473685,0,0,
1217,4210210387,Cross Cultural & Strategic Management,2059-5794,Cross Cultural and Strategic Management,"Strategy, management and organisational behaviour",Cross Cultural and Strategic Management,"OS/OB,HRM/IR",336,6036,Cross Cultural & Strategic Management,['MANAGEMENT'],81,Strategy and Management,"Business, Management and Accounting",0.7957957957957958,0,3,B
1218,2738303727,Revista de estudios empresariales,0213-8964,,,,,336,788,Revista de Estudios Empresariales-Segunda Epoca,['BUSINESS'],38,Economics and Econometrics,"Economics, Econometrics and Finance",0.588957055214724,1,1,
1219,4210170931,Annual Review of Financial Economics,1941-1367,Annual Review of Financial Economics,"Banking, finance and investment",Annual Review of Financial Economics,Economics,333,21998,Annual Review of Financial Economics,"['ECONOMICS' 'BUSINESS, FINANCE']",126,Finance,"Economics, Econometrics and Finance",1.0,4,1,A
1220,2764423627,Contemporary Management Research,1813-5498,Contemporary Management Research: an international journal,Human resources and industrial relations,,,333,5457,,,62,Sociology and Political Science,Social Sciences,0.5510204081632653,0,0,
1221,11647023,Applied Economics Quarterly,1611-6607,Applied Economics Quarterly,"Banking, finance and investment",,,333,1897,,,78,"General Economics, Econometrics and Finance","Economics, Econometrics and Finance",1.0,2,0,E
1222,4210174903,Scientific Bulletin of Mukachevo State University Series “Economics”,2313-8114,,,,,332,654,Scientific Bulletin of Mukachevo State University-Series Economics,"['BUSINESS, FINANCE']",126,"General Economics, Econometrics and Finance","Economics, Econometrics and Finance",0.6666666666666666,2,1,A
1223,10891802,International Journal of Technology Intelligence and Planning,1740-2832,International Journal of Technology Intelligence and Planning,Business systems in context,,,332,2197,,,129,Strategy and Management,"Business, Management and Accounting",0.7622950819672131,0,2,B
1224,134015283,International Journal of Revenue Management,1474-7332,International Journal of Revenue Management,"Banking, finance and investment",,,332,1813,,,60,Management Information Systems,"Business, Management and Accounting",1.0,1,1,
1225,4210172729,Journal of Humanitarian Logistics and Supply Chain Management,2042-6747,,,,,331,8437,Journal of Humanitarian Logistics and Supply Chain Management,['MANAGEMENT'],235,Organizational Behavior and Human Resource Management,"Business, Management and Accounting",0.8469945355191257,0,2,B
1226,2764742896,Journal of Economic Research (JER),1226-4261,Journal of Economic Research,Applied economics,,,330,1075,,,51,Economics and Econometrics,"Economics, Econometrics and Finance",1.0,2,0,E
1227,4404661665,Journal of business and management.,1535-668X,Journal of Business and Management,Human resources and industrial relations,,,329,2595,,,13,Management of Technology and Innovation,"Business, Management and Accounting",0.6530612244897959,0,1,
1228,2737717374,Ekonomska misao i praksa,1330-1039,,,,,328,444,Ekonomska Misao i Praksa-Economic Thought and Practice,['ECONOMICS'],104,Economics and Econometrics,"Economics, Econometrics and Finance",0.6648351648351648,2,0,E
1229,26927318,Asian Journal on Quality,1598-2688,Asian Journal on Quality,"Strategy, management and organisational behaviour",,,327,1925,,,86,Management Information Systems,"Business, Management and Accounting",0.7268518518518519,0,2,B
1230,164875865,International Journal of Banking Accounting and Finance,1755-3830,"International Journal of Banking, Accounting and Finance","Accounting, auditing and accountability",,,327,1230,,,104,Accounting,"Business, Management and Accounting",1.0,0,1,
1231,4210202212,INFORMS Journal on Applied Analytics,2644-0865,,,,,326,1457,INFORMS Journal on Applied Analytics,['MANAGEMENT'],41,Management Information Systems,"Business, Management and Accounting",0.44366197183098594,0,2,B
1232,4210172834,Revista de Economía Institucional,0124-5996,Revista de Economia Institucional,"Banking, finance and investment",,,325,828,,,70,"General Economics, Econometrics and Finance","Economics, Econometrics and Finance",0.6782945736434108,2,0,E
1233,4210206015,Quantitative Marketing and Economics,1570-7156,Quantitative Marketing and Economics,Applied economics,Quantitative Marketing and Economics,Marketing,325,12162,QME-Quantitative Marketing and Economics,['ECONOMICS' 'BUSINESS'],244,Marketing,"Business, Management and Accounting",1.0,2,2,A
1234,4210204469,International Journal of Economics and Accounting,2041-868X,International Journal of Economics and Accounting,"Accounting, auditing and accountability",,,324,661,,,80,Accounting,"Business, Management and Accounting",1.0,0,1,
1235,112983894,Portuguese Economic Journal,1617-982X,Portuguese Economic Journal,Applied economics,,,323,6870,Portuguese Economic Journal,['ECONOMICS'],65,Economics and Econometrics,"Economics, Econometrics and Finance",1.0,3,0,E
1236,4210225772,REICE Revista Electrónica de Investigación en Ciencias Económicas,2308-782X,,,,,322,285,REICE-Revista Electronica de Investigacion en Ciencias Economicas,['ECONOMICS'],76,Economics and Econometrics,"Economics, Econometrics and Finance",0.734375,2,0,E
1237,86301901,Revista de economía aplicada/Revista de economía aplicada,1133-455X,Revista de Economia Aplicada,"Banking, finance and investment",,,321,3090,,,38,Economics and Econometrics,"Economics, Econometrics and Finance",0.774390243902439,2,0,E
1238,4210191938,Interactive Marketing,1463-5178,"Journal of Direct, Data and Digital Marketing Practice",Marketing,,,320,5597,,,53,Sociology and Political Science,Social Sciences,0.6153846153846154,0,0,
1239,2737763312,Business Systems Research Journal,1847-8344,,,,,320,3239,Business Systems Research Journal,['BUSINESS'],22,Management Information Systems,"Business, Management and Accounting",0.7586206896551724,0,2,B
1240,4210198644,Economics of Transition and Institutional Change,2577-6975,Economics of Transition and Institutional Change,"Banking, finance and investment",Economics of Transition,Economics,320,1329,Economics of Transition and Institutional Change,['ECONOMICS'],61,Economics and Econometrics,"Economics, Econometrics and Finance",0.7368421052631579,4,0,E
1241,7241030,Cliometrica,1863-2505,,,,,320,5252,Cliometrica,['ECONOMICS'],136,Economics and Econometrics,"Economics, Econometrics and Finance",0.8143322475570033,2,0,E
1242,4210234539,Research in Globalization,2590-051X,,,,,319,5093,Research in Globalization,['ECONOMICS'],43,Economics and Econometrics,"Economics, Econometrics and Finance",0.7828571428571428,2,0,E
1243,2764768042,Journal of Economics Finance and Administrative Science,2077-1886,"Journal of Economics, Finance and Administrative Science",Applied economics,,,319,5540,Journal of Economics Finance and Administrative Science,['ECONOMICS'],53,Accounting,"Business, Management and Accounting",1.0,2,1,A
1244,2764761084,Foundations of Management,2080-7279,,,,,319,2592,Foundations of Management,['MANAGEMENT'],27,Strategy and Management,"Business, Management and Accounting",1.0,0,2,B
1245,4210173453,AMS Review,1869-814X,AMS Review,Marketing,,,318,7520,,,118,Marketing,"Business, Management and Accounting",0.8357348703170029,0,1,
1246,2736877889,Management & Marketing,1842-0206,Management and Marketing,Marketing,,,318,4510,Management & Marketing,['BUSINESS'],53,Marketing,"Business, Management and Accounting",0.6292682926829268,0,2,B
1247,2764881094,International journal of business and economics,1607-0704,International Journal of Business and Economics,"Banking, finance and investment",,,318,1741,,,40,"General Economics, Econometrics and Finance","Economics, Econometrics and Finance",1.0,2,0,E
1248,100711025,Review of Derivatives Research,1380-6645,Review of Derivatives Research,"Banking, finance and investment",Review of Derivatives Research,F&A,318,8155,Review of Derivatives Research,"['ECONOMICS' 'BUSINESS, FINANCE']",236,Finance,"Economics, Econometrics and Finance",1.0,3,1,A
1249,4210208451,Quarterly Journal of Finance,2010-1392,Quarterly Journal of Finance,"Banking, finance and investment",,,317,5222,Quarterly Journal of Finance,"['BUSINESS, FINANCE']",144,Finance,"Economics, Econometrics and Finance",1.0,3,1,A
1250,4210169699,China Journal of Accounting Studies,2169-7213,China Journal of Accounting Studies,"Accounting, auditing and accountability",,,317,1988,,,205,Accounting,"Business, Management and Accounting",1.0,0,1,
1251,2898409089,BRQ Business Research Quarterly,2340-9436,Brq Business Research Quarterly,"Strategy, management and organisational behaviour",,,316,11072,,,93,Accounting,"Business, Management and Accounting",1.0,0,2,B
1252,49164534,Journal of International Commerce Economics and Policy,1793-9933,,,,,316,3216,Journal of International Commerce Economics and Policy,['ECONOMICS'],88,"General Economics, Econometrics and Finance","Economics, Econometrics and Finance",1.0,2,0,E
1253,2736886050,Contabilidad y Negocios,1992-1896,,,,,316,714,Contabilidad y Negocios,"['BUSINESS, FINANCE']",78,Economics and Econometrics,"Economics, Econometrics and Finance",0.7593984962406015,2,1,A
1254,2737109034,International Journal of Innovation,2318-9975,,,,,315,1860,International Journal of Innovation,['BUSINESS'],74,Information Systems and Management,Decision Sciences,0.6492890995260664,0,1,
1255,2764777187,Annals of Financial Economics,2010-4952,Annals of Financial Economics,"Banking, finance and investment",,,314,2245,Annals of Financial Economics,['ECONOMICS'],94,Economics and Econometrics,"Economics, Econometrics and Finance",1.0,3,0,E
1256,2764933238,New England journal of entrepreneurship,1550-333X,New England Journal of Entrepreneurship,Human resources and industrial relations,,,313,4113,,,173,Management of Technology and Innovation,"Business, Management and Accounting",1.0,0,1,
1257,3035068822,Journal of Organization Design,2245-408X,,,,,313,4898,Journal of Organization Design,['BUSINESS' 'MANAGEMENT'],118,Strategy and Management,"Business, Management and Accounting",0.8260869565217391,0,2,B
1258,4210193511,Economics and Mathematical Methods,0424-7388,,,,,312,646,Ekonomika i Matematiceskie Metody-Economics and Mathematical Methods,['ECONOMICS'],97,Development,Social Sciences,0.5,1,0,
1259,2764958490,Iranian journal of management studies,2008-7055,Iranian Journal of Management Studies,"Strategy, management and organisational behaviour",,,311,2510,Iranian Journal of Management Studies,['MANAGEMENT'],39,Organizational Behavior and Human Resource Management,"Business, Management and Accounting",0.8359375,0,3,B
1260,4210176635,International Review,2217-9739,,,,,309,1192,International Review,['ECONOMICS'],55,Economics and Econometrics,"Economics, Econometrics and Finance",0.7666666666666667,2,0,E
1261,170200280,Journal of Australian political economy,0156-5826,,,,,308,1545,Journal of Australian Political Economy,['ECONOMICS'],46,Finance,"Economics, Econometrics and Finance",0.6197916666666666,2,0,E
1262,2738848155,Contemporary Economics,2084-0845,,,,,308,2435,Contemporary Economics,['ECONOMICS'],30,"General Economics, Econometrics and Finance","Economics, Econometrics and Finance",1.0,2,0,E
1263,2764905064,Multinational Finance Journal,1096-1879,Multinational Finance Journal,"Banking, finance and investment",,,307,3906,,,91,Finance,"Economics, Econometrics and Finance",1.0,2,0,E
1264,2738796003,Zbornik radova Ekonomskog fakulteta u Rijeci,1331-8004,,,,,307,1631,Zbornik Radova Ekonomskog Fakulteta u Rijeci-Proceedings of Rijeka Faculty of Economics,['ECONOMICS'],30,Economics and Econometrics,"Economics, Econometrics and Finance",1.0,2,0,E
1265,44261207,Hitotsubashi journal of economics,0018-280X,Hitotsubashi Journal of Economics,Applied economics,,,306,2776,HITOTSUBASHI JOURNAL OF ECONOMICS,['ECONOMICS'],43,"General Economics, Econometrics and Finance","Economics, Econometrics and Finance",1.0,3,0,E
1266,3297139,International Journal of Financial Services Management,1460-6712,International Journal of Financial Services Management,"Banking, finance and investment",,,305,1502,,,64,Accounting,"Business, Management and Accounting",1.0,1,1,
1267,2764980737,The Philippine Review of Economics,1655-1516,Philippine Review of Economics,"COMMERCE, MANAGEMENT, TOURISM AND SERVICES",,,304,403,,,35,"General Economics, Econometrics and Finance","Economics, Econometrics and Finance",0.6581196581196581,1,1,
1268,4210226759,Quantitative Finance and Economics,2573-0134,,,,,304,3399,Quantitative Finance and Economics,"['BUSINESS, FINANCE']",111,Economics and Econometrics,"Economics, Econometrics and Finance",1.0,2,1,A
1269,188292526,Econ journal watch,1933-527X,Econ Journal Watch,Applied economics,,,304,2535,Econ Journal Watch,['ECONOMICS'],71,Economics and Econometrics,"Economics, Econometrics and Finance",0.9113924050632911,3,0,E
1270,2764804572,Economic Theory Bulletin,2196-1085,Economic Theory Bulletin,Applied economics,,,302,1097,Economic Theory Bulletin,['ECONOMICS'],154,Economics and Econometrics,"Economics, Econometrics and Finance",0.531322505800464,3,0,E
1271,4210210758,Asian Journal of Business Research,1178-8933,Asian Journal of Business Research,"COMMERCE, MANAGEMENT, TOURISM AND SERVICES",,,301,3285,,,63,Sociology and Political Science,Social Sciences,0.5424528301886793,0,1,
1272,4210229491,Journal of Intelligence Studies in Business,2001-015X,,,,,301,2329,Journal of Intelligence Studies in Business,['BUSINESS'],174,Strategy and Management,"Business, Management and Accounting",0.9743589743589743,0,2,B
1273,4210181789,Journal of the International Council for Small Business,2643-7015,,,,,300,1498,Journal of the International Council for Small Business,['BUSINESS' 'MANAGEMENT'],153,Management of Technology and Innovation,"Business, Management and Accounting",1.0,0,2,B
1274,4210221741,Organizations and Markets in Emerging Economies,2029-4581,Organizations and Markets in Emerging Economies,"Strategy, management and organisational behaviour",,,299,2710,Organizations and Markets in Emerging Economies,['ECONOMICS'],35,Sociology and Political Science,Social Sciences,0.7682119205298014,1,1,
1275,4210210207,Journal of Management Analytics,2327-0012,Journal of Management Analytics,Business systems in context,,,298,7629,Journal of Management Analytics,['BUSINESS' 'MANAGEMENT'],69,Management Information Systems,"Business, Management and Accounting",0.8883248730964467,0,3,B
1276,2764541937,Journal of Economics and Development,1859-0020,,,,,296,3743,Journal of Economics and Development,['ECONOMICS'],61,Economics and Econometrics,"Economics, Econometrics and Finance",0.859375,2,0,E
1277,2764820232,Review of Business Research,1546-2609,Review of Business Research,"Strategy, management and organisational behaviour",,,295,361,,,11,Education,Social Sciences,0.6078431372549019,0,1,
1278,4210180518,Asia-Pacific Journal of Risk and Insurance,1793-2157,Asia-Pacific Journal of Risk and Insurance,"Banking, finance and investment",,,295,827,,,144,Economics and Econometrics,"Economics, Econometrics and Finance",0.48284960422163586,2,0,E
1279,4210181465,Transnational corporations,1014-9562,Transnational Corporations,"Strategy, management and organisational behaviour",Transnational Corporations,"Economics, IB",292,5255,,,111,Strategy and Management,"Business, Management and Accounting",1.0,1,2,A
1280,4210197888,Review of International Business and Strategy,2059-6014,Review of International Business and Strategy,Human resources and industrial relations,,,292,5683,Review of International Business and Strategy,['BUSINESS'],155,Strategy and Management,"Business, Management and Accounting",1.0,0,2,B
1281,2764669261,Journal of Hospital Marketing,0883-7570,Journal of Hospital Marketing and Public Relations,Marketing,,,291,602,,,54,Organizational Behavior and Human Resource Management,"Business, Management and Accounting",0.6476683937823834,0,1,
1282,4386621735,International Journal of Management Studies,2180-2467,International Journal of Management Studies,"Strategy, management and organisational behaviour",,,291,1235,International Journal of Management Studies,['MANAGEMENT'],80,Accounting,"Business, Management and Accounting",0.6910112359550562,0,3,B
1283,56187647,International Journal of Logistics Economics and Globalisation,1741-5373,International Journal of Logistics Economics and Globalisation,Applied economics,,,291,943,,,54,Management Information Systems,"Business, Management and Accounting",1.0,1,1,
1284,4210183343,Journal of Creating Value,2394-9643,Journal of Creating Value,"Strategy, management and organisational behaviour",,,289,2194,Journal of Creating Value,['BUSINESS' 'MANAGEMENT'],102,Marketing,"Business, Management and Accounting",0.8852459016393442,0,3,B
1285,4210173595,American Journal of Health Economics,2332-3493,,,,,289,3957,American Journal of Health Economics,['ECONOMICS'],128,Economics and Econometrics,"Economics, Econometrics and Finance",0.5227963525835866,2,0,E
1286,55099511,Research in Organizational Behavior,0191-3085,,,Research in Organizational Behavior,"OS/OB,HRM/IR",288,70074,Research in Organizational Behavior,['MANAGEMENT'],59,Organizational Behavior and Human Resource Management,"Business, Management and Accounting",0.5476190476190477,0,2,B
1287,71377650,Baltic Journal of Economics,1406-099X,Baltic Journal of Economics,"COMMERCE, MANAGEMENT, TOURISM AND SERVICES",,,286,2011,Baltic Journal of Economics,['ECONOMICS'],50,"General Economics, Econometrics and Finance","Economics, Econometrics and Finance",1.0,2,1,A
1288,983446,Business Strategy Series,1751-5637,Journal of Behavioral Strategy,Human resources and industrial relations,,,285,5261,,,42,Strategy and Management,"Business, Management and Accounting",1.0,0,1,
1289,2898237991,Economics of Transportation,2212-0122,,,,,285,4887,Economics of Transportation,['ECONOMICS' 'TRANSPORTATION'],104,Transportation,Social Sciences,0.42024539877300615,1,1,
1290,2736787908,Asian Academy of Management Journal,1394-2603,Asian Academy of Management Journal,Human resources and industrial relations,,,285,4069,Asian Academy of Management Journal,['MANAGEMENT'],43,Accounting,"Business, Management and Accounting",1.0,0,2,B
1291,4210188214,Northeastern Journal of Agricultural and Resource Economics,0899-367X,Agricultural and Resource Economics Review,Applied economics,,,285,2232,,,66,Economics and Econometrics,"Economics, Econometrics and Finance",0.5308056872037915,2,0,E
1292,2764466227,IIM Kozhikode Society & Management Review,2277-9752,,,,,285,2400,IIM Kozhikode Society & Management Review,['MANAGEMENT'],22,Marketing,"Business, Management and Accounting",0.6,0,2,B
1293,2739118867,Revista Universidad y Empresa,0124-4639,,,,,284,1241,Revista Universidad Empresa,['BUSINESS'],135,Economics and Econometrics,"Economics, Econometrics and Finance",0.8373493975903614,1,1,
1294,2736647864,Retos,1390-6291,,,,,284,1848,Retos-Revista de Ciencias de la Administracion y Economia,['ECONOMICS'],114,Economics and Econometrics,"Economics, Econometrics and Finance",0.7723214285714286,2,0,E
1295,2738004809,The Journal of Philosophical Economics,1843-2298,,,,,282,1291,Journal of Philosophical Economics,['ECONOMICS'],144,Economics and Econometrics,"Economics, Econometrics and Finance",0.8035714285714286,2,0,E
1296,2764526016,"Journal of transportation law, logistics, and policy",1078-5906,"Journal of Transportation Law, Logistics and Policy","Transportation, logistics and supply chains",,,281,149,,,99,Strategy and Management,"Business, Management and Accounting",0.7014925373134329,0,2,B
1297,2764536255,Journal of cost management,1092-8057,Cost Management,"Accounting, auditing and accountability",,,278,2038,,,61,Management Information Systems,"Business, Management and Accounting",0.7194244604316546,0,1,
1298,2737221291,Zagreb international review of economics and business/Zagreb international review of economics & business,1331-5609,Zagreb International Review of Economics and Business,Applied economics,,,278,1867,Zagreb International Review of Economics & Business,['ECONOMICS'],35,Economics and Econometrics,"Economics, Econometrics and Finance",1.0,3,0,E
1299,125379575,Journal of Chinese Economic and Foreign Trade Studies,1754-4408,Journal of Chinese Economic and Foreign Trade Studies,"Banking, finance and investment",,,278,3217,Journal of Chinese Economic and Foreign Trade Studies,['ECONOMICS'],114,"General Economics, Econometrics and Finance","Economics, Econometrics and Finance",1.0,3,0,E
1300,4210219434,South African Journal of Accounting Research,1029-1954,South African Journal of Accounting Research,"Accounting, auditing and accountability",,,277,2287,South African Journal of Accounting Research,"['BUSINESS, FINANCE']",81,Accounting,"Business, Management and Accounting",1.0,1,2,A
1301,4306515674,Journal of International Business and Economy,1527-8603,Journal of International Business and Economy,"Banking, finance and investment",,,277,785,,,53,Strategy and Management,"Business, Management and Accounting",1.0,1,1,
1302,4210183760,Strategy Science,2333-2050,Strategy Science,"Strategy, management and organisational behaviour",Strategy Science,Gen & Strat,277,5862,Strategy Science,['MANAGEMENT'],108,Strategy and Management,"Business, Management and Accounting",1.0,0,3,B
1303,4210218316,European Journal of Management and Business Economics,2444-8451,European Journal of Management and Business Economics,Applied economics,,,276,7120,European Journal of Management and Business Economics,['ECONOMICS' 'BUSINESS' 'MANAGEMENT'],49,Sociology and Political Science,Social Sciences,0.7231638418079096,2,1,A
1304,4210176106,Journal of Management Control,2191-4761,Journal of Management Control,"Accounting, auditing and accountability",Journal of Management Control,F&A,275,6193,Journal of Management Control,['MANAGEMENT'],122,Management Information Systems,"Business, Management and Accounting",1.0,0,2,B
1305,2764833774,Accounting History Review,2155-2851,Accounting History Review,"Accounting, auditing and accountability",Accounting History Review,Bus Hist,274,1888,Accounting History Review,['BUSINESS'],136,Management Information Systems,"Business, Management and Accounting",1.0,0,2,B
1306,173177581,International Journal of Accounting and Finance,1752-8224,International Journal of Accounting and Finance,"Accounting, auditing and accountability",,,274,857,,,76,Accounting,"Business, Management and Accounting",1.0,0,1,
1307,2736251538,The Review of Corporate Finance Studies,2046-9128,Review of Corporate Finance Studies,"Banking, finance and investment",Review of Corporate Finance Studies,F&A,273,8677,Review of Corporate Finance Studies,"['BUSINESS, FINANCE']",129,Accounting,"Business, Management and Accounting",1.0,2,2,A
1308,4210203263,Asian Journal of Accounting and Governance,2180-3838,,,,,272,1723,Asian Journal of Accounting and Governance,"['BUSINESS, FINANCE']",97,Accounting,"Business, Management and Accounting",1.0,1,2,A
1309,2764958792,Asian Journal of Empirical Research,2224-4425,Asian Journal of Empirical Research,Econometrics,,,270,883,,,30,Economics and Econometrics,"Economics, Econometrics and Finance",0.8240740740740741,2,0,E
1310,4210200923,Annual Review of Organizational Psychology and Organizational Behavior,2327-0608,,,Annual Review of Organizational Psychology and Organiza,"Psych, OS/OB",270,46516,Annual Review of Organizational Psychology and Organizational Behavior,['MANAGEMENT'],96,Organizational Behavior and Human Resource Management,"Business, Management and Accounting",0.6774193548387096,0,2,B
1311,2764732466,Global business and management research,1947-5667,Global Business and Management Research: an International Journal,Human resources and industrial relations,,,269,3369,,,26,Accounting,"Business, Management and Accounting",0.8461538461538461,0,1,
1312,2736975137,Journal of Indonesian Economy and Business,0215-2487,Journal of Indonesian Economy and Business,"COMMERCE, MANAGEMENT, TOURISM AND SERVICES",,,267,2437,,,25,Accounting,"Business, Management and Accounting",0.7927927927927928,0,2,B
1313,175723052,Argumenta Oeconomica,1233-5835,,,,,266,1101,Argumenta Oeconomica,['ECONOMICS'],23,Political Science and International Relations,Social Sciences,0.7472527472527473,1,0,
1314,4210190232,Academic Review,2074-5354,,,,,265,330,Academy Review,"['ECONOMICS' 'MANAGEMENT' 'BUSINESS, FINANCE']",73,"General Economics, Econometrics and Finance","Economics, Econometrics and Finance",0.72,2,1,A
1315,4210215609,Economics ecology socium,2616-7107,,,,,263,856,Economics Ecology Socium,['ECONOMICS' 'BUSINESS'],58,"General Economics, Econometrics and Finance","Economics, Econometrics and Finance",0.65625,2,1,A
1316,2898275063,European Research on Management and Business Economics,2444-8834,European Research on Management and Business Economics,"Strategy, management and organisational behaviour",,,263,10720,European Research on Management and Business Economics,['ECONOMICS' 'BUSINESS' 'MANAGEMENT'],35,Management of Technology and Innovation,"Business, Management and Accounting",0.6369426751592356,1,3,A
1317,4210194336,Accounting and Management Information Systems,1843-8105,Journal of Accounting and Management Information Systems,"Accounting, auditing and accountability",,,262,1224,,,48,Accounting,"Business, Management and Accounting",1.0,0,1,
1318,132340323,Review of Economic Perspectives,1213-2446,,,,,262,1913,Review of Economic Perspectives,['ECONOMICS'],42,"General Economics, Econometrics and Finance","Economics, Econometrics and Finance",1.0,2,0,E
1319,4210168767,Africa Journal of Management,2332-2373,Africa Journal of Management,"Strategy, management and organisational behaviour",,,259,3079,Africa Journal of Management,['MANAGEMENT'],75,Anthropology,Social Sciences,0.6975806451612904,0,2,B
1320,4210240749,Indonesian Journal of Sustainability Accounting and Management,2597-6214,,,,,258,1565,Indonesian Journal of Sustainability Accounting and Management,"['BUSINESS, FINANCE' 'MANAGEMENT']",72,Strategy and Management,"Business, Management and Accounting",1.0,1,2,A
1321,4210188400,The Journal of Energy Markets,1756-3607,The Journal of Energy Markets,"Banking, finance and investment",,,258,2082,Journal of Energy Markets,['ECONOMICS'],109,Economics and Econometrics,"Economics, Econometrics and Finance",0.5,3,0,E
1322,2737852900,Review of Economic Analysis,1973-3909,,,,,257,1088,Review of Economic Analysis,['ECONOMICS'],30,"General Economics, Econometrics and Finance","Economics, Econometrics and Finance",1.0,2,0,E
1323,2735409286,The Review of Asset Pricing Studies,2045-9920,Review of Asset Pricing Studies,"Banking, finance and investment",Review of Asset Pricing Studies,F&A,256,9973,Review of Asset Pricing Studies,"['BUSINESS, FINANCE']",142,Finance,"Economics, Econometrics and Finance",1.0,3,1,A
1324,4210226929,South Asian Journal of Human Resources Management,2322-0937,,,,,255,2002,South Asian Journal of Human Resource Management,['MANAGEMENT'],74,Organizational Behavior and Human Resource Management,"Business, Management and Accounting",0.42528735632183906,0,2,B
1325,4210200043,International Journal of Business Analytics,2334-4547,,,,,255,1217,International Journal of Business Analytics,['BUSINESS'],22,Management Information Systems,"Business, Management and Accounting",0.64,0,2,B
1326,2764704972,Asian Academy of Management Journal of Accounting and Finance,1823-4992,Asian Academy of Management Journal of Accounting and Finance,"Accounting, auditing and accountability",,,255,2139,Asian Academy of Management Journal of Accounting and Finance,"['BUSINESS, FINANCE']",98,Accounting,"Business, Management and Accounting",1.0,1,2,A
1327,2765001115,The Economics of Peace and Security Journal,1749-852X,,,,,255,2086,Economics of Peace and Security Journal,['ECONOMICS'],94,Economics and Econometrics,"Economics, Econometrics and Finance",0.4292237442922374,2,0,E
1328,2736327412,"Contabilidade, Gestão e Governança/UNB Contábil",1516-7011,,,,,253,519,Contabilidade Gestao e Governanca,['MANAGEMENT'],107,Information Systems and Management,Decision Sciences,0.5018181818181818,0,1,
1329,4404663202,Economic Sciences.,1505-4683,Economic Sciences,Applied economics,,,253,67,,,14,Economics and Econometrics,"Economics, Econometrics and Finance",0.6119402985074627,2,0,E
1330,2898603574,RAUSP Management Journal,2531-0488,,,,,253,4067,RAUSP Management Journal,['BUSINESS' 'MANAGEMENT'],23,Accounting,"Business, Management and Accounting",1.0,0,2,B
1331,4210170851,Review of Regional Research,0173-7600,,,,,252,2276,Review of Regional Research-Jahrbuch fur Regionalwissenschaft,['ECONOMICS'],68,Economics and Econometrics,"Economics, Econometrics and Finance",0.7219512195121951,2,0,E
1332,2898343181,Wine Economics and Policy,2212-9774,Wine Economics and Policy,Marketing,,,252,5897,,,210,"Tourism, Leisure and Hospitality Management","Business, Management and Accounting",0.46153846153846156,0,1,
1333,2736730828,Management,1331-0194,,,,,250,1424,Management-Journal of Contemporary Management Issues,['MANAGEMENT'],20,Economics and Econometrics,"Economics, Econometrics and Finance",0.6049382716049383,1,1,
1334,4210219127,International Journal of Economic Sciences,1804-9796,,,,,247,1292,International Journal of Economic Sciences,['ECONOMICS'],24,Economics and Econometrics,"Economics, Econometrics and Finance",1.0,2,0,E
1335,2764783623,Asian Journal of Business and Accounting,1985-4064,Asian Journal of Business and Accounting,"Accounting, auditing and accountability",,,247,3017,Asian Journal of Business and Accounting,"['BUSINESS, FINANCE']",57,Accounting,"Business, Management and Accounting",0.7842105263157895,1,2,A
1336,4210225395,St Petersburg University Journal of Economic Studies,1026-356X,,,,,246,1155,Vestnik Sankt-Peterburgskogo Universiteta-Ekonomika-St Petersburg University Journal of Economic Studies,['ECONOMICS'],52,Development,Social Sciences,0.48872180451127817,1,0,
1337,4393918062,Suma de Negocios,2027-5692,,,,,245,2057,Suma de Negocios,['BUSINESS'],77,Economics and Econometrics,"Economics, Econometrics and Finance",0.8602150537634409,1,1,
1338,4210173643,International Journal of Health Economics and Management,2199-9023,International Journal of Health Economics and Management,Applied economics,,,244,2474,International Journal of Health Economics and Management,"['ECONOMICS' 'BUSINESS, FINANCE']",121,General Health Professions,Health Professions,0.5804597701149425,2,1,A
1339,4210231679,Journal of Industrial Integration and Management,2424-8622,,,,,244,5650,Journal of Industrial Integration and Management-Innovation and Entrepreneurship,['MANAGEMENT'],44,Industrial and Manufacturing Engineering,Engineering,0.65625,0,1,
1340,28881989,International Journal of Financial Markets and Derivatives,1756-7130,International Journal of Financial Markets and Derivatives,"Banking, finance and investment",,,242,361,,,76,Economics and Econometrics,"Economics, Econometrics and Finance",1.0,2,0,E
1341,4210216953,International Journal of Economic Policy Studies,1881-4387,,,,,242,1047,International Journal of Economic Policy Studies,['ECONOMICS'],46,Economics and Econometrics,"Economics, Econometrics and Finance",1.0,2,0,E
1342,2764940387,Organizational Psychology Review,2041-3866,,,Organizational Psychology Review,"OS/OB,HRM/IR",242,11004,Organizational Psychology Review,['MANAGEMENT'],98,Organizational Behavior and Human Resource Management,"Business, Management and Accounting",0.5815899581589958,0,2,B
1343,2764897135,"IIUM Journal Of Economics and Management/International Journal of Economics, Management and Accounting",1394-7680,,,,,241,2501,International Journal of Economics Management and Accounting,['ECONOMICS'],130,Accounting,"Business, Management and Accounting",0.8181818181818182,1,1,
1344,201445340,International Journal of Business Competition and Growth,2042-3845,International Journal of Business Competition and Growth,"Banking, finance and investment",,,241,423,,,29,Marketing,"Business, Management and Accounting",0.4954954954954955,1,1,
1345,4210199549,The Journal of Prediction Markets,1750-6751,The Journal of Prediction Markets,"Banking, finance and investment",,,241,1926,,,124,Economics and Econometrics,"Economics, Econometrics and Finance",0.759375,2,0,E
1346,4210230920,TEC Empresarial,1659-2395,,,,,240,753,Tec Empresarial,['MANAGEMENT'],70,Economics and Econometrics,"Economics, Econometrics and Finance",0.8805031446540881,1,1,
1347,4210183118,Indian Journal of Commerce & Management Studies,2229-5674,Indian Journal of Commerce and Management Studies,"COMMERCE, MANAGEMENT, TOURISM AND SERVICES",,,240,1019,,,24,Marketing,"Business, Management and Accounting",0.8068181818181818,0,2,B
1348,4210177368,Journal of International Business Research and Marketing,1849-8558,Journal of International Business Research and Marketing,Marketing,,,238,1482,,,23,Sociology and Political Science,Social Sciences,0.5316455696202531,0,0,
1349,17774442,American Journal of Business,1935-5181,,,,,238,3254,American Journal of Business,['BUSINESS'],45,Accounting,"Business, Management and Accounting",1.0,0,2,B
1350,2738428943,Studia Universitatis „Vasile Goldis” Arad – Economics Series,1584-2339,,,,,237,1204,Studia Universitatis Vasile Goldis Arad Seria Stiinte Economice,['ECONOMICS'],40,Economics and Econometrics,"Economics, Econometrics and Finance",1.0,2,0,E
1351,4210194271,International Journal of Applied Behavioral Economics,2160-9802,,,,,237,502,International Journal of Applied Behavioral Economics,['ECONOMICS'],30,General Decision Sciences,Decision Sciences,0.4948453608247423,1,0,
1352,4306500644,Actualidad Contable FACES,1316-8533,Actualidad Contable Faces,"Accounting, auditing and accountability",,,237,339,Actualidad Contable Faces,"['BUSINESS, FINANCE']",61,Accounting,"Business, Management and Accounting",0.8627450980392157,1,2,A
1353,81297664,Journal of Chinese Human Resource Management,2040-8005,Journal of Chinese Human Resources Management,Human resources and industrial relations,,,236,2022,Journal of Chinese Human Resources Management,['MANAGEMENT'],53,Organizational Behavior and Human Resource Management,"Business, Management and Accounting",0.825,0,2,B
1354,4210167594,African J of Accounting Auditing and Finance,2046-8083,,,,,236,554,African Journal of Accounting Auditing and Finance,"['BUSINESS, FINANCE']",54,Accounting,"Business, Management and Accounting",1.0,1,2,A
1355,4210181806,South Asian Journal of Business Studies,2398-628X,,,,,235,4915,South Asian Journal of Business Studies,['BUSINESS'],53,Organizational Behavior and Human Resource Management,"Business, Management and Accounting",0.8662420382165605,0,2,B
1356,4210174288,American Economic Review Insights,2640-205X,American Economic Review: Insights,Applied economics,American Economic Review: Insights,Economics,234,8546,American Economic Review-Insights,['ECONOMICS'],22,Safety Research,Social Sciences,0.5882352941176471,3,0,E
1357,4210176257,Journal of Management Science and Engineering,2096-2320,,,,,233,3565,Journal of Management Science and Engineering,"['ECONOMICS' 'BUSINESS, FINANCE' 'MANAGEMENT']",36,Economics and Econometrics,"Economics, Econometrics and Finance",1.0,2,1,A
1358,4210177123,Journal of Global Operations and Strategic Sourcing,2398-5364,,,,,233,4165,Journal of Global Operations and Strategic Sourcing,['MANAGEMENT'],88,Management Information Systems,"Business, Management and Accounting",0.9161490683229814,0,2,B
1359,4210169265,VISIÓN GERENCIAL,1317-8822,,,,,233,142,Vision Gerencial,['MANAGEMENT'],95,Economics and Econometrics,"Economics, Econometrics and Finance",0.8514056224899599,1,1,
1360,2764626604,Defense transportation journal,0011-7625,Defense Transportation Journal,"Transportation, logistics and supply chains",,,230,84,,,26,Strategy and Management,"Business, Management and Accounting",0.4489795918367347,0,2,B
1361,4210190667,Asian Journal of Accounting Research,2443-4175,Asian Journal of Accounting Research (AJAR),"Accounting, auditing and accountability",,,230,5182,,,105,Accounting,"Business, Management and Accounting",1.0,0,1,
1362,2898365741,European Journal of Family Business,2444-877X,,,,,229,1533,European Journal of Family Business,['BUSINESS' 'MANAGEMENT'],184,Organizational Behavior and Human Resource Management,"Business, Management and Accounting",0.9559228650137741,0,2,B
1363,121898668,Monash Business Review,1832-8490,Monash Business Review,"Strategy, management and organisational behaviour",,,228,256,,,5,Organizational Behavior and Human Resource Management,"Business, Management and Accounting",0.8,0,2,B
1364,4210186510,Journal of International Business Policy,2522-0691,Journal of International Business Policy,Business systems in context,,,227,8865,Journal of International Business Policy,['BUSINESS'],65,Strategy and Management,"Business, Management and Accounting",0.8148148148148148,0,3,B
1365,4210189864,The Economics and Finance Letters,2312-430X,,,,,226,831,Economics and Finance Letters,"['ECONOMICS' 'BUSINESS, FINANCE']",34,Accounting,"Business, Management and Accounting",1.0,1,2,A
1366,37034968,Journal on Chain and Network Science,1569-1829,Journal on Chain and Network Science,"Strategy, management and organisational behaviour",,,225,4806,,,51,Strategy and Management,"Business, Management and Accounting",0.8142076502732241,0,2,B
1367,2739303216,Journal of Tax Reform,2412-8872,,,,,225,963,Journal of Tax Reform,"['BUSINESS, FINANCE']",91,Economics and Econometrics,"Economics, Econometrics and Finance",0.8305647840531561,2,1,A
1368,2764557015,Journal of Islamic Economics Banking and Finance,2070-4658,"Journal of Islamic Economics, Banking and Finance","Banking, finance and investment",,,225,1318,,,180,Accounting,"Business, Management and Accounting",0.8912386706948641,1,1,
1369,2914225721,S.A.M. advanced management journal,0036-0805,SAM Advanced Management Journal,Human resources and industrial relations,,,225,6234,,,14,Organizational Behavior and Human Resource Management,"Business, Management and Accounting",0.631578947368421,0,1,
1370,112380952,FIU hospitality review,0739-7011,FIU Hospitality Review,Commercial services,,,224,381,,,38,"Tourism, Leisure and Hospitality Management","Business, Management and Accounting",0.7126436781609196,0,2,B
1371,2764560602,International Journal of Business Strategy,1553-9563,International Journal of Business Strategy,"Strategy, management and organisational behaviour",,,222,158,,,13,Management Information Systems,"Business, Management and Accounting",1.0,0,2,B
1372,4210179124,Review of Behavioral Economics,2326-6198,Review of Behavioral Economics,"Banking, finance and investment",,,222,1781,Review of Behavioral Economics,['ECONOMICS'],41,Safety Research,Social Sciences,0.41304347826086957,2,0,E
1373,31381503,International Journal of Innovation and Regional Development,1753-0660,International Journal of Innovation and Regional Development,"Strategy, management and organisational behaviour",,,222,2541,,,56,Management of Technology and Innovation,"Business, Management and Accounting",0.784037558685446,0,2,B
1374,69781331,Schmollers Jahrbuch,1439-121X,Journal of Contextual Economics: Schmollers Jahrbuch,Applied economics,,,221,1468,,,32,Political Science and International Relations,Social Sciences,0.41228070175438597,1,0,
1375,4210222536,The Southern African Journal of Entrepreneurship and Small Business Management,1015-3977,Southern African Journal of Entrepreneurship and Small Business Management,Human resources and industrial relations,,,220,2103,,,117,Management of Technology and Innovation,"Business, Management and Accounting",0.9110169491525424,0,1,
1376,4210223648,Business Management and Education,2029-6169,"Business, Management and Education",Human resources and industrial relations,,,220,2444,,,17,Economics and Econometrics,"Economics, Econometrics and Finance",0.7916666666666666,1,0,
1377,2898402987,Spanish Journal of Marketing - ESIC,2444-9695,,,,,219,7363,Spanish Journal of Marketing-ESIC,['BUSINESS' 'MANAGEMENT'],124,Sociology and Political Science,Social Sciences,0.5464190981432361,0,1,
1378,4210187131,South East European Journal of Economics and Business,2233-1999,,,,,218,1961,South East European Journal of Economics and Business,['ECONOMICS'],35,Economics and Econometrics,"Economics, Econometrics and Finance",1.0,2,0,E
1379,174991077,Organization development journal,0889-6402,Organization Development Journal,Human resources and industrial relations,,,217,4027,,,29,Organizational Behavior and Human Resource Management,"Business, Management and Accounting",0.75,0,1,
1380,4210182043,Arthaniti-Journal of Economic Theory and Practice,0976-7479,Arthaniti,Applied economics,,,216,611,,,24,"General Economics, Econometrics and Finance","Economics, Econometrics and Finance",1.0,2,0,E
1381,2738214312,The South East Asian Journal of Management,1978-1989,South East Asian Journal of Management,Human resources and industrial relations,,,216,1770,South East Asian Journal of Management,['MANAGEMENT'],23,Organizational Behavior and Human Resource Management,"Business, Management and Accounting",0.6593406593406593,0,2,B
1382,2735620406,Journal of Professions and Organization,2051-8803,Journal of Professions and Organization,Human resources and industrial relations,Journal of Professions and Organization,OS/OB,216,4610,Journal of Professions and Organization,['MANAGEMENT'],112,Organizational Behavior and Human Resource Management,"Business, Management and Accounting",0.6907216494845361,0,2,B
1383,2764597040,Kobe University economic review.,0454-1111,Kobe University Economic Review,Applied economics,,,215,362,,,22,"General Economics, Econometrics and Finance","Economics, Econometrics and Finance",0.6282051282051282,2,0,E
1384,4210175456,The ATA Journal of Legal Tax Research,1543-866X,,,,,215,195,ATA Journal of Legal Tax Research,"['BUSINESS, FINANCE']",108,Accounting,"Business, Management and Accounting",1.0,1,2,A
1385,4210175380,Revista Perspectiva Empresarial,2389-8186,,,,,213,344,Revista Perspectiva Empresarial,['BUSINESS'],61,Economics and Econometrics,"Economics, Econometrics and Finance",0.7218543046357616,1,1,
1386,4210203326,A Economia em Revista - AERE,1413-6090,Economia em Revista,Applied economics,,,212,106,,,83,"General Economics, Econometrics and Finance","Economics, Econometrics and Finance",0.5440414507772021,2,0,E
1387,187052734,International Journal of Sustainable Strategic Management,1753-3600,International Journal of Sustainable Strategic Management,"Strategy, management and organisational behaviour",,,211,961,,,50,Marketing,"Business, Management and Accounting",1.0,0,2,B
1388,4210180542,Finance,0752-6180,Finance,"Banking, finance and investment",,,210,1620,,,82,Accounting,"Business, Management and Accounting",1.0,1,1,
1389,205993034,Journal of Human Resource Costing & Accounting,1401-338X,Journal of Human Resource Costing and Accounting,"Accounting, auditing and accountability",,,210,6575,,,86,Strategy and Management,"Business, Management and Accounting",1.0,0,1,
1390,2764789229,Australian company secretary,1323-9406,Keeping Good Companies,"Strategy, management and organisational behaviour",,,208,28,,,35,Strategy and Management,"Business, Management and Accounting",0.6875,0,2,B
1391,4210229174,American J of Finance and Accounting,1752-7767,American Journal of Finance and Accounting,"Accounting, auditing and accountability",,,208,438,,,42,Finance,"Economics, Econometrics and Finance",1.0,1,0,
1392,127111275,Accounting and the Public Interest,1530-9320,Accounting and the Public Interest,"Accounting, auditing and accountability",,,208,2227,,,77,Accounting,"Business, Management and Accounting",0.890625,0,1,
1393,2737293501,Ekonomski vjesnik,0353-359X,,,,,207,315,Ekonomski Vjesnik,['ECONOMICS'],47,Economics and Econometrics,"Economics, Econometrics and Finance",0.8024691358024691,2,0,E
1394,4210232289,Annals in Social Responsibility,2056-3515,,,,,205,283,Annals in Social Responsibility,['MANAGEMENT'],44,Strategy and Management,"Business, Management and Accounting",0.8842975206611571,0,2,B
1395,4210189231,Public and Municipal Finance,2222-1867,Public and Municipal Finance,"Banking, finance and investment",,,205,908,,,59,"General Economics, Econometrics and Finance","Economics, Econometrics and Finance",0.6789473684210526,2,0,E
1396,4210171825,American Business Review,0743-2348,American Business Review,Business systems in context,,,205,1563,,,32,Accounting,"Business, Management and Accounting",1.0,0,2,B
1397,2739286606,International Journal of Management and Economics,2299-9701,,,,,204,1644,International Journal of Management and Economics,['ECONOMICS'],21,Finance,"Economics, Econometrics and Finance",1.0,2,0,E
1398,2898493639,Journal of Co-operative Organization and Management,2213-297X,Journal of Co-operative Organization and Management,"Strategy, management and organisational behaviour",,,203,3297,Journal of Co-operative Organization and Management,['MANAGEMENT'],108,Strategy and Management,"Business, Management and Accounting",1.0,0,3,B
1399,4210226585,The International Journal of Organizational Analysis,1055-3185,International Journal of Organizational Analysis,Human resources and industrial relations,,,202,10785,International Journal of Organizational Analysis,['MANAGEMENT'],46,Strategy and Management,"Business, Management and Accounting",0.8493975903614458,0,2,B
1400,4389158152,Journal of Co-operative Studies,0961-5784,Journal of Co-operative Studies,"Strategy, management and organisational behaviour",,,202,343,,,80,Strategy and Management,"Business, Management and Accounting",0.8444444444444444,0,2,B
1401,4210191712,Malaysian Journal of Economic Studies,1511-4554,Malaysian Journal of Economic Studies,Applied economics,,,200,1198,Malaysian Journal of Economic Studies,['ECONOMICS'],35,Accounting,"Business, Management and Accounting",0.8333333333333334,2,1,A
1402,4210187713,NMIMS Management Review,0971-1023,,,,,200,357,NMIMS Management Review,['MANAGEMENT'],17,Marketing,"Business, Management and Accounting",0.5797101449275363,0,2,B
1403,2764516800,Journal of Small Business Strategy,1081-8510,Journal of Small Business Strategy,Human resources and industrial relations,,,199,1772,,,88,Management of Technology and Innovation,"Business, Management and Accounting",1.0,0,1,
1404,4210195249,International Journal of Strategic Management,1555-2411,International Journal of Strategic Management,Human resources and industrial relations,,,198,156,,,10,"Management, Monitoring, Policy and Law",Environmental Science,0.6,0,0,
1405,2737541009,International journal of information systems and project management,2182-7788,,,,,197,3812,IJISPM-International Journal of Information Systems and Project Management,['MANAGEMENT'],42,Management Information Systems,"Business, Management and Accounting",0.5625,0,2,B
1406,61971679,The Journal of private enterprise,0890-913X,Journal of Private Enterprise,"Banking, finance and investment",,,197,1000,Journal of Private Enterprise,['ECONOMICS'],32,Economics and Econometrics,"Economics, Econometrics and Finance",0.5348837209302325,3,0,E
1407,2764908861,The Journal of Gambling Business and Economics,1751-7990,The Journal of Gambling Business and Economics,Applied economics,,,196,934,,,140,Clinical Psychology,Psychology,0.5833333333333334,1,0,
1408,4210197148,Estudios de economía,0304-2758,Estudios de Economia,Applied economics,,,195,1587,Estudios de Economia,['ECONOMICS'],20,"General Economics, Econometrics and Finance","Economics, Econometrics and Finance",0.7790697674418605,3,0,E
1409,4404675641,International journal of business science & applied management.,1753-0296,International Journal of Business Science and Applied Management,Human resources and industrial relations,,,195,3754,,,20,Information Systems and Management,Decision Sciences,0.5813953488372093,0,0,
1410,4210196335,"Scientific Papers of the University of Pardubice. Series D, Faculty of Economics and Administration",1211-555X,,,,,195,729,Scientific Papers of the University of Pardubice-Series D-Faculty of Economics and Administration,['ECONOMICS' 'BUSINESS' 'MANAGEMENT'],19,"Management, Monitoring, Policy and Law",Environmental Science,0.45614035087719296,1,1,
1411,2764787901,Meditari Accountancy Research,1022-2529,Meditari: accountancy research,"Accounting, auditing and accountability",,,194,3563,,,53,Strategy and Management,"Business, Management and Accounting",0.8697916666666666,0,1,
1412,2764684190,IZA Journal of Labor Policy,2193-9004,IZA Journal of Labor Policy,Applied economics,,,190,5776,,,89,Economics and Econometrics,"Economics, Econometrics and Finance",0.4312977099236641,2,0,E
1413,2764477379,Islamic Economic Studies,1319-1616,Islamic Economic Studies,"Banking, finance and investment",,,189,3287,,,166,Accounting,"Business, Management and Accounting",0.8466453674121406,1,1,
1414,5407017802,UCJC Business and Society Review (formerly known as Universia Business Review),2659-3270,,,,,188,414,UCJC Business and Society Review,['BUSINESS'],13,"Management, Monitoring, Policy and Law",Environmental Science,0.41379310344827586,0,1,
1415,4210218074,International Journal of Modelling in Operations Management,2042-4094,International Journal of Modelling in Operations Management,"Strategy, management and organisational behaviour",,,187,668,,,31,Management Information Systems,"Business, Management and Accounting",0.6290322580645161,0,2,B
1416,4210181162,Journal of Service Management Research,2511-8676,Journal of Service Management Research,Marketing,,,186,684,,,45,Marketing,"Business, Management and Accounting",0.5562913907284768,0,1,
1417,2764932069,Journal of Transnational Management Development,1068-6061,Journal of Transnational Management,Human resources and industrial relations,,,186,861,,,43,Strategy and Management,"Business, Management and Accounting",0.8771929824561403,0,1,
1418,2764434733,Low Carbon Economy,2158-7000,Low Carbon Economy,Applied economics,,,185,1562,,,49,Economics and Econometrics,"Economics, Econometrics and Finance",0.461038961038961,2,0,E
1419,4210193709,Asia Pacific Journal of Innovation and Entrepreneurship,2071-1395,Asia Pacific Journal of Innovation and Entrepreneurship,"Strategy, management and organisational behaviour",,,185,5734,Asia Pacific Journal of Innovation and Entrepreneurship,['BUSINESS'],81,Management of Technology and Innovation,"Business, Management and Accounting",0.9230769230769231,0,3,B
1420,4210241102,Innovation & Management Review,2515-8961,,,,,185,2947,Innovation & Management Review,['MANAGEMENT'],64,Strategy and Management,"Business, Management and Accounting",0.8944099378881988,0,2,B
1421,4210202311,The International journal of accounting/International journal of accounting,1094-4060,The International Journal of Accounting,"Accounting, auditing and accountability",International Journal of Accounting Information Systems,F&A,182,1245,International Journal of Accounting,"['BUSINESS, FINANCE']",117,Accounting,"Business, Management and Accounting",1.0,1,2,A
1422,2739385614,AD-minister,1692-0279,,,,,182,1142,AD-minister,['BUSINESS'],32,Economics and Econometrics,"Economics, Econometrics and Finance",1.0,1,1,
1423,161601701,Journal of Technology Management in China,1746-8779,Journal of Technology Management in China,Human resources and industrial relations,,,182,3448,,,53,Strategy and Management,"Business, Management and Accounting",0.8709677419354839,0,1,
1424,2737307029,Clío América,1909-941X,,,,,181,675,Clio America,['BUSINESS'],90,Economics and Econometrics,"Economics, Econometrics and Finance",0.8181818181818182,1,1,
1425,4210168278,International Journal of Global Business and Competitiveness,0973-4619,International Journal of Global Business and Competitiveness,"Strategy, management and organisational behaviour",,,181,1478,,,23,Strategy and Management,"Business, Management and Accounting",1.0,0,2,B
1426,2737892326,Inquietud Empresarial,0121-1048,,,,,180,213,Inquietud Empresarial,['BUSINESS'],75,Economics and Econometrics,"Economics, Econometrics and Finance",0.75,1,1,
1427,959550399,New Perspectives on Political Economy,1801-0938,New Perspectives on Political Economy,"Banking, finance and investment",,,180,301,,,32,Economics and Econometrics,"Economics, Econometrics and Finance",0.8552631578947368,2,0,E
1428,4210193178,Organization Theory,2631-7877,Organization Theory,"Strategy, management and organisational behaviour",Organization Theory,"OS/OB,HRM/IR",179,5730,Organization Theory,['MANAGEMENT'],107,Organizational Behavior and Human Resource Management,"Business, Management and Accounting",0.825136612021858,0,3,B
1429,2764469589,Journal of Business Administration Research,1927-9507,Journal of Business Administration Research,Human resources and industrial relations,,,178,975,,,14,Organizational Behavior and Human Resource Management,"Business, Management and Accounting",1.0,0,1,
1430,168680943,Annals of economics and finance,1529-7373,Annals of the Economics and Finance,"Banking, finance and investment",,,178,1671,Annals of Economics and Finance,['ECONOMICS'],43,Economics and Econometrics,"Economics, Econometrics and Finance",1.0,3,0,E
1431,2765029640,ESIC MARKET Economic and Business Journal,0212-1867,,,,,178,550,ESIC Market,['BUSINESS'],34,Economics and Econometrics,"Economics, Econometrics and Finance",0.5051546391752577,1,1,
1432,4210214005,Latin American Journal of Central Banking,2666-1438,,,,,178,1021,Latin American Journal of Central Banking,"['ECONOMICS' 'BUSINESS, FINANCE']",61,"General Economics, Econometrics and Finance","Economics, Econometrics and Finance",1.0,2,1,A
1433,4210195752,The Journal of Investment Strategies,2047-1238,The Journal of Investment Strategies,"Banking, finance and investment",,,178,799,Journal of Investment Strategies,"['BUSINESS, FINANCE']",94,Finance,"Economics, Econometrics and Finance",0.8947368421052632,3,1,A
1434,4210209416,Green Finance,2643-1092,,,,,176,2655,Green Finance,"['BUSINESS, FINANCE']",64,Economics and Econometrics,"Economics, Econometrics and Finance",1.0,2,1,A
1435,181517389,Spanish Economic Review,1435-5469,Spanish Economic Review,Applied economics,,,175,3260,,,33,"General Economics, Econometrics and Finance","Economics, Econometrics and Finance",1.0,2,0,E
1436,2737963727,Indonesian Capital Market Review,1979-8997,,,,,175,561,Indonesian Capital Market Review,['ECONOMICS'],45,Accounting,"Business, Management and Accounting",1.0,1,1,
1437,121483264,JASSA.,0313-5934,JASSA,"Accounting, auditing and accountability",,,175,401,,,24,Finance,"Economics, Econometrics and Finance",1.0,1,0,
1438,2764519517,Bestuursdinamika,1019-567X,Management Dynamics,Human resources and industrial relations,,,174,2236,,,23,Organizational Behavior and Human Resource Management,"Business, Management and Accounting",1.0,0,1,
1439,4210206337,Journal of Accounting Business and Management (JABM),0216-423X,"Journal of Accounting, Business and Management","Accounting, auditing and accountability",,,172,426,,,25,Accounting,"Business, Management and Accounting",1.0,0,1,
1440,48312676,MIS Quarterly Executive,1540-1960,,,MIS Quarterly Executive,"MIS, KM",172,6044,MIS Quarterly Executive,['MANAGEMENT'],30,Management Information Systems,"Business, Management and Accounting",0.7236842105263158,0,2,B
1441,4394735606,International Journal of Management and Economics,2543-5361,,,,,172,332,International Journal of Management and Economics,['ECONOMICS'],18,Accounting,"Business, Management and Accounting",1.0,1,1,
1442,90027464,Journal of Time Series Econometrics,1941-1928,Journal of Time Series Econometrics,Econometrics,,,171,1117,,,84,"General Economics, Econometrics and Finance","Economics, Econometrics and Finance",0.9221789883268483,2,0,E
1443,4210224398,International Hospitality Review,2516-8142,International Hospitality Review,Commercial services,,,171,2346,,,47,Sociology and Political Science,Social Sciences,0.5225806451612903,0,1,
1444,191007255,International Review of Environmental and Resource Economics,1931-1465,,,,,170,5273,International Review of Environmental and Resource Economics,['ECONOMICS'],53,Economics and Econometrics,"Economics, Econometrics and Finance",0.8466666666666667,2,0,E
1445,4387279745,Bankers Markets & Investors,2101-9304,"Bankers, Markets & Investors","Banking, finance and investment",,,169,90,,,32,Finance,"Economics, Econometrics and Finance",1.0,2,0,E
1446,131077017,International Journal of Behavioural Accounting and Finance,1753-1969,International Journal of Behavioural Accounting and Finance,"Accounting, auditing and accountability",,,169,599,,,49,Finance,"Economics, Econometrics and Finance",0.9032258064516129,1,0,
1447,4210237991,International Journal of Electronic Banking,1753-5239,International Journal of Electronic Banking,"Banking, finance and investment",,,169,955,,,45,Management Information Systems,"Business, Management and Accounting",0.7555555555555555,1,1,
1448,4210237103,Indonesian Management and Accounting Research,1411-8858,Indonesian Management and Accounting Research,"Accounting, auditing and accountability",,,168,443,,,31,Accounting,"Business, Management and Accounting",1.0,0,1,
1449,2764345595,Management Research and Practice,2067-2462,,,,,168,1656,Management Research and Practice,['MANAGEMENT'],18,Management Information Systems,"Business, Management and Accounting",0.8360655737704918,0,2,B
1450,4210235745,Istanbul Business Research,2630-5488,,,,,167,481,Istanbul Business Research,"['BUSINESS, FINANCE']",11,Economics and Econometrics,"Economics, Econometrics and Finance",0.625,2,1,A
1451,4306521912,Pakistan journal of applied economics,0254-9204,Pakistan Journal of Applied Economics,Applied economics,,,167,597,,,27,Economics and Econometrics,"Economics, Econometrics and Finance",0.8623853211009175,2,0,E
1452,4210226497,Critical Finance Review,2164-5744,Critical Finance Review,"Banking, finance and investment",Critical Finance Review,F&A,167,5129,Critical Finance Review,"['BUSINESS, FINANCE']",70,Finance,"Economics, Econometrics and Finance",1.0,3,1,A
1453,2898418539,International Journal of Innovation Studies,2096-2487,,,,,167,4347,International Journal of Innovation Studies,['MANAGEMENT'],43,Strategy and Management,"Business, Management and Accounting",1.0,0,2,B
1454,4210213268,The Journal of Financial Market Infrastructures,2049-5404,,,,,167,800,Journal of Financial Market Infrastructures,"['BUSINESS, FINANCE']",93,Finance,"Economics, Econometrics and Finance",1.0,2,1,A
1455,4210201622,Cuadernos de economía,0716-0046,Latin American Journal of Economics,Applied economics,,,165,1693,,,49,"General Economics, Econometrics and Finance","Economics, Econometrics and Finance",0.8837209302325582,2,0,E
1456,4210207244,WPOM - Working Papers on Operations Management,1989-9068,,,,,165,881,WPOM-Working Papers on Operations Management,['BUSINESS'],24,Economics and Econometrics,"Economics, Econometrics and Finance",0.6326530612244898,1,1,
1457,4210198827,Change Management An International Journal,2327-798X,Change Management,"Strategy, management and organisational behaviour",,,165,152,,,9,Management of Technology and Innovation,"Business, Management and Accounting",0.8378378378378378,0,2,B
1458,148936004,The International Journal of Digital Accounting Research,1577-8517,The International Journal of Digital Accounting Research,"Accounting, auditing and accountability",,,165,3609,,,37,Management Information Systems,"Business, Management and Accounting",0.6915887850467289,0,1,
1459,4210220799,Business and Management Horizons,2326-0297,Business and Management Horizons,"Strategy, management and organisational behaviour",,,164,610,,,14,Accounting,"Business, Management and Accounting",0.4528301886792453,0,2,B
1460,4210219378,Journal of Financial Reporting,2380-2146,Journal of Financial Reporting,"Accounting, auditing and accountability",Journal of Financial Reporting,F&A,162,1608,Journal of Financial Reporting,"['BUSINESS, FINANCE']",92,Accounting,"Business, Management and Accounting",0.9723502304147466,1,2,A
1461,4210172917,International Review of Business Research Papers,1832-9543,International Review of Business Research Papers,"Accounting, auditing and accountability",,,162,1496,,,24,Accounting,"Business, Management and Accounting",1.0,0,1,
1462,76900604,International Journal of Strategic Change Management,1740-2859,International Journal of Strategic Change Management,Business systems in context,,,161,1036,,,48,Strategy and Management,"Business, Management and Accounting",1.0,0,2,B
1463,4210219657,American Review of Political Economy,1551-1383,American Review of Political Economy,Other economics,,,160,480,,,37,Economics and Econometrics,"Economics, Econometrics and Finance",0.75,2,0,E
1464,63515265,Logistics Research,1865-035X,Logistics Research,"Transportation, logistics and supply chains",,,159,5154,,,39,Management Information Systems,"Business, Management and Accounting",0.8111888111888111,0,2,B
1465,74137692,International Journal of Technoentrepreneurship,1746-5370,International Journal of Technoentrepreneurship,Business systems in context,,,158,605,,,47,Management of Technology and Innovation,"Business, Management and Accounting",0.8938053097345132,0,2,B
1466,4210184829,Central Bank Review,1303-0701,Central Bank Review,"Banking, finance and investment",,,158,2145,Central Bank Review,['ECONOMICS'],68,"General Economics, Econometrics and Finance","Economics, Econometrics and Finance",1.0,3,0,E
1467,4210219827,Food Economics - Acta Agriculturae Scandinavica Section C,1650-7541,Acta Agriculturae Scandinavica Section C: Food Economics,Applied economics,,,157,1908,,,37,Economics and Econometrics,"Economics, Econometrics and Finance",0.6029411764705882,2,0,E
1468,4210197127,Journal of Management History (Archive),1355-252X,Management Decision,Human resources and industrial relations,Management Decision,Gen & Strat,156,2473,MANAGEMENT DECISION,['BUSINESS' 'MANAGEMENT'],63,Organizational Behavior and Human Resource Management,"Business, Management and Accounting",0.8674698795180723,0,2,B
1469,4210191533,Customer Needs and Solutions,2196-291X,Customer Needs and Solutions,Marketing,,,155,2035,,,57,Marketing,"Business, Management and Accounting",0.8775510204081632,0,1,
1470,4210217054,China Accounting and Finance Review,1029-807X,China Accounting and Finance Review,"Accounting, auditing and accountability",,,155,709,,,101,Accounting,"Business, Management and Accounting",1.0,0,1,
1471,2898431940,The Journal of Finance and Data Science,2405-9188,,,,,154,4090,Journal of Finance and Data Science,"['ECONOMICS' 'BUSINESS, FINANCE']",50,Finance,"Economics, Econometrics and Finance",0.7365269461077845,2,1,A
1472,4210222928,Land Development Studies,0264-0821,Journal of Property Research,"Banking, finance and investment",,,154,659,,,32,Economics and Econometrics,"Economics, Econometrics and Finance",0.5444444444444444,2,0,E
1473,2738087221,Triple Helix Journal,2197-1927,,,,,154,2105,Triple Helix,['MANAGEMENT'],88,Management of Technology and Innovation,"Business, Management and Accounting",0.8875502008032129,0,2,B
1474,4210201520,The Japanese Political Economy,2329-194X,The Japanese Political Economy,Applied economics,,,154,507,Japanese Political Economy,['ECONOMICS'],43,"General Economics, Econometrics and Finance","Economics, Econometrics and Finance",0.5555555555555556,3,0,E
1475,185653637,Journal of agricultural and resource economics,1068-5502,Journal of Agricultural and Resource Economics,Applied economics,,,154,2306,JOURNAL OF AGRICULTURAL AND RESOURCE ECONOMICS,['ECONOMICS'],59,Economics and Econometrics,"Economics, Econometrics and Finance",0.6011904761904762,3,0,E
1476,4210187577,Market-Tržište,0353-4790,,,,,154,619,Market-Trziste,['BUSINESS'],38,Sociology and Political Science,Social Sciences,0.4661016949152542,0,1,
1477,69604123,Review of Marketing Science,1546-5616,Review of Marketing Science,Marketing,,,153,1101,,,61,Marketing,"Business, Management and Accounting",0.782608695652174,0,1,
1478,4210219734,National Accounting Review,2689-3010,,,,,152,793,National Accounting Review,"['ECONOMICS' 'BUSINESS, FINANCE']",20,Economics and Econometrics,"Economics, Econometrics and Finance",1.0,2,1,A
1479,2764696955,Issues in Social and Environmental Accounting,1978-0591,Issues in Social and Environmental Accounting,"Accounting, auditing and accountability",,,152,1697,,,58,Strategy and Management,"Business, Management and Accounting",1.0,0,1,
1480,2764549467,Engineering Management Research,1927-7318,Engineering Management Research,"Strategy, management and organisational behaviour",,,150,747,,,14,Management Information Systems,"Business, Management and Accounting",0.4318181818181818,0,2,B
1481,4306525181,Quarterly journal of business and economics,0747-5535,Quarterly Journal of Business and Economics,Applied economics,,,150,2902,,,71,Accounting,"Business, Management and Accounting",1.0,1,1,
1482,4210190792,South Asian Journal of Macroeconomics and Public Finance,2277-9787,South Asian Journal of Macroeconomics and Public Finance,Applied economics,,,150,748,South Asian Journal of Macroeconomics and Public Finance,['ECONOMICS'],57,"General Economics, Econometrics and Finance","Economics, Econometrics and Finance",1.0,3,0,E
1483,2764354898,Journal of Comparative International Management,1481-0468,Journal of Comparative International Management,Human resources and industrial relations,,,148,656,,,19,Strategy and Management,"Business, Management and Accounting",1.0,0,1,
1484,69065261,International Journal of Inventory Research,1746-6962,International Journal of Inventory Research,"Transportation, logistics and supply chains",,,148,422,,,105,Management Information Systems,"Business, Management and Accounting",1.0,0,2,B
1485,2764417826,The international journal of business and finance research,1931-0269,The International Journal of Business and Finance Research,"Accounting, auditing and accountability",,,148,863,,,58,Accounting,"Business, Management and Accounting",1.0,0,1,
1486,189923312,Sloan management review,0019-848X,MIT Sloan Management Review: MIT's journal of management research and ideas,Marketing,MIT Sloan Management Review,Gen & Strat,147,36534,MIT SLOAN MANAGEMENT REVIEW,['BUSINESS' 'MANAGEMENT'],16,Management Information Systems,"Business, Management and Accounting",1.0,0,2,B
1487,4210240690,Journal of Asian Business and Economic Studies,2515-964X,,,,,147,2862,Journal of Asian Business and Economic Studies,['ECONOMICS' 'BUSINESS'],29,Accounting,"Business, Management and Accounting",1.0,1,2,A
1488,4210189494,Applied Finance Letters,2253-5799,Applied Finance Letters,"Banking, finance and investment",,,145,355,,,49,Economics and Econometrics,"Economics, Econometrics and Finance",1.0,2,0,E
1489,4387281549,International Studies of Economics,2831-3224,,,,,145,196,International Studies of Economics,['ECONOMICS'],18,Economics and Econometrics,"Economics, Econometrics and Finance",1.0,2,0,E
1490,4210180908,Financial Internet Quarterly,2719-3454,,,,,141,450,Financial Internet Quarterly,"['ECONOMICS' 'BUSINESS, FINANCE']",22,Accounting,"Business, Management and Accounting",1.0,1,2,A
1491,4210225511,Business Informatics,1998-0663,,,,,140,980,Biznes Informatika-Business Informatics,['BUSINESS'],45,Management of Technology and Innovation,"Business, Management and Accounting",0.5047619047619047,0,2,B
1492,55985146,International Journal of Services Sciences,1753-1446,International Journal of Services Sciences,"Strategy, management and organisational behaviour",,,139,10050,,,25,Marketing,"Business, Management and Accounting",0.7011494252873564,0,2,B
1493,35796699,Kredit und Kapital,0023-4591,Kredit und Kapital,"Banking, finance and investment",,,139,261,,,30,Finance,"Economics, Econometrics and Finance",1.0,2,0,E
1494,4210190158,Journal of Economic Policy Researches / İktisat Politikası Araştırmaları Dergisi,2148-3876,,,,,138,310,Journal of Economic Policy Researches-Iktisat Politikasi Arastirmalari Dergisi,"['ECONOMICS' 'BUSINESS, FINANCE']",18,Economics and Econometrics,"Economics, Econometrics and Finance",1.0,2,1,A
1495,4210168891,International Journal of Supply Chain and Operations Resilience,2052-868X,International Journal of Supply Chain and Operations Resilience,"Strategy, management and organisational behaviour",,,138,360,,,52,Management Information Systems,"Business, Management and Accounting",0.9171974522292994,0,2,B
1496,73660788,International Journal of Strategic Business Alliances,1756-6444,International Journal of Strategic Business Alliances,Business systems in context,,,137,637,,,54,Strategy and Management,"Business, Management and Accounting",1.0,0,2,B
1497,2764798183,South African Actuarial Journal,1680-2179,South African Actuarial Journal,"Banking, finance and investment",,,135,364,South African Actuarial Journal,"['BUSINESS, FINANCE']",41,Economics and Econometrics,"Economics, Econometrics and Finance",0.5666666666666667,3,1,A
1498,4210229362,Seoul Journal of Business,1226-9816,Seoul Journal of Business,"Strategy, management and organisational behaviour",,,132,852,,,30,Accounting,"Business, Management and Accounting",1.0,0,2,B
1499,2764478856,Journal of finance and investment analysis,2241-0988,Journal of Finance and Investment Analysis,"Banking, finance and investment",,,132,379,,,30,Finance,"Economics, Econometrics and Finance",1.0,2,0,E
1500,2764922153,Central European Journal of Economic Modelling and Econometrics,2080-0886,Central European Journal of Economic Modelling and Econometrics,Applied economics,,,132,441,Central European Journal of Economic Modelling and Econometrics,['ECONOMICS'],40,"General Economics, Econometrics and Finance","Economics, Econometrics and Finance",1.0,3,0,E
1501,4210214325,Journal of Global Economic Analysis,2377-2999,,,,,131,2413,Journal of Global Economic Analysis,['ECONOMICS'],35,"General Economics, Econometrics and Finance","Economics, Econometrics and Finance",0.8404255319148937,2,0,E
1502,83383069,International Journal of Quality and Innovation,1756-6975,International Journal of Quality and Innovation,"Strategy, management and organisational behaviour",,,129,462,,,38,Management Information Systems,"Business, Management and Accounting",1.0,0,2,B
1503,2764691195,Journal of Accounting and Management Information Systems,1583-4387,Journal of Accounting and Management Information Systems,"Accounting, auditing and accountability",,,129,1317,,,46,Accounting,"Business, Management and Accounting",0.8807339449541285,0,1,
1504,154432073,Foundations and Trends® in Technology Information and Operations Management,1571-9545,"Foundations and Trends in Technology, Information and Operations Management","Transportation, logistics and supply chains",,,128,1366,,,27,Management Information Systems,"Business, Management and Accounting",1.0,0,2,B
1505,4210198154,Algorithmic Finance,2157-6203,,,,,128,472,Algorithmic Finance,"['BUSINESS, FINANCE']",50,Finance,"Economics, Econometrics and Finance",0.8263473053892215,2,1,A
1506,4210185081,Revista de Economia Mackenzie,1678-5002,Revista de Economia Mackenzie,Applied economics,,,126,93,,,33,"General Economics, Econometrics and Finance","Economics, Econometrics and Finance",0.5,2,0,E
1507,4210174932,Statistika Statistics and Economy Journal,0322-788X,,,,,126,159,Statistika-Statistics and Economy Journal,['ECONOMICS'],14,Demography,Social Sciences,0.7142857142857143,1,0,
1508,73201759,Foundations and Trends® in Entrepreneurship,1551-3114,Foundations and Trends in Entrepreneurship,"Strategy, management and organisational behaviour",,,125,4657,Foundations and Trends in Entrepreneurship,['BUSINESS'],69,Management of Technology and Innovation,"Business, Management and Accounting",1.0,0,3,B
1509,2911234051,The Irish Journal of Management,1649-248X,Irish Journal of Management,Human resources and industrial relations,,,123,757,Irish Journal of Management,['MANAGEMENT'],22,Management of Technology and Innovation,"Business, Management and Accounting",0.8115942028985508,0,2,B
1510,2764844241,Advances in competitiveness research,1077-0097,Advances in Competitiveness Research,Human resources and industrial relations,,,121,1332,,,16,Strategy and Management,"Business, Management and Accounting",1.0,0,1,
1511,2736872555,Croatian Economic Survey,1330-4860,,,,,120,610,Croatian Economic Survey,['ECONOMICS'],18,Finance,"Economics, Econometrics and Finance",0.8181818181818182,2,0,E
1512,116294579,Jeung'gweon hag'hoeji,1226-1165,Asia-Pacific Journal of Financial Studies,"Accounting, auditing and accountability",,,120,747,Asia-Pacific Journal of Financial Studies,"['BUSINESS, FINANCE']",45,Accounting,"Business, Management and Accounting",1.0,1,2,A
1513,4210199421,Journal of CENTRUM Cathedra (JCC) The Business and Economics Research Journal,1851-6599,Journal of Centrum Cathedra,"COMMERCE, MANAGEMENT, TOURISM AND SERVICES",,,118,517,,,17,Management Science and Operations Research,Decision Sciences,0.7166666666666667,0,1,
1514,20277109,South East European Journal of Economics and Business,1840-118X,,,,,116,1223,South East European Journal of Economics and Business,['ECONOMICS'],18,"General Economics, Econometrics and Finance","Economics, Econometrics and Finance",1.0,2,0,E
1515,4210176281,Technology Transfer and Entrepreneurship,2213-8099,Technology Transfer and Entrepreneurship,"Strategy, management and organisational behaviour",,,115,74,,,18,"Public Health, Environmental and Occupational Health",Medicine,0.5384615384615384,0,1,
1516,2764635209,Southern business review,0884-1373,Southern Business Review,"Strategy, management and organisational behaviour",,,114,769,,,7,Management of Technology and Innovation,"Business, Management and Accounting",0.8148148148148148,0,2,B
1517,4210231521,Data Science in Finance and Economics,2769-2140,,,,,114,666,Data Science in Finance and Economics,"['ECONOMICS' 'BUSINESS, FINANCE']",36,Management Science and Operations Research,Decision Sciences,0.7142857142857143,1,1,
1518,4210200021,World Journal of Management,1836-070X,World Journal of Management,"Strategy, management and organisational behaviour",,,112,384,,,12,Organizational Behavior and Human Resource Management,"Business, Management and Accounting",0.6190476190476191,0,2,B
1519,9551102,International journal of central banking,1815-4654,International Journal of Central Banking,"Banking, finance and investment",International Journal of Central Banking,Economics,110,1943,International Journal of Central Banking,"['BUSINESS, FINANCE']",57,"General Economics, Econometrics and Finance","Economics, Econometrics and Finance",1.0,4,1,A
1520,2898448967,Review of Development Finance,1879-9337,Review of Development Finance,"Banking, finance and investment",,,109,6335,Review of Development Finance,"['BUSINESS, FINANCE']",31,Accounting,"Business, Management and Accounting",0.8449612403100775,2,2,A
1521,4210216314,Journal of Strategic Contracting and Negotiation,2055-5636,Journal of Strategic Contracting and Negotiation,"Strategy, management and organisational behaviour",,,109,724,,,30,Strategy and Management,"Business, Management and Accounting",0.8640776699029126,0,2,B
1522,19770063,Review of Economics and Institutions,2038-1379,"Review of Economics and Institutions: Economia, Societa E Istituzioni",Applied economics,,,107,2796,,,22,Economics and Econometrics,"Economics, Econometrics and Finance",1.0,2,0,E
1523,4210219052,Journal of Financial Management Markets and Institutions,2282-717X,"Journal of Financial Management, Markets and Institutions","Banking, finance and investment",,,106,399,,,31,Finance,"Economics, Econometrics and Finance",1.0,2,0,E
1524,4210203057,China Economic Quarterly International,2666-9331,,,,,106,864,China Economic Quarterly International,['ECONOMICS'],14,Economics and Econometrics,"Economics, Econometrics and Finance",1.0,2,0,E
1525,4210211241,Business Management and Economics Engineering,2669-2481,,,,,102,569,Business Management and Economics Engineering,['ECONOMICS' 'BUSINESS' 'MANAGEMENT'],10,"Management, Monitoring, Policy and Law",Environmental Science,0.7368421052631579,1,1,
1526,4210197795,Journal of Hospital Marketing & Public Relations,1539-0934,Journal of Hospital Marketing and Public Relations,Marketing,,,100,624,,,18,General Health Professions,Health Professions,0.603448275862069,0,0,
1527,4210202938,Modern Supply Chain Research and Applications,2631-3871,Modern Supply Chain Research and Applications,"Transportation, logistics and supply chains",,,100,1679,,,52,Strategy and Management,"Business, Management and Accounting",0.9242424242424242,0,2,B
1528,50246973,Advances in International Accounting,0897-3660,Advances in Accounting,"Accounting, auditing and accountability",Advances in Accounting,F&A,99,1920,Advances in Accounting,"['BUSINESS, FINANCE']",52,Accounting,"Business, Management and Accounting",1.0,1,2,A
1529,4210198794,Asia and the Global Economy,2667-1115,,,,,98,379,Asia and the Global Economy,['ECONOMICS'],24,"General Economics, Econometrics and Finance","Economics, Econometrics and Finance",1.0,2,0,E
1530,4210175461,Global Review of Accounting and Finance,1838-1413,Global Review of Accounting and Finance,"Accounting, auditing and accountability",,,97,328,,,22,Accounting,"Business, Management and Accounting",1.0,0,1,
1531,4210176215,Case Studies in Business and Management,2333-3324,Case Studies in Business and Management,"Strategy, management and organisational behaviour",,,97,140,,,6,Accounting,"Business, Management and Accounting",1.0,0,2,B
1532,4210199953,American International Journal of Contemporary Research,2162-139X,American International Journal of Contemporary Research,"Strategy, management and organisational behaviour",,,97,1173,,,3,Management of Technology and Innovation,"Business, Management and Accounting",0.5833333333333334,0,2,B
1533,4210186352,Journal of Marketing Practice Applied Marketing Science,1355-2538,Marketing Intelligence and Planning,Marketing,Marketing Intelligence and Planning,Marketing,96,3309,Marketing Intelligence & Planning,['BUSINESS'],22,Marketing,"Business, Management and Accounting",1.0,0,2,B
1534,4210215409,Asia Pacific Journal of Advanced Business and Social Studies,2205-6033,Asia Pacific Journal of Advanced Business and Social Studies,Business systems in context,,,94,201,,,6,"Management, Monitoring, Policy and Law",Environmental Science,0.7,0,1,
1535,2764693879,Journal of the Asian Real Estate Society,1029-6131,International Real Estate Review,"Banking, finance and investment",,,93,737,International Real Estate Review,['ECONOMICS'],86,Economics and Econometrics,"Economics, Econometrics and Finance",1.0,3,0,E
1536,4210201828,International Journal of Small Business and Entrepreneurship Research,2053-5821,International Journal of Small Business and Entrepreneurship Research,Business systems in context,,,92,185,,,20,Management of Technology and Innovation,"Business, Management and Accounting",0.8035714285714286,0,2,B
1537,4210225012,Journal of Entrepreneurship and Business Innovation,2332-8851,Journal of entrepreneurship and business innovation,"Strategy, management and organisational behaviour",,,92,418,,,23,Management of Technology and Innovation,"Business, Management and Accounting",1.0,0,2,B
1538,4210191200,Applied Economic Analysis,2632-7627,,,,,92,930,Applied Economic Analysis,['ECONOMICS'],18,Economics and Econometrics,"Economics, Econometrics and Finance",0.8333333333333334,2,0,E
1539,4210225021,Thexis,0254-9697,Marketing Review St Gallen,Marketing,,,91,252,,,63,Strategy and Management,"Business, Management and Accounting",1.0,0,1,
1540,2764581894,Southern African Journal of Accountability and Auditing Research,1028-9011,Southern African Journal of Accountability and Auditing Research,"Accounting, auditing and accountability",,,91,271,Southern African Journal of Accountability and Auditing Research-SAJAAR,"['BUSINESS, FINANCE']",26,Accounting,"Business, Management and Accounting",0.813953488372093,1,2,A
1541,4210235361,Istanbul Journal of Economics / İstanbul İktisat Dergisi,2602-4152,,,,,90,239,Istanbul Iktisat Dergisi-Istanbul Journal of Economics,"['ECONOMICS' 'BUSINESS, FINANCE']",13,Economics and Econometrics,"Economics, Econometrics and Finance",1.0,2,1,A
1542,4210208962,AIS Educator Journal,1935-8156,AIS Educator Journal,"Accounting, auditing and accountability",,,90,370,,,58,Accounting,"Business, Management and Accounting",0.8705035971223022,0,1,
1543,41123332,Journal of Knowledge-based Innovation in China,1756-1418,Journal of Knowledge-Based Innovation in China,"Strategy, management and organisational behaviour",,,88,804,,,30,Strategy and Management,"Business, Management and Accounting",0.8690476190476191,0,2,B
1544,2764502442,Quarterly journal of finance and accounting,1939-8123,Quarterly Journal of Business and Economics,Applied economics,,,87,681,,,49,Accounting,"Business, Management and Accounting",1.0,1,1,
1545,2764902226,American Journal of Economics,2166-4951,American Journal of Economics,"Banking, finance and investment",,,83,1687,,,11,Information Systems and Management,Decision Sciences,0.7555555555555555,1,0,
1546,4210212085,Global Business & Economics Anthology,1553-1392,Global Business and Economics Anthology,"Banking, finance and investment",,,83,59,,,9,Economics and Econometrics,"Economics, Econometrics and Finance",1.0,2,0,E
1547,4210183927,Istanbul Journal of Economics / İstanbul İktisat Dergisi,2602-3954,,,,,79,154,Istanbul Iktisat Dergisi-Istanbul Journal of Economics,"['ECONOMICS' 'BUSINESS, FINANCE']",13,Economics and Econometrics,"Economics, Econometrics and Finance",1.0,2,1,A
1548,4210192427,The Electronic Journal of Business Research Methods,1477-7029,Electronic Journal of Business Research Methods,"Strategy, management and organisational behaviour",,,77,2861,,,7,Management Information Systems,"Business, Management and Accounting",0.42857142857142855,0,2,B
1549,4306515390,Journal of Business Models,2246-2465,Journal of Business Models,Business systems in context,,,76,201,,,20,Marketing,"Business, Management and Accounting",1.0,0,2,B
1550,4210235882,ZFW – Advances in Economic Geography,2748-1956,,,,,76,566,ZFW-Advances in Economic Geography,['ECONOMICS'],13,Economics and Econometrics,"Economics, Econometrics and Finance",0.8372093023255814,2,0,E
1551,1008349740,Foundations and Trends® in Accounting,1554-0642,Foundations and Trends in Accounting,"Accounting, auditing and accountability",,,74,2066,,,28,Accounting,"Business, Management and Accounting",1.0,0,1,
1552,98018944,Journal of business market management,1864-0753,Journal of Business Market Management,Marketing,,,74,1603,,,28,Organizational Behavior and Human Resource Management,"Business, Management and Accounting",0.9047619047619048,0,1,
1553,69354472,Direct Marketing An International Journal,1750-5933,Journal of Research in Interactive Marketing,Marketing,,,73,2128,Journal of Research in Interactive Marketing,['BUSINESS'],26,Sociology and Political Science,Social Sciences,0.5543478260869565,0,1,
1554,4306513120,Indian Journal of Economics & Business,0972-5784,Indian Journal of Economics and Business,Applied economics,,,73,503,,,11,Finance,"Economics, Econometrics and Finance",1.0,2,0,E
1555,4210172557,Journal of Business and Economic Studies,1063-343X,Journal of Business and Economic Studies,Applied economics,,,73,420,,,5,Accounting,"Business, Management and Accounting",1.0,1,1,
1556,2737226017,Aestimatio The IEB International Journal of Finance,2173-0164,Aestimatio: the IEB International Journal of Finance,"Banking, finance and investment",,,72,414,,,8,Accounting,"Business, Management and Accounting",1.0,1,1,
1557,43156200,Review,0014-9187,Review of the Federal Reserve Bank of St. Louis,"Banking, finance and investment",,,72,1098,FEDERAL RESERVE BANK OF ST LOUIS REVIEW,"['ECONOMICS' 'BUSINESS, FINANCE']",23,"General Economics, Econometrics and Finance","Economics, Econometrics and Finance",1.0,3,1,A
1558,4210204738,Journal of Marketing Behavior,2326-568X,Journal of Marketing Behavior,Marketing,,,72,568,,,17,General Decision Sciences,Decision Sciences,0.5806451612903226,0,0,
1559,74620885,"Accounting auditing & accountability journal/Accounting, auditing & accountability journal",1368-0668,"Accounting, Auditing & Accountability Journal","Accounting, auditing and accountability","Accounting, Auditing and Accountability Journal",F&A,71,114,Accounting Auditing & Accountability Journal,"['BUSINESS, FINANCE']",18,Management Information Systems,"Business, Management and Accounting",0.8571428571428571,1,2,A
1560,4210191553,Journal of Law Finance and Accounting,2380-5005,,,,,70,1198,Journal of Law Finance and Accounting,"['BUSINESS, FINANCE']",27,Accounting,"Business, Management and Accounting",1.0,1,2,A
1561,997943089,Foundations and Trends® in Marketing,1555-0753,Foundations and Trends in Marketing,Marketing,,,68,1912,Foundations and Trends in Marketing,['BUSINESS'],16,Marketing,"Business, Management and Accounting",0.7966101694915254,0,2,B
1562,2764351440,Accounting & taxation,1944-592X,Accounting & Taxation,"Accounting, auditing and accountability",,,67,311,,,22,Accounting,"Business, Management and Accounting",1.0,0,1,
1563,4210171719,Market Microstructure and Liquidity,2382-6266,Market Microstructure and Liquidity,"Banking, finance and investment",,,67,857,,,44,Finance,"Economics, Econometrics and Finance",1.0,2,0,E
1564,4210201278,International Journal of Operations and Quantitative Management,1082-1910,International Journal of Operations and Quantitative Management,"Transportation, logistics and supply chains",,,67,211,,,8,Management Information Systems,"Business, Management and Accounting",0.8076923076923077,0,2,B
1565,5406982871,Financial Planning Research Journal,2206-1355,Financial Planning Research Journal,"Banking, finance and investment",,,67,212,,,36,Accounting,"Business, Management and Accounting",0.8947368421052632,1,1,
1566,4210170639,Global Economy and Finance Journal,1834-5883,Global Economics and Finance Journal,"Banking, finance and investment",,,66,212,,,12,Accounting,"Business, Management and Accounting",1.0,1,1,
1567,114420290,Canadian Accounting Perspectives,1499-8653,Accounting Perspectives,"Accounting, auditing and accountability",,,65,966,Accounting Perspectives,"['BUSINESS, FINANCE']",39,Accounting,"Business, Management and Accounting",1.0,1,2,A
1568,2764920710,International journal of management and marketing research,1933-3153,International Journal of Management and Marketing Research,Marketing,,,64,548,,,14,Organizational Behavior and Human Resource Management,"Business, Management and Accounting",0.6346153846153846,0,1,
1569,123595276,Journal of Science and Technology Policy in China,1758-552X,,,,,64,749,Journal of Science and Technology Policy Management,['MANAGEMENT'],28,Strategy and Management,"Business, Management and Accounting",1.0,0,2,B
1570,4210214019,Journal of Hospitality Application and Research,0973-4538,JOHAR: Journal of Hospitality Application and Research,Commercial services,,,64,146,,,24,Sociology and Political Science,Social Sciences,0.4915254237288136,0,1,
1571,4210235487,Betriebswirtschaftliche Forschung und Praxis,0340-5370,BFuP: Betriebswirtschaftliche Forschung und Praxis,"COMMERCE, MANAGEMENT, TOURISM AND SERVICES",,,63,82,BETRIEBSWIRTSCHAFTLICHE FORSCHUNG UND PRAXIS,['BUSINESS' 'MANAGEMENT'],4,Social Psychology,Psychology,0.7142857142857143,0,2,B
1572,4210217359,Gurukul Business Review,0973-1466,,,,,62,86,Gurukul Business Review-GBR,['BUSINESS'],8,Economics and Econometrics,"Economics, Econometrics and Finance",0.84,1,1,
1573,4210176731,ECORFAN Journal Mexico,2007-3682,,,,,62,38,Revista Ecorfan,['BUSINESS'],10,Economics and Econometrics,"Economics, Econometrics and Finance",0.7272727272727273,1,1,
1574,2764984469,Central bank review,1305-8800,Central Bank Review,"Banking, finance and investment",,,62,536,Central Bank Review,['ECONOMICS'],36,"General Economics, Econometrics and Finance","Economics, Econometrics and Finance",1.0,3,0,E
1575,4210228977,The Journal of Network Theory in Finance,2055-7795,Journal of Network Theory in Finance,"Banking, finance and investment",,,61,514,,,35,Economics and Econometrics,"Economics, Econometrics and Finance",0.8152173913043478,2,0,E
1576,5407024501,Argumenta Oeconomica,2720-5088,,,,,58,15,Argumenta Oeconomica,['ECONOMICS'],4,Economics and Econometrics,"Economics, Econometrics and Finance",0.7647058823529411,2,0,E
1577,2764547682,Journal of Financial Management and Analysis,0970-4205,Journal of Financial Management and Analysis,"Banking, finance and investment",,,58,399,,,7,Accounting,"Business, Management and Accounting",1.0,1,1,
1578,4210228534,Journal of Organisational Studies and Innovation,2056-9122,,,,,57,133,Journal of Organisational Studies and Innovation,['MANAGEMENT'],6,Strategy and Management,"Business, Management and Accounting",0.4444444444444444,0,2,B
1579,2764892055,Seoul Journal of Economics,1225-0279,,,,,54,157,Seoul Journal of Economics,['ECONOMICS'],8,"General Economics, Econometrics and Finance","Economics, Econometrics and Finance",1.0,2,0,E
1580,4393918861,Turkish journal of islamic economics,2587-2303,,,,,53,90,Turkish Journal of Islamic Economics-TUJISE,['ECONOMICS'],39,Accounting,"Business, Management and Accounting",0.7058823529411765,1,1,
1581,4210191941,Real Estate Management and Valuation,1733-2478,,,,,53,487,Real Estate Management and Valuation,"['BUSINESS, FINANCE' 'MANAGEMENT']",19,Economics and Econometrics,"Economics, Econometrics and Finance",0.5735294117647058,2,1,A
1582,2911964755,Journal of applied finance,1534-6668,"Journal of Applied Finance: theory, practice, education","Accounting, auditing and accountability",,,51,743,,,14,Accounting,"Business, Management and Accounting",1.0,0,1,
1583,4210184633,SAM Advanced Management Journal,0749-7075,SAM Advanced Management Journal,Human resources and industrial relations,,,51,1674,,,6,Marketing,"Business, Management and Accounting",0.85,0,1,
1584,4210215119,GSTF Journal on Business Review,2010-4804,The GSTF Business Review,Applied economics,,,51,215,,,5,Accounting,"Business, Management and Accounting",0.8,1,1,
1585,149627586,Foundations and Trends® in Microeconomics,1547-9846,Foundations and Trends in Microeconomics,Economic theory,,,50,1877,,,6,Economics and Econometrics,"Economics, Econometrics and Finance",0.8461538461538461,2,0,E
1586,145395354,Ekonomiska samfundets tidskrift,0013-3183,Ekonomiska Samfundets Tidskrift,Applied economics,,,48,21,,,9,Education,Social Sciences,0.5,1,0,
1587,4210188556,Revista Gestión de las Personas y Tecnología,0718-5693,,,,,47,71,Revista Gestion de las Personas y Tecnologia,['MANAGEMENT'],11,Economics and Econometrics,"Economics, Econometrics and Finance",0.5945945945945946,1,1,
1588,22496144,Foundations and Trends® in Finance,1567-2395,Foundations and Trends in Finance,"Banking, finance and investment",,,46,2658,,,15,Accounting,"Business, Management and Accounting",1.0,1,1,
1589,2764870965,International productivity monitor,1492-9759,,,,,44,320,International Productivity Monitor,['ECONOMICS'],30,Economics and Econometrics,"Economics, Econometrics and Finance",1.0,2,0,E
1590,4210200284,The Japanese Accounting Review,2185-4785,,,,,44,238,Japanese Accounting Review,"['BUSINESS, FINANCE']",32,Accounting,"Business, Management and Accounting",1.0,1,2,A
1591,47389216,Economic and social review,0012-9984,Economic and Social Review,Applied economics,,,44,286,ECONOMIC AND SOCIAL REVIEW,['ECONOMICS'],6,Finance,"Economics, Econometrics and Finance",0.6190476190476191,3,0,E
1592,4306520819,New York economic review,1090-5693,New York Economic Review,Applied economics,,,43,61,,,13,Economics and Econometrics,"Economics, Econometrics and Finance",0.7878787878787878,2,0,E
1593,4387292993,European Management Studies,2956-7602,,,,,41,27,European Management Studies,['MANAGEMENT'],5,"Management, Monitoring, Policy and Law",Environmental Science,0.7222222222222222,0,1,
1594,145337823,Journal of investment management,1545-9144,Journal of Investment Management,"Banking, finance and investment",,,41,125,Journal of Investment Management,"['BUSINESS, FINANCE']",6,Accounting,"Business, Management and Accounting",1.0,2,2,A
1595,7397502,Transformations in business & economics,1648-4460,Transformations in Business and Economics,"COMMERCE, MANAGEMENT, TOURISM AND SERVICES",,,40,331,Transformations in Business & Economics,['ECONOMICS' 'BUSINESS'],5,Political Science and International Relations,Social Sciences,0.6111111111111112,1,2,A
1596,4210239166,Revista Venezolana de Análisis de Coyuntura,1315-3617,Revista Venezolana de Analisis de Coyuntura,"Banking, finance and investment",,,38,7,,,4,Economics and Econometrics,"Economics, Econometrics and Finance",0.4375,2,0,E
1597,4210189591,Division of Labour & Transaction Costs,0219-8711,Division of Labour and Transaction Costs,Applied economics,,,38,86,,,5,Economics and Econometrics,"Economics, Econometrics and Finance",1.0,2,0,E
1598,4210211425,Annals of Corporate Governance,2381-6724,,,,,36,392,Annals of Corporate Governance,['MANAGEMENT'],11,Accounting,"Business, Management and Accounting",1.0,0,2,B
1599,4210173620,International Journal of Hospitality Information Technology,1533-7340,Information Technology in Hospitality,Commercial services,,,36,213,,,4,Education,Social Sciences,0.5,0,1,
1600,2764491269,Journal of Contemporary Issues in Business and Government,1323-6903,Journal of Contemporary Issues in Business and Government,"Strategy, management and organisational behaviour",,,35,118,,,4,Organizational Behavior and Human Resource Management,"Business, Management and Accounting",0.6666666666666666,0,2,B
1601,4210228296,Rivista internazionale di scienze economiche e commerciali,0035-6751,International Review of Economics,Applied economics,,,35,122,,,5,Economics and Econometrics,"Economics, Econometrics and Finance",1.0,2,0,E
1602,4387284188,Revista Brasileira de Economia de Empresas,1676-8000,Brazilian Journal of Business Economics,"Banking, finance and investment",,,35,0,,,5,Information Systems and Management,Decision Sciences,0.5,1,0,
1603,4210235571,Global Economy Journal,1524-5861,Global Economy Journal,Applied economics,,,34,88,Global Economy Journal,['ECONOMICS'],1,Economics and Econometrics,"Economics, Econometrics and Finance",0.8,3,0,E
1604,935516450,Foundations and Trends® in Econometrics,1551-3076,Foundations and Trends in Econometrics,Econometrics,,,34,2717,,,9,"General Economics, Econometrics and Finance","Economics, Econometrics and Finance",0.7692307692307693,2,0,E
1605,4210174125,Global Journal of Economics,2251-3612,Global Journal of Economics,"Banking, finance and investment",,,33,276,,,11,"General Economics, Econometrics and Finance","Economics, Econometrics and Finance",1.0,2,0,E
1606,4210211100,Global Business Perspectives,2194-0061,Global Business Perspectives,"Strategy, management and organisational behaviour",,,32,629,,,4,Management of Technology and Innovation,"Business, Management and Accounting",0.8421052631578947,0,2,B
1607,4210232125,Enterprise modelling and information systems architectures,1860-6059,Enterprise Modelling and Information Systems Architectures,Business systems in context,,,31,456,,,14,Management Information Systems,"Business, Management and Accounting",0.65,0,2,B
1608,4210229162,Journal of International Hospitality Leisure & Tourism Management,1092-3128,International Journal of Hospitality and Tourism Administration,Commercial services,,,28,208,,,9,Sociology and Political Science,Social Sciences,0.6666666666666666,0,1,
1609,115276198,The Journal of Wealth Management,1520-4154,The Journal of Wealth Management,"Accounting, auditing and accountability",,,27,12,,,4,Accounting,"Business, Management and Accounting",1.0,0,1,
1610,2764736659,Journal of Economic and Administrative Sciences,1026-4116,Journal of Economic and Administrative Sciences,Econometrics,,,26,338,Journal of Economic and Administrative Sciences,['ECONOMICS'],5,Economics and Econometrics,"Economics, Econometrics and Finance",1.0,3,0,E
1611,2764754140,Journal of international economic studies,0911-1247,Journal of International Economic Studies,Applied economics,,,23,23,,,3,"General Economics, Econometrics and Finance","Economics, Econometrics and Finance",0.7272727272727273,2,0,E
1612,121707599,Contributions in Theoretical Economics,1534-5971,The BE Journal in Theoretical Economics,Applied economics,,,22,353,,,12,Economics and Econometrics,"Economics, Econometrics and Finance",0.6774193548387096,2,0,E
1613,3207870907,Journal of Inter-Organizational Relationships,2694-3980,Journal of Inter-Organizational Relationships,Marketing,,,20,58,Journal of Inter-Organizational Relationships,['BUSINESS'],11,Organizational Behavior and Human Resource Management,"Business, Management and Accounting",1.0,0,2,B
1614,2764821879,Journal of international management studies,1993-1034,Journal of International Management Studies,Human resources and industrial relations,,,19,602,,,3,Marketing,"Business, Management and Accounting",0.8571428571428571,0,1,
1615,4210181410,Insurance Markets and Companies Analyses and Actuarial Computations,2078-2454,Insurance Markets and Companies: Analyses and Actuarial Computations,"Banking, finance and investment",,,18,51,,,6,Economics and Econometrics,"Economics, Econometrics and Finance",0.6666666666666666,2,0,E
1616,4306515597,The journal of global business issues,1931-311X,Journal of Global Business Issues,Human resources and industrial relations,,,17,295,,,2,Political Science and International Relations,Social Sciences,0.5,0,0,
1617,5406988643,International Journal of Marketing,2306-7217,Der Markt: international journal of marketing,Marketing,,,16,26,,,4,Sociology and Political Science,Social Sciences,0.5,0,0,
1618,5406942086,The IUP Journal of Applied Economics,0972-6861,The IUP Journal of Applied Economics,"Banking, finance and investment",,,16,2,,,2,Economics and Econometrics,"Economics, Econometrics and Finance",0.6,2,0,E
1619,2738702335,PSL quarterly review,2037-3635,,,,,15,157,PSL Quarterly Review,['ECONOMICS'],8,Finance,"Economics, Econometrics and Finance",1.0,2,0,E
1620,4210180600,Annamalai International Journal of Business Studies and Research,0975-749X,Annamalai International Journal of Business Studies and Research,"COMMERCE, MANAGEMENT, TOURISM AND SERVICES",,,15,11,,,3,Economics and Econometrics,"Economics, Econometrics and Finance",0.75,1,1,
1621,2764904267,Tamara Journal for Critical Organization Inquiry,1532-5555,Tamara Journal for Critical Organization Inquiry,Human resources and industrial relations,,,15,265,,,6,Organizational Behavior and Human Resource Management,"Business, Management and Accounting",0.9166666666666666,0,1,
1622,123945047,Rotman International Journal of Pension Management,1916-9833,Rotman International Journal of Pension Management,"Banking, finance and investment",,,14,56,,,5,Accounting,"Business, Management and Accounting",0.7777777777777778,1,1,
1623,4210170365,Organizational Analysis,1551-7470,International Journal of Organizational Analysis,Human resources and industrial relations,,,13,514,International Journal of Organizational Analysis,['MANAGEMENT'],6,Organizational Behavior and Human Resource Management,"Business, Management and Accounting",0.5,0,2,B
1624,2737986789,Essays in economic and business history,0896-226X,Essays in Economic and Business History,Human resources and industrial relations,,,13,1,,,1,Economics and Econometrics,"Economics, Econometrics and Finance",0.8,1,0,
1625,2764876032,International Journal of Finance and Accounting,2168-4812,International Journal of Finance and Accounting,"Accounting, auditing and accountability",,,13,136,,,4,Accounting,"Business, Management and Accounting",1.0,0,1,
1626,5407051845,The Journal of Applied Management Accounting Research,1443-9905,Journal of Applied Management Accounting Research,"Accounting, auditing and accountability",,,12,27,,,5,Management Information Systems,"Business, Management and Accounting",0.9090909090909091,0,1,
1627,131117787,Review of Finance,1572-3097,Review of Finance,"Accounting, auditing and accountability",Review of Finance,F&A,11,7,Review of Finance,"['ECONOMICS' 'BUSINESS, FINANCE']",3,Finance,"Economics, Econometrics and Finance",1.0,2,1,A
1628,5406943506,Bank Parikrama - A Journal of Banking and Finance,1019-7044,Bank Parikrama A Journal of Banking and Finance,"Banking, finance and investment",,,10,0,,,5,Accounting,"Business, Management and Accounting",0.8823529411764706,1,1,
1629,4210182079,The Geneva Papers on Risk and Insurance Theory,0926-4957,The Geneva Risk and Insurance Review,"Banking, finance and investment",Geneva Risk and Insurance Review,F&A,10,2,Geneva Risk and Insurance Review,"['ECONOMICS' 'BUSINESS, FINANCE']",5,Economics and Econometrics,"Economics, Econometrics and Finance",0.9,3,1,A
1630,4306525827,Research and practice in human resource management,0218-5180,Research and Practice in Human Resource Management,Human resources and industrial relations,,,10,212,,,3,Organizational Behavior and Human Resource Management,"Business, Management and Accounting",0.625,0,1,
1631,4393913256,Pesquisa e Planejamento Econômico,0100-0551,Pesquisa e Planejamento Economico,Applied economics,,,9,73,,,4,Economics and Econometrics,"Economics, Econometrics and Finance",0.8181818181818182,2,0,E
1632,4393917278,International papers in political economy,1353-1158,International Papers in Political Economy,"Banking, finance and investment",,,8,9,,,2,"General Economics, Econometrics and Finance","Economics, Econometrics and Finance",0.625,2,0,E
1633,4210228621,Journal of Asia Entrepreneurship and Sustainability,1176-8592,Journal of Asia Entrepreneurship and Sustainability,"COMMERCE, MANAGEMENT, TOURISM AND SERVICES",,,8,251,,,3,Management of Technology and Innovation,"Business, Management and Accounting",0.5555555555555556,0,2,B
1634,4210240072,Small Enterprise Research,1321-5906,Small Enterprise Research,Marketing,,,8,31,Small Enterprise Research,['BUSINESS'],5,Management of Technology and Innovation,"Business, Management and Accounting",1.0,0,2,B
1635,2737709537,GECONTEC,2255-5684,,,,,5,4,Gecontec-Revista Internacional de Gestion del Conocimiento y la Tecnologia,['MANAGEMENT'],2,Economics and Econometrics,"Economics, Econometrics and Finance",0.5714285714285714,1,1,
1636,4210188034,Journal of Management Research,0972-5814,Journal of Management Research,Human resources and industrial relations,,,5,23,,,2,Marketing,"Business, Management and Accounting",0.5714285714285714,0,1,
1637,156143033,Frontiers of Theoretical Economics,1534-5955,The BE Journal in Theoretical Economics,Applied economics,,,2,291,,,1,Accounting,"Business, Management and Accounting",0.75,1,1,
1638,176695132,International journal of government auditing,0047-0724,International Journal of Government Auditing,"Accounting, auditing and accountability",,,2,2,,,1,Accounting,"Business, Management and Accounting",0.6,0,1,
1639,4210240270,International Journal of Applied Business and Economic Research,0972-7302,International Journal of Applied Business and Economic Research,"COMMERCE, MANAGEMENT, TOURISM AND SERVICES",,,2,2,,,1,Accounting,"Business, Management and Accounting",0.75,0,2,B
1640,4210192545,North South Business Review,1991-4938,North South Business Review (NSBR),"Strategy, management and organisational behaviour",,,2,6,,,1,Economics and Econometrics,"Economics, Econometrics and Finance",0.6666666666666666,1,1,
1641,4210209714,Accounting Finance & Governance Review,0791-9638,Irish Accounting Review,"Accounting, auditing and accountability",,,1,0,,,1,Accounting,"Business, Management and Accounting",1.0,0,1,
1642,5406955999,Journal for Advancement of Marketing Education,1537-5137,Journal for Advancement of Marketing Education,Marketing,,,1,1,,,1,Information Systems and Management,Decision Sciences,0.6666666666666666,0,0,
